ticker,name,yandex_count,is_ceo,source_positions,media_score
SBER,Herman Gref,119863.0,False,Director/Board Member,100.0
SVCB,Joel Raymond Lautier,57977.0,False,Director/Board Member,95.26518185258809
SVAV,Adil Shamil Ogly Shirinov,43429.0,False,Chairman,92.75571602105614
RTKM,Dmitriy Chernyshenko,28786.0,False,Director/Board Member,89.18385069224098
YDEX,Ольга Филипук,25617.0,False,Директор по контенту Плюса и Фантеха,88.17082784248385
SBER,Anton Siluanov,24712.0,False,Chairman,87.85843307096182
ROSN,Igor Sechin,24361.0,False,Director/Board Member,87.73418257261021
SBER,Dmitriy Chernyshenko,23944.0,False,Director/Board Member,87.58422075326534
PRMD,Пётр Белый,23409.0,False,председатель совета директоров,87.38795237010102
SBER,Maxim Oreshkin,21579.0,False,Director/Board Member,86.68095351719468
NVTK,Михельсон Леонид Викторович,19088.0,True,Член СД | Генеральный директор,85.61558919473364
FLOT,Вербо Александр Михайлович,18601.0,False,CFO,85.39111863136401
ETLN,Волошин Александр Стальевич,17399.0,False,Член СД,84.81091130019875
ROSN,Alexander Uss,15631.0,False,Director/Board Member,83.88021807042655
MTSS,Regina von Flemming,15368.0,False,Director/Board Member,83.73283948286343
RTKM,Andrey Kostin,15333.0,False,Director/Board Member,83.71303646654827
RASP,Регина Фон Флемминг,14446.0,False,независимый член совета директоров,83.19548119342947
MAGN,Марцинович Валерий Ярославович,14064.0,False,Член СД,82.96272266987937
SMLT,Stanislav Shekshnia,13709.0,False,Director/Board Member,82.74067722851048
SMLT,Oskar Hartmann,13483.0,False,Director/Board Member,82.59630313510003
NLMK,Vladimir Lisin,13325.0,False,Chairman,82.49392452568819
POLY,Vitaly Nesis,13293.0,True,Chief Executive Officer,82.47304185394665
GAZP,Симдякин Вадим Михайлович,12927.0,False,Член Правления,82.23055544441439
NKNC,Марат Инилович Фаляхов,12593.0,True,Генеральный директор; член совета директоров,82.00320255260027
SVCB,Mikhail Kuchment,12567.0,False,Chairman,81.98525222950911
BELU,Белокопытов Николай Владимирович,12465.0,False,Председатель СД+CFO,81.91447130146959
SBER,Lev Khasis,12240.0,False,Director/Board Member,81.75626694647445
SBER,Alexander Kuleshov,12131.0,False,Director/Board Member,81.67857708801661
SBER,Bella Zlatkis,11875.0,False,Director/Board Member,81.4933329946244
MGNT,Meleshina Anna Yurievna,11525.0,False,Director/Board Member,81.23350174673642
AFKS,Волошин Александр Стальевич,11489.0,False,Член СД,81.2063300391963
TGKA,Станишевская Раиса Владимировна,11387.0,False,Executive Committee: главный бухгалтер (Comptroller / Controller / Auditor),81.128878702202
PIKK,Сергей Гордеев,11374.0,False,член совета директоров; президент,81.11895764790391
LSNGP,Краинский Даниил Владимирович,10977.0,False,Член СД,80.81039433824618
OZPH,Мария Ульянова,10719.0,False,Директор по развитию. член СД,80.60382569589164
YDEX,Алексей Кудрин,10641.0,False,Советник по корпоративному развитию Яндекса,80.5403951356255
SGZH,Mikhail Shamolin,10011.0,False,Director/Board Member,80.01034732296651
ROSN,Alexander Novak,8254.0,False,Director/Board Member,78.33427351203099
MTSS,Pavel Voronin,8032.0,False,Chief Tech/Sci/R&D Officer,78.0974875049915
SBER,Sergey Ignatiev,7968.0,False,Director/Board Member,78.02800876257663
OZPH,Ольга Ларина,7926.0,False,Коммерческий директор. член СД,77.98210942980704
ZAYM,Мехтиев Эльман Октай оглу,7886.0,False,независимый директор,77.93816912062543
SMLT,Alexey Kozlov,7841.0,False,Corporate Officer/Principal,77.88846910655734
MTSS,Valentin Yumashev,7736.0,False,Director/Board Member,77.77138438612357
YDEX,Елена Бубнова,7732.0,False,Руководитель Поиска Яндекса,77.766892656434
SMLT,Dmitry Golubkov,7550.0,False,Chairman,77.56002203791816
ENPG,Данилов Александр,7467.0,False,Директор по правовым вопросам,77.46401890148532
SGZH,Oksana Tikhonova,7415.0,False,Human Resources Officer,77.4033271913892
MVID,Сергей Ануфриев,7394.0,False,Директор по проектам,77.37869635671258
SBER,Gennady Melikian,7348.0,False,Director/Board Member,77.32449778472333
NLMK,Stanislav Shekshnia,7305.0,False,Director/Board Member,77.27352623892145
SBER,Mikhail Kovalchuk,7190.0,False,Director/Board Member,77.13571877616727
SBER,Nikolay Kudryavtsev,7040.0,False,Director/Board Member,76.95262004650279
FEES,Краинский Даниил Владимирович,6918.0,False,Член Правления,76.80079990407621
SVAV,Vladislav Baumgertner,6856.0,False,Director/Board Member,76.72261634922286
SMLT,Mikhail Kenin,6835.0,False,Director/Board Member,76.69597446403009
ROSN,Maxim Oreshkin,6786.0,False,Director/Board Member,76.6334904211581
IVAT,Иодковский Эдмунд Феликсович,6575.0,True,"Генеральный директор, Член СД",76.35916976623936
MGNT,Andrey Bodrov,6560.0,False,Chief Investment Officer,76.33933444797412
TRMK,Кузьминов Ярослав Иванович,6406.0,False,Независимый член Совета директоров ПАО «ТМК»,76.13302835185964
LSNGP,Мольский Алексей Валерьевич,6344.0,False,Член СД,76.04856647399919
GAZP,Максимцев Игорь Анатольевич,6310.0,False,Член СД,76.0018975894161
RNFT,Sergey Stepashin,6296.0,False,Director/Board Member,75.9826078687166
ELFV,Рожина Лариса Николаевна,6145.0,False,Руководитель подразделения внутреннего аудита,75.77178530419977
VSEH,Денисенко Сергей,6110.0,False,Руководитель PR-направления ООО «ВсеИнструменты.ру»,75.72217990327562
SFIN,Mikhail Gorbachev,5801.0,False,Corporate Secretary,75.27148910967506
IVAT,Зокин Андрей Александрович,5756.0,False,Член СД,75.20385926818709
YDEX,Александр Чачава,5720.0,False,Неисполнительный директор,75.14937368172312
MOEX,Dmitry Shcheglov,5697.0,False,Chief Operating Officer,75.11438365487071
TGKB,Грабчак Евгений Петрович,5432.0,False,Председатель Совета директоров (с 28.06.2024; избран в Совет директоров 11.06.2024),74.70072921676986
MOEX,Sergey Lykov,5270.0,False,Director/Board Member,74.4377956687746
TTLK,Минниханов Рифкат Нургалиевич,5235.0,False,Член Совета директоров ПАО «Таттелеком» с 15 мая 2024 года; президент Академии наук Республики Татарстан,74.37992815231267
AFLT,Ликсутов Максим Станиславович,5192.0,False,Член СД,74.30830190885288
MTSS,Ruslan Sultanovich Ibragimov,5177.0,False,General Counsel,74.28317640075244
GLTR,Кайрат Итемгенов,5087.0,False,Член СД,74.13087766386688
YDEX,Роман Маресов,5063.0,False,Руководитель e-commerce-сервисов Яндекса,74.08980958691681
VSMO,Ледер Олег Оттович,5058.0,False,Заместитель генерального директора по маркетингу и сбыту,74.08122924235492
MGNT,Dmitry Ivanov,5041.0,False,Director of Finance/CFO,74.05199250638671
SGZH,Andrey Frolov,4904.0,False,Director/Board Member,73.8127161217293
MSRS,Irina Alekhina,4799.0,False,Investor Relations Contact,73.6247607981768
ALRS,Силуанов Антон Германович,4781.0,False,Председатель СД,73.59212751460494
SPBE,Pavel Vladimirovich Sokolov,4725.0,False,Director/Board Member,73.48981051380781
SVCB,Mikhail Olegovich Avtukhov,4702.0,False,Corporate Officer/Principal,73.44743577960843
SMLT,Alexander Prygunkov,4693.0,False,Director/Board Member,73.4307979243897
MRKV,Alexander Ilyich Gavrilov,4573.0,True,Chief Executive Officer,73.20585961993076
SNGS,Vladimir Bogdanov,4536.0,True,Chief Executive Officer,73.13531206111303
GAZP,Патрушев Дмитрий Николаевич,4523.0,False,Член СД,73.11038842250933
DELI,Гюванч Донмез,4512.0,False,Член СД,73.08924318621033
GAZP,Мантуров Денис Валентинович,4447.0,False,Член СД,72.96323219673864
EUTR,Шемякин Борис Олегович,4414.0,False,Член СД,72.8985508397116
OZPH,Артем Бездухов,4377.0,False,Директор по персоналу,72.82545188957074
NKHP,Ksenia Bolomatova,4313.0,False,Director/Board Member,72.69753967136559
SGZH,Ali Uzdenov,4268.0,False,Compensation Committee,72.60646003122437
YDEX,Александр Аникин,4240.0,False,Руководитель направления Ridetech; генеральный директор ООО «Яндекс.Такси»,72.54930243398584
VTBR,Костин Андрей Леонидович,4230.0,True,Член Наблюдательного совета Банка ВТБ (ПАО); исполнительный директор; Президент – Председатель Правления Банка ВТБ (ПАО),72.5287975092278
OKEY,Андрей Кришнев,4210.0,True,Генеральный директор,72.48764186675437
GAZP,Миллер Алексей Борисович,4208.0,True,"CEO, член СД",72.48351555689356
MOEX,Yuriy Denisov,4198.0,True,Chief Executive Officer,72.46285455263775
RTKM,Alexey Yakovitsky,4118.0,False,Director/Board Member,72.29577304413174
OZPH,Андрей Горшков,4110.0,False,Директор по экспорту и управлению брендовым портфелем. член СД,72.27888675527754
MSNG,Elena Mikhailova,3992.0,False,Chairman,72.02592364327717
RASP,Александр Фролов,3966.0,False,член совета директоров; совладелец,71.96918149815879
GAZP,Новак Александр Валентинович,3955.0,False,Член СД,71.94506316812742
SELG,Aleksandr Khrushch,3927.0,False,Chairman,71.88336714551103
NVTK,Андрей Акимов,3858.0,False,Член СД,71.72943326834533
MAGN,Осеевский Михаил Эдуардович,3848.0,False,Член СД,71.70689593838479
SNGS,Valery Nikolaevich Egorov,3786.0,False,Director/Board Member,71.5658439414251
VTBR,Осеевский Михаил Эдуардович,3742.0,False,Член Наблюдательного совета Банка ВТБ (ПАО); независимый директор,71.46433446946658
IVAT,Смирнов Максим Сергеевич,3729.0,False,Член СД,71.43411458960041
PLZL,Михаил Гордин,3714.0,False,независимый член совета директоров; ректор,71.3991143457592
FEES,Мольский Алексей Валерьевич,3703.0,False,Член Правления,71.37335756639722
TATN,Маганов Наиль Ульфатович,3700.0,True,Член Совета директоров; Executive Committee (MarketScreener): генеральный директор / CEO,71.36631971421447
VTBR,Каганов Вениамин Шаевич,3688.0,False,Член Наблюдательного совета Банка ВТБ (ПАО); независимый директор,71.33811114134984
AFLT,Прокофьев Станислав Евгеньевич,3586.0,False,Член СД,71.09456578187287
AFKS,Кузьминов Ярослав Иванович,3557.0,False,Член СД,71.02405718455434
SELG,Konstantin Beyrit,3527.0,False,Director/Board Member,70.95050990267389
MTLR,Ekaterina Silayeva,3520.0,False,Human Resources Officer,70.9332588898659
RTKM,Mikhail Eduardovitch Oseevskiy,3515.0,True,Chief Executive Officer,70.92091572721799
ENPG,Джеймс Шваб,3513.0,False,Член СД,70.91597354666152
FLOT,Франк Сергей Оттович,3491.0,False,Председатель СД,70.86142315152829
DELI,Саволайнен Ольга Викторовна,3447.0,False,Член СД,70.75128368957658
YDEX,Андрей Себрант,3446.0,False,Директор по стратегическому маркетингу,70.7487642168704
OZPH,Наталья Андреева,3385.0,False,"Член СД, независимый директор",70.59367775887549
FIXP,Миронова Елена,3349.0,False,Руководитель по работе с инвесторами и СМИ,70.50083490479594
SMLT,Andrey Ivanenko,3279.0,False,Director/Board Member,70.31741579760764
ENPG,Бахтина Ирина,3224.0,False,Директор по устойчивому развитию,70.17053343037955
AFKS,Шохин Александр Николаевич,3218.0,False,Член СД,70.1543585987153
AFLT,Никитин Андрей Сергеевич,3216.0,False,Член СД,70.14896028773131
ZAYM,Родионов Станислав Николаевич,3210.0,False,"член Совета директоров, директор по информационной безопасности",70.13274519510615
RTKM,Dmitriy Kurakin,3178.0,False,Chief Administrative Officer,70.0457497176345
MAGN,Рашников Виктор Филиппович,3172.0,False,Член СД,70.02934061559996
MRKV,Maria Tikhonova,3151.0,False,Director/Board Member,69.97166340003962
SBER,Anastasia Belyanina,3116.0,False,Investor Relations Contact,69.87467535346839
GAZP,Аксютин Олег Евгеньевич,3107.0,False,Член Правления,69.84955953232434
AFLT,Семёнов Андрей Викторович,3078.0,False,Первый зам. ген. дир. по производству,69.76813317853644
SELG,Sergey Tatarinov,3018.0,False,Chairman,69.5972018094028
TRNFP,Новак Александр Валентинович,3007.0,False,Председатель Совета директоров ПАО «Транснефть»; Заместитель Председателя Правительства Российской Федерации,69.56549621487193
VSEH,Гришков Сергей,2983.0,False,Руководитель корпоративных финансов и IR ООО «ВсеИнструменты.ру»,69.49591601292876
MTLR,Alexey Lukashov,2975.0,False,Investor Relations Contact,69.47259819464645
SVAV,Nikolay Sobolev,2964.0,False,Director/Board Member,69.4404336391129
PRMD,Александр Игоревич Ефремов,2952.0,True,член совета директоров | Генеральный директор,69.40520865500473
VKCO,Багудина Елена Геннадьевна,2916.0,True,Генеральный директор МКПАО «ВК»; единоличный исполнительный орган в 2024 году,69.29866839067704
OZPH,Дмитрий Коваленко,2915.0,False,Директор по связям с инвесторами,69.29569020374794
SMLT,Dmitry Volkov,2914.0,False,Corporate Officer/Principal,69.29271099531755
TGKA,Осин Никита Юрьевич,2902.0,False,Член Совета директоров (состав избран 24.06.2024),69.25688056117212
VKCO,Фролов Антон,2855.0,False,"Вице-президент по искусственному интеллекту, контентным и рекомендательным сервисам VK",69.1151040297663
AFLT,Чемезов Сергей Викторович,2847.0,False,Член СД,69.09073968814243
IVAT,Петров Виктор Александрович,2830.0,False,Член СД,69.03873742131648
VTBR,Решетников Максим Геннадьевич,2826.0,False,Член Наблюдательного совета Банка ВТБ (ПАО); неисполнительный директор,69.02645621447209
AFLT,Савельев Виталий Геннадьевич,2782.0,False,Председатель СД,68.89020428970888
RNFT,Aleksey Kuzmenkov,2779.0,False,Director/Board Member,68.88083608952662
FIXP,Погонин Владимир Петрович,2769.0,True,CEO,68.84953557964121
SNGS,Vladimir Erokhin,2747.0,False,Chairman,68.78027482626132
SPBE,Sergei Kalinin,2743.0,False,Chief Operating Officer,68.76762241019503
EUTR,Панкратьева Наталья Михайловна,2743.0,False,Член СД,68.76762241019503
AFKS,Вьюгин Олег Вячеславович,2736.0,False,Член СД,68.7454362369738
OZPH,Евгения Тетерина,2736.0,False,Директор по качеству,68.7454362369738
AFLT,Моисеев Алексей Владимирович,2733.0,False,Член СД,68.7359105016813
YDEX,Александр Крайнов,2715.0,False,Директор по развитию технологий искусственного интеллекта,68.67853565904943
VSEH,Куприянов Иван,2701.0,False,Директор по закупкам ООО «ВсеИнструменты.ру»,68.63364727958974
RASP,Алексей Иванов,2696.0,True,член совета директоров; генеральный директор,68.61755932890107
AFLT,Шадаев Максут Игоревич,2670.0,False,Член СД,68.53341823335437
RTKM,Kirill Alexandrovich Dmitriev,2666.0,False,Director/Board Member,68.52040079803118
VKCO,Куприянов Сергей,2662.0,False,Председатель Совета директоров МКПАО «ВК»; неисполнительный директор,68.50736382433618
MRKZ,Сергей Сергеевич Пикин,2637.0,False,Член совета директоров,68.4254363909252
UGLD,Струков Константин Иванович,2634.0,False,Президент ООО «Управляющая Компания «ЮГК» — управляющей организации ПАО «ЮГК»; единоличный исполнительный орган,68.41555296627418
SGZH,Sergey Shishkin,2624.0,False,Director/Board Member,68.38252675882843
HNFG,Нахапетян Гор Борисович,2609.0,False,Член СД,68.33275079398916
YDEX,Андрей Гевак,2563.0,False,Генеральный директор Яндекс Плюса,68.17830119831169
YDEX,Александр Ивлев,2552.0,False,Независимый директор,68.14095710989761
TRMK,Пышминцев Игорь Юрьевич,2550.0,False,Директор по научной работе ПАО «ТМК»; генеральный директор Научно-технического центра ТМК,68.13414999192095
VTBR,Шадаев Максут Игоревич,2519.0,False,Член Наблюдательного совета Банка ВТБ (ПАО); неисполнительный директор,68.02795172759822
YDEX,Тембот Керефов,2511.0,False,Руководитель Яндекс Доставки в России,68.00033363725916
AQUA,Василенко Анна Геннадьевна,2505.0,False,Член СД,67.97956228716028
ROSN,Vladimir Litvinenko,2494.0,False,Director/Board Member,67.94135198637471
LSNGP,Рюмин Андрей Валерьевич,2488.0,False,Член СД,67.92043893752316
AQUA,Аюпова Сайёра Якуповна,2486.0,False,Член СД,67.91345671681466
FEES,Рюмин Андрей Валерьевич,2486.0,True,CEO,67.91345671681466
OKEY,ILYA ILIN,2469.0,False,Non-executive Director,67.85388012835656
ALRS,Николаев Айсен Сергеевич,2433.0,False,Член СД,67.72635265181258
TRNFP,Ревель-Муроз Павел Александрович,2430.0,False,Член Правления ПАО «Транснефть»; вице-президент ПАО «Транснефть»,67.71564036010291
PRMD,Кира Заславская,2418.0,False,член совета директоров,67.67265858780709
LSNGP,Полинов Алексей Александрович,2416.0,False,Член СД,67.66547423496273
VTBR,Моисеев Алексей Владимирович,2416.0,False,Член Наблюдательного совета Банка ВТБ (ПАО); неисполнительный директор,67.66547423496273
MTSS,Vyacheslav Nikolayev,2379.0,False,Director/Board Member,67.53148048432486
GAZP,Зубков Виктор Алексеевич,2373.0,False,Председатель СД,67.50955565460964
PIKK,Дмитрий Тимофеев,2369.0,False,член совета директоров; вице-президент по работе с органами государственной власти и корпоративным отношениям,67.49490829516274
VTBR,Лозовой Алексей,2358.0,False,Член Правления Банка ВТБ (ПАО); до избрания в Правление — руководитель юридического департамента,67.4545002277704
AKRN,Дынкин Александр Александрович,2332.0,False,Член СД,67.35823626954694
OZPH,Дилшод Абдурасулов,2332.0,False,"Член СД, исполнительный директор",67.35823626954694
SMLT,Igor Evtushevskiy,2328.0,False,Director/Board Member,67.34333127731175
PHOR,Иванов Алексей Юрьевич,2300.0,False,директор филиала,67.23827397124217
TRNFP,Салыгин Валерий Иванович,2299.0,False,"Независимый директор, член Совета директоров ПАО «Транснефть»; директор Международного института энергетической политики и дипломатии МГИМО МИД России",67.23449832150062
PLZL,Алексей Востоков,2231.0,True,член совета директоров; генеральный директор,66.97382563287587
SNGS,Aleksandr Bulanov,2230.0,False,Director/Board Member,66.96993323662268
TGKB,Зварыч Ольга Владимировна,2214.0,False,Правление: член Правления; начальник управления социально-трудовых отношений и подготовки персонала (с 15.08.2024); директор по персоналу и административным вопросам (до 14.08.2024),66.90741649642878
GAZP,Маркелов Виталий Анатольевич,2190.0,False,"Член СД, член Правления",66.81278951865265
TGKB,Костенко Глеб Александрович,2181.0,False,Член Совета директоров (избран 11.06.2024),66.77703692353916
PIKK,Алексей Карпенко,2175.0,False,член совета директоров,66.75311983978955
PLZL,Андрей Скорочкин,2170.0,False,независимый член совета директоров; руководитель консалтингового подразделения,66.73313850571058
SPBE,Mikhail Ivanov,2154.0,False,Sales & Marketing,66.66888758236456
UGLD,Яковлев Дмитрий,2154.0,False,Начальник отдела по связям с инвесторами ПАО «ЮГК»; директор по связям с инвесторами ЮГК,66.66888758236456
EUTR,Сигова Мария Викторовна,2142.0,False,Член СД,66.62038555539424
TRNFP,Токарев Николай Петрович,2133.0,True,"Член Совета директоров ПАО «Транснефть»; Председатель Правления, Президент ПАО «Транснефть»",66.58383046807788
SOFL,Александр Минин,2129.0,True,Генеральный директор,66.56753424923825
APTK,Кузин Александр Владимирович,2126.0,False,CEO+Член СД,66.55529198915153
SFIN,Lotarev Pavel Viktorovich,2117.0,False,Director/Board Member,66.5184613385168
SGZH,Vladimir Sergeyevich Travkov,2097.0,False,Audit Committee,66.43605197181776
TGKB,Федоров Денис Владимирович,2090.0,False,Член Совета директоров (избран 11.06.2024),66.40702297623456
VKCO,Чудаков Дмитрий,2048.0,False,Член Совета директоров МКПАО «ВК»; неисполнительный директор,66.23078164098554
BSPB,Савельев Александр Васильевич,2046.0,True,CEO+Председатель правления,66.22229933357934
IRAO,Сечин Игорь Иванович,2037.0,False,Член СД,66.18402610698094
TRNFP,Сорокин Павел Юрьевич,2032.0,False,Член Совета директоров ПАО «Транснефть»; первый заместитель Министра энергетики Российской Федерации,66.16269010486567
SGZH,Rovshan Aliyev,2031.0,False,Chief Investment Officer,66.15841660805442
MSNG,Vitaly Markelov,2030.0,False,Chairman,66.15414100762665
MVID,Владислав Ушаков,2020.0,False,Директор по розничным продажам,66.1112688470747
VTBR,Дергунова Ольга Константиновна,2014.0,False,Заместитель Президента – Председателя Правления Банка ВТБ (ПАО),66.08544360874258
MAGN,Шиляев Павел Владимирович,2008.0,True,"Генеральный директор, Член СД",66.0595413566633
SGZH,Anastasia Anatolyevna Poletaeva,2002.0,False,Investor Relations Contact,66.03356163013542
CHMF,Мордашов Алексей Александрович,1982.0,False,Председатель СД,65.9463970040798
RASP,Николай Иванов,1980.0,False,член совета директоров; финансовый директор,65.93763223835765
TTLK,Шагиахметов Сергей Равилевич,1976.0,False,Заместитель генерального директора ПАО «Таттелеком» по коммерческой деятельности,65.9200761291091
WUSH,Соловьева Юлия,1969.0,False,"Независимый директор, член Совета директоров ПАО «ВУШ Холдинг»",65.8892672928276
ALRS,Рюмин Андрей Валерьевич,1965.0,False,Член СД,65.87161305485228
SOFL,Алексей Бутаков,1960.0,False,Директор по цифровой трансформации и эффективности продаж,65.84949467749732
BELU,Ордовский-Танаевский Бланко Ростислав,1951.0,False,Член СД,65.80953910545989
MRKC,Yuliya Sharkova,1950.0,False,Corporate Officer/Principal,65.80508823060275
NLMK,Sergey Karataev,1942.0,True,Chief Executive Officer,65.76939888570726
VTBR,Григоренко Дмитрий Юрьевич,1941.0,False,Председатель Наблюдательного совета Банка ВТБ (ПАО); неисполнительный директор,65.76492738903521
GLTR,Альбина Амангельдинова,1927.0,False,Член СД,65.70208352351693
TTLK,Нафигин Альберт Ильдарович,1926.0,False,Член Совета директоров ПАО «Таттелеком»; помощник Президента Республики Татарстан,65.69757722920384
VKCO,Яковлева Наталья,1924.0,False,Член Совета директоров МКПАО «ВК»; независимый директор,65.68855762081947
OKEY,DMITRIY KORZHEV,1923.0,False,Non-executive Director,65.68404430188517
SPBE,Sergey Mikhaylovich Rybakov,1914.0,False,Director/Board Member,65.64331854931588
ETLN,Щербина Геннадий Филиппович,1912.0,False,Член СД,65.63424239165236
VTBR,Диркс Наталья Германовна,1910.0,False,Член Правления Банка ВТБ (ПАО); руководитель Департамента операционной поддержки бизнеса – старший вице-президент,65.62515674009838
RNFT,Evgeniy Tolochek,1906.0,False,President,65.60695687572634
GAZP,Мартынов Виктор Георгиевич,1905.0,False,Член СД,65.60240094480959
MRKC,Vitaly Yuryevich Zarkhin,1899.0,False,Director/Board Member,65.57501506160698
DATA,Бушуева Екатерина,1870.0,False,IRO,65.44141890859017
RASP,Андрей Давыдов,1862.0,True,член совета директоров; генеральный директор,65.40420028884233
RUAL,Anna Vasilenko,1857.0,False,Director/Board Member,65.3808574043452
IRAO,Дрегваль Сергей Георгиевич,1850.0,True,"Генеральный директор, Член СД",65.34807161472807
SOFL,Андрей Благоразумов,1844.0,False,Директор Управления развития продаж,65.31987067406648
TTLK,Нурутдинов Айрат Рафкатович,1835.0,True,Член Совета директоров ПАО «Таттелеком»; генеральный директор ПАО «Таттелеком»,65.27739683836148
UPRO,Ермиличев Дмитрий Валерьевич,1820.0,False,Директор по связям с общественностью и органами власти ПАО «Юнипро» в 2024 году,65.20614227884603
TRNFP,Андронов Сергей Александрович,1817.0,False,Член Правления ПАО «Транснефть»; вице-президент ПАО «Транснефть»,65.19182095310589
PHOR,Круговых Юрий Николаевич,1804.0,False,первый заместитель генерального директора; заместитель генерального директора по информационной политике,65.12948755436229
MGNT,Dulichenko Natalia Anatoliyevna,1801.0,False,Director/Board Member,65.11503917493926
PHOR,Пронин Сергей Александрович,1788.0,False,первый заместитель генерального директора,65.05215030805014
SPBE,Jacques der Megredichyan,1782.0,False,Chairman,65.02297038555501
AFLT,Бадеха Вадим Александрович,1781.0,False,Член СД,65.01809752029753
AQUA,Кащеев Роман Витальевич,1778.0,False,Член СД,65.00346250067066
YDEX,Дмитрий Литвинов,1775.0,False,Генеральный директор BandLink,64.98880278057702
FEES,Полинов Алексей Александрович,1769.0,False,Член Правления,64.95940890449258
NVTK,Виктор Нестеренко,1767.0,False,Член СД,64.94958879932712
GAZP,Куприянов Сергей Владимирович,1755.0,False,Член Правления,64.89043386856878
GAZP,Меньшиков Сергей Николаевич,1749.0,False,Член Правления,64.86070463671534
TGKA,Федоров Денис Владимирович,1738.0,False,Член Совета директоров (состав избран 24.06.2024),64.80593535061546
TRNFP,Гришанин Максим Сергеевич,1735.0,False,Член Правления ПАО «Транснефть»; первый вице-президент ПАО «Транснефть»,64.79093814039703
UPRO,Некипелов Александр Дмитриевич,1725.0,False,Член Совета директоров ПАО «Юнипро»,64.74075959475569
DIAS,Лебедев Дмитрий Владимирович,1716.0,False,Член Ревизионной комиссии,64.69534970983253
MRKU,Даниил Владимирович Краинский,1715.0,False,Председатель совета директоров ПАО «Россети Урал»,64.69028948126316
NLMK,Oleg Bagrin,1714.0,False,Director/Board Member,64.68522630298301
NLMK,Dmitry Kholkin,1713.0,False,Chief Tech/Sci/R&D Officer,64.6801601715512
MOEX,Bella Zlatkis,1709.0,False,Director/Board Member,64.65986604527784
VSEH,Гребенюк Михаил Сергеевич,1708.0,False,Член Совета директоров ПАО «ВИ.ру»; независимый директор; член Комитета по аудиту; член Комитета по вознаграждениям и номинациям,64.65478509626273
TATN,Гамиров Дамир Маратович,1698.0,False,Executive Committee (MarketScreener): корпоративный секретарь,64.60381146350383
ALRS,Багынанов Павел Николаевич,1696.0,False,Член СД,64.59358074136267
VTBR,Гаврилов Сергей Анатольевич,1693.0,False,Член Наблюдательного совета Банка ВТБ (ПАО); независимый директор,64.57821202825194
TTLK,Шафигуллин Лутфулла Нурисламович,1681.0,False,Член Совета директоров ПАО «Таттелеком» до 15 мая 2024 года,64.51646379122963
POSI,Алексей Вячеславович Андреев,1675.0,False,член совета директоров,64.48542427483736
AKRN,Корнышев Олег Александрович,1672.0,False,Член СД,64.46986282171653
PRMD,Юрий Троянкин,1667.0,False,член совета директоров,64.4438649510844
PIKK,Юрий Ильин,1661.0,False,член совета директоров; вице-президент по рынкам капитала и корпоративным финансам,64.41256444119898
NVTK,Александр Наталенко,1659.0,False,председатель совета директоров,64.40210582212244
AQUA,Соснов Илья Геннадьевич,1658.0,True,CEO,64.39687178635475
AFLT,Пахомов Роман Викторович,1651.0,False,Член СД,64.36014495745516
ETLN,Егоров Сергей Валерьевич,1649.0,False,Председатель СД,64.34962299118523
VSEH,Грунин Дмитрий,1645.0,False,Директор по электронной коммерции ПАО «ВИ.ру» с 25 июля 2024 года; руководитель направления продаж и маркетинга,64.32854074274384
YDEX,Даниил Шулейко,1642.0,False,Директор бизнес-группы E-commerce и Ridetech,64.31269540768308
ENPG,Плугарь Андрей Георгиевич,1640.0,False,Член СД,64.30211576923301
YDEX,Павел Алёшин,1639.0,False,Генеральный директор Авто.ру,64.29682111372396
AFKS,Евтушенков Владимир Петрович,1622.0,False,Председатель СД,64.20631462790719
TRMK,Чикалов Сергей Геннадьевич,1618.0,True,Генеральный директор ПАО «ТМК»; председатель Правления; член Совета директоров,64.18488122506675
VSMO,Чемезов Сергей Викторович,1618.0,False,Председатель Совета директоров ПАО «Корпорация ВСМПО-АВИСМА»,64.18488122506675
LSNGP,Ляпунов Евгений Викторович,1617.0,False,Член СД,64.1795146001857
RASP,Марат Атнашев,1616.0,False,член совета директоров; директор по управлению активами,64.17414465745291
OKEY,BORIS VOLCHEK,1613.0,False,Non-executive Director,64.158014881056
YDEX,Дмитрий Субботин,1604.0,False,Руководитель Яндекс Афиши,64.1094450503398
KZOS,Сафин Айрат Фоатович,1601.0,True,Генеральный директор,64.09319456460128
MTSS,Alexey Katunin,1599.0,False,Director of Finance/CFO,64.08234399218003
ROSN,Yegor Filippov,1596.0,False,Corporate Officer/Principal,64.06604267599026
NKNC,Марина Владимировна Медведева,1588.0,False,Член совета директоров,64.02242233525617
TTLK,Белобородов Сергей Александрович,1584.0,False,Заместитель генерального директора ПАО «Таттелеком» по операционной деятельности и режиму,64.00052974119954
BSPB,Иванникова Елена Викторовна,1582.0,False,Председатель СД,63.98956271689704
ALRS,Иванов Сергей Сергеевич,1575.0,False,Член СД,63.95106871615595
DVEC,Стороженко Виталий Анатольевич,1572.0,False,Член СД,63.93451891992586
ZAYM,Повалий Михаил Сергеевич,1563.0,False,"председатель Совета директоров, независимый директор",63.88467948522647
ABIO,Исаев Андрей Александрович,1543.0,False,Член СД,63.77289052784241
TRMK,Каплунов Андрей Юрьевич,1541.0,False,Вице-президент ПАО «ТМК»; член Совета директоров,63.76163209192572
TGKA,Коробкина Ирина Юрьевна,1541.0,False,Член Совета директоров (состав избран 24.06.2024),63.76163209192572
GAZP,Середа Михаил Леонидович,1535.0,False,Член СД,63.727768960949824
NVTK,Лев Феодосьев,1520.0,False,Член СД,63.64252900213803
GAZP,Акимов Андрей Игоревич,1519.0,False,Член СД,63.63681648493533
KAZT,Ардамаков Сергей Витальевич,1495.0,False,Член СД,63.49857671668166
GMKN,Потанин Владимир Олегович,1493.0,False,Президент,63.48695680579329
YDEX,Александр Балахнин,1493.0,False,Финансовый директор Яндекса,63.48695680579329
YDEX,Павел Кушелев,1484.0,False,Директор по PR-проектам,63.4344739748561
YDEX,Игорь Богачёв,1477.0,False,Коммерческий директор Яндекса,63.39343361861463
IRAO,Локшин Александр Маркович,1467.0,False,Член СД,63.334466100257806
IRAO,Федоров Денис Владимирович,1460.0,False,Член СД,63.29294934340353
AFKS,Маслов Алексей Александрович,1448.0,False,Член СД,63.221312796363485
AFKS,Ситдеков Тагир Алиевич,1443.0,False,Президент (CEO) + Член СД,63.19128897769062
TGKA,Бикмурзин Альберт Фяритович,1436.0,False,Член Совета директоров (состав избран 24.06.2024),63.14908051236436
VTBR,Прокофьев Станислав Евгеньевич,1435.0,False,Член Наблюдательного совета Банка ВТБ (ПАО); независимый директор,63.14303395305742
UPRO,Иванова Оксана Николаевна,1434.0,False,Начальник Управления международной финансовой отчетности и внутреннего контроля ПАО «Юнипро»,63.136983181587624
TRNFP,Дмитриев Кирилл Александрович,1434.0,False,Член Совета директоров ПАО «Транснефть»; генеральный директор АО «УК РФПИ»,63.136983181587624
LKOH,Кочкуров Сергей Алексеевич,1432.0,True,Генеральный директор,63.124868978656494
TTLK,Минниханов Расуль Рифкатович,1425.0,False,Заместитель генерального директора ПАО «Таттелеком» по развитию с сентября 2024 года,63.082335717970274
IVAT,Батыров Ренат Рафикович,1424.0,False,Член СД,63.076242499836404
ELFV,Верещагин Михаил Игоревич,1422.0,False,Член Правления,63.06404322522761
FEES,Новак Александр Валентинович,1413.0,False,Председатель СД,63.00893346062702
TTLK,Алексеев Сергей Владимирович,1406.0,False,Член Совета директоров ПАО «Таттелеком»; первый заместитель генерального директора АО «Связьинвестнефтехим»,62.96582725754572
NVTK,Валерий Крюков,1405.0,False,Член СД,62.95965172789088
OGKB,Шацкий Павел Олегович,1396.0,False,неисполнительный,62.90387348494653
FEES,Муров Андрей Евгеньевич,1394.0,False,Член Правления,62.89142952566385
OZPH,Сергей Тахиев,1390.0,False,"Член СД, независимый директор",62.86648799497628
SPBE,Dmitry Anatolevich Panchenko,1387.0,False,Director/Board Member,62.84773473380087
AQUA,Васильков Дмитрий Олегович,1381.0,False,Член СД,62.81010630487122
IRAO,Муров Андрей Евгеньевич,1379.0,False,Член СД,62.79752718305838
RENI,Гадлиба Юлия Олеговна,1378.0,True,Генеральный директор,62.79123078401961
HYDR,Хмарин Виктор Викторович,1378.0,True,Генеральный директор,62.79123078401961
AKRN,Данильченко Нина Викторовна,1375.0,False,Член СД,62.77231415492315
ZAYM,Макаров Роман Сергеевич,1375.0,True,"член Совета директоров, генеральный директор",62.77231415492315
PRMD,Игорь Маев,1370.0,False,независимый член совета директоров,62.74069460018782
OGKB,Зайцев Сергей Артурович,1370.0,False,неисполнительный,62.74069460018782
TRMK,Попов Михаил Владимирович,1361.0,False,Член Совета директоров ПАО «ТМК»,62.68348770562192
EUTR,Алексеенков Сергей Олегович,1361.0,False,Член СД,62.68348770562192
VSEH,Иванов Павел Андреевич,1344.0,False,Член Совета директоров ПАО «ВИ.ру»; неисполнительный директор; генеральный директор ООО «Вирент»,62.57439133561456
SMLT,Anna Akinshina,1343.0,True,Chief Executive Officer,62.56793102881347
RTKM,Anton Andreyevich Zlatopolskiy,1339.0,False,Director/Board Member,62.54204164424062
TGKA,Иванников Александр Сергеевич,1330.0,False,Член Совета директоров (состав избран 24.06.2024),62.4835068372804
DVEC,Борисенко Вера Валентиновна,1325.0,False,Член СД,62.450816237556545
SGZH,Denis Martyanov,1308.0,False,Director/Board Member,62.33873878454533
OGKB,Рогов Александр Владимирович,1307.0,False,неисполнительный,62.33210073906088
VKCO,Карпов Антон,1304.0,False,Вице-президент по информационной безопасности VK,62.31215611010551
AFLT,Каменской Игорь Александрович,1303.0,False,Член СД,62.305497710320914
TGKA,Рогов Александр Владимирович,1302.0,False,Член Совета директоров (состав избран 24.06.2024),62.29883420244241
IRAO,Опадчий Фёдор Юрьевич,1300.0,False,Член СД,62.28549183101141
PRMD,Михаил Малиновский,1294.0,False,неисполнительный член совета директоров,62.245341302999236
LSNGP,Кузьмин Игорь Анатольевич,1289.0,True,"Генеральный директор, Член СД",62.211740169824225
TTLK,Сорокин Валерий Юрьевич,1286.0,False,Председатель Совета директоров ПАО «Таттелеком»; генеральный директор АО «Связьинвестнефтехим»,62.19151691949259
T,Станислав Викторович Близнюк,1285.0,False,Chairman,62.18476535903322
SMLT,Vitaly Rudenko,1283.0,False,Corporate Officer/Principal,62.171246473668134
MTLR,Alexey Viktorovich Lebedev,1283.0,False,Chief Operating Officer,62.171246473668134
KAZT,Герасименко Виктор Иванович,1281.0,False,Член СД,62.15770651442802
ABIO,Исаев Артур Александрович,1277.0,False,Председатель СД,62.13056311079602
OKEY,DMITRIY TROITSKIY,1277.0,False,Non-executive Director,62.13056311079602
DATA,Пустовой Максим Владимирович,1275.0,True,CEO,62.11695953386712
LSNGP,Пикин Сергей Сергеевич,1273.0,False,Член СД,62.103334617985276
SELG,Sergey Ryzhov,1272.0,False,Director/Board Member,62.096514136995914
VTBR,Андресов Юрий Николаевич,1268.0,False,Член Правления Банка ВТБ (ПАО); куратор офлайн-каналов розничных продаж; заместитель Президента – Председателя Правления Банка «Открытие» в 2024 году,62.06917852956019
TRNFP,Сазанов Алексей Валерьевич,1261.0,False,Член Совета директоров ПАО «Транснефть»; статс-секретарь — заместитель Министра финансов Российской Федерации,62.021133227559815
SOFL,Елена Типисова,1260.0,False,Директор по маркетингу,62.01424786683966
ENPG,Санарова Ольга,1253.0,False,Директор по связям с общественностью,61.965896907268885
VKCO,Анисимов Никита,1252.0,False,Член Совета директоров МКПАО «ВК»; независимый директор,61.95896760327661
ALRS,Маринычев Павел Алексеевич,1252.0,True,CEO+Председатель правления,61.95896760327661
GAZP,Илюхина Елена Анатольевна,1249.0,False,Член Правления,61.93814646163966
MDMG,Курцер Марк Аркадьевич,1239.0,True,"Генеральный директор, Член СД",61.86837996532135
TRNFP,Щурова Елена Владимировна,1236.0,False,Директор департамента управления персоналом ПАО «Транснефть»,61.8473402729338
MVID,Екатерина Ярина,1234.0,False,Финансовый директор,61.83328544447289
TATN,Тахаутдинов Шафагат Фахразович,1231.0,False,Член Совета директоров (избран 27.06.2024),61.81216046747616
CHMF,Шевелёв Александр Анатольевич,1231.0,False,CEO+Член СД,61.81216046747616
PLZL,Владимир Полин,1231.0,False,член совета директоров; старший вице-президент по операционной деятельности,61.81216046747616
WUSH,Синявский Александр,1229.0,False,Финансовый директор Whoosh,61.798048551953386
HEAD,Машков Валентин Сергеевич,1229.0,False,Член СД,61.798048551953386
DVEC,Коптяков Станислав Сергеевич,1228.0,False,Член СД,61.79098398703068
TRMK,Петросян Тигран Ишханович,1214.0,False,Член Совета директоров ПАО «ТМК»,61.69147197442282
SOFL,Наталья Лиходиевская,1203.0,False,Директор по персоналу,61.6124762227868
PIKK,Зумруд Рустамова,1201.0,False,независимый член совета директоров,61.598035850227795
DELI,Чарухин Денис Юрьевич,1199.0,False,Председатель СД,61.58357143040946
MSRS,Anatoliy Gavrilenko,1198.0,False,Director/Board Member,61.57633017772356
ALRS,Фрадков Пётр Михайлович,1193.0,False,Член СД,61.5400330831407
TRMK,Ширяев Александр Георгиевич,1191.0,False,Член Совета директоров ПАО «ТМК»,61.52547166800586
AFLT,Александровский Сергей Владимирович,1187.0,False,CEO+Председатель правления+Член СД,61.496275398184444
SPBE,Ivan Tyryshkin,1185.0,False,Director/Board Member,61.48164037855757
SVCB,Aleksey Fisun,1185.0,False,Director/Board Member,61.48164037855757
OGKB,Бикмурзин Альберт Фяритович,1179.0,False,неисполнительный,61.43758678237948
ETLN,Бузулуцкий Михаил Игоревич,1163.0,True,"CEO, член СД",61.319006345531506
MSNG,Denis Fedorov,1162.0,False,Director/Board Member,61.31154104030734
YDEX,Кирилл Лунёв,1157.0,False,Генеральный директор Яндекс Драйва,61.27411796607182
ETLN,Оглоблина Марина Евгеньевна,1149.0,False,Член СД,61.213903637616944
ALRS,Моисеев Алексей Владимирович,1145.0,False,Член СД,61.18363920945936
VKCO,Китова Екатерина,1143.0,False,Корпоративный секретарь МКПАО «ВК»,61.16846735915007
AKRN,Куницкий Владимир Яковлевич,1140.0,True,CEO+Председатель правления,61.14565977818457
SFIN,Sivachev Denis Alexandrovich,1134.0,False,Director/Board Member,61.09986416018049
YDEX,Александр Дунаевский,1133.0,False,Генеральный директор Кинопоиска,61.0922080273854
IRAO,Шугаев Дмитрий Евгеньевич,1130.0,False,Член СД,61.069199054742
MAGN,Еремин Андрей Анатольевич,1125.0,False,Член СД,61.03071479996627
SVAV,Elena Nishanova,1124.0,False,Investor Relations Contact,61.02299744531052
SGZH,Vladimir Tuzov,1123.0,False,Compensation Committee,61.01527322773288
PRMD,Кирилл Рубинский,1122.0,False,независимый член совета директоров,61.007542135016294
ELFV,Атцени Москвитин Матвей Владимирович,1121.0,False,Член Правления,60.999804154911075
KAZT,Герасименко Александр Викторович,1121.0,True,Генеральный директор,60.999804154911075
OGKB,Рогалев Николай Дмитриевич,1111.0,False,независимый,60.92204282897129
ZAYM,Матвеева Татьяна Васильевна,1110.0,False,"лен Совета директоров, директор по правовым вопросам",60.91422826965549
WUSH,Журавлев Олег Александрович,1110.0,False,Член Совета директоров ПАО «ВУШ Холдинг»; заместитель генерального директора ООО «ВУШ» по территориальному развитию,60.91422826965549
HEAD,Ушакова Светлана Александровна,1108.0,False,Член СД,60.8985780274149
PRMD,Деян Йованович,1106.0,False,независимый член совета директоров,60.88289953562425
TGKA,Шацкий Павел Олегович,1105.0,False,Член Совета директоров (состав избран 24.06.2024),60.87504966424165
HNFG,Глазов Василий Владимирович,1101.0,False,Член СД,60.84357904251828
POLY,Evgueni Konovalenko,1098.0,False,Senior Independent Non-Executive Director,60.81990102123913
FIVE,Шехтерман Игорь Владимирович,1095.0,True,CEO,60.79615827635892
FLOT,Тонковидов Игорь Васильевич,1093.0,True,CEO,60.78029364711992
PRMD,Юрий Литвищенко,1093.0,False,независимый член совета директоров,60.78029364711992
TRMK,Позолотина Елена Ивановна,1088.0,False,Заместитель генерального директора по управлению персоналом — директор Корпоративного университета TMK2U,60.74050483684713
HNFG,Мороз Александр Евгеньевич,1087.0,False,Член СД,60.73252515590588
MOEX,Andrey Burilov,1086.0,False,Chief Tech/Sci/R&D Officer,60.72453813732596
MDMG,Устименко Виталий Александрович,1084.0,False,Член СД,60.708542033185
IRAO,Гавриленко Анатолий Анатольевич,1082.0,False,Член СД,60.692516415920046
CIAN,Григорьев Дмитрий Константинович,1079.0,False,CEO+Член СД,60.66842241408032
TTLK,Степанов Максим Александрович,1075.0,False,Директор филиала ПАО «Таттелеком»; руководитель Набережно-Челнинского ЗУЭС с апреля 2023 года,60.63619275894291
FESH,Плотников Юрий Олегович,1072.0,False,Директор по охране государственной тайны,60.61194179271854
CIAN,Мельников Максим Анатольевич,1069.0,False,Председатель СД,60.5876229282267
YDEX,Артём Савиновский,1069.0,True,Исполнительный директор; генеральный директор МКПАО «ЯНДЕКС»,60.5876229282267
NKHP,Maxim Gruzinov,1069.0,False,Director/Board Member,60.5876229282267
RNFT,Viktor Martynov,1066.0,False,Chairman,60.5632357841942
VKCO,Айвазов Александр,1065.0,False,Член Совета директоров МКПАО «ВК»; исполнительный директор; старший вице-президент по инвестициям и развитию бизнеса VK,60.555091496589874
YDEX,Андрей Бетин,1062.0,False,Независимый директор,60.53061271450664
YDEX,Дмитрий Масюк,1060.0,False,Директор бизнес-группы Поиска и рекламных технологий,60.51425511627547
LSRG,Яковлев Владимир Анатольевич,1055.0,False,Член СД,60.47322583784192
ENPG,Шаронов Андрей Владимирович,1052.0,False,Член СД,60.44851491905931
ASTR,Сивцев Илья Игоревич,1052.0,False,CEO+Член СД,60.44851491905931
MAGN,Ушаков Сергей Николаевич,1046.0,False,Член СД,60.39888117203754
LENT,Сорокин Владимир Леонидович,1045.0,True,Генеральный директор,60.390581236295
ASTR,Фролов Денис Владимирович,1045.0,False,Председатель СД,60.390581236295
DVEC,Власов Алексей Валерьевич,1045.0,False,Председатель СД,60.390581236295
RUAL,Natalia Albrecht,1042.0,False,Director/Board Member,60.36563373586952
TTLK,Фролов Дмитрий Александрович,1042.0,False,Заместитель генерального директора ПАО «Таттелеком» по техническим вопросам с ноября 2024 года,60.36563373586952
GLTR,Сторожев Александр Валентинович,1040.0,False,Член СД,60.3489621720303
SFIN,Sidorov Igor Anatolyevich,1038.0,False,Director/Board Member,60.332258547471625
ZAYM,Сныткин Алексей Викторович,1030.0,False,"член Совета директоров, заместитель директора по управлению рисками и внутреннему контролю",60.26512096031309
TGKA,Маркелов Виталий Анатольевич,1027.0,False,Председатель Совета директоров (состав избран 24.06.2024),60.239809969812626
MTSS,Polina Ugryumova,1020.0,False,Investor Relations Contact,60.18046256991393
WUSH,Лаврентьев Сергей Владимирович,1019.0,False,Член Совета директоров ПАО «ВУШ Холдинг»; заместитель генерального директора ООО «ВУШ» по взаимодействию с органами власти,60.17195117080695
LSNGP,Мельникова Светлана Анатольевна,1019.0,False,Член СД,60.17195117080695
LSRG,Кутузов Дмитрий Владимирович,1008.0,True,"Генеральный директор, Член СД",60.07777114211013
TGKA,Ведерчик Вадим Евгеньевич,1007.0,False,Член Совета директоров; Управляющий директор (CEO),60.0691584670429
KAZT,Туманов Сергей Александрович,1007.0,False,Член СД,60.0691584670429
UPRO,Кирпичников Михаил Петрович,1005.0,False,Член Совета директоров ПАО «Юнипро»,60.05190745423491
ENPG,Галенская Людмила Петровна,999.0,False,Член СД,59.99994788496801
SOFL,Дмитрий Васильев,999.0,False,Директор управления информационной безопасности,59.99994788496801
NKNC,Василий Петрович Номоконов,997.0,False,Член совета директоров,59.98255872581939
MRKU,Мария Геннадьевна Тихонова,994.0,False,Член совета директоров,59.95640953769926
MRKV,Aleksey Molskiy,987.0,False,Director/Board Member,59.89508686780124
YDEX,Антон Сычёв,987.0,False,Неисполнительный директор,59.89508686780124
VSMO,Ледер Михаил Оттович,987.0,False,Директор по науке и технологии — начальник НТЦ ВСМПО,59.89508686780124
SPBE,Pavel Krupnov,985.0,False,Director of Finance/CFO,59.87748629016049
RASP,Игорь Богачев,984.0,True,независимый член совета директоров; генеральный директор,59.86867260894393
MDMG,Лукина Татьяна Борисовна,982.0,False,Член СД,59.85101837096861
AFKS,Евтушенков Феликс Владимирович,980.0,False,Первый вице-президент + Член СД,59.8333281772903
GAZP,Садыгов Фамил Камиль оглы,970.0,False,Член Правления,59.74433270515152
EUTR,Дорошенко Николай Николаевич,969.0,False,Член СД,59.73538280009007
DVEC,Кимерин Владимир Анатольевич,968.0,True,CEO,59.72642366356225
NKNC,Петр Орлов,957.0,False,Заместитель генерального директора по капитальному строительству,59.627258390251264
TATN,Минниханов Рустам Нургалиевич,953.0,False,"Председатель Совета директоров (состав, действовавший после 27.06.2024)",59.59091573432896
MRKC,Igor Vladimirovich Makovsky,949.0,False,Director/Board Member,59.55442037772331
RUAL,Victor Mann,945.0,False,Chief Tech/Sci/R&D Officer,59.51777103181526
TGKB,Ушаков Александр Владимирович,940.0,False,Член Совета директоров (избран 11.06.2024),59.47174081230568
FEES,Ульянов Антон Сергеевич,936.0,False,Руководитель подразделения внутреннего аудита,59.434740193654285
TGKB,Дьяконов Владимир Евгеньевич,935.0,False,Правление: член Правления (до 01.08.2024); директор по ресурсообеспечению и логистике (до 31.07.2024),59.42546535871679
LSRG,Кудимов Юрий Александрович,928.0,False,Член СД,59.36026272046154
OGKB,Коробкина Ирина Юрьевна,925.0,False,неисполнительный,59.332168198629866
OGKB,Семиколенов Артем Викторович,925.0,False,исполнительный,59.332168198629866
OZPH,Рустем Терегулов,922.0,False,"Член СД, независимый директор",59.303982509991066
TRNFP,Корсик Александр Леонидович,921.0,False,"Независимый директор, член Совета директоров ПАО «Транснефть»",59.29456691872366
SVCB,Regina von Fleming,919.0,False,Director/Board Member,59.2757050609453
AGRO,Липатов Тимур Владимирович,917.0,True,CEO,59.25680215447781
YDEX,Александр Ганьшин,912.0,False,Генеральный директор Яндекс Погоды; генеральный директор Яндекс Пробок,59.209364122342876
OZPH,Павел Алексенко,911.0,False,председатель совета директоров,59.199845346493085
TRMK,Шматович Владимир Владимирович,909.0,False,Член Совета директоров ПАО «ТМК»,59.1807764429096
DVEC,Бельченко Антон Леонидович,907.0,False,Член СД,59.16166558350883
PHOR,Гильгенберг Александр Александрович,902.0,True,генеральный директор,59.11370366101623
VTBR,Бортников Денис Александрович,899.0,False,Заместитель Президента – Председателя Правления Банка ВТБ (ПАО); руководитель блока «Средний и малый бизнес»,59.08479886863887
ASTR,Прянишников Николай Николаевич,894.0,False,Первый зам. ген. дир. Исполнительный директор,59.03640942820094
MGNT,Yuri Misnik,893.0,False,Chief Tech/Sci/R&D Officer,59.02669910623528
IVAT,Терентьев Евгений Викторович,891.0,False,Член СД,59.00724583473621
MOEX,Sergey Anatolyevich Shvetsov,883.0,False,Chairman,58.928994115443444
UPRO,Артемьев Игорь Юрьевич,882.0,False,Председатель Совета директоров ПАО «Юнипро»; независимый директор,58.9191628952726
PIKK,Илья Баландин,874.0,False,член совета директоров; директор департамента венчурных инвестиций,58.84010995283167
UPRO,Шишкин Андрей Николаевич,870.0,False,Член Совета директоров ПАО «Юнипро»,58.80031202710653
POLY,Janat Berdalina,870.0,False,Independent Non-Executive Director,58.80031202710653
POSI,Денис Иванович Кораблев,867.0,False,член совета директоров,58.770343456513345
MGNT,Bobrova Anna Nikolayevna,865.0,False,Human Resources Officer,58.75030681073396
TRNFP,Шоцкий Сергей Александрович,861.0,False,Член Правления ПАО «Транснефть»; вице-президент ПАО «Транснефть»,58.71009432180923
TTLK,Камалетдинов Тимур Русланович,858.0,False,Генеральный директор ООО «ТТК Диджитал» с апреля 2024 года,58.67981230824232
WUSH,Еремин Антон Валентинович,854.0,False,Член Совета директоров ПАО «ВУШ Холдинг»; первый заместитель генерального директора ООО «ВУШ»,58.63927136139416
POLY,Richard Sharko,852.0,False,Independent Non-Executive Director,58.618929707849624
SELG,Aleksandr Ammosov,850.0,False,Director/Board Member,58.59854030390085
LSRG,Осипов Юрий Сергеевич,850.0,False,Член СД,58.59854030390085
UPRO,Павлов Алексей Юрьевич,847.0,False,Член Совета директоров ПАО «Юнипро»,58.56786617398644
YDEX,Светлана Ячевская,839.0,False,Председатель совета директоров; независимый директор,58.48553492160145
RNFT,Olga Prozorovskaya,836.0,False,Director/Board Member,58.454458387221614
OZPH,Галина Кремер,833.0,False,Директор по финансам. член СД,58.42327026720072
TGKA,Земляной Евгений Николаевич,832.0,False,Член Совета директоров (состав избран 24.06.2024),58.412849291633194
FEES,Харитонов Владимир Вячеславович,831.0,False,Член Правления,58.40241579837429
SBER,Larisa Zalomikhina,829.0,False,Compliance Officer,58.38151113823875
TGKB,Медведева Елена Анатольевна,829.0,False,Член Совета директоров (избрана 11.06.2024),58.38151113823875
FIVE,Лобачева Екатерина Владимировна,828.0,False,Президент,58.3710399108179
RNFT,Sergei Karpenko,827.0,False,Corporate Officer/Principal,58.36055604461616
NKHP,Oleg Soldatenkov,827.0,False,Director/Board Member,58.36055604461616
MTSS,Nadia Shouraboura,826.0,False,Director/Board Member,58.35005950908661
TRNFP,Шмаль Геннадий Иосифович,825.0,False,"Независимый директор, член Совета директоров ПАО «Транснефть»; президент Союза нефтегазопромышленников России",58.339550273571476
MOEX,Aleksandr Mikhailovich Kamenskiy,820.0,False,Corporate Secretary,58.286812515359856
EUTR,Алексеенков Олег Олегович,818.0,True,"CEO, член СД",58.26562742658046
IRAO,Миловидов Владимир Дмитриевич,817.0,False,Член СД,58.25501547401592
SFIN,Vlasov Maxim Alexandrovich,816.0,False,Director/Board Member,58.24439054046643
PIKK,Иван Поландов,813.0,True,генеральный директор,58.21243753535604
PIKK,Кирилл Таченников,813.0,False,член совета директоров; глава исследований,58.21243753535604
TATN,Хисамов Раис Салихович,813.0,False,Член Совета директоров (избран 27.06.2024),58.21243753535604
ENPG,Филина Ольга Владимировна,812.0,False,Член СД,58.2017603587274
DATA,Муницына Мария Анатольевна,811.0,False,Руководитель подразделения внутреннего контроля и управления рисками,58.191070040955
IRAO,Бугров Андрей Евгеньевич,809.0,False,Член СД,58.169649852309725
BELU,Прохоров Константин Анатольевич,809.0,True,Председатель правления,58.169649852309725
HYDR,Исаков Александр Юрьевич,808.0,False,Член СД,58.15891991630203
NMTP,Киреев Сергей Георгиевич,808.0,True,Генеральный директор,58.15891991630203
LEAS,Мизюра Сергей Николаевич,804.0,True,Генеральный директор,58.11586712880895
UPRO,Казарин Дмитрий Иванович,803.0,False,Директор филиала «Березовская ГРЭС» ПАО «Юнипро»,58.10507050579838
GEMC,Шмелев Дмитрий Сергеевич,799.0,False,"CFO, Председатель СД",58.061749308296356
TATN,Гайзатуллин Радик Рауфович,799.0,False,Член Совета директоров (избран 27.06.2024),58.061749308296356
MVID,Владислав Сергеевич Бакальчук,793.0,True,Генеральный директор,57.99635967379585
BELU,Мечетин Александр Анатольевич,788.0,False,Член СД,57.9414897371015
TRNFP,Ефремов Александр Михайлович,781.0,False,"Директор департамента ремонтно-эксплуатационных нужд, транспорта и надзора за строительным контролем ПАО «Транснефть»",57.8640848013428
SOFL,Алексей Пилипчук,775.0,False,Технический директор,57.79718422341842
VKCO,Зыбина Мария,771.0,False,Член Совета директоров МКПАО «ВК»; неисполнительный директор,57.75229584395873
MSRS,Yuri Goncharov,768.0,False,Director/Board Member,57.71847666264745
VSEH,Фахрутдинов Валентин Кириллович,768.0,True,Член Совета директоров ПАО «ВИ.ру»; исполнительный директор; генеральный директор ПАО «ВИ.ру»; генеральный директор ООО «ВсеИнструменты.ру»,57.71847666264745
VSEH,Ершов Роман Владимирович,764.0,False,Член Совета директоров ПАО «ВИ.ру»; независимый директор; председатель Комитета по вознаграждениям и номинациям; член Комитета по аудиту,57.67317860903638
YDEX,Евгений Якушкин,759.0,False,Независимый директор,57.61622180105166
TGKB,Царева Валентина Валерьевна,759.0,False,Правление: член Правления (до 06.08.2024); директор по правовым вопросам (до 08.2024),57.61622180105166
DVEC,Ажимов Олег Евгеньевич,753.0,False,Председатель Ревизионной комиссии,57.5473769326289
DELI,Алгульян Даниил Валерьевич,751.0,False,Член СД,57.52430684710459
LSRG,Игнатенко Виталий Никитич,751.0,False,Член СД,57.52430684710459
HYDR,Недотко Вадим Владиславович,749.0,False,Член СД,57.50117532319742
KAZT,Огарков Анатолий Аркадьевич,749.0,False,Член СД,57.50117532319742
HEAD,Крюков Дмитрий Викторович,746.0,False,Член СД,57.46636212190961
TRMK,Оборский Владимир Брониславович,739.0,False,Заместитель генерального директора ПАО «ТМК» по маркетингу,57.3845845512519
NLMK,Ben de Vos,736.0,False,Chief Operating Officer,57.34929994446108
MSNG,Alexander Alekseevich Afanasiev,734.0,False,Human Resources Officer,57.32569698946511
TATN,Галиев Ренат Маратович,731.0,False,Член Совета директоров (избран 27.06.2024),57.29017185980563
MBNK,Иссопов Эдуард Александрович,725.0,True,Председатель правления,57.21868271473403
DIAS,Ляшков Александр Анатольевич,725.0,False,Член Ревизионной комиссии,57.21868271473403
MRKV,Alexander Golovtsov,725.0,False,Director/Board Member,57.21868271473403
ABIO,Александров Дмитрий Андреевич,722.0,False,Член СД,57.18271627786268
TRNFP,Каланда Владимир Александрович,720.0,False,"Член Правления ПАО «Транснефть»; вице-президент по правовому обеспечению, взаимодействию с государственными органами и внешним коммуникациям",57.15865564725934
ROSN,Alexander Dmitrievich Nekipelov,714.0,False,Chairman,57.08607125193805
TTLK,Воробьев Михаил Сергеевич,709.0,False,Генеральный директор ООО «Твои Мобильные Технологии» с февраля 2023 года,57.02511744324149
HEAD,Сергиенков Дмитрий Сергеевич,708.0,True,"Генеральный директор, Член СД",57.01287518315475
VTBR,Репин Игорь Николаевич,706.0,False,Член Наблюдательного совета Банка ВТБ (ПАО); независимый директор,56.988338776743355
POLY,Omar Bahram,704.0,False,Vice-Chair,56.96373286200566
MOEX,Valery Pavlovich Goreglyad,703.0,False,Director/Board Member,56.95140371572884
SVCB,Dmitry Vladimirovich Khotimskiy,701.0,False,Chief Investment Officer,56.92669279694622
MSRS,Vladimir Yurievich Myasnikov,698.0,False,Director of Finance/CFO,56.889494101573966
MAGN,Наумова Ольга Валерьевна,695.0,False,Член СД,56.85213541132076
VSEH,Луннов Андрей Геннадьевич,695.0,False,Член Совета директоров ПАО «ВИ.ру»; неисполнительный директор; коммерческий директор ООО «ВсеИнструменты.ру»,56.85213541132076
UPRO,Талалаева Елена Владимировна,691.0,False,Начальник Управления казначейских операций и риск-менеджмента ПАО «Юнипро»,56.8020725517285
TRNFP,Савкин Владимир Васильевич,688.0,False,Директор департамента информационных технологий и цифрового развития ПАО «Транснефть»,56.764335133524
AKRN,Попов Александр Валериевич,686.0,False,Председатель СД,56.739085458493975
FEES,Ляпунов Евгений Викторович,683.0,False,Член Правления,56.70107278472251
KAZT,Былинин Андрей Николаевич,680.0,False,Член СД,56.66289302173824
NVTK,Ирина Гайда,680.0,False,Член СД,56.66289302173824
DIAS,Бочкарев Сергей Викторович,678.0,False,Председатель СД,56.63734629128208
FIXP,Кирсанов Дмитрий Николаевич,677.0,False,Управляющий директор,56.62454469413258
YDEX,Александра Сагалович,676.0,False,Руководитель Яндекс Музыки,56.61172420162988
BELU,Иконников Александр Вячеславович,676.0,False,Член СД,56.61172420162988
VSEH,Безумов Олег Игоревич,674.0,False,Член Совета директоров ПАО «ВИ.ру»; исполнительный директор; финансовый директор ООО «ВсеИнструменты.ру»,56.5860263068683
CBOM,Маликова Дина Ринатовна,671.0,True,Председатель правления,56.5473363449298
OGKB,Земляной Евгений Николаевич,669.0,False,неисполнительный,56.52144696035695
AQUA,Чернова Екатерина Анатольевна,662.0,False,Председатель СД,56.430221553672865
SFIN,Dmitriev Maxim Vladimirovich,660.0,False,Director/Board Member,56.40398019808304
MRKP,Igor Vladimirovich Makovsky,658.0,True,Chief Executive Officer,56.37765932311235
BELU,Молчанов Сергей Витальевич,656.0,False,Член СД+Операционный директор,56.35125844535916
IVAT,Смирнов Павел Игоревич,654.0,False,Член СД,56.32477707700052
HNFG,Адамян Амаяк Степаевич,654.0,False,Член СД,56.32477707700052
RUAL,Egorov Anton Aleksandrovich,650.0,False,Director/Board Member,56.27157089474276
OZON,Герасимов Игорь Владиславович,649.0,False,Исполнительный директор,56.258218267833925
LSRG,Левит Игорь Михайлович,643.0,False,Член СД,56.177668552137305
DIAS,Глазков Александр Валериевич,643.0,True,"CEO, член СД",56.177668552137305
ENPG,Колмогоров Владимир Васильевич,641.0,True,CEO,56.15065178978447
GLTR,Вячеслав Станиславский,640.0,False,Член СД,56.13711183054434
ELFV,Леонова Нина Васильевна,638.0,False,Член Правления,56.109968426912346
MGTSP,Лариса Владимировна Бодягина,637.0,False,Director/Board Member,56.09636484998345
MTSS,Paul Berriman,636.0,False,Director/Board Member,56.0827399341016
DELI,Чораян Григорий Ованесович,630.0,False,Член СД,56.000538543676136
TGKB,Иванова Юлия Валентиновна,625.0,False,Правление: Председатель Правления и и. о. Генерального директора (с 29.06.2024); заместитель Председателя Правления (до 28.06.2024),55.931438083021646
NKNC,Артур Гиззатуллин,623.0,False,"Первый заместитель генерального директора, главный инженер",55.903643236603706
ABIO,Деев Роман Вадимович,622.0,False,Член СД,55.88971238823874
GAZP,Марков Владимир Константинович,622.0,False,Член Правления,55.88971238823874
MVID,Андрей Скачек,621.0,False,Директор по маркетингу,55.87575916099129
ALRS,Григорьева Евгения Васильевна,619.0,False,Член СД,55.84778528143767
NKHP,Yuriy Alekseevich Medvedev,619.0,False,Director of Finance/CFO,55.84778528143767
LSNGP,Кутыева Екатерина Валерьевна,617.0,False,Член СД,55.81972101762509
AFLT,Песков Дмитрий Николаевич,615.0,False,Член СД,55.79156578359248
DVEC,Кабанова Лариса Владимировна,614.0,False,Член СД,55.777453868069706
YDEX,Вадим Петров,613.0,False,Генеральный директор Яндекс Лавки,55.76331898766207
YDEX,Константин Сидорков,611.0,False,Директор по работе с артистами,55.73498003236472
POLY,Steven Dashevsky,611.0,False,Independent Non-Executive Director,55.73498003236472
AKRN,Гавриков Владимир Викторович,610.0,False,Член СД,55.72077580664215
NLMK,Nikolay Ivanov,609.0,False,Director of Finance/CFO,55.7065483143642
MAGN,Исмаилов Рашид Рустам оглы,606.0,False,Член СД,55.66372547284926
RASP,Ольга Покровская,606.0,False,член совета директоров; финансовый советник,55.66372547284926
BELU,Купцов Сергей Александрович,604.0,False,Член СД,55.63505916929261
OGKB,Куликов Денис Викторович,603.0,False,независимый,55.6206904611463
OKEY,KONSTANTIN ARABIDIS,601.0,False,Independent Director,55.59188153890314
NKNC,Олег Иванович Макаров,601.0,False,Член совета директоров,55.59188153890314
VSMO,Мельников Александр Константинович,599.0,False,Заместитель директора по техническому обеспечению и ремонтам ВСМПО,55.56297674652578
TGKB,Пермякова Ольга Сергеевна,599.0,False,Правление: заместитель Председателя Правления (с 06.08.2024); заместитель генерального директора по экономике и финансам (с 01.08.2024),55.56297674652578
TRMK,Венде Франк-Детлеф,595.0,False,Независимый член Совета директоров ПАО «ТМК»,55.5048769841222
IRAO,Быстров Максим Сергеевич,592.0,False,Член СД,55.461045694673906
GAZP,Хомяков Сергей Федорович,592.0,False,Член Правления,55.461045694673906
ELFV,Тналин Алибек Айбекович,591.0,True,CEO,55.44638597458025
VKCO,Устинов Антон,589.0,False,Член Совета директоров МКПАО «ВК»; неисполнительный директор,55.416992098495804
MSRS,Gasan Gizbullagovich Gasangadzhiev,588.0,False,Director/Board Member,55.40225777419296
T,Алексей Владимирович Малиновский,586.0,False,Director/Board Member,55.37271392906455
PIKK,Ерванд Карапетян,585.0,True,член совета директоров; генеральный директор,55.35790423733754
DELI,Садовин Владимир Альбертович,581.0,False,Член СД,55.29841166164785
DVEC,Доланова Елена Федоровна,581.0,False,Член Ревизионной комиссии,55.29841166164785
AQUA,Марченко Андрей Александрович,577.0,False,Член СД,55.23850878909137
SGZH,Pavel Vakhnin,575.0,False,Chief Tech/Sci/R&D Officer,55.20840171529557
TGKB,Зайцев Михаил Владимирович,574.0,False,Член Совета директоров (избран 11.06.2024),55.19330895373328
AQUA,Погуляев Владислав Юрьевич,570.0,False,Член СД,55.13267427752398
KAZT,Бобровский Сергей Викторович,569.0,False,Член СД,55.11744923928108
EUTR,Хазин Андрей Леонидович,568.0,False,Член СД,55.10219746698013
RNFT,Vladimir Shcherbak,567.0,False,Director/Board Member,55.08691886656983
VTBR,Левыкин Владимир Дмитриевич,567.0,False,Член Правления Банка ВТБ (ПАО); руководитель Департамента стратегии и корпоративного развития,55.08691886656983
SBER,Vladimir Vladimirovich Kolychev,567.0,False,Director/Board Member,55.08691886656983
VSEH,Шмелева Мария Николаевна,565.0,False,Председатель Совета директоров ПАО «ВИ.ру»; неисполнительный директор; член Комитета по аудиту; руководитель юридического департамента ООО «ВсеИнструменты.ру»,55.05628080272664
WUSH,Литвина Анастасия Леонидовна,564.0,False,Корпоративный секретарь ПАО «ВУШ Холдинг»,55.04092114869114
DVEC,Дьяченко Ксения Юрьевна,559.0,False,Член Ревизионной комиссии,54.963712799488356
DELI,Бехтина Елена Александровна,559.0,True,CEO,54.963712799488356
VTBR,Лукьяненко Валерий Васильевич,556.0,False,Заместитель Президента – Председателя Правления Банка ВТБ (ПАО); член Правления,54.91705620336413
MRKZ,Вячеслав Юрьевич Торсунов,554.0,True,"Генеральный директор, председатель правления, член совета директоров",54.885811989481326
HNFG,Коршунова Анна Сергеевна,553.0,False,Член СД,54.870147635202215
PHOR,Федоров Валерий Иванович,553.0,False,заместитель генерального директора; советник генерального директора,54.870147635202215
ENPG,Фокина Жанна Сергеевна,552.0,False,Член СД,54.85445498035798
GAZP,Михаленко Вячеслав Александрович,552.0,False,Член Правления,54.85445498035798
UPRO,Попов Игорь Викторович,550.0,False,Заместитель Генерального директора по производству ПАО «Юнипро»; член Правления,54.82298435863462
SGZH,Mikhail Mileshin,549.0,False,Sales & Marketing,54.80720618518847
DELI,Меликян Артур Борисович,548.0,False,Член СД,54.791399298035046
TATN,Халимов Рустам Хамисович,548.0,False,Член Совета директоров (избран 27.06.2024),54.791399298035046
SELG,Mitroshin Vadim Sergeevich,548.0,False,Investor Relations Contact,54.791399298035046
YDEX,Алексей Яковицкий,545.0,False,Независимый директор,54.743805304467365
KAZT,Кудрявцев Виктор Петрович,540.0,False,Член СД,54.663897821910425
VSEH,Агранович Мария,538.0,False,Директор департамента развития собственных торговых марок ООО «ВсеИнструменты.ру»,54.63172785145615
WUSH,Чуйко Дмитрий Владимирович,536.0,True,Член Совета директоров ПАО «ВУШ Холдинг»; генеральный директор ПАО «ВУШ Холдинг»; основатель Whoosh,54.5994382897587
FESH,Иванов Петр Валерьевич,535.0,False,Президент,54.58324838368529
GEMC,Яновский Андрей Владимирович,535.0,True,"CEO, член СД",54.58324838368529
TRMK,Пьянков Борис Григорьевич,532.0,False,Технический директор ПАО «ТМК»,54.5344968127062
PIKK,Джулиан М. Симмондс,528.0,False,независимый член совета директоров,54.46906612971056
AKRN,Беликов Игорь Вячеславович,527.0,False,Член СД,54.45263115395826
VKCO,Антонова Ульяна,525.0,False,Член Совета директоров МКПАО «ВК»; неисполнительный директор,54.41966761498841
VSEH,Школлер Роман Александрович,523.0,False,Член Совета директоров ПАО «ВИ.ру»; независимый директор; председатель Комитета по аудиту; член Комитета по вознаграждениям и номинациям,54.38657850032886
OGKB,Пятницев Валерий Геннадьевич,521.0,False,независимый,54.35336284955018
OGKB,Дмитриев Андрей Игоревич,520.0,False,неисполнительный,54.336707269962204
VTBR,Еременко Руслан Юрьевич,518.0,False,Член Правления Банка ВТБ (ПАО) с марта 2024 года; руководитель Департамента регионального корпоративного бизнеса – старший вице-президент,54.30329998995792
HNFG,Золотарева Светлана Сергеевна,516.0,False,Член СД,54.269763723996704
TATN,Нурмухаметов Рафаиль Саитович,515.0,False,Член Совета директоров (избран 27.06.2024),54.2529469092689
VTBR,Сидоренко Валерий Валерьевич,515.0,False,Член Наблюдательного совета Банка ВТБ (ПАО); неисполнительный директор,54.2529469092689
MRKZ,Сергей Владимирович Климов,512.0,False,"Заместитель генерального директора по капитальному строительству и инвестиционной деятельности, член правления",54.202300222951926
ABIO,Масюк Сергей Владимирович,512.0,True,CEO,54.202300222951926
ENPG,Погосбеков Давид Дешенович,511.0,False,Директор по коммерции,54.18535215495305
LSNGP,Протасов Станислав Дмитриевич,510.0,False,Член СД,54.1683709528803
SVCB,Braverman Anatoly Aleksandrovich,510.0,False,Director/Board Member,54.1683709528803
AFLT,Чиханчин Андрей Юрьевич,509.0,False,Первый зам. ген. дир. по коммерции и финансам,54.15135648692328
BELU,Крачковский Александр Борисович,506.0,False,Член СД,54.10011219614128
TGKB,Серова Ольга Викторовна,506.0,False,Правление: член Правления; заместитель генерального директора по энергосбытовой деятельности (с 01.08.2024),54.10011219614128
ALRS,Дяченко Сергей Николаевич,502.0,False,Член СД,54.03131277035123
MRKZ,Светлана Валерьевна Филатова,501.0,False,"Член правления, заместитель генерального директора по развитию и реализации услуг",54.01402742714685
T,Татьяна Борисовна Кузнецова,501.0,False,Director/Board Member,54.01402742714685
TATN,Аглиуллин Фаниль Анварович,501.0,False,Член Совета директоров (избран 27.06.2024),54.01402742714685
DELI,Лойко Михаил,500.0,False,CFO,53.9967076166351
KAZT,Шульженко Юрий Григорьевич,496.0,False,Член СД,53.92708093443349
VKCO,Азаренко Елена,496.0,False,Управляющий директор VK,53.92708093443349
TRNFP,Скворцов Вячеслав Михайлович,496.0,False,Член Правления ПАО «Транснефть»; вице-президент по безопасности,53.92708093443349
RNFT,Dmitry Romanov,495.0,False,Director/Board Member,53.90958670476602
ELFV,Юзефович Елена Константиновна,494.0,False,Руководитель подразделения внутреннего контроля и управления рисками,53.89205716885933
EUTR,Сафонов Олег Петрович,493.0,False,Член СД,53.874492183917575
VTBR,Кулик Вадим Валерьевич,492.0,False,Заместитель Президента – Председателя Правления Банка ВТБ (ПАО); руководитель технологического блока,53.85689160627681
ENPG,Малевинская Анна Александровна,490.0,False,CFO,53.82158309386002
VTBR,Норов Эркин Рахматович,490.0,False,Член Правления Банка ВТБ (ПАО),53.82158309386002
MOEX,Andrei Selyuk,489.0,False,Director of Finance/CFO,53.803874867352015
RKKE,Мальцев Игорь Евгеньевич,487.0,True,Генеральный директор,53.76834973769254
SOFL,Владислав Котусов,486.0,False,Исполнительный директор,53.75053253740676
VKCO,Гордин Михаил,484.0,False,Член Совета директоров МКПАО «ВК»; неисполнительный директор,53.7147881162064
SVCB,Pavel Barchugov,482.0,False,Corporate Officer/Principal,53.67889599036671
AQUA,Александров Владимир Валерьевич,481.0,False,Член СД,53.66089415574958
VKCO,Попов Петр,479.0,False,Вице-президент по рекламным технологиям VK,53.624778169854125
AQUA,Благирев Алексей Павлович,473.0,False,Член СД,53.515520350723754
MSNG,Aleksandr Sergeevich Ivannikov,473.0,False,Director/Board Member,53.515520350723754
SVCB,Dmitry Vladimirovich Gusev,473.0,False,Director/Board Member,53.515520350723754
VKCO,Сиренко Ирина,472.0,False,Вице-президент по связям с государственными органами VK,53.49717634793159
HEAD,Байцур Антон Григорьевич,471.0,False,Член СД,53.47879352182415
LSNGP,Казаев Владимир Александрович,470.0,False,Член СД,53.46037170772123
TGKB,Данилов Иван Александрович,468.0,False,Член Совета директоров (избран 11.06.2024),53.423410451548946
PIKK,Владимир Заболоцкий,467.0,False,член совета директоров; финансовый директор,53.404870674833134
ABIO,Киселев Сергей Львович,467.0,False,Член СД,53.404870674833134
SBER,Oleg Yuryevich Tsvetkov,461.0,False,Corporate Secretary,53.29279322182191
TGKB,Земляной Евгений Николаевич,460.0,False,Член Совета директоров (избран 11.06.2024),53.27397223483998
GEMC,Тронин Андрей Владимирович,458.0,False,Член СД,53.23620747059414
PHOR,Селезнев Александр Евгеньевич,453.0,False,руководитель аппарата генерального директора,53.141070899625156
TGKB,Корниенко Андрей Владимирович,453.0,False,Правление: член Правления; начальник управления корпоративной защиты (с 14.10.2024); и. о. директора по безопасности и режиму (до 13.10.2024),53.141070899625156
GLTR,Руслан Изатов,453.0,False,Член СД,53.141070899625156
VSMO,Трифонов Дмитрий Валериевич,452.0,True,Член Совета директоров ПАО «Корпорация ВСМПО-АВИСМА»; генеральный директор,53.12191789937572
PIKK,Грегор Уильям Моват,450.0,False,независимый член совета директоров,53.08348473006075
VSMO,Варфоломеев Владислав Игоревич,446.0,False,Исполняющий обязанности заместителя генерального директора по экономике и финансам; директор по экономике и корпоративным финансам,53.00610442235162
VKCO,Хуснояров Фарит,445.0,False,Вице-президент по развитию мессенджера VK,52.98665115085254
KAZT,Рачин Константин Геннадьевич,445.0,False,Член СД,52.98665115085254
TRNFP,Король Борис Михайлович,445.0,False,Член Правления ПАО «Транснефть»; вице-президент по управлению персоналом и административно-хозяйственной деятельности,52.98665115085254
KAZT,Рыбкин Дмитрий Васильевич,443.0,False,Член СД,52.94761341280967
T,Артём Игоревич Лебедев,442.0,False,Director/Board Member,52.92802855198977
RKKE,Михаил Асланович Погосян,442.0,False,член совета директоров,52.92802855198977
KAZT,Аникушин Сергей Александрович,440.0,False,Член СД,52.888725851022876
PHOR,Сиротенко Алексей Александрович,437.0,False,член Правления; заместитель генерального директора по корпоративным и правовым вопросам; директор по правовым вопросам,52.829436323246064
OGKB,Абдуллин Роман Эдуардович,437.0,False,неисполнительный,52.829436323246064
UPRO,Деркач Николай Николаевич,436.0,False,Директор филиала «Сургутская ГРЭС-2» ПАО «Юнипро»,52.809582869816914
POSI,Дмитрий Владимирович Пухов,435.0,False,член совета директоров,52.78968393306412
NMTP,Леписткин Владимир Викторович,433.0,False,Заместитель генерального директора по безопасности - начальник управления безопасности,52.74974877262968
BELU,Гукасян Мелине Генриковна,431.0,False,Член СД,52.709629153524986
LSRG,Волчецкая Галина Александровна,429.0,False,Член СД,52.66932336382746
SPBE,Aleksey Dmitriyevich Skorodumov,429.0,False,Director/Board Member,52.66932336382746
PHOR,Шарабайко Александр Федорович,427.0,False,заместитель генерального директора по финансам и международным проектам,52.628829667671376
MRKU,Александр Викторович Шевчук,426.0,False,"Член совета директоров, независимый директор",52.60851180555619
AKRN,Колосовский Андрей Леонидович,424.0,False,Член СД,52.56773294148184
PHOR,Давыденко Владимир Васильевич,423.0,False,"директор по техническому развитию, капитальному строительству и ремонтам",52.547271490102766
VTBR,Пьянов Дмитрий Васильевич,421.0,False,Первый заместитель Президента – Председателя Правления Банка ВТБ (ПАО); куратор финансовой и административно-хозяйственной функций и интеграции финансовых активов,52.5062034131527
PHOR,Левин Борис Владимирович,420.0,False,директор по научно-технологическим партнёрствам; советник генерального директора,52.48559632853158
SFIN,Aleksandr Myakenkiy,417.0,False,Director/Board Member,52.42348010127211
ROSN,Petr Lazarev,413.0,False,Director of Finance/CFO,52.33996136073248
TATN,Сюбаев Нурислам Зинатулович,412.0,False,Член Совета директоров (избран 27.06.2024),52.31895558968782
DIAS,Клишина Екатерина Александровна,410.0,False,Руководитель подразделения внутреннего аудита,52.27679103070466
MGTSP,Альберт Тимурович Гильманов,409.0,True,генеральный директор,52.25563174595662
TATN,Сорокин Валерий Юрьевич,408.0,False,Член Совета директоров (избран 27.06.2024),52.23442079013226
HNFG,Саркисян Акоп Гургенович,407.0,False,Член СД,52.21315791025163
VSMO,Шелков Михаил Евгеньевич,405.0,False,Заместитель председателя Совета директоров ПАО «Корпорация ВСМПО-АВИСМА»,52.17047535707132
VSMO,Бабин Владимир Семенович,405.0,False,Исполняющий обязанности исполнительного директора АВИСМА,52.17047535707132
MGNT,Buylov Sergey Yurievich,404.0,False,Director/Board Member,52.14905516842605
MVID,Карен Ашрафян,403.0,False,Директор по развитию маркетплейса,52.12758202499603
ZAYM,Заводсков Андрей Дмитриевич,402.0,False,"член Совета директоров, заместитель генерального директора",52.106055664303575
IVAT,Манойло Андрей Федорович,401.0,False,Член СД,52.084475821914715
HYDR,Панин Виктор Евгеньевич,400.0,False,Член СД,52.062842231419566
MRKU,Алексей Владимирович Санин,397.0,False,"Заместитель генерального директора по правовому и корпоративному управлению, член правления",51.99761627714393
GAZP,Россеев Михаил Николаевич,395.0,False,Член Правления,51.95385859218767
TATN,Мухамадеев Рустам Набиуллович,395.0,False,Executive Committee (MarketScreener): директор по персоналу / Human Resources Officer,51.95385859218767
SFIN,Protas Alexander Nikolaevich,395.0,False,Director/Board Member,51.95385859218767
PLZL,Дмитрий Оленьков,395.0,False,независимый член совета директоров; заместитель директора департамента листинга и первичного рынка; советник генерального директора по работе с эмитентами,51.95385859218767
RUAL,Alexander Popov,395.0,False,Director of Finance/CFO,51.95385859218767
TGKA,Максимова Антонина Николаевна,389.0,False,Executive Committee: контакт по работе с инвесторами (Investor Relations Contact),51.821247129391686
PHOR,Лобанов Сергей Андреевич,389.0,True,генеральный директор,51.821247129391686
PHOR,Стеркин Михаил Владимирович,389.0,False,заместитель генерального директора по маркетингу,51.821247129391686
ELFV,Седова Жанна Игоревна,389.0,False,Член Правления,51.821247129391686
DIAS,Таскаева Татьяна Петровна,388.0,False,Руководитель по работе с инвесторами и акционерами,51.79894703474538
SELG,Valeriy Kondratyev,388.0,False,Director/Board Member,51.79894703474538
ABIO,Богуславский Дмитрий Эдгардович,385.0,False,Член СД,51.73170116007506
POSI,Денис Сергеевич Баранов,385.0,False,член совета директоров,51.73170116007506
MAGN,Рашникова Ольга Викторовна,384.0,False,Член СД,51.709169676380476
ALRS,Жондоров Валерий Алексеевич,383.0,False,Член СД,51.68657959318248
HEAD,Григорьев Дмитрий Константинович,383.0,False,Член СД,51.68657959318248
AKRN,Швалюк Валерий Петрович,383.0,False,Член СД,51.68657959318248
MRKV,Alexander Ivanovich Kazakov,382.0,False,Director/Board Member,51.66393060487687
TGKB,Васильев Олег Юрьевич,381.0,False,Правление: член Правления (до 10.08.2024); технический директор (до 08.2024),51.64122240346259
VKCO,Кириенко Владимир Сергеевич,381.0,True,Генеральный директор группы VK,51.64122240346259
EUTR,Мартышов Игорь Юрьевич,378.0,False,Председатель СД,51.57273940407314
MRKZ,Александр Юрьевич Корнеев,376.0,False,Член совета директоров,51.526782248745235
SELG,Yun Viktor Borisovich,375.0,False,Director/Board Member,51.50371216322091
TTLK,Сотов Денис Игоревич,372.0,False,Член Совета директоров и Комитета по аудиту Совета директоров ПАО «Таттелеком»; начальник отдела по работе с портфельными инвестициями АО «Связьинвестнефтехим»,51.43413196127775
DVEC,Коломиец Владимир Александрович,369.0,False,Член Ревизионной комиссии,51.363989867368225
ALRS,Григорьев Павел Анатольевич,369.0,False,Член СД,51.363989867368225
ENPG,Яновский Андрей Владимирович,368.0,False,Член СД,51.340482729627475
ABIO,Мауэр Константин Николаевич,367.0,False,Член СД,51.31691180038998
MRKU,Сергей Владимирович Попов,366.0,False,"Заместитель генерального директора по реализации услуг, член правления",51.29327673249046
MAGN,Морган Ральф Таваколян,366.0,False,Член СД,51.29327673249046
T,Сергей Леонидович Батехин,364.0,False,Director/Board Member,51.24581277780463
LSRG,Шадрина Любовь Викторовна,364.0,False,Член СД,51.24581277780463
HNFG,Киреев Михаил Сергеевич,363.0,False,Член СД,51.22198318235427
TTLK,Осадченко Анастасия Михайловна,362.0,False,Корпоративный секретарь ПАО «Таттелеком»; секретарь Совета директоров,51.198088030850364
MVID,Билан Абдурахимович Ужахов,361.0,False,Член совета директоров,51.17412696160365
VTBR,Горшков Георгий Георгиевич,361.0,False,Заместитель Президента – Председателя Правления Банка ВТБ (ПАО); руководитель блока «Розничный бизнес»,51.17412696160365
UPRO,Никонов Василий Владиславович,359.0,True,Заместитель Председателя Совета директоров; исполнительный директор; Председатель Правления; Генеральный директор ПАО «Юнипро»,51.126005608083545
RTKM,Nikolay Viktorovich Tsekhomsky,356.0,False,Director/Board Member,51.053319978115276
TRNFP,Бадалов Андрей Юрьевич,353.0,False,"Член Правления ПАО «Транснефть»; вице-президент по цифровой трансформации, информационным технологиям и информационной безопасности",50.98002096005358
MOEX,Aleksandr Vadimovich Izosimov,351.0,False,Director/Board Member,50.93080903184516
BANEP,Стрельцов Тимофей Михайлович,349.0,True,CEO,50.881316692276336
VKCO,Мыздриков Иван,349.0,False,Вице-президент по развитию почтовых сервисов и магазина приложений VK,50.881316692276336
ENPG,Тэргуд Маршалл Мл.,345.0,False,Член СД,50.781477867844835
LSNGP,Котвицкий Константин Валерьевич,345.0,False,Член СД,50.781477867844835
TATN,Гереч Ласло,343.0,False,Независимый член Совета директоров (избран 27.06.2024),50.731124787155814
PIKK,Илья Юферев,343.0,False,член совета директоров; председатель наблюдательного совета,50.731124787155814
UGLD,Курбанов Руслан Магамедович,341.0,False,Генеральный директор ООО «Соврудник»,50.68047810083884
RNFT,Andrey Derekh,341.0,False,Director/Board Member,50.68047810083884
RUAL,Evgeny Arkadievich Shvarts,340.0,False,Director/Board Member,50.65504358165813
TRMK,Папин Денис,339.0,False,Руководитель направления по устойчивому развитию ПАО «ТМК»,50.6295343648102
IVAT,Черных Сергей Дмитриевич,338.0,False,Член СД,50.6039500102489
YDEX,Павел Деньгин,337.0,False,Неисполнительный директор,50.57829007402819
VSMO,Леликов Дмитрий Юрьевич,332.0,False,Член Совета директоров ПАО «Корпорация ВСМПО-АВИСМА»,50.44884085103909
RTKM,Anton Alekseyevich Ustinov,331.0,False,Director/Board Member,50.42271787768343
SELG,Gennadiy Launer,330.0,False,Director/Board Member,50.39651610187554
POSI,Евгений Вячеславович Киреев,330.0,False,член совета директоров,50.39651610187554
TGKA,Симдякин Вадим Михайлович,329.0,False,Член Совета директоров (состав избран 24.06.2024),50.37023504674624
VTBR,Сергейчук Виталий Юрьевич,329.0,False,Член Правления Банка ВТБ (ПАО); руководитель блока «Корпоративно-инвестиционный бизнес»,50.37023504674624
DATA,Жуков Андрей,329.0,False,CFO,50.37023504674624
TTLK,Урлин Андрей Олегович,328.0,False,Директор ООО «МИГ» с сентября 2023 года,50.34387423108457
CHMK,Капнин Владимир Викторович,328.0,True,CEO,50.34387423108457
FEES,Макаров Владимир Александрович,328.0,False,Руководитель подразделения внутреннего контроля и управления рисками,50.34387423108457
YDEX,Евгений Анищенков,326.0,False,Руководитель сервисов Яндекс Еда и Деливери,50.29091137129353
MSRS,Yevgeniy Logovinskiy,325.0,False,Director/Board Member,50.264308342553576
HYDR,Финкель Дмитрий Владимирович,325.0,False,Член СД,50.264308342553576
MSRS,Lilia Ivanovna Shelest,325.0,False,Human Resources Officer,50.264308342553576
ALRS,Донец Андрей Иванович,323.0,False,Член СД,50.21085659175441
UPRO,Овчинников Сергей Борисович,322.0,False,Директор филиала «Шатурская ГРЭС» ПАО «Юнипро» с декабря 2023 года,50.184006857565485
PHOR,Вовк Андрей Михайлович,322.0,True,генеральный директор,50.184006857565485
UPRO,Алексеенков Денис Александрович,322.0,False,Заместитель Генерального директора по финансам и экономике ПАО «Юнипро»; член Правления; Генеральный директор ООО «Юнипро Инжиниринг» с 2024 года,50.184006857565485
SPBE,Roman Yuryevich Goryunov,322.0,True,Chief Executive Officer,50.184006857565485
TGKB,Карпов Илья Игоревич,322.0,False,Член Совета директоров (избран 11.06.2024),50.184006857565485
OZPH,Базов Антон,321.0,False,Директор по информационному обеспечению,50.157073868253626
ELFV,Косменюк Олег Николаевич,321.0,False,Член Правления,50.157073868253626
SVAV,Viktor Mikhaylovich Khvesenya,318.0,False,Director/Board Member,50.07577016609977
AFKS,Васадзе Леван Шиоевич,316.0,False,Член СД,50.021141796760546
TTLK,Надин Артем Александрович,315.0,False,Директор филиала ПАО «Таттелеком»; руководитель Альметьевского ЗУЭС,49.993698228610654
ROSN,Andrey Igorevich Akimov,315.0,False,Director/Board Member,49.993698228610654
MSNG,Anna Alexandrovna Efimova,312.0,False,General Counsel,49.910843399137974
RKKE,Юрий Иванович Борисов,311.0,False,член совета директоров,49.88304855272004
HNFG,Мелконян Гагик Аршавирович,309.0,True,"Член СД, Генеральный директор",49.827190597554
NKNC,Сергей Николаевич Лукичев,308.0,False,Член совета директоров,49.79912633374143
YDEX,Павел Епишин,308.0,False,Генеральный директор Яндекс Игр,49.79912633374143
MSNG,Gennady Sukhov,307.0,False,Director/Board Member,49.77097109970882
GEMC,Лобанов Олег Валентинович,306.0,False,Член СД,49.74272430377839
PHOR,Новиков Денис Федорович,305.0,True,генеральный директор,49.714385348481045
DELI,Артюх Константин Юрьевич,304.0,False,Член СД,49.68595363048052
GLTR,Ержан Ниязалиев,302.0,False,Председатель СД,49.628809463225444
GAZP,Путин Михаил Евгеньевич,301.0,False,Член Правления,49.600095777262624
UPRO,Поварницын Андрей Васильевич,301.0,False,Директор филиала «Яйвинская ГРЭС» ПАО «Юнипро»,49.600095777262624
DVEC,Тюльпанов Евгений Викторович,300.0,False,Член СД,49.57128685501946
DVEC,Сорокин Роман Юрьевич,298.0,False,Член СД,49.51338075992754
LSRG,Молчанов Егор Андреевич,296.0,False,Член СД,49.4550860304171
SNGS,Nikolai Ivanovich Matveev,295.0,False,Director/Board Member,49.42579129069658
ENPG,Конопацкий Виктор,294.0,False,Директор по связям с государственными органами,49.396397414612146
HNFG,Арутюнян Рубен Альбертович,292.0,False,Член СД,49.33730955345388
PIKK,Сергей Мруз,290.0,False,председатель совета директоров; заместитель генерального директора; управляющий директор по цифровизации,49.27781697776417
MGTSP,Александр Сергеевич Дмитриев,289.0,False,Director/Board Member,49.24791718199564
MSNG,Andrey Viktorovich Khorev,287.0,False,Director/Board Member,49.18780703141189
SELG,Sokolov Konstantinovich,287.0,False,Director/Board Member,49.18780703141189
DIAS,Бабкин Алексей Анатольевич,286.0,False,Член Ревизионной комиссии,49.15759523714863
ZAYM,Борейко Александр Сергеевич,286.0,False,"член Совета директоров, директор по связям с инвесторами",49.15759523714863
FIVE,Ворона Иван Николаевич,285.0,False,Руководитель подразделения внутреннего аудита,49.127277991382726
MSRS,Peter Alekseevich Sinyutin,283.0,False,Director/Board Member,49.06632418268617
KAZT,Кудашев Виктор Николаевич,283.0,False,Член СД,49.06632418268617
TATN,Тихтуров Евгений Александрович,281.0,False,Executive Committee (MarketScreener): директор по финансам / CFO,49.00493960145034
RNFT,Evgeny Pitsyura,280.0,False,Chief Tech/Sci/R&D Officer,48.974083859965525
MVID,Феликс Григорьевич Либ,280.0,False,"Председатель совета директоров, член совета директоров",48.974083859965525
SMLT,Vladimir Komar,280.0,False,Corporate Officer/Principal,48.974083859965525
TRMK,Романенко Алексей Михайлович,278.0,False,Член Совета директоров ПАО «ТМК»,48.912041581224855
GAZP,Кузнец Сергей Иванович,276.0,False,Член Правления,48.84955295131854
VSMO,Мельников Николай Константинович,274.0,False,Первый заместитель генерального директора — исполнительный директор ВСМПО,48.7866115013048
MSRS,Aleksey Viktorovich Nuzhdov,274.0,False,Director/Board Member,48.7866115013048
SBER,Nadya Wells,272.0,False,Director/Board Member,48.72321062058369
ZAYM,Ляшенко Павел Андреевич,270.0,False,"член Совета директоров, генеральный директор ООО «ФинТехРобот»",48.65934355273065
RNFT,Sidsky Nikolay Alekseevich,269.0,False,Director/Board Member,48.627233046312966
WUSH,Зальцман Евгений Ефимович,269.0,False,Член Совета директоров ПАО «ВУШ Холдинг»,48.627233046312966
UPRO,Маликова Дина Ринатовна,268.0,False,Член Совета директоров ПАО «Юнипро»,48.59500339117556
MGTSP,Дмитрий Николаевич Рылов,268.0,False,Director/Board Member,48.59500339117556
UPRO,Иноземцев Евгений Александрович,268.0,False,Директор филиала «Смоленская ГРЭС» ПАО «Юнипро»,48.59500339117556
MGNT,Ilya Igorevich Sokolov,265.0,False,Director/Board Member,48.497590608359985
DELI,Коновальчук Виталий,263.0,False,"CXO, CHRO",48.432036470074586
VKCO,Ковальчук Степан,263.0,False,Старший вице-президент по медиастратегии; руководитель бизнес-группы «Социальные платформы и медиаконтент» VK,48.432036470074586
VKCO,Мальгинов Антон,262.0,False,Член Совета директоров МКПАО «ВК»; исполнительный директор; руководитель юридического департамента VK,48.39907293110475
MSRS,Olga Andreevna Sergeeva,261.0,False,Director/Board Member,48.36598381644519
VTBR,Кондратенко Максим Дмитриевич,261.0,False,Член Правления Банка ВТБ (ПАО); главный риск-менеджер (CRO) Группы ВТБ,48.36598381644519
MRKC,Alexander Ivanovich Kazakov,261.0,False,Director/Board Member,48.36598381644519
PIKK,Алексей Бланин,261.0,False,независимый член совета директоров,48.36598381644519
VSEH,Кузин Вадим Сергеевич,260.0,False,Член Совета директоров ПАО «ВИ.ру»; неисполнительный директор; член Комитета по вознаграждениям и номинациям; генеральный директор ООО «Ви.Тех»; генеральный директор ООО «ВИ Холдинг» с августа 2024 года,48.3327681656665
WUSH,Баяндин Егор Александрович,258.0,False,Председатель Совета директоров ПАО «ВУШ Холдинг»; заместитель генерального директора ООО «ВУШ» по информационным технологиям; технический директор Whoosh,48.26595335856024
HEAD,Филатова Ольга Геннадьевна,257.0,False,Член СД,48.23235222538523
RUAL,Kevin Parker,257.0,False,Director/Board Member,48.23235222538523
YDEX,Виталий Григораш,255.0,False,Руководитель Яндекс Книг,48.164757471069386
PHOR,Николаев Антон Анатольевич,253.0,False,директор филиала,48.09663255640341
HEAD,Арсеньев Сергей Станиславович,253.0,False,Член СД,48.09663255640341
TTLK,Яковлев Альберт Валерьевич,252.0,False,"Член Совета директоров и Комитета по аудиту Совета директоров ПАО «Таттелеком»; заместитель министра цифрового развития государственного управления, информационных технологий и связи Республики Татарстан",48.06236867728207
TRNFP,Уваров Алексей Константинович,251.0,False,Член Совета директоров ПАО «Транснефть»; заместитель руководителя Аппарата Правительства Российской Федерации,48.02796909927555
RUAL,Evgeny Viktorovich Nikitin,251.0,False,Director/Board Member,48.02796909927555
MDMG,Калугин Сергей Борисович,250.0,False,Член СД,47.99343274326318
ENPG,Горбатова Анастасия Владимировна,250.0,False,Член СД,47.99343274326318
VKCO,Дуксин Николай,250.0,False,Вице-президент по музыкальным и видеосервисам VK с июня 2024 года,47.99343274326318
VKCO,Меркутов Алексей,247.0,False,Вице-президент по коммуникациям VK,47.88899202088234
UGLD,Клёцкин Артём,245.0,False,Финансовый директор ООО «Управляющая Компания «ЮГК» / финансовый директор ЮГК,47.81866060751438
RTKM,Vadim Viktorovich Semenov,244.0,False,Chairman,47.78328018346836
AKRN,Кантолинский Михаил Иосифович,244.0,False,Член СД,47.78328018346836
NKNC,Дарья Юрьевна Борисова,244.0,False,Член совета директоров,47.78328018346836
PHOR,Абрашитов Андрей Юрьевич,244.0,False,директор филиала,47.78328018346836
ALRS,Николаев Игорь Иванович,242.0,False,Член СД,47.71208402998382
SELG,Valery Suleimanov,242.0,False,Corporate Officer/Principal,47.71208402998382
DVEC,Осенкова Ксения Геннадьевна,241.0,False,Член СД,47.67626590873728
SPBE,Alexander Tarabtsev,241.0,False,Treasurer,47.67626590873728
PHOR,Грибков Алексей Борисович,240.0,False,директор по производственному комплексу,47.6402994718659
SGZH,Artem I. Zassoursky,240.0,False,Director/Board Member | Governance Committee,47.6402994718659
SELG,Shchetinin Evgeny Vladimirovich,239.0,False,Chief Tech/Sci/R&D Officer,47.604183485970445
UPRO,Королев Виталий Геннадьевич,238.0,False,Член Совета директоров ПАО «Юнипро»,47.567916702201856
DELI,Полещук Ярослав Николаевич,238.0,False,Член СД,47.567916702201856
MTLR,Igor Valeryevich Khafizov,237.0,True,Chief Executive Officer,47.53149785600219
OZPH,Анатолий Хавкин,237.0,False,Директор по логистике,47.53149785600219
SVAV,Goy Tatiana,236.0,False,Director/Board Member,47.494925666840075
MSRS,Sergey Alexandrovich Nikitin,235.0,False,Director/Board Member,47.458198837940486
MDMG,Меклер Владимир Александрович,234.0,False,Член СД,47.42131605600889
ZAYM,Грязнова Оксана Николаевна,232.0,False,"член Совета директоров, финансовый директор",47.347077295577186
UPRO,Тарасенко Оксана Валерьевна,231.0,False,Член Совета директоров ПАО «Юнипро»,47.309718605323994
GEMC,Минаков Георгий Викторович,230.0,False,Руководитель подразделения внутреннего аудита,47.27219853793823
MSNG,Aleksandr Aleksandrovich Butko,230.0,False,Director/Board Member,47.27219853793823
WUSH,Ефремов Николай Сергеевич,229.0,False,"Независимый директор, член Совета директоров ПАО «ВУШ Холдинг»",47.23451569317795
ETLN,Пыльцов Виталий Николаевич,226.0,False,Член СД,47.12047621574149
DVEC,Меделец Светлана Юрьевна,224.0,False,Член Ревизионной комиссии,47.043609500871526
MSNG,Pavel Olegovich Shatsky,222.0,False,Director/Board Member,46.96605646696886
MRKV,Yuri Goncharov,222.0,False,Director/Board Member,46.96605646696886
WUSH,Розанов Всеволод Валерьевич,222.0,False,"Независимый директор, член Совета директоров ПАО «ВУШ Холдинг»",46.96605646696886
MRKZ,Андрей Владимирович Морозов,221.0,False,Член совета директоров,46.927018728925994
MVID,Анатолий Викторович Мохов,220.0,False,Член совета директоров,46.8878047476761
RKKE,Игорь Яковлевич Озар,220.0,False,член совета директоров,46.8878047476761
ELFV,Рачкин Сергей Владимирович,220.0,False,Член Правления,46.8878047476761
SBER,Mikhail Ratinskii,218.0,False,Comptroller/Controller/Auditor,46.8088416393624
MDMG,Кудимов Юрий Александрович,216.0,False,Член СД,46.729154088746
TTLK,Нургалеев Ильдар Тахиржанович,215.0,False,Заместитель генерального директора ПАО «Таттелеком» по информационной безопасности — директор департамента ИТ,46.68903446964132
VSMO,Вищаненко Антон Владимирович,215.0,False,Член Совета директоров ПАО «Корпорация ВСМПО-АВИСМА»,46.68903446964132
HEAD,Дуглас Гарднер,212.0,False,Член СД,46.56755162091558
SNGS,Vladislav Barankov,211.0,False,Director of Finance/CFO,46.526676806219086
SFIN,Goltsman Anton Vladimirovich,211.0,False,Director/Board Member,46.526676806219086
NKNC,Александр Анатольевич Петров,209.0,False,Член совета директоров,46.444345553834104
SNGS,Viktor Mikhaylovich Krivosheyev,209.0,False,Director/Board Member,46.444345553834104
ROSN,Pedro A. Aquino,209.0,False,Director/Board Member,46.444345553834104
OZPH,Павел Грядунов,209.0,False,Директор по стратегии. член СД,46.444345553834104
MRKU,Дмитрий Александрович Воденников,207.0,True,"Генеральный директор, председатель правления, член совета директоров",46.36122643060695
MRKP,Vitaly Yuryevich Zarkhin,204.0,False,Director/Board Member,46.235037062072955
HYDR,Евграфова Елена Олеговна,202.0,False,Член СД,46.149880673187646
ROSN,Valentin Gennadyevich Mamayev,202.0,False,Corporate Officer/Principal,46.149880673187646
MOEX,Anton Vladimirovich Terentiev,201.0,False,Investor Relations Contact,46.10698734111236
VSMO,Белясова Анна Владимировна,201.0,False,Член Совета директоров ПАО «Корпорация ВСМПО-АВИСМА»,46.10698734111236
GLTR,Газизов Антон,199.0,False,"Управляющий директор, член СД",46.02055994052901
DELI,Белотуркин Александр,198.0,False,CTO,45.97702159326026
SOFL,Станислав Халиков,197.0,False,Директор Софтлайн финанс,45.933263908304
TATN,Глухова Лариса Юрьевна,197.0,False,Член Совета директоров (избрана 27.06.2024),45.933263908304
MRKU,Елена Викторовна Андреева,194.0,False,Член совета директоров,45.80065244550802
SPBE,Oleg Vladimirovich Mikhasenko,192.0,False,Director/Board Member,45.71110647619139
GLTR,Стефан Хенрих,192.0,False,Член СД,45.71110647619139
MRKZ,Владимир Вячеславович Харитонов,190.0,False,Член совета директоров,45.62062771957891
TATN,Крюков Валерий Анатольевич,189.0,False,Независимый член Совета директоров (избран 27.06.2024),45.57503243328431
TATN,Неклюдов Сергей Вячеславович,187.0,False,Независимый член Совета директоров (избран 27.06.2024),45.483117479337245
MRKU,Марина Александровна Лаврова,182.0,False,Член совета директоров,45.24898249203828
ALRS,Павленко Сергей Витальевич,181.0,False,Первый зам. ген. дир. Исполнительный директор,45.2013884984706
SVCB,Mikhail Vasilyevich Klyukin,181.0,False,Director/Board Member,45.2013884984706
T,Александр Ильич Исаев,179.0,False,Director/Board Member,45.10541092419987
ENPG,Гераскин Вадим Викторович,178.0,False,Член СД,45.05702148376194
UPRO,Семенова Вероника Николаевна,176.0,False,Начальник Управления внутреннего аудита ПАО «Юнипро»,44.9594262761699
SPBE,Eric Berthelot,176.0,False,Director/Board Member,44.9594262761699
RUAL,Lyudmila Petrovna Galenskaya,175.0,False,Director/Board Member,44.91021434796149
ABIO,Примак Алексей Евгеньевич,175.0,False,Член СД,44.91021434796149
TRMK,Якоб Дмитрий,173.0,False,Заместитель генерального директора ПАО «ТМК» по информационным технологиям,44.81094604355341
MVID,Денис Владимирович Голышев,173.0,False,Член совета директоров,44.81094604355341
HNFG,Рихтер Пауль,171.0,False,Член СД,44.710530103272134
LSNGP,Денисов Игорь Вадимович,170.0,False,Член СД,44.659883416955175
MGTSP,Ирина Владимировна Карева,169.0,False,финансовый директор,44.60893968092652
MRKZ,Анна Владимировна Изотова,168.0,False,"Заместитель генерального директора по правовому обеспечению и корпоративному управлению, член правления",44.55769539014451
ROSN,Hamad Al-Mohannadi,167.0,False,Director/Board Member,44.50614697716245
DATA,Гревцев Виктор Викторович,166.0,False,Руководитель подразделения внутреннего аудита,44.454290810638334
VKCO,Хайбуллов Рустам,166.0,False,Вице-президент по стратегическим проектам VK,44.454290810638334
VKCO,Тадевосян Максим,161.0,False,Вице-президент по развитию бизнеса и стратегии VK,44.19026190787073
MRKU,Павел Валерьевич Родин,144.0,False,Член совета директоров,43.227322498111974
GEMC,Вольский Владислав Михайлович,143.0,False,Член СД,43.16721234752822
YDEX,Иван Задохин,141.0,False,Операционный директор Яндекс Маркета,43.045729498802494
MRKC,Aleksander Viktorovich Varvarin,139.0,False,Director/Board Member,42.92252343172101
MGTSP,Инеса Галактионова,135.0,False,Director/Board Member,42.670741104254866
MGTSP,Виктор Леонидович Белов,135.0,False,Director/Board Member,42.670741104254866
SVAV,Zoya Kaika,135.0,False,Director/Board Member,42.670741104254866
VKCO,Кучай Анастасия,128.0,False,Вице-президент по персоналу VK с июня 2024 года,42.211757541501555
MRKC,Andrey Logatkin,123.0,False,Director/Board Member,41.868397336998676
RKKE,Александр Сергеевич Федоров,120.0,False,член совета директоров,41.655671224853606
MSNG,Konstantin Vasilyevich Komissarov,119.0,False,Director/Board Member,41.58358880208678
VSMO,Вишневский Илья Игоревич,119.0,False,Член Совета директоров ПАО «Корпорация ВСМПО-АВИСМА»,41.58358880208678
MRKC,Andrey Yuryevich Zemskov,118.0,False,Chief Investment Officer,41.510903172118525
EUTR,Депутатов Георгий Юрьевич,115.0,False,Руководитель подразделения внутреннего аудита,41.289123921440314
NVTK,Алексей Орел,113.0,False,Член СД,41.13806129484208
NKNC,Сергей Викторович Гринько,107.0,False,Член совета директоров,40.66843978575764
MRKP,Oleg Romanovich Fedorov,105.0,False,Director/Board Member,40.50608212233542
NKHP,Ryashit Akzhigitov,103.0,False,Director/Board Member,40.34063174672327
NKHP,Roman Kron,102.0,False,Director/Board Member,40.25670952774466
RTKM,Anna Borisovna Tregubenkova,97.0,False,Director of Finance/CFO,39.824486922913025
MSRS,Larisa Anatolyevna Romanovskaya,96.0,False,Director/Board Member,39.7354001717674
MSRS,Vsevolod Evgenyevich Ivanov,95.0,False,Chief Tech/Sci/R&D Officer,39.64539022541513
MRKZ,Александр Викторович Шевчук,95.0,False,Член совета директоров,39.64539022541513
MRKZ,Мария Геннадьевна Тихонова,94.0,False,Член совета директоров,39.55443774940064
MRKZ,Олег Романович Федоров,92.0,False,Член совета директоров,39.3696247752281
NKHP,Aleksey Vladimirovich Chemerichko,92.0,True,Chief Executive Officer,39.3696247752281
GLTR,Джафар Борхан,91.0,False,Член СД,39.27572243262262
MRKC,Larisa Anatolyevna Romanovskaya,89.0,False,Director/Board Member,39.0848162403162
MRKV,Irina Yurievna Puchkova,88.0,False,Director of Finance/CFO,38.987766268724066
POSI,Даниил Александрович Рыбак,86.0,False,член совета директоров,38.790351359669735
SVCB,Sergey Nikolaevich Bondarovich,86.0,False,Director/Board Member,38.790351359669735
UPRO,Бейгер Мария Игоревна,81.0,False,Исполняющая обязанности директора по связям с общественностью и органами власти; пресс-секретарь ПАО «Юнипро» с декабря 2024 года,38.27624380151762
RASP,Владимир Федорович Мельниченко,81.0,True,Генеральный директор,38.27624380151762
NMTP,Шабанов Тимур Кайсерович,81.0,False,Главный инженер,38.27624380151762
SVCB,Elena Alexandrovna Cherstvova,78.0,False,Corporate Officer/Principal,37.95250886084331
FIVE,Мурашкин Андрей Игоревич,77.0,False,Руководитель подразделения внутреннего контроля и управления рисками,37.84185918495269
MRKZ,Артем Геннадьевич Алешин,77.0,False,Член совета директоров,37.84185918495269
MVID,Дмитрий Игоревич Пылев,77.0,False,Член совета директоров,37.84185918495269
NKNC,Игорь Георгиевич Климов,74.0,False,Председатель совета директоров; член совета директоров,37.50119269487476
VKCO,Гогичаты Мераб,73.0,False,Вице-президент по инфраструктуре и прикладным сервисам VK,37.384601922929235
MOEX,Olga Vyacheslavovna Melentyeva,65.0,False,Comptroller/Controller/Auditor,36.390847102307234
MRKZ,Денис Владимирович Ягодка,60.0,False,"Первый заместитель генерального директора — главный инженер, член правления",35.70656568604152
MVID,Степан Борисович Кузнецов,58.0,False,Член совета директоров,35.41700947017314
MRKZ,Карина Андреевна Аганова,58.0,False,"Заместитель генерального директора по развитию дополнительных услуг, член правления",35.41700947017314
MRKP,Sergey Vladimirovich Khlusov,56.0,False,Corporate Officer/Principal,35.1174666109584
POSI,Карина Суреновна Саркисян,54.0,False,член совета директоров,34.8072235568658
MRKZ,Алексей Александрович Полинов,53.0,False,Председатель совета директоров,34.64784510187397
RUAL,Semen Viktorovich Mironov,53.0,False,Director/Board Member,34.64784510187397
MVID,Евгений Александрович Щепелин,51.0,False,Член совета директоров,34.3200370628396
POSI,Андрей Игоревич Кузин,49.0,False,член совета директоров,33.97937057276167
VSMO,Болотникова Юлия Владимировна,48.0,False,Корпоративный секретарь; секретарь Совета директоров,33.803892239029345
NKHP,Yevgeniy Sutchenko,48.0,False,Corporate Officer/Principal,33.803892239029345
MRKZ,Василий Васильевич Вычегжанин,46.0,False,Член совета директоров,33.441928111569894
POSI,Максим Георгиевич Филиппов,45.0,False,член совета директоров,33.25512774873895
MRKC,Alexander Viktorovich Golovtsov,44.0,False,Director/Board Member,33.06422155643253
MRKU,Алексей Александрович Полинов,43.0,False,Член совета директоров,32.86902498019414
SNGS,Ivan Kalistratovich Dinichenko,41.0,False,Director/Board Member,32.464957609395114
TTLK,Алтынбаева Ландыш Завдятовна,39.0,False,Директор филиала ПАО «Таттелеком»; руководитель Буинского ЗУЭС,32.041171996090014
MRKV,Oleg Grigoryevich Pavlov,37.0,False,Chief Tech/Sci/R&D Officer,31.59564448884531
TTLK,Сибгатуллин Ильнар Ильдарович,37.0,False,Заместитель генерального директора ПАО «Таттелеком» по массовому рынку и маркетингу с апреля 2024 года,31.59564448884531
MSRS,Sergey Valentinovich Grischenko,35.0,False,Director/Board Member,31.126022979760876
SVAV,Lyudmila Viktorovna Afanasyeva,34.0,False,Comptroller/Controller/Auditor,30.88133406395367
MGTSP,Роман Валерьевич Райков,31.0,False,Director/Board Member,30.102973419418365
NLMK,Nikolai Alexeevich Gagarin,31.0,False,Director/Board Member,30.102973419418365
T,Илья Николаевич Писемский,30.0,False,Director/Board Member,29.827207969231324
ENPG,Кристофер Бернэм,30.0,False,Председатель СД,29.827207969231324
MVID,Йоханнес Мария Толай,29.0,False,Член совета директоров,29.542399434319435
MRKV,Yulia Gennadyevna Burtseva,26.0,False,Investor Relations Contact,28.627250417990293
MRKU,Владимир Александрович Рябушев,24.0,False,"Первый заместитель генерального директора — главный инженер, заместитель председателя правления",27.958775888877994
MRKP,Andrey Vladimirovich Morozov,22.0,False,Director/Board Member,27.23453306485528
MRKV,Konstantin Valeryevich Kravchenko,21.0,False,Director/Board Member,26.848430296310475
NMTP,Ларин Вадим Михайлович,20.0,False,Заместитель генерального директора - руководитель коммерческой дирекции,26.444362925511438
NKHP,Ivan Akhmedovich Chepovoy,19.0,False,Director/Board Member,26.020577312206342
VSMO,Сбытов Максим Александрович,18.0,False,Директор по управлению персоналом,25.575049804961637
NKNC,Денис Владимирович Голенков,17.0,False,Член совета директоров,25.105428295877203
MRKC,Maxim Mikhailovich Saukh,17.0,False,Director/Board Member,25.105428295877203
SFIN,Boikova Tatyana Olegovna,17.0,False,Director/Board Member,25.105428295877203
MRKC,Dmitry Alexandrovich Chevkin,16.0,False,Director/Board Member,24.608957052603845
MRKV,Leonid Yuryevich Akimov,15.0,False,Director/Board Member,24.082378735534693
T,Александр Борисович Лебединский,15.0,False,Director/Board Member,24.082378735534693
GLTR,Абдултайаб Бахрейнвала,14.0,False,Член СД,23.521804750435763
OZPH,Олег Эдуардович Минаков,14.0,False,Генеральный директор. член СД,23.521804750435763
WUSH,Камойлик Юлия,14.0,False,Директор по коммуникациям Whoosh,23.521804750435763
MSNG,Andrey Nikolaevich Tabelskiy,14.0,False,Director/Board Member,23.521804750435763
SGZH,Salavat Asgatovich Mirsaev,13.0,False,General Counsel,22.92254080339834
GLTR,Юсеф Абу Лабан,13.0,False,Член СД,22.92254080339834
RKKE,Георгий Львович Форсов,13.0,False,член совета директоров,22.92254080339834
RKKE,Никита Юрьевич Никифоров,12.0,False,член совета директоров,22.278847695072255
MRKU,Ольга Вячеславовна Очередько,11.0,False,"Заместитель генерального директора по экономике и финансам, член правления",21.58360617376411
MSNG,Denis Sergeyevich Voronchikhin,10.0,False,Investor Relations Contact,20.827835612426803
RKKE,Константин Владимирович Романов,10.0,False,член совета директоров,20.827835612426803
SNGS,Georgy Rashitovich Mukhamadeyev,10.0,False,Director/Board Member,20.827835612426803
T,Валерия Александровна Павлюкова,9.0,False,Director/Board Member,19.99998262832267
ETLN,Андреас Крифтис,9.0,False,Член СД,19.99998262832267
RASP,Эрик Стойлл,9.0,False,независимый неисполнительный член совета директоров,19.99998262832267
VKCO,Борыславская Светлана,8.0,False,Финансовый директор VK,19.08483361199353
VSEH,Алеева Гульнара Ринатовна,7.0,False,Корпоративный секретарь ПАО «ВИ.ру» с 20 июня 2024 года,18.061784051651017
SNGS,Ildus Shagalievich Usmanov,7.0,False,Director/Board Member,18.061784051651017
MRKU,Михаил Александрович Бычко,6.0,False,Член совета директоров,16.901946119514673
MOEX,Ramón Morales Adarraga,6.0,False,Director/Board Member,16.901946119514673
MVID,Роман Стенцель / Roman Stenzel,5.0,False,Член совета директоров,15.563011489880438
ROSN,Faisal Al-Suwaidi,5.0,False,Director/Board Member,15.563011489880438
RNFT,Igor Ivanovich Kirdoda,5.0,False,Director/Board Member,15.563011489880438
RUAL,Chris Burnham,5.0,False,Director/Board Member,15.563011489880438
NKHP,Olga Vladimirovna Vodzinskaya,4.0,False,Comptroller/Controller/Auditor,13.979387944438997
MRKU,Алексей Вячеславович Коптев,4.0,False,Член совета директоров,13.979387944438997
RKKE,Александр Иванович Быков,4.0,False,член совета директоров,13.979387944438997
SVCB,Nikolay Narayan Varma,4.0,False,Director/Board Member,13.979387944438997
RUAL,Karen Li,3.0,False,Investor Relations Contact,12.041189367767346
RKKE,Павел Анатольевич Суворов,3.0,False,член совета директоров,12.041189367767346
MRKV,Dmitriy Lvovich Zaretsky,3.0,False,Chief Investment Officer,12.041189367767346
POLY,HE Abdulsalam Al Murshidi,2.0,False,Chair,9.542416805996766
NVTK,Эммануэль Кид,2.0,False,Член СД,9.542416805996766
SNGS,Andrei Vladislavovich Druchinin,2.0,False,Comptroller/Controller/Auditor,9.542416805996766
RUAL,Lok Tung Chan,1.0,False,Corporate Secretary,6.020594683883673
SPBE,Alexander Valentinovich Chmel,1.0,False,Director/Board Member,6.020594683883673
FEES,Кулишов Григорий Викторович,1.0,False,CSO,6.020594683883673
MTLR,Dmitry S. Voytkus,1.0,False,Comptroller/Controller/Auditor,6.020594683883673
RUAL,Bernard Zonneveld,1.0,False,Chairman,6.020594683883673
MSNG,Elena Yuryevna Novenkova,1.0,False,Corporate Officer/Principal,6.020594683883673
MRKC,Sergey Aleksandrovich Ternikov,1.0,False,Investor Relations Contact,6.020594683883673
RTKM,Darius Khalitov,1.0,False,Chief Tech/Sci/R&D Officer,6.020594683883673
ENPG,Джеймс У. Рэйдер,,False,Член СД,
GLTR,Жуслен Хейраллах,,False,Член СД,
GLTR,Абдулла Белобайда,,False,Член СД,
MGNT,Vitikhovich M. Viktorovna,,False,Director/Board Member,
MOEX,Paul Anne F Bodart,,False,Director/Board Member,
MRKC,Artem Gennadievich Aleshin,,False,Director of Finance/CFO,
MRKC,Aleksander V. Shevchuk,,False,Director/Board Member,
MRKP,Alexandrovich T. Sergey,,False,Investor Relations Contact,
MRKU,Карина Владимировна Дашко,,False,Член совета директоров,
MRKV,Aleksander V. Shevchuk,,False,Director/Board Member,
MRKV,Andrey P. Tulba,,False,Director/Board Member,
MTSS,Artem I. Zassoursky,,False,Director/Board Member,
NLMK,Irene Spitzberg,,False,Chief Tech/Sci/R&D Officer,
NLMK,Veraszto M. Thomas,,False,Director/Board Member,
NLMK,Joachim Otto Jacob Limberg,,False,Director/Board Member,
POLY,Pascale Jeannin Perez,,False,Independent Non-Executive Director,
ROSN,Ural A. Latypov,,False,Corporate Officer/Principal,
RTKM,Alexey V. Sapunov,,False,Chief Tech/Sci/R&D Officer,
RTKM,Elena V. Shmeleva,,False,Director/Board Member,
SBER,Oleg V. Chistyakov,,False,Comptroller/Controller/Auditor,
