ticker,name,source_positions,ceo_in_positions,facial_trust_appearance_proxy,yandex_count,name_cyrillic,Nom_2015,Nom_2016,Nom_2017,Nom_2018,Nom_2019,Nom_2020,Nom_2021,Nom_2022,Nom_2023,Nom_2024,education_name,education_role,education_secondary,education_bachelor,education_master,education_doctoral,education_level_unknown,has_mba_emba,has_foreign_education,has_professional_retraining,has_law_education,has_economics_education,publications_count,publications_count_is_lower_bound,has_research_experience,research_experience_years,patents_count,patents_count_is_lower_bound,experience_years_same_sector,experience_years_same_industry,experience_years_same_industry_group,professional_experience_years,has_experience_same_sector,has_experience_same_industry,has_experience_same_industry_group,has_other_company_management,current_company_experience_years,ceo_in_json,notebook_higher_education,notebook_degree,notebook_publications,notebook_research_experience,notebook_patents,education_observed,is_ceo,ceo_identification,ceo_position_conflict,person_id,media_observed,face_observed,yandex_count_original,media_score,awards_raw,awards_score,expertise_score,face_score
ABIO,Александров Дмитрий Андреевич,Член СД,False,0.4587528100663443,722.0,Александров Дмитрий Андреевич,,,,,,,,,,,Александров Дмитрий Андреевич,"Член СД по CSV; не подтвержден как член Совета директоров ПАО ""Артген"" в годовом отчете за 2024 год",0,0,0,1,0,0,0,0,0,0,0.0,0,1,0,0.0,0,0,0,0,21,1,1,1,1,0,False,1,1,0,1,0,1,False,,False,aleksandrov andreevich dmitrii,1,1,722.0,66.73194815280887,0.0,0.0,60.00000000000001,68.64949754473054
ABIO,Богуславский Дмитрий Эдгардович,Член СД,False,0.7442154299725134,385.0,Богуславский Дмитрий Эдгардович,,,,,,,,,,,Богуславский Дмитрий Эдгардович,"Член Совета директоров ПАО ""Артген""",0,0,0,1,0,0,0,0,0,1,0.0,0,1,22,0.0,0,17,10,10,17,1,1,1,1,10,False,1,1,0,1,0,1,False,,False,boguslavskii dmitrii edgardovich,1,1,385.0,60.370640367903896,0.0,0.0,60.00000000000001,80.44663648796863
ABIO,Деев Роман Вадимович,Член СД,False,0.5705698104326633,622.0,Деев Роман Вадимович,,,,,,,,,,,Деев Роман Вадимович,"Член Совета директоров ПАО ""Артген""; директор по науке ПАО ""Артген""",0,0,0,1,0,0,0,0,0,0,2.0,1,1,11,0.0,0,14,6,6,33,1,1,1,0,6,False,1,1,2,1,0,1,False,,False,deev roman vadimovich,1,1,622.0,65.2230189843432,0.0,0.0,70.0,73.27049026865062
ABIO,Исаев Андрей Александрович,Член СД,False,,1543.0,Исаев Андрей Александрович,,,,,,,,,,,Исаев Андрей Александрович,"Член Совета директоров ПАО ""Артген""",0,0,1,0,0,0,0,0,0,0,0.0,0,0,0,0.0,0,9,5,9,29,1,1,1,1,5,False,1,0,0,0,0,1,False,,False,aleksandrovich andrei isaev,1,0,1543.0,74.42264903226106,0.0,0.0,30.0,0.0
ABIO,Исаев Артур Александрович,Председатель СД,False,0.4638349302795193,1277.0,Исаев Артур Александрович,,,,,,,,,,,Исаев Артур Александрович,"Председатель Совета директоров ПАО ""Артген""",0,0,1,0,0,1,0,0,0,1,2.0,1,1,0,1.0,1,23,23,23,28,1,1,1,1,23,False,1,1,2,1,1,1,False,,False,aleksandrovich artur isaev,1,1,1277.0,72.50606102843614,0.0,0.0,73.33333333333334,68.85952321569498
ABIO,Киселев Сергей Львович,Член СД,False,-0.2344953716399548,467.0,Киселев Сергей Львович,,,,,,,,,,,Киселев Сергей Львович,"Член Совета директоров ПАО ""Артген""",0,0,0,1,0,0,0,0,0,0,,1,1,18,0.0,0,29,10,20,29,1,1,1,0,10,False,1,1,1,1,0,1,False,,False,kiselev lvovich sergei,1,1,467.0,62.323220947797076,0.0,0.0,65.00000000000001,40.000054320169
ABIO,Масюк Сергей Владимирович,CEO,True,0.2122530075514029,512.0,Масюк Сергей Владимирович,,,,,,,,,,,Масюк Сергей Владимирович,"Генеральный директор ПАО ""Артген""",0,0,0,0,1,0,0,0,0,0,0.0,0,0,0,0.0,0,9,9,9,9,1,1,1,1,6,True,1,0,0,0,0,1,True,json_2024,False,masiuk sergei vladimirovich,1,1,512.0,63.25381730145757,0.0,0.0,30.0,58.46255110422857
ABIO,Мауэр Константин Николаевич,Член СД,False,0.6910395765023049,367.0,Мауэр Константин Николаевич,,,,,,,,,,,Мауэр Константин Николаевич,"Член Совета директоров ПАО ""Артген"", независимый директор",0,0,1,0,0,1,0,0,0,1,0.0,0,0,0,0.0,0,0,0,0,42,1,1,1,1,0,False,1,1,0,0,0,1,False,,False,konstantin mauer nikolaevich,1,1,367.0,59.88658322884915,0.0,0.0,55.00000000000001,78.24907054388979
ABIO,Примак Алексей Евгеньевич,Член СД,False,-0.3175259621436808,175.0,Примак Алексей Евгеньевич,,,,,,,,,,,Примак Алексей Евгеньевич,"Член Совета директоров ПАО ""Артген""",0,0,1,0,0,0,0,0,0,0,0.0,0,0,0,0.0,0,2,2,2,34,1,1,1,1,2,False,1,0,0,0,0,1,False,,False,aleksei evgenevich primak,1,1,175.0,52.40999886813555,0.0,0.0,30.0,36.56869993466827
AFKS,Васадзе Леван Шиоевич,Член СД,False,,316.0,Васадзе Леван Шиоевич,,,,,,,,,,,Васадзе Леван Шиоевич,Член СД,0,0,1,0,0,1,1,0,0,1,0.0,0,0,0,0.0,0,24,0,22,24,1,1,1,0,0,False,1,1,0,0,0,1,False,,False,levan shioevich vasadze,1,0,316.0,58.37442601896788,0.0,0.0,55.00000000000001,0.0
AFKS,Волошин Александр Стальевич,Член СД,False,,17399.0,Волошин Александр Стальевич,,,,,,,,,,,Волошин Александр Стальевич,Член СД,0,0,1,0,0,0,0,0,0,1,0.0,0,0,0,0.0,0,1,1,1,18,1,1,1,1,1,False,1,0,0,0,0,1,False,,False,aleksandr stalevich voloshin,1,0,11489.0,98.97391561772231,0.0,0.0,30.0,0.0
AFKS,Вьюгин Олег Вячеславович,Член СД,False,,2736.0,Вьюгин Олег Вячеславович,,,,,,,,,,,Вьюгин Олег Вячеславович,Член СД,0,0,0,1,0,0,0,0,0,0,0.0,0,1,5,0.0,0,3,3,3,3,1,1,1,1,3,False,1,1,0,1,0,1,False,,False,oleg viacheslavovich viugin,1,0,2736.0,80.22558537471826,0.0,0.0,60.00000000000001,0.0
AFKS,Евтушенков Владимир Петрович,Председатель СД,False,,1622.0,Евтушенков Владимир Петрович,,,,,,,,,,,Евтушенков Владимир Петрович,Председатель СД,0,0,0,1,0,0,0,0,0,1,0.0,0,1,0,0.0,0,0,0,0,0,1,1,1,0,0,False,1,1,0,1,0,1,False,,False,evtushenkov petrovich vladimir,1,0,1622.0,74.92845282152419,0.0,0.0,60.00000000000001,0.0
AFKS,Евтушенков Феликс Владимирович,Первый вице-президент + Член СД,False,0.5673235497755391,980.0,Евтушенков Феликс Владимирович,,,,,,,,,,,Евтушенков Феликс Владимирович,Первый вице-президент + Член СД,0,0,1,0,0,0,0,1,1,1,0.0,0,0,0,0.0,0,0,0,0,0,1,1,1,0,0,False,1,0,0,0,0,1,False,,False,evtushenkov feliks vladimirovich,1,1,980.0,69.82519917968077,0.0,0.0,30.0,73.13633404171397
AFKS,Кузьминов Ярослав Иванович,Член СД,False,,6406.0,Кузьминов Ярослав Иванович,,,,,,,,,,,Кузьминов Ярослав Иванович,Член СД,0,0,0,1,0,0,0,0,0,1,0.0,0,1,0,0.0,0,4,4,4,32,1,1,1,1,4,False,1,1,0,1,0,1,False,,False,iaroslav ivanovich kuzminov,1,0,3557.0,88.84686897357932,0.0,0.0,60.00000000000001,0.0
AFKS,Маслов Алексей Александрович,Член СД,False,-0.2075795632795535,1448.0,Маслов Алексей Александрович,,,,,,,,,,,Маслов Алексей Александрович,Член СД,0,0,0,1,0,0,0,0,0,0,0.0,0,1,0,0.0,0,0,0,0,4,1,1,1,1,0,False,1,1,0,1,0,1,False,,False,aleksandrovich aleksei maslov,1,1,1448.0,73.7789605372893,0.0,0.0,60.00000000000001,41.112387455420105
AFKS,Ситдеков Тагир Алиевич,Президент (CEO) + Член СД,True,0.14219251146144,1443.0,Ситдеков Тагир Алиевич,,,,,,,,,,,Ситдеков Тагир Алиевич,Президент (CEO) + Член СД,0,0,1,0,0,1,1,0,0,1,0.0,0,0,0,0.0,0,6,3,6,11,1,1,1,1,3,True,1,1,0,0,0,1,True,json_2024,False,alievich sitdekov tagir,1,1,1443.0,73.74392288882763,0.0,0.0,55.00000000000001,55.56720387075487
AFKS,Шохин Александр Николаевич,Член СД,False,0.3471111115864711,3218.0,Шохин Александр Николаевич,,,,,,,,,,,Шохин Александр Николаевич,Член СД,0,0,0,1,0,0,0,0,0,1,0.0,0,1,0,0.0,0,0,0,0,31,1,1,1,1,0,False,1,1,0,1,0,1,False,,False,aleksandr nikolaevich shokhin,1,1,3218.0,81.86979082900629,0.0,0.0,60.00000000000001,64.03574941455828
AFLT,Александровский Сергей Владимирович,CEO+Председатель правления+Член СД,True,,1187.0,Александровский Сергей Владимирович,,,,,,,,,,N,Александровский Сергей Владимирович,"Генеральный директор ПАО ""Аэрофлот"", председатель Правления; в CSV также указан как член Совета директоров.",0,0,1,0,0,0,0,0,1,0,0.0,0,0,0,0.0,0,8,8,8,8,1,1,1,1,3,True,1,0,0,0,0,1,True,json_2024,False,aleksandrovskii sergei vladimirovich,1,0,1187.0,71.76585039300073,1.0,28.906482631788784,30.0,0.0
AFLT,Бадеха Вадим Александрович,Член СД,False,,1781.0,Бадеха Вадим Александрович,,,,,,,,,,,Бадеха Вадим Александрович,"Член Совета директоров ПАО ""Аэрофлот"" по CSV; генеральный директор ОАК с ноября 2024 года.",0,0,1,0,0,0,0,0,1,0,0.0,0,0,0,0.0,0,18,0,0,18,1,0,0,1,0,False,1,0,0,0,0,1,False,,False,aleksandrovich badekha vadim,1,0,1781.0,75.87579945722959,0.0,0.0,30.0,0.0
AFLT,Каменской Игорь Александрович,Член СД,False,,1303.0,Каменской Игорь Александрович,,,,,,,,,,,Каменской Игорь Александрович,"Член Совета директоров ПАО ""Аэрофлот"" по CSV; финансист и бывший член Совета Федерации.",0,0,1,0,0,0,0,0,0,0,0.0,0,0,0,0.0,0,0,0,0,24,0,0,0,1,0,False,1,0,0,0,0,1,False,,False,aleksandrovich igor kamenskoi,1,0,1303.0,72.71020884416603,0.0,0.0,30.0,0.0
AFLT,Ликсутов Максим Станиславович,Член СД,False,,5192.0,Ликсутов Максим Станиславович,,,,,,,,,,,Ликсутов Максим Станиславович,"Член Совета директоров ПАО ""Аэрофлот"" по CSV; заместитель Мэра Москвы по вопросам транспорта в 2024 году.",0,0,1,0,0,0,0,0,0,1,0.0,0,0,0,0.0,0,2,0,2,15,1,0,1,1,0,False,1,0,0,0,0,1,False,,False,liksutov maksim stanislavovich,1,0,5192.0,86.71742220515208,0.0,0.0,30.0,0.0
AFLT,Моисеев Алексей Владимирович,Член СД,False,,2733.0,Моисеев Алексей Владимирович,,,,,,,,,,,Моисеев Алексей Владимирович,"Член Совета директоров ПАО ""Аэрофлот"" по CSV; заместитель Министра финансов Российской Федерации в 2024 году.",0,0,1,0,0,1,1,0,0,1,0.0,0,0,0,0.0,0,0,0,0,26,0,0,0,0,0,False,1,0,0,0,0,1,False,,False,aleksei moiseev vladimirovich,1,0,2733.0,80.21446888856593,0.0,0.0,30.0,0.0
AFLT,Никитин Андрей Сергеевич,Член СД,False,-0.5195319254317988,3216.0,Никитин Андрей Сергеевич,,,,,,,,,,,Никитин Андрей Сергеевич,"Член Совета директоров ПАО ""Аэрофлот"" по CSV; губернатор Новгородской области в 2024 году.",0,0,0,1,0,0,0,0,0,1,0.0,0,0,0,0.0,0,0,0,0,15,0,0,0,1,0,False,1,1,0,0,0,1,False,,False,andrei nikitin sergeevich,1,1,3216.0,81.86349102668588,0.0,0.0,55.00000000000001,28.22052315041575
AFLT,Пахомов Роман Викторович,Член СД,False,,1651.0,Пахомов Роман Викторович,,,,,,,,,,,Пахомов Роман Викторович,"Член Совета директоров ПАО ""Аэрофлот"" по CSV; руководитель ООО ""Авиакапитал-Сервис"" по открытым регистрационным источникам.",0,0,0,0,1,0,0,0,0,0,0.0,0,0,0,0.0,0,15,0,0,15,1,0,0,1,0,False,0,0,0,0,0,1,False,,False,pakhomov roman viktorovich,1,0,1651.0,75.1079720581733,0.0,0.0,0.0,0.0
AFLT,Песков Дмитрий Николаевич,Член СД,False,0.2168346229532932,615.0,Песков Дмитрий Николаевич,,,,,,,,,,,Песков Дмитрий Николаевич,"Член Совета директоров ПАО ""Аэрофлот"" по CSV; специальный представитель Президента РФ по вопросам цифрового и технологического развития в 2024 году.",0,0,1,0,0,0,1,0,0,0,0.0,0,0,0,0.0,0,0,0,0,27,0,0,0,1,0,False,1,1,0,0,0,1,False,,False,dmitrii nikolaevich peskov,1,1,615.0,65.10848238029658,0.0,0.0,55.00000000000001,58.651892719247535
AFLT,Прокофьев Станислав Евгеньевич,Член СД,False,-0.0817881172513851,3586.0,Прокофьев Станислав Евгеньевич,,,,,,,,,,,Прокофьев Станислав Евгеньевич,"Член Совета директоров ПАО ""Аэрофлот"" по CSV; ректор Финансового университета при Правительстве РФ.",0,0,0,1,0,0,0,1,0,1,200.0,1,1,10,0.0,0,0,0,0,21,0,0,0,1,0,False,1,1,1,1,0,1,False,,False,evgenevich prokofev stanislav,1,1,3586.0,82.9670079792811,0.0,0.0,65.00000000000001,46.310893540570305
AFLT,Савельев Виталий Геннадьевич,Председатель СД,False,-0.1065206837987613,2782.0,Савельев Виталий Геннадьевич,,,,,,,,,,,Савельев Виталий Геннадьевич,"Председатель Совета директоров ПАО ""Аэрофлот"" в 2024 году.",0,0,0,1,0,0,0,0,0,1,0.0,0,0,0,0.0,0,17,17,17,22,1,1,1,0,17,False,1,1,0,0,0,1,False,,False,gennadevich savelev vitalii,1,1,2782.0,80.39452897897725,0.0,0.0,55.00000000000001,45.288785903226454
AFLT,Семёнов Андрей Викторович,Первый зам. ген. дир. по производству,False,-0.1641728160962856,3078.0,Семёнов Андрей Викторович,,,,,,,,,,,Семёнов Андрей Викторович,"Первый заместитель генерального директора ПАО ""Аэрофлот"" по производству.",0,0,0,0,1,0,0,0,0,0,0.0,0,0,0,0.0,0,3,3,3,3,1,1,1,1,3,False,0,0,0,0,0,1,False,,False,andrei semenov viktorovich,1,1,3078.0,81.41906766661869,0.0,0.0,0.0,42.90623152426294
AFLT,Чемезов Сергей Викторович,Член СД,False,,2847.0,Чемезов Сергей Викторович,,,,,,,,,,,Чемезов Сергей Викторович,"Член Совета директоров ПАО ""Аэрофлот"" по CSV; генеральный директор Ростеха.",0,0,0,1,0,0,0,0,0,1,130.0,1,1,0,0.0,0,22,0,0,22,1,0,0,1,0,False,1,1,1,1,0,1,False,,False,chemezov sergei viktorovich,1,0,2847.0,80.62855280089653,0.0,0.0,65.00000000000001,0.0
AFLT,Чиханчин Андрей Юрьевич,Первый зам. ген. дир. по коммерции и финансам,False,,509.0,Чиханчин Андрей Юрьевич,,,,,N,N,N,N,N,N,Чиханчин Андрей Юрьевич,"Первый заместитель генерального директора ПАО ""Аэрофлот"" по коммерции и финансам.",0,0,0,1,0,0,0,0,0,1,0.0,0,0,0,0.0,0,4,4,4,6,1,1,1,1,4,False,1,1,0,0,0,1,False,,False,andrei chikhanchin iurevich,1,0,509.0,63.194366212515675,6.0,81.15075629572489,55.00000000000001,0.0
AFLT,Шадаев Максут Игоревич,Член СД,False,,2670.0,Шадаев Максут Игоревич,,,,,,,,,,,Шадаев Максут Игоревич,"Член Совета директоров ПАО ""Аэрофлот"" по CSV; Министр цифрового развития, связи и массовых коммуникаций РФ в 2024 году.",0,0,1,0,0,0,0,0,0,0,0.0,0,0,0,0.0,0,0,0,0,8,0,0,0,0,0,False,1,0,0,0,0,1,False,,False,igorevich maksut shadaev,1,0,2670.0,79.97816140912272,0.0,0.0,30.0,0.0
AGRO,Липатов Тимур Владимирович,CEO,True,0.8713614633798038,917.0,Липатов Тимур Владимирович,,,,,,,,,,,Липатов Тимур Владимирович,"В контексте 2024 года: генеральный директор ООО ""Группа Компаний ""Русагро""; в официальных материалах 2024 года также указан как генеральный директор ПАО ""Группа ""Русагро"" и член Совета директоров ROS AGRO PLC.",0,0,1,0,0,1,1,0,0,1,0.0,0,0,0,0.0,0,5,5,5,28,1,1,1,1,5,True,1,1,0,0,0,1,True,json_2024,False,lipatov timur vladimirovich,1,1,917.0,69.1523961516448,0.0,0.0,55.00000000000001,85.70112277650766
AKRN,Беликов Игорь Вячеславович,Член СД,False,,527.0,Беликов Игорь Вячеславович,,,,,,,,,,,Беликов Игорь Вячеславович,"Независимый директор Совета директоров ПАО ""Акрон"" в контексте 2024 года",0,0,0,1,0,0,0,0,0,1,0.0,0,1,23,0.0,0,11,11,11,57,1,1,1,1,11,False,1,1,0,1,0,1,False,,False,belikov igor viacheslavovich,1,0,527.0,63.545952264543004,0.0,0.0,60.00000000000001,0.0
AKRN,Гавриков Владимир Викторович,Член СД,False,,610.0,Гавриков Владимир Викторович,,,,,,,,,,,Гавриков Владимир Викторович,"Заместитель Председателя Совета директоров, советник Генерального директора (Президента) ПАО ""Акрон"" в контексте 2024 года",0,0,1,0,0,0,0,0,0,0,0.0,0,0,0,0.0,0,55,55,55,61,1,1,1,0,55,False,1,0,0,0,0,1,False,,False,gavrikov viktorovich vladimir,1,0,610.0,65.02587082598296,0.0,0.0,30.0,0.0
AKRN,Данильченко Нина Викторовна,Член СД,False,,1375.0,Данильченко Нина Викторовна,,,,,,,,,,,Данильченко Нина Викторовна,"Член Совета директоров, руководитель Департамента по безопасности бизнеса ПАО ""Акрон"" в контексте 2024 года",0,0,1,0,0,0,0,0,0,1,0.0,0,0,0,0.0,0,25,25,25,25,1,1,1,1,5,False,1,0,0,0,0,1,False,,False,danilchenko nina viktorovna,1,0,1375.0,73.25498133497781,0.0,0.0,30.0,0.0
AKRN,Дынкин Александр Александрович,Член СД,False,,2332.0,Дынкин Александр Александрович,,,,,,,,,,,Дынкин Александр Александрович,"Член Совета директоров, советник Генерального директора (Президента) ПАО ""Акрон"" в контексте 2024 года",0,0,0,1,0,0,0,0,0,1,1.0,1,1,54,0.0,0,10,10,10,75,1,1,1,1,10,False,1,1,1,1,0,1,False,,False,aleksandr aleksandrovich dynkin,1,0,2332.0,78.60672984756758,0.0,0.0,65.00000000000001,0.0
AKRN,Кантолинский Михаил Иосифович,Член СД,False,,244.0,Кантолинский Михаил Иосифович,,,,,,,,,,,Кантолинский Михаил Иосифович,"Роль из CSV: Член СД; членство в Совете директоров ПАО ""Акрон"" в 2024 году не подтверждено, официальная страница Акрона указывает членство с июня 2026 года",0,0,0,1,0,0,0,0,0,1,1.0,1,1,1,0.0,0,0,0,0,12,0,0,0,1,0,False,1,1,1,1,0,1,False,,False,iosifovich kantolinskii mikhail,1,0,244.0,55.76285254236497,0.0,0.0,65.00000000000001,0.0
AKRN,Колосовский Андрей Леонидович,Член СД,False,,424.0,Колосовский Андрей Леонидович,,,,,,,,,,,Колосовский Андрей Леонидович,"Член Совета директоров ПАО ""Акрон"" в контексте 2024 года",0,0,0,1,0,0,0,0,0,0,0.0,0,1,0,0.0,0,26,26,26,33,1,1,1,1,23,False,1,1,0,1,0,1,False,,False,andrei kolosovskii leonidovich,1,0,424.0,61.34628533761543,0.0,0.0,60.00000000000001,0.0
AKRN,Корнышев Олег Александрович,Член СД,False,,1672.0,Корнышев Олег Александрович,,,,,,,,,,,Корнышев Олег Александрович,"Роль из CSV: Член СД; членство в Совете директоров ПАО ""Акрон"" в 2024 году не подтверждено, официальная страница Акрона указывает членство с июня 2026 года",0,0,1,0,0,0,0,0,1,0,0.0,0,0,0,0.0,0,10,10,10,10,1,1,1,1,0,False,1,0,0,0,0,1,False,,False,aleksandrovich kornyshev oleg,1,0,1672.0,75.23601226517832,0.0,0.0,30.0,0.0
AKRN,Куницкий Владимир Яковлевич,CEO+Председатель правления,True,,1140.0,Куницкий Владимир Яковлевич,N,N,N,N,N,N,N,,,,Куницкий Владимир Яковлевич,"Председатель Правления, Генеральный директор (Президент) ПАО ""Акрон"" в контексте 2024 года",0,0,1,0,0,0,0,0,0,0,0.0,0,0,0,0.0,0,57,44,57,57,1,1,1,1,20,True,1,0,0,0,0,1,True,json_2024,False,iakovlevich kunitskii vladimir,1,0,1140.0,71.35668369196988,7.0,86.71944789536634,30.0,0.0
AKRN,Попов Александр Валериевич,Председатель СД,False,,686.0,Попов Александр Валериевич,,N,N,,,,N,,,,Попов Александр Валериевич,"Председатель Совета директоров, Первый Вице-Президент ПАО ""Акрон"" в контексте 2024 года",0,0,1,0,0,0,0,0,0,1,0.0,0,0,0,0.0,0,29,29,29,33,1,1,1,1,14,False,1,0,0,0,0,1,False,,False,aleksandr popov valerievich,1,0,686.0,66.21423317240735,3.0,57.81296526357757,30.0,0.0
AKRN,Швалюк Валерий Петрович,Член СД,False,,383.0,Швалюк Валерий Петрович,,,,,,,,,,,Швалюк Валерий Петрович,"Член Совета директоров, руководитель Департамента по экономике и финансам ПАО ""Акрон"" в контексте 2024 года",0,0,0,0,1,0,0,0,0,0,0.0,0,0,0,0.0,0,24,24,24,24,1,1,1,1,17,False,1,0,0,0,0,1,False,,False,petrovich shvaliuk valerii,1,0,383.0,60.317983721657534,0.0,0.0,30.0,0.0
ALRS,Багынанов Павел Николаевич,Член СД,False,0.108872314347739,1696.0,Багынанов Павел Николаевич,,,,,,,,,,,Багынанов Павел Николаевич,"Член Наблюдательного совета АК ""АЛРОСА"" (ПАО) в 2024 году.",0,0,1,0,0,0,0,1,0,1,0.0,0,0,0,0.0,0,1,1,1,30,1,1,1,1,1,False,1,0,0,0,0,1,False,,False,bagynanov nikolaevich pavel,1,1,1696.0,75.38039046783807,0.0,0.0,30.0,54.19020048202531
ALRS,Григорьев Павел Анатольевич,Член СД,False,-0.2446799383235906,369.0,Григорьев Павел Анатольевич,,,,,,,,,,,Григорьев Павел Анатольевич,Член СД по CSV; 2024 годовым отчетом АЛРОСА как видимый член Наблюдательного совета на 31.12.2024 не подтвержден.,0,0,0,0,1,0,0,0,0,0,0.0,0,0,0,0.0,0,0,0,0,0,0,0,0,0,0,False,0,0,0,0,0,1,False,,False,anatolevich grigorev pavel,1,1,369.0,59.94152310105566,0.0,0.0,0.0,39.57916296744822
ALRS,Григорьева Евгения Васильевна,Член СД,False,0.3892989375418608,619.0,Григорьева Евгения Васильевна,,,,,,,,,,,Григорьева Евгения Васильевна,"Член Наблюдательного совета; независимый директор АК ""АЛРОСА"" (ПАО) в 2024 году.",0,0,1,0,0,0,1,1,1,0,0.0,0,0,0,0.0,0,8,8,8,22,1,1,1,1,5,False,1,0,0,0,0,1,False,,False,evgeniia grigoreva vasilevna,1,1,619.0,65.17409025728429,0.0,0.0,30.0,65.77921987199495
ALRS,Донец Андрей Иванович,Член СД,False,,323.0,Донец Андрей Иванович,,,,,,,,,,,Донец Андрей Иванович,"Член Наблюдательного совета; независимый директор АК ""АЛРОСА"" (ПАО) в 2024 году.",0,0,1,0,0,0,0,0,1,0,0.0,0,0,0,0.0,0,4,4,4,18,1,1,1,1,4,False,1,0,0,0,0,1,False,,False,andrei donets ivanovich,1,0,323.0,58.59582224998695,0.0,0.0,30.0,0.0
ALRS,Дяченко Сергей Николаевич,Член СД,False,,502.0,Дяченко Сергей Николаевич,,,,,,,,,,,Дяченко Сергей Николаевич,"Член Наблюдательного совета; старший независимый директор АК ""АЛРОСА"" (ПАО) в 2024 году.",0,0,1,0,0,0,1,0,0,0,0.0,0,0,0,0.0,0,14,14,14,14,1,1,1,1,1,False,1,1,0,0,0,1,False,,False,diachenko nikolaevich sergei,1,0,502.0,63.05427578674032,0.0,0.0,55.00000000000001,0.0
ALRS,Жондоров Валерий Алексеевич,Член СД,False,,383.0,Жондоров Валерий Алексеевич,,,,,,,,,,,Жондоров Валерий Алексеевич,Член СД по CSV; 2024 годовым отчетом АЛРОСА как видимый член Наблюдательного совета на 31.12.2024 не подтвержден.,0,0,1,0,0,0,0,1,0,1,0.0,0,1,0,0.0,0,0,0,0,44,0,0,0,1,0,False,1,0,0,1,0,1,False,,False,alekseevich valerii zhondorov,1,0,383.0,60.317983721657534,0.0,0.0,35.0,0.0
ALRS,Иванов Сергей Сергеевич,Член СД,False,,1575.0,Иванов Сергей Сергеевич,N,,,,,,,,,,Иванов Сергей Сергеевич,"Член Наблюдательного совета; заместитель председателя Наблюдательного совета АК ""АЛРОСА"" (ПАО) в 2024 году.",0,0,0,1,0,0,0,0,0,1,0.0,0,0,0,0.0,0,8,8,8,27,1,1,1,1,8,False,1,1,0,0,0,1,False,,False,ivanov sergeevich sergei,1,0,1575.0,74.63058210012592,1.0,28.906482631788784,55.00000000000001,0.0
ALRS,Маринычев Павел Алексеевич,CEO+Председатель правления | Член СД,True,0.3535512262497748,1252.0,Маринычев Павел Алексеевич,,,,,,,,,,,Маринычев Павел Алексеевич,"Генеральный директор - Председатель Правления АК ""АЛРОСА"" (ПАО); член Наблюдательного совета в 2024 году.",0,0,1,0,0,0,0,1,0,1,0.0,0,0,0,0.0,0,10,10,10,29,1,1,1,1,2,True,1,0,0,0,0,1,True,json_2024,False,alekseevich marinychev pavel,1,1,1252.0,72.30580991662471,0.0,0.0,30.0,64.3018960908494
ALRS,Моисеев Алексей Владимирович,Член СД,False,,2733.0,Моисеев Алексей Владимирович,,,,,,,,,,,Моисеев Алексей Владимирович,"Член Наблюдательного совета АК ""АЛРОСА"" (ПАО) в 2024 году.",0,0,1,0,0,1,1,0,0,1,0.0,0,0,0,0.0,0,7,7,7,14,1,1,1,1,7,False,1,1,0,0,0,1,False,,False,aleksei moiseev vladimirovich,1,0,1145.0,80.21446888856593,0.0,0.0,55.00000000000001,0.0
ALRS,Николаев Айсен Сергеевич,Член СД,False,0.5578875704637599,2433.0,Николаев Айсен Сергеевич,,,,,,,,,,,Николаев Айсен Сергеевич,"Член Наблюдательного совета; первый заместитель председателя Наблюдательного совета АК ""АЛРОСА"" (ПАО) в 2024 году.",0,0,1,0,0,0,0,1,0,1,0.0,0,0,0,0.0,0,7,7,7,42,1,1,1,0,7,False,1,0,0,0,0,1,False,,False,aisen nikolaev sergeevich,1,1,2433.0,79.03631985193505,0.0,0.0,30.0,72.74637910105248
ALRS,Николаев Игорь Иванович,Член СД,False,,242.0,Николаев Игорь Иванович,,,,,,,,,,,Николаев Игорь Иванович,"Член Наблюдательного совета АК ""АЛРОСА"" (ПАО) в 2024 году; член Комитета по кадрам и вознаграждениям.",0,0,0,0,1,0,0,0,0,0,0.0,0,0,0,0.0,0,1,1,1,8,1,1,1,1,1,False,1,0,0,0,0,1,False,,False,igor ivanovich nikolaev,1,0,242.0,55.67976698203723,0.0,0.0,30.0,0.0
ALRS,Павленко Сергей Витальевич,Первый зам. ген. дир. Исполнительный директор,False,0.6907895448292686,181.0,Павленко Сергей Витальевич,,,,,,,,,,,Павленко Сергей Витальевич,"Первый заместитель генерального директора - исполнительный директор АК ""АЛРОСА"" (ПАО) по CSV and official ALROSA appointment release.",0,0,1,0,0,0,0,0,0,0,0.0,0,0,0,0.0,0,32,32,32,32,1,1,1,0,32,False,1,0,0,0,0,1,False,,False,pavlenko sergei vitalevich,1,1,181.0,52.74979766714319,0.0,0.0,30.0,78.23873763799833
ALRS,Рюмин Андрей Валерьевич,Член СД,False,,2488.0,Рюмин Андрей Валерьевич,,,,,,,,,,,Рюмин Андрей Валерьевич,"Член Наблюдательного совета АК ""АЛРОСА"" (ПАО) в 2024 году.",0,0,0,1,0,0,0,0,0,1,0.0,0,0,0,0.0,0,1,1,1,21,1,1,1,1,1,False,1,1,0,0,0,1,False,,False,andrei riumin valerevich,1,0,1965.0,79.26281759108186,0.0,0.0,55.00000000000001,0.0
ALRS,Силуанов Антон Германович,Председатель СД,False,,4781.0,Силуанов Антон Германович,,,,,,,,,,,Силуанов Антон Германович,"Председатель Наблюдательного совета АК ""АЛРОСА"" (ПАО) в 2024 году.",0,0,0,1,0,0,0,0,0,1,0.0,0,1,0,0.0,0,6,6,6,16,1,1,1,0,6,False,1,1,0,1,0,1,False,,False,anton germanovich siluanov,1,0,4781.0,85.88165021570873,0.0,0.0,60.00000000000001,0.0
ALRS,Фрадков Пётр Михайлович,Член СД,False,,1193.0,Фрадков Пётр Михайлович,,,,,N,,,,,,Фрадков Пётр Михайлович,"Член Наблюдательного совета АК ""АЛРОСА"" (ПАО) в 2024 году.",0,0,0,1,0,1,1,0,0,1,0.0,0,0,0,0.0,0,1,1,1,34,1,1,1,1,1,False,1,1,0,0,0,1,False,,False,fradkov mikhailovich petr,1,0,1193.0,71.81691539574734,1.0,28.906482631788784,55.00000000000001,0.0
APTK,Кузин Александр Владимирович,CEO+Член СД,True,-0.6426451050639574,2126.0,Кузин Александр Владимирович,,,N,N,N,N,N,N,N,N,Кузин Александр Владимирович,"Генеральный директор ПАО ""Аптечная сеть 36,6"" с 23.10.2020; член Совета директоров ПАО ""Аптечная сеть 36,6"" в 2024 году",0,0,1,0,0,1,0,0,0,1,0.0,0,1,3,0.0,0,19,19,19,45,1,1,1,1,6,True,1,1,0,1,0,1,True,json_2024,False,aleksandr kuzin vladimirovich,1,1,2126.0,77.66969782851177,8.0,91.63138199826525,60.00000000000001,23.13270014107813
AQUA,Александров Владимир Валерьевич,Член СД,False,0.3488955256460107,481.0,Александров Владимир Валерьевич,,,,,,,,,,,Александров Владимир Валерьевич,"Независимый член Совета директоров ПАО ""ИНАРКТИКА"" в 2024 году; член Комитета по стратегии и Комитета по аудиту",0,1,0,0,0,1,1,0,0,1,0.0,0,0,0,0.0,0,5,5,5,28,1,1,1,1,2,False,1,1,0,0,0,1,False,,False,aleksandrov valerevich vladimir,1,1,481.0,62.62199908858002,0.0,0.0,55.00000000000001,64.1094928020448
AQUA,Аюпова Сайёра Якуповна,Член СД,False,0.7230594804672218,2486.0,Аюпова Сайёра Якуповна,,,,,,,,,,,Аюпова Сайёра Якуповна,"Независимый член Совета директоров ПАО ""ИНАРКТИКА"" в 2024 году; председатель Комитета по стратегии; член Комитета по назначениям и вознаграждению",0,1,0,0,0,0,1,0,0,1,0.0,0,0,0,0.0,0,25,2,6,36,1,1,1,1,2,False,1,0,0,0,0,1,False,,False,aiupova iakupovna saiera,1,1,2486.0,79.25466937391695,0.0,0.0,30.0,79.57233751365077
AQUA,Благирев Алексей Павлович,Член СД,False,,473.0,Благирев Алексей Павлович,,,,,,,,,,,Благирев Алексей Павлович,"По CSV: член СД; членство в Совете директоров ПАО ""ИНАРКТИКА"" в 2024 году не подтверждено. Официально найден как новый независимый директор, избранный 29.12.2025",0,0,1,0,0,0,0,0,0,1,0.0,0,0,0,0.0,0,0,0,0,10,0,0,0,1,0,False,1,0,0,0,0,1,False,,False,aleksei blagirev pavlovich,1,0,473.0,62.45234857438231,0.0,0.0,30.0,0.0
AQUA,Василенко Анна Геннадьевна,Член СД,False,-0.2088528555964105,2505.0,Василенко Анна Геннадьевна,,,,,,,,,,,Василенко Анна Геннадьевна,"Независимый член Совета директоров ПАО ""ИНАРКТИКА"" в 2024 году; председатель Комитета по назначениям и вознаграждению; член Комитета по устойчивому развитию",0,0,0,0,1,1,0,0,0,1,0.0,0,0,0,0.0,0,4,4,4,19,1,1,1,1,4,False,1,0,0,0,0,1,False,,False,anna gennadevna vasilenko,1,1,2505.0,79.33181424880328,0.0,0.0,30.0,41.059766883303666
AQUA,Васильков Дмитрий Олегович,Член СД,False,-0.1887336674588313,1381.0,Васильков Дмитрий Олегович,,,,,,,,,,,Васильков Дмитрий Олегович,"Независимый член Совета директоров ПАО ""ИНАРКТИКА"" в 2024 году; член Комитета по стратегии",0,0,1,0,0,0,0,0,0,1,0.0,0,0,0,0.0,0,2,2,2,24,1,1,1,1,2,False,1,1,0,0,0,1,False,,False,dmitrii olegovich vasilkov,1,1,1381.0,73.29908458776251,0.0,0.0,55.00000000000001,41.89122025524492
AQUA,Кащеев Роман Витальевич,Член СД,False,-0.6153399692216794,1778.0,Кащеев Роман Витальевич,,,,,,,,,,,Кащеев Роман Витальевич,"Независимый член Совета директоров ПАО ""ИНАРКТИКА"" в 2024 году; председатель Комитета по устойчивому развитию; член Комитета по аудиту",0,0,1,0,0,0,0,0,0,1,1.0,1,1,0,0.0,0,4,4,4,29,1,1,1,1,4,False,1,1,1,1,0,1,False,,False,kashcheev roman vitalevich,1,1,1778.0,75.85872046143285,0.0,0.0,65.00000000000001,24.261122774840914
AQUA,Марченко Андрей Александрович,Член СД,False,-0.3379895377575663,577.0,Марченко Андрей Александрович,,,,,,,,,,,Марченко Андрей Александрович,"Независимый член Совета директоров ПАО ""ИНАРКТИКА"" в 2024 году; член Комитета по устойчивому развитию",0,0,0,1,0,0,0,0,0,1,0.0,0,0,0,0.0,0,3,3,3,42,1,1,1,1,3,False,1,1,0,0,0,1,False,,False,aleksandrovich andrei marchenko,1,1,577.0,64.46306759266632,0.0,0.0,55.00000000000001,35.723014272314934
AQUA,Погуляев Владислав Юрьевич,Член СД,False,-0.613770528312421,570.0,Погуляев Владислав Юрьевич,,,,,,,,,,,Погуляев Владислав Юрьевич,"Независимый член Совета директоров ПАО ""ИНАРКТИКА"" в 2024 году; председатель Комитета по аудиту; член Комитета по назначениям и вознаграждению",0,0,0,1,0,1,0,0,0,1,0.0,0,0,0,0.0,0,4,4,4,13,1,1,1,1,4,False,1,1,0,0,0,1,False,,False,iurevich poguliaev vladislav,1,1,570.0,64.33955923912161,0.0,0.0,55.00000000000001,24.325982098544348
AQUA,Соснов Илья Геннадьевич,CEO,True,0.6358042870264478,1658.0,Соснов Илья Геннадьевич,,,,,,,,,,,Соснов Илья Геннадьевич,"Генеральный директор ПАО ""ИНАРКТИКА"" в 2024 году; в июле 2024 года полномочия продлены с 18.07.2024 до 17.07.2027",0,0,1,0,0,0,0,0,0,1,0.0,0,0,0,0.0,0,25,25,25,28,1,1,1,1,10,True,1,0,0,0,0,1,True,json_2024,False,gennadevich ilia sosnov,1,1,1658.0,75.15083208654332,0.0,0.0,30.0,75.96639554871581
AQUA,Чернова Екатерина Анатольевна,Председатель СД,False,0.1715337231600376,662.0,Чернова Екатерина Анатольевна,,,,,,,,,,,Чернова Екатерина Анатольевна,"Председатель Совета директоров ПАО ""ИНАРКТИКА"" в 2024 году; член Комитета по устойчивому развитию",0,0,1,0,0,1,1,0,0,1,0.0,0,0,0,0.0,0,7,7,7,35,1,1,1,1,7,False,1,0,0,0,0,1,False,,False,anatolevna chernova ekaterina,1,1,662.0,65.85379051727632,0.0,0.0,30.0,56.779770165021674
ASTR,Прянишников Николай Николаевич,Первый зам. ген. дир. Исполнительный директор,False,-0.8280964565957655,894.0,Прянишников Николай Николаевич,,,,N,N,N,N,N,N,,Прянишников Николай Николаевич,"Роль из CSV (первый заместитель генерального директора, исполнительный директор) подтверждена 2026-источниками (официальный релиз ""Астры"", d-russia.ru); точная дата перехода с должности CCO не раскрыта. Также подтверждены: главный коммерческий директор (CCO) ""Группы Астра"" с 01.07.2024 и член Совета директоров с 28.06.2024.",0,0,0,1,0,1,0,0,0,1,0.0,0,1,0,0.0,0,9,9,9,39,1,1,1,1,2,False,1,1,0,1,0,1,False,,False,nikolaevich nikolai prianishnikov,1,1,894.0,68.89519892597087,6.0,81.15075629572489,60.00000000000001,15.468665662759557
ASTR,Сивцев Илья Игоревич,CEO+Член СД,True,-0.0328663478200028,1052.0,Сивцев Илья Игоревич,,,,,,,,,,,Сивцев Илья Игоревич,"Генеральный директор ПАО ""Группа Астра""; член Совета директоров, избранный ГОСА 28.06.2024.",0,0,0,0,1,0,0,0,0,1,0.0,0,0,0,0.0,0,10,10,10,23,1,1,1,1,5,True,1,0,0,0,0,1,True,json_2024,False,igorevich ilia sivtsev,1,1,1052.0,70.54311907625478,0.0,0.0,30.0,48.33265355776897
ASTR,Фролов Денис Владимирович,Председатель СД,False,,1045.0,Фролов Денис Владимирович,,,,,,,,,,,Фролов Денис Владимирович,"Председатель Совета директоров ПАО ""Группа Астра""; контролирующий акционер/конечный бенефициар в контексте 2024 года.",0,0,1,0,0,0,0,0,0,1,0.0,0,0,0,0.0,0,10,6,10,27,1,1,1,1,1,False,1,0,0,0,0,1,False,,False,denis frolov vladimirovich,1,0,1045.0,70.47551075391236,0.0,0.0,30.0,0.0
BANEP,Стрельцов Тимофей Михайлович,CEO,True,,349.0,Стрельцов Тимофей Михайлович,,,,,,,,,,,Стрельцов Тимофей Михайлович,"CEO по CSV; проверенные источники подтверждают назначение генеральным директором ПАО АНК ""Башнефть"" только с 16.09.2025. В контексте 2024 года подтвержден как первый вице-президент ПАО НК ""Роснефть"" по развитию нефтегазового и шельфового бизнеса, а не как CEO Башнефти.",0,0,1,0,0,0,0,0,0,0,1.0,1,0,0,0.0,0,24,24,24,24,1,1,1,1,0,False,1,0,1,0,0,1,False,,True,mikhailovich streltsov timofei,1,0,349.0,59.378245883889726,0.0,0.0,35.0,0.0
BELU,Белокопытов Николай Владимирович,Председатель СД+CFO,False,,12465.0,Белокопытов Николай Владимирович,,,,,,,,,,,Белокопытов Николай Владимирович,"Председатель совета директоров; заместитель председателя правления - финансовый директор ПАО ""НоваБев Групп"".",0,0,1,0,0,0,0,0,0,1,0.0,0,0,0,0.0,0,13,13,13,15,1,1,1,1,7,False,1,0,0,0,0,1,False,,False,belokopytov nikolai vladimirovich,1,0,12465.0,95.59378441017869,0.0,0.0,30.0,0.0
BELU,Гукасян Мелине Генриковна,Член СД,False,,431.0,Гукасян Мелине Генриковна,,,,,,,,,,,Гукасян Мелине Генриковна,"Независимый директор ПАО ""НоваБев Групп""; генеральный директор ООО ""КрафтХайнц Восток""; председатель комитета по вознаграждениям и номинациям.",0,0,1,0,0,1,1,0,0,1,0.0,0,0,0,0.0,0,10,4,10,10,1,1,1,1,4,False,1,0,0,0,0,1,False,,False,genrikovna gukasian meline,1,0,431.0,61.511877517936675,0.0,0.0,30.0,0.0
BELU,Иконников Александр Вячеславович,Член СД,False,,676.0,Иконников Александр Вячеславович,,,,,,,,,,,Иконников Александр Вячеславович,"Независимый директор ПАО ""НоваБев Групп""; председатель комитета по аудиту; председатель наблюдательного совета Ассоциации профессиональных директоров АНД.",0,0,0,1,0,0,0,0,0,1,0.0,0,1,0,0.0,0,7,7,7,41,1,1,1,1,7,False,1,1,0,1,0,1,False,,False,aleksandr ikonnikov viacheslavovich,1,0,676.0,66.06560321316525,0.0,0.0,60.00000000000001,0.0
BELU,Крачковский Александр Борисович,Член СД,False,,506.0,Крачковский Александр Борисович,,,,,,,,,,,Крачковский Александр Борисович,"Член совета директоров ПАО ""НоваБев Групп""; директор ООО ""НоваБев Маркет"".",0,0,1,0,0,0,0,0,0,1,0.0,0,0,0,0.0,0,9,9,9,26,1,1,1,1,2,False,1,0,0,0,0,1,False,,False,aleksandr borisovich krachkovskii,1,0,506.0,63.134564377657476,0.0,0.0,30.0,0.0
BELU,Купцов Сергей Александрович,Член СД,False,-0.5686178541857745,604.0,Купцов Сергей Александрович,,,,,,,,,,,Купцов Сергей Александрович,"CSV указывает ""Член СД""; в локальном годовом отчете за 2024 год в составе совета директоров не найден, а официальные раскрытия 2025 года указывают его кандидатом/членом совета директоров после 2024 года. Профессионально подтвержден как руководитель корпоративных финансов BELUGA GROUP.",0,0,0,0,1,0,0,0,0,0,0.0,0,0,0,0.0,0,26,26,26,26,1,1,1,1,26,False,1,0,0,0,0,1,False,,False,aleksandrovich kuptsov sergei,1,1,604.0,64.92583993252822,0.0,0.0,30.0,26.191979021384505
BELU,Мечетин Александр Анатольевич,Член СД,False,,788.0,Мечетин Александр Анатольевич,,,,,,,,,,,Мечетин Александр Анатольевич,Член совета директоров; основатель Novabev Group. В 2024 году исполнительная должность председателя правления за ним не подтверждается.,0,0,0,1,0,1,1,0,1,1,0.0,0,1,0,0.0,0,25,25,25,25,1,1,1,1,24,False,1,1,0,1,0,1,False,,False,aleksandr anatolevich mechetin,1,0,788.0,67.61743304120785,0.0,0.0,60.00000000000001,0.0
BELU,Молчанов Сергей Витальевич,Член СД+Операционный директор,False,,656.0,Молчанов Сергей Витальевич,,,,,,,,,,,Молчанов Сергей Витальевич,"Член совета директоров; первый заместитель председателя правления - операционный директор ПАО ""НоваБев Групп"".",0,0,1,0,0,0,1,0,0,1,0.0,0,0,0,0.0,0,25,25,25,25,1,1,1,0,25,False,1,0,0,0,0,1,False,,False,molchanov sergei vitalevich,1,0,656.0,65.76164095893128,0.0,0.0,30.0,0.0
BELU,Ордовский-Танаевский Бланко Ростислав,Член СД,False,,1951.0,Ордовский-Танаевский Бланко Ростислав,,,,,N,N,N,N,N,,Ордовский-Танаевский Бланко Ростислав,"Независимый директор ПАО ""НоваБев Групп""; президент ООО ""РосКорп"".",0,1,0,0,0,0,1,0,0,0,0.0,0,0,0,0.0,0,0,0,0,45,1,1,1,1,0,False,1,0,0,0,0,1,False,,False,blanko ordovskii rostislav tanaevskii,1,0,1951.0,76.79940788762303,5.0,74.7221736309214,30.0,0.0
BELU,Прохоров Константин Анатольевич,Председатель правления,True,-0.0666806531407407,809.0,Прохоров Константин Анатольевич,,,,,,,,,,,Прохоров Константин Анатольевич,"Председатель правления ПАО ""НоваБев Групп""; член совета директоров в составе, действовавшем в 2024 году.",0,0,1,0,0,0,0,0,0,1,0.0,0,0,0,0.0,0,3,3,3,3,1,1,1,1,0,True,1,0,0,0,0,1,True,json_2024,False,anatolevich konstantin prokhorov,1,1,809.0,67.88369477149413,0.0,0.0,30.0,46.93523046164192
BSPB,Иванникова Елена Викторовна,Председатель СД,False,,1582.0,Иванникова Елена Викторовна,,,,,,,,,,,Иванникова Елена Викторовна,"Председатель Наблюдательного совета ПАО ""Банк ""Санкт-Петербург""; в CSV указана как Председатель СД.",0,0,1,0,0,0,1,0,0,1,0.0,0,0,0,0.0,0,43,43,43,43,1,1,1,0,34,False,1,0,0,0,0,1,False,,False,elena ivannikova viktorovna,1,0,1582.0,74.67550440932798,0.0,0.0,30.0,0.0
BSPB,Савельев Александр Васильевич,CEO+Председатель правления,True,,2046.0,Савельев Александр Васильевич,,,,,,,,,,,Савельев Александр Васильевич,"Председатель Правления ПАО ""Банк ""Санкт-Петербург""; в CSV указан как CEO+Председатель правления.",0,0,1,0,0,0,0,0,0,0,0.0,0,1,4,0.0,0,48,48,48,82,1,1,1,1,41,True,1,0,0,1,0,1,True,json_2024,False,aleksandr savelev vasilevich,1,0,2046.0,77.2810970401384,0.0,0.0,35.0,0.0
CBOM,Маликова Дина Ринатовна,Председатель правления,True,-0.7782978554475365,671.0,Маликова Дина Ринатовна,,,,,,,,,,,Маликова Дина Ринатовна,"Председатель Правления ПАО ""МОСКОВСКИЙ КРЕДИТНЫЙ БАНК"" с июля 2025 года; CSV указывает эту роль, но для календарного 2024 года она не подтверждена",0,0,0,1,0,0,1,0,0,1,5.0,1,1,0,0.0,0,36,36,36,41,1,1,1,1,0,False,1,1,5,1,0,1,False,,True,dina malikova rinatovna,1,1,671.0,65.99046290163997,0.0,0.0,80.0,17.52666196755651
CHMF,Мордашов Алексей Александрович,Председатель СД,False,,1982.0,Мордашов Алексей Александрович,,,,,,,,,,,Мордашов Алексей Александрович,"Председатель Совета директоров ПАО ""Северсталь""; основной акционер, indirectly controlling 77.03% of shares as of 31.12.2024.",0,0,1,0,0,1,1,0,0,1,0.0,0,0,0,0.0,0,38,38,38,44,1,1,1,1,16,False,1,1,0,0,0,1,False,,False,aleksandrovich aleksei mordashov,1,0,1982.0,76.95912038100354,0.0,0.0,55.00000000000001,0.0
CHMF,Шевелёв Александр Анатольевич,CEO+Член СД,True,,1231.0,Шевелёв Александр Анатольевич,,,N,N,N,N,N,N,W,N,Шевелёв Александр Анатольевич,"Генеральный директор АО ""Северсталь Менеджмент"" (управляющая организация ПАО ""Северсталь""); в публикациях 2024 года также обозначается как генеральный директор ""Северстали"".",0,0,1,0,0,1,1,0,0,1,0.0,0,0,0,0.0,0,30,29,30,33,1,1,1,1,0,True,1,1,0,0,0,1,True,json_2024,False,aleksandr anatolevich shevelev,1,0,1231.0,72.13448671247515,9.0,96.02525677891275,55.00000000000001,0.0
CHMK,Капнин Владимир Викторович,CEO,True,-0.2816638381214424,328.0,Капнин Владимир Викторович,,,,,,,,,,,Капнин Владимир Викторович,"Указан в CSV как CEO; в контексте 2024 года эта роль не подтверждена. Официальные источники подтверждают, что в 2024 году он работал в техническом развитии ПАО ""Мечел"", а генеральным директором ПАО ""ЧМК"" назначен с 05.03.2026 (дата уточнена в раунде 2 -- см. validation_notes). РАУНД 4 (2026-07-29, quality pass): при повторной сверке первичного источника (та же ссылка mechel.ru) карьерная хронология 1997-2010 годов скорректирована -- см. tmt[0].notes и professional_experience для деталей и обоснования.",0,0,0,1,0,0,0,0,0,0,0.0,0,1,0,3.0,1,27,27,27,41,1,1,1,1,11,False,1,1,0,1,3,1,False,,True,kapnin viktorovich vladimir,1,1,328.0,58.75105317969754,0.0,0.0,70.0,38.05075198067361
CIAN,Григорьев Дмитрий Константинович,CEO+Член СД,True,-0.185278488669366,1079.0,Григорьев Дмитрий Константинович ,,,,,,,,,,N,Григорьев Дмитрий Константинович,"Генеральный директор МКПАО ""Циан""; член Совета директоров",0,0,1,0,0,0,0,0,0,0,0.0,0,0,0,0.0,0,11,11,11,23,1,1,1,1,1,True,1,0,0,0,0,1,True,json_2024,False,dmitrii grigorev konstantinovich,1,1,1079.0,70.79975003944386,1.0,28.906482631788784,30.0,42.034010313944904
CIAN,Мельников Максим Анатольевич,Председатель СД,False,0.1839792529678854,1069.0,Мельников Максим Анатольевич,,,,,,,,,,,Мельников Максим Анатольевич,"Председатель Совета директоров МКПАО ""Циан""",0,0,1,0,0,1,1,0,0,1,0.0,0,0,0,0.0,0,18,13,18,22,1,1,1,1,1,False,1,1,0,0,0,1,False,,False,anatolevich maksim melnikov,1,1,1069.0,70.70545743755771,0.0,0.0,55.00000000000001,57.294098956699024
DATA,Бушуева Екатерина,IRO,False,0.3704580809884937,1870.0,Бушуева Екатерина,,,,,,,,,,,Бушуева Екатерина Андреевна,Директор по связям с инвесторами Группы Arenadata,0,0,1,0,0,0,0,0,0,0,0.0,0,0,0,0.0,0,0,0,0,0,1,1,1,1,0,False,1,0,0,0,0,1,False,,False,bushueva ekaterina,1,1,1870.0,76.3698134316314,0.0,0.0,30.0,65.00059532688726
DATA,Гревцев Виктор Викторович,Руководитель подразделения внутреннего аудита,False,,166.0,Гревцев Виктор Викторович,,,,,,,,,,,Гревцев Виктор Викторович,Руководитель подразделения внутреннего аудита,0,0,1,0,0,0,0,0,0,0,0.0,0,0,0,0.0,0,1,1,1,8,1,1,1,0,1,False,1,0,0,0,0,1,False,,False,grevtsev viktor viktorovich,1,0,166.0,51.8779383464483,0.0,0.0,30.0,0.0
DATA,Жуков Андрей,CFO,False,,329.0,Жуков Андрей,,,,,,,,,,,Жуков Андрей,Коммерческий директор Группы Arenadata,0,0,1,0,0,0,0,0,0,0,0.0,0,0,0,0.0,0,0,0,0,0,1,1,1,1,0,False,1,0,0,0,0,1,False,,False,andrei zhukov,1,0,329.0,58.78181612169302,0.0,0.0,30.0,0.0
DATA,Муницына Мария Анатольевна,Руководитель подразделения внутреннего контроля и управления рисками,False,0.6566078741836323,811.0,Муницына Мария Анатольевна,,,,,,,,,,,Муницына Мария Анатольевна,Руководитель подразделения внутреннего контроля и управления рисками,0,0,1,0,0,0,0,0,0,0,0.0,0,0,0,0.0,0,1,1,1,1,1,1,1,0,1,False,1,0,0,0,0,1,False,,False,anatolevna mariia munitsyna,1,1,811.0,67.90869202610432,0.0,0.0,30.0,76.82613265997662
DATA,Пустовой Максим Владимирович,CEO,True,0.4408434176082116,1275.0,Пустовой Максим Владимирович,N,,,,,,,,,,Пустовой Максим Владимирович,"Генеральный директор ПАО ""Группа Аренадата""",0,0,1,0,0,1,1,0,0,0,0.0,0,0,0,0.0,0,20,9,20,29,1,1,1,1,2,True,1,0,0,0,0,1,True,json_2024,False,maksim pustovoi vladimirovich,1,1,1275.0,72.49018572118594,1.0,28.906482631788784,30.0,67.90936704607884
DELI,Алгульян Даниил Валерьевич,Член СД,False,,751.0,Алгульян Даниил Валерьевич,,,,,,,,,,,Алгульян Даниил Валерьевич,"Независимый член Совета директоров ПАО ""Каршеринг Руссия"" в составе, действующем с 25 июня 2024 года.",0,0,1,0,0,1,1,0,0,1,0.0,0,1,0,0.0,0,1,1,1,29,1,1,1,1,1,False,1,1,0,1,0,1,False,,False,algulian daniil valerevich,1,0,751.0,67.13058266407229,0.0,0.0,60.00000000000001,0.0
DELI,Артюх Константин Юрьевич,Член СД,False,,304.0,Артюх Константин Юрьевич,,,,,,,,,,,Артюх Константин Юрьевич,"Независимый член Совета директоров ПАО ""Каршеринг Руссия"" в 2024 году.",0,0,0,1,0,1,1,0,1,1,0.0,0,1,0,0.0,0,2,2,2,8,1,1,1,1,2,False,1,1,0,1,0,1,False,,False,artiukh iurevich konstantin,1,0,304.0,57.9832630804159,0.0,0.0,60.00000000000001,0.0
DELI,Белотуркин Александр,CTO,False,0.0148505782428424,198.0,Белотуркин Александр,,,,,,,,,,,Белотуркин Александр,Технический директор / глава департамента информационных технологий Делимобиля; назначен в сентябре 2024 года.,0,0,0,0,1,0,0,0,0,0,0.0,0,0,0,0.0,0,1,1,1,1,1,1,1,1,1,False,0,0,0,0,0,1,False,,False,aleksandr beloturkin,1,1,198.0,53.654957667161305,0.0,0.0,0.0,50.30462175063653
DELI,Бехтина Елена Александровна,CEO,True,0.5741125177962594,559.0,Бехтина Елена Александровна,,,,,,,,,,N,Бехтина Елена Александровна,"Генеральный директор ПАО ""Каршеринг Руссия"" в 2024 году; в должности с 1 октября 2020 года.",0,1,0,0,0,0,0,0,0,1,0.0,0,0,0,0.0,0,10,10,10,20,1,1,1,1,4,True,1,1,0,0,0,1,True,json_2024,False,aleksandrovna bekhtina elena,1,1,559.0,64.14238202673971,1.0,28.906482631788784,55.00000000000001,73.41689756715193
DELI,Гюванч Донмез,Член СД,False,,4512.0,Гюванч Донмез,,,,,,N,N,N,,,Гюванч Донмез,"Независимый член Совета директоров ПАО ""Каршеринг Руссия"" в 2024 году.",0,1,0,0,0,0,1,0,0,0,0.0,0,0,0,0.0,0,2,2,2,26,1,1,1,1,2,False,1,0,0,0,0,1,False,,False,donmez giuvanch,1,0,4512.0,85.29478668222038,3.0,57.81296526357757,30.0,0.0
DELI,Коновальчук Виталий,"CXO, CHRO",False,1.1295100207193276,263.0,Коновальчук Виталий,,,,,,,,,,,Коновальчук Виталий,Директор по клиентскому опыту и персоналу / заместитель генерального директора по управлению персоналом и клиентским опытом Делимобиля.,0,0,1,0,0,1,1,0,0,1,0.0,0,0,0,0.0,0,5,5,5,16,1,1,1,1,5,False,1,1,0,0,0,1,False,,False,konovalchuk vitalii,1,1,263.0,56.519947932364424,0.0,0.0,55.00000000000001,96.36947017670967
DELI,Лойко Михаил,CFO,False,-1.0163616901245236,500.0,Лойко Михаил,,,,,,,,N,N,,Лойко Михаил,Финансовый директор Делимобиля; назначен советом директоров 21 августа 2024 года.,0,0,0,0,1,1,0,0,0,1,0.0,0,0,0,0.0,0,1,1,1,12,1,1,1,1,1,False,1,1,0,0,0,1,False,,False,loiko mikhail,1,1,500.0,63.01389174285574,2.0,45.81569099913263,55.00000000000001,7.688343605707177
DELI,Меликян Артур Борисович,Член СД,False,,548.0,Меликян Артур Борисович,,,,,,,,,,,Меликян Артур Борисович,"Неисполнительный член Совета директоров ПАО ""Каршеринг Руссия"" в 2024 году.",0,0,0,1,0,0,0,0,1,1,0.0,0,0,0,0.0,0,13,11,11,13,1,1,1,1,4,False,1,1,0,0,0,1,False,,False,artur borisovich melikian,1,0,548.0,63.94129301954501,0.0,0.0,55.00000000000001,0.0
DELI,Полещук Ярослав Николаевич,Член СД,False,,238.0,Полещук Ярослав Николаевич,,,,,,,,,,,Полещук Ярослав Николаевич,"Неисполнительный член Совета директоров ПАО ""Каршеринг Руссия"" в 2024 году.",0,0,0,0,1,0,0,0,0,0,0.0,0,0,0,0.0,0,2,2,2,9,1,1,1,1,2,False,1,0,0,0,0,1,False,,False,iaroslav nikolaevich poleshchuk,1,0,238.0,55.51152442083872,0.0,0.0,30.0,0.0
DELI,Саволайнен Ольга Викторовна,Член СД,False,,3447.0,Саволайнен Ольга Викторовна,,,,,,,,,,,Саволайнен Ольга Викторовна,"Неисполнительный член Совета директоров ПАО ""Каршеринг Руссия"" в 2024 году.",0,0,1,0,0,0,0,0,0,0,0.0,0,0,0,0.0,0,3,3,3,9,1,1,1,1,3,False,1,0,0,0,0,1,False,,False,olga savolainen viktorovna,1,0,3447.0,82.56639946894751,0.0,0.0,30.0,0.0
DELI,Садовин Владимир Альбертович,Член СД,False,,581.0,Садовин Владимир Альбертович,N,N,N,N,,,,,,,Садовин Владимир Альбертович,"Независимый член Совета директоров ПАО ""Каршеринг Руссия"" в 2024 году.",0,0,1,0,0,0,0,0,0,0,0.0,0,0,0,0.0,0,2,2,2,20,1,1,1,1,2,False,1,0,0,0,0,1,False,,False,albertovich sadovin vladimir,1,0,581.0,64.53297394979387,4.0,67.11877414712396,30.0,0.0
DELI,Чарухин Денис Юрьевич,Председатель СД,False,,1199.0,Чарухин Денис Юрьевич,,,,,,,,,,,Чарухин Денис Юрьевич,"Председатель Совета директоров ПАО ""Каршеринг Руссия"" в составе, действующем с 25 июня 2024 года.",0,0,0,1,0,0,0,0,1,1,0.0,0,1,0,0.0,0,1,1,1,14,1,1,1,1,1,False,1,1,0,1,0,1,False,,False,charukhin denis iurevich,1,0,1199.0,71.86772443249333,0.0,0.0,60.00000000000001,0.0
DELI,Чораян Григорий Ованесович,Член СД,False,,630.0,Чораян Григорий Ованесович,,,,,,,,,,,Чораян Григорий Ованесович,"Неисполнительный член Совета директоров ПАО ""Каршеринг Руссия"" в 2024 году.",0,0,0,1,0,0,1,0,0,1,0.0,0,1,0,0.0,0,4,4,4,17,1,1,1,1,4,False,1,1,0,1,0,1,False,,False,choraian grigorii ovanesovich,1,0,630.0,65.35235256169,0.0,0.0,60.00000000000001,0.0
DIAS,Бабкин Алексей Анатольевич,Член Ревизионной комиссии,False,,286.0,Бабкин Алексей Анатольевич,,,,,,,,,,,Бабкин Алексей Анатольевич,"Член Ревизионной комиссии ПАО ""Диасофт""",0,0,1,0,0,0,0,0,0,0,0.0,0,0,0,0.0,0,11,11,11,11,1,1,1,1,1,False,1,0,0,0,0,1,False,,False,aleksei anatolevich babkin,1,0,286.0,57.366671438658315,0.0,0.0,30.0,0.0
DIAS,Бочкарев Сергей Викторович,Председатель СД,False,,678.0,Бочкарев Сергей Викторович,,,,,,,,,,,Бочкарев Сергей Викторович,"Председатель Совета директоров ПАО ""Диасофт""; независимый директор",0,0,0,1,0,0,1,1,0,1,0.0,0,0,0,0.0,0,4,1,4,38,1,1,1,1,1,False,1,1,0,0,0,1,False,,False,bochkarev sergei viktorovich,1,0,678.0,66.09550406554743,0.0,0.0,55.00000000000001,0.0
DIAS,Глазков Александр Валериевич,"CEO, член СД",True,,643.0,Глазков Александр Валериевич,,,,,,,,,,,Глазков Александр Валериевич,"Генеральный директор ПАО ""Диасофт""; член Совета директоров",0,0,0,1,0,0,0,0,0,1,0.0,0,1,0,0.0,0,51,51,51,55,1,1,1,1,14,True,1,1,0,1,0,1,True,json_2024,False,aleksandr glazkov valerievich,1,0,643.0,65.55906240883156,0.0,0.0,60.00000000000001,0.0
DIAS,Клишина Екатерина Александровна,Руководитель подразделения внутреннего аудита,False,,410.0,Клишина Екатерина Александровна,,,,,,,,,,,Клишина Екатерина Александровна,"Руководитель Службы внутреннего аудита ПАО ""Диасофт""",0,0,1,0,0,0,0,0,0,0,0.0,0,0,0,0.0,0,16,16,16,16,1,1,1,0,10,False,1,0,0,0,0,1,False,,False,aleksandrovna ekaterina klishina,1,0,410.0,61.006757561230685,0.0,0.0,30.0,0.0
DIAS,Лебедев Дмитрий Владимирович,Член Ревизионной комиссии,False,,1716.0,Лебедев Дмитрий Владимирович,,,,,,,,,,,Лебедев Дмитрий Владимирович,"Член Ревизионной комиссии ПАО ""Диасофт""",0,0,1,0,0,0,0,0,0,0,0.0,0,0,0,0.0,0,20,20,20,20,1,1,1,1,3,False,1,0,0,0,0,1,False,,False,dmitrii lebedev vladimirovich,1,0,1716.0,75.49915435261919,0.0,0.0,30.0,0.0
DIAS,Ляшков Александр Анатольевич,Член Ревизионной комиссии,False,,725.0,Ляшков Александр Анатольевич,,,,,,,,,,,Ляшков Александр Анатольевич,"Член Ревизионной комиссии ПАО ""Диасофт""",0,0,1,0,0,0,0,0,0,0,0.0,0,0,0,0.0,0,24,24,24,24,1,1,1,1,17,False,1,0,0,0,0,1,False,,False,aleksandr anatolevich liashkov,1,0,725.0,66.77392080742848,0.0,0.0,30.0,0.0
DIAS,Таскаева Татьяна Петровна,Руководитель по работе с инвесторами и акционерами,False,,388.0,Таскаева Татьяна Петровна,,,,,,,,,,,Таскаева Татьяна Петровна,"Руководитель по работе с инвесторами и акционерами ПАО ""Диасофт""",0,0,0,0,1,0,0,0,0,0,0.0,0,0,0,0.0,0,1,1,1,1,1,1,1,0,1,False,1,0,0,0,0,1,False,,False,petrovna taskaeva tatiana,1,0,388.0,60.44911597231878,0.0,0.0,30.0,0.0
DVEC,Ажимов Олег Евгеньевич,Председатель Ревизионной комиссии,False,,753.0,Ажимов Олег Евгеньевич,,,,,,,,,,,Ажимов Олег Евгеньевич,"Председатель Ревизионной комиссии ПАО ""ДЭК""; руководитель Службы внутреннего аудита ПАО ""РусГидро""",0,0,1,0,0,0,0,1,0,1,0.0,0,0,0,0.0,0,1,1,1,1,1,1,1,1,1,False,1,1,0,0,0,1,False,,False,azhimov evgenevich oleg,1,0,753.0,67.15750534021116,0.0,0.0,55.00000000000001,0.0
DVEC,Бельченко Антон Леонидович,Член СД,False,,907.0,Бельченко Антон Леонидович,,,,,,,,,,,Бельченко Антон Леонидович,"Член Совета директоров ПАО ""ДЭК""; заместитель директора Департамента по анализу рынков ПАО ""РусГидро""",0,0,1,0,0,0,0,0,0,1,3.0,0,1,4,0.0,0,2,2,2,2,1,1,1,1,2,False,1,0,2,1,0,1,False,,False,anton belchenko leonidovich,1,0,907.0,69.04137224206889,0.0,0.0,45.0,0.0
DVEC,Борисенко Вера Валентиновна,Член СД,False,,1325.0,Борисенко Вера Валентиновна,,,,,,,,,,,Борисенко Вера Валентиновна,"Член Совета директоров ПАО ""ДЭК""; начальник Управления перспективных продаж ПАО ""РусГидро""",0,0,0,0,1,0,0,0,0,0,0.0,0,0,0,0.0,0,2,2,2,2,1,1,1,1,2,False,1,0,0,0,0,1,False,,False,borisenko valentinovna vera,1,0,1325.0,72.87979484945491,0.0,0.0,30.0,0.0
DVEC,Власов Алексей Валерьевич,Председатель СД,False,,1045.0,Власов Алексей Валерьевич,,,,,,,,,,,Власов Алексей Валерьевич,"Председатель Совета директоров ПАО ""ДЭК""; заместитель директора департамента по работе на рынках Департамента по работе на оптовом рынке электроэнергии и мощности и анализа рынков ПАО ""РусГидро""",0,0,0,0,1,0,0,0,0,0,0.0,0,0,0,0.0,0,2,2,2,2,1,1,1,1,2,False,1,0,0,0,0,1,False,,False,aleksei valerevich vlasov,1,0,1045.0,70.47551075391236,0.0,0.0,30.0,0.0
DVEC,Доланова Елена Федоровна,Член Ревизионной комиссии,False,,581.0,Доланова Елена Федоровна,,,,,,,,,,,Доланова Елена Федоровна,"Член Ревизионной комиссии ПАО ""ДЭК""; начальник Управления риск-менеджмента ПАО ""РусГидро""",0,0,0,0,1,0,0,0,0,0,0.0,0,0,0,0.0,0,1,1,1,1,1,1,1,1,1,False,1,0,0,0,0,1,False,,False,dolanova elena fedorovna,1,0,581.0,64.53297394979387,0.0,0.0,30.0,0.0
DVEC,Дьяченко Ксения Юрьевна,Член Ревизионной комиссии,False,,559.0,Дьяченко Ксения Юрьевна,,,,,,,,,,,Дьяченко Ксения Юрьевна,"Член Ревизионной комиссии ПАО ""ДЭК""; ведущий специалист Контрольно-ревизионного управления ""Дальний Восток"" ПАО ""РусГидро""",0,0,0,0,1,0,0,0,0,0,0.0,0,0,0,0.0,0,1,1,1,1,1,1,1,1,1,False,1,0,0,0,0,1,False,,False,diachenko iurevna kseniia,1,0,559.0,64.14238202673971,0.0,0.0,30.0,0.0
DVEC,Кабанова Лариса Владимировна,Член СД,False,,614.0,Кабанова Лариса Владимировна,,,,,,N,,,,,Кабанова Лариса Владимировна,"Член Совета директоров ПАО ""ДЭК""; директор Департамента корпоративных финансов ПАО ""РусГидро""",0,0,1,0,0,0,0,0,0,1,0.0,0,0,0,0.0,0,7,2,7,7,1,1,1,1,2,False,1,0,0,0,0,1,False,,False,kabanova larisa vladimirovna,1,0,614.0,65.09201384441194,1.0,28.906482631788784,30.0,0.0
DVEC,Кимерин Владимир Анатольевич,CEO,True,,968.0,Кимерин Владимир Анатольевич,,,,,,,,,,,Кимерин Владимир Анатольевич,"Генеральный директор АО ""ЭСК РусГидро""; полномочия единоличного исполнительного органа ПАО ""ДЭК"" переданы АО ""ЭСК РусГидро""",0,0,0,1,0,0,0,0,0,1,0.0,0,0,0,0.0,0,22,15,22,22,1,1,1,1,0,True,1,1,0,0,0,1,True,json_2024,False,anatolevich kimerin vladimir,1,0,968.0,69.70044213888656,0.0,0.0,55.00000000000001,0.0
DVEC,Коломиец Владимир Александрович,Член Ревизионной комиссии,False,,369.0,Коломиец Владимир Александрович,,,,,,,,,,,Коломиец Владимир Александрович,"Член Ревизионной комиссии ПАО ""ДЭК""; главный специалист Контрольно-ревизионного управления ""Дальний Восток"" ПАО ""РусГидро""",0,0,0,0,1,0,0,0,0,0,0.0,0,0,0,0.0,0,1,1,1,1,1,1,1,1,1,False,1,0,0,0,0,1,False,,False,aleksandrovich kolomiets vladimir,1,0,369.0,59.94152310105566,0.0,0.0,30.0,0.0
DVEC,Коптяков Станислав Сергеевич,Член СД,False,,1228.0,Коптяков Станислав Сергеевич,,,,N,N,N,N,N,N,N,Коптяков Станислав Сергеевич,"Член Совета директоров ПАО ""ДЭК""; директор Департамента корпоративного управления ПАО ""РусГидро""",0,0,1,0,0,0,0,1,1,1,0.0,0,0,0,0.0,0,2,2,2,2,1,1,1,1,2,False,1,0,0,0,0,1,False,,False,koptiakov sergeevich stanislav,1,0,1228.0,72.10977386413336,7.0,86.71944789536634,30.0,0.0
DVEC,Меделец Светлана Юрьевна,Член Ревизионной комиссии,False,,224.0,Меделец Светлана Юрьевна,,,,,,,,,,,Меделец Светлана Юрьевна,"Член Ревизионной комиссии ПАО ""ДЭК""",0,0,0,0,1,0,0,0,0,0,0.0,0,0,0,0.0,0,4,1,4,4,1,1,1,0,1,False,1,0,0,0,0,1,False,,False,iurevna medelets svetlana,1,0,224.0,54.89966050018644,0.0,0.0,30.0,0.0
DVEC,Осенкова Ксения Геннадьевна,Член СД,False,,241.0,Осенкова Ксения Геннадьевна,,,,,,,,,,,Осенкова Ксения Геннадьевна,"Член Совета директоров ПАО ""ДЭК""; начальник Управления нормативного обеспечения и взаимодействия с инфраструктурными организациями ПАО ""РусГидро""",0,0,0,0,1,0,0,0,0,0,0.0,0,0,0,0.0,0,2,2,2,2,1,1,1,1,2,False,1,0,0,0,0,1,False,,False,gennadevna kseniia osenkova,1,0,241.0,55.63796741102103,0.0,0.0,30.0,0.0
DVEC,Сорокин Роман Юрьевич,Член СД,False,,298.0,Сорокин Роман Юрьевич,,,,,,,,,,,Сорокин Роман Юрьевич,"Член Совета директоров ПАО ""ДЭК""; начальник Управления корпоративного развития и сопровождения сделок ПАО ""РусГидро""",0,1,0,0,0,0,0,0,1,0,0.0,0,0,0,0.0,0,25,11,25,26,1,1,1,1,1,False,1,0,0,0,0,1,False,,False,iurevich roman sorokin,1,0,298.0,57.78187139075982,0.0,0.0,30.0,0.0
DVEC,Стороженко Виталий Анатольевич,Член СД,False,,1572.0,Стороженко Виталий Анатольевич,,,,,,,,,,,Стороженко Виталий Анатольевич,"Член Совета директоров ПАО ""ДЭК""; исполнительный директор ПАО ""ДЭК""",0,0,1,0,0,0,0,0,0,0,0.0,0,0,0,0.0,0,2,2,2,2,1,1,1,0,2,False,1,0,0,0,0,1,False,,False,anatolevich storozhenko vitalii,1,0,1572.0,74.61126856946746,0.0,0.0,30.0,0.0
DVEC,Тюльпанов Евгений Викторович,Член СД,False,,300.0,Тюльпанов Евгений Викторович,,,,,,,,,,,Тюльпанов Евгений Викторович,"Член Совета директоров ПАО ""ДЭК""; начальник Управления методологии и корпоративного взаимодействия Департамента управления имуществом ПАО ""РусГидро""",0,0,0,0,1,0,0,0,0,0,0.0,0,0,0,0.0,0,2,2,2,2,1,1,1,1,2,False,1,0,0,0,0,1,False,,False,evgenii tiulpanov viktorovich,1,0,300.0,57.849447518424505,0.0,0.0,30.0,0.0
ELFV,Атцени Москвитин Матвей Владимирович,Член Правления,False,,1121.0,Атцени Москвитин Матвей Владимирович,,,,,,,,,,,Атцени Москвитин Матвей Владимирович,"Заместитель генерального директора - Коммерческий директор; член Правления ПАО ""ЭЛ5-Энерго"".",0,0,0,0,1,1,1,0,0,1,0.0,0,0,0,0.0,0,25,25,25,25,1,1,1,1,20,False,1,1,0,0,0,1,False,,False,attseni matvei moskvitin vladimirovich,1,0,1121.0,71.18647089825112,0.0,0.0,55.00000000000001,0.0
ELFV,Верещагин Михаил Игоревич,Член Правления,False,,1422.0,Верещагин Михаил Игоревич,,,,,,,,,,,Верещагин Михаил Игоревич,"Заместитель генерального директора - Директор по персоналу и организационному развитию; член Правления ПАО ""ЭЛ5-Энерго"".",0,0,1,0,0,0,1,0,0,0,0.0,0,1,6,0.0,0,5,5,5,31,1,1,1,1,5,False,1,1,0,1,0,1,False,,False,igorevich mikhail vereshchagin,1,0,1422.0,73.5954277226525,0.0,0.0,60.00000000000001,0.0
ELFV,Косменюк Олег Николаевич,Член Правления,False,,321.0,Косменюк Олег Николаевич,,,,,,,,,,,Косменюк Олег Николаевич,"Заместитель генерального директора - Директор по генерации; член Правления ПАО ""ЭЛ5-Энерго"".",0,0,1,0,0,0,1,0,0,0,0.0,0,0,0,0.0,0,17,17,17,21,1,1,1,1,17,False,1,0,0,0,0,1,False,,False,kosmeniuk nikolaevich oleg,1,0,321.0,58.53305807665299,0.0,0.0,30.0,0.0
ELFV,Леонова Нина Васильевна,Член Правления,False,,638.0,Леонова Нина Васильевна,,,,,,,,,,,Леонова Нина Васильевна,"Заместитель генерального директора - Финансовый директор; член Правления ПАО ""ЭЛ5-Энерго"".",0,0,1,0,0,0,0,0,0,0,0.0,0,0,0,0.0,0,17,17,17,17,1,1,1,0,17,False,1,0,0,0,0,1,False,,False,leonova nina vasilevna,1,0,638.0,65.48005669625755,0.0,0.0,30.0,0.0
ELFV,Рачкин Сергей Владимирович,Член Правления,False,,220.0,Рачкин Сергей Владимирович,,,,,,,,,,,Рачкин Сергей Владимирович,"Заместитель генерального директора - Директор по безопасности; член Правления ПАО ""ЭЛ5-Энерго"".",0,0,1,0,0,0,0,0,0,0,0.0,0,0,0,0.0,0,29,29,29,29,1,1,1,0,21,False,1,0,0,0,0,1,False,,False,rachkin sergei vladimirovich,1,0,220.0,54.71783712086887,0.0,0.0,30.0,0.0
ELFV,Рожина Лариса Николаевна,Руководитель подразделения внутреннего аудита,False,,6145.0,Рожина Лариса Николаевна,,,,,,,,,,,Рожина Лариса Николаевна,"Директор по внутреннему аудиту / руководитель подразделения внутреннего аудита ПАО ""ЭЛ5-Энерго"".",0,0,0,0,1,0,0,0,0,0,0.0,0,0,0,0.0,0,6,6,6,6,1,1,1,1,3,False,1,0,0,0,0,1,False,,False,larisa nikolaevna rozhina,1,0,6145.0,88.42530011683137,0.0,0.0,30.0,0.0
ELFV,Седова Жанна Игоревна,Член Правления,False,,389.0,Седова Жанна Игоревна,,,,,,,,,,,Седова Жанна Игоревна,"Заместитель генерального директора - Директор по правовым вопросам и корпоративным отношениям; член Правления ПАО ""ЭЛ5-Энерго"".",0,0,0,1,0,0,0,0,1,0,0.0,0,1,35,0.0,0,36,28,36,43,1,1,1,0,28,False,1,1,0,2,0,1,False,,False,igorevna sedova zhanna,1,0,389.0,60.475140072896814,0.0,0.0,65.0,0.0
ELFV,Тналин Алибек Айбекович,CEO,True,,591.0,Тналин Алибек Айбекович,,,,,,,,,,,Тналин Алибек Айбекович,"Генеральный директор; Председатель Правления ПАО ""ЭЛ5-Энерго"" в 2024 году.",0,0,1,0,0,0,0,0,0,0,0.0,0,0,0,0.0,0,5,5,5,16,1,1,1,1,3,True,1,0,0,0,0,1,True,json_2024,False,aibekovich alibek tnalin,1,0,591.0,64.70565924390564,0.0,0.0,30.0,0.0
ELFV,Юзефович Елена Константиновна,Руководитель подразделения внутреннего контроля и управления рисками,False,,494.0,Юзефович Елена Константиновна,,,,,,,,,,,Юзефович Елена Константиновна,"Старший менеджер по контролю рисков (Группа контроля рисков); руководитель подразделения внутреннего контроля и управления рисками ПАО ""ЭЛ5-Энерго"" согласно CSV.",0,0,1,0,0,0,0,0,0,0,0.0,0,0,0,0.0,0,10,10,10,10,1,1,1,0,10,False,1,0,0,0,0,1,False,,False,elena iuzefovich konstantinovna,1,0,494.0,62.89176518592189,0.0,0.0,30.0,0.0
ENPG,Бахтина Ирина,Директор по устойчивому развитию,False,,3224.0,Бахтина Ирина,N,N,W,N,N,N,,W,,,Бахтина Ирина,"Директор по устойчивому развитию МКПАО ""ЭН+ ГРУП"" в 2024 году",0,0,0,1,0,1,1,0,0,1,0.0,0,0,0,0.0,0,12,12,12,29,1,1,1,1,1,False,1,1,0,0,0,1,False,,False,bakhtina irina,1,0,3224.0,81.88866677786389,9.0,96.02525677891275,55.00000000000001,0.0
ENPG,Галенская Людмила Петровна,Член СД,False,,999.0,Галенская Людмила Петровна,,,,,,,,,,,Галенская Людмила Петровна,"Член Совета директоров МКПАО ""ЭН+ ГРУП"" в 2024 году",0,0,1,0,0,0,0,0,0,0,0.0,0,0,0,0.0,0,9,3,9,48,1,1,1,1,3,False,1,0,0,0,0,1,False,,False,galenskaia liudmila petrovna,1,0,999.0,70.01964355759307,0.0,0.0,30.0,0.0
ENPG,Гераскин Вадим Викторович,Член СД,False,1.217360181677038,178.0,Гераскин Вадим Викторович,N,,,,,,,,,,Гераскин Вадим Викторович,"Член Совета директоров МКПАО ""ЭН+ ГРУП"" в 2024 году",0,0,1,0,0,0,0,0,0,0,0.0,0,0,0,0.0,0,6,6,6,23,1,1,1,1,6,False,1,0,0,0,0,1,False,,False,geraskin vadim viktorovich,1,1,178.0,52.58132207228511,1.0,28.906482631788784,30.0,100.0
ENPG,Горбатова Анастасия Владимировна,Член СД,False,,250.0,Горбатова Анастасия Владимировна,,,,,,,,,,,Горбатова Анастасия Владимировна,"Член Совета директоров МКПАО ""ЭН+ ГРУП"" в 2024 году",0,0,1,0,0,0,0,0,1,0,0.0,0,0,0,0.0,0,5,5,5,5,1,1,1,0,5,False,1,0,0,0,0,1,False,,False,anastasiia gorbatova vladimirovna,1,0,250.0,56.00809954420839,0.0,0.0,30.0,0.0
ENPG,Данилов Александр,Директор по правовым вопросам,False,,7467.0,Данилов Александр,,,,,,,,,,N,Данилов Александр,"Директор по правовым вопросам МКПАО ""ЭН+ ГРУП"" в 2024 году",0,0,1,0,0,1,1,0,1,1,0.0,0,0,0,0.0,0,6,6,6,21,1,1,1,0,6,False,1,1,0,0,0,1,False,,False,aleksandr danilov,1,0,7467.0,90.40012838710396,1.0,28.906482631788784,55.00000000000001,0.0
ENPG,Джеймс У. Рэйдер,Член СД,False,,0.0,Джеймс У. Рэйдер,,,,,,,,,,,Джеймс У. Рэйдер (J.W. Rader),"Член Совета директоров МКПАО ""ЭН+ ГРУП"" в 2024 году",0,0,0,1,0,0,1,0,1,1,0.0,0,0,0,0.0,0,3,3,3,41,1,1,1,1,3,False,1,1,0,0,0,1,False,,False,dzheims reider u,0,0,0.0,0.0,0.0,0.0,55.00000000000001,0.0
ENPG,Джеймс Шваб,Член СД,False,,3513.0,Джеймс Шваб,,,,,,,,,,,Джеймс Шваб (James Schwab),"Член Совета директоров МКПАО ""ЭН+ ГРУП"" в 2024 году",0,1,0,0,0,1,1,0,0,1,0.0,0,0,0,0.0,0,2,2,2,41,1,1,1,1,2,False,1,1,0,0,0,1,False,,False,dzheims shvab,1,0,3513.0,82.75859172072657,0.0,0.0,55.00000000000001,0.0
ENPG,Колмогоров Владимир Васильевич,CEO,True,,641.0,Колмогоров Владимир Васильевич,,,,,,,,,,,Колмогоров Владимир Васильевич,"Генеральный директор МКПАО ""ЭН+ ГРУП"" с 23 мая 2024 года",0,0,0,1,0,0,0,0,0,1,0.0,0,0,0,0.0,0,9,9,9,35,1,1,1,1,9,True,1,1,0,0,0,1,True,json_2024,False,kolmogorov vasilevich vladimir,1,0,641.0,65.5275339802794,0.0,0.0,55.00000000000001,0.0
ENPG,Конопацкий Виктор,Директор по связям с государственными органами,False,,294.0,Конопацкий Виктор,,,,,,,,,,N,Конопацкий Виктор,"Директор по связям с государственными органами МКПАО ""ЭН+ ГРУП"" в 2024 году",0,0,0,0,1,0,0,0,0,0,0.0,0,0,0,0.0,0,0,0,0,0,1,1,1,0,0,False,0,0,0,0,0,1,False,,False,konopatskii viktor,1,0,294.0,57.645352403162306,1.0,28.906482631788784,0.0,0.0
ENPG,Кристофер Бернэм,Председатель СД,False,,30.0,Кристофер Бернэм,,,,,,,,,,,Кристофер Бэнкрофт Бернэм (Christopher Bancroft Burnham),"Председатель Совета директоров МКПАО ""ЭН+ ГРУП"" в 2024 году",0,0,1,0,0,0,1,0,0,0,0.0,0,0,0,0.0,0,6,6,6,30,1,1,1,1,6,False,1,1,0,0,0,1,False,,False,bernem kristofer,1,0,30.0,34.80820473924135,0.0,0.0,55.00000000000001,0.0
ENPG,Малевинская Анна Александровна,CFO,False,,490.0,Малевинская Анна Александровна,,,,,,,,,,N,Малевинская Анна Александровна,"Финансовый директор МКПАО ""ЭН+ ГРУП"" в 2024 году",0,0,0,1,0,0,0,0,0,1,0.0,0,0,0,0.0,0,23,23,23,23,1,1,1,1,8,False,1,1,0,0,0,1,False,,False,aleksandrovna anna malevinskaia,1,0,490.0,62.80952228762866,1.0,28.906482631788784,55.00000000000001,0.0
ENPG,Плугарь Андрей Георгиевич,Член СД,False,-0.1772731989965633,1640.0,Плугарь Андрей Георгиевич,,,,,,,,,,,Плугарь Андрей Георгиевич,"Член Совета директоров МКПАО ""ЭН+ ГРУП"" в 2024 году",0,0,1,0,0,0,0,0,1,0,0.0,0,0,0,0.0,0,2,2,2,2,1,1,1,1,2,False,1,0,0,0,0,1,False,,False,andrei georgievich plugar,1,1,1640.0,75.04025228143215,0.0,0.0,30.0,42.36484001971151
ENPG,Погосбеков Давид Дешенович,Директор по коммерции,False,,511.0,Погосбеков Давид Дешенович,,N,,,,,,,N,N,Погосбеков Давид Дешенович,"Директор по коммерции МКПАО ""ЭН+ ГРУП"" в 2024 году",0,0,1,0,0,1,0,0,0,1,0.0,0,0,0,0.0,0,6,6,6,19,1,1,1,1,6,False,1,1,0,0,0,1,False,,False,david deshenovich pogosbekov,1,0,511.0,63.23403898960726,3.0,57.81296526357757,55.00000000000001,0.0
ENPG,Санарова Ольга,Директор по связям с общественностью,False,,1253.0,Санарова Ольга,,,N,N,N,N,N,N,N,N,Санарова Ольга,"Директор по связям с общественностью МКПАО ""ЭН+ ГРУП"" в 2024 году",0,0,1,0,0,0,0,0,0,1,0.0,0,0,0,0.0,0,19,19,19,25,1,1,1,1,0,False,1,0,0,0,0,1,False,,False,olga sanarova,1,0,1253.0,72.3138963802425,8.0,91.63138199826525,30.0,0.0
ENPG,Тэргуд Маршалл Мл.,Член СД,False,,345.0,Тэргуд Маршалл Мл.,,,,,,,,,,,Тэргуд Маршалл Мл. (Thurgood Marshall Jr.),"Член Совета директоров МКПАО ""ЭН+ ГРУП"" в 2024 году",0,0,0,1,0,0,1,0,0,0,0.0,0,0,0,0.0,0,4,4,4,9,1,1,1,1,4,False,1,1,0,0,0,1,False,,False,marshall ml tergud,1,0,345.0,59.261734467691404,0.0,0.0,55.00000000000001,0.0
ENPG,Филина Ольга Владимировна,Член СД,False,-0.4802361044151686,812.0,Филина Ольга Владимировна,,,,,,,,,,,Филина Ольга Владимировна,"Член Совета директоров МКПАО ""ЭН+ ГРУП"" в 2024 году",0,1,0,0,0,0,0,0,0,1,0.0,0,0,0,0.0,0,4,4,4,4,1,1,1,0,4,False,1,1,0,0,0,1,False,,False,filina olga vladimirovna,1,1,812.0,67.92116757427273,0.0,0.0,55.00000000000001,29.84447749012642
ENPG,Фокина Жанна Сергеевна,Член СД,False,-0.377664205471654,552.0,Фокина Жанна Сергеевна,,,,,,,,,,,Фокина Жанна Сергеевна,"Член Совета директоров МКПАО ""ЭН+ ГРУП"" в 2024 году",0,0,0,0,1,0,0,0,0,0,0.0,0,0,0,0.0,0,4,4,4,4,1,1,1,1,4,False,1,0,0,0,0,1,False,,False,fokina sergeevna zhanna,1,1,552.0,64.01487869013587,0.0,0.0,30.0,34.083403567054326
ENPG,Шаронов Андрей Владимирович,Член СД,False,,1052.0,Шаронов Андрей Владимирович,,,,,,N,,,,,Шаронов Андрей Владимирович,"Член Совета директоров МКПАО ""ЭН+ ГРУП"" в 2024 году",0,0,0,1,0,0,1,0,0,1,0.0,0,0,0,0.0,0,4,4,4,36,1,1,1,1,4,False,1,1,0,0,0,1,False,,False,andrei sharonov vladimirovich,1,0,1052.0,70.54311907625478,1.0,28.906482631788784,55.00000000000001,0.0
ENPG,Яновский Андрей Владимирович,Член СД,False,0.4893092102209822,535.0,Яновский Андрей Владимирович,,,,,,,,,,,Яновский Андрей Владимирович,"Член Совета директоров МКПАО ""ЭН+ ГРУП"" в 2024 году",0,0,0,0,1,1,1,0,0,1,0.0,0,0,0,0.0,0,5,5,5,26,1,1,1,1,5,False,1,1,0,0,0,1,False,,False,andrei ianovskii vladimirovich,1,1,368.0,63.69838192807374,0.0,0.0,55.00000000000001,69.91228318842684
ETLN,Андреас Крифтис,Член СД,False,,9.0,Андреас Крифтис,,,,,,,,,,,Крифтис Андреас,"Независимый директор без исполнительных полномочий, член Совета директоров Etalon Group PLC; член Комитета по аудиту",0,1,0,0,0,0,1,0,0,1,0.0,0,0,0,0.0,0,2,2,2,17,1,1,1,1,2,False,1,1,0,0,0,1,False,,False,andreas kriftis,1,0,9.0,23.33988118586436,0.0,0.0,55.00000000000001,0.0
ETLN,Бузулуцкий Михаил Игоревич,"CEO, член СД",True,0.504589774757878,1163.0,Бузулуцкий Михаил Игоревич,,,,,,,,,,,Бузулуцкий Михаил Игоревич,"Президент АО ""ГК ""Эталон"" с апреля 2024 года; в решениях по редомициляции указан как будущий chief executive officer МКПАО ""Эталон Груп"" с даты регистрации в РФ. В отчетности Etalon Group PLC за 2024 год он не включен в действующий совет директоров PLC.",0,0,0,1,0,1,0,0,0,1,1.0,1,1,0,0.0,0,6,6,6,6,1,1,1,1,2,True,1,1,1,1,0,1,True,json_2024,False,buzulutskii igorevich mikhail,1,1,1163.0,71.55897828197244,0.0,0.0,65.00000000000001,70.54377372484849
ETLN,Волошин Александр Стальевич,Член СД,False,,17399.0,Волошин Александр Стальевич,,,,,,,,,,,Волошин Александр Стальевич,"Независимый директор без исполнительных полномочий, член Совета директоров Etalon Group PLC",0,0,1,0,0,0,0,0,0,1,0.0,0,0,0,0.0,0,4,4,4,43,1,1,1,1,4,False,1,0,0,0,0,1,False,,False,aleksandr stalevich voloshin,1,0,17399.0,98.97391561772231,0.0,0.0,30.0,0.0
ETLN,Егоров Сергей Валерьевич,Председатель СД,False,-0.1419905058878503,1649.0,Егоров Сергей Валерьевич,,,,,,,,,,,Егоров Сергей Валерьевич,"Председатель Совета директоров Etalon Group PLC, директор без исполнительных полномочий",0,0,1,0,0,0,1,0,0,1,0.0,0,0,0,0.0,0,6,6,6,26,1,1,1,1,6,False,1,0,0,0,0,1,False,,False,egorov sergei valerevich,1,1,1649.0,75.0956929753788,0.0,0.0,30.0,43.822946279059686
ETLN,Оглоблина Марина Евгеньевна,Член СД,False,-0.3167492308291017,1149.0,Оглоблина Марина Евгеньевна,,,,,,,,,,,Оглоблина Марина Евгеньевна,"Независимый директор без исполнительных полномочий, член Совета директоров Etalon Group PLC",0,0,0,1,0,0,0,0,0,1,0.0,0,1,0,0.0,0,6,6,6,52,1,1,1,1,6,False,1,1,0,1,0,1,False,,False,evgenevna marina ogloblina,1,1,1149.0,71.43632393968494,0.0,0.0,60.00000000000001,36.60079943421978
ETLN,Пыльцов Виталий Николаевич,Член СД,False,-0.3541301586205756,226.0,Пыльцов Виталий Николаевич,,,,,,,,,,,Пыльцов Виталий Николаевич,"Независимый директор без исполнительных полномочий, член Совета директоров Etalon Group PLC; председатель Комитета по аудиту",0,0,1,0,0,0,1,0,0,1,0.0,0,0,0,0.0,0,2,2,2,7,1,1,1,1,2,False,1,0,0,0,0,1,False,,False,nikolaevich pyltsov vitalii,1,1,226.0,54.989363577711714,0.0,0.0,30.0,35.05598071459856
ETLN,Щербина Геннадий Филиппович,Член СД,False,-0.6539959511369232,1912.0,Щербина Геннадий Филиппович,,,,,N,N,N,N,N,,Щербина Геннадий Филиппович,"Член Совета директоров Etalon Group PLC; главный исполнительный директор Etalon Group PLC в отчетности 2024; с апреля 2024 года председатель Совета директоров АО ""ГК ""Эталон""",0,0,0,1,0,0,0,1,0,1,0.0,0,1,0,0.0,0,21,21,21,26,1,1,1,1,10,False,1,1,0,1,0,1,False,,False,filippovich gennadii shcherbina,1,1,1912.0,76.5948374863095,5.0,74.7221736309214,60.00000000000001,22.66361067398748
EUTR,Алексеенков Олег Олегович,"CEO, член СД",True,-0.0058323576810463,818.0,Алексеенков Олег Олегович,,,,,,,,,,,Алексеенков Олег Олегович,"Генеральный директор ПАО ""ЕвроТранс""; исполнительный директор, член Совета директоров в контексте 2024 года",0,0,0,0,1,1,1,0,0,1,0.0,0,0,0,0.0,0,34,34,34,35,1,1,1,1,6,True,1,0,0,0,0,1,True,json_2024,False,alekseenkov oleg olegovich,1,1,818.0,67.9957001277795,0.0,0.0,30.0,49.44987071903593
EUTR,Алексеенков Сергей Олегович,Член СД,False,,1361.0,Алексеенков Сергей Олегович,,,,,,,,,,,Алексеенков Сергей Олегович,"Член Совета директоров ПАО ""ЕвроТранс""; заместитель председателя Совета директоров в раскрытии эмитента",0,0,0,1,0,0,0,0,0,1,0.0,0,0,0,0.0,0,31,31,31,55,1,1,1,1,4,False,1,1,0,0,0,1,False,,False,alekseenkov olegovich sergei,1,0,1361.0,73.15132130629775,0.0,0.0,55.00000000000001,0.0
EUTR,Депутатов Георгий Юрьевич,Руководитель подразделения внутреннего аудита,False,,115.0,Депутатов Георгий Юрьевич,,,,,,,,,,,Депутатов Георгий Юрьевич,"Директор по внутреннему аудиту ПАО ""ЕвроТранс""",0,0,1,0,0,0,0,0,0,1,0.0,0,0,0,0.0,0,1,1,1,4,1,1,1,1,1,False,1,0,0,0,0,1,False,,False,deputatov georgii iurevich,1,0,115.0,48.18420418176472,0.0,0.0,30.0,0.0
EUTR,Дорошенко Николай Николаевич,Член СД,False,0.0520333746514894,969.0,Дорошенко Николай Николаевич,,,,,,,,,,,Дорошенко Николай Николаевич,"Член Совета директоров ПАО ""ЕвроТранс""; заместитель председателя Совета директоров в раскрытии эмитента",0,0,0,1,0,0,0,0,0,0,0.0,0,0,0,0.0,0,6,6,6,39,1,1,1,1,3,False,1,1,0,0,0,1,False,,False,doroshenko nikolaevich nikolai,1,1,969.0,69.7108974070722,0.0,0.0,55.00000000000001,51.84125241588834
EUTR,Мартышов Игорь Юрьевич,Председатель СД,False,,378.0,Мартышов Игорь Юрьевич,,,,,,,,,,,Мартышов Игорь Юрьевич,"Председатель Совета директоров ПАО ""ЕвроТранс"" в контексте 2024 года",0,0,1,0,0,0,0,0,1,1,0.0,0,0,0,0.0,0,3,3,3,4,1,1,1,1,3,False,1,0,0,0,0,1,False,,False,igor iurevich martyshov,1,0,378.0,60.185132781865946,0.0,0.0,30.0,0.0
EUTR,Панкратьева Наталья Михайловна,Член СД,False,,2743.0,Панкратьева Наталья Михайловна,,,,,,,,,,,Панкратьева Наталья Михайловна,"Член Совета директоров ПАО ""ЕвроТранс""; финансовый директор ПАО ""ЕвроТранс""",0,0,1,0,0,0,0,0,0,1,0.0,0,0,0,0.0,0,7,7,7,7,1,1,1,0,7,False,1,0,0,0,0,1,False,,False,mikhailovna nataliia pankrateva,1,0,2743.0,80.25147652955454,0.0,0.0,30.0,0.0
EUTR,Сафонов Олег Петрович,Член СД,False,-0.2432452673417045,493.0,Сафонов Олег Петрович,,,,,,,,,,,Сафонов Олег Петрович,"Независимый директор, член Совета директоров ПАО ""ЕвроТранс""; председатель Комитета по аудиту",0,0,0,1,0,0,0,0,0,1,0.0,0,0,0,0.0,0,8,3,8,35,1,1,1,1,3,False,1,1,0,0,0,1,False,,False,oleg petrovich safonov,1,1,493.0,62.871266935038825,0.0,0.0,55.00000000000001,39.63845273686428
EUTR,Сигова Мария Викторовна,Член СД,False,0.0026178368410799,2142.0,Сигова Мария Викторовна,,,,,,,,,,,Сигова Мария Викторовна,"Независимый директор, член Совета директоров ПАО ""ЕвроТранс""; член Комитета по аудиту; председатель Комитета по кадрам и вознаграждениям",0,0,0,1,0,0,0,0,0,1,,1,1,0,0.0,0,2,2,2,21,1,1,1,1,2,False,1,1,1,1,0,1,False,,False,mariia sigova viktorovna,1,1,2142.0,77.74566169959623,0.0,0.0,65.00000000000001,49.79908673515629
EUTR,Хазин Андрей Леонидович,Член СД,False,0.3082081992386537,568.0,Хазин Андрей Леонидович,,,,,,,,,,,Хазин Андрей Леонидович,"Независимый директор, член Совета директоров ПАО ""ЕвроТранс""; член Комитета по аудиту; член Комитета по кадрам и вознаграждениям",0,0,0,1,0,0,0,0,0,1,3.0,1,1,13,0.0,0,3,3,3,22,1,1,1,0,3,False,1,1,3,1,0,1,False,,False,andrei khazin leonidovich,1,1,568.0,64.30399295137843,0.0,0.0,75.00000000000001,62.42803257087953
EUTR,Шемякин Борис Олегович,Член СД,False,,4414.0,Шемякин Борис Олегович,,,,,,,,,,,Шемякин Борис Олегович,"Член Совета директоров ПАО ""ЕвроТранс""",0,0,0,1,0,0,0,0,0,0,0.0,0,0,0,0.0,0,1,1,1,20,1,1,1,1,1,False,1,1,0,0,0,1,False,,False,boris olegovich shemiakin,1,0,4414.0,85.0722496534116,0.0,0.0,55.00000000000001,0.0
FEES,Краинский Даниил Владимирович,Член Правления,False,-0.4582631890563534,10977.0,Краинский Даниил Владимирович,,,,,,,,,,,Краинский Даниил Владимирович,"Член Правления, заместитель Генерального директора по правовому обеспечению",0,0,1,0,0,0,0,0,1,0,0.0,0,0,0,0.0,0,15,15,15,15,1,1,1,0,5,False,1,0,0,0,0,1,False,,False,daniil krainskii vladimirovich,1,1,6918.0,94.30533203396551,0.0,0.0,30.0,30.752538712156678
FEES,Кулишов Григорий Викторович,CSO,False,,1.0,Кулишов Григорий Викторович,,,,,,,,,,,Кулишов Григорий Викторович,"CSO / заместитель Генерального директора по безопасности ПАО ""Россети""",0,0,0,0,1,0,0,0,0,0,0.0,0,0,0,0.0,0,0,0,0,0,1,1,1,1,0,False,0,0,0,0,0,1,False,,False,grigorii kulishov viktorovich,1,0,1.0,7.0260043321785846,0.0,0.0,0.0,0.0
FEES,Ляпунов Евгений Викторович,Член Правления,False,,1617.0,Ляпунов Евгений Викторович,,,,,,,,,,,Ляпунов Евгений Викторович,"Член Правления, заместитель Генерального директора - главный инженер",0,0,1,0,0,0,0,0,0,0,0.0,0,0,0,0.0,0,17,17,17,17,1,1,1,1,5,False,1,0,0,0,0,1,False,,False,evgenii liapunov viktorovich,1,0,683.0,74.89717732121893,0.0,0.0,30.0,0.0
FEES,Макаров Владимир Александрович,Руководитель подразделения внутреннего контроля и управления рисками,False,-0.9445023009411728,328.0,Макаров Владимир Александрович,,,,,,,,,,,Макаров Владимир Александрович,"Руководитель подразделения внутреннего контроля и управления рисками / директор по внутреннему контролю и управлению рисками - начальник Департамента внутреннего контроля и управления рисками ПАО ""Россети""",0,0,1,0,0,0,0,0,1,0,0.0,0,0,0,0.0,0,0,0,0,0,1,1,1,1,0,False,1,0,0,0,0,1,False,,False,aleksandrovich makarov vladimir,1,1,328.0,58.75105317969754,0.0,0.0,30.0,10.658032592835713
FEES,Мольский Алексей Валерьевич,Член Правления,False,,6344.0,Мольский Алексей Валерьевич,,,,N,,,N,N,,,Мольский Алексей Валерьевич,"Член Правления, заместитель Генерального директора по инвестициям и капитальному строительству",0,0,1,0,0,0,0,0,0,1,0.0,0,0,0,0.0,0,19,19,19,22,1,1,1,1,15,False,1,0,0,0,0,1,False,,False,aleksei molskii valerevich,1,0,3703.0,88.74830237826606,3.0,57.81296526357757,30.0,0.0
FEES,Муров Андрей Евгеньевич,Член Правления,False,,1394.0,Муров Андрей Евгеньевич,,N,N,N,N,,,,,,Муров Андрей Евгеньевич,"Член Правления, Первый заместитель Генерального директора",0,0,0,1,0,0,0,1,1,1,0.0,0,0,0,0.0,0,15,15,15,21,1,1,1,1,11,False,1,1,0,0,0,1,False,,False,andrei evgenevich murov,1,0,1394.0,73.393988385742,4.0,67.11877414712396,55.00000000000001,0.0
FEES,Новак Александр Валентинович,Председатель СД,False,0.2206265710724762,3955.0,Новак Александр Валентинович,,,,,,,,,,,Новак Александр Валентинович,"Председатель Совета директоров ПАО ""Россети""; Заместитель Председателя Правительства Российской Федерации",0,0,1,0,0,0,0,0,0,1,0.0,0,0,0,0.0,0,2,2,2,20,1,1,1,1,0,False,1,0,0,0,0,1,False,,False,aleksandr novak valentinovich,1,1,1413.0,83.95953423857688,0.0,0.0,30.0,58.80860023787906
FEES,Полинов Алексей Александрович,Член Правления,False,,2416.0,Полинов Алексей Александрович,,,,,,,,,,,Полинов Алексей Александрович,"Член Правления, врио заместителя Генерального директора по стратегии",0,0,0,1,0,0,0,0,0,1,0.0,0,0,0,0.0,0,10,10,10,10,1,1,1,1,3,False,1,1,0,0,0,1,False,,False,aleksandrovich aleksei polinov,1,0,1769.0,78.96527503942372,0.0,0.0,55.00000000000001,0.0
FEES,Рюмин Андрей Валерьевич,CEO,True,,2488.0,Рюмин Андрей Валерьевич,,,,,,,,,,,Рюмин Андрей Валерьевич,"Генеральный директор, Председатель Правления ПАО ""Федеральная сетевая компания - Россети""",0,0,0,1,0,0,0,0,0,1,0.0,0,1,0,0.0,0,17,15,17,20,1,1,1,1,3,True,1,1,0,1,0,1,True,json_2024,False,andrei riumin valerevich,1,0,2486.0,79.26281759108186,0.0,0.0,60.00000000000001,0.0
FEES,Ульянов Антон Сергеевич,Руководитель подразделения внутреннего аудита,False,-0.6945808453004767,936.0,Ульянов Антон Сергеевич,,,,,,,,,,,Ульянов Антон Сергеевич,"Руководитель подразделения внутреннего аудита / директор по внутреннему аудиту - начальник Департамента внутреннего аудита ПАО ""Россети""",0,0,1,0,0,0,0,0,1,1,0.0,0,0,0,0.0,0,5,5,5,10,1,1,1,1,0,False,1,0,0,0,0,1,False,,False,anton sergeevich ulianov,1,1,936.0,69.3600489666499,0.0,0.0,30.0,20.986383597456655
FEES,Харитонов Владимир Вячеславович,Член Правления,False,-0.2671349289222267,831.0,Харитонов Владимир Вячеславович,,,,,,,,,,,Харитонов Владимир Вячеславович,"Член Правления, заместитель Генерального директора - руководитель Аппарата",0,0,0,1,0,1,0,0,0,1,0.0,0,1,5,0.0,0,5,5,5,20,1,1,1,1,3,False,1,1,0,1,0,1,False,,False,kharitonov viacheslavovich vladimir,1,1,831.0,68.15533148369653,0.0,0.0,60.00000000000001,38.65117931709046
FESH,Иванов Петр Валерьевич,Президент,False,0.2140739444841023,535.0,Иванов Петр Валерьевич,,,,,,,,,,,Иванов Петр Валерьевич,"Президент ПАО ""ДВМП"" с 23.09.2024; Председатель Правления с 07.10.2024. Генеральный директор в 2024 году не был избран, поэтому президент рассматривается как эквивалент главного исполнительного руководителя в контексте 2024 года.",0,0,0,1,0,0,0,0,1,1,0.0,0,1,1,0.0,0,25,1,25,44,1,1,1,1,0,True,1,1,0,1,0,1,True,json_2024,True,ivanov petr valerevich,1,1,535.0,63.69838192807374,0.0,0.0,60.00000000000001,58.53780385013621
FESH,Плотников Юрий Олегович,Директор по охране государственной тайны,False,-0.0636218259533663,1072.0,Плотников Юрий Олегович,,,,,,,,,,,Плотников Юрий Олегович,"Директор ПАО ""ДВМП"" как единоличный исполнительный орган по вопросам использования и защиты сведений, составляющих государственную тайну; CSV описывает роль как директор по охране государственной тайны.",0,0,1,0,0,0,0,0,1,0,0.0,0,0,0,0.0,0,12,12,12,12,1,1,1,1,6,False,1,0,0,0,0,1,False,,False,iurii olegovich plotnikov,1,1,1072.0,70.73383743259886,0.0,0.0,30.0,47.06164074031403
FIVE,Ворона Иван Николаевич,Руководитель подразделения внутреннего аудита,False,,285.0,Ворона Иван Николаевич,,,,,,,,,,,Ворона Иван Николаевич,"Руководитель подразделения внутреннего аудита / Director of Internal Audit, X5 Group, in the 2024 issuer-report and CSV context.",0,0,1,0,0,1,1,0,0,1,0.0,0,0,0,0.0,0,10,10,10,13,1,1,1,0,10,False,1,1,0,0,0,1,False,,False,ivan nikolaevich vorona,1,0,285.0,57.33129136222481,0.0,0.0,55.00000000000001,0.0
FIVE,Лобачева Екатерина Владимировна,Президент,False,,828.0,Лобачева Екатерина Владимировна,,,,,N,W,N,,,,Лобачева Екатерина Владимировна,Президент ПАО «Корпоративный центр ИКС 5» in the 2024 reporting context.,0,0,1,0,0,1,1,0,1,1,0.0,0,0,0,0.0,0,12,12,12,29,1,1,1,1,12,False,1,1,0,0,0,1,False,,False,ekaterina lobacheva vladimirovna,1,0,828.0,68.11871597750951,4.0,67.11877414712396,55.00000000000001,0.0
FIVE,Мурашкин Андрей Игоревич,Руководитель подразделения внутреннего контроля и управления рисками,False,,77.0,Мурашкин Андрей Игоревич,,,,,,,,,,,Мурашкин Андрей Игоревич,Директор по рискам ПАО «Корпоративный центр ИКС 5» in the 2024 issuer-report context; CSV describes him as head of internal control and risk management.,0,0,0,1,0,0,0,0,0,1,0.0,0,1,1,0.0,0,3,3,3,17,1,1,1,1,3,False,1,1,0,1,0,1,False,,False,andrei igorevich murashkin,1,0,77.0,44.161263219211044,0.0,0.0,60.00000000000001,0.0
FIVE,Шехтерман Игорь Владимирович,CEO,True,0.7111859407930519,1095.0,Шехтерман Игорь Владимирович,N,,,,N,N,N,,,,Шехтерман Игорь Владимирович,Генеральный директор ПАО «Корпоративный центр ИКС 5» in the 2024 reporting context; CEO / Chief Executive Officer of X5 Group.,0,1,0,0,0,0,1,0,0,1,0.0,0,0,0,0.0,0,14,14,14,40,1,1,1,1,14,True,1,1,0,0,0,1,True,json_2024,False,igor shekhterman vladimirovich,1,1,1095.0,70.948817161359,4.0,67.11877414712396,55.00000000000001,79.08164700807677
FIXP,Кирсанов Дмитрий Николаевич,Управляющий директор,False,0.2057024245223914,677.0,Кирсанов Дмитрий Николаевич,,,,,,,,,,,Кирсанов Дмитрий Николаевич,"Member of the Board of Directors, CEO and Managing Director of Fix Price Group PLC in the 2024 annual-report context.",0,0,0,0,1,1,1,0,0,1,0.0,0,0,0,0.0,0,32,32,32,36,1,1,1,1,5,True,1,1,0,0,0,1,True,json_2024,True,dmitrii kirsanov nikolaevich,1,1,677.0,66.08056466474838,0.0,0.0,55.00000000000001,58.19183916941248
FIXP,Миронова Елена,Руководитель по работе с инвесторами и СМИ,False,,3349.0,Миронова Елена,,,,,,,,,,,Миронова Елена,Head of Investor Relations at Fix Price Group PLC in the 2024 annual-report context.,0,0,0,0,1,0,0,0,0,0,0.0,0,0,0,0.0,0,0,0,0,0,1,1,1,0,0,False,0,0,0,0,0,1,False,,False,elena mironova,1,0,3349.0,82.27412697108811,0.0,0.0,0.0,0.0
FIXP,Погонин Владимир Петрович,CEO,True,,2769.0,Погонин Владимир Петрович,,,,,,,,,,,Погонин Владимир Петрович,"General Director of LLC Best Price, the Russian operating subsidiary of Fix Price, from 1 July 2024. CSV labels him CEO, but local 2024 group-level documents identify Dmitry Kirsanov as Fix Price Group PLC CEO.",0,0,1,0,0,0,0,0,0,0,0.0,0,0,0,0.0,0,28,28,28,28,1,1,1,1,0,False,1,1,0,0,0,1,False,,True,petrovich pogonin vladimir,1,0,2769.0,80.34706879470602,0.0,0.0,55.00000000000001,0.0
FLOT,Вербо Александр Михайлович,CFO,False,-0.4065284630017474,18601.0,Вербо Александр Михайлович,,,,,,,,,,,Вербо Александр Михайлович,"Заместитель генерального директора - финансовый директор ПАО ""Совкомфлот"" в контексте 2024 года",0,0,0,0,1,0,0,0,0,0,0.0,0,0,0,0.0,0,0,0,0,0,1,1,1,0,0,False,0,0,0,0,0,1,False,,False,aleksandr mikhailovich verbo,1,1,18601.0,99.65101471446788,0.0,0.0,0.0,32.89054806573564
FLOT,Тонковидов Игорь Васильевич,CEO,True,-0.4150820790216025,1093.0,Тонковидов Игорь Васильевич,,,,,,,,,,,Тонковидов Игорь Васильевич,"Генеральный директор, председатель Правления ПАО ""Совкомфлот"" в контексте 2024 года",0,0,1,0,0,0,1,0,0,1,0.0,0,0,0,0.0,0,37,37,37,37,1,1,1,1,14,True,1,0,0,0,0,1,True,json_2024,False,igor tonkovidov vasilevich,1,1,1093.0,70.93030321720329,0.0,0.0,30.0,32.53705801268944
FLOT,Франк Сергей Оттович,Председатель СД,False,,3491.0,Франк Сергей Оттович,,,,,,,,,,,Франк Сергей Оттович,"Председатель Совета директоров ПАО ""Совкомфлот"" в контексте 2024 года",0,0,0,1,0,0,0,1,1,1,0.0,0,0,0,0.0,0,29,29,29,39,1,1,1,1,22,False,1,1,0,0,0,1,False,,False,frank ottovich sergei,1,0,3491.0,82.6949316783799,0.0,0.0,55.00000000000001,0.0
GAZP,Акимов Андрей Игоревич,Член СД,False,,1519.0,Акимов Андрей Игоревич,N,,,,,,,,,,Акимов Андрей Игоревич,"Член Совета директоров ПАО ""Газпром""; неисполнительный директор",0,0,1,0,0,0,0,0,0,1,0.0,0,0,0,0.0,0,14,14,14,54,1,1,1,1,14,False,1,0,0,0,0,1,False,,False,akimov andrei igorevich,1,0,1519.0,74.26385129463536,1.0,28.906482631788784,30.0,0.0
GAZP,Аксютин Олег Евгеньевич,Член Правления,False,-0.2832628138632217,3107.0,Аксютин Олег Евгеньевич,,,,,,,,,,,Аксютин Олег Евгеньевич,"Заместитель Председателя Правления - начальник Департамента ПАО ""Газпром""",0,0,0,1,0,0,0,0,0,0,80.0,0,1,0,35.0,0,25,25,25,25,1,1,1,1,17,False,1,1,1,1,1,1,False,,False,aksiutin evgenevich oleg,1,1,3107.0,81.5140918202955,0.0,0.0,68.33333333333334,37.984672089026716
GAZP,Зубков Виктор Алексеевич,Председатель СД,False,-0.4311768414350321,2373.0,Зубков Виктор Алексеевич,,,,,,,,,,,Зубков Виктор Алексеевич,"Председатель Совета директоров ПАО ""Газпром""; неисполнительный директор",0,0,0,1,0,0,0,0,0,1,0.0,0,0,0,0.0,0,17,17,17,30,1,1,1,0,17,False,1,1,0,0,0,1,False,,False,alekseevich viktor zubkov,1,1,2373.0,78.783318824374,0.0,0.0,55.00000000000001,31.871919619046015
GAZP,Илюхина Елена Анатольевна,Член Правления,False,,1249.0,Илюхина Елена Анатольевна,,,,,,,,,,,Илюхина Елена Анатольевна,"Заместитель Председателя Правления ПАО ""Газпром""; член Правления",0,0,0,1,0,0,0,0,1,1,0.0,0,0,0,0.0,0,18,18,18,38,1,1,1,1,1,False,1,1,0,0,0,1,False,,False,anatolevna elena iliukhina,1,0,1249.0,72.28151174692168,0.0,0.0,55.00000000000001,0.0
GAZP,Кузнец Сергей Иванович,Член Правления,False,,276.0,Кузнец Сергей Иванович,,,,,,,,,,,Кузнец Сергей Иванович,"Начальник Департамента ПАО ""Газпром"" по правовому обеспечению; член Правления",0,0,1,0,0,0,0,0,1,0,0.0,0,0,0,0.0,0,24,24,24,31,1,1,1,0,24,False,1,0,0,0,0,1,False,,False,ivanovich kuznets sergei,1,0,276.0,57.00718760884165,0.0,0.0,30.0,0.0
GAZP,Куприянов Сергей Владимирович,Член Правления,False,0.4383160494373205,1755.0,Куприянов Сергей Владимирович,,,,,,,,,,,Куприянов Сергей Владимирович,"Заместитель Председателя Правления - начальник Департамента ПАО ""Газпром"" по информационной политике; член Правления",0,0,1,0,0,0,0,0,0,1,0.0,0,0,0,0.0,0,22,22,22,32,1,1,1,1,22,False,1,0,0,0,0,1,False,,False,kupriianov sergei vladimirovich,1,1,1755.0,75.72681660467035,0.0,0.0,30.0,67.80492004884144
GAZP,Максимцев Игорь Анатольевич,Член СД,False,,6310.0,Максимцев Игорь Анатольевич,,,,,,,,,,,Максимцев Игорь Анатольевич,"Независимый директор ПАО ""Газпром""; член Совета директоров",0,0,0,1,0,0,0,0,0,1,160.0,1,1,0,0.0,0,2,2,2,31,1,1,1,0,2,False,1,1,1,1,0,1,False,,False,anatolevich igor maksimtsev,1,0,6310.0,88.69384001989864,0.0,0.0,65.00000000000001,0.0
GAZP,Мантуров Денис Валентинович,Член СД,False,,4447.0,Мантуров Денис Валентинович,,,,,,,,,,,Мантуров Денис Валентинович,"Член Совета директоров ПАО ""Газпром""; неисполнительный директор",0,0,0,1,0,0,0,1,1,1,0.0,0,1,0,0.0,0,8,8,8,27,1,1,1,1,8,False,1,1,0,1,0,1,False,,False,denis manturov valentinovich,1,0,4447.0,85.14773247837233,0.0,0.0,60.00000000000001,0.0
GAZP,Маркелов Виталий Анатольевич,"Член СД, член Правления",False,0.0868985992885069,2190.0,Маркелов Виталий Анатольевич,,,,,,,,,,,Маркелов Виталий Анатольевич,"Член Совета директоров ПАО ""Газпром""; заместитель Председателя Правления - начальник Департамента ПАО ""Газпром""; член Правления",0,0,0,1,0,0,0,0,0,0,0.0,0,0,0,0.0,0,38,38,38,38,1,1,1,1,13,False,1,1,0,0,0,1,False,,False,anatolevich markelov vitalii,1,1,2190.0,77.97019617673028,0.0,0.0,55.00000000000001,53.28210621126548
GAZP,Марков Владимир Константинович,Член Правления,False,,622.0,Марков Владимир Константинович,,,,,,,,,,,Марков Владимир Константинович,"Начальник Департамента ПАО ""Газпром"" по взаимодействию с органами власти Российской Федерации; член Правления",0,0,0,1,0,0,0,0,1,1,0.0,0,0,0,0.0,0,13,13,13,23,1,1,1,0,13,False,1,1,0,0,0,1,False,,False,konstantinovich markov vladimir,1,0,622.0,65.2230189843432,0.0,0.0,55.00000000000001,0.0
GAZP,Мартынов Виктор Георгиевич,Член СД,False,,1905.0,Мартынов Виктор Георгиевич,,,,,,,,,,,Мартынов Виктор Георгиевич,"Старший независимый директор ПАО ""Газпром""; член Совета директоров",0,0,0,1,0,0,0,0,0,1,210.0,1,1,0,3.0,1,12,12,12,51,1,1,1,0,12,False,1,1,1,1,3,1,False,,False,georgievich martynov viktor,1,0,1905.0,76.55767867472913,0.0,0.0,75.00000000000001,0.0
GAZP,Меньшиков Сергей Николаевич,Член Правления,False,,1749.0,Меньшиков Сергей Николаевич,,,,,,,,,,,Меньшиков Сергей Николаевич,"Начальник Департамента ПАО ""Газпром"" по разведке и добыче углеводородов; член Правления",0,0,0,1,0,0,0,0,0,1,0.0,0,0,0,0.0,0,26,26,26,26,1,1,1,1,6,False,1,1,0,0,0,1,False,,False,menshikov nikolaevich sergei,1,0,1749.0,75.6921227375755,0.0,0.0,55.00000000000001,0.0
GAZP,Миллер Алексей Борисович,"CEO, член СД",True,0.4233978968869635,4208.0,Миллер Алексей Борисович,,,,,,,,,,,Миллер Алексей Борисович,"Председатель Правления ПАО ""Газпром""; заместитель Председателя Совета директоров ПАО ""Газпром""",0,0,0,1,0,0,0,0,0,1,0.0,0,0,0,0.0,0,24,24,24,29,1,1,1,0,24,True,1,1,0,0,0,1,True,json_2024,False,aleksei borisovich miller,1,1,4208.0,84.58790552327238,0.0,0.0,55.00000000000001,67.18840669073231
GAZP,Михаленко Вячеслав Александрович,Член Правления,False,,552.0,Михаленко Вячеслав Александрович,,,,,,,,,,,Михаленко Вячеслав Александрович,"Начальник Департамента ПАО ""Газпром"" по транспортировке и подземному хранению газа; член Правления",0,0,0,1,0,0,0,0,0,0,0.0,0,0,0,0.0,0,41,41,41,41,1,1,1,1,10,False,1,1,0,0,0,1,False,,False,aleksandrovich mikhalenko viacheslav,1,0,552.0,64.01487869013587,0.0,0.0,55.00000000000001,0.0
GAZP,Новак Александр Валентинович,Член СД,False,0.2206265710724762,3955.0,Новак Александр Валентинович,,,,,,,,,,,Новак Александр Валентинович,"Член Совета директоров ПАО ""Газпром""; неисполнительный директор",0,0,1,0,0,0,0,0,0,1,0.0,0,0,0,0.0,0,6,6,6,49,1,1,1,1,6,False,1,0,0,0,0,1,False,,False,aleksandr novak valentinovich,1,1,3955.0,83.95953423857688,0.0,0.0,30.0,58.80860023787906
GAZP,Патрушев Дмитрий Николаевич,Член СД,False,-0.0586778357362156,4523.0,Патрушев Дмитрий Николаевич,,,,,,,,,,,Патрушев Дмитрий Николаевич,"Член Совета директоров ПАО ""Газпром""; неисполнительный директор",0,0,0,1,0,0,0,0,0,1,0.0,0,1,0,0.0,0,3,3,3,27,1,1,1,1,3,False,1,1,0,1,0,1,False,,False,dmitrii nikolaevich patrushev,1,1,4523.0,85.31946306879718,0.0,0.0,60.00000000000001,47.26595799749085
GAZP,Путин Михаил Евгеньевич,Член Правления,False,,301.0,Путин Михаил Евгеньевич,,,,,,,,,,,Путин Михаил Евгеньевич,"Заместитель Председателя Правления ПАО ""Газпром""; член Правления",0,0,0,1,0,0,0,0,0,0,0.0,0,0,0,0.0,0,11,11,11,26,1,1,1,1,11,False,1,1,0,0,0,1,False,,False,evgenevich mikhail putin,1,0,301.0,57.88306738873858,0.0,0.0,55.00000000000001,0.0
GAZP,Россеев Михаил Николаевич,Член Правления,False,,395.0,Россеев Михаил Николаевич,,,,,,,,,,,Россеев Михаил Николаевич,"Заместитель Председателя Правления - главный бухгалтер ПАО ""Газпром""; член Правления",0,0,1,0,0,0,0,0,0,1,0.0,0,0,0,0.0,0,10,10,10,31,1,1,1,1,5,False,1,0,0,0,0,1,False,,False,mikhail nikolaevich rosseev,1,0,395.0,60.62989699659328,0.0,0.0,30.0,0.0
GAZP,Садыгов Фамил Камиль оглы,Член Правления,False,,970.0,Садыгов Фамил Камиль оглы,,,,,,,,,,,Садыгов Фамил Камиль оглы,"Заместитель Председателя Правления ПАО ""Газпром""; член Правления",0,0,0,1,0,0,0,0,0,1,0.0,0,0,0,0.0,0,6,6,6,28,1,1,1,1,6,False,1,1,0,0,0,1,False,,False,famil kamil ogly sadygov,1,0,970.0,69.72134190218206,0.0,0.0,55.00000000000001,0.0
GAZP,Середа Михаил Леонидович,Член СД,False,,1535.0,Середа Михаил Леонидович,,,,,,,,,,,Середа Михаил Леонидович,"Член Совета директоров ПАО ""Газпром""; неисполнительный директор; первый заместитель генерального директора ООО ""Газпром экспорт""; генеральный директор ООО ""Газпром трейдинг""",0,0,1,0,0,1,0,0,0,1,0.0,0,0,0,0.0,0,29,29,29,32,1,1,1,1,21,False,1,0,0,0,0,1,False,,False,leonidovich mikhail sereda,1,0,1535.0,74.3699923860147,0.0,0.0,30.0,0.0
GAZP,Симдякин Вадим Михайлович,Член Правления,False,,12927.0,Симдякин Вадим Михайлович,,,,,,,N,,,,Симдякин Вадим Михайлович,"Начальник Департамента ПАО ""Газпром"" по реализации углеводородов и продуктов их переработки на внутреннем рынке, электроэнергетике, теплоэнергетике, развитию газоснабжения и газификации; член Правления",0,0,1,0,0,0,0,0,0,0,0.0,0,0,0,0.0,0,34,34,34,34,1,1,1,1,2,False,1,0,0,0,0,1,False,,False,mikhailovich simdiakin vadim,1,0,12927.0,95.9626530476254,1.0,28.906482631788784,30.0,0.0
GAZP,Хомяков Сергей Федорович,Член Правления,False,0.3083112140198736,592.0,Хомяков Сергей Федорович,,,,,,,,,,,Хомяков Сергей Федорович,"Заместитель Председателя Правления ПАО ""Газпром""; генеральный директор Филиала ПАО ""Газпром"" ""Служба корпоративной защиты ПАО ""Газпром""""; член Правления",0,0,0,1,0,0,0,0,0,1,0.0,0,0,0,0.0,0,23,23,23,25,1,1,1,1,23,False,1,1,0,0,0,1,False,,False,fedorovich khomiakov sergei,1,1,592.0,64.72276706502541,0.0,0.0,55.00000000000001,62.432289799681186
GEMC,Вольский Владислав Михайлович,Член СД,False,,143.0,Вольский Владислав Михайлович,,,,,,,,,,,Вольский Владислав Михайлович,Независимый член совета директоров,0,0,0,0,1,0,0,0,0,0,0.0,0,0,0,0.0,0,1,1,1,1,1,1,1,0,1,False,0,0,0,0,0,1,False,,False,mikhailovich vladislav volskii,1,0,143.0,50.37592412152922,0.0,0.0,0.0,0.0
GEMC,Лобанов Олег Валентинович,Член СД,False,,306.0,Лобанов Олег Валентинович,,,,,,,,,,,Лобанов Олег Валентинович,Независимый член совета директоров,0,0,0,0,1,0,0,0,0,0,0.0,0,0,0,0.0,0,1,1,1,1,1,1,1,0,1,False,0,0,0,0,0,1,False,,False,lobanov oleg valentinovich,1,0,306.0,58.04951417644123,0.0,0.0,0.0,0.0
GEMC,Минаков Георгий Викторович,Руководитель подразделения внутреннего аудита,False,,230.0,Минаков Георгий Викторович,,,,,,,,,,,Минаков Георгий Викторович,Руководитель подразделения внутреннего аудита,0,0,0,0,1,0,0,0,0,0,0.0,0,0,0,0.0,0,0,0,0,0,1,1,1,0,0,False,0,0,0,0,0,1,False,,False,georgii minakov viktorovich,1,0,230.0,55.16642278016827,0.0,0.0,0.0,0.0
GEMC,Тронин Андрей Владимирович,Член СД,False,,458.0,Тронин Андрей Владимирович,,,,,,,,,,,Тронин Андрей Владимирович,Независимый член совета директоров,0,0,0,0,1,0,0,0,0,0,0.0,0,0,0,0.0,0,1,1,1,1,1,1,1,0,1,False,0,0,0,0,0,1,False,,False,andrei tronin vladimirovich,1,0,458.0,62.12639181946621,0.0,0.0,0.0,0.0
GEMC,Шмелев Дмитрий Сергеевич,"CFO, Председатель СД",False,,799.0,Шмелев Дмитрий Сергеевич,,,,,,,,,,,Шмелев Дмитрий Сергеевич,Финансовый директор; председатель совета директоров,0,0,0,0,1,0,0,0,0,0,0.0,0,0,0,0.0,0,0,0,0,0,1,1,1,0,0,False,0,0,0,0,0,1,False,,False,dmitrii sergeevich shmelev,1,0,799.0,67.75777536826448,0.0,0.0,0.0,0.0
GEMC,Яновский Андрей Владимирович,"CEO, член СД",True,0.4893092102209822,535.0,Яновский Андрей Владимирович,,,,,,,,,,,Яновский Андрей Владимирович,Генеральный директор МКПАО ЮМГ; член совета директоров,0,0,1,0,0,1,1,0,0,1,0.0,0,0,0,0.0,0,9,9,9,37,1,1,1,1,2,True,1,1,0,0,0,1,True,json_2024,False,andrei ianovskii vladimirovich,1,1,535.0,63.69838192807374,0.0,0.0,55.00000000000001,69.91228318842684
GLTR,Абдулла Белобайда,Член СД,False,,0.0,Абдулла Белобайда,,,,,,,,,,,Абдулла Белобайда / Abdulla Belobaida,Independent Non-Executive Director; Audit Committee Chair; Nomination and Remuneration Committee member,0,0,0,0,1,0,0,0,0,0,0.0,0,0,0,0.0,0,1,1,1,1,1,1,1,1,1,False,0,0,0,0,0,1,False,,False,abdulla belobaida,0,0,0.0,0.0,0.0,0.0,0.0,0.0
GLTR,Абдултайаб Бахрейнвала,Член СД,False,,14.0,Абдултайаб Бахрейнвала,,,,,,,,,,,Абдултайаб Бахрейнвала / Dr. Abdultaiyab Bahrainwala,Non-executive Director,0,0,0,1,0,0,1,0,1,1,0.0,0,0,0,0.0,0,1,1,1,1,1,1,1,1,1,False,1,1,0,0,0,1,False,,False,abdultaiab bakhreinvala,1,0,14.0,27.44983025009322,0.0,0.0,55.00000000000001,0.0
GLTR,Альбина Амангельдинова,Член СД,False,,1927.0,Альбина Амангельдинова,,,,,,,,,,,Альбина Амангельдинова / Albina Amangeldinova,Non-Executive Director,0,0,1,0,0,0,1,0,1,1,0.0,0,0,0,0.0,0,15,15,15,15,1,1,1,1,1,False,1,0,0,0,0,1,False,,False,albina amangeldinova,1,0,1927.0,76.67400775293719,0.0,0.0,30.0,0.0
GLTR,Вячеслав Станиславский,Член СД,False,,640.0,Вячеслав Станиславский,N,N,,,N,N,N,,,,Вячеслав Станиславский / Viacheslav Stanislavskiy,Executive Director; Head of Operations,0,0,1,0,0,0,0,0,0,0,0.0,0,0,0,0.0,0,16,16,16,16,1,1,1,1,1,False,1,0,0,0,0,1,False,,False,stanislavskii viacheslav,1,0,640.0,65.51173291455855,5.0,74.7221736309214,30.0,0.0
GLTR,Газизов Антон,"Управляющий директор, член СД",False,,199.0,Газизов Антон,,,,,,,,,,,Газизов Антон / Anton Gazizov,Managing Director; Executive Director and member of the Board of Directors in the 2024 governance period,0,1,0,0,0,1,1,0,0,1,0.0,0,0,0,0.0,0,1,1,1,1,1,1,1,1,1,True,1,0,0,0,0,1,True,json_2024,True,anton gazizov,1,0,199.0,53.7057667039073,0.0,0.0,30.0,0.0
GLTR,Джафар Борхан,Член СД,False,,91.0,Джафар Борхан,,,,,,,,,,,Джафар Борхан / Jaafar Borhan Jaafar,Senior Independent Non-Executive Director; Chair of Nomination and Remuneration Committees; ESG Committee member,0,1,0,0,0,0,1,0,0,1,0.0,0,0,0,0.0,0,3,1,1,3,1,1,1,1,1,False,1,0,0,0,0,1,False,,False,borkhan dzhafar,1,0,91.0,45.83457456449197,0.0,0.0,30.0,0.0
GLTR,Ержан Ниязалиев,Председатель СД,False,,302.0,Ержан Ниязалиев,,,,,,,,,,,Ержан Ниязалиев / Yerzhan Niyazaliyev,Chairman of the Board of Directors; Executive Director,0,0,1,0,0,0,1,0,1,0,0.0,0,0,0,0.0,0,1,1,1,8,1,1,1,1,1,False,1,0,0,0,0,1,False,,False,erzhan niiazaliev,1,0,302.0,57.91657611878275,0.0,0.0,30.0,0.0
GLTR,Жуслен Хейраллах,Член СД,False,,0.0,Жуслен Хейраллах,,,,,,,,,,,Жуслен Хейраллах / Jouslin Khairallah,"Independent Non-Executive Director; ESG Committee Chair; Audit, Remuneration and Nomination Committee member in local 2024 board list",0,1,0,0,0,0,1,0,1,0,0.0,0,0,0,0.0,0,16,1,1,19,1,1,1,1,1,False,1,0,0,0,0,1,False,,False,kheirallakh zhuslen,0,0,0.0,0.0,0.0,0.0,30.0,0.0
GLTR,Кайрат Итемгенов,Член СД,False,1.004602941928587,5087.0,Кайрат Итемгенов,,,,,,,,,,,Кайрат Итемгенов / Kairat Itemgenov,Executive Director; Chief Strategy Officer and shareholder in official biography,0,0,1,0,0,0,1,0,1,0,0.0,0,0,0,0.0,0,1,1,1,1,1,1,1,1,1,False,1,0,0,0,0,1,False,,False,itemgenov kairat,1,1,5087.0,86.51036898543573,0.0,0.0,30.0,91.20751179500382
GLTR,Руслан Изатов,Член СД,False,,453.0,Руслан Изатов,,,,,,,,,,,Руслан Изатов / Ruslan Izatov,Non-executive Director; Audit Committee member from 27 August 2024,0,0,0,0,1,0,1,0,0,1,0.0,0,0,0,0.0,0,1,1,1,3,1,1,1,1,1,False,1,0,0,0,0,1,False,,False,izatov ruslan,1,0,453.0,62.01536790989031,0.0,0.0,30.0,0.0
GLTR,Стефан Хенрих,Член СД,False,,192.0,Стефан Хенрих,,,,,,,,,,,Стефан Хенрих / Stefan Henrich,Non-executive Director,0,0,1,0,0,0,1,0,1,1,0.0,0,0,0,0.0,0,1,1,1,1,1,1,1,0,1,False,1,0,0,0,0,1,False,,False,khenrikh stefan,1,0,192.0,53.344636035725316,0.0,0.0,30.0,0.0
GLTR,Сторожев Александр Валентинович,Член СД,False,,1040.0,Сторожев Александр Валентинович,,,,,,,,,,,Сторожев Александр Валентинович / Alexander Storozhev,Executive Director; Chief Procurement Officer,0,0,1,0,0,0,1,0,0,1,0.0,0,0,0,0.0,0,12,12,12,12,1,1,1,1,12,False,1,0,0,0,0,1,False,,False,aleksandr storozhev valentinovich,1,0,1040.0,70.42694151097565,0.0,0.0,30.0,0.0
GLTR,Юсеф Абу Лабан,Член СД,False,,13.0,Юсеф Абу Лабан,,,,,,,,,,,Юсеф Абу Лабан / Yousef Abu Laban,Non-executive Director,0,1,0,0,0,0,1,0,0,0,0.0,0,0,0,0.0,0,1,1,1,1,1,1,1,1,1,False,1,0,0,0,0,1,False,,False,abu iusef laban,1,0,13.0,26.750492176518183,0.0,0.0,30.0,0.0
GMKN,Потанин Владимир Олегович,Президент,False,-1.0006986918719554,1493.0,Потанин Владимир Олегович,,,,,,,,,N,N,Потанин Владимир Олегович,"Президент, председатель Правления ПАО «ГМК «Норильский никель»",0,0,1,0,0,0,0,0,0,1,0.0,0,0,0,0.0,0,15,15,15,47,1,1,1,1,15,True,1,0,0,0,0,1,True,json_2024,True,olegovich potanin vladimir,1,1,1493.0,74.08896578744627,2.0,45.81569099913263,30.0,8.33563874618469
HEAD,Арсеньев Сергей Станиславович,Член СД,False,,253.0,Арсеньев Сергей Станиславович ,,,,,,,,,,,Арсеньев Сергей Станиславович,"Член Совета директоров МКПАО ""Хэдхантер""",0,1,0,0,0,0,1,0,0,1,0.0,0,0,0,0.0,0,2,2,2,8,1,1,1,1,0,False,1,1,0,0,0,1,False,,False,arsenev sergei stanislavovich,1,0,253.0,56.128533217669954,0.0,0.0,55.00000000000001,0.0
HEAD,Байцур Антон Григорьевич,Член СД,False,0.6333866133701435,471.0,Байцур Антон Григорьевич,,,,,,,,,,,Байцур Антон Григорьевич,"Член Совета директоров МКПАО ""Хэдхантер""",0,1,0,0,0,0,0,0,0,1,0.0,0,0,0,0.0,0,1,1,1,11,1,1,1,1,0,False,1,0,0,0,0,1,False,,False,anton baitsur grigorevich,1,1,471.0,62.409488546012284,0.0,0.0,30.0,75.86648182953184
HEAD,Григорьев Дмитрий Константинович,Член СД,False,-0.185278488669366,1079.0,Григорьев Дмитрий Константинович ,,,,,,,,,N,N,Григорьев Дмитрий Константинович,"Член Совета директоров МКПАО ""Хэдхантер""",0,0,1,0,0,0,0,0,0,0,0.0,0,0,0,0.0,0,1,1,1,9,1,1,1,1,0,False,1,0,0,0,0,1,False,,False,dmitrii grigorev konstantinovich,1,1,383.0,70.79975003944386,2.0,45.81569099913263,30.0,42.034010313944904
HEAD,Дуглас Гарднер,Член СД,False,,212.0,Дуглас Гарднер ,,,,,,,,,,,Дуглас Гарднер,"Член Совета директоров МКПАО ""Хэдхантер""",0,1,0,0,0,0,1,0,0,1,0.0,0,0,0,0.0,0,3,3,3,20,1,1,1,1,0,False,1,0,0,0,0,1,False,,False,duglas gardner,1,0,212.0,54.34410329985011,0.0,0.0,30.0,0.0
HEAD,Крюков Дмитрий Викторович,Член СД,False,,746.0,Крюков Дмитрий Викторович,,,,,,,,,,,Крюков Дмитрий Викторович,"Председатель Совета директоров МКПАО ""Хэдхантер""",0,0,1,0,0,0,0,0,0,0,0.0,0,0,0,0.0,0,6,6,6,32,1,1,1,1,0,False,1,0,0,0,0,1,False,,False,dmitrii kriukov viktorovich,1,0,746.0,67.06296145526768,0.0,0.0,30.0,0.0
HEAD,Машков Валентин Сергеевич,Член СД,False,,1229.0,Машков Валентин Сергеевич ,,,,,,,,,,,Машков Валентин Сергеевич,"Член Совета директоров МКПАО ""Хэдхантер""",0,1,0,0,0,0,0,0,0,1,0.0,0,0,0,0.0,0,5,5,5,18,1,1,1,1,0,False,1,0,0,0,0,1,False,,False,mashkov sergeevich valentin,1,0,1229.0,72.11801817659051,0.0,0.0,30.0,0.0
HEAD,Сергиенков Дмитрий Сергеевич,"Генеральный директор, Член СД",True,0.5958909925468223,708.0,Сергиенков Дмитрий Сергеевич,,,,,N,N,N,,N,N,Сергиенков Дмитрий Сергеевич,"Генеральный директор МКПАО ""Хэдхантер""; член Совета директоров МКПАО ""Хэдхантер""",0,0,1,0,0,0,0,0,0,1,0.0,0,0,0,0.0,0,6,6,6,14,1,1,1,1,4,True,1,0,0,0,0,1,True,json_2024,False,dmitrii sergeevich sergienkov,1,1,708.0,66.53374443210433,5.0,74.7221736309214,30.0,74.31692326119428
HEAD,Ушакова Светлана Александровна,Член СД,False,,1108.0,Ушакова Светлана Александровна ,,,,,,,,,,,Ушакова Светлана Александровна,"Член Совета директоров МКПАО ""Хэдхантер""",0,0,1,0,0,0,1,0,0,1,0.0,0,0,0,0.0,0,2,2,2,23,1,1,1,1,0,False,1,0,0,0,0,1,False,,False,aleksandrovna svetlana ushakova,1,0,1108.0,71.06834050621165,0.0,0.0,30.0,0.0
HEAD,Филатова Ольга Геннадьевна,Член СД,False,,257.0,Филатова Ольга Геннадьевна ,,,N,,,,,,,,Филатова Ольга Геннадьевна,"Член Совета директоров МКПАО ""Хэдхантер""",0,0,1,0,0,1,1,0,0,1,0.0,0,1,0,0.0,0,6,6,6,30,1,1,1,1,0,False,1,0,0,1,0,1,False,,False,filatova gennadevna olga,1,0,257.0,56.28691740267093,1.0,28.906482631788784,35.0,0.0
HNFG,Адамян Амаяк Степаевич,Член СД,False,,654.0,Адамян Амаяк Степаевич,,,,,,,,,,,Адамян Амаяк Степаевич,"Неисполнительный директор ПАО ""ЭЙЧ ЭФ ДЖИ"" на 31.12.2024",0,0,1,0,0,0,0,0,0,0,0.0,0,0,0,0.0,0,6,6,6,6,1,1,1,1,2,False,1,0,0,0,0,1,False,,False,adamian amaiak stepaevich,1,0,654.0,65.7307373325324,0.0,0.0,30.0,0.0
HNFG,Арутюнян Рубен Альбертович,Член СД,False,,292.0,Арутюнян Рубен Альбертович ,,,,,,,,,,,Арутюнян Рубен Альбертович,"Председатель Совета директоров ПАО ""ЭЙЧ ЭФ ДЖИ""; неисполнительный директор на 31.12.2024; основатель и президент Дома моды HENDERSON",0,0,1,0,0,1,0,0,0,1,0.0,0,0,0,0.0,0,33,33,33,37,1,1,1,1,1,False,1,0,0,0,0,1,False,,False,albertovich arutiunian ruben,1,0,292.0,57.576397160320866,0.0,0.0,30.0,0.0
HNFG,Глазов Василий Владимирович,Член СД,False,,1101.0,Глазов Василий Владимирович ,,,,,,,,,,,Глазов Василий Владимирович,"Неисполнительный директор ПАО ""ЭЙЧ ЭФ ДЖИ"" на 31.12.2024",0,0,1,0,0,0,0,0,1,0,0.0,0,0,0,0.0,0,6,6,6,7,1,1,1,1,3,False,1,0,0,0,0,1,False,,False,glazov vasilii vladimirovich,1,0,1101.0,71.00415696182137,0.0,0.0,30.0,0.0
HNFG,Золотарева Светлана Сергеевна,Член СД,False,,516.0,Золотарева Светлана Сергеевна,,,,,,,,,,,Золотарева Светлана Сергеевна,"Независимый директор ПАО ""ЭЙЧ ЭФ ДЖИ""; член Комитета по аудиту и рискам; член Комитета по вознаграждениям и номинациям на 31.12.2024",0,0,0,0,1,0,0,0,0,0,0.0,0,0,0,0.0,0,1,1,1,1,1,1,1,0,1,False,0,0,0,0,0,1,False,,False,sergeevna svetlana zolotareva,1,0,516.0,63.33254687477917,0.0,0.0,0.0,0.0
HNFG,Киреев Михаил Сергеевич,Член СД,False,,363.0,Киреев Михаил Сергеевич,,,,,,,,,,,Киреев Михаил Сергеевич,"Независимый директор ПАО ""ЭЙЧ ЭФ ДЖИ""; член Комитета по аудиту и рискам; член Комитета по вознаграждениям и номинациям на 31.12.2024",0,0,0,0,1,0,0,0,0,0,0.0,0,0,0,0.0,0,1,1,1,1,1,1,1,0,1,False,0,0,0,0,0,1,False,,False,kireev mikhail sergeevich,1,0,363.0,59.77580199932178,0.0,0.0,0.0,0.0
HNFG,Коршунова Анна Сергеевна,Член СД,False,0.5543017146859021,553.0,Коршунова Анна Сергеевна ,,,,,,,,,,,Коршунова Анна Сергеевна,"Неисполнительный директор ПАО ""ЭЙЧ ЭФ ДЖИ"" на 31.12.2024",0,0,1,0,0,0,0,0,0,1,0.0,0,0,0,0.0,0,9,9,9,9,1,1,1,1,3,False,1,0,0,0,0,1,False,,False,anna korshunova sergeevna,1,1,553.0,64.03319194102023,0.0,0.0,30.0,72.59818863444882
HNFG,Мелконян Гагик Аршавирович,"Член СД, Генеральный директор",True,,309.0,Мелконян Гагик Аршавирович ,,,,,,,,,,,Мелконян Гагик Аршавирович,"Генеральный директор ПАО ""ЭЙЧ ЭФ ДЖИ"" с 15.07.2022; исполнительный директор и член Совета директоров на 31.12.2024",0,0,1,0,0,0,0,0,0,0,0.0,0,0,0,0.0,0,9,9,9,9,1,1,1,0,6,True,1,0,0,0,0,1,True,json_2024,False,arshavirovich gagik melkonian,1,0,309.0,58.14808592510571,0.0,0.0,30.0,0.0
HNFG,Мороз Александр Евгеньевич,Член СД,False,,1087.0,Мороз Александр Евгеньевич,,,,,,,,,,,Мороз Александр Евгеньевич,"Неисполнительный директор ПАО ""ЭЙЧ ЭФ ДЖИ"" на 31.12.2024",0,0,1,0,0,0,1,0,0,1,0.0,0,0,0,0.0,0,2,2,2,2,1,1,1,0,2,False,1,0,0,0,0,1,False,,False,aleksandr evgenevich moroz,1,0,1087.0,70.87455762331537,0.0,0.0,30.0,0.0
HNFG,Нахапетян Гор Борисович,Член СД,False,,2609.0,Нахапетян Гор Борисович ,,,,,,,,,,,Нахапетян Гор Борисович,"Независимый директор ПАО ""ЭЙЧ ЭФ ДЖИ""; председатель Комитета по вознаграждениям и номинациям; член Комитета по аудиту и рискам на 31.12.2024",0,0,1,0,0,0,1,0,0,1,0.0,0,0,0,0.0,0,10,2,2,25,1,1,1,1,2,False,1,0,0,0,0,1,False,,False,borisovich gor nakhapetian,1,0,2609.0,79.7439834960868,0.0,0.0,30.0,0.0
HNFG,Рихтер Пауль,Член СД,False,,171.0,Рихтер Пауль ,,,,,,,,,,,Рихтер Пауль,"Неисполнительный директор ПАО ""ЭЙЧ ЭФ ДЖИ"" на 31.12.2024",0,0,0,0,1,1,1,0,0,1,0.0,0,0,0,0.0,0,6,6,6,6,1,1,1,1,2,False,1,0,0,0,0,1,False,,False,paul rikhter,1,0,171.0,52.176968338442066,0.0,0.0,30.0,0.0
HNFG,Саркисян Акоп Гургенович,Член СД,False,,407.0,Саркисян Акоп Гургенович,,,,,,,,,,,Саркисян Акоп Гургенович,"Независимый директор ПАО ""ЭЙЧ ЭФ ДЖИ""; председатель Комитета по аудиту и рискам; член Комитета по вознаграждениям и номинациям на 31.12.2024",0,0,1,0,0,0,0,0,0,0,0.0,0,0,0,0.0,0,2,2,2,7,1,1,1,1,2,False,1,0,0,0,0,1,False,,False,akop gurgenovich sarkisian,1,0,407.0,60.932498023187065,0.0,0.0,30.0,0.0
HYDR,Евграфова Елена Олеговна,Член СД,False,,202.0,Евграфова Елена Олеговна,,,,,,,,,,,Евграфова Елена Олеговна,"Член СД по CSV; в проверенных источниках подтверждена как член Совета директоров АО ""РусГидро ОЦО"" и сотрудник ПАО ""РусГидро""",0,0,0,0,1,0,0,0,0,0,0.0,0,0,0,0.0,0,0,0,0,0,1,1,1,1,0,False,0,0,0,0,0,1,False,,False,elena evgrafova olegovna,1,0,202.0,53.85668336174715,0.0,0.0,0.0,0.0
HYDR,Исаков Александр Юрьевич,Член СД,False,,808.0,Исаков Александр Юрьевич,,,,,,,,,,,Исаков Александр Юрьевич,"Член СД по CSV; подтвержден как заместитель директора Департамента корпоративного управления ПАО ""РусГидро"" и член Совета директоров ПАО ""Сахалинэнерго""",0,0,0,0,1,0,0,0,0,0,0.0,0,0,0,0.0,0,1,0,1,1,1,1,1,1,0,False,1,0,0,0,0,1,False,,False,aleksandr isakov iurevich,1,0,808.0,67.87117298904035,0.0,0.0,30.0,0.0
HYDR,Недотко Вадим Владиславович,Член СД,False,,749.0,Недотко Вадим Владиславович,,,,,,,,,,,Недотко Вадим Владиславович,"Член СД по CSV; подтвержден как директор Департамента экономического планирования и инвестиционных программ ПАО ""РусГидро"" и член советов директоров дочерних обществ",0,0,0,0,1,0,0,0,0,0,0.0,0,0,0,0.0,0,2,0,2,2,1,1,1,1,0,False,1,0,0,0,0,1,False,,False,nedotko vadim vladislavovich,1,0,749.0,67.10358828964335,0.0,0.0,30.0,0.0
HYDR,Панин Виктор Евгеньевич,Член СД,False,,400.0,Панин Виктор Евгеньевич,,,,,,,,,,,Панин Виктор Евгеньевич,"Член СД по CSV; в проверенных источниках подтвержден как председатель Совета директоров АО ""РусГидро ОЦО"" и сотрудник ПАО ""РусГидро""",0,0,0,0,1,0,0,0,0,0,0.0,0,0,0,0.0,0,0,0,0,0,1,1,1,1,0,False,0,0,0,0,0,1,False,,False,evgenevich panin viktor,1,0,400.0,60.75708036660647,0.0,0.0,0.0,0.0
HYDR,Финкель Дмитрий Владимирович,Член СД,False,,325.0,Финкель Дмитрий Владимирович,,,,,,,,,,,Финкель Дмитрий Владимирович,"Член СД по CSV; подтвержден как генеральный директор АО ""РусГидро ОЦО"" и член Совета директоров АО ""РусГидро ОЦО""",0,0,1,0,0,0,0,0,0,0,0.0,0,0,0,0.0,0,19,10,19,25,1,1,1,1,10,False,1,0,0,0,0,1,False,,False,dmitrii finkel vladimirovich,1,0,325.0,58.65820017980886,0.0,0.0,30.0,0.0
HYDR,Хмарин Виктор Викторович,Генеральный директор,True,-0.900636460968394,1378.0,Хмарин Виктор Викторович,,,,,,,,,,,Хмарин Виктор Викторович,"Председатель Правления - Генеральный директор ПАО ""РусГидро""",0,0,0,1,0,0,0,0,1,0,0.0,0,0,0,0.0,0,11,11,11,13,1,1,1,1,11,True,1,1,0,0,0,1,True,json_2024,False,khmarin viktor viktorovich,1,1,1378.0,73.27705694792976,0.0,0.0,55.00000000000001,12.470849308351102
IRAO,Бугров Андрей Евгеньевич,Член СД,False,,809.0,Бугров Андрей Евгеньевич,N,,N,N,N,,N,N,,,Бугров Андрей Евгеньевич,"Независимый директор ПАО ""Интер РАО""; председатель Комитета по аудиту и устойчивому развитию; член Комитета по номинациям и вознаграждениям",0,0,0,1,0,0,0,0,0,1,0.0,0,0,0,0.0,0,3,3,3,28,1,1,1,1,3,False,1,1,0,0,0,1,False,,False,andrei bugrov evgenevich,1,0,809.0,67.88369477149413,6.0,81.15075629572489,55.00000000000001,0.0
IRAO,Быстров Максим Сергеевич,Член СД,False,,592.0,Быстров Максим Сергеевич,,,,,,,,,,,Быстров Максим Сергеевич,"Независимый директор ПАО ""Интер РАО""; член комитетов Совета директоров",0,0,1,0,0,0,0,1,0,1,0.0,0,0,0,0.0,0,3,3,3,14,1,1,1,1,3,False,1,0,0,0,0,1,False,,False,bystrov maksim sergeevich,1,0,592.0,64.72276706502541,0.0,0.0,30.0,0.0
IRAO,Гавриленко Анатолий Анатольевич,Член СД,False,,1082.0,Гавриленко Анатолий Анатольевич,,,,,,,,,,,Гавриленко Анатолий Анатольевич,"Неисполнительный директор ПАО ""Интер РАО""",0,0,1,0,0,0,0,0,1,1,0.0,0,0,0,0.0,0,10,10,10,22,1,1,1,1,10,False,1,0,0,0,0,1,False,,False,anatolevich anatolii gavrilenko,1,0,1082.0,70.82786762087791,0.0,0.0,30.0,0.0
IRAO,Дрегваль Сергей Георгиевич,"Генеральный директор, Член СД",True,0.0980863396237975,1850.0,Дрегваль Сергей Георгиевич,,,,,,,,,,,Дрегваль Сергей Георгиевич,"Генеральный директор ПАО ""Интер РАО""; Председатель Правления с 15.03.2024. CSV также указывает ""Член СД"", но годовой отчет 2024 не подтверждает членство в Совете директоров на 31.12.2024.",0,0,1,0,0,0,1,0,0,0,0.0,0,0,0,0.0,0,9,9,9,15,1,1,1,1,2,True,1,0,0,0,0,1,True,json_2024,False,dregval georgievich sergei,1,1,1850.0,76.26087759962334,0.0,0.0,30.0,53.74445510738251
IRAO,Локшин Александр Маркович,Член СД,False,,1467.0,Локшин Александр Маркович,,,,,,,,,,,Локшин Александр Маркович,"Неисполнительный директор ПАО ""Интер РАО""",0,0,1,0,0,0,0,0,0,0,0.0,0,0,0,0.0,0,3,3,3,24,1,1,1,1,3,False,1,0,0,0,0,1,False,,False,aleksandr lokshin markovich,1,0,1467.0,73.9110098854193,0.0,0.0,30.0,0.0
IRAO,Миловидов Владимир Дмитриевич,Член СД,False,-0.2918609031560295,817.0,Миловидов Владимир Дмитриевич,,,,,,,,,,,Миловидов Владимир Дмитриевич,"Старший независимый директор ПАО ""Интер РАО""; председатель Комитета по номинациям и вознаграждениям; член комитетов Совета директоров",0,0,0,1,0,0,0,0,0,1,0.0,0,1,15,0.0,0,4,4,4,26,1,1,1,1,4,False,1,1,0,2,0,1,False,,False,dmitrievich milovidov vladimir,1,1,817.0,67.98331603142256,0.0,0.0,65.0,37.629344116254096
IRAO,Муров Андрей Евгеньевич,Член СД,False,,1394.0,Муров Андрей Евгеньевич,,N,N,N,N,,,,,,Муров Андрей Евгеньевич,"Неисполнительный директор ПАО ""Интер РАО""",0,0,0,1,0,0,0,1,1,1,0.0,0,0,0,0.0,0,18,18,18,24,1,1,1,1,2,False,1,1,0,0,0,1,False,,False,andrei evgenevich murov,1,0,1379.0,73.393988385742,4.0,67.11877414712396,55.00000000000001,0.0
IRAO,Опадчий Фёдор Юрьевич,Член СД,False,,1300.0,Опадчий Фёдор Юрьевич,,,,,,,,,,,Опадчий Фёдор Юрьевич,"Независимый директор ПАО ""Интер РАО""; член комитетов Совета директоров",0,0,1,0,0,0,0,1,0,1,0.0,0,0,0,0.0,0,15,15,15,20,1,1,1,1,3,False,1,0,0,0,0,1,False,,False,fedor iurevich opadchii,1,0,1300.0,72.68686208158228,0.0,0.0,30.0,0.0
IRAO,Сечин Игорь Иванович,Член СД,False,,2037.0,Сечин Игорь Иванович,,,,,,,,,,,Сечин Игорь Иванович,"Председатель Совета директоров ПАО ""Интер РАО""; неисполнительный директор",0,0,0,1,0,0,0,0,0,1,0.0,0,0,0,0.0,0,12,12,12,14,1,1,1,1,12,False,1,1,0,0,0,1,False,,False,igor ivanovich sechin,1,0,2037.0,77.23643237327305,0.0,0.0,55.00000000000001,0.0
IRAO,Федоров Денис Владимирович,Член СД,False,,2090.0,Федоров Денис Владимирович,,,,,,,,,,,Федоров Денис Владимирович,"Неисполнительный директор ПАО ""Интер РАО""",0,0,0,1,0,0,0,0,0,1,0.0,0,0,0,0.0,0,32,2,32,35,1,1,1,1,2,False,1,1,0,0,0,1,False,,False,denis fedorov vladimirovich,1,0,1460.0,77.49666862097003,0.0,0.0,55.00000000000001,0.0
IRAO,Шугаев Дмитрий Евгеньевич,Член СД,False,-0.8717336831758713,1130.0,Шугаев Дмитрий Евгеньевич,,,,,,,,,,,Шугаев Дмитрий Евгеньевич,"Заместитель Председателя Совета директоров ПАО ""Интер РАО""; неисполнительный директор",0,0,0,1,0,0,0,0,0,1,0.0,0,0,0,0.0,0,7,7,7,15,1,1,1,0,7,False,1,1,0,0,0,1,False,,False,dmitrii evgenevich shugaev,1,1,1130.0,71.26745440444002,0.0,0.0,55.00000000000001,13.665296712974525
IVAT,Батыров Ренат Рафикович,Член СД,False,0.984497378641701,1424.0,Батыров Ренат Рафикович,,,,,,,,,,,Батыров Ренат Рафикович,"Независимый директор ПАО ""ИВА""; член Комитета по аудиту и Комитета по вознаграждениям и номинациям.",0,0,0,0,1,0,0,0,1,1,0.0,0,0,0,0.0,0,1,1,1,17,1,1,1,1,1,False,1,0,0,0,0,1,False,,False,batyrov rafikovich renat,1,1,1424.0,73.60966421601424,0.0,0.0,30.0,90.37662148892653
IVAT,Зокин Андрей Александрович,Член СД,False,-0.843072831098659,5756.0,Зокин Андрей Александрович,,,,,,,,,,,Зокин Андрей Александрович,"Крупный акционер ПАО ""ИВА"" в 2024 году; роль члена Совета директоров из CSV не подтверждена официальными источниками за 2024 год.",0,0,0,1,0,0,0,0,0,1,0.0,0,1,0,0.0,0,1,1,1,23,1,1,1,1,1,False,1,1,0,1,0,1,False,,False,aleksandrovich andrei zokin,1,1,5756.0,87.762533231018,0.0,0.0,60.00000000000001,14.849746201659261
IVAT,Иодковский Станислав Эрикович,,,,0.0,,,,,,,,,,,,Иодковский Станислав Эрикович,"Генеральный директор ПАО ""ИВА"" с 9 апреля 2024 года; исполнительный директор и член Совета директоров в 2024 году.",0,0,1,0,0,0,0,0,0,1,0.0,0,0,0,0.0,0,13,4,13,13,1,1,1,1,0,True,1,0,0,0,0,1,True,json_2024,True,erikovich iodkovskii stanislav,0,0,0.0,0.0,0.0,0.0,30.0,0.0
IVAT,Манойло Андрей Федорович,Член СД,False,,401.0,Манойло Андрей Федорович,,,,,,,,,,,Манойло Андрей Федорович,"Независимый директор ПАО ""ИВА""; председатель Комитета по аудиту, член Комитета по вознаграждениям и номинациям.",0,0,1,0,0,0,0,0,0,0,0.0,0,0,0,0.0,0,1,1,1,9,1,1,1,1,1,False,1,0,0,0,0,1,False,,False,andrei fedorovich manoilo,1,0,401.0,60.78232666012402,0.0,0.0,30.0,0.0
IVAT,Петров Виктор Александрович,Член СД,False,0.7957776472715923,2830.0,Петров Виктор Александрович,,,,,,,,,,,Петров Виктор Александрович,"Исполнительный директор / член Совета директоров ПАО ""ИВА""; заместитель генерального директора по исследованиям и разработкам.",0,0,0,0,1,0,0,0,0,0,0.0,0,0,0,0.0,0,9,9,9,9,1,1,1,1,0,False,1,0,0,0,0,1,False,,False,aleksandrovich petrov viktor,1,1,2830.0,80.56786641172964,0.0,0.0,30.0,82.57751667781137
IVAT,Смирнов Максим Сергеевич,Член СД,False,-0.3551471387022898,3729.0,Смирнов Максим Сергеевич,,,,,,,,,,,Смирнов Максим Сергеевич,"Исполнительный директор / член Совета директоров ПАО ""ИВА""; заместитель генерального директора по коммерческим вопросам.",0,1,0,0,0,0,0,0,1,0,0.0,0,0,0,0.0,0,8,8,8,8,1,1,1,1,0,False,1,0,0,0,0,1,False,,False,maksim sergeevich smirnov,1,1,3729.0,83.36325976491716,0.0,0.0,30.0,35.01395260131904
IVAT,Смирнов Павел Игоревич,Член СД,False,,654.0,Смирнов Павел Игоревич,,,,,,,,,,,Смирнов Павел Игоревич,"Связь с ПАО ""ИВА"" как членом Совета директоров в 2024 году не подтверждена; официальные материалы 2025 года включают его в список кандидатов и проект состава Совета директоров.",0,0,0,1,0,1,0,0,0,1,2.0,1,1,11,0.0,0,17,13,13,24,1,1,1,1,0,False,1,1,2,1,0,1,False,,False,igorevich pavel smirnov,1,0,654.0,65.7307373325324,0.0,0.0,70.0,0.0
IVAT,Терентьев Евгений Викторович,Член СД,False,,891.0,Терентьев Евгений Викторович,,,,,,,,,,,Терентьев Евгений Викторович,"Неисполнительный директор ПАО ""ИВА""; советник генерального директора по искусственному интеллекту.",0,1,0,0,0,0,0,0,0,1,0.0,0,0,0,0.0,0,2,2,2,2,1,1,1,0,0,False,1,0,0,0,0,1,False,,False,evgenii terentev viktorovich,1,0,891.0,68.86116515608872,0.0,0.0,30.0,0.0
IVAT,Черных Сергей Дмитриевич,Член СД,False,,338.0,Черных Сергей Дмитриевич,,,,,,,,,,,Черных Сергей Дмитриевич,"Неисполнительный директор / член Совета директоров ПАО ""ИВА"" в 2024 году.",0,1,0,0,0,0,0,0,0,0,0.0,0,0,0,0.0,0,8,1,8,9,1,1,1,1,1,False,1,0,0,0,0,1,False,,False,chernykh dmitrievich sergei,1,0,338.0,59.05456033256979,0.0,0.0,30.0,0.0
KAZT,Аникушин Сергей Александрович,Член СД,False,,440.0,Аникушин Сергей Александрович,,,,,,,,,,,Аникушин Сергей Александрович,"Член совета директоров ПАО ""КуйбышевАзот""; в годовом отчете 2024 занимаемая должность указана как отсутствующая",0,0,1,0,0,0,0,0,0,1,0.0,0,0,0,0.0,0,12,12,12,12,1,1,1,0,12,False,1,0,0,0,0,1,False,,False,aleksandrovich anikushin sergei,1,0,440.0,61.72088248149409,0.0,0.0,30.0,0.0
KAZT,Ардамаков Сергей Витальевич,Член СД,False,,1495.0,Ардамаков Сергей Витальевич,,,,,,,,,,,Ардамаков Сергей Витальевич,"Член совета директоров ПАО ""КуйбышевАзот""; в годовом отчете 2024 занимаемая должность указана как отсутствующая",0,0,1,0,0,0,0,0,0,0,0.0,0,1,23,1.0,1,69,69,69,69,1,1,1,0,69,False,1,0,0,1,1,1,False,,False,ardamakov sergei vitalevich,1,0,1495.0,74.10252616620085,0.0,0.0,38.33333333333333,0.0
KAZT,Бобровский Сергей Викторович,Член СД,False,,569.0,Бобровский Сергей Викторович,,,,,,,,,,,Бобровский Сергей Викторович,"Член совета директоров и заместитель председателя совета директоров ПАО ""КуйбышевАзот""; советник по корпоративным отношениям",0,0,1,0,0,0,0,0,0,0,0.0,0,0,0,0.0,0,32,32,32,32,1,1,1,1,32,False,1,0,0,0,0,1,False,,False,bobrovskii sergei viktorovich,1,0,569.0,64.32179169450704,0.0,0.0,30.0,0.0
KAZT,Былинин Андрей Николаевич,Член СД,False,0.918246472241666,680.0,Былинин Андрей Николаевич,N,N,N,,,,,,,,Былинин Андрей Николаевич,"Член совета директоров и коммерческий директор ПАО ""КуйбышевАзот"" в контексте 2024 года",0,0,1,0,0,0,0,0,0,0,0.0,0,0,0,0.0,0,40,40,40,40,1,1,1,1,40,False,1,0,0,0,0,1,False,,False,andrei bylinin nikolaevich,1,1,680.0,66.12531697411916,3.0,57.81296526357757,30.0,87.63871083647904
KAZT,Герасименко Александр Викторович,Генеральный директор,True,-0.5973588883412561,1121.0,Герасименко Александр Викторович,,,,,,,,,,,Герасименко Александр Викторович,"Генеральный директор ПАО ""КуйбышевАзот"" в контексте 2024 года",0,0,1,0,0,1,1,0,0,1,0.0,0,0,0,0.0,0,29,29,29,29,1,1,1,0,29,True,1,1,0,0,0,1,True,json_2024,False,aleksandr gerasimenko viktorovich,1,1,1121.0,71.18647089825112,0.0,0.0,55.00000000000001,25.004215897035625
KAZT,Герасименко Виктор Иванович,Член СД,False,,1281.0,Герасименко Виктор Иванович,N,,,,,,,,,,Герасименко Виктор Иванович,"Член совета директоров, председатель совета директоров ПАО ""КуйбышевАзот"" в 2024 году; советник по работе группы компаний",0,0,1,0,0,0,0,0,0,1,0.0,0,0,0,1.0,1,54,54,54,54,1,1,1,1,54,False,1,0,0,0,1,1,False,,False,gerasimenko ivanovich viktor,1,0,1281.0,72.53773724673714,1.0,28.906482631788784,33.33333333333333,0.0
KAZT,Кудашев Виктор Николаевич,Член СД,False,,283.0,Кудашев Виктор Николаевич,,,,,,,,,,,Кудашев Виктор Николаевич,"Член совета директоров и главный бухгалтер ПАО ""КуйбышевАзот""",0,0,1,0,0,0,0,0,0,1,0.0,0,0,0,0.0,0,25,25,25,25,1,1,1,0,25,False,1,0,0,0,0,1,False,,False,kudashev nikolaevich viktor,1,0,283.0,57.260158567799834,0.0,0.0,30.0,0.0
KAZT,Кудрявцев Виктор Петрович,Член СД,False,,540.0,Кудрявцев Виктор Петрович,,,,,,,,,,,Кудрявцев Виктор Петрович,"Член совета директоров ПАО ""КуйбышевАзот""; директор ООО ""КуйбышевАзот-плюс""",0,0,1,0,0,0,0,0,0,0,0.0,0,0,0,0.0,0,32,32,32,32,1,1,1,1,32,False,1,0,0,0,0,1,False,,False,kudriavtsev petrovich viktor,1,0,540.0,63.79249942511673,0.0,0.0,30.0,0.0
KAZT,Огарков Анатолий Аркадьевич,Член СД,False,,749.0,Огарков Анатолий Аркадьевич,,,,,,,,,,,Огарков Анатолий Аркадьевич,"Член совета директоров и советник ПАО ""КуйбышевАзот""",0,0,1,0,0,0,0,0,0,0,0.0,0,1,0,1.0,1,80,80,80,80,1,1,1,1,80,False,1,0,0,1,1,1,False,,False,anatolii arkadevich ogarkov,1,0,749.0,67.10358828964335,0.0,0.0,38.33333333333333,0.0
KAZT,Рачин Константин Геннадьевич,Член СД,False,,445.0,Рачин Константин Геннадьевич,N,,,,,,,,,,Рачин Константин Геннадьевич,"Член совета директоров ПАО ""КуйбышевАзот""; в годовом отчете 2024 занимаемая должность указана как отсутствующая",0,0,1,0,0,0,1,0,0,1,0.0,0,0,0,0.0,0,32,32,32,32,1,1,1,0,32,False,1,0,0,0,0,1,False,,False,gennadevich konstantin rachin,1,0,445.0,61.83516082391013,1.0,28.906482631788784,30.0,0.0
KAZT,Рыбкин Дмитрий Васильевич,Член СД,False,-0.53074568521998,443.0,Рыбкин Дмитрий Васильевич,N,,,,,,,,,,Рыбкин Дмитрий Васильевич,"Член совета директоров и директор по маркетингу и стратегическому планированию ПАО ""КуйбышевАзот""",0,0,1,0,0,0,0,0,0,1,0.0,0,0,0,0.0,0,39,39,39,39,1,1,1,1,39,False,1,0,0,0,0,1,False,,False,dmitrii rybkin vasilevich,1,1,443.0,61.78960397595592,1.0,28.906482631788784,30.0,27.757098964297256
KAZT,Туманов Сергей Александрович,Член СД,False,,1007.0,Туманов Сергей Александрович,,,,,,,,,,,Туманов Сергей Александрович,"Член совета директоров и председатель первичной профсоюзной организации ПАО ""КуйбышевАзот""",0,0,1,0,0,0,0,0,1,1,0.0,0,0,0,0.0,0,12,12,12,12,1,1,1,0,12,False,1,0,0,0,0,1,False,,False,aleksandrovich sergei tumanov,1,0,1007.0,70.10041196586883,0.0,0.0,30.0,0.0
KAZT,Шульженко Юрий Григорьевич,Член СД,False,,496.0,Шульженко Юрий Григорьевич,,,,,,,,,,,Шульженко Юрий Григорьевич,"Член совета директоров и советник ПАО ""КуйбышевАзот""",0,0,1,0,0,0,0,0,0,0,0.0,0,0,0,0.0,0,32,32,32,32,1,1,1,1,32,False,1,0,0,0,0,1,False,,False,grigorevich iurii shulzhenko,1,0,496.0,62.93263774778226,0.0,0.0,30.0,0.0
KZOS,Сафин Айрат Фоатович,Генеральный директор,True,,1601.0,Сафин Айрат Фоатович,,,,,,,,,,,Сафин Айрат Фоатович,"Генеральный директор ПАО ""Казаньоргсинтез"" в контексте 2024 года",0,0,1,0,0,0,0,0,0,1,1.0,1,0,0,1.0,1,32,32,32,42,1,1,1,1,20,True,1,0,1,0,1,1,True,json_2024,False,airat foatovich safin,1,0,1601.0,74.79644226499707,0.0,0.0,38.33333333333333,0.0
LEAS,Мизюра Сергей Николаевич,Генеральный директор,True,,804.0,Мизюра Сергей Николаевич,,,,,,,,N,,,Мизюра Сергей Николаевич,"Генеральный директор ПАО ""ЛК ""Европлан"" (подтверждено в контексте 2024 года)",0,0,1,0,0,1,0,0,0,1,0.0,0,0,0,0.0,0,22,22,22,22,1,1,1,0,22,True,1,0,0,0,0,1,True,json_2024,False,miziura nikolaevich sergei,1,0,804.0,67.82093059816017,1.0,28.906482631788784,30.0,0.0
LENT,Сорокин Владимир Леонидович,Генеральный директор,True,,1045.0,Сорокин Владимир Леонидович,,,,,N,N,,N,,,Сорокин Владимир Леонидович,"Генеральный директор МКПАО ""Лента"" / Группы компаний ""Лента""",0,0,1,0,0,0,0,0,0,1,0.0,0,0,0,0.0,0,28,17,17,46,1,1,1,1,6,True,1,0,0,0,0,1,True,json_2024,False,leonidovich sorokin vladimir,1,0,1045.0,70.47551075391236,3.0,57.81296526357757,30.0,0.0
LKOH,Кочкуров Сергей Алексеевич,Генеральный директор,True,,1432.0,Кочкуров Сергей Алексеевич,,,,,,,,,,,Кочкуров Сергей Алексеевич,"В 2024 году: вице-президент по добыче нефти и газа в России ПАО ""ЛУКОЙЛ""; с января 2025 года: главный исполнительный директор ПАО ""ЛУКОЙЛ"". CSV указывает роль ""Генеральный директор"", но открытые источники относят назначение на эту должность к январю 2025 года.",0,0,1,0,0,0,0,0,0,1,0.0,0,0,0,3.0,1,53,53,53,59,1,1,1,1,7,False,1,0,0,0,3,1,False,,True,alekseevich kochkurov sergei,1,0,1432.0,73.66641107721104,0.0,0.0,40.0,0.0
LSNGP,Денисов Игорь Вадимович,Член СД,False,,170.0,Денисов Игорь Вадимович,,,,,,,,,,,Денисов Игорь Вадимович,"Член Совета директоров ПАО ""Россети Ленэнерго""; Заместитель председателя Комитета по энергетике и инженерному обеспечению Санкт-Петербурга",0,0,1,0,0,0,0,0,0,1,0.0,0,0,0,0.0,0,1,1,1,8,1,1,1,1,1,False,1,0,0,0,0,1,False,,False,denisov igor vadimovich,1,0,170.0,52.11786390505013,0.0,0.0,30.0,0.0
LSNGP,Казаев Владимир Александрович,Член СД,False,,470.0,Казаев Владимир Александрович,,,,,,,,,,,Казаев Владимир Александрович,"Член Совета директоров ПАО ""Россети Ленэнерго""; Начальник аппарата вице-губернатора Санкт-Петербурга (Кропачева С.Н.)",0,0,1,0,0,0,0,0,1,0,0.0,0,0,0,0.0,0,1,1,1,9,1,1,1,0,1,False,1,0,0,0,0,1,False,,False,aleksandrovich kazaev vladimir,1,0,470.0,62.3879903797198,0.0,0.0,30.0,0.0
LSNGP,Котвицкий Константин Валерьевич,Член СД,False,,345.0,Котвицкий Константин Валерьевич,,,,,,,,,,,Котвицкий Константин Валерьевич,"Член Совета директоров ПАО ""Россети Ленэнерго""; Заместитель председателя Комитета по энергетике и инженерному обеспечению Санкт-Петербурга",0,0,1,0,0,0,0,0,0,0,0.0,0,0,0,0.0,0,2,2,2,10,1,1,1,1,2,False,1,0,0,0,0,1,False,,False,konstantin kotvitskii valerevich,1,0,345.0,59.261734467691404,0.0,0.0,30.0,0.0
LSNGP,Краинский Даниил Владимирович,Член СД,False,-0.4582631890563534,10977.0,Краинский Даниил Владимирович,,,,,,,,,,,Краинский Даниил Владимирович,"Член Совета директоров и член Правления ПАО ""Россети Ленэнерго""; Заместитель Генерального директора по правовому обеспечению ПАО ""Россети""",0,0,1,0,0,0,0,0,1,0,0.0,0,0,0,0.0,0,15,15,15,15,1,1,1,1,3,False,1,0,0,0,0,1,False,,False,daniil krainskii vladimirovich,1,1,10977.0,94.30533203396551,0.0,0.0,30.0,30.752538712156678
LSNGP,Кузьмин Игорь Анатольевич,"Генеральный директор, Член СД",True,,1289.0,Кузьмин Игорь Анатольевич,,,,,,,,,,,Кузьмин Игорь Анатольевич,"Генеральный директор ПАО ""Россети Ленэнерго""; Председатель Правления; член Совета директоров в контексте 2024 года",0,0,1,0,0,1,0,1,0,1,0.0,0,0,0,0.0,0,16,16,16,16,1,1,1,0,16,True,1,0,0,0,0,1,True,json_2024,False,anatolevich igor kuzmin,1,0,1289.0,72.6007942563567,0.0,0.0,30.0,0.0
LSNGP,Кутыева Екатерина Валерьевна,Член СД,False,,617.0,Кутыева Екатерина Валерьевна,,,,,,,,,,,Кутыева Екатерина Валерьевна,CSV role: Член Совета директоров; в годовом отчете за 2024 год членство в Совете директоров на 31.12.2024 не подтверждено; подтверждена как заместитель председателя Комитета имущественных отношений Санкт-Петербурга и как кандидат/избранный член Совета директоров на собрании 2025 года,0,0,0,0,1,0,0,0,0,0,0.0,0,0,0,0.0,0,0,0,0,25,0,0,0,1,0,False,0,0,0,0,0,1,False,,False,ekaterina kutyeva valerevna,1,0,617.0,65.1413393996897,0.0,0.0,0.0,0.0
LSNGP,Ляпунов Евгений Викторович,Член СД,False,,1617.0,Ляпунов Евгений Викторович,,,,,,,,,,,Ляпунов Евгений Викторович,"Член Совета директоров ПАО ""Россети Ленэнерго""; Заместитель Генерального директора - главный инженер ПАО ""Россети""",0,0,1,0,0,0,0,0,0,0,0.0,0,0,0,0.0,0,10,10,10,10,1,1,1,1,3,False,1,0,0,0,0,1,False,,False,evgenii liapunov viktorovich,1,0,1617.0,74.89717732121893,0.0,0.0,30.0,0.0
LSNGP,Мельникова Светлана Анатольевна,Член СД,False,,1019.0,Мельникова Светлана Анатольевна,,,,,,,,,,,Мельникова Светлана Анатольевна,"Член Совета директоров ПАО ""Россети Ленэнерго""; Заместитель председателя Комитета по энергетике и инженерному обеспечению Санкт-Петербурга",0,0,1,0,0,0,0,1,0,1,0.0,0,0,0,0.0,0,9,9,9,16,1,1,1,1,9,False,1,0,0,0,0,1,False,,False,anatolevna melnikova svetlana,1,0,1019.0,70.22037054469425,0.0,0.0,30.0,0.0
LSNGP,Мольский Алексей Валерьевич,Член СД,False,,6344.0,Мольский Алексей Валерьевич,,,,N,,,N,N,,,Мольский Алексей Валерьевич,"Член Совета директоров ПАО ""Россети Ленэнерго""; Заместитель Генерального директора по инвестициям и капитальному строительству ПАО ""Россети""",0,0,1,0,0,0,0,0,0,1,0.0,0,0,0,0.0,0,16,16,16,16,1,1,1,1,3,False,1,0,0,0,0,1,False,,False,aleksei molskii valerevich,1,0,6344.0,88.74830237826606,3.0,57.81296526357757,30.0,0.0
LSNGP,Пикин Сергей Сергеевич,Член СД,False,,2637.0,Пикин Сергей Сергеевич,,,,,,,,,,,Пикин Сергей Сергеевич,"Член Совета директоров ПАО ""Россети Ленэнерго""; независимый директор; директор Фонда энергетического развития",0,0,1,0,0,0,0,0,0,1,0.0,0,0,0,0.0,0,8,8,8,19,1,1,1,1,8,False,1,0,0,0,0,1,False,,False,pikin sergeevich sergei,1,0,1273.0,79.85214713104239,0.0,0.0,30.0,0.0
LSNGP,Полинов Алексей Александрович,Член СД,False,,2416.0,Полинов Алексей Александрович,,,,,,,,,,,Полинов Алексей Александрович,"Член Совета директоров ПАО ""Россети Ленэнерго""; Главный советник, Врио заместителя Генерального директора по стратегии ПАО ""Россети""",0,0,0,1,0,0,0,0,0,1,0.0,0,1,0,0.0,0,12,12,12,12,1,1,1,1,6,False,1,1,0,1,0,1,False,,False,aleksandrovich aleksei polinov,1,0,2416.0,78.96527503942372,0.0,0.0,60.00000000000001,0.0
LSNGP,Протасов Станислав Дмитриевич,Член СД,False,,510.0,Протасов Станислав Дмитриевич,,,,,,,,,,,Протасов Станислав Дмитриевич,"Член Совета директоров ПАО ""Россети Ленэнерго""; Председатель Комитета по энергетике и инженерному обеспечению Санкт-Петербурга в 2024 году",0,0,1,0,0,0,0,0,0,1,0.0,0,0,0,0.0,0,7,3,7,10,1,1,1,1,3,False,1,0,0,0,0,1,False,,False,dmitrievich protasov stanislav,1,0,510.0,63.21422201045599,0.0,0.0,30.0,0.0
LSNGP,Рюмин Андрей Валерьевич,Член СД,False,,2488.0,Рюмин Андрей Валерьевич,,,,,,,,,,,Рюмин Андрей Валерьевич,"Член Совета директоров ПАО ""Россети Ленэнерго""; Генеральный директор, Председатель Правления ПАО ""Россети""",0,0,0,1,0,0,0,0,0,1,0.0,0,1,0,0.0,0,14,14,14,14,1,1,1,1,8,False,1,1,0,1,0,1,False,,False,andrei riumin valerevich,1,0,2488.0,79.26281759108186,0.0,0.0,60.00000000000001,0.0
LSRG,Волчецкая Галина Александровна,Член СД,False,,429.0,Волчецкая Галина Александровна,,,,,,,,,,,Волчецкая Галина Александровна,"Член Совета директоров ПАО ""Группа ЛСР"" в контексте 2024 года; исполнительный директор и член Правления ""Группы ЛСР""",0,0,0,1,0,0,0,0,1,0,0.0,0,1,1,0.0,0,29,29,29,50,1,1,1,1,25,False,1,1,0,1,0,1,False,,False,aleksandrovna galina volchetskaia,1,0,429.0,61.464840859949256,0.0,0.0,60.00000000000001,0.0
LSRG,Игнатенко Виталий Никитич,Член СД,False,,751.0,Игнатенко Виталий Никитич,,,,,,,,,,,Игнатенко Виталий Никитич,"Член Совета директоров, независимый директор ПАО ""Группа ЛСР"" в контексте 2024 года",0,0,1,0,0,0,0,0,0,0,0.0,0,0,0,0.0,0,4,4,4,80,1,1,1,1,4,False,1,0,0,0,0,1,False,,False,ignatenko nikitich vitalii,1,0,751.0,67.13058266407229,0.0,0.0,30.0,0.0
LSRG,Кудимов Юрий Александрович,Член СД,False,,928.0,Кудимов Юрий Александрович,,,,,,,,,,,Кудимов Юрий Александрович,"Член Совета директоров, независимый директор ПАО ""Группа ЛСР"" в контексте 2024 года",0,0,1,0,0,1,1,0,0,1,0.0,0,0,0,0.0,0,3,3,3,33,1,1,1,1,3,False,1,1,0,0,0,1,False,,False,aleksandrovich iurii kudimov,1,0,928.0,69.27313412238996,0.0,0.0,55.00000000000001,0.0
LSRG,Кутузов Дмитрий Владимирович,"Генеральный директор, Член СД",True,,1008.0,Кутузов Дмитрий Владимирович,,,,N,,N,,,,,Кутузов Дмитрий Владимирович,"Генеральный директор, председатель Правления, член Совета директоров ПАО ""Группа ЛСР"" в контексте 2024 года",0,0,1,0,0,0,0,0,0,1,0.0,0,0,0,0.0,0,36,36,36,36,1,1,1,0,36,True,1,0,0,0,0,1,True,json_2024,False,dmitrii kutuzov vladimirovich,1,0,1008.0,70.11046291523701,2.0,45.81569099913263,30.0,0.0
LSRG,Левит Игорь Михайлович,Член СД,False,,643.0,Левит Игорь Михайлович,,,,,,,,,,,Левит Игорь Михайлович,"Член Совета директоров ПАО ""Группа ЛСР"" в контексте 2024 года; первый заместитель генерального директора и член Правления ""Группы ЛСР""",0,0,0,1,0,0,0,0,0,0,0.0,0,0,0,0.0,0,34,34,34,52,1,1,1,1,34,False,1,1,0,0,0,1,False,,False,igor levit mikhailovich,1,0,643.0,65.55906240883156,0.0,0.0,55.00000000000001,0.0
LSRG,Молчанов Егор Андреевич,Член СД,False,,296.0,Молчанов Егор Андреевич,,,,,,,,,,,Молчанов Егор Андреевич,"Член Совета директоров ПАО ""Группа ЛСР"" в контексте 2024 года; первый заместитель генерального директора по экономике и внешнеэкономической деятельности, член Правления",0,1,0,0,0,0,1,1,0,0,0.0,0,0,0,0.0,0,17,17,17,18,1,1,1,1,9,False,1,1,0,0,0,1,False,,False,andreevich egor molchanov,1,0,296.0,57.71384172864356,0.0,0.0,55.00000000000001,0.0
LSRG,Осипов Юрий Сергеевич,Член СД,False,,850.0,Осипов Юрий Сергеевич,,,,,,,,,,,Осипов Юрий Сергеевич,"Председатель Совета директоров, независимый директор ПАО ""Группа ЛСР"" в контексте 2024 года",0,0,0,1,0,0,0,0,0,0,0.0,0,1,56,0.0,0,5,5,5,86,1,1,1,1,5,False,1,1,0,1,0,1,False,,False,iurii osipov sergeevich,1,0,850.0,68.38420781532612,0.0,0.0,60.00000000000001,0.0
LSRG,Шадрина Любовь Викторовна,Член СД,False,,364.0,Шадрина Любовь Викторовна,,,,,,,,,,,Шадрина Любовь Викторовна,"Член Совета директоров ПАО ""Группа ЛСР"" в контексте 2024 года; руководитель Представительства ""Группы ЛСР"" в Москве",0,0,1,0,0,0,0,0,0,0,0.0,0,0,0,0.0,0,34,34,34,40,1,1,1,1,16,False,1,0,0,0,0,1,False,,False,liubov shadrina viktorovna,1,0,364.0,59.80361101980217,0.0,0.0,30.0,0.0
LSRG,Яковлев Владимир Анатольевич,Член СД,False,,1055.0,Яковлев Владимир Анатольевич,,,,,,,,,,,Яковлев Владимир Анатольевич,"Член Совета директоров, независимый директор ПАО ""Группа ЛСР"" в контексте 2024 года",0,0,0,1,0,0,0,0,0,1,0.0,0,0,0,0.0,0,1,1,1,96,1,1,1,1,1,False,1,1,0,0,0,1,False,,False,anatolevich iakovlev vladimir,1,0,1055.0,70.57195659672159,0.0,0.0,55.00000000000001,0.0
MAGN,Еремин Андрей Анатольевич,Член СД,False,,1125.0,Еремин Андрей Анатольевич,,,N,N,N,N,N,N,N,N,Еремин Андрей Анатольевич,"Член Совета директоров ПАО ""ММК""",0,0,1,0,0,1,0,0,0,1,0.0,0,0,0,0.0,0,6,6,6,11,1,1,1,1,6,False,1,0,0,0,0,1,False,,False,anatolevich andrei eremin,1,0,1125.0,71.2225434687315,8.0,91.63138199826525,30.0,0.0
MAGN,Исмаилов Рашид Рустам оглы,Член СД,False,,606.0,Исмаилов Рашид Рустам оглы,,,,,,,,,,,Исмаилов Рашид Рустам оглы,"Член Совета директоров ПАО ""ММК""",0,0,1,0,0,0,0,0,0,0,0.0,0,0,0,0.0,0,4,4,4,13,1,1,1,1,4,False,1,0,0,0,0,1,False,,False,ismailov ogly rashid rustam,1,0,606.0,64.95929336753785,0.0,0.0,30.0,0.0
MAGN,Марцинович Валерий Ярославович,Член СД,False,,14064.0,Марцинович Валерий Ярославович,,,,,,,,,,,Марцинович Валерий Ярославович,"Член Совета директоров ПАО ""ММК""",0,0,1,0,0,0,1,0,0,1,0.0,0,0,0,0.0,0,3,3,3,12,1,1,1,1,3,False,1,1,0,0,0,1,False,,False,iaroslavovich martsinovich valerii,1,0,14064.0,96.81708859230116,0.0,0.0,55.00000000000001,0.0
MAGN,Морган Ральф Таваколян,Член СД,False,,366.0,Морган Ральф Таваколян,,,,,,,,,,,Морган Ральф Таваколян,"Член Совета директоров ПАО ""ММК""",0,0,1,0,0,0,1,0,1,1,0.0,0,0,0,0.0,0,2,2,2,14,1,1,1,1,2,False,1,1,0,0,0,1,False,,False,morgan ralf tavakolian,1,0,366.0,59.85900122106214,0.0,0.0,55.00000000000001,0.0
MAGN,Наумова Ольга Валерьевна,Член СД,False,,695.0,Наумова Ольга Валерьевна,,,,,,,,,,,Наумова Ольга Валерьевна,"Член Совета директоров ПАО ""ММК""",0,0,1,0,0,0,0,0,0,1,0.0,0,0,0,0.0,0,12,12,12,49,1,1,1,1,4,False,1,0,0,0,0,1,False,,False,naumova olga valerevna,1,0,695.0,66.34616191035076,0.0,0.0,30.0,0.0
MAGN,Осеевский Михаил Эдуардович,Член СД,False,,3848.0,Осеевский Михаил Эдуардович,,,N,,,,,,,,Осеевский Михаил Эдуардович,"Член Совета директоров ПАО ""ММК""",0,0,0,1,0,0,0,0,0,1,0.0,0,0,0,0.0,0,4,4,4,11,1,1,1,1,4,False,1,1,0,0,0,1,False,,False,eduardovich mikhail oseevskii,1,0,3848.0,83.68159425493472,1.0,28.906482631788784,55.00000000000001,0.0
MAGN,Рашников Виктор Филиппович,Член СД,False,,3172.0,Рашников Виктор Филиппович,,,,,,,,,,,Рашников Виктор Филиппович,"Председатель Совета директоров ПАО ""ММК""; член Совета директоров по CSV",0,0,0,1,0,0,0,0,0,0,0.0,0,1,1,0.0,0,13,13,13,35,1,1,1,1,13,False,1,1,0,1,0,1,False,,False,filippovich rashnikov viktor,1,0,3172.0,81.72389545868353,0.0,0.0,60.00000000000001,0.0
MAGN,Рашникова Ольга Викторовна,Член СД,False,,384.0,Рашникова Ольга Викторовна,,,,,,,,,,,Рашникова Ольга Викторовна,"Член Совета директоров ПАО ""ММК""",0,1,0,0,0,1,1,0,0,1,0.0,0,0,0,0.0,0,14,14,14,24,1,1,1,1,14,False,1,0,0,0,0,1,False,,False,olga rashnikova viktorovna,1,0,384.0,60.3443462374466,0.0,0.0,30.0,0.0
MAGN,Ушаков Сергей Николаевич,Член СД,False,,1046.0,Ушаков Сергей Николаевич,,N,,,,,N,N,,,Ушаков Сергей Николаевич,"Член Совета директоров ПАО ""ММК""",0,0,0,1,0,0,0,0,0,0,0.0,0,1,1,0.0,0,17,17,17,17,1,1,1,0,17,False,1,1,0,1,0,1,False,,False,nikolaevich sergei ushakov,1,0,1046.0,70.48519673802952,3.0,57.81296526357757,60.00000000000001,0.0
MAGN,Шиляев Павел Владимирович,"Генеральный директор, Член СД",True,,2008.0,Шиляев Павел Владимирович,,N,N,N,N,N,N,N,N,N,Шиляев Павел Владимирович,"Генеральный директор, член Совета директоров ПАО ""ММК""",0,0,0,1,0,0,1,0,0,0,0.0,0,1,1,0.0,0,4,4,4,13,1,1,1,1,4,True,1,1,0,1,0,1,True,json_2024,False,pavel shiliaev vladimirovich,1,0,2008.0,77.0911592829979,9.0,96.02525677891275,60.00000000000001,0.0
MBNK,Иссопов Эдуард Александрович,Председатель правления,True,,725.0,Иссопов Эдуард Александрович,,,,,,,,,,,Иссопов Эдуард Александрович,"Председатель Правления ПАО ""МТС-Банк"" с 3 декабря 2024 года",0,0,1,0,0,1,1,0,0,1,0.0,0,0,0,0.0,0,41,41,41,41,1,1,1,1,13,True,1,0,0,0,0,1,True,json_2024,False,aleksandrovich eduard issopov,1,0,725.0,66.77392080742848,0.0,0.0,30.0,0.0
MDMG,Калугин Сергей Борисович,Член СД,False,,250.0,Калугин Сергей Борисович,N,N,,,,,,,,,Калугин Сергей Борисович,Член Совета директоров; старший независимый директор; председатель Комитета по вознаграждениям,0,0,1,0,0,0,0,0,0,1,0.0,0,0,0,0.0,0,3,3,3,10,1,1,1,1,3,False,1,0,0,0,0,1,False,,False,borisovich kalugin sergei,1,0,250.0,56.00809954420839,2.0,45.81569099913263,30.0,0.0
MDMG,Кудимов Юрий Александрович,Член СД,False,,928.0,Кудимов Юрий Александрович,,,,,,,,,,,Кудимов Юрий Александрович,Член Совета директоров; независимый директор; член Комитета по кадрам,0,0,1,0,0,1,1,0,0,1,0.0,0,0,0,0.0,0,2,2,2,23,1,1,1,1,2,False,1,0,0,0,0,1,False,,False,aleksandrovich iurii kudimov,1,0,216.0,69.27313412238996,0.0,0.0,30.0,0.0
MDMG,Курцер Марк Аркадьевич,"Генеральный директор, Член СД",True,,1239.0,Курцер Марк Аркадьевич,,,,,,N,N,,,,Курцер Марк Аркадьевич,"Генеральный директор; член Совета директоров, исполнительный директор",0,0,0,1,0,0,0,0,0,0,1.0,1,1,0,6.0,0,19,19,19,39,1,1,1,1,0,True,1,1,1,1,1,1,True,json_2024,False,arkadevich kurtser mark,1,0,1239.0,72.20009458946286,2.0,45.81569099913263,68.33333333333334,0.0
MDMG,Лукина Татьяна Борисовна,Член СД,False,,982.0,Лукина Татьяна Борисовна,,,,,,,,,,,Лукина Татьяна Борисовна,Член Совета директоров; независимый директор; председатель Комитета по аудиту,0,0,0,1,0,0,0,0,0,1,0.0,0,0,0,0.0,0,4,4,4,17,1,1,1,1,4,False,1,1,0,0,0,1,False,,False,borisovna lukina tatiana,1,0,982.0,69.84584354854246,0.0,0.0,55.00000000000001,0.0
MDMG,Меклер Владимир Александрович,Член СД,False,,234.0,Меклер Владимир Александрович,,,,,,,,,,,Меклер Владимир Александрович,Председатель Совета директоров; независимый директор; председатель Комитета по кадрам,0,0,1,0,0,0,0,0,1,0,0.0,0,0,0,0.0,0,10,10,10,46,1,1,1,1,10,False,1,0,0,0,0,1,False,,False,aleksandrovich mekler vladimir,1,0,234.0,55.34044218904373,0.0,0.0,30.0,0.0
MDMG,Устименко Виталий Александрович,Член СД,False,,1084.0,Устименко Виталий Александрович,,,,,,,,,N,N,Устименко Виталий Александрович,Член Совета директоров; независимый директор; член Комитета по аудиту,0,0,0,1,0,0,0,0,0,1,0.0,0,0,0,0.0,0,13,13,13,13,1,1,1,1,0,False,1,1,0,0,0,1,False,,False,aleksandrovich ustimenko vitalii,1,0,1084.0,70.84656943726671,2.0,45.81569099913263,55.00000000000001,0.0
MGNT,Andrey Bodrov,Chief Investment Officer,False,,6560.0,Андрей Бодров,,,,,,,,,,,Андрей Юрьевич Бодров,Директор по стратегии и инвестициям; член Правления ПАО «Магнит»,0,0,1,0,0,0,0,0,1,0,0.0,0,0,0,0.0,0,10,10,10,10,1,1,1,1,0,False,1,0,0,0,0,1,False,,False,andrei bodrov,1,0,6560.0,89.08762717125957,0.0,0.0,30.0,0.0
MGNT,Bobrova Anna Nikolayevna,Human Resources Officer | Director/Board Member,False,,865.0,Боброва Анна Николаевна,,,,,,N,N,N,,,Анна Николаевна Боброва,Директор по персоналу АО «Тандер»; член Правления и Совета директоров ПАО «Магнит»,0,0,1,0,0,0,0,0,0,0,0.0,0,0,0,0.0,0,22,22,22,33,1,1,1,1,6,False,1,0,0,0,0,1,False,,False,anna bobrova nikolaevna,1,0,865.0,68.56131858103561,3.0,57.81296526357757,30.0,0.0
MGNT,Buylov Sergey Yurievich,Director/Board Member,False,,404.0,Буйлов Сергей Юрьевич,,,,,,,,,,,Сергей Юрьевич Буйлов,Член Совета директоров ПАО «Магнит»; генеральный директор ООО «Магнит Фарма»,0,0,1,0,0,0,0,0,0,1,0.0,0,0,0,0.0,0,27,4,4,27,1,1,1,1,1,False,1,0,0,0,0,1,False,,False,builov iurevich sergei,1,0,404.0,60.85769043931555,0.0,0.0,30.0,0.0
MGNT,Dmitry Ivanov,Director of Finance/CFO,False,,5041.0,Дмитрий Иванов,,,,,,,N,N,,,Дмитрий Анатольевич Иванов,Главный финансовый директор АО «Тандер»; член Правления ПАО «Магнит»,0,0,1,0,0,0,0,0,0,1,0.0,0,0,0,0.0,0,10,10,10,10,1,1,1,1,2,False,1,0,0,0,0,1,False,,False,dmitrii ivanov,1,0,5041.0,86.41831039532936,2.0,45.81569099913263,30.0,0.0
MGNT,Dulichenko Natalia Anatoliyevna,Director/Board Member,False,,1801.0,Дуличенко Наталья Анатольевна,,,,,,,,,,,Наталья Анатольевна Дуличенко,Член Совета директоров ПАО «Магнит»; директор по юридической работе и корпоративному управлению АО «Тандер»,0,0,1,0,0,0,0,0,1,0,0.0,0,0,0,0.0,0,4,4,4,9,1,1,1,1,2,False,1,0,0,0,0,1,False,,False,anatolevna dulichenko nataliia,1,0,1801.0,75.98892989055781,0.0,0.0,30.0,0.0
MGNT,Ilya Igorevich Sokolov,Director/Board Member,False,,265.0,Илья Игоревич Соколов,,,,,,,,,,,Илья Игоревич Соколов,Член Совета директоров ПАО «Магнит»; советник по корпоративным вопросам,0,0,1,0,0,0,0,0,0,0,0.0,0,0,0,0.0,0,8,8,8,8,1,1,1,0,8,False,1,0,0,0,0,1,False,,False,igorevich ilia sokolov,1,0,265.0,56.59644928875341,0.0,0.0,30.0,0.0
MGNT,Meleshina Anna Yurievna,Corporate Officer/Principal | Director/Board Member,False,,11525.0,Мелешина Анна Юрьевна,,,,,,,N,,,,Анна Юрьевна Мелешина,Управляющий директор; член Правления; член Совета директоров ПАО «Магнит»,0,0,1,0,0,1,1,0,0,1,0.0,0,0,0,0.0,0,28,13,13,28,1,1,1,1,8,False,1,0,0,0,0,1,False,,False,anna iurevna meleshina,1,0,11525.0,94.79909629499225,1.0,28.906482631788784,30.0,0.0
MGNT,Vitikhovich M. Viktorovna,Director/Board Member,False,,0.0,Витихович М. Викторовна,,,,,,,,,,,Маргарита Викторовна Витихович,Член Совета директоров ПАО «Магнит»,0,0,1,0,0,0,0,0,1,0,0.0,0,0,0,0.0,0,19,19,19,19,1,1,1,1,1,False,1,0,0,0,0,1,False,,False,m viktorovna vitikhovich,0,0,0.0,0.0,0.0,0.0,30.0,0.0
MGNT,Yuri Misnik,Chief Tech/Sci/R&D Officer,False,,893.0,Юрий Мисник,,,,,,,,,,,Юрий Мисник,Директор по цифровым технологиям; член Правления ПАО «Магнит»,0,0,1,0,0,0,1,0,0,0,0.0,0,0,0,0.0,0,4,4,4,18,1,1,1,1,4,False,1,0,0,0,0,1,False,,False,iurii misnik,1,0,893.0,68.88386702808043,0.0,0.0,30.0,0.0
MGNT,Евгений Сергеевич Случевский,,,,0.0,,,,,,,,,,,,Евгений Сергеевич Случевский,Генеральный директор ПАО «Магнит»,0,0,1,0,0,0,0,0,0,0,0.0,0,0,0,0.0,0,12,4,4,18,1,1,1,1,4,True,1,0,0,0,0,1,True,json_2024,True,evgenii sergeevich sluchevskii,0,0,0.0,0.0,0.0,0.0,30.0,0.0
MGTSP,Александр Сергеевич Дмитриев,Director/Board Member,False,-0.3882064718836024,289.0,Александр Сергеевич Дмитриев,,,,,,,N,,,N,Александр Сергеевич Дмитриев,Член Совета директоров ПАО МГТС,0,0,1,0,0,1,1,0,0,1,0.0,0,0,0,0.0,0,3,3,3,30,1,1,1,1,1,False,1,0,0,0,0,1,False,,False,aleksandr dmitriev sergeevich,1,1,289.0,57.47207670327191,2.0,45.81569099913263,30.0,33.647729776632076
MGTSP,Альберт Тимурович Гильманов,генеральный директор,True,0.626809862239128,409.0,Альберт Тимурович Гильманов,,,,,,,,,,,Альберт Тимурович Гильманов,Генеральный директор ПАО МГТС,0,0,1,0,0,0,0,0,0,1,0.0,0,0,0,0.0,0,22,22,22,31,1,1,1,1,4,True,1,0,0,0,0,1,True,json_2024,False,albert gilmanov timurovich,1,1,409.0,60.98206478018307,0.0,0.0,30.0,75.59468846158339
MGTSP,Виктор Леонидович Белов,Director/Board Member | председатель СД,False,,135.0,Виктор Леонидович Белов,,,,,,N,N,,,,Виктор Леонидович Белов,Член Совета директоров ПАО МГТС,0,0,1,0,0,0,0,0,0,0,0.0,0,0,0,0.0,0,23,23,23,34,1,1,1,1,2,False,1,0,0,0,0,1,False,,False,belov leonidovich viktor,1,0,135.0,49.79654462677963,2.0,45.81569099913263,30.0,0.0
MGTSP,Дмитрий Николаевич Рылов,Director/Board Member,False,0.18128235479059,268.0,Дмитрий Николаевич Рылов,,,,,,,,,,,Дмитрий Николаевич Рылов,Член Совета директоров ПАО МГТС,0,0,1,0,0,0,0,1,0,1,0.0,0,0,0,0.0,0,26,26,26,26,1,1,1,1,1,False,1,0,0,0,0,1,False,,False,dmitrii nikolaevich rylov,1,1,268.0,56.71012952633922,0.0,0.0,30.0,57.18264589666694
MGTSP,Инеса Галактионова,Director/Board Member,False,-0.4777211672589416,135.0,Инеса Галактионова,,,,,,,,,,,Инеса Галактионова,Член Совета директоров ПАО МГТС,0,1,0,0,0,0,1,0,0,1,0.0,0,0,0,0.0,0,13,13,13,20,1,1,1,1,6,False,1,0,0,0,0,1,False,,False,galaktionova inesa,1,1,135.0,49.79654462677963,0.0,0.0,30.0,29.948410758430597
MGTSP,Ирина Владимировна Карева,финансовый директор,False,1.1875256805680514,169.0,Ирина Владимировна Карева,,N,,,,,,,,,Ирина Владимировна Карева,Финансовый директор ПАО МГТС,0,0,1,0,0,1,0,0,0,1,0.0,0,0,0,0.0,0,25,25,25,25,1,1,1,1,11,False,1,0,0,0,0,1,False,,False,irina kareva vladimirovna,1,1,169.0,52.05841281610824,1.0,28.906482631788784,30.0,98.7670478362435
MGTSP,Лариса Владимировна Бодягина,Director/Board Member,False,0.6136439047382419,637.0,Лариса Владимировна Бодягина,,,,,,,,,N,,Лариса Владимировна Бодягина,Член Совета директоров ПАО МГТС,0,0,1,0,0,1,1,0,0,1,0.0,0,0,0,0.0,0,6,6,6,22,1,1,1,1,3,False,1,0,0,0,0,1,False,,False,bodiagina larisa vladimirovna,1,1,637.0,65.46418138900736,1.0,28.906482631788784,30.0,75.05058699565494
MGTSP,Роман Валерьевич Райков,Director/Board Member,False,0.3493317546783603,31.0,Роман Валерьевич Райков,,,,,,,,,,,Роман Валерьевич Райков,Член Совета директоров ПАО МГТС,0,0,0,0,1,0,0,0,0,0,0.0,0,0,0,0.0,0,1,1,1,1,1,1,1,0,1,False,0,0,0,0,0,1,False,,False,raikov roman valerevich,1,1,31.0,35.13002166089292,0.0,0.0,0.0,64.12752057222148
MOEX,Aleksandr Mikhailovich Kamenskiy,Corporate Secretary,False,-0.0655145846593365,820.0,Александр Михайлович Каменский,N,N,W,N,N,N,N,,N,N,Aleksandr Mikhailovich Kamenskiy,Corporate Secretary / директор Департамента корпоративного управления ПАО Московская Биржа.,0,0,1,0,0,0,1,0,0,0,0.0,0,0,0,0.0,0,14,12,12,16,1,1,1,1,12,False,1,0,0,0,0,1,False,,False,aleksandr kamenskii mikhailovich,1,1,820.0,68.02042302200458,10.0,100.0,30.0,46.98341985994905
MOEX,Aleksandr Vadimovich Izosimov,Director/Board Member,False,0.9568359399781688,351.0,Александр Вадимович Изосимов,,,,,,,N,,,,Aleksandr Vadimovich Izosimov,Director/Board Member / член Наблюдательного совета Московской биржи.,0,0,1,0,0,1,1,0,0,1,0.0,0,0,0,0.0,0,8,8,8,30,1,1,1,1,8,False,1,1,0,0,0,1,False,,False,aleksandr izosimov vadimovich,1,1,351.0,59.43600320031413,1.0,28.906482631788784,55.00000000000001,89.23347414658515
MOEX,Andrei Selyuk,Director of Finance/CFO,False,-0.4491439092582357,489.0,Андрей Селюк,,,,,,,,,,,Andrei Selyuk,"CSV-listed Director of Finance/CFO; действующая роль CFO в 2024 году не подтверждена, так как официальные материалы 2024 года называют финансовым директором Михаила Панфилова.",0,0,1,0,0,0,0,0,0,0,0.0,0,0,0,0.0,0,2,2,2,29,1,1,1,1,2,False,1,0,0,0,0,1,False,,False,andrei seliuk,1,1,489.0,62.788856874543555,0.0,0.0,30.0,31.129405605888756
MOEX,Andrey Burilov,Chief Tech/Sci/R&D Officer,False,,1086.0,Андрей Бурилов,,,,,,,N,,,,Andrey Burilov,Chief Tech/Sci/R&D Officer / старший управляющий директор по IT Московской биржи.,0,0,1,0,0,0,0,0,0,0,0.0,0,0,0,0.0,0,22,14,14,28,1,1,1,1,5,False,1,0,0,0,0,1,False,,False,andrei burilov,1,0,1086.0,70.86523681198523,1.0,28.906482631788784,30.0,0.0
MOEX,Anton Vladimirovich Terentiev,Investor Relations Contact,False,0.4530190526113712,201.0,Антон Владимирович Терентьев,,,,,,N,N,,,,Anton Vladimirovich Terentiev,Investor Relations Contact / директор по связям с инвесторами Московской биржи.,0,0,1,0,0,0,0,0,0,0,0.0,0,0,0,0.0,0,8,8,8,8,1,1,1,0,8,False,1,0,0,0,0,1,False,,False,anton terentev vladimirovich,1,1,201.0,53.80662705455389,2.0,45.81569099913263,30.0,68.41254206038242
MOEX,Bella Zlatkis,Director/Board Member,False,0.2674643200057438,11875.0,Белла Златкис,,,,N,N,N,,,,,Bella Zlatkis,Director/Board Member / член Наблюдательного совета Московской биржи.,0,0,0,1,0,0,0,0,0,1,0.0,0,0,0,0.0,0,33,14,14,47,1,1,1,1,14,False,1,1,0,0,0,1,False,,False,bella zlatkis,1,1,1709.0,95.10231808106981,3.0,57.81296526357757,55.00000000000001,60.74423521571218
MOEX,Dmitry Shcheglov,Chief Operating Officer,False,0.6681206039950375,5697.0,Дмитрий Щеглов,,,,,N,N,,,,,Dmitry Shcheglov,Chief Operating Officer / управляющий директор по операционной деятельности Московской биржи.,0,0,0,1,0,1,0,0,0,0,0.0,0,0,0,0.0,0,28,28,28,28,1,1,1,0,14,False,1,1,0,0,0,1,False,,False,dmitrii shcheglov,1,1,5697.0,87.65811563113071,2.0,45.81569099913263,55.00000000000001,77.30191219722654
MOEX,Olga Vyacheslavovna Melentyeva,Comptroller/Controller/Auditor,False,-0.8696432816143006,65.0,Ольга Вячеславовна Мелентьева,,,,,,,,,,,Olga Vyacheslavovna Melentyeva,"Comptroller/Controller/Auditor; в раскрытии эмитента подтверждена связь с ПАО Московская Биржа, детальная биография основана на вторичных источниках.",0,0,0,0,1,0,0,0,0,0,0.0,0,0,0,0.0,0,0,0,0,0,1,1,1,0,0,False,1,0,0,0,0,1,False,,False,melenteva olga viacheslavovna,1,1,65.0,42.46793926800725,0.0,0.0,30.0,13.751685458643284
MOEX,Paul Anne F Bodart,Director/Board Member,False,,0.0,Поль Анн Ф. Бодар,,,,,,,,,,,Paul Anne F Bodart,Director/Board Member / член Наблюдательного совета Московской биржи.,0,0,0,0,1,1,1,0,0,1,0.0,0,1,7,0.0,0,30,23,23,30,1,1,1,1,6,False,1,1,0,1,0,1,False,,False,ann bodar f pol,0,0,0.0,0.0,0.0,0.0,60.00000000000001,0.0
MOEX,Ramón Morales Adarraga,Director/Board Member,False,-0.6578339426683895,6.0,Рамон Моралес Адаррага,,,,,,,,,,,Ramón Morales Adarraga,Director/Board Member / член Наблюдательного совета Московской биржи.,0,0,0,0,1,0,1,0,0,0,0.0,0,0,0,0.0,0,44,44,44,44,1,1,1,1,5,False,1,0,0,0,0,1,False,,False,adarraga morales ramon,1,1,6.0,19.724487844339595,0.0,0.0,30.0,22.505000347442586
MOEX,Sergey Anatolyevich Shvetsov,Chairman,False,,883.0,Сергей Анатольевич Швецов,,,,,,,,,,,Sergey Anatolyevich Shvetsov,Chairman / председатель Наблюдательного совета Московской биржи.,0,0,1,0,0,0,0,0,0,0,0.0,0,1,0,0.0,0,3,3,3,33,1,1,1,1,3,False,1,0,0,1,0,1,False,,False,anatolevich sergei shvetsov,1,0,883.0,68.76984578522605,0.0,0.0,35.0,0.0
MOEX,Sergey Lykov,Director/Board Member,False,-0.8298032514495381,5270.0,Сергей Лыков,,,,,,,,,,,Sergey Lykov,Director/Board Member / член или заместитель председателя Наблюдательного совета Московской биржи по вторичным roster-источникам.,0,0,0,0,1,0,0,0,0,0,0.0,0,0,0,0.0,0,27,22,22,27,1,1,1,1,22,False,1,0,0,0,0,1,False,,False,lykov sergei,1,1,5270.0,86.86854078495543,0.0,0.0,30.0,15.398129996674173
MOEX,Valery Pavlovich Goreglyad,Director/Board Member,False,,703.0,Валерий Павлович Горегляд,,,,,,,,,,,Valery Pavlovich Goreglyad,Director/Board Member / член Наблюдательного совета Московской биржи; Chief Auditor of the Bank of Russia.,0,0,0,1,0,0,0,0,0,1,0.0,0,1,0,0.0,0,12,12,12,24,1,1,1,0,12,False,1,1,0,1,0,1,False,,False,goregliad pavlovich valerii,1,0,703.0,66.46200753249273,0.0,0.0,60.00000000000001,0.0
MOEX,Yuriy Denisov,Chief Executive Officer,True,,4198.0,Юрий Денисов,,,,,N,N,N,,,,Yuriy Denisov,"Chief Executive Officer / председатель правления ПАО Московская Биржа в части 2024 года; полномочия досрочно прекращены 30.09.2024, после чего биржу возглавил Виктор Жидков, не включенный в CSV.",0,0,1,0,0,0,0,0,0,0,0.0,0,0,0,0.0,0,37,11,11,37,1,1,1,1,8,True,1,0,0,0,0,1,True,json_2024,False,denisov iurii,1,0,4198.0,84.56379423310412,3.0,57.81296526357757,30.0,0.0
MRKC,Aleksander V. Shevchuk,Director/Board Member,False,,0.0,Александр В. Шевчук,,,,,,,,,,,Шевчук Александр Викторович,"Член Совета директоров ПАО ""Россети Центр"" в действующем составе 2024; исполнительный директор НКО ""Ассоциация профессиональных инвесторов"".",0,0,1,0,0,0,0,0,0,1,0.0,0,0,0,0.0,0,19,19,19,21,1,1,1,1,9,False,1,0,0,0,0,1,False,,False,aleksandr shevchuk v,0,0,0.0,0.0,0.0,0.0,30.0,0.0
MRKC,Aleksander Viktorovich Varvarin,Director/Board Member,False,-0.5433583682799047,139.0,Александр Викторович Варварин,,,,,,,,,,,Варварин Александр Викторович,"CSV: Director/Board Member; официальная страница 2019 подтверждает историческое членство в Совете директоров ПАО ""МРСК Центра"".",0,0,1,0,0,0,0,0,1,0,0.0,0,1,0,0.0,0,7,7,7,14,1,1,1,1,7,False,1,0,0,1,0,1,False,,False,aleksandr varvarin viktorovich,1,1,139.0,50.090373362382536,0.0,0.0,35.0,27.235862332496335
MRKC,Alexander Ivanovich Kazakov,Director/Board Member,False,,382.0,Александр Иванович Казаков,,,,,,,,,,,Казаков Александр Иванович,"CSV: Director/Board Member; официальная страница 2019 подтверждает историческое председательство в Совете директоров ПАО ""МРСК Центра"".",0,0,0,1,0,0,0,0,0,1,0.0,0,0,0,0.0,0,7,7,7,7,1,1,1,1,7,False,1,1,0,0,0,1,False,,False,aleksandr ivanovich kazakov,1,0,261.0,60.291552463898135,0.0,0.0,55.00000000000001,0.0
MRKC,Alexander Viktorovich Golovtsov,Director/Board Member,False,0.3493582397451521,44.0,Александр Викторович Головцов,,,,,,,,,,,Головцов Александр Викторович,"CSV: Director/Board Member; официальная страница 2019 подтверждает историческое членство в Совете директоров ПАО ""МРСК Центра"".",0,0,1,0,0,0,0,0,0,0,0.0,0,0,0,0.0,0,6,6,6,6,1,1,1,1,6,False,1,0,0,0,0,1,False,,False,aleksandr golovtsov viktorovich,1,1,44.0,38.585783646500666,0.0,0.0,30.0,64.12861510436362
MRKC,Andrey Logatkin,Director/Board Member,False,0.6128759450102532,123.0,Андрей Логаткин,,,,,,,,,,,Логаткин Андрей Вячеславович,"CSV: Director/Board Member; официальная страница 2019 подтверждает историческое членство в Совете директоров ПАО ""МРСК Центра"".",0,0,1,0,0,0,1,0,0,1,0.0,0,0,0,0.0,0,6,6,6,6,1,1,1,1,6,False,1,0,0,0,0,1,False,,False,andrei logatkin,1,1,123.0,48.860213403598515,0.0,0.0,30.0,75.01884999409279
MRKC,Andrey Yuryevich Zemskov,Chief Investment Officer,False,,118.0,Андрей Юрьевич Земсков,,,,,,,,,,,Земсков Андрей Юрьевич,CSV: Chief Investment Officer; MarketScreener: Chief Investment Officer / Andrey Yuryevich Zemskov.,0,0,0,0,1,0,0,0,0,0,0.0,0,0,0,0.0,0,0,0,0,0,1,1,1,0,0,False,0,0,0,0,0,1,False,,False,andrei iurevich zemskov,1,0,118.0,48.44301947458347,0.0,0.0,0.0,0.0
MRKC,Artem Gennadievich Aleshin,Director of Finance/CFO,False,-0.4538251293544449,0.0,Артём Геннадиевич Алёшин,,,,,,,,,,,Алёшин Артём Геннадьевич,"CSV: Director of Finance/CFO. В 2024 году до 01.08.2024 был членом Правления ПАО ""Россети Центр""; с 08.2024 заместитель Генерального директора по экономике и финансам ПАО ""Россети"".",0,0,1,0,0,0,0,0,1,1,0.0,0,0,0,0.0,0,28,28,28,28,1,1,1,1,11,False,1,0,0,0,0,1,False,,False,aleshin artem gennadievich,0,1,0.0,0.0,0.0,0.0,30.0,30.935947688641967
MRKC,Dmitry Alexandrovich Chevkin,Director/Board Member,False,0.6128759450102532,16.0,Дмитрий Александрович Чевкин,,,,,,,,,,,Чевкин Дмитрий Александрович,"CSV: Director/Board Member; официальная страница 2019 подтверждает историческое членство в Совете директоров ПАО ""МРСК Центра"".",0,0,1,0,0,0,0,0,0,1,0.0,0,0,0,0.0,0,6,6,6,6,1,1,1,1,6,False,1,0,0,0,0,1,False,,False,aleksandrovich chevkin dmitrii,1,1,16.0,28.71853163024387,0.0,0.0,30.0,75.01884999409279
MRKC,Igor Vladimirovich Makovsky,Chief Executive Officer | Director/Board Member,True,-0.2778465430620379,949.0,Игорь Владимирович Маковский,,,,,,,,,,,Маковский Игорь Владимирович,"Генеральный директор и Председатель Правления ПАО ""Россети Центр"" с 01.01.2024 по 27.12.2024; член Совета директоров ПАО ""Россети Центр""; с 12.2024 генеральный директор ППК ""ВСК"".",0,0,1,0,0,0,1,1,1,0,0.0,0,0,0,0.0,0,18,18,18,30,1,1,1,1,11,True,1,0,0,0,0,1,True,json_2024,False,igor makovskii vladimirovich,1,1,949.0,69.49971515178537,0.0,0.0,30.0,38.20850699678722
MRKC,Larisa Anatolyevna Romanovskaya,Director/Board Member,False,,96.0,Лариса Анатольевна Романовская,,,,,,,,,,,Романовская Лариса Анатольевна,"CSV: Director/Board Member; официальная страница 2019 подтверждает историческое членство в Совете директоров ПАО ""МРСК Центра"".",0,0,1,0,0,0,0,0,0,1,0.0,0,0,0,0.0,0,7,7,7,7,1,1,1,1,7,False,1,0,0,0,0,1,False,,False,anatolevna larisa romanovskaia,1,0,89.0,46.37101622120783,0.0,0.0,30.0,0.0
MRKC,Maxim Mikhailovich Saukh,Director/Board Member,False,,17.0,Максим Михайлович Саух,,,,,,,,,,,Саух Максим Михайлович,"CSV: Director/Board Member; официальная страница 2019 подтверждает историческое членство в Совете директоров ПАО ""МРСК Центра"".",0,0,1,0,0,0,0,0,1,0,0.0,0,0,0,0.0,0,13,13,13,13,1,1,1,1,13,False,1,0,0,0,0,1,False,,False,maksim mikhailovich saukh,1,0,17.0,29.297911124993476,0.0,0.0,30.0,0.0
MRKC,Sergey Aleksandrovich Ternikov,Investor Relations Contact,False,,1.0,Сергей Александрович Терников,,,,,,,,,,,Терников Сергей Александрович,CSV: Investor Relations Contact; официальный отчет 2022: руководитель IR-службы.,0,0,0,0,1,0,0,0,0,0,0.0,0,0,0,0.0,0,0,0,0,0,1,1,1,1,0,False,0,0,0,0,0,1,False,,False,aleksandrovich sergei ternikov,1,0,1.0,7.0260043321785846,0.0,0.0,0.0,0.0
MRKC,Vitaly Yuryevich Zarkhin,Director/Board Member,False,0.3450084881357527,1899.0,Виталий Юрьевич Зархин,,,,,,,,,,,Зархин Виталий Юрьевич,"Независимый директор, член Совета директоров ПАО ""Россети Центр"" в действующем составе 2024.",0,0,1,0,0,0,0,0,0,1,0.0,0,0,0,0.0,0,11,9,11,11,1,1,1,1,3,False,1,0,0,0,0,1,False,,False,iurevich vitalii zarkhin,1,1,1899.0,76.52571948396395,0.0,0.0,30.0,63.94885558235851
MRKC,Yuliya Sharkova,Corporate Officer/Principal,False,,1950.0,Юлия Шаркова,,,,,,,,,,,Шаркова Юлия Эдуардовна,"CSV: Corporate Officer/Principal. Исторически член Правления/заместитель генерального директора по развитию и реализации услуг ОАО/ПАО ""МРСК Центра"".",0,0,1,0,0,0,0,0,0,0,0.0,0,0,0,0.0,0,12,12,12,12,1,1,1,1,12,False,1,0,0,0,0,1,False,,False,iuliia sharkova,1,0,1950.0,76.79421373859455,0.0,0.0,30.0,0.0
MRKP,Alexandrovich T. Sergey,Investor Relations Contact,False,,0.0,Александрович Т. Сергей,,,,,,,,,,,Сергей Александрович Терников,"Investor Relations Contact per CSV; official 2023 annual-report contacts name him head of the IR service of ПАО ""Россети Центр и Приволжье"", and a later Finam profile states he worked in shareholder/investor relations at ПАО ""Россети Центр"" and ПАО ""Россети Центр и Приволжье"" from 2010 to 2025.",0,0,1,0,0,0,0,0,0,1,0.0,0,0,0,0.0,0,15,15,15,20,1,1,1,1,0,False,1,0,0,0,0,1,False,,False,aleksandrovich sergei t,0,0,0.0,0.0,0.0,0.0,30.0,0.0
MRKP,Andrey Vladimirovich Morozov,Director/Board Member,False,0.7951919052768319,221.0,Андрей Владимирович Морозов,,,,,,,,,,,Андрей Владимирович Морозов,"Член Совета директоров ПАО ""Россети Центр и Приволжье""; независимый директор; юридический директор Ассоциации профессиональных инвесторов.",0,0,1,0,0,0,1,0,1,0,0.0,0,0,0,0.0,0,19,19,19,21,1,1,1,1,6,False,1,0,0,0,0,1,False,,False,andrei morozov vladimirovich,1,1,22.0,54.76359964377734,0.0,0.0,30.0,82.55331007696344
MRKP,Igor Vladimirovich Makovsky,Chief Executive Officer,True,-0.2778465430620379,949.0,Игорь Владимирович Маковский,,,,,,,,,,,Игорь Владимирович Маковский,"Chief Executive Officer per CSV; in 2024 was генеральный директор ПАО ""Россети Центр"" (управляющей организации ПАО ""Россети Центр и Приволжье"") and председатель Правления ПАО ""Россети Центр и Приволжье"" through 27.12.2024; member of the Board of Directors of ПАО ""Россети Центр и Приволжье"".",0,0,1,0,0,0,0,1,1,0,0.0,0,0,0,0.0,0,12,12,12,15,1,1,1,1,3,True,1,0,0,0,0,1,True,json_2024,False,igor makovskii vladimirovich,1,1,658.0,69.49971515178537,0.0,0.0,30.0,38.20850699678722
MRKP,Oleg Romanovich Fedorov,Director/Board Member,False,,105.0,Олег Романович Фёдоров,,,,,,,,,,,Олег Романович Федоров,"Член Совета директоров ПАО ""Россети Центр и Приволжье""; неисполнительный директор.",0,0,1,0,0,0,0,0,0,0,0.0,0,0,0,0.0,0,6,6,6,17,1,1,1,1,2,False,1,0,0,0,0,1,False,,False,fedorov oleg romanovich,1,0,105.0,47.27039826031395,0.0,0.0,30.0,0.0
MRKP,Sergey Vladimirovich Khlusov,Corporate Officer/Principal,False,,56.0,Сергей Владимирович Хлусов,,,,,,,,,,,Сергей Владимирович Хлусов,"Corporate Officer/Principal per CSV; public sources before and around the target period identify him as заместитель генерального директора ПАО ""Россети Центр и Приволжье"" - директор филиала ""Мариэнерго"".",0,0,0,0,1,0,0,0,0,0,0.0,0,0,0,0.0,0,3,3,3,3,1,1,1,1,0,False,1,0,0,0,0,1,False,,False,khlusov sergei vladimirovich,1,0,56.0,40.98191050864268,0.0,0.0,30.0,0.0
MRKP,Vitaly Yuryevich Zarkhin,Director/Board Member,False,0.3450084881357527,1899.0,Виталий Юрьевич Зархин,,,,,,,,,,,Виталий Юрьевич Зархин,"Член Совета директоров ПАО ""Россети Центр и Приволжье""; независимый директор.",0,0,1,0,0,0,0,0,0,1,0.0,0,0,0,0.0,0,14,9,14,16,1,1,1,1,3,False,1,0,0,0,0,1,False,,False,iurevich vitalii zarkhin,1,1,204.0,76.52571948396395,0.0,0.0,30.0,63.94885558235851
MRKU,Александр Викторович Шевчук,"Член совета директоров, независимый директор",False,,426.0,Александр Викторович Шевчук,,,,,,,,,,,Александр Викторович Шевчук,"Член совета директоров, независимый директор",0,0,1,0,0,0,0,0,0,1,0.0,0,0,0,0.0,0,11,11,11,20,1,1,1,1,3,False,1,0,0,0,0,1,False,,False,aleksandr shevchuk viktorovich,1,0,426.0,61.39387407106972,0.0,0.0,30.0,0.0
MRKU,Алексей Александрович Полинов,Член совета директоров,False,,2416.0,Алексей Александрович Полинов,,,,,,,,,,,Алексей Александрович Полинов,Член совета директоров,0,0,0,1,0,0,0,0,0,1,0.0,0,0,0,0.0,0,1,1,1,1,1,1,1,1,0,False,1,1,0,0,0,1,False,,False,aleksandrovich aleksei polinov,1,0,43.0,78.96527503942372,0.0,0.0,55.00000000000001,0.0
MRKU,Алексей Владимирович Санин,"Заместитель генерального директора по правовому и корпоративному управлению, член правления",False,,397.0,Алексей Владимирович Санин,,,,,,,,,,,Алексей Владимирович Санин,"Заместитель генерального директора по правовому и корпоративному управлению, член правления",0,0,1,0,0,0,0,0,1,0,0.0,0,0,0,0.0,0,21,21,21,21,1,1,1,1,15,False,1,0,0,0,0,1,False,,False,aleksei sanin vladimirovich,1,0,397.0,60.6809619993399,0.0,0.0,30.0,0.0
MRKU,Алексей Вячеславович Коптев,Член совета директоров,False,,4.0,Алексей Вячеславович Коптев,,,,,,,,,,,Алексей Вячеславович Коптев,Член совета директоров,0,0,0,0,1,0,0,0,0,0,0.0,0,0,0,0.0,0,0,0,0,0,1,1,1,1,0,False,1,0,0,0,0,1,False,,False,aleksei koptev viacheslavovich,1,0,4.0,16.313876853685773,0.0,0.0,30.0,0.0
MRKU,Владимир Александрович Рябушев,"Первый заместитель генерального директора — главный инженер, заместитель председателя правления",False,,24.0,Владимир Александрович Рябушев,,,,,,,,,,,Владимир Александрович Рябушев,"Первый заместитель генерального директора — главный инженер, заместитель председателя правления",0,0,1,0,0,0,1,1,0,1,0.0,0,0,0,0.0,0,6,6,6,8,1,1,1,1,3,False,1,0,0,0,0,1,False,,False,aleksandrovich riabushev vladimir,1,0,24.0,32.62775370737155,0.0,0.0,30.0,0.0
MRKU,Даниил Владимирович Краинский,Председатель совета директоров ПАО «Россети Урал»,False,-0.4582631890563534,10977.0,Даниил Владимирович Краинский,,,,,,,,,,,Даниил Владимирович Краинский,Председатель совета директоров ПАО «Россети Урал»,0,0,1,0,0,0,0,0,1,0,0.0,0,0,0,0.0,0,8,8,8,8,1,1,1,1,4,False,1,0,0,0,0,1,False,,False,daniil krainskii vladimirovich,1,1,1715.0,94.30533203396551,0.0,0.0,30.0,30.752538712156678
MRKU,Дмитрий Александрович Воденников,"Генеральный директор, председатель правления, член совета директоров",True,,207.0,Дмитрий Александрович Воденников,,,,,,,,,,,Дмитрий Александрович Воденников,"Генеральный директор, председатель Правления, член Совета директоров",0,0,1,0,0,0,0,0,1,0,0.0,0,0,0,0.0,0,10,10,10,10,1,1,1,1,1,True,1,0,0,0,0,1,True,json_2024,False,aleksandrovich dmitrii vodennikov,1,0,207.0,54.10332281933935,0.0,0.0,30.0,0.0
MRKU,Елена Викторовна Андреева,Член совета директоров,False,-0.958573331655445,194.0,Елена Викторовна Андреева,,,,,,,,,,,Елена Викторовна Андреева,Член совета директоров,0,0,1,0,0,0,0,0,0,1,0.0,0,0,0,0.0,0,21,1,21,21,1,1,1,1,1,False,1,0,0,0,0,1,False,,False,andreeva elena viktorovna,1,1,194.0,53.44913574071823,0.0,0.0,30.0,10.076527720269901
MRKU,Карина Владимировна Дашко,Член совета директоров,False,,0.0,Карина Владимировна Дашко,,,,,,,,N,N,,Карина Владимировна Дашко,Член совета директоров,0,0,0,0,1,0,0,0,0,0,0.0,0,0,0,0.0,0,0,0,0,0,1,1,1,1,0,False,1,0,0,0,0,1,False,,False,dashko karina vladimirovna,0,0,0.0,0.0,2.0,45.81569099913263,30.0,0.0
MRKU,Марина Александровна Лаврова,Член совета директоров,False,,182.0,Марина Александровна Лаврова,,,,,,,,,,,Марина Александровна Лаврова,Член совета директоров,0,0,1,0,0,0,0,0,0,0,0.0,0,0,0,0.0,0,13,13,13,13,1,1,1,1,1,False,1,0,0,0,0,1,False,,False,aleksandrovna lavrova marina,1,0,182.0,52.80533962313757,0.0,0.0,30.0,0.0
MRKU,Мария Геннадьевна Тихонова,Член совета директоров,False,,994.0,Мария Геннадьевна Тихонова,,N,N,N,N,N,N,N,N,N,Мария Геннадьевна Тихонова,Член совета директоров,0,0,0,1,0,0,0,0,0,1,0.0,0,0,0,0.0,0,12,12,12,12,1,1,1,1,4,False,1,1,0,0,0,1,False,,False,gennadevna mariia tikhonova,1,0,994.0,69.9688345208471,9.0,96.02525677891275,55.00000000000001,0.0
MRKU,Михаил Александрович Бычко,Член совета директоров,False,,6.0,Михаил Александрович Бычко,,,,,,,,,,,Михаил Александрович Бычко,Член совета директоров,0,0,1,0,0,0,0,0,0,0,0.0,0,0,0,0.0,0,12,12,12,12,1,1,1,1,1,False,1,0,0,0,0,1,False,,False,aleksandrovich bychko mikhail,1,0,6.0,19.724487844339595,0.0,0.0,30.0,0.0
MRKU,Ольга Вячеславовна Очередько,"Заместитель генерального директора по экономике и финансам, член правления",False,,11.0,Ольга Вячеславовна Очередько,,,,,,,,,,,Ольга Вячеславовна Очередько,"Заместитель генерального директора по экономике и финансам, член правления",0,0,1,0,0,0,0,0,0,1,0.0,0,0,0,0.0,0,21,21,21,21,1,1,1,1,2,False,1,0,0,0,0,1,False,,False,ocheredko olga viacheslavovna,1,0,11.0,25.18796206076461,0.0,0.0,30.0,0.0
MRKU,Павел Валерьевич Родин,Член совета директоров,False,,144.0,Павел Валерьевич Родин,,,,,,,,,,,Павел Валерьевич Родин,Член совета директоров,0,0,1,0,0,0,0,0,0,0,0.0,0,0,0,0.0,0,27,27,27,27,1,1,1,0,0,False,1,0,0,0,0,1,False,,False,pavel rodin valerevich,1,0,144.0,50.44607237109332,0.0,0.0,30.0,0.0
MRKU,Сергей Владимирович Попов,"Заместитель генерального директора по реализации услуг, член правления",False,,366.0,Сергей Владимирович Попов,,,,,,,,,,,Сергей Владимирович Попов,"Заместитель генерального директора по реализации услуг, член правления",0,0,0,0,1,0,0,0,0,0,0.0,0,0,0,0.0,0,10,10,10,10,1,1,1,0,1,False,1,0,0,0,0,1,False,,False,popov sergei vladimirovich,1,0,366.0,59.85900122106214,0.0,0.0,30.0,0.0
MRKV,Aleksander V. Shevchuk,Director/Board Member,False,,0.0,Александр В. Шевчук,,,,,,,,,,,Aleksander V. Shevchuk / Шевчук Александр Викторович,"Director/Board Member; independent director of ПАО ""Россети Волга"" in 2024",0,0,1,0,0,0,0,0,0,0,0.0,0,0,0,0.0,0,3,3,3,12,1,1,1,1,3,False,1,0,0,0,0,1,False,,False,aleksandr shevchuk v,0,0,0.0,0.0,0.0,0.0,30.0,0.0
MRKV,Aleksey Molskiy,Director/Board Member,False,0.1776854730990112,987.0,Алексей Мольский,,,,,,,,,,,Aleksey Molskiy / Мольский Алексей Валерьевич,"Director/Board Member; Chairman of Board of Directors of ПАО ""Россети Волга"" in 2024",0,0,1,0,0,0,0,0,0,0,0.0,0,0,0,0.0,0,10,10,10,10,1,1,1,1,2,False,1,0,0,0,0,1,False,,False,aleksei molskii,1,1,987.0,69.89727126721742,0.0,0.0,30.0,57.033999768876576
MRKV,Alexander Golovtsov,Director/Board Member,False,0.1459305113768668,725.0,Александр Головцов,,,,,,,,,,,Alexander Golovtsov / Головцов Александр Викторович,CSV role: Director/Board Member; not confirmed in the 2024 annual report,0,0,1,0,0,0,0,0,0,0,0.0,0,0,0,0.0,0,5,5,5,5,1,1,1,0,5,False,1,0,0,0,0,1,False,,False,aleksandr golovtsov,1,1,725.0,66.77392080742848,0.0,0.0,30.0,55.721681904994846
MRKV,Alexander Ilyich Gavrilov,Chief Executive Officer | Director/Board Member,True,0.3335198336099001,4573.0,Александр Ильич Гаврилов,,,,,,,,,,,Alexander Ilyich Gavrilov / Гаврилов Александр Ильич,"Chief Executive Officer; Генеральный директор ПАО ""Россети Волга""; Председатель Правления; member of Board of Directors in 2024",0,0,0,1,0,0,0,0,0,1,0.0,0,1,0,0.0,0,12,12,12,12,1,1,1,1,2,True,1,1,0,2,0,1,True,json_2024,False,aleksandr gavrilov ilich,1,1,4573.0,85.43087748579435,0.0,0.0,65.0,63.47407098969663
MRKV,Alexander Ivanovich Kazakov,Director/Board Member,False,,382.0,Александр Иванович Казаков,,,,,,,,,,,Alexander Ivanovich Kazakov / Казаков Александр Иванович,"Director/Board Member; independent director of ПАО ""Россети Волга"" in 2024",0,0,0,1,0,0,0,0,0,1,0.0,0,1,0,0.0,0,9,9,9,9,1,1,1,1,3,False,1,1,0,1,0,1,False,,False,aleksandr ivanovich kazakov,1,0,382.0,60.291552463898135,0.0,0.0,60.00000000000001,0.0
MRKV,Andrey P. Tulba,Director/Board Member,False,,0.0,Андрей П. Тульба,,,,,,,,,,,Andrey P. Tulba / Тулба Андрей Петрович,CSV role: Director/Board Member; not confirmed in the 2024 annual report,0,0,1,0,0,1,0,0,0,0,0.0,0,0,0,0.0,0,4,4,4,4,1,1,1,1,4,False,1,0,0,0,0,1,False,,False,andrei p tulba,0,0,0.0,0.0,0.0,0.0,30.0,0.0
MRKV,Dmitriy Lvovich Zaretsky,Chief Investment Officer,False,,3.0,Дмитрий Львович Зарецкий,,,,,,,,,,,Dmitriy Lvovich Zaretsky / Зарецкий Дмитрий Львович,CSV role: Chief Investment Officer; not confirmed as current in the 2024 annual report,0,0,1,0,0,0,0,0,0,0,0.0,0,0,0,0.0,0,12,12,12,12,1,1,1,0,12,False,1,0,0,0,0,1,False,,False,dmitrii lvovich zaretskii,1,0,3.0,14.052008664357169,0.0,0.0,30.0,0.0
MRKV,Irina Yurievna Puchkova,Director of Finance/CFO,False,,88.0,Ирина Юрьевна Пучкова,,,,,,,,,,,Irina Yurievna Puchkova / Пучкова Ирина Юрьевна,CSV role: Director of Finance/CFO; not confirmed as current in the 2024 annual report,0,0,1,0,0,0,0,0,0,0,0.0,0,0,0,0.0,0,24,24,24,24,1,1,1,1,13,False,1,0,0,0,0,1,False,,False,irina iurevna puchkova,1,0,88.0,45.49853114000359,0.0,0.0,30.0,0.0
MRKV,Konstantin Valeryevich Kravchenko,Director/Board Member,False,,21.0,Константин Валерьевич Кравченко,,,,,,,,,,,Konstantin Valeryevich Kravchenko / Кравченко Константин Валерьевич,CSV role: Director/Board Member; not confirmed in the 2024 annual report,0,0,0,0,1,0,0,0,0,0,0.0,0,0,0,0.0,0,0,0,0,0,1,1,1,0,0,False,0,0,0,0,0,1,False,,False,konstantin kravchenko valerevich,1,0,21.0,31.33198587159981,0.0,0.0,0.0,0.0
MRKV,Leonid Yuryevich Akimov,Director/Board Member,False,0.0688565153366519,15.0,Леонид Юрьевич Акимов,,,,,,,,,,,Leonid Yuryevich Akimov / Акимов Леонид Юрьевич,CSV role: Director/Board Member; not confirmed in the 2024 annual report,0,0,0,1,0,0,0,0,1,0,0.0,0,1,0,0.0,0,9,9,9,9,1,1,1,1,9,False,1,1,0,1,0,1,False,,False,akimov iurevich leonid,1,1,15.0,28.104017328714338,0.0,0.0,60.00000000000001,52.53649205248152
MRKV,Maria Tikhonova,Director/Board Member,False,,3151.0,Мария Тихонова,,N,N,N,N,N,N,N,N,N,Maria Tikhonova / Тихонова Мария Геннадьевна,"Director/Board Member; non-executive director of ПАО ""Россети Волга"" in 2024",0,0,0,1,0,1,0,1,0,1,0.0,0,0,0,0.0,0,24,24,24,33,1,1,1,1,4,False,1,1,0,0,0,1,False,,False,mariia tikhonova,1,0,3151.0,81.6565864323045,9.0,96.02525677891275,55.00000000000001,0.0
MRKV,Oleg Grigoryevich Pavlov,Chief Tech/Sci/R&D Officer,False,,37.0,Олег Григорьевич Павлов,,,,,,,,,,,Oleg Grigoryevich Pavlov / Павлов Олег Григорьевич,CSV role: Chief Tech/Sci/R&D Officer; not confirmed as current in the 2024 annual report,0,0,1,0,0,0,0,0,0,0,0.0,0,0,0,0.0,0,9,9,9,9,1,1,1,0,9,False,1,0,0,0,0,1,False,,False,grigorevich oleg pavlov,1,0,37.0,36.87196144441381,0.0,0.0,30.0,0.0
MRKV,Yulia Gennadyevna Burtseva,Investor Relations Contact,False,,26.0,Юлия Геннадьевна Бурцева,,,,,,,,,,,Yulia Gennadyevna Burtseva / Бурцева Юлия Геннадьевна,Investor Relations Contact / Head-Investor & Shareholders Relations Division (weak external source; no 2024 biography found),0,0,0,0,1,0,0,0,0,0,0.0,0,0,0,0.0,0,0,0,0,0,1,1,1,0,0,False,0,0,0,0,0,1,False,,False,burtseva gennadevna iuliia,1,0,26.0,33.40786018922234,0.0,0.0,0.0,0.0
MRKV,Yuri Goncharov,Director/Board Member,False,-0.1376384245303144,768.0,Юрий Гончаров,,,,N,,,,,,,Yuri Goncharov / Гончаров Юрий Владимирович,"Director/Board Member; non-executive director of ПАО ""Россети Волга"" in 2024",0,0,1,0,0,0,0,0,0,0,0.0,0,0,0,0.0,0,11,11,11,11,1,1,1,0,3,False,1,0,0,0,0,1,False,,False,goncharov iurii,1,1,222.0,67.35717788212182,1.0,28.906482631788784,30.0,44.00280208113985
MRKZ,Александр Викторович Шевчук,Член совета директоров,False,,426.0,Александр Викторович Шевчук,,,,,,,,,,,Александр Викторович Шевчук,"Член Совета директоров ПАО ""Россети Северо-Запад""; член Комитета по стратегии",0,0,1,0,0,0,0,0,0,1,0.0,0,0,0,0.0,0,0,0,0,22,0,0,0,1,0,False,1,0,0,0,0,1,False,,False,aleksandr shevchuk viktorovich,1,0,95.0,61.39387407106972,0.0,0.0,30.0,0.0
MRKZ,Александр Юрьевич Корнеев,Член совета директоров,False,-0.5387486178587446,376.0,Александр Юрьевич Корнеев,,,,,,,,,,,Александр Юрьевич Корнеев,"Член Совета директоров ПАО ""Россети Северо-Запад""; член Комитета по стратегии",0,0,1,0,0,0,0,0,0,0,0.0,0,0,0,0.0,0,6,6,6,6,1,1,1,1,0,False,1,0,0,0,0,1,False,,False,aleksandr iurevich korneev,1,1,376.0,60.131501008032565,0.0,0.0,30.0,27.42636666623345
MRKZ,Алексей Александрович Полинов,Председатель совета директоров,False,,2416.0,Алексей Александрович Полинов,,,,,,,,,,,Алексей Александрович Полинов,"Председатель Совета директоров ПАО ""Россети Северо-Запад""; член Совета директоров в составе 2024 года",0,0,0,1,0,0,0,0,0,1,0.0,0,0,0,0.0,0,9,9,9,9,1,1,1,1,0,False,1,1,0,0,0,1,False,,False,aleksandrovich aleksei polinov,1,0,53.0,78.96527503942372,0.0,0.0,55.00000000000001,0.0
MRKZ,Андрей Владимирович Морозов,Член совета директоров,False,0.4714651514485269,221.0,Андрей Владимирович Морозов,,,,,,,,,,,Андрей Владимирович Морозов,Член Совета директоров по CSV и текущей официальной странице; членство в Совете директоров в составе 2024 года локальным годовым отчетом не подтверждено,0,0,1,0,0,0,1,0,1,0,0.0,0,0,0,0.0,0,6,6,6,9,1,1,1,1,6,False,1,0,0,0,0,1,False,,False,andrei morozov vladimirovich,1,1,221.0,54.76359964377734,0.0,0.0,30.0,69.17485269500827
MRKZ,Анна Владимировна Изотова,"Заместитель генерального директора по правовому обеспечению и корпоративному управлению, член правления",False,,168.0,Анна Владимировна Изотова,,,,,,,,,,,Анна Владимировна Изотова,Член Правления; в 2024 году заместитель генерального директора по корпоративному управлению; текущая должность включает правовое обеспечение и корпоративное управление,0,0,1,0,0,0,0,0,1,0,0.0,0,0,0,0.0,0,15,15,15,15,1,1,1,1,5,False,1,0,0,0,0,1,False,,False,anna izotova vladimirovna,1,0,168.0,51.998610981250025,0.0,0.0,30.0,0.0
MRKZ,Артем Геннадьевич Алешин,Член совета директоров,False,,77.0,Артем Геннадьевич Алешин,,,,,,,,,,,Артем Геннадьевич Алешин,"Член Совета директоров ПАО ""Россети Северо-Запад""; председатель Комитета по стратегии, член Комитета по аудиту",0,0,1,0,0,0,0,0,1,1,0.0,0,0,0,0.0,0,9,9,9,9,1,1,1,1,0,False,1,0,0,0,0,1,False,,False,aleshin artem gennadevich,1,0,77.0,44.161263219211044,0.0,0.0,30.0,0.0
MRKZ,Василий Васильевич Вычегжанин,Член совета директоров,False,-0.2045871169535662,46.0,Василий Васильевич Вычегжанин,,,,,,,,,,,Василий Васильевич Вычегжанин,"Член Совета директоров ПАО ""Россети Северо-Запад""; председатель Комитета по надежности",0,0,1,0,0,0,0,0,0,1,0.0,0,0,0,0.0,0,10,10,10,10,1,1,1,1,0,False,1,0,0,0,0,1,False,,False,vasilevich vasilii vychegzhanin,1,1,46.0,39.026565335357944,0.0,0.0,30.0,41.23605445286957
MRKZ,Владимир Вячеславович Харитонов,Член совета директоров,False,,831.0,Владимир Вячеславович Харитонов,,,,,,,,,,,Владимир Вячеславович Харитонов,"Член Совета директоров ПАО ""Россети Северо-Запад""",0,0,0,1,0,1,0,0,0,1,0.0,0,0,0,0.0,0,5,5,5,13,1,1,1,1,0,False,1,1,0,0,0,1,False,,False,kharitonov viacheslavovich vladimir,1,0,190.0,68.15533148369653,0.0,0.0,55.00000000000001,0.0
MRKZ,Вячеслав Юрьевич Торсунов,"Генеральный директор, председатель правления, член совета директоров",True,,554.0,Вячеслав Юрьевич Торсунов,,,,,,,,,,,Вячеслав Юрьевич Торсунов,"Генеральный директор, Председатель Правления ПАО ""Россети Северо-Запад"" с 25.12.2024",0,0,1,0,0,0,0,0,1,0,0.0,0,0,0,0.0,0,1,1,1,20,1,1,1,1,1,True,1,0,0,0,0,1,True,json_2024,False,iurevich torsunov viacheslav,1,0,554.0,64.05147216528452,0.0,0.0,30.0,0.0
MRKZ,Денис Владимирович Ягодка,"Первый заместитель генерального директора — главный инженер, член правления",False,,60.0,Денис Владимирович Ягодка,,,,,,,,,,,Денис Владимирович Ягодка,"Первый заместитель генерального директора - главный инженер, член Правления; и.о. генерального директора с 30.11.2024 по 24.12.2024",0,0,1,0,0,0,0,0,0,0,0.0,0,0,0,0.0,0,11,11,11,11,1,1,1,0,7,False,1,0,0,0,0,1,False,,False,denis iagodka vladimirovich,1,0,60.0,41.66938622673012,0.0,0.0,30.0,0.0
MRKZ,Карина Андреевна Аганова,"Заместитель генерального директора по развитию дополнительных услуг, член правления",False,,58.0,Карина Андреевна Аганова,,,,,,,,,,,Карина Андреевна Аганова,Член Правления; заместитель генерального директора по развитию дополнительных услуг,0,0,1,0,0,1,0,0,1,1,0.0,0,0,0,0.0,0,13,13,13,13,1,1,1,0,13,False,1,0,0,0,0,1,False,,False,aganova andreevna karina,1,0,58.0,41.33147554947654,0.0,0.0,30.0,0.0
MRKZ,Мария Геннадьевна Тихонова,Член совета директоров,False,,994.0,Мария Геннадьевна Тихонова,,N,N,N,N,N,N,N,N,N,Мария Геннадьевна Тихонова,"Член Совета директоров ПАО ""Россети Северо-Запад""",0,0,0,1,0,1,0,1,0,1,0.0,0,0,0,0.0,0,17,17,17,17,1,1,1,1,0,False,1,1,0,0,0,1,False,,False,gennadevna mariia tikhonova,1,0,94.0,69.9688345208471,9.0,96.02525677891275,55.00000000000001,0.0
MRKZ,Олег Романович Федоров,Член совета директоров,False,,105.0,Олег Романович Федоров,,,,,,,,,,,Олег Романович Федоров,"Член Совета директоров ПАО ""Россети Северо-Запад""",0,0,1,0,0,0,0,0,0,0,0.0,0,0,0,0.0,0,2,2,2,13,1,1,1,1,0,False,1,0,0,0,0,1,False,,False,fedorov oleg romanovich,1,0,92.0,47.27039826031395,0.0,0.0,30.0,0.0
MRKZ,Светлана Валерьевна Филатова,"Член правления, заместитель генерального директора по развитию и реализации услуг",False,,501.0,Светлана Валерьевна Филатова,,,,,,,,,,,Светлана Валерьевна Филатова,Член Правления; заместитель генерального директора по развитию и реализации услуг,0,0,1,0,0,1,0,0,0,1,0.0,0,0,0,0.0,0,13,13,13,13,1,1,1,1,6,False,1,0,0,0,0,1,False,,False,filatova svetlana valerevna,1,0,501.0,63.03410387638697,0.0,0.0,30.0,0.0
MRKZ,Сергей Владимирович Климов,"Заместитель генерального директора по капитальному строительству и инвестиционной деятельности, член правления",False,,512.0,Сергей Владимирович Климов,,,,,,,,,,,Сергей Владимирович Климов,Член Правления; заместитель генерального директора по капитальному строительству и инвестиционной деятельности,0,0,1,0,0,0,0,0,0,0,0.0,0,0,0,0.0,0,8,8,8,11,1,1,1,1,8,False,1,0,0,0,0,1,False,,False,klimov sergei vladimirovich,1,0,512.0,63.25381730145757,0.0,0.0,30.0,0.0
MRKZ,Сергей Сергеевич Пикин,Член совета директоров,False,0.1363287835442134,2637.0,Сергей Сергеевич Пикин,,,,,,,,,,,Сергей Сергеевич Пикин,"Член Совета директоров ПАО ""Россети Северо-Запад""; независимый директор; председатель Комитета по аудиту и Комитета по кадрам и вознаграждениям",0,0,1,0,0,0,0,0,0,1,0.0,0,0,0,0.0,0,9,9,9,18,1,1,1,1,0,False,1,0,0,0,0,1,False,,False,pikin sergeevich sergei,1,1,2637.0,79.85214713104239,0.0,0.0,30.0,55.3248771766763
MSNG,Aleksandr Aleksandrovich Butko,Chief Executive Officer | Director/Board Member,True,,230.0,Александр Александрович Бутко,,,,,,,,N,N,,Александр Александрович Бутко,"Управляющий директор / CEO-equivalent; CSV также содержит его как Chief Executive Officer и Director/Board Member. В 2024 году полномочия единоличного исполнительного органа ПАО ""Мосэнерго"" осуществляла управляющая организация, поэтому роль не трактуется как самостоятельный статутный ЕИО.",0,0,1,0,0,0,1,0,0,0,0.0,0,0,0,0.0,0,11,11,11,20,1,1,1,1,11,True,1,0,0,0,0,1,True,json_2024,False,aleksandr aleksandrovich butko,1,0,230.0,55.16642278016827,2.0,45.81569099913263,30.0,0.0
MSNG,Aleksandr Sergeevich Ivannikov,Director/Board Member,False,,1330.0,Александр Сергеевич Иванников,,,,,,,,,,,Иванников Александр Сергеевич,"Член Совета директоров по CSV/current roster; руководитель финансово-экономического блока ПАО ""Газпром"" в биографических источниках",0,0,0,1,0,0,0,1,0,1,0.0,0,1,0,0.0,0,15,15,15,32,1,1,1,1,13,False,1,1,0,1,0,1,False,,False,aleksandr ivannikov sergeevich,1,0,473.0,72.91794461826368,0.0,0.0,60.00000000000001,0.0
MSNG,Alexander Alekseevich Afanasiev,Human Resources Officer,False,,734.0,Александр Алексеевич Афанасьев,,,,,,,,,N,,Александр Алексеевич Афанасьев,Руководитель по управлению персоналом / Human Resources Officer,0,0,0,0,1,0,0,0,0,0,0.0,0,0,0,0.0,0,6,6,6,6,1,1,1,0,6,False,0,0,0,0,0,1,False,,False,afanasev aleksandr alekseevich,1,0,734.0,66.89880593877241,1.0,28.906482631788784,0.0,0.0
MSNG,Andrey Nikolaevich Tabelskiy,Director/Board Member,False,0.3438980300718004,14.0,Андрей Николаевич Табельский,,,,,,,,,,,Табельский Андрей Николаевич,Член Совета директоров,0,0,0,0,1,0,0,0,0,0,0.0,0,0,0,0.0,0,0,0,0,15,1,1,1,1,0,False,1,0,0,0,0,1,False,,False,andrei nikolaevich tabelskii,1,1,14.0,27.44983025009322,0.0,0.0,30.0,63.902964361730774
MSNG,Andrey Viktorovich Khorev,Director/Board Member,False,,287.0,Андрей Викторович Хорев,,,,,,,,,,,Хорев Андрей Викторович,Член Совета директоров,0,0,0,0,1,0,0,0,0,0,0.0,0,0,0,0.0,0,0,0,0,0,1,1,1,0,0,False,0,0,0,0,0,1,False,,False,andrei khorev viktorovich,1,0,287.0,57.40192845370782,0.0,0.0,0.0,0.0
MSNG,Anna Alexandrovna Efimova,General Counsel,False,,312.0,Анна Александровна Ефимова,N,,,,,,,,,,Анна Александровна Ефимова,Руководитель юридической функции / General Counsel,0,0,0,0,1,0,0,0,0,0,0.0,0,0,0,0.0,0,25,25,25,25,1,1,1,0,25,False,0,0,0,0,0,1,False,,False,aleksandrovna anna efimova,1,0,312.0,58.24570833239069,1.0,28.906482631788784,0.0,0.0
MSNG,Denis Fedorov,Director/Board Member,False,,1162.0,Денис Фёдоров,,,,,,,,,,,Денис Владимирович Федоров,"Член Совета директоров ПАО ""Мосэнерго"" по CSV/current roster; генеральный директор ООО ""Газпром энергохолдинг"" в корпоративных биографиях",0,0,0,1,0,0,0,0,0,1,0.0,0,1,0,0.0,0,16,16,16,26,1,1,1,1,6,False,1,1,0,1,0,1,False,,False,denis fedorov,1,0,1162.0,71.55026630755795,0.0,0.0,60.00000000000001,0.0
MSNG,Denis Sergeyevich Voronchikhin,Investor Relations Contact,False,,10.0,Денис Сергеевич Ворончихин,,,,,,,,,,,Денис Сергеевич Ворончихин,Контакт для инвесторов и аналитиков,0,0,0,0,1,0,0,0,0,0,0.0,0,0,0,0.0,0,0,0,0,0,1,1,1,0,0,False,0,0,0,0,0,1,False,,False,denis sergeevich voronchikhin,1,0,10.0,24.30598153942122,0.0,0.0,0.0,0.0
MSNG,Elena Mikhailova,Chairman,False,,3992.0,Елена Михаилова,,,,,,,,,,,Елена Владимировна Михайлова,"Член/председатель Совета директоров по CSV/current roster; руководитель в ПАО ""Газпром""",0,0,1,0,0,0,0,0,0,0,0.0,0,0,0,0.0,0,6,6,6,6,1,1,1,0,6,False,1,0,0,0,0,1,False,,False,elena mikhailova,1,0,3992.0,84.05389801467112,0.0,0.0,30.0,0.0
MSNG,Elena Yuryevna Novenkova,Corporate Officer/Principal,False,,1.0,Елена Юрьевна Новенькова,,,,,,,,,,,Елена Юрьевна Новенькова,Главный бухгалтер / Corporate Officer,0,0,0,0,1,0,0,0,0,0,0.0,0,0,0,0.0,0,0,0,0,0,1,1,1,0,0,False,0,0,0,0,0,1,False,,False,elena iurevna novenkova,1,0,1.0,7.0260043321785846,0.0,0.0,0.0,0.0
MSNG,Gennady Sukhov,Director/Board Member,False,,307.0,Геннадий Сухов,,,,,,,,,,,Сухов Геннадий Николаевич,Член Совета директоров,0,0,0,0,1,0,0,0,0,0,0.0,0,0,0,0.0,0,0,0,0,0,1,1,1,1,0,False,0,0,0,0,0,1,False,,False,gennadii sukhov,1,0,307.0,58.08247804811798,0.0,0.0,0.0,0.0
MSNG,Konstantin Vasilyevich Komissarov,Director/Board Member,False,,119.0,Константин Васильевич Комиссаров,,,,,,,,,,,Комиссаров Константин Васильевич,Член Совета директоров,0,0,0,0,1,0,0,0,0,0,0.0,0,0,0,0.0,0,0,0,0,0,1,1,1,1,0,False,0,0,0,0,0,1,False,,False,komissarov konstantin vasilevich,1,0,119.0,48.52784324662897,0.0,0.0,0.0,0.0
MSNG,Pavel Olegovich Shatsky,Director/Board Member,False,,1396.0,Павел Олегович Шацкий,,,,,,,,,,,Шацкий Павел Олегович,"Член Совета директоров по CSV/current roster; первый заместитель генерального директора ООО ""Газпром энергохолдинг""",0,0,1,0,0,0,0,0,0,0,0.0,0,0,0,0.0,0,12,12,12,12,1,1,1,1,2,False,1,0,0,0,0,1,False,,False,olegovich pavel shatskii,1,0,222.0,73.40851042491259,0.0,0.0,30.0,0.0
MSNG,Vitaly Markelov,Chairman,False,,2030.0,Виталий Маркелов,,,,,,,,,,,Маркелов Виталий Анатольевич,"Chairman по CSV/current roster; заместитель Председателя Правления ПАО ""Газпром""",0,0,0,1,0,0,0,0,0,0,0.0,0,1,0,0.0,0,6,6,6,41,1,1,1,1,6,False,1,1,0,1,0,1,False,,False,markelov vitalii,1,0,2030.0,77.20155660957269,0.0,0.0,60.00000000000001,0.0
MSRS,Aleksey Viktorovich Nuzhdov,Director/Board Member,False,-1.10738791964111,274.0,Алексей Викторович Нуждов,,,,,,,,,,,Алексей Викторович Нуждов,"Член Совета директоров ПАО ""Россети Московский регион""; старший вице-президент АО ""НПФ ГАЗФОНД""",0,0,1,0,0,0,0,1,0,0,0.0,0,0,0,0.0,0,9,9,9,27,1,1,1,1,9,False,1,0,0,0,0,1,False,,False,aleksei nuzhdov viktorovich,1,1,274.0,56.93373524679277,0.0,0.0,30.0,3.9265583413554976
MSRS,Anatoliy Gavrilenko,Director/Board Member,False,,1198.0,Анатолий Гавриленко,,,,,,,,,,,Анатолий Анатольевич Гавриленко,"Член Совета директоров ПАО ""Россети Московский регион""; генеральный директор ЗАО ""Лидер""",0,0,1,0,0,0,0,0,1,1,0.0,0,0,0,0.0,0,20,20,20,22,1,1,1,1,20,False,1,0,0,0,0,1,False,,False,anatolii gavrilenko,1,0,1198.0,71.85927392628709,0.0,0.0,30.0,0.0
MSRS,Gasan Gizbullagovich Gasangadzhiev,Director/Board Member,False,0.5949770247958058,588.0,Гасан Гизбуллагович Гасангаджиев,,,,,,,,,,,Гасан Гизбуллагович Гасангаджиев,CSV: Director/Board Member; в локальном отчете 2024 не входит в текущий Совет директоров,0,0,1,0,0,0,0,0,0,0,0.0,0,0,0,0.0,0,11,2,11,11,1,1,1,1,0,False,1,0,0,0,0,1,False,,False,gasan gasangadzhiev gizbullagovich,1,1,588.0,64.65416185147657,0.0,0.0,30.0,74.27915227544517
MSRS,Irina Alekhina,Investor Relations Contact,False,,4799.0,Ирина Алехина,,,,,,,,,,,Ирина Алёхина,Investor Relations Contact,0,0,0,0,1,0,0,0,0,0,0.0,0,0,0,0.0,0,0,0,0,0,1,1,1,0,0,False,0,0,0,0,0,1,False,,False,alekhina irina,1,0,4799.0,85.9197330968505,0.0,0.0,0.0,0.0
MSRS,Larisa Anatolyevna Romanovskaya,Director/Board Member,False,,96.0,Лариса Анатольевна Романовская,,,,,,,,,,,Лариса Анатольевна Романовская,CSV: Director/Board Member; в локальном отчете 2024 не входит в текущий Совет директоров,0,0,1,0,0,0,0,0,0,1,0.0,0,0,0,0.0,0,5,5,5,13,1,1,1,1,0,False,1,0,0,0,0,1,False,,False,anatolevna larisa romanovskaia,1,0,96.0,46.37101622120783,0.0,0.0,30.0,0.0
MSRS,Lilia Ivanovna Shelest,Human Resources Officer,False,,325.0,Лилия Ивановна Шелест,,,,,,,,,,,Лилия Ивановна Шелест,CSV: Human Resources Officer; weak public corroboration as head-of-staff/HR-related officer,0,0,1,0,0,0,0,0,0,0,0.0,0,0,0,0.0,0,20,20,20,20,1,1,1,0,13,False,1,0,0,0,0,1,False,,False,ivanovna liliia shelest,1,0,325.0,58.65820017980886,0.0,0.0,30.0,0.0
MSRS,Olga Andreevna Sergeeva,Director/Board Member,False,,261.0,Ольга Андреевна Сергеева,,,,,,,,,,,Ольга Андреевна Сергеева,CSV: Director/Board Member; в локальном отчете 2024 не входит в текущий Совет директоров,0,0,1,0,0,0,0,0,0,1,0.0,0,0,0,0.0,0,5,5,5,7,1,1,1,1,0,False,1,0,0,0,0,1,False,,False,andreevna olga sergeeva,1,0,261.0,56.4428648110252,0.0,0.0,30.0,0.0
MSRS,Peter Alekseevich Sinyutin,Chief Executive Officer | Director/Board Member,True,0.1928474853768049,283.0,Пётр Алексеевич Синютин,,,,,,,,,,,Петр Алексеевич Синютин,CSV: Chief Executive Officer; Director/Board Member. В официальном отчете 2024: генеральный директор и председатель Правления до 11.09.2024; член Совета директоров,0,0,0,1,0,0,0,0,0,1,0.0,0,0,0,0.0,0,16,16,16,16,1,1,1,1,13,False,1,1,0,0,0,1,False,,True,alekseevich petr siniutin,1,1,283.0,57.260158567799834,0.0,0.0,55.00000000000001,57.660590968659605
MSRS,Sergey Alexandrovich Nikitin,Director/Board Member,False,-0.5870845617601983,235.0,Сергей Александрович Никитин,,,,,,,,,,,Сергей Александрович Никитин,"Независимый член Совета директоров ПАО ""Россети Московский регион""; первый заместитель генерального директора ЗАО ""Лидер""",0,0,1,0,0,0,0,0,0,1,0.0,0,0,0,0.0,0,12,12,12,12,1,1,1,1,12,False,1,0,0,0,0,1,False,,False,aleksandrovich nikitin sergei,1,1,235.0,55.38348421383371,0.0,0.0,30.0,25.42881670208948
MSRS,Sergey Valentinovich Grischenko,Director/Board Member,False,,35.0,Сергей Валентинович Грищенко,,,,,,,,,,,Сергей Валентинович Грищенко,"CSV: Director/Board Member; в локальном отчете 2024 не входит в текущий Совет директоров. Round 2 (2026-07-28): подтверждено членство в Совете директоров МОЭСК в 2012, 2015 и 2017 годах как представителя Банка ГПБ (АО) (Газпромбанк).",0,0,1,0,0,0,0,0,1,0,0.0,0,0,0,0.0,0,6,6,6,29,1,1,1,1,0,False,1,0,0,0,0,1,False,,False,grishchenko sergei valentinovich,1,0,35.0,36.323915457172056,0.0,0.0,30.0,0.0
MSRS,Vladimir Yurievich Myasnikov,Director of Finance/CFO,False,,698.0,Владимир Юрьевич Мясников,,,,,,,,,,,Владимир Юрьевич Мясников,Первый заместитель генерального директора по финансово-экономической деятельности; член Правления,0,0,1,0,0,0,0,0,0,0,0.0,0,0,0,0.0,0,21,21,21,21,1,1,1,1,8,False,1,0,0,0,0,1,False,,False,iurevich miasnikov vladimir,1,0,698.0,66.38975931780722,0.0,0.0,30.0,0.0
MSRS,Vsevolod Evgenyevich Ivanov,Chief Tech/Sci/R&D Officer,False,,95.0,Всеволод Евгеньевич Иванов,,,,,,,,,,,Всеволод Евгеньевич Иванов,"CSV: Chief Tech/Sci/R&D Officer; не найден в локальном отчете 2024. Round 2 (2026-07-28): подтвержден дословно как главный инженер МОЭСК (с июля 2015), с 2018 - главный инженер филиала ""Московские высоковольтные сети"".",0,0,1,0,0,0,0,0,0,0,0.0,0,0,0,0.0,0,28,28,28,28,1,1,1,0,21,False,1,0,0,0,0,1,False,,False,evgenevich ivanov vsevolod,1,0,95.0,46.265975057300366,0.0,0.0,30.0,0.0
MSRS,Yevgeniy Logovinskiy,Director/Board Member,False,,325.0,Евгений Логовинский,,,,,,,,,,,Евгений Ильич Логовинский,"Независимый член Совета директоров ПАО ""Россети Московский регион""; вице-президент - финансовый директор АО ""НПФ ГАЗФОНД""",0,0,0,1,0,1,1,0,0,1,0.0,0,0,0,0.0,0,9,9,9,41,1,1,1,1,9,False,1,1,0,0,0,1,False,,False,evgenii logovinskii,1,0,325.0,58.65820017980886,0.0,0.0,55.00000000000001,0.0
MSRS,Yuri Goncharov,Director/Board Member,False,-0.1376384245303144,768.0,Юрий Гончаров,,,,N,,,,,,,Юрий Владимирович Гончаров,CSV: Director/Board Member; в локальном отчете 2024 не входит в текущий Совет директоров,0,1,0,0,0,0,0,0,1,1,0.0,0,0,0,0.0,0,8,8,8,8,1,1,1,1,0,False,1,0,0,0,0,1,False,,False,goncharov iurii,1,1,768.0,67.35717788212182,1.0,28.906482631788784,30.0,44.00280208113985
MSRS,Александр Михайлович Пятигор,,,,0.0,,,,,,,,,,,,Александр Михайлович Пятигор,"Генеральный директор, Председатель Правления ПАО ""Россети Московский регион"" с 12.09.2024",0,0,1,0,0,0,1,0,0,0,0.0,0,0,0,0.0,0,8,8,8,8,1,1,1,1,1,True,1,0,0,0,0,1,True,json_2024,True,aleksandr mikhailovich piatigor,0,0,0.0,0.0,0.0,0.0,30.0,0.0
MTLR,Alexey Lukashov,Investor Relations Contact,False,,2975.0,Алексей Лукашов,,,,,,,,,,,Алексей Лукашов,"контакт для обращений инвесторов ПАО ""Мечел""",0,0,0,0,1,0,0,0,0,0,0.0,0,0,0,0.0,0,0,0,0,0,1,1,1,0,0,False,0,0,0,0,0,1,False,,False,aleksei lukashov,1,0,2975.0,81.07417979654171,0.0,0.0,0.0,0.0
MTLR,Alexey Viktorovich Lebedev,Chief Operating Officer,False,,1283.0,Алексей Викторович Лебедев,N,N,N,N,N,,N,,,,Лебедев Алексей Викторович,"заместитель генерального директора по операционной деятельности ПАО ""Мечел""",0,0,1,0,0,0,0,0,0,0,0.0,0,0,0,0.0,0,3,3,3,30,1,1,1,1,3,False,1,0,0,0,0,1,False,,False,aleksei lebedev viktorovich,1,0,1283.0,72.55353831245797,6.0,81.15075629572489,30.0,0.0
MTLR,Dmitry S. Voytkus,Comptroller/Controller/Auditor,False,,1.0,Дмитрий С. Войткус,,,,,,,,,,,Войткус Дмитрий Сергеевич,"заместитель генерального директора по финансовому контролю ПАО ""Мечел""; член Правления",0,0,1,0,0,0,1,0,0,1,0.0,0,0,0,0.0,0,15,15,15,19,1,1,1,1,10,False,1,1,0,0,0,1,False,,False,dmitrii s voitkus,1,0,1.0,7.0260043321785846,0.0,0.0,55.00000000000001,0.0
MTLR,Ekaterina Silayeva,Human Resources Officer,False,,3520.0,Екатерина Силаева,,,,,,,,,,,Силаева Екатерина Александровна,"заместитель генерального директора по управлению персоналом ПАО ""Мечел""; член Правления",0,0,1,0,0,1,0,0,0,1,0.0,0,0,0,0.0,0,20,20,20,28,1,1,1,1,18,False,1,1,0,0,0,1,False,,False,ekaterina silaeva,1,0,3520.0,82.77876363107993,0.0,0.0,55.00000000000001,0.0
MTLR,Igor Valeryevich Khafizov,Chief Executive Officer,True,,237.0,Игорь Валерьевич Хафизов,,,,,,,,,,,Хафизов Игорь Валерьевич,"Генеральный директор ПАО ""Мечел"" с 30 июня 2025 года; в контексте 2024 года роль CEO ПАО ""Мечел"" не подтверждена",0,0,1,0,0,0,0,0,0,0,0.0,0,0,0,0.0,0,22,22,22,35,1,1,1,1,0,False,1,0,0,0,0,1,False,,True,igor khafizov valerevich,1,0,237.0,55.46902380676205,0.0,0.0,30.0,0.0
MTLR,Коржов Олег Викторович,,,,0.0,,,,,,,,,,,,Коржов Олег Викторович,"Генеральный директор ПАО ""Мечел"" в контексте 2024 года; председатель Правления",0,0,0,1,0,0,0,0,0,1,0.0,0,0,0,0.0,0,35,35,35,40,1,1,1,1,21,True,1,1,0,0,0,1,True,json_2024,True,korzhov oleg viktorovich,0,0,0.0,0.0,0.0,0.0,55.00000000000001,0.0
MTSS,Alexey Katunin,Director of Finance/CFO,False,-0.2739524163171151,1599.0,Алексей Катунин,,,,,,,,,,N,Алексей Андреевич Катунин / Alexey Katunin,"Вице-президент по финансам, член Правления ПАО ""МТС""; CFO / Director of Finance в контексте 2024 года.",0,0,1,0,0,0,1,0,0,1,0.0,0,0,0,0.0,0,18,18,18,18,1,1,1,0,18,False,1,0,0,0,0,1,False,,False,aleksei katunin,1,1,1599.0,74.78377970044305,1.0,28.906482631788784,30.0,38.36943718893474
MTSS,Artem I. Zassoursky,Director/Board Member,False,-0.3662461208256981,0.0,Артём И. Засурский,,,,,,,,,,,Артем Иванович Засурский / Artem I. Zassoursky,"Неисполнительный член Совета директоров ПАО ""МТС"".",0,0,0,1,0,0,0,0,0,1,0.0,0,0,0,0.0,0,10,2,2,17,1,1,1,1,2,False,1,0,0,0,0,1,False,,False,artem i zasurskii,0,1,0.0,0.0,0.0,0.0,30.0,34.55527176148998
MTSS,Nadia Shouraboura,Director/Board Member,False,,826.0,Надя Шурабура,,,,,,,,,,,Надя Шурабура / Nadia Shouraboura,"Независимый директор ПАО ""МТС"".",0,0,0,1,0,0,1,0,0,0,0.0,0,0,0,0.0,0,5,5,5,20,1,1,1,1,5,False,1,1,0,0,0,1,False,,False,nadia shurabura,1,0,826.0,68.0942319520611,0.0,0.0,55.00000000000001,0.0
MTSS,Paul Berriman,Director/Board Member,False,0.1507284371217605,636.0,Пол Берриман,,,,,,,,,,,Пол Берриман / Paul Berriman,"Независимый член Совета директоров ПАО ""МТС"".",0,1,0,0,0,1,1,0,0,1,0.0,0,0,0,0.0,0,3,3,3,3,1,1,1,1,3,False,1,0,0,0,0,1,False,,False,berriman pol,1,1,636.0,65.4482811793042,0.0,0.0,30.0,55.91996284514196
MTSS,Pavel Voronin,Chief Tech/Sci/R&D Officer,False,,8032.0,Павел Воронин,,,,,,,,,N,N,Павел Алексеевич Воронин / Pavel Voronin,"Первый вице-президент по технологиям ПАО ""МТС""; Chief Tech/Sci/R&D Officer в данных CSV/MarketScreener.",0,0,1,0,0,0,0,0,0,0,0.0,0,1,2,0.0,0,4,4,4,16,1,1,1,1,0,False,1,0,0,1,0,1,False,,False,pavel voronin,1,0,8032.0,91.1393831262492,2.0,45.81569099913263,35.0,0.0
MTSS,Polina Ugryumova,Investor Relations Contact,False,,1020.0,Полина Угрюмова,,,,,,N,W,N,,,Полина Угрюмова / Polina Ugryumova,"Директор департамента по связям с инвесторами ПАО ""МТС""; Investor Relations Contact.",0,0,1,0,0,0,0,0,0,1,0.0,0,0,0,0.0,0,7,7,7,18,1,1,1,0,7,False,1,0,0,0,0,1,False,,False,polina ugriumova,1,0,1020.0,70.23030330551582,4.0,67.11877414712396,30.0,0.0
MTSS,Regina von Flemming,Director/Board Member,False,,15368.0,Регина фон Флемминг,,,,,,,,,,,Регина Дагмар Бенедикта фон Флемминг / Regina von Flemming,"Независимый директор / заместитель председателя Совета директоров ПАО ""МТС"".",0,0,1,0,0,0,1,0,0,0,0.0,0,0,0,0.0,0,21,10,10,38,1,1,1,1,10,False,1,0,0,0,0,1,False,,False,flemming fon regina,1,0,15368.0,97.71581111863125,0.0,0.0,30.0,0.0
MTSS,Ruslan Sultanovich Ibragimov,General Counsel,False,0.0952427169331893,5177.0,Руслан Султанович Ибрагимов,N,N,W,N,N,N,N,N,,,Руслан Султанович Ибрагимов / Ruslan Sultanovich Ibragimov,"Активная роль в ПАО ""МТС"" на 2024 год не подтверждена: по данным Интерфакса, CNews и ComNews (29-31.07.2022) Ибрагимов покинул компанию 1 августа 2022 года (ранее — вице-президент по взаимодействию с органами государственной власти); CSV и MarketScreener для этого человека признаны устаревшими (см. notes).",0,0,0,1,0,0,0,0,1,0,0.0,0,0,0,0.0,0,18,16,18,30,1,1,1,1,16,False,1,1,0,0,0,1,False,,False,ibragimov ruslan sultanovich,1,1,5177.0,86.68810086099408,9.0,96.02525677891275,55.00000000000001,53.62693845320804
MTSS,Valentin Yumashev,Director/Board Member,False,,7736.0,Валентин Юмашев,,,,,,,,,,,Валентин Борисович Юмашев / Valentin Borisovich Yumashev,"Независимый неисполнительный член Совета директоров ПАО ""МТС"".",0,0,0,0,1,0,0,0,0,0,0.0,0,0,0,0.0,0,6,6,6,6,1,1,1,1,6,False,1,0,0,0,0,1,False,,False,iumashev valentin,1,0,7736.0,90.75882239326441,0.0,0.0,30.0,0.0
MTSS,Vyacheslav Nikolayev,Chief Executive Officer | Director/Board Member,True,0.6192576894842868,2379.0,Вячеслав Николаев,,,N,N,N,N,N,N,N,,Вячеслав Константинович Николаев / Vyacheslav Konstantinovich Nikolayev,"Президент и генеральный директор ПАО ""МТС"" в контексте 2024 года; также указан в CSV как член Совета директоров.",0,0,1,0,0,0,0,0,0,0,0.0,0,0,0,0.0,0,25,25,25,25,1,1,1,0,15,True,1,0,0,0,0,1,True,json_2024,False,nikolaev viacheslav,1,1,2379.0,78.80890499262641,7.0,86.71944789536634,30.0,75.282584441304
MVID,Анатолий Викторович Мохов,Член совета директоров,False,,220.0,Анатолий Викторович Мохов,,,,,,,,,,,Анатолий Викторович Мохов,Член совета директоров по CSV; official M.Video sources confirm 2026 board election.,0,1,0,0,0,0,0,0,0,0,0.0,0,0,0,0.0,0,4,0,4,10,1,0,1,1,0,False,1,1,0,0,0,1,False,,False,anatolii mokhov viktorovich,1,0,220.0,54.71783712086887,0.0,0.0,55.00000000000001,0.0
MVID,Андрей Скачек,Директор по маркетингу,False,0.1905029307378238,621.0,Андрей Скачек,,,,,,,,,,,Андрей Скачек,Директор по маркетингу по CSV; official M.Video source confirms Marketing Director appointment in 2026.,0,0,0,0,1,0,0,0,0,0,0.0,0,0,0,0.0,0,1,1,1,1,1,1,1,1,0,False,0,0,0,0,0,1,False,,False,andrei skachek,1,1,621.0,65.20673563689398,0.0,0.0,0.0,57.5636989943438
MVID,Билан Абдурахимович Ужахов,Член совета директоров,False,,361.0,Билан Абдурахимович Ужахов,,,,,,,,,,,Билан Абдурахимович Ужахов,"Генеральный директор ПАО ""М.видео"" в контексте 2024 года; CSV также содержит его как члена совета директоров.",0,0,1,0,0,0,1,1,1,1,0.0,0,0,0,0.0,0,9,9,9,22,1,1,1,1,9,True,1,1,0,0,0,1,True,json_2024,True,abdurakhimovich bilan uzhakhov,1,0,361.0,59.719954025496925,0.0,0.0,55.00000000000001,0.0
MVID,Владислав Сергеевич Бакальчук,Генеральный директор,True,,793.0,Владислав Сергеевич Бакальчук,,,,,,,,,,,Владислав Сергеевич Бакальчук,"Генеральный директор по CSV; official M.Video source confirms appointment as General Director only on 13.03.2026, so this is not a 2024 CEO fact.",0,0,0,0,1,0,0,0,0,0,0.0,0,0,0,0.0,0,21,21,21,24,1,1,1,1,0,False,1,0,0,0,0,1,False,,True,bakalchuk sergeevich vladislav,1,0,793.0,67.68146598698192,0.0,0.0,30.0,0.0
MVID,Владислав Ушаков,Директор по розничным продажам,False,,2020.0,Владислав Ушаков,,,,,,,,,,,Владислав Ушаков,Директор по розничным продажам по CSV; official M.Video material confirms this role in 2025.,0,0,0,0,1,0,0,0,0,0,0.0,0,0,0,0.0,0,0,0,0,0,1,1,1,1,0,False,0,0,0,0,0,1,False,,False,ushakov vladislav,1,0,2020.0,77.15152500944285,0.0,0.0,0.0,0.0
MVID,Денис Владимирович Голышев,Член совета директоров,False,,173.0,Денис Владимирович Голышев,,,,,,,,,,,Денис Владимирович Голышев,Член совета директоров по CSV; official M.Video materials confirm board election in 2026.,0,0,0,0,1,0,0,0,1,1,0.0,0,0,0,0.0,0,4,4,4,4,1,1,1,1,0,False,1,0,0,0,0,1,False,,False,denis golyshev vladimirovich,1,0,173.0,52.29415324599358,0.0,0.0,30.0,0.0
MVID,Дмитрий Игоревич Пылев,Член совета директоров,False,,77.0,Дмитрий Игоревич Пылев,,,,,,,,,,,Дмитрий Игоревич Пылев,Член совета директоров по CSV; official M.Video sources confirm 2026 board election.,0,0,0,0,1,0,0,0,0,0,0.0,0,0,0,0.0,0,0,0,0,0,0,0,0,0,0,False,0,0,0,0,0,1,False,,False,dmitrii igorevich pylev,1,0,77.0,44.161263219211044,0.0,0.0,0.0,0.0
MVID,Евгений Александрович Щепелин,Член совета директоров,False,0.1294051011357234,51.0,Евгений Александрович Щепелин,,,,,,,,,,,Евгений Александрович Щепелин,Член совета директоров по CSV; official M.Video sources confirm 2026 board election.,0,0,0,0,1,0,0,0,0,0,0.0,0,0,0,0.0,0,0,0,0,9,0,0,0,1,0,False,1,0,0,0,0,1,False,,False,aleksandrovich evgenii shchepelin,1,1,51.0,40.05131415498218,0.0,0.0,30.0,55.03874639220211
MVID,Екатерина Ярина,Финансовый директор,False,,1234.0,Екатерина Ярина,,,,,,,N,N,N,N,Екатерина Ярина,"Финансовый директор по CSV; local financial statements and official release confirm appointment from 23.04.2025, not in 2024.",0,0,0,0,1,1,1,0,0,1,0.0,0,0,0,0.0,0,0,0,0,0,0,0,0,1,0,False,1,1,0,0,0,1,False,,False,ekaterina iarina,1,0,1234.0,72.15913945654603,4.0,67.11877414712396,55.00000000000001,0.0
MVID,Йоханнес Мария Толай,Член совета директоров,False,0.3654828815037284,29.0,Йоханнес Мария Толай,,,,,,,,,,,Йоханнес Мария Толай,Член совета директоров по CSV; official M.Video sources confirm 2026 board election.,0,0,0,0,1,0,0,0,0,0,0.0,0,0,0,0.0,0,0,0,0,0,0,0,0,1,0,False,0,0,0,0,0,1,False,,False,iokhannes mariia tolai,1,1,29.0,34.4758345822718,0.0,0.0,0.0,64.7949883034129
MVID,Карен Ашрафян,Директор по развитию маркетплейса,False,,403.0,Карен Ашрафян,,,,,,,,,,,Карен Ашрафян,Директор по развитию маркетплейса по CSV; company/industry materials confirm the role in 2026.,0,0,0,0,1,0,0,0,0,0,0.0,0,0,0,0.0,0,0,0,0,0,1,1,1,1,0,False,0,0,0,0,0,1,False,,False,ashrafian karen,1,0,403.0,60.83263138673247,0.0,0.0,0.0,0.0
MVID,Роман Стенцель / Roman Stenzel,Член совета директоров,False,,5.0,Роман Стенцель / Roman Stenzel,,,,,,,,,,,Роман Стенцель / Roman Stenzel,Член совета директоров по CSV; official candidate materials indicate M.Video board membership since 2023.,0,0,0,0,1,0,1,0,1,0,0.0,0,0,0,0.0,0,7,7,7,7,1,1,1,1,2,False,1,0,0,0,0,1,False,,False,roman roman stentsel stenzel,1,0,5.0,18.161957728586028,0.0,0.0,30.0,0.0
MVID,Сергей Ануфриев,Директор по проектам,False,,7394.0,Сергей Ануфриев,,,,,,,,,,,Сергей Ануфриев,Директор по проектам по CSV; M.Video corporate material confirms the project director role in 2025.,0,0,0,0,1,0,0,0,0,0,0.0,0,0,0,0.0,0,0,0,0,0,1,1,1,1,0,False,0,0,0,0,0,1,False,,False,anufriev sergei,1,0,7394.0,90.30055739774464,0.0,0.0,0.0,0.0
MVID,Степан Борисович Кузнецов,Член совета директоров,False,,58.0,Степан Борисович Кузнецов,,,,,,,,,,,Степан Борисович Кузнецов,Член совета директоров по CSV; official M.Video sources confirm 2026 board election.,0,0,0,0,1,1,1,0,0,1,0.0,0,1,0,0.0,0,0,0,0,0,0,0,0,0,0,False,1,1,0,1,0,1,False,,False,borisovich kuznetsov stepan,1,0,58.0,41.33147554947654,0.0,0.0,60.00000000000001,0.0
MVID,Феликс Григорьевич Либ,"Председатель совета директоров, член совета директоров",False,0.0434672880857869,280.0,Феликс Григорьевич Либ,,,,,,,,N,N,N,Феликс Григорьевич Либ,"Председатель совета директоров и член совета директоров по CSV; official sources confirm M.Video CEO from 21.02.2025 and board chair from 13.03.2026, not a 2024 CEO role.",0,0,0,0,1,0,0,0,1,0,0.0,0,0,0,0.0,0,0,0,0,13,0,0,0,1,0,False,1,0,0,0,0,1,False,,False,feliks grigorevich lib,1,1,280.0,57.152514565659715,3.0,57.81296526357757,30.0,51.48724700022792
NKHP,Aleksey Vladimirovich Chemerichko,Chief Executive Officer,True,,92.0,Алексей Владимирович Чемеричко,,,,,,,,,,,Aleksey Vladimirovich Chemerichko / Чемеричко Алексей Владимирович,"CSV и рыночные профили указывают CEO, но официальные локальные документы за 2024 год не подтверждают эту должность; в 2024 году CEO был Деменков Д.Б., затем Медведев Ю.А.",0,0,0,0,1,0,0,0,0,0,0.0,0,0,0,0.0,0,12,12,12,12,1,1,1,0,12,False,0,0,0,0,0,1,False,,True,aleksei chemerichko vladimirovich,1,0,92.0,45.94415813564879,0.0,0.0,0.0,0.0
NKHP,Ivan Akhmedovich Chepovoy,Director/Board Member,False,,19.0,Иван Ахмедович Чеповой,,,,,,,,,,,Ivan Akhmedovich Chepovoy / Чеповой Иван Ахмедович,"Член совета директоров ПАО ""НКХП"" в 2024 году; первый заместитель генерального директора АО ""ОЗК""",0,0,1,0,0,0,0,0,0,1,0.0,0,0,0,0.0,0,1,1,1,35,1,1,1,1,1,False,1,0,0,0,0,1,False,,False,akhmedovich chepovoi ivan,1,0,19.0,30.36588551804294,0.0,0.0,30.0,0.0
NKHP,Ksenia Bolomatova,Director/Board Member,False,,4313.0,Ксения Боломатова,,,,,,,,,,,Ksenia Bolomatova / Боломатова Ксения Николаевна,"Член совета директоров ПАО ""НКХП"" в 2024 году; заместитель генерального директора АО ""ОЗК"" в подтвержденных профессиональных источниках",0,0,0,0,1,0,0,0,1,0,0.0,0,0,0,0.0,0,1,1,1,24,1,1,1,1,1,False,1,0,0,0,0,1,False,,False,bolomatova kseniia,1,0,4313.0,84.83767061034865,0.0,0.0,30.0,0.0
NKHP,Maxim Gruzinov,Director/Board Member,False,,1069.0,Максим Грузинов,,,,,,,,,,,Maxim Gruzinov / Грузинов Максим Юрьевич,"Член совета директоров ПАО ""НКХП"" в 2024 году",0,0,0,0,1,0,0,0,0,0,0.0,0,0,0,0.0,0,1,1,1,1,1,1,1,1,1,False,0,0,0,0,0,1,False,,False,gruzinov maksim,1,0,1069.0,70.70545743755771,0.0,0.0,0.0,0.0
NKHP,Oleg Soldatenkov,Director/Board Member,False,,827.0,Олег Солдатенков,,,,,,,,,,,Oleg Soldatenkov / Солдатенков Олег Владимирович,"Член совета директоров и комитета по аудиту ПАО ""НКХП"" в 2024 году; заместитель генерального директора АО ""ОЗК""",0,0,0,0,1,0,0,0,0,0,0.0,0,0,0,0.0,0,1,1,1,1,1,1,1,1,1,False,0,0,0,0,0,1,False,,False,oleg soldatenkov,1,0,827.0,68.10648135730686,0.0,0.0,0.0,0.0
NKHP,Olga Vladimirovna Vodzinskaya,Comptroller/Controller/Auditor,False,,4.0,Ольга Владимировна Водзинская,,,,,,,,,,,Olga Vladimirovna Vodzinskaya / Водзинская Ольга Владимировна,"Comptroller/Controller/Auditor в CSV; рыночные профили указывают Chief Accountant / controller-аuditor, но локальные официальные документы 2024 года ее не упоминают",0,0,0,0,1,0,0,0,0,0,0.0,0,0,0,0.0,0,0,0,0,0,1,1,1,0,0,False,0,0,0,0,0,1,False,,False,olga vladimirovna vodzinskaia,1,0,4.0,16.313876853685773,0.0,0.0,0.0,0.0
NKHP,Roman Kron,Director/Board Member,False,,102.0,Роман Крон,,,,,,,,,,,Roman Kron / Крон Роман Александрович,"Член совета директоров ПАО ""НКХП"" в 2024 году; руководитель Mirogroup Resources / Demetra Trading в группе Деметра",0,0,1,0,0,0,0,0,0,1,0.0,0,0,0,0.0,0,1,1,1,15,1,1,1,1,1,False,1,0,0,0,0,1,False,,False,kron roman,1,0,102.0,46.97938167110368,0.0,0.0,30.0,0.0
NKHP,Ryashit Akzhigitov,Director/Board Member,False,,103.0,Ряшит Акжигитов,,,,,,,,,,,Ryashit Akzhigitov / Акжигитов Ряшит Исхакович,"Член совета директоров ПАО ""НКХП"" в 2024 году; заместитель генерального директора по безопасности АО ""ОЗК""",0,0,0,0,1,0,0,0,0,0,0.0,0,0,0,0.0,0,1,1,1,1,1,1,1,1,1,False,0,0,0,0,0,1,False,,False,akzhigitov riashit,1,0,103.0,47.07731848716076,0.0,0.0,0.0,0.0
NKHP,Yevgeniy Sutchenko,Corporate Officer/Principal,False,,48.0,Евгений Сутченко,,,,,,,,,,,Yevgeniy Sutchenko / likely Сутченко Евгений Олегович,"Corporate Officer/Principal в CSV; рыночные профили указывают Deputy Director General-Operations, но локальные официальные документы 2024 года его не упоминают",0,0,0,0,1,0,0,0,0,0,0.0,0,0,0,0.0,0,0,0,0,0,1,1,1,0,0,False,0,0,0,0,0,1,False,,False,evgenii sutchenko,1,0,48.0,39.44897568867919,0.0,0.0,0.0,0.0
NKHP,Yuriy Alekseevich Medvedev,Director of Finance/CFO,False,,619.0,Юрий Алексеевич Медведев,,,,,,,,,,,Yuriy Alekseevich Medvedev / Медведев Юрий Алексеевич,"Генеральный директор ПАО ""НКХП"" с 04.08.2024 в контексте 2024 года; CSV исходно указывает его как Director of Finance/CFO",0,0,0,1,0,0,0,0,0,1,1.0,1,1,1,0.0,0,33,33,33,33,1,1,1,0,33,True,1,1,1,1,0,1,True,json_2024,True,alekseevich iurii medvedev,1,0,619.0,65.17409025728429,0.0,0.0,65.00000000000001,0.0
NKNC,Александр Анатольевич Петров,Член совета директоров,False,,209.0,Александр Анатольевич Петров,,N,N,N,N,N,N,,,,Александр Анатольевич Петров,Член совета директоров,0,0,0,0,1,1,1,0,0,1,0.0,0,0,0,0.0,0,20,20,20,25,1,1,1,1,0,False,1,0,0,0,0,1,False,,False,aleksandr anatolevich petrov,1,0,209.0,54.2003224266114,6.0,81.15075629572489,30.0,0.0
NKNC,Артур Гиззатуллин,"Первый заместитель генерального директора, главный инженер",False,,623.0,Артур Гиззатуллин,,,,,,,,,,,Артур Гиззатуллин,"Первый заместитель генерального директора, главный инженер",0,0,0,0,1,0,0,0,0,0,0.0,0,0,0,0.0,0,0,0,0,0,1,1,1,1,0,False,0,0,0,0,0,1,False,,False,artur gizzatullin,1,0,623.0,65.2392762157468,0.0,0.0,0.0,0.0
NKNC,Василий Петрович Номоконов,Член совета директоров,False,,997.0,Василий Петрович Номоконов,,,,,,,,,,,Василий Петрович Номоконов,Член совета директоров,0,0,0,1,0,0,0,0,0,0,1.0,1,1,7,0.0,0,20,20,20,25,1,1,1,1,0,False,1,1,1,2,0,1,False,,False,nomokonov petrovich vasilii,1,0,997.0,69.99935049454432,0.0,0.0,70.0,0.0
NKNC,Дарья Юрьевна Борисова,Член совета директоров,False,,244.0,Дарья Юрьевна Борисова,,,,,,,,,,,Дарья Юрьевна Борисова,Член совета директоров,0,0,0,1,0,0,1,0,0,0,1.0,1,1,6,0.0,0,6,6,6,27,1,1,1,1,0,False,1,1,1,1,0,1,False,,False,borisova daria iurevna,1,0,244.0,55.76285254236497,0.0,0.0,65.00000000000001,0.0
NKNC,Денис Владимирович Голенков,Член совета директоров,False,,17.0,Денис Владимирович Голенков,,,,,,,,,,,Денис Владимирович Голенков,Член совета директоров,0,0,0,0,1,0,0,0,0,0,0.0,0,0,0,0.0,0,0,0,0,0,1,1,1,1,0,False,0,0,0,0,0,1,False,,False,denis golenkov vladimirovich,1,0,17.0,29.297911124993476,0.0,0.0,0.0,0.0
NKNC,Игорь Георгиевич Климов,Председатель совета директоров; член совета директоров,False,,74.0,Игорь Георгиевич Климов,,,,,,,,,,,Игорь Георгиевич Климов,Председатель совета директоров; член совета директоров,0,0,0,0,1,1,1,0,0,1,0.0,0,0,0,0.0,0,6,6,6,6,1,1,1,1,4,False,1,0,0,0,0,1,False,,False,georgievich igor klimov,1,0,74.0,43.76370710377899,0.0,0.0,30.0,0.0
NKNC,Марат Инилович Фаляхов,Генеральный директор; член совета директоров,True,0.4501375878910171,12593.0,Марат Инилович Фаляхов,,,,,,,,,,,Марат Инилович Фаляхов,Генеральный директор; член совета директоров,0,0,0,1,0,0,0,0,0,1,3.0,1,0,0,0.0,0,21,15,21,21,1,1,1,1,4,True,1,1,3,0,0,1,True,json_2024,False,faliakhov inilovich marat,1,1,12593.0,95.69733334306278,0.0,0.0,70.0,68.29346153181014
NKNC,Марина Владимировна Медведева,Член совета директоров,False,,1588.0,Марина Владимировна Медведева,,,N,N,N,W,N,N,N,W,Марина Владимировна Медведева,Член совета директоров,0,0,0,0,1,0,0,0,1,1,0.0,0,0,0,0.0,0,18,18,18,33,1,1,1,1,0,False,1,0,0,0,0,1,False,,False,marina medvedeva vladimirovna,1,0,1588.0,74.71385142205132,10.0,100.0,30.0,0.0
NKNC,Олег Иванович Макаров,Член совета директоров,False,,601.0,Олег Иванович Макаров,,,,,,,,,,,Олег Иванович Макаров,Член совета директоров,0,0,0,0,1,1,1,0,0,1,0.0,0,0,0,0.0,0,22,22,22,22,1,1,1,1,0,False,1,0,0,0,0,1,False,,False,ivanovich makarov oleg,1,0,601.0,64.87545185060308,0.0,0.0,30.0,0.0
NKNC,Петр Орлов,Заместитель генерального директора по капитальному строительству,False,,957.0,Петр Орлов,,,,,,,,,,,Петр Орлов,Заместитель генерального директора по капитальному строительству,0,0,0,0,1,0,0,0,0,0,0.0,0,0,0,0.0,0,0,0,0,0,1,1,1,0,0,False,0,0,0,0,0,1,False,,False,orlov petr,1,0,957.0,69.58471675352723,0.0,0.0,0.0,0.0
NKNC,Сергей Викторович Гринько,Член совета директоров,False,,107.0,Сергей Викторович Гринько,,,,,,,,,,,Сергей Викторович Гринько,Член совета директоров,0,0,0,0,1,0,0,0,0,1,0.0,0,0,0,0.0,0,11,11,11,20,1,1,1,1,0,False,1,0,0,0,0,1,False,,False,grinko sergei viktorovich,1,0,107.0,47.45986885357951,0.0,0.0,30.0,0.0
NKNC,Сергей Николаевич Лукичев,Член совета директоров,False,,308.0,Сергей Николаевич Лукичев,,,,,,,,,,,Сергей Николаевич Лукичев,Член совета директоров,0,0,0,0,1,0,0,0,0,0,0.0,0,0,0,0.0,0,21,21,21,40,1,1,1,1,0,False,1,0,0,0,0,1,False,,False,lukichev nikolaevich sergei,1,0,308.0,58.11533506751113,0.0,0.0,30.0,0.0
NLMK,Ben de Vos,Chief Operating Officer,False,-0.2586866057103843,736.0,Бен де Вос,,,,,,,,,,,Ben de Vos,Chief Operating Officer / international operations executive,0,0,1,0,0,1,1,0,0,0,0.0,0,0,0,0.0,0,15,15,15,15,1,1,1,1,0,False,1,0,0,0,0,1,False,,False,ben de vos,1,1,736.0,66.9263504709592,0.0,0.0,30.0,39.00031799871627
NLMK,Dmitry Kholkin,Chief Tech/Sci/R&D Officer,False,,1713.0,Дмитрий Холкин,,,,,,,,N,,,Dmitry Kholkin,Chief Tech/Sci/R&D Officer; Vice President for business system development / digital transformation,0,0,0,0,1,0,0,0,0,0,0.0,0,0,0,0.0,0,7,7,7,13,1,1,1,1,7,False,1,0,0,0,0,1,False,,False,dmitrii kholkin,1,0,1713.0,75.48142823628481,1.0,28.906482631788784,30.0,0.0
NLMK,Irene Spitzberg,Chief Tech/Sci/R&D Officer,False,,0.0,Ирен Шпицберг,,,,,,,,,,,Irene Spitzberg,Chief Tech/Sci/R&D Officer; Vice President for Technology Development,0,0,0,1,0,0,1,0,0,0,0.0,0,1,0,4.0,0,4,4,4,7,1,1,1,1,4,False,1,1,0,1,1,1,False,,False,iren shpitsberg,0,0,0.0,0.0,0.0,0.0,63.33333333333334,0.0
NLMK,Joachim Otto Jacob Limberg,Director/Board Member,False,,0.0,Йоахим Отто Якоб Лимберг,,,,,,,,,,,Joachim Otto Jacob Limberg,Director / Board Member,0,0,1,0,0,0,1,0,0,0,0.0,0,0,0,0.0,0,6,6,6,6,1,1,1,0,6,False,1,0,0,0,0,1,False,,False,iakob ioakhim limberg otto,0,0,0.0,0.0,0.0,0.0,30.0,0.0
NLMK,Nikolai Alexeevich Gagarin,Director/Board Member,False,,31.0,Николай Алексеевич Гагарин,,,,,,,,,,,Nikolai Alexeevich Gagarin,Director / Board Member,0,0,0,1,0,0,0,0,1,0,0.0,0,1,0,0.0,0,16,16,16,16,1,1,1,1,16,False,1,1,0,1,0,1,False,,False,alekseevich gagarin nikolai,1,0,31.0,35.13002166089292,0.0,0.0,60.00000000000001,0.0
NLMK,Nikolay Ivanov,Director of Finance/CFO,False,,1980.0,Николай Иванов,N,N,N,N,N,N,N,N,,,Nikolay Ivanov,Director of Finance / CFO,0,0,0,0,1,0,1,0,0,0,0.0,0,0,0,0.0,0,3,3,3,3,1,1,1,1,3,False,1,0,0,0,0,1,False,,False,ivanov nikolai,1,0,609.0,76.94889194259042,8.0,91.63138199826525,30.0,0.0
NLMK,Oleg Bagrin,Director/Board Member,False,,1714.0,Олег Багрин,,,N,N,,,,,,,Oleg Bagrin,Director / Board Member,0,0,0,0,1,1,1,0,0,0,0.0,0,0,0,0.0,0,22,22,22,22,1,1,1,1,22,False,1,0,0,0,0,1,False,,False,bagrin oleg,1,0,1714.0,75.48734038670456,2.0,45.81569099913263,30.0,0.0
NLMK,Sergey Karataev,Chief Executive Officer,True,,1942.0,Сергей Каратаев,N,,N,,,,N,,,,Sergey Karataev,"Chief Executive Officer / President (Chairman of the Management Board), elected on 5 January 2024",0,0,0,0,1,0,0,0,0,0,0.0,0,0,0,0.0,0,1,1,1,16,1,1,1,1,1,True,1,0,0,0,0,1,True,json_2024,False,karataev sergei,1,0,1942.0,76.75256444894555,3.0,57.81296526357757,30.0,0.0
NLMK,Stanislav Shekshnia,Director/Board Member,False,-0.6867545035440468,13709.0,Станислав Шекшня,,,,,,,,,,,Stanislav Shekshnia,Director / Board Member,0,0,0,1,0,0,0,0,0,1,0.0,0,1,0,0.0,0,10,10,10,10,1,1,1,0,10,False,1,1,0,1,0,1,False,,False,shekshnia stanislav,1,1,7305.0,96.55796265625791,0.0,0.0,60.00000000000001,21.3098180322286
NLMK,Veraszto M. Thomas,Director/Board Member,False,,0.0,Верасто М. Томас,,,,,,,,,,,Thomas Veraszto,Director / Board Member,0,1,0,0,0,1,1,0,0,0,0.0,0,0,0,0.0,0,10,10,10,10,1,1,1,0,10,False,1,0,0,0,0,1,False,,False,m tomas verasto,0,0,0.0,0.0,0.0,0.0,30.0,0.0
NLMK,Vladimir Lisin,Chairman,False,-0.0668877299028384,13325.0,Владимир Лисин,,,,,,,,,,,Vladimir Lisin,Chairman of the Board of Directors,0,0,0,1,0,0,0,0,0,1,,1,1,0,,1,27,27,27,27,1,1,1,0,27,False,1,1,1,1,1,1,False,,False,lisin vladimir,1,1,13325.0,96.27000346783305,0.0,0.0,68.33333333333334,46.92667272705942
NMTP,Киреев Сергей Георгиевич,Генеральный директор,True,,808.0,Киреев Сергей Георгиевич,,,,,,,,,,,Киреев Сергей Георгиевич,Генеральный директор; Председатель Правления,0,0,0,0,1,0,0,0,0,0,0.0,0,0,0,0.0,0,15,15,15,29,1,1,1,0,15,True,1,0,0,0,0,1,True,json_2024,False,georgievich kireev sergei,1,0,808.0,67.87117298904035,0.0,0.0,30.0,0.0
NMTP,Ларин Вадим Михайлович,Заместитель генерального директора - руководитель коммерческой дирекции,False,,20.0,Ларин Вадим Михайлович,,,,,,,,,,,Ларин Вадим Михайлович,Заместитель генерального директора - руководитель коммерческой дирекции (по CSV; внешнее подтверждение слабое),0,0,0,0,1,0,0,0,0,0,0.0,0,0,0,0.0,0,0,0,0,0,1,1,1,0,0,False,0,0,0,0,0,1,False,,False,larin mikhailovich vadim,1,0,20.0,30.860441240747043,0.0,0.0,0.0,0.0
NMTP,Леписткин Владимир Викторович,Заместитель генерального директора по безопасности - начальник управления безопасности,False,,433.0,Леписткин Владимир Викторович,,,,,,,,,,,Леписткин Владимир Викторович,Заместитель генерального директора по безопасности - начальник управления безопасности,0,0,0,0,1,0,0,0,0,0,0.0,0,0,0,0.0,0,0,0,0,0,1,1,1,0,0,False,0,0,0,0,0,1,False,,False,lepistkin viktorovich vladimir,1,0,433.0,61.558696915759526,0.0,0.0,0.0,0.0
NMTP,Шабанов Тимур Кайсерович,Главный инженер,False,,81.0,Шабанов Тимур Кайсерович,,,,,,,,,,,Шабанов Тимур Кайсерович,Главный инженер (по CSV; в открытых источниках по 2024 году есть конфликт),0,0,0,0,1,0,0,0,0,0,0.0,0,0,0,0.0,0,0,0,0,0,1,1,1,0,0,False,0,0,0,0,0,1,False,,False,kaiserovich shabanov timur,1,0,81.0,44.668187926497296,0.0,0.0,0.0,0.0
NVTK,Александр Наталенко,председатель совета директоров,False,,1659.0,Александр Наталенко,,,,,,,,,,,Наталенко Александр Егорович,"Председатель Совета директоров ПАО ""НОВАТЭК""",0,0,1,0,0,0,0,0,0,0,0.0,0,1,0,0.0,0,4,4,4,10,1,1,1,0,4,False,1,0,0,1,0,1,False,,False,aleksandr natalenko,1,0,1659.0,75.15694018049574,0.0,0.0,35.0,0.0
NVTK,Алексей Орел,Член СД,False,,113.0,Алексей Орел,,,,,,,,,,,Орел Алексей Владимирович,"Член Совета директоров ПАО ""НОВАТЭК""; советник генерального директора ФГБУ ""ВНИГНИ""",0,0,0,1,0,0,0,0,0,0,0.0,0,1,0,0.0,0,3,3,3,10,1,1,1,1,3,False,1,1,0,1,0,1,False,,False,aleksei orel,1,0,113.0,48.007914840821265,0.0,0.0,60.00000000000001,0.0
NVTK,Андрей Акимов,Член СД,False,,3858.0,Андрей Акимов,N,,,,,,,,,,Акимов Андрей Игоревич,"Член Совета директоров ПАО ""НОВАТЭК""; председатель Правления и заместитель председателя Совета директоров Газпромбанка",0,0,0,0,1,0,0,0,0,1,0.0,0,0,0,0.0,0,7,7,7,11,1,1,1,1,2,False,1,0,0,0,0,1,False,,False,akimov andrei,1,0,3858.0,83.70789520795559,1.0,28.906482631788784,30.0,0.0
NVTK,Валерий Крюков,Член СД,False,,1405.0,Валерий Крюков,,,,,,,,,,,Крюков Валерий Анатольевич,"Член Совета директоров ПАО ""НОВАТЭК""; директор, главный научный сотрудник и научный руководитель ИЭОПП СО РАН",0,0,0,1,0,0,0,0,0,1,0.0,0,1,0,0.0,0,4,4,4,6,1,1,1,1,2,False,1,1,0,1,0,1,False,,False,kriukov valerii,1,0,1405.0,73.47360335960512,0.0,0.0,60.00000000000001,0.0
NVTK,Виктор Нестеренко,Член СД,False,,1767.0,Виктор Нестеренко,,,,,,,,,,,Нестеренко Виктор Геннадьевич,"Член Совета директоров ПАО ""НОВАТЭК""; президент НОУ ДПО ""Институт ПравоТЭК""",0,0,1,0,0,0,0,0,1,0,0.0,0,0,0,0.0,0,2,2,2,42,1,1,1,1,2,False,1,0,0,0,0,1,False,,False,nesterenko viktor,1,0,1767.0,75.79585011740463,0.0,0.0,30.0,0.0
NVTK,Ирина Гайда,Член СД,False,,680.0,Ирина Гайда,,,,,,,,,,,Гайда Ирина Вернеровна,"Член Совета директоров ПАО ""НОВАТЭК""; эксперт по энергетике и низкоуглеродному развитию",0,0,1,0,0,1,1,0,0,1,0.0,0,1,0,0.0,0,2,2,2,13,1,1,1,1,2,False,1,1,0,1,0,1,False,,False,gaida irina,1,0,680.0,66.12531697411916,0.0,0.0,60.00000000000001,0.0
NVTK,Лев Феодосьев,Член СД,False,,1520.0,Лев Феодосьев,,,,,,,,,,,Феодосьев Лев Владимирович,"Первый заместитель Председателя Правления ПАО ""НОВАТЭК""; член Совета директоров ПАО ""НОВАТЭК""",0,0,0,0,1,0,0,0,0,0,0.0,0,0,0,0.0,0,12,12,12,26,1,1,1,0,12,False,1,0,0,0,0,1,False,,False,feodosev lev,1,0,1520.0,74.27051777406491,0.0,0.0,30.0,0.0
NVTK,Михельсон Леонид Викторович,Генеральный директор | Член СД,True,,19088.0,Леонид Михельсон,N,,,,,,,,,,Михельсон Леонид Викторович,"Председатель Правления ПАО ""НОВАТЭК""; член Совета директоров ПАО ""НОВАТЭК"". CSV также указывает роль ""Генеральный директор"".",0,0,1,0,0,0,0,0,0,0,0.0,0,0,0,0.0,0,8,8,8,16,1,1,1,1,8,True,1,0,0,0,0,1,True,json_2024,False,leonid mikhelson,1,0,19088.0,99.91297075593724,1.0,28.906482631788784,30.0,0.0
NVTK,Эммануэль Кид,Член СД,False,,2.0,Эммануэль Кид,,,,,,,,,,,Эммануэль Киде,"Член Совета директоров ПАО ""НОВАТЭК""",0,0,0,0,1,0,1,0,0,0,0.0,0,0,0,0.0,0,4,4,4,47,1,1,1,0,4,False,1,0,0,0,0,1,False,,False,emmanuel kid,1,0,2.0,11.135953396407446,0.0,0.0,30.0,0.0
OGKB,Абдуллин Роман Эдуардович,неисполнительный,False,,437.0,Абдуллин Роман Эдуардович,,,,,,,,,,,Абдуллин Роман Эдуардович,"Неисполнительный директор по входному CSV; историческое членство в Совете директоров ОГК-2 подтверждено официальными годовыми отчетами 2019-2020, но актуальность именно в составе 2024 года не подтверждена найденным сообщением ГОСА 2024.",0,0,0,0,1,0,0,0,0,0,0.0,0,0,0,0.0,0,9,9,9,20,1,1,1,1,9,False,1,0,0,0,0,1,False,,False,abdullin eduardovich roman,1,0,437.0,61.65169189470243,0.0,0.0,30.0,0.0
OGKB,Бикмурзин Альберт Фяритович,неисполнительный,False,,1436.0,Бикмурзин Альберт Фяритович,,,,,,N,N,,,,Бикмурзин Альберт Фяритович,"Неисполнительный директор по входному CSV; включен в список кандидатов в Совет директоров на ГОСА 18.06.2024, но визуализированное сообщение НРД не дает надежного персонального результата избрания.",0,0,1,0,0,0,0,0,0,0,0.0,0,1,0,0.0,0,7,7,7,14,1,1,1,1,7,False,1,0,0,1,0,1,False,,False,albert bikmurzin fiaritovich,1,0,1179.0,73.6946658177561,2.0,45.81569099913263,35.0,0.0
OGKB,Дмитриев Андрей Игоревич,неисполнительный,False,,520.0,Дмитриев Андрей Игоревич,,,,,,,,,,,Дмитриев Андрей Игоревич,"Неисполнительный директор по входному CSV; историческое членство в Совете директоров ОГК-2 подтверждено годовым отчетом 2019, но в составе кандидатов ГОСА 2024 он не найден.",0,0,0,0,1,0,0,0,0,0,0.0,0,0,0,0.0,0,2,2,2,21,1,1,1,1,2,False,1,0,0,0,0,1,False,,False,andrei dmitriev igorevich,1,0,520.0,63.41066966308513,0.0,0.0,30.0,0.0
OGKB,Зайцев Сергей Артурович,неисполнительный,False,,1370.0,Зайцев Сергей Артурович,,,,,,,,,,,Зайцев Сергей Артурович,Неисполнительный директор по входному CSV; в официальной биографии ОГК-2 за 2020 год указан как заместитель управляющего директора по производству - главный инженер и член Совета директоров.,0,0,0,0,1,0,0,0,0,0,0.0,0,0,0,0.0,0,13,13,13,13,1,1,1,1,10,False,1,0,0,0,0,1,False,,False,arturovich sergei zaitsev,1,0,1370.0,73.21808147039356,0.0,0.0,30.0,0.0
OGKB,Земляной Евгений Николаевич,неисполнительный,False,,832.0,Земляной Евгений Николаевич,,,,,,,,,,,Земляной Евгений Николаевич,Неисполнительный директор по входному CSV; включен в список кандидатов в Совет директоров на ГОСА 18.06.2024.,0,0,0,0,1,0,0,0,0,0,0.0,0,0,0,0.0,0,4,4,4,14,1,1,1,1,4,False,1,0,0,0,0,1,False,,False,evgenii nikolaevich zemlianoi,1,0,669.0,68.16750731892307,0.0,0.0,30.0,0.0
OGKB,Коробкина Ирина Юрьевна,неисполнительный,False,,1541.0,Коробкина Ирина Юрьевна,,,,,,,,,,,Коробкина Ирина Юрьевна,Неисполнительный директор по входному CSV; включена в список кандидатов в Совет директоров на ГОСА 18.06.2024.,0,0,0,0,1,0,0,0,0,0,0.0,0,0,0,0.0,0,3,3,3,14,1,1,1,1,3,False,1,0,0,0,0,1,False,,False,irina iurevna korobkina,1,0,925.0,74.40951049301744,0.0,0.0,30.0,0.0
OGKB,Куликов Денис Викторович,независимый,False,,603.0,Куликов Денис Викторович,,,,,,,,,,,Куликов Денис Викторович,"Независимый директор по входному CSV; историческое членство в Совете директоров ОГК-2 подтверждено годовым отчетом 2019, но в составе кандидатов ГОСА 2024 он не найден.",0,0,1,0,0,0,0,0,0,0,0.0,0,0,0,0.0,0,9,9,9,22,1,1,1,1,9,False,1,0,0,0,0,1,False,,False,denis kulikov viktorovich,1,0,603.0,64.90907172091717,0.0,0.0,30.0,0.0
OGKB,Пятницев Валерий Геннадьевич,независимый,False,,521.0,Пятницев Валерий Геннадьевич,,,,,,,,,,,Пятницев Валерий Геннадьевич,Независимый директор по входному CSV; включен в список кандидатов в Совет директоров на ГОСА 18.06.2024.,0,0,1,0,0,0,0,0,0,0,0.0,0,0,0,0.0,0,6,6,6,12,1,1,1,1,6,False,1,0,0,0,0,1,False,,False,gennadevich piatnitsev valerii,1,0,521.0,63.43010664240103,0.0,0.0,30.0,0.0
OGKB,Рогалев Николай Дмитриевич,независимый,False,,1111.0,Рогалев Николай Дмитриевич,,,,,,,,,,,Рогалев Николай Дмитриевич,"Независимый директор по входному CSV; ректор НИУ ""МЭИ"" и член Совета директоров ОГК-2 в профильных источниках.",0,0,0,1,0,0,0,0,0,0,0.0,0,1,0,0.0,0,5,5,5,27,1,1,1,1,5,False,1,1,0,2,0,1,False,,False,dmitrievich nikolai rogalev,1,0,1111.0,71.09572381401517,0.0,0.0,65.0,0.0
OGKB,Рогов Александр Владимирович,неисполнительный,False,,1307.0,Рогов Александр Владимирович,,,,,,,,,,,Рогов Александр Владимирович,Неисполнительный директор по входному CSV; включен в список кандидатов в Совет директоров на ГОСА 18.06.2024.,0,0,0,1,0,0,0,0,0,0,0.0,0,1,0,0.0,0,12,6,12,23,1,1,1,1,6,False,1,1,0,1,0,1,False,,False,aleksandr rogov vladimirovich,1,0,1307.0,72.74125444763048,0.0,0.0,60.00000000000001,0.0
OGKB,Семиколенов Артем Викторович,Генеральный директор (управляющий директор) | исполнительный,True,,925.0,Семиколенов Артем Викторович,,,,,,,,,,,Семиколенов Артем Викторович,"Генеральный директор (управляющий директор) по входному CSV; официальные документы ОГК-2 за 2024 год указывают, что полномочия единоличного исполнительного органа переданы управляющей организации, поэтому роль трактуется как операционный руководитель/CEO-equivalent с оговоркой.",0,0,0,0,1,0,0,0,0,0,0.0,0,0,0,0.0,0,12,8,12,14,1,1,1,1,8,True,1,0,0,0,0,1,True,json_2024,False,artem semikolenov viktorovich,1,0,925.0,69.24034795383618,0.0,0.0,30.0,0.0
OGKB,Шацкий Павел Олегович,неисполнительный,False,,1396.0,Шацкий Павел Олегович,,,,,,,,,,,Шацкий Павел Олегович,Неисполнительный директор по входному CSV; включен в список кандидатов в Совет директоров на ГОСА 18.06.2024.,0,0,0,0,1,0,0,0,0,0,0.0,0,0,0,0.0,0,10,10,10,30,1,1,1,1,10,False,1,0,0,0,0,1,False,,False,olegovich pavel shatskii,1,0,1396.0,73.40851042491259,0.0,0.0,30.0,0.0
OKEY,BORIS VOLCHEK,Non-executive Director,False,,1613.0,БОРИС ВОЛЧЕК,,,,,,,,,,,BORIS VOLCHEK / Борис Волчек,Non-executive Director in CSV/current board context; 2024 Board member and major indirect shareholder,0,0,0,0,1,0,0,0,0,0,0.0,0,0,0,0.0,0,15,15,15,31,1,1,1,1,15,False,1,0,0,0,0,1,False,,False,boris volchek,1,0,1613.0,74.87208725492526,0.0,0.0,30.0,0.0
OKEY,DMITRIY KORZHEV,Non-executive Director,False,,1923.0,ДМИТРИЙ КОРЖЕВ,,,,,,,,,,,DMITRIY KORZHEV / Дмитрий Коржев,Non-executive Director in CSV/current board context; 2024 Board member,0,0,0,0,1,0,0,0,0,0,0.0,0,0,0,0.0,0,24,24,24,34,1,1,1,1,6,False,1,0,0,0,0,1,False,,False,dmitrii korzhev,1,0,1923.0,76.65295607017349,0.0,0.0,30.0,0.0
OKEY,DMITRIY TROITSKIY,Non-executive Director,False,,1277.0,ДМИТРИЙ ТРОИЦКИЙ,,,,,,,,,,,DMITRIY TROITSKIY / Дмитрий Троицкий,Non-executive Director in CSV/current board context; 2024 Board member and major indirect shareholder,0,0,0,0,1,0,0,0,0,0,0.0,0,0,0,0.0,0,15,15,15,34,1,1,1,1,15,False,1,0,0,0,0,1,False,,False,dmitrii troitskii,1,0,1277.0,72.50606102843614,0.0,0.0,30.0,0.0
OKEY,ILYA ILIN,Non-executive Director,False,,2469.0,ИЛЬЯ ИЛЬИН,,,,,,,,,,,ILYA ILIN / Илья Ильин,"Non-executive Director in CSV/current board context; in 2024 local report he was an external consultant/member of Board committees, not a Board director",0,0,0,0,1,0,0,0,1,1,0.0,0,0,0,0.0,0,2,2,2,14,1,1,1,1,2,False,1,0,0,0,0,1,False,,False,ilia ilin,1,0,2469.0,79.1851437887246,0.0,0.0,30.0,0.0
OKEY,KONSTANTIN ARABIDIS,Independent Director,False,,601.0,КОНСТАНТИН АРАБИДИС,,,,,,,,,,,KONSTANTIN ARABIDIS / Константин Арабидис,Генеральный директор в 2024-контексте O'KEY; independent director of O'KEY Group S.A. from 29 April 2025,0,0,0,0,1,0,0,0,0,1,0.0,0,0,0,0.0,0,10,10,10,10,1,1,1,1,8,True,1,0,0,0,0,1,True,json_2024,True,arabidis konstantin,1,0,601.0,64.87545185060308,0.0,0.0,30.0,0.0
OKEY,Андрей Кришнев,Генеральный директор,True,,4210.0,Андрей Кришнев,,,,,,N,,,,,Андрей Кришнев / Andrey Krishnev,"CSV lists General Director, but public sources confirm O'KEY LLC CEO appointment only from 25 November 2025; not confirmed as 2024 CEO",0,0,0,0,1,0,0,0,0,1,0.0,0,0,0,0.0,0,0,0,0,24,0,0,0,1,0,False,1,0,0,0,0,1,False,,True,andrei krishnev,1,0,4210.0,84.5927209065493,1.0,28.906482631788784,30.0,0.0
OZON,Герасимов Игорь Владиславович,Исполнительный директор,False,,649.0,Герасимов Игорь Владиславович,,,,,,,N,,,,Герасимов Игорь Владиславович,Исполнительный директор / Director of Ozon Holdings PLC in the 2024 context; earlier official Ozon filings identify him as Chief Financial Officer and Executive Director.,0,0,0,0,1,0,1,0,0,0,0.0,0,0,0,0.0,0,6,6,6,13,1,1,1,1,0,False,1,0,0,0,0,1,False,,False,gerasimov igor vladislavovich,1,0,649.0,65.65306353017515,1.0,28.906482631788784,30.0,0.0
OZPH,Анатолий Хавкин,Директор по логистике,False,,237.0,Анатолий Хавкин,,,,,,,,,,,Анатолий Хавкин,Директор по логистике по CSV и официальной странице менеджмента.,0,0,0,0,1,0,0,0,0,0,0.0,0,0,0,0.0,0,0,0,0,0,1,1,1,0,0,False,0,0,0,0,0,1,False,,False,anatolii khavkin,1,0,237.0,55.46902380676205,0.0,0.0,0.0,0.0
OZPH,Андрей Горшков,Директор по экспорту и управлению брендовым портфелем. член СД,False,,4110.0,Андрей Горшков,,,,,,,,,,,Андрей Горшков,Директор по экспорту и управлению брендовым портфелем; исполнительный директор и член Совета директоров в 2024 году.,0,0,0,0,1,1,0,0,0,1,0.0,0,0,0,0.0,0,19,19,19,19,1,1,1,1,0,False,1,0,0,0,0,1,False,,False,andrei gorshkov,1,0,4110.0,84.34910472000766,0.0,0.0,30.0,0.0
OZPH,Артем Бездухов,Директор по персоналу,False,,4377.0,Артем Бездухов,,,,,,,,,,,Артем Бездухов,"Директор по персоналу по CSV, официальной странице менеджмента и университетским материалам.",0,0,0,0,1,0,0,0,0,0,0.0,0,0,0,0.0,0,0,0,0,0,1,1,1,0,0,False,0,0,0,0,0,1,False,,False,artem bezdukhov,1,0,4377.0,84.98694353876111,0.0,0.0,0.0,0.0
OZPH,Базов Антон,Директор по информационному обеспечению,False,,321.0,Базов Антон,,,,,,,,,,,Базов Антон,Директор по информационному обеспечению по CSV и официальной странице менеджмента; локальный годовой отчет 2024 не раскрывает биографию.,0,0,0,0,1,0,0,0,0,0,0.0,0,0,0,0.0,0,0,0,0,0,1,1,1,0,0,False,0,0,0,0,0,1,False,,False,anton bazov,1,0,321.0,58.53305807665299,0.0,0.0,0.0,0.0
OZPH,Галина Кремер,Директор по финансам. член СД,False,,833.0,Галина Кремер,,,,,,,,,,,Галина Кремер,Директор по финансам; исполнительный директор и член Совета директоров в 2024 году.,0,0,0,0,1,1,0,0,0,1,0.0,0,0,0,0.0,0,20,20,20,20,1,1,1,1,0,False,1,0,0,0,0,1,False,,False,galina kremer,1,0,833.0,68.17966854606546,0.0,0.0,30.0,0.0
OZPH,Дилшод Абдурасулов,"Член СД, исполнительный директор",False,-0.5594632509829534,2332.0,Дилшод Абдурасулов,,,,,,,,,,,Дилшод Абдурасулов,Директор по проектной деятельности; исполнительный директор и член Совета директоров в 2024 году.,0,0,0,0,1,0,1,0,0,0,0.0,0,0,0,0.0,0,28,28,28,28,1,1,1,1,1,False,1,0,0,0,0,1,False,,False,abdurasulov dilshod,1,1,2332.0,78.60672984756758,0.0,0.0,30.0,26.570305703839082
OZPH,Дмитрий Коваленко,Директор по связям с инвесторами,False,,2915.0,Дмитрий Коваленко,,,,,,,,N,,,Дмитрий Коваленко,Директор по связям/взаимодействию с инвесторами.,0,0,0,0,1,0,0,0,0,0,0.0,0,0,0,0.0,0,0,0,0,0,1,1,1,0,0,False,0,0,0,0,0,1,False,,False,dmitrii kovalenko,1,0,2915.0,80.86772904280186,1.0,28.906482631788784,0.0,0.0
OZPH,Евгения Тетерина,Директор по качеству,False,-0.6359070999077819,2736.0,Евгения Тетерина,,,,,,,,,,,Евгения Тетерина,"Директор по качеству по CSV, официальной странице менеджмента и профильному GxP-источнику.",0,0,0,0,1,0,0,0,0,0,0.0,0,0,0,0.0,0,0,0,0,0,1,1,1,1,0,False,0,0,0,0,0,1,False,,False,evgeniia teterina,1,1,2736.0,80.22558537471826,0.0,0.0,0.0,23.411157555410643
OZPH,Мария Ульянова,Директор по развитию. член СД,False,,10719.0,Мария Ульянова,,,,,,,,,,,Мария Ульянова,"Директор по развитию по CSV и текущим официальным источникам; членство в Совете директоров в 2024 году конфликтует с локальным годовым отчетом, где в этой роли указана Наталья Титова.",0,0,0,0,1,1,0,0,0,1,0.0,0,0,0,0.0,0,7,7,7,7,1,1,1,1,1,False,1,0,0,0,0,1,False,,False,mariia ulianova,1,0,10719.0,94.06426744611669,0.0,0.0,30.0,0.0
OZPH,Наталья Андреева,"Член СД, независимый директор",False,0.5078333777653966,3385.0,Наталья Андреева,,,,,,,,,,,Наталья Андреева,Независимый директор; член комитета по аудиту и комитета по номинациям и вознаграждениям в 2024 году.,0,0,0,0,1,1,0,0,0,1,0.0,0,0,0,0.0,0,1,1,1,31,1,1,1,1,1,False,1,0,0,0,0,1,False,,False,andreeva nataliia,1,1,3385.0,82.38247412435537,0.0,0.0,30.0,70.67782012072679
OZPH,Олег Эдуардович Минаков,Генеральный директор. член СД,True,,14.0,Олег Эдуардович Минаков,,,,,,,,,,,Олег Эдуардович Минаков,"Генеральный директор ПАО ""Озон Фармацевтика"" с 8 мая 2024 года; исполнительный директор и член Совета директоров в 2024 году.",0,0,0,0,1,0,0,0,0,0,0.0,0,1,0,0.0,0,24,24,24,24,1,1,1,1,2,True,1,0,0,1,0,1,True,json_2024,False,eduardovich minakov oleg,1,0,14.0,27.44983025009322,0.0,0.0,35.0,0.0
OZPH,Ольга Ларина,Коммерческий директор. член СД,False,,7926.0,Ольга Ларина,,,,,,,,,,,Ольга Ларина,Коммерческий директор с сентября 2024 года; исполнительный директор и член Совета директоров в 2024 году.,0,0,0,0,1,1,0,0,0,1,0.0,0,0,0,0.0,0,20,20,20,20,1,1,1,1,0,False,1,0,0,0,0,1,False,,False,larina olga,1,0,7926.0,91.00473748098518,0.0,0.0,30.0,0.0
OZPH,Павел Алексенко,председатель совета директоров,False,0.2801198838377952,911.0,Павел Алексенко,,,,,,,,,,,Павел Алексенко,"Председатель Совета директоров ПАО ""Озон Фармацевтика"" в 2024 году; бенефициарный владелец группы с долей 40,1% на 31.12.2024.",0,0,0,0,1,0,1,0,0,0,0.0,0,0,0,0.0,0,14,14,14,14,1,1,1,1,14,False,1,0,0,0,0,1,False,,False,aleksenko pavel,1,1,911.0,69.085927837357,0.0,0.0,30.0,61.26724395493276
OZPH,Павел Грядунов,Директор по стратегии. член СД,False,0.1730361083709179,209.0,Павел Грядунов,,,,,,,,,,,Павел Грядунов,Директор по стратегии; исполнительный директор и член Совета директоров в 2024 году.,0,0,0,0,1,0,0,0,0,0,0.0,0,0,0,0.0,0,23,23,23,23,1,1,1,1,0,False,1,0,0,0,0,1,False,,False,griadunov pavel,1,1,209.0,54.2003224266114,0.0,0.0,30.0,56.84185831892725
OZPH,Рустем Терегулов,"Член СД, независимый директор",False,0.1231560391160062,922.0,Рустем Терегулов,,,,,,,,,,,Рустем Терегулов,Независимый директор; председатель комитета по аудиту и член комитета по номинациям и вознаграждениям в 2024 году.,0,0,0,0,1,1,1,0,0,1,0.0,0,0,0,0.0,0,1,1,1,27,1,1,1,1,1,False,1,0,0,0,0,1,False,,False,rustem teregulov,1,1,922.0,69.20745539406768,0.0,0.0,30.0,54.78049523155717
OZPH,Сергей Тахиев,"Член СД, независимый директор",False,0.8462823545319142,1390.0,Сергей Тахиев,,,,,,,,,,,Сергей Тахиев,Независимый директор; председатель комитета по номинациям и вознаграждениям и член комитета по аудиту в 2024 году.,0,0,0,0,1,0,1,0,0,1,0.0,0,0,0,0.0,0,1,1,1,22,1,1,1,1,1,False,1,0,0,0,0,1,False,,False,sergei takhiev,1,1,1390.0,73.36488174231837,0.0,0.0,30.0,84.66469379765084
PHOR,Абрашитов Андрей Юрьевич,директор филиала,False,,244.0,Абрашитов Андрей Юрьевич,,,,,,,,,,,Абрашитов Андрей Юрьевич,"Директор Кировского филиала АО ""Апатит"".",0,0,0,0,1,0,0,0,0,1,1.0,1,1,1,0.0,0,0,0,0,35,0,0,0,1,0,False,1,0,1,1,0,1,False,,False,abrashitov andrei iurevich,1,0,244.0,55.76285254236497,0.0,0.0,40.0,0.0
PHOR,Вовк Андрей Михайлович,генеральный директор,True,,322.0,Вовк Андрей Михайлович,,,,,,,,,,,Вовк Андрей Михайлович,"Генеральный директор ООО ""ФосАгро-Регион"".",0,0,0,0,1,0,0,0,0,0,0.0,0,0,0,0.0,0,0,0,0,19,0,0,0,1,0,False,1,0,0,0,0,1,False,,True,andrei mikhailovich vovk,1,0,322.0,58.56448874247911,0.0,0.0,30.0,0.0
PHOR,Гильгенберг Александр Александрович,генеральный директор,True,-0.0608336823874728,902.0,Гильгенберг Александр Александрович,,,,,,,,,,,Гильгенберг Александр Александрович,"2024: генеральный директор АО ""Апатит"". Текущая/послеотчетная роль: генеральный директор ПАО ""ФосАгро"" с июля 2025 года.",0,0,0,0,1,0,0,0,1,0,0.0,0,0,0,0.0,0,0,0,0,27,0,0,0,1,0,False,1,0,0,0,0,1,False,,True,aleksandr aleksandrovich gilgenberg,1,1,902.0,68.98540091483196,0.0,0.0,30.0,47.176864642663666
PHOR,Грибков Алексей Борисович,директор по производственному комплексу,False,0.3560445228341027,240.0,Грибков Алексей Борисович,,,,,,,,,,,Грибков Алексей Борисович,"Директор по Череповецкому комплексу АО ""Апатит"".",0,0,0,0,1,0,0,0,0,0,0.0,0,0,0,0.0,0,0,0,0,32,0,0,0,1,0,False,1,0,0,0,0,1,False,,False,aleksei borisovich gribkov,1,1,240.0,55.59599475640143,0.0,0.0,30.0,64.40493503248625
PHOR,Давыденко Владимир Васильевич,"директор по техническому развитию, капитальному строительству и ремонтам",False,,423.0,Давыденко Владимир Васильевич,,,,,,,,,,,Давыденко Владимир Васильевич,"Директор по техническому развитию, капитальному строительству и ремонтам АО ""Апатит"".",0,0,0,0,1,0,0,0,0,0,0.0,0,1,2,0.0,0,0,0,0,27,0,0,0,1,0,False,1,0,0,1,0,1,False,,False,davydenko vasilevich vladimir,1,0,423.0,61.322406924671114,0.0,0.0,35.0,0.0
PHOR,Иванов Алексей Юрьевич,директор филиала,False,,2300.0,Иванов Алексей Юрьевич,,,,,,,,,,,Иванов Алексей Юрьевич,"2024: директор Волховского филиала АО ""Апатит"". Текущая/послеотчетная роль: директор Балаковского филиала АО ""Апатит"" с марта 2025 года.",0,0,0,0,1,0,0,0,0,1,0.0,0,0,0,0.0,0,0,0,0,4,0,0,0,1,0,False,1,0,0,0,0,1,False,,False,aleksei iurevich ivanov,1,0,2300.0,78.46673443650899,0.0,0.0,30.0,0.0
PHOR,Круговых Юрий Николаевич,первый заместитель генерального директора; заместитель генерального директора по информационной политике,False,,1804.0,Круговых Юрий Николаевич,,,,,,,,,,,Круговых Юрий Николаевич,"Первый заместитель генерального директора ПАО ""ФосАгро""; заместитель генерального директора по информационной политике АО ""Апатит""; член совета директоров ПАО ""ФосАгро"" в 2024 году.",0,0,0,0,1,0,0,0,0,0,0.0,0,0,0,0.0,0,3,3,3,35,1,1,1,1,3,False,1,0,0,0,0,1,False,,False,iurii krugovykh nikolaevich,1,0,1804.0,76.00579107815624,0.0,0.0,30.0,0.0
PHOR,Левин Борис Владимирович,директор по научно-технологическим партнёрствам; советник генерального директора,False,,420.0,Левин Борис Владимирович,,,,,,,,,,,Левин Борис Владимирович,"Директор по научно-технологическим партнерствам ПАО ""ФосАгро""; советник генерального директора АО ""Апатит"".",0,0,0,1,0,0,0,0,0,0,0.0,0,1,0,0.0,0,0,0,0,16,0,0,0,1,0,False,1,1,0,1,0,1,False,,False,boris levin vladimirovich,1,0,420.0,61.25043231499559,0.0,0.0,60.00000000000001,0.0
PHOR,Лобанов Сергей Андреевич,генеральный директор,True,0.1383577411822354,389.0,Лобанов Сергей Андреевич,,,,,,,,,,,Лобанов Сергей Андреевич,"2024: директор Балаковского филиала АО ""Апатит"". Текущая/послеотчетная роль: генеральный директор АО ""НИУИФ"" с 2025 года.",0,0,0,0,1,0,0,0,0,0,0.0,0,0,0,0.0,0,0,0,0,33,0,0,0,1,0,False,1,0,0,0,0,1,False,,True,andreevich lobanov sergei,1,1,389.0,60.475140072896814,0.0,0.0,30.0,55.40872666693025
PHOR,Николаев Антон Анатольевич,директор филиала,False,0.0542613131653072,253.0,Николаев Антон Анатольевич,,,,,,,,,,,Николаев Антон Анатольевич,"2024: до назначения в Волховский филиал был главным инженером Череповецкого комплекса АО ""Апатит""; текущая/послеотчетная роль: директор Волховского филиала АО ""Апатит"" с марта 2025 года.",0,0,0,0,1,0,0,0,0,0,0.0,0,0,0,0.0,0,0,0,0,5,0,0,0,0,0,False,1,0,0,0,0,1,False,,False,anatolevich anton nikolaev,1,1,253.0,56.128533217669954,0.0,0.0,30.0,51.93332506698759
PHOR,Новиков Денис Федорович,генеральный директор,True,-0.5073788729451424,305.0,Новиков Денис Федорович,,,,,,,,,,,Новиков Денис Федорович,"2024: заместитель генерального директора по информационным технологиям. Текущая/послеотчетная роль: генеральный директор АО ""Апатит"" с сентября 2025 года.",0,0,0,0,1,1,0,0,0,1,0.0,0,0,0,0.0,0,15,15,15,15,1,1,1,0,15,False,1,0,0,0,0,1,False,,True,denis fedorovich novikov,1,1,305.0,58.01644275523734,0.0,0.0,30.0,28.722764910883992
PHOR,Пронин Сергей Александрович,первый заместитель генерального директора,False,-0.2985566853722879,1788.0,Пронин Сергей Александрович,,,,,,,,,,,Пронин Сергей Александрович,"2024: коммерческий директор ПАО ""ФосАгро""; текущая/послеотчетная роль: первый заместитель генерального директора ПАО ""ФосАгро"" с марта 2026 года.",0,0,0,1,0,0,0,0,0,1,0.0,0,0,0,0.0,0,2,2,2,29,1,1,1,1,2,False,1,1,0,0,0,1,False,,False,aleksandrovich pronin sergei,1,1,1788.0,75.91553889275629,0.0,0.0,55.00000000000001,37.35263162351222
PHOR,Рыбников Михаил Константинович,,,,0.0,,,,,,,,,,,,Рыбников Михаил Константинович,"Генеральный директор ПАО ""ФосАгро"" в контексте 2024 года; председатель правления и член совета директоров ПАО ""ФосАгро"".",0,0,1,0,0,0,0,0,0,1,0.0,0,0,0,0.0,0,21,21,21,34,1,1,1,1,21,True,1,0,0,0,0,1,True,json_2024,True,konstantinovich mikhail rybnikov,0,0,0.0,0.0,0.0,0.0,30.0,0.0
PHOR,Селезнев Александр Евгеньевич,руководитель аппарата генерального директора,True,,453.0,Селезнев Александр Евгеньевич,,,,,,,,,,,Селезнев Александр Евгеньевич,"Руководитель аппарата генерального директора ПАО ""ФосАгро""; член совета директоров ПАО ""ФосАгро"" в 2024 году.",0,0,0,0,1,0,0,0,0,0,0.0,0,0,0,0.0,0,10,10,10,22,1,1,1,0,10,False,1,0,0,0,0,1,False,,True,aleksandr evgenevich seleznev,1,0,453.0,62.01536790989031,0.0,0.0,30.0,0.0
PHOR,Сиротенко Алексей Александрович,член Правления; заместитель генерального директора по корпоративным и правовым вопросам; директор по правовым вопросам,False,,437.0,Сиротенко Алексей Александрович,N,,,,,,N,,,,Сиротенко Алексей Александрович,"Член правления; заместитель генерального директора ПАО ""ФосАгро"" по корпоративным и правовым вопросам; директор по правовым вопросам АО ""Апатит"".",0,0,0,0,1,0,0,0,1,0,0.0,0,0,0,0.0,0,0,0,0,27,0,0,0,1,0,False,1,0,0,0,0,1,False,,False,aleksandrovich aleksei sirotenko,1,0,437.0,61.65169189470243,2.0,45.81569099913263,30.0,0.0
PHOR,Стеркин Михаил Владимирович,заместитель генерального директора по маркетингу,False,-0.3619876199012208,389.0,Стеркин Михаил Владимирович,,,,,,,N,,,,Стеркин Михаил Владимирович,"Заместитель генерального директора ПАО ""ФосАгро"" по маркетингу.",0,0,0,0,1,0,0,0,0,0,0.0,0,1,0,0.0,0,0,0,0,9,0,0,0,1,0,False,1,0,0,1,0,1,False,,False,mikhail sterkin vladimirovich,1,1,389.0,60.475140072896814,1.0,28.906482631788784,35.0,34.73126022229959
PHOR,Федоров Валерий Иванович,заместитель генерального директора; советник генерального директора,False,,553.0,Федоров Валерий Иванович,N,N,N,,N,,,,,,Федоров Валерий Иванович,"Заместитель генерального директора ПАО ""ФосАгро""; советник генерального директора АО ""Апатит"".",0,0,0,1,0,0,0,0,1,0,0.0,0,0,0,0.0,0,0,0,0,31,0,0,0,0,0,False,1,1,0,0,0,1,False,,False,fedorov ivanovich valerii,1,0,553.0,64.03319194102023,4.0,67.11877414712396,55.00000000000001,0.0
PHOR,Шарабайко Александр Федорович,заместитель генерального директора по финансам и международным проектам,False,,427.0,Шарабайко Александр Федорович,,N,,,,,,,,,Шарабайко Александр Федорович,"Заместитель генерального директора по финансам и международным проектам ПАО ""ФосАгро""; заместитель председателя совета директоров ПАО ""ФосАгро"" в 2024 году.",0,1,0,0,0,0,1,0,0,1,0.0,0,0,0,0.0,0,17,17,17,40,1,1,1,1,17,False,1,0,0,0,0,1,False,,False,aleksandr fedorovich sharabaiko,1,0,427.0,61.41758491605053,1.0,28.906482631788784,30.0,0.0
PIKK,Алексей Бланин,независимый член совета директоров,False,-0.6105348350700657,261.0,Алексей Бланин,,,,,,,,,,,Алексей Бланин,Роль из CSV: независимый член совета директоров. По найденным источникам относится к прежнему составу совета; после 25.04.2024 в новом совете не подтвержден.,0,0,0,0,1,0,0,0,0,0,0.0,0,0,0,0.0,0,0,0,0,0,1,1,1,1,0,False,0,0,0,0,0,1,False,,False,aleksei blanin,1,1,261.0,56.4428648110252,0.0,0.0,0.0,24.45970161239982
PIKK,Алексей Карпенко,член совета директоров,False,0.7639070322825989,2175.0,Алексей Карпенко,,,,,,,,,,,Алексей Александрович Карпенко,Роль из CSV: член совета директоров. По найденным источникам относится к прежнему составу совета; после 25.04.2024 в новом совете не подтвержден.,0,0,0,0,1,1,0,0,1,1,0.0,0,0,0,0.0,0,8,8,8,32,1,1,1,1,8,False,1,1,0,0,0,1,False,,False,aleksei karpenko,1,1,2175.0,77.90056195549396,0.0,0.0,55.00000000000001,81.26041928216922
PIKK,Владимир Заболоцкий,член совета директоров; финансовый директор,False,,467.0,Владимир Заболоцкий,,,,,,,,,,,Владимир Валерьевич Заболотский,"Член совета директоров и председатель комитета по аудиту ПАО ""ПИК СЗ""; в CSV имя записано как ""Владимир Заболоцкий"".",0,0,0,0,1,0,0,0,0,0,0.0,0,0,0,0.0,0,0,0,0,1,0,0,0,1,0,False,1,0,0,0,0,1,False,,False,vladimir zabolotskii,1,0,467.0,62.323220947797076,0.0,0.0,30.0,0.0
PIKK,Грегор Уильям Моват,независимый член совета директоров,False,-0.0946906640521505,450.0,Грегор Уильям Моват,,,,,,,,,,,Грегор Уильям Моват,Роль из CSV: независимый член совета директоров. По найденным источникам относится к прежнему составу совета; после 25.04.2024 в новом совете не подтвержден.,0,1,0,0,0,0,1,0,0,1,0.0,0,0,0,0.0,0,0,0,0,18,1,1,1,1,0,False,1,1,0,0,0,1,False,,False,gregor movat uiliam,1,1,450.0,61.94816513373994,0.0,0.0,55.00000000000001,45.777677887395484
PIKK,Джулиан М. Симмондс,независимый член совета директоров,False,,528.0,Джулиан М. Симмондс,,,,,,,,,,,Джулиан Майкл Симмондс,Роль из CSV: независимый член совета директоров. По найденным источникам относится к прежнему составу совета; после 25.04.2024 в новом совете не подтвержден.,0,0,0,0,1,0,0,0,0,0,0.0,0,0,0,0.0,0,24,24,24,54,1,1,1,1,24,False,0,0,0,0,0,1,False,,False,dzhulian m simmonds,1,0,528.0,63.565131800269604,0.0,0.0,0.0,0.0
PIKK,Дмитрий Тимофеев,член совета директоров; вице-президент по работе с органами государственной власти и корпоративным отношениям,False,,2369.0,Дмитрий Тимофеев,,,,,,,,,,,Дмитрий Тимофеев,Роль из CSV: член совета директоров; вице-президент по работе с органами государственной власти и корпоративным отношениям. По найденным источникам членство в новом совете после 25.04.2024 не подтверждено.,0,0,0,0,1,0,0,0,1,0,0.0,0,0,0,0.0,0,0,0,0,23,0,0,0,1,0,False,1,0,0,0,0,1,False,,False,dmitrii timofeev,1,0,2369.0,78.76622542806808,0.0,0.0,30.0,0.0
PIKK,Ерванд Карапетян,член совета директоров; генеральный директор,True,0.1827150204829959,585.0,Ерванд Карапетян,,,,,,,,,,,Ерванд Оникович Карапетян,"Генеральный директор ПАО ""ПИК СЗ"" в контексте 2024 года; член нового совета директоров после смены состава 25.04.2024.",0,0,0,0,1,0,1,0,0,0,0.0,0,0,0,0.0,0,0,0,0,15,0,0,0,1,0,True,1,0,0,0,0,1,True,json_2024,False,ervand karapetian,1,1,585.0,64.60240149249944,0.0,0.0,30.0,57.24185279471222
PIKK,Зумруд Рустамова,независимый член совета директоров,False,,1201.0,Зумруд Рустамова,,,,,,,,,,,Зумруд Хандадашевна Рустамова,Роль из CSV: независимый член совета директоров. По найденным источникам относится к прежнему составу совета; после 25.04.2024 в новом совете не подтверждена.,0,0,0,0,1,0,0,0,0,0,0.0,0,0,0,0.0,0,0,0,0,53,1,1,1,1,0,False,1,0,0,0,0,1,False,,False,rustamova zumrud,1,0,1201.0,71.88460433915408,0.0,0.0,30.0,0.0
PIKK,Иван Поландов,генеральный директор,True,,813.0,Иван Поландов,,,,,,,,,,,Иван Николаевич Поландов,"Бывший генеральный директор ПАО ""ПИК СЗ"" в 2024 году; CSV указывает его генеральным директором, но на дату годового отчета 2024 CEO подтвержден как Ерванд Карапетян.",0,0,0,0,1,0,0,0,0,0,0.0,0,0,0,0.0,0,9,9,9,12,1,1,1,1,9,False,1,0,0,0,0,1,False,,True,ivan polandov,1,0,813.0,67.9336277867911,0.0,0.0,30.0,0.0
PIKK,Илья Баландин,член совета директоров; директор департамента венчурных инвестиций,False,,874.0,Илья Баландин,,,,,,,,,,,Илья Михайлович Баландин,Роль из CSV: член совета директоров; директор департамента венчурных инвестиций. По найденным источникам относится к прежнему составу совета; сохранение в новом совете после 25.04.2024 не подтверждено.,0,0,0,0,1,0,0,0,0,0,0.0,0,0,0,0.0,0,0,0,0,16,1,1,1,1,0,False,1,0,0,0,0,1,False,,False,balandin ilia,1,0,874.0,68.66611840539692,0.0,0.0,30.0,0.0
PIKK,Илья Юферев,член совета директоров; председатель наблюдательного совета,False,,343.0,Илья Юферев,,,,,,,,,,,Илья Владиславович Юферев,"Член совета директоров и член комитета по аудиту ПАО ""ПИК СЗ""; CSV также указывает роль председателя наблюдательного совета.",0,0,0,0,1,0,0,0,0,0,0.0,0,0,0,0.0,0,0,0,0,9,0,0,0,1,0,False,1,0,0,0,0,1,False,,False,ilia iuferev,1,0,343.0,59.20297267062066,0.0,0.0,30.0,0.0
PIKK,Кирилл Таченников,член совета директоров; глава исследований,False,-0.4073493664363887,813.0,Кирилл Таченников,,,,,,,,,,,Кирилл Викторович Таченников,"Член совета директоров ПАО ""ПИК СЗ"" и член комитета по аудиту; CSV также указывает роль главы исследований.",0,0,0,0,1,0,0,0,0,0,0.0,0,0,0,0.0,0,0,0,0,1,0,0,0,1,0,False,1,0,0,0,0,1,False,,False,kirill tachennikov,1,1,813.0,67.9336277867911,0.0,0.0,30.0,32.85662309201884
PIKK,Сергей Гордеев,член совета директоров; президент,False,,11374.0,Сергей Гордеев,,,,,,,N,,,,Сергей Эдуардович Гордеев,Роль из CSV: член совета директоров; президент. По найденным источникам относится к прежнему составу и не подтвержден в новом совете после 25.04.2024.,0,0,0,0,1,0,0,0,0,0,0.0,0,0,0,0.0,0,12,12,12,29,1,1,1,0,12,False,1,0,0,0,0,1,False,,False,gordeev sergei,1,0,11374.0,94.66542389602193,1.0,28.906482631788784,30.0,0.0
PIKK,Сергей Мруз,председатель совета директоров; заместитель генерального директора; управляющий директор по цифровизации,False,,290.0,Сергей Мруз,,,,,,,,,,,Сергей Владимирович Мруз,"Председатель совета директоров ПАО ""ПИК СЗ"" после смены состава 25.04.2024; CSV также указывает роли заместителя генерального директора и управляющего директора по цифровизации.",0,0,0,1,0,0,0,0,0,0,0.0,0,0,0,0.0,0,0,0,0,12,0,0,0,1,0,False,1,1,0,0,0,1,False,,False,mruz sergei,1,0,290.0,57.506969617615276,0.0,0.0,55.00000000000001,0.0
PIKK,Юрий Ильин,член совета директоров; вице-президент по рынкам капитала и корпоративным финансам,False,0.5971656020715407,1661.0,Юрий Ильин,,,N,,,N,N,N,N,,Юрий Ильин,Роль из CSV: член совета директоров; вице-президент по рынкам капитала и корпоративным финансам. По найденным источникам роль относится к прежнему составу совета; сохранение в новом совете после 25.04.2024 не подтверждено.,0,0,0,0,1,1,1,0,0,1,0.0,0,0,0,0.0,0,7,7,7,7,1,1,1,1,7,False,1,1,0,0,0,1,False,,False,ilin iurii,1,1,1661.0,75.16914533742768,5.0,74.7221736309214,55.00000000000001,74.36959826875366
PLZL,Алексей Востоков,член совета директоров; генеральный директор,True,,2231.0,Алексей Востоков,,,,,,,,,N,N,Алексей Александрович Востоков,"Генеральный директор ПАО ""Полюс""; в локальном годовом отчете за 2024 год также указан как член Совета директоров и генеральный директор ООО ""УК Полюс"".",0,0,0,0,1,0,0,0,1,0,0.0,0,0,0,0.0,0,12,12,12,12,1,1,1,1,12,True,1,0,0,0,0,1,True,json_2024,False,aleksei vostokov,1,0,2231.0,78.15812452859198,2.0,45.81569099913263,30.0,0.0
PLZL,Андрей Скорочкин,независимый член совета директоров; руководитель консалтингового подразделения,False,-0.3797438404536815,2170.0,Андрей Скорочкин,,,,,,,,,,,Андрей Александрович Скорочкин,"Генеральный директор/руководитель ""Рексофт Консалтинг""; независимый директор ПАО ""Полюс"" подтвержден как избранный 15.04.2025, а не как роль 2024 года.",0,0,0,1,0,1,1,0,0,1,0.0,0,1,0,0.0,0,0,0,0,11,0,0,0,1,0,False,1,1,0,1,0,1,False,,False,andrei skorochkin,1,1,2170.0,77.87724383707331,0.0,0.0,60.00000000000001,33.99745976522745
PLZL,Владимир Полин,член совета директоров; старший вице-президент по операционной деятельности,False,,1231.0,Владимир Полин,,,,,,,,,,,Владимир Анатольевич Полин,"Старший вице-президент по операционной деятельности ООО ""УК Полюс""; членство в Совете директоров в 2024 году локальным отчетом прямо не раскрыто.",0,0,0,0,1,0,0,0,0,0,0.0,0,0,0,0.0,0,3,3,3,3,1,1,1,1,3,False,1,0,0,0,0,1,False,,False,polin vladimir,1,0,1231.0,72.13448671247515,0.0,0.0,30.0,0.0
PLZL,Дмитрий Оленьков,независимый член совета директоров; заместитель директора департамента листинга и первичного рынка; советник генерального директора по работе с эмитентами,False,,395.0,Дмитрий Оленьков,,,,,,,,,,,Дмитрий Николаевич Оленьков,"Заместитель директора департамента листинга и первичного рынка ПАО СПБ Биржа; советник генерального директора АО ВТБ Регистратор; независимый директор ПАО ""Полюс"" подтвержден как избранный 15.04.2025, а не как роль 2024 года.",0,0,0,0,1,0,0,0,0,1,0.0,0,0,0,0.0,0,0,0,0,33,0,0,0,1,0,False,1,0,0,0,0,1,False,,False,dmitrii olenkov,1,0,395.0,60.62989699659328,0.0,0.0,30.0,0.0
PLZL,Михаил Гордин,независимый член совета директоров; ректор,False,-0.3824823794658384,3714.0,Михаил Гордин,,,,,,,,,,,Михаил Валерьевич Гордин,"Ректор МГТУ им. Н. Э. Баумана; независимый директор ПАО ""Полюс"" подтвержден как избранный 15.04.2025, а не как роль 2024 года.",0,0,0,1,0,1,0,0,0,1,0.0,0,1,0,0.0,0,8,0,8,38,1,0,1,1,0,False,1,1,0,1,0,1,False,,False,gordin mikhail,1,1,3714.0,83.32241465280326,0.0,0.0,60.00000000000001,33.88428583990402
POLY,Evgueni Konovalenko,Senior Independent Non-Executive Director,False,-0.241140878830357,1098.0,Евгений Коноваленко,,,,,,,,,,,Evgueni Konovalenko,Senior Independent Non-Executive Director,0,1,0,0,0,1,1,0,0,1,0.0,0,0,0,0.0,0,3,3,3,22,1,1,1,1,3,False,1,0,0,0,0,1,False,,False,evgenii konovalenko,1,1,1098.0,70.97652482765196,0.0,0.0,30.0,39.72541951264417
POLY,HE Abdulsalam Al Murshidi,Chair,False,0.1415404352828192,2.0,Абдусалам Аль-Муршиди,,,,,,,,,,,HE Abdulsalam Al Murshidi,"Chair according to the current/CSV-linked Solidcore board context, but not a confirmed 2024 Solidcore director; AIFC records Solidcore director appointment effective 01-06-2026",0,0,0,0,1,0,0,0,0,0,0.0,0,0,0,0.0,0,0,0,0,0,0,0,0,1,0,False,0,0,0,0,0,1,False,,False,abdusalam al murshidi,1,1,2.0,11.135953396407446,0.0,0.0,0.0,55.54025591769785
POLY,Janat Berdalina,Independent Non-Executive Director,False,,870.0,Жанат Бердалина,,,,,,,,,,,Janat Berdalina,Independent Non-Executive Director,0,0,0,0,1,1,1,0,0,1,1.0,1,0,0,0.0,0,3,3,3,3,1,1,1,1,3,False,1,0,1,0,0,1,False,,False,berdalina zhanat,1,0,870.0,68.619674422163,0.0,0.0,35.0,0.0
POLY,Omar Bahram,Vice-Chair,False,-0.0225703834277234,704.0,Омар Бахрам,,,,,,,,,,,Omar Bahram,Chair of the Board in the 2024 Solidcore context; later/current CSV context lists Vice-Chair after 2026 board changes,0,1,0,0,0,0,1,0,1,0,0.0,0,0,0,0.0,0,1,1,1,21,1,1,1,1,1,False,1,0,0,0,0,1,False,,False,bakhram omar,1,1,704.0,66.47639558545117,0.0,0.0,30.0,48.75814857540133
POLY,Pascale Jeannin Perez,Independent Non-Executive Director,False,,0.0,Паскаль Жаннен Перес,,,,,,,,,,,Pascale Jeannin Perez,Independent Non-Executive Director,0,0,0,0,1,0,1,0,0,1,0.0,0,0,0,0.0,0,3,3,3,3,1,1,1,1,3,False,1,0,0,0,0,1,False,,False,paskal peres zhannen,0,0,0.0,0.0,0.0,0.0,30.0,0.0
POLY,Richard Sharko,Independent Non-Executive Director,False,,852.0,Ричард Шарко,,,,,,,,,,,Richard Sharko,Independent Non-Executive Director,0,1,0,0,0,0,1,0,0,1,0.0,0,0,0,0.0,0,3,3,3,12,1,1,1,1,3,False,1,1,0,0,0,1,False,,False,richard sharko,1,0,852.0,68.40800214927424,0.0,0.0,55.00000000000001,0.0
POLY,Steven Dashevsky,Independent Non-Executive Director,False,,611.0,Стивен Дашевский,,,,,,,,,,,Steven Dashevsky,Independent Non-Executive Director,0,0,0,0,1,0,1,0,0,1,0.0,0,0,0,0.0,0,3,3,3,28,1,1,1,1,3,False,1,1,0,0,0,1,False,,False,dashevskii stiven,1,0,611.0,65.04244708741594,0.0,0.0,55.00000000000001,0.0
POLY,Vitaly Nesis,Chief Executive Officer,True,0.3588100421716022,13293.0,Виталий Несис,N,N,N,N,N,N,N,N,,,Vitaly Nesis,Chief Executive Officer; member of the Board in the 2024 Solidcore context,0,0,1,0,0,0,1,0,0,1,0.0,0,0,0,0.0,0,22,22,22,30,1,1,1,1,22,True,1,0,0,0,0,1,True,json_2024,False,nesis vitalii,1,1,13293.0,96.24563349280113,8.0,91.63138199826525,30.0,64.51922395719878
POSI,Алексей Вячеславович Андреев,член совета директоров,False,0.1012795007243457,1675.0,Алексей Вячеславович Андреев,,,,,,,,,,,Алексей Вячеславович Андреев,член совета директоров по CSV; в официальном отчете 2022 указан как управляющий директор департамента исследований и разработки Positive Technologies. Поименное подтверждение состава СД 2024 в доступном годовом отчете отсутствует.,0,0,0,0,1,0,0,0,0,0,0.0,0,0,0,0.0,0,10,10,10,10,1,1,1,1,10,False,1,0,0,0,0,1,False,,False,aleksei andreev viacheslavovich,1,1,1675.0,75.25417240429789,0.0,0.0,30.0,53.87641692145011
POSI,Андрей Игоревич Кузин,член совета директоров,False,,49.0,Андрей Игоревич Кузин,,,,,,,,,,,Андрей Игоревич Кузин,"операционный директор Positive Technologies; членство в СД указано в CSV, но для 2024 не подтверждено открытым поименным источником.",0,0,0,0,1,0,0,0,0,0,0.0,0,0,0,0.0,0,0,0,0,0,1,1,1,0,0,False,0,0,0,0,0,1,False,,False,andrei igorevich kuzin,1,0,49.0,39.65375803955013,0.0,0.0,0.0,0.0
POSI,Даниил Александрович Рыбак,член совета директоров,False,0.2580947839708865,86.0,Даниил Александрович Рыбак,,,,,,,,,,,Даниил Александрович Рыбак,член совета директоров по CSV; в официальном отчете 2022 указан как независимый директор Positive Technologies. Поименное подтверждение состава СД 2024 в доступном годовом отчете отсутствует.,0,0,0,0,1,0,1,0,0,1,0.0,0,0,0,0.0,0,0,0,0,19,0,0,0,1,0,False,1,0,0,0,0,1,False,,False,aleksandrovich daniil rybak,1,1,86.0,45.268148913815,0.0,0.0,30.0,60.35702613568195
POSI,Денис Иванович Кораблев,член совета директоров,False,0.1964175284027146,867.0,Денис Иванович Кораблев,,,,,,,,,,,Денис Иванович Кораблев,"управляющий директор, директор по продуктам Positive Technologies; членство в СД указано в CSV, но для 2024 не подтверждено открытым поименным источником.",0,0,0,0,1,0,0,0,0,0,0.0,0,0,0,0.0,0,8,8,8,14,1,1,1,1,8,False,0,0,0,0,0,1,False,,False,denis ivanovich korablev,1,1,867.0,68.58470124793811,0.0,0.0,0.0,57.8081279513435
POSI,Денис Сергеевич Баранов,Генеральный директор | член совета директоров,True,-0.8515125049909564,385.0,Денис Сергеевич Баранов,,,,,,,,,N,N,Денис Сергеевич Баранов,"Генеральный директор ПАО ""Группа Позитив"" / Positive Technologies с 29 июля 2021 года; CSV также содержит отдельную строку о членстве в совете директоров.",0,0,0,0,1,0,0,0,0,0,0.0,0,1,0,0.0,0,16,16,16,16,1,1,1,0,16,True,1,0,0,1,0,1,True,json_2024,False,baranov denis sergeevich,1,1,385.0,60.370640367903896,2.0,45.81569099913263,35.0,14.500964965167501
POSI,Дмитрий Владимирович Пухов,член совета директоров,False,,435.0,Дмитрий Владимирович Пухов,,,,,,,,,,,Дмитрий Владимирович Пухов,"член совета директоров по CSV; открытое поименное подтверждение найдено только в post-2024 corporate actions 2025/2026, не для 2024 года.",0,0,0,0,1,0,0,0,0,0,0.0,0,0,0,0.0,0,0,0,0,0,0,0,0,0,0,False,0,0,0,0,0,1,False,,False,dmitrii pukhov vladimirovich,1,0,435.0,61.60530105122304,0.0,0.0,0.0,0.0
POSI,Евгений Вячеславович Киреев,член совета директоров,False,,330.0,Евгений Вячеславович Киреев,,,,,,,,,,,Евгений Вячеславович Киреев,член совета директоров по CSV; сооснователь Positive Technologies. Поименное подтверждение состава СД 2024 в доступном годовом отчете отсутствует.,0,0,0,0,1,0,0,0,0,0,0.0,0,1,0,0.0,0,34,34,34,43,1,1,1,1,23,False,1,0,0,1,0,1,False,,False,evgenii kireev viacheslavovich,1,0,330.0,58.81248598354023,0.0,0.0,35.0,0.0
POSI,Карина Суреновна Саркисян,член совета директоров,False,,54.0,Карина Суреновна Саркисян,,,,,,,,,,,Карина Суреновна Саркисян,член совета директоров по CSV; в официальном отчете 2022 указана как независимый директор Positive Technologies. Поименное подтверждение состава СД 2024 в доступном годовом отчете отсутствует.,0,0,0,1,0,1,1,0,0,1,0.0,0,1,0,0.0,0,0,0,0,7,0,0,0,1,0,False,1,1,0,1,0,1,False,,False,karina sarkisian surenovna,1,0,54.0,40.619858393107,0.0,0.0,60.00000000000001,0.0
POSI,Максим Георгиевич Филиппов,член совета директоров,False,0.1259279167278468,45.0,Максим Георгиевич Филиппов,,,,,,,,,,,Максим Георгиевич Филиппов,"заместитель генерального директора Positive Technologies; членство в СД указано в CSV, но для 2024 не подтверждено открытым поименным источником.",0,0,0,0,1,0,0,0,0,1,0.0,0,0,0,0.0,0,11,11,11,11,1,1,1,1,11,False,1,0,0,0,0,1,False,,False,filippov georgievich maksim,1,1,45.0,38.808570232313386,0.0,0.0,30.0,54.89504692078108
PRMD,Александр Игоревич Ефремов,Генеральный директор | член совета директоров,True,-0.1518853517445232,2952.0,Александр Ефремов,,,,,,,,,,,Александр Игоревич Ефремов,"Генеральный директор ПАО ""ПРОМОМЕД""; член Совета директоров ПАО ""ПРОМОМЕД""",0,0,0,1,0,0,1,0,0,0,0.0,0,0,0,0.0,0,2,2,2,25,1,1,1,1,2,True,1,1,0,0,0,1,True,json_2024,False,aleksandr efremov,1,1,2952.0,80.99553653581305,0.0,0.0,55.00000000000001,43.41402804159847
PRMD,Деян Йованович,независимый член совета директоров,False,0.5746250291931697,1106.0,Деян Йованович,,,,,,,,,,,Деян Йованович,"Независимый член Совета директоров ПАО ""ПРОМОМЕД""; член Комитета по аудиту и Комитета по стратегии и устойчивому развитию",0,0,0,0,1,0,1,0,0,0,0.0,0,0,0,0.0,0,18,18,18,44,1,1,1,1,1,False,1,0,0,0,0,1,False,,False,deian iovanovich,1,1,1106.0,71.05004378354106,0.0,0.0,30.0,73.43807781191161
PRMD,Игорь Маев,независимый член совета директоров,False,0.3731289603775818,1370.0,Игорь Маев,,,,,,,,,,,Игорь Вениаминович Маев,"Независимый член Совета директоров ПАО ""ПРОМОМЕД""; председатель Комитета по номинациям и вознаграждениям",0,0,0,1,0,0,0,0,0,0,800.0,1,1,0,9.0,0,2,2,2,14,1,1,1,1,2,False,1,1,1,1,1,1,False,,False,igor maev,1,1,1370.0,73.21808147039356,0.0,0.0,68.33333333333334,65.11097312438685
PRMD,Кира Заславская,член совета директоров,False,0.1644746225708893,2418.0,Кира Заславская,,,,,,,,,,,Кира Яковлевна Заславская,"Член Совета директоров ПАО ""ПРОМОМЕД""; директор по новым продуктам",0,0,0,0,1,1,0,0,0,1,50.0,1,1,0,20.0,1,0,0,0,17,0,0,0,1,0,False,1,0,1,3,1,1,False,,False,kira zaslavskaia,1,1,2418.0,78.97365914379525,0.0,0.0,53.333333333333336,56.4880430362934
PRMD,Кирилл Рубинский,независимый член совета директоров,False,,1122.0,Кирилл Рубинский,,,,,,,,,,,Кирилл Юрьевич Рубинский,"Независимый член Совета директоров ПАО ""ПРОМОМЕД""; председатель Комитета по аудиту",0,0,1,0,0,0,1,0,0,1,0.0,0,0,0,0.0,0,4,4,4,20,1,1,1,1,4,False,1,1,0,0,0,1,False,,False,kirill rubinskii,1,0,1122.0,71.19550108290831,0.0,0.0,55.00000000000001,0.0
PRMD,Михаил Малиновский,неисполнительный член совета директоров,False,-0.0203049225274416,1294.0,Михаил Малиновский,,,,,,,,,,,Михаил Игоревич Малиновский,"Неисполнительный член Совета директоров ПАО ""ПРОМОМЕД""",0,0,0,0,1,0,1,0,1,1,50.0,1,0,0,0.0,0,1,1,1,17,1,1,1,1,1,False,1,0,1,0,0,1,False,,False,malinovskii mikhail,1,1,1294.0,72.64000661321668,0.0,0.0,35.0,48.851771891196165
PRMD,Пётр Белый,председатель совета директоров,False,-0.2347178500709364,23409.0,Пётр Белый,,,,,,,,N,,,Петр Александрович Белый,"Председатель Совета директоров ПАО ""ПРОМОМЕД""; основатель ГК ""ПРОМОМЕД""",0,0,0,1,0,0,0,0,0,0,0.0,0,1,0,0.0,0,0,0,0,33,0,0,0,1,0,False,1,1,0,1,0,1,False,,False,belyi petr,1,1,23409.0,100.0,1.0,28.906482631788784,60.00000000000001,39.990860090244865
PRMD,Юрий Литвищенко,независимый член совета директоров,False,,1093.0,Юрий Литвищенко,,,,,,,,,,,Юрий Федорович Литвищенко,"Независимый член Совета директоров ПАО ""ПРОМОМЕД""; член Комитета по стратегии и устойчивому развитию",0,0,0,1,0,0,1,0,0,0,0.0,0,0,0,0.0,0,15,15,15,20,1,1,1,1,1,False,1,1,0,0,0,1,False,,False,iurii litvishchenko,1,0,1093.0,70.93030321720329,0.0,0.0,55.00000000000001,0.0
PRMD,Юрий Троянкин,член совета директоров,False,,1667.0,Юрий Троянкин,,,,,,,,,,,Юрий Юрьевич Троянкин,"Член Совета директоров ПАО ""ПРОМОМЕД""; директор по персоналу и организационному развитию",0,0,0,0,1,0,0,0,0,1,0.0,0,0,0,0.0,0,0,0,0,5,0,0,0,1,0,False,1,0,0,0,0,1,False,,False,iurii troiankin,1,0,1667.0,75.20567287824403,0.0,0.0,30.0,0.0
QIWI,Alexey Sergeevich Mashchenkov / Алексей Мащенков,,,,0.0,,,,,,,,,,,,Alexey Sergeevich Mashchenkov / Алексей Мащенков,Chief Executive Officer (CEO) and Executive Director in the 2024 QIWI plc/NanduQ plc context,0,0,0,0,1,1,1,0,0,1,0.0,0,0,0,0.0,0,5,5,5,19,1,1,1,1,5,True,1,1,0,0,0,1,True,json_2024,True,aleksei aleksei mashchenkov mashchenkov sergeevich,0,0,0.0,0.0,0.0,0.0,55.00000000000001,0.0
RASP,Александр Фролов,член совета директоров; совладелец,False,,3966.0,Александр Фролов,N,,,,,,,,,,Александр Владимирович Фролов,"Член и председатель Совета директоров ПАО ""Распадская"" по старым раскрытиям и MarketScreener; совладелец по CSV",0,0,0,1,0,0,0,0,0,0,0.0,0,0,0,0.0,0,3,3,3,22,1,1,1,1,3,False,1,1,0,0,0,1,False,,False,aleksandr frolov,1,0,3966.0,83.98768021089069,1.0,28.906482631788784,55.00000000000001,0.0
RASP,Алексей Иванов,член совета директоров; генеральный директор,True,,2696.0,Алексей Иванов,,,,,,,,N,,,Алексей Александрович Иванов,"Член совета директоров ПАО ""Распадская""; бывший CEO EVRAZ plc, сохранивший руководящую роль в российском периметре EVRAZ после 30 июня 2023 года",0,0,1,0,0,0,1,0,0,1,0.0,0,0,0,0.0,0,8,8,8,24,1,1,1,1,8,False,1,0,0,0,0,1,False,,True,aleksei ivanov,1,0,2696.0,80.07635365305634,1.0,28.906482631788784,30.0,0.0
RASP,Андрей Давыдов,член совета директоров; генеральный директор,True,,1862.0,Андрей Давыдов,,,,,,,,,,,Андрей Владимирович Давыдов,"Член совета директоров ПАО ""Распадская"" по CSV/агрегаторам; должность генерального директора РУК из CSV не перенесена в 2024 год как текущая, потому что Интерфакс сообщил о его уходе с поста в апреле 2023 года",0,0,0,0,1,0,0,0,0,0,0.0,0,0,0,0.0,0,4,4,4,4,1,1,1,1,0,False,0,0,0,0,0,1,False,,True,andrei davydov,1,0,1862.0,76.32637948576459,0.0,0.0,0.0,0.0
RASP,Владимир Федорович Мельниченко,Генеральный директор,True,-1.0312050966064066,81.0,Владимир Федорович Мельниченко,,,,,,,,,,,Владимир Федорович Мельниченко,"Генеральный директор ООО ""Распадская угольная компания"" (ООО ""РУК""), управляющей организации ПАО ""Распадская""; CEO-equivalent для ПАО ""Распадская"" в контексте передачи полномочий единоличного исполнительного органа управляющей организации",0,0,0,0,1,0,0,0,0,0,0.0,0,0,0,0.0,0,2,2,2,15,1,1,1,1,0,True,1,0,0,0,0,1,True,json_2024,False,fedorovich melnichenko vladimir,1,1,81.0,44.668187926497296,0.0,0.0,30.0,7.0749192326131
RASP,Игорь Богачев,независимый член совета директоров; генеральный директор,True,0.0169734599971068,1477.0,Игорь Богачев,,,,,,,,,,,Игорь Вадимович Богачев,"Независимый член совета директоров ПАО ""Распадская""; генеральный директор группы компаний ""Цифра"" по CSV и старым раскрытиям",0,0,1,0,0,1,0,0,0,1,0.0,0,0,0,0.0,0,3,3,3,3,1,1,1,1,3,False,1,0,0,0,0,1,False,,True,bogachev igor,1,1,984.0,73.97982468880441,0.0,0.0,30.0,50.392352785345565
RASP,Марат Атнашев,член совета директоров; директор по управлению активами,False,0.0357955493169555,1616.0,Марат Атнашев,,,N,N,,,,,,,Марат Михайлович Атнашев,"Член совета директоров ПАО ""Распадская""; директор по управлению активами CTF Consultancy Limited по CSV",0,0,0,1,0,1,1,0,0,1,0.0,0,0,0,0.0,0,5,5,5,17,1,1,1,1,5,False,1,1,0,0,0,1,False,,False,atnashev marat,1,1,1616.0,74.89091062450787,2.0,45.81569099913263,55.00000000000001,51.17020174848225
RASP,Николай Иванов,член совета директоров; финансовый директор,False,,1980.0,Николай Иванов,N,N,N,N,N,N,N,N,,,Николай Владимирович Иванов,"Член совета директоров ПАО ""Распадская""; финансовый руководитель/бывший вице-президент по финансам EVRAZ по внешним источникам",0,0,1,0,0,0,0,0,0,1,0.0,0,0,0,0.0,0,0,0,0,17,1,1,1,1,0,False,1,0,0,0,0,1,False,,False,ivanov nikolai,1,0,1980.0,76.94889194259042,8.0,91.63138199826525,30.0,0.0
RASP,Ольга Покровская,член совета директоров; финансовый советник,False,,606.0,Ольга Покровская,,,,,,,,,,,Ольга Александровна Покровская,"Член совета директоров ПАО ""Распадская""; финансовый советник по CSV",0,0,0,0,1,0,0,0,0,1,0.0,0,0,0,0.0,0,10,10,10,10,1,1,1,0,10,False,1,0,0,0,0,1,False,,False,olga pokrovskaia,1,0,606.0,64.95929336753785,0.0,0.0,30.0,0.0
RASP,Регина Фон Флемминг,независимый член совета директоров,False,,15368.0,Регина Фон Флемминг,,,,,,,,,,,Регина Дагмар Бенедикта фон Флемминг,"Независимый член совета директоров ПАО ""Распадская""",0,0,0,0,1,0,1,0,0,0,0.0,0,0,0,0.0,0,0,0,0,10,1,1,1,1,0,False,1,0,0,0,0,1,False,,False,flemming fon regina,1,0,14446.0,97.71581111863125,0.0,0.0,30.0,0.0
RASP,Эрик Стойлл,независимый неисполнительный член совета директоров,False,,9.0,Эрик Стойлл,,,,,,,,,,,Эрик Хью Джон Стойлл,"Независимый неисполнительный член совета директоров ПАО ""Распадская""",0,0,1,0,0,0,1,0,0,1,0.0,0,0,0,0.0,0,12,12,12,25,1,1,1,1,12,False,1,0,0,0,0,1,False,,False,erik stoill,1,0,9.0,23.33988118586436,0.0,0.0,30.0,0.0
RENI,Гадлиба Юлия Олеговна,Генеральный директор,True,-0.2804730235122761,1378.0,Гадлиба Юлия Олеговна,,,,,,,N,N,N,N,Гадлиба Юлия Олеговна,Генеральный директор ПАО «Группа Ренессанс Страхование» в контексте 2024 года; публичные профили также указывают роль председателя правления,0,0,0,0,1,0,0,0,0,1,0.0,0,0,0,0.0,0,25,25,25,25,1,1,1,1,19,True,1,0,0,0,0,1,True,json_2024,False,gadliba iuliia olegovna,1,1,1378.0,73.27705694792976,4.0,67.11877414712396,30.0,38.0999640470541
RKKE,Александр Иванович Быков,член совета директоров,False,,4.0,Александр Иванович Быков,,,,,,,,,,,Быков Александр Иванович,"член Совета директоров ПАО ""РКК ""Энергия"" в 2024 году; в 2019 году назначался директором департамента пилотируемых космических программ Роскосмоса.",0,0,0,0,1,0,0,0,0,0,0.0,0,0,0,0.0,0,7,1,7,7,1,1,1,1,1,False,1,0,0,0,0,1,False,,False,aleksandr bykov ivanovich,1,0,4.0,16.313876853685773,0.0,0.0,30.0,0.0
RKKE,Александр Сергеевич Федоров,член совета директоров,False,,120.0,Александр Сергеевич Федоров,,,,,,,,,,,Федоров Александр Сергеевич,"член Совета директоров ПАО ""РКК ""Энергия"" в 2024 году.",0,0,0,0,1,0,0,0,0,0,0.0,0,0,0,0.0,0,1,1,1,1,1,1,1,0,1,False,0,0,0,0,0,1,False,,False,aleksandr fedorov sergeevich,1,0,120.0,48.61196307884244,0.0,0.0,0.0,0.0
RKKE,Георгий Львович Форсов,член совета директоров,False,0.0986170950861686,13.0,Георгий Львович Форсов,,,,,,,,,,,Форсов Георгий Львович,"член Совета директоров ПАО ""РКК ""Энергия"" в 2024 году; публичные источники связывают его с ролью исполнительного директора Роскосмоса по контрактно-договорной работе.",0,0,0,0,1,0,0,0,0,0,0.0,0,0,0,0.0,0,1,1,1,1,1,1,1,1,1,False,0,0,0,0,0,1,False,,False,forsov georgii lvovich,1,1,13.0,26.750492176518183,0.0,0.0,0.0,53.76638931346711
RKKE,Игорь Яковлевич Озар,член совета директоров,False,,220.0,Игорь Яковлевич Озар,,,,,,,,,,,Озар Игорь Яковлевич,"Генеральный директор ПАО ""РКК ""Энергия"" им. С.П. Королёва"" в контексте 2024 года; член Совета директоров.",0,0,0,0,1,0,0,0,0,1,0.0,0,0,0,0.0,0,34,33,34,43,1,1,1,1,6,True,1,0,0,0,0,1,True,json_2024,True,iakovlevich igor ozar,1,0,220.0,54.71783712086887,0.0,0.0,30.0,0.0
RKKE,Константин Владимирович Романов,член совета директоров,False,,10.0,Константин Владимирович Романов,,,,,,,,,,,Романов Константин Владимирович,"член Совета директоров ПАО ""РКК ""Энергия"" в 2024 году.",0,0,0,0,1,0,0,0,0,0,0.0,0,0,0,0.0,0,1,1,1,1,1,1,1,0,1,False,0,0,0,0,0,1,False,,False,konstantin romanov vladimirovich,1,0,10.0,24.30598153942122,0.0,0.0,0.0,0.0
RKKE,Мальцев Игорь Евгеньевич,Генеральный директор,True,-1.202401264548795,487.0,Мальцев Игорь Евгеньевич,,,,,,,,,,,Мальцев Игорь Евгеньевич,"CSV указывает: генеральный директор; веб-источники показывают назначение генеральным директором ПАО ""РКК ""Энергия"" 23.05.2025, то есть после целевого 2024 года.",0,0,0,0,1,0,0,0,1,0,0.0,0,0,0,0.0,0,10,10,10,10,1,1,1,1,0,False,1,0,0,0,0,1,False,,True,evgenevich igor maltsev,1,1,487.0,62.74739922326587,0.0,0.0,30.0,0.0
RKKE,Михаил Асланович Погосян,член совета директоров,False,,442.0,Михаил Асланович Погосян,,,,,,,,,,,Погосян Михаил Асланович,"член Совета директоров ПАО ""РКК ""Энергия"" в 2024 году; ректор Московского авиационного института.",0,0,0,1,0,0,0,0,0,0,0.0,0,1,21,0.0,0,43,43,43,52,1,1,1,1,1,False,1,1,0,1,0,1,False,,False,aslanovich mikhail pogosian,1,0,442.0,61.76674853987516,0.0,0.0,60.00000000000001,0.0
RKKE,Никита Юрьевич Никифоров,член совета директоров,False,,12.0,Никита Юрьевич Никифоров,,,,,,,,,,,Никифоров Никита Юрьевич,"член Совета директоров ПАО ""РКК ""Энергия"" в 2024 году.",0,0,0,0,1,0,0,0,0,0,0.0,0,0,0,0.0,0,1,1,1,1,1,1,1,0,1,False,1,0,0,0,0,1,False,,False,iurevich nikiforov nikita,1,0,12.0,25.999305490625012,0.0,0.0,30.0,0.0
RKKE,Павел Анатольевич Суворов,член совета директоров,False,-0.184517527725062,3.0,Павел Анатольевич Суворов,,,,,,,,,,,Суворов Павел Анатольевич,"член Совета директоров ПАО ""РКК ""Энергия"" в 2024 году; публичные источники связывают его с ролью исполнительного директора Роскосмоса по экономике.",0,0,0,0,1,0,0,0,0,0,0.0,0,0,0,0.0,0,1,1,1,1,1,1,1,1,1,False,0,0,0,0,0,1,False,,False,anatolevich pavel suvorov,1,1,3.0,14.052008664357169,0.0,0.0,0.0,42.0654580810581
RKKE,Юрий Иванович Борисов,член совета директоров,False,-0.909131232377885,311.0,Юрий Иванович Борисов,,,,,,,,,,,Борисов Юрий Иванович,"Председатель Совета директоров ПАО ""РКК ""Энергия"" в 2024 году; генеральный директор Госкорпорации ""Роскосмос"" в 2024 году.",0,0,0,1,0,0,0,0,0,0,0.0,0,0,0,0.0,0,4,1,4,47,1,1,1,1,1,False,1,1,0,0,0,1,False,,False,borisov iurii ivanovich,1,1,311.0,58.213271883568204,0.0,0.0,55.00000000000001,12.119791090494939
RNFT,Aleksey Kuzmenkov,Director/Board Member,False,-0.2227487408064014,2779.0,Алексей Кузьменков,,,,,,,,,,,Кузьменков Алексей Александрович,"Член Совета директоров ПАО НК ""РуссНефть"" по состоянию на 31.12.2024.",0,0,0,0,1,0,0,0,0,0,0.0,0,0,0,0.0,0,1,1,1,21,1,1,1,1,1,False,1,0,0,0,0,1,False,,False,aleksei kuzmenkov,1,1,2779.0,80.38359633552237,0.0,0.0,30.0,40.48550014177571
RNFT,Andrey Derekh,Director/Board Member,False,0.0403277782712781,341.0,Андрей Дерех,,,,,,,,,,,Дерех Андрей Михайлович,"Независимый директор ПАО НК ""РуссНефть""; председатель Комитета по кадрам и вознаграждениям и член Комитета по аудиту по состоянию на 31.12.2024.",0,0,0,0,1,0,1,0,0,1,0.0,0,0,0,0.0,0,9,9,9,9,1,1,1,0,9,False,1,0,0,0,0,1,False,,False,andrei derekh,1,1,341.0,59.1438682372287,0.0,0.0,30.0,51.35750240001513
RNFT,Dmitry Romanov,Investor Relations Contact | Director/Board Member,False,,495.0,Дмитрий Романов,,,,,,,,,,,Романов Дмитрий Вячеславович,"Вице-президент по корпоративным отношениям ПАО НК ""РуссНефть""; член Совета директоров по состоянию на 31.12.2024.",0,0,0,1,0,0,0,0,0,1,0.0,0,0,0,0.0,0,25,25,25,48,1,1,1,1,25,False,1,1,0,0,0,1,False,,False,dmitrii romanov,1,0,495.0,62.91222206795568,0.0,0.0,55.00000000000001,0.0
RNFT,Evgeniy Tolochek,President,False,-0.6530592996779779,1906.0,Евгений Толочек,,,,,,,,,,,Толочек Евгений Викторович,"Президент ПАО НК ""РуссНефть""; единоличный исполнительный орган компании в контексте 2024 года.",0,0,0,0,1,0,0,0,0,0,0.0,0,0,0,0.0,0,11,11,11,35,1,1,1,1,11,True,1,0,0,0,0,1,True,json_2024,True,evgenii tolochek,1,1,1906.0,76.56299542366158,0.0,0.0,30.0,22.702319095448043
RNFT,Evgeny Pitsyura,Chief Tech/Sci/R&D Officer,False,,280.0,Евгений Пицюра,,,,,,,,,,,Пицюра Евгений Владимирович,"Chief Tech/Sci/R&D Officer по CSV; вице-президент по геологии и разработке ПАО НК ""РуссНефть"" с августа 2020 года. Round 2 (quality pass): официальная архивная биография компании (Wayback Machine, снимок 09.11.2024, за 7 недель до конца отчетного года) прямо подтверждает, что он продолжал занимать эту должность практически до конца 2024 года; это разрешает прежнюю неопределенность по статусу на 31.12.2024.",0,0,0,1,0,0,0,0,0,0,0.0,0,1,1,0.0,0,5,5,5,31,1,1,1,1,5,False,1,1,0,1,0,1,False,,False,evgenii pitsiura,1,0,280.0,57.152514565659715,0.0,0.0,60.00000000000001,0.0
RNFT,Igor Ivanovich Kirdoda,Director/Board Member,False,-0.454164749530185,5.0,Игорь Иванович Кирдода,,,,,,,,,,,Кирдода Игорь Иванович,"Director/Board Member по CSV; официальный документ РуссНефти указывает, что полномочия члена Совета директоров прекращены 28.11.2023, поэтому членство в Совете директоров в 2024 году не подтверждено.",0,0,0,1,0,0,1,0,0,0,0.0,0,1,1,0.0,0,1,1,1,25,1,1,1,1,1,False,1,1,0,1,0,1,False,,False,igor ivanovich kirdoda,1,1,5.0,18.161957728586028,0.0,0.0,60.00000000000001,30.921912413542024
RNFT,Olga Prozorovskaya,Director of Finance/CFO | Director/Board Member,False,,836.0,Ольга Прозоровская,,,,,,,,,,,Прозоровская Ольга Евгеньевна,"Старший вице-президент по экономике и финансам ПАО НК ""РуссНефть""; член Совета директоров по состоянию на 31.12.2024.",0,0,1,0,0,0,0,0,0,1,0.0,0,0,0,0.0,0,26,26,26,49,1,1,1,1,26,False,1,0,0,0,0,1,False,,False,olga prozorovskaia,1,0,836.0,68.21606492846368,0.0,0.0,30.0,0.0
RNFT,Sergei Karpenko,Corporate Officer/Principal | Director/Board Member,False,0.41265710332407,827.0,Сергей Карпенко,,,,,,,,,,,Карпенко Сергей Анатольевич,"Corporate Officer/Principal и Director/Board Member по CSV; официальный документ 2023 года указывает должность директора департамента по работе с органами государственной власти ПАО НК ""РуссНефть""; локальный отчет 2024 фиксирует участие в заседаниях Совета директоров, но не включает его в состав Совета директоров на 31.12.2024.",0,0,0,0,1,0,0,0,0,0,0.0,0,0,0,0.0,0,0,0,0,0,1,1,1,0,0,False,1,0,0,0,0,1,False,,False,karpenko sergei,1,1,827.0,68.10648135730686,0.0,0.0,30.0,66.74452849027391
RNFT,Sergey Stepashin,Director/Board Member,False,,6296.0,Сергей Степашин,,,,,,,,,,,Степашин Сергей Вадимович,"Независимый директор ПАО НК ""РуссНефть""; председатель Комитета по аудиту по состоянию на 31.12.2024.",0,0,0,1,0,0,0,0,1,0,0.0,0,1,0,0.0,0,7,7,7,12,1,1,1,1,7,False,1,1,0,1,0,1,False,,False,sergei stepashin,1,0,6296.0,88.6713290108842,0.0,0.0,60.00000000000001,0.0
RNFT,Sidsky Nikolay Alekseevich,Director/Board Member,False,0.5131422055010001,269.0,Сидский Николай Алексеевич,,,,,,,,,,,Сидский Николай Алексеевич,"Член Совета директоров ПАО НК ""РуссНефть"" по состоянию на 31.12.2024.",0,0,0,0,1,0,0,0,1,0,0.0,0,0,0,0.0,0,3,3,3,3,1,1,1,0,3,False,1,0,0,0,0,1,False,,False,alekseevich nikolai sidskii,1,1,269.0,56.747741375086704,0.0,0.0,30.0,70.89721479468871
RNFT,Viktor Martynov,Chairman,False,-0.4428063345603397,1066.0,Виктор Мартынов,,,,,,,,,,,Мартынов Виктор Георгиевич,"Председатель Совета директоров ПАО НК ""РуссНефть""; независимый директор по состоянию на 31.12.2024.",0,0,0,1,0,0,0,0,0,1,0.0,0,1,0,0.0,0,9,9,9,49,1,1,1,1,9,False,1,1,0,1,0,1,False,,False,martynov viktor,1,1,1066.0,70.67699776062906,0.0,0.0,60.00000000000001,31.39131467580062
RNFT,Vladimir Shcherbak,Director/Board Member,False,,567.0,Владимир Щербак,,,,,,,,,,,Щербак Владимир Львович,"Член Совета директоров ПАО НК ""РуссНефть"" по состоянию на 31.12.2024.",0,0,0,0,1,0,0,0,0,1,0.0,0,0,0,0.0,0,15,15,15,15,1,1,1,0,15,False,1,0,0,0,0,1,False,,False,shcherbak vladimir,1,0,567.0,64.28616289997842,0.0,0.0,30.0,0.0
ROSN,Alexander Dmitrievich Nekipelov,Chairman,False,,1725.0,Александр Дмитриевич Некипелов,,,,,,,,,,,Alexander Dmitrievich Nekipelov,"Director/Board Member of ПАО ""НК ""Роснефть""; Director of Moscow School of Economics, MSU; CSV labels him Chairman but official 2024 Rosneft materials do not",0,0,0,0,1,0,0,0,0,1,0.0,0,1,0,0.0,0,14,14,14,22,1,1,1,0,14,False,1,1,0,1,0,1,False,,False,aleksandr dmitrievich nekipelov,1,0,714.0,75.55214746458665,0.0,0.0,60.00000000000001,0.0
ROSN,Alexander Novak,Director/Board Member,False,0.4134737016140372,8254.0,Александр Новак,,,,,,,,,,,Alexander Novak,"Director/Board Member of ПАО ""НК ""Роснефть""; Deputy Prime Minister of the Russian Federation",0,0,0,0,1,0,0,0,0,1,0.0,0,0,0,0.0,0,6,6,6,11,1,1,1,0,6,False,1,0,0,0,0,1,False,,False,aleksandr novak,1,1,8254.0,91.41571122980217,0.0,0.0,30.0,66.7782755479122
ROSN,Alexander Uss,Director/Board Member,False,,15631.0,Александр Усс,,,,,,,,,,,Alexander Uss,CSV-listed Director/Board Member; official 28 June 2024 Rosneft board list does not include him,0,0,0,1,0,0,0,0,1,0,0.0,0,1,44,0.0,0,3,3,3,9,1,1,1,0,3,False,1,1,0,1,0,1,False,,False,aleksandr uss,1,0,15631.0,97.88780120417226,0.0,0.0,60.00000000000001,0.0
ROSN,Andrey Igorevich Akimov,Director/Board Member,False,,1519.0,Андрей Игоревич Акимов,N,,,,,,,,,,Andrey Igorevich Akimov,"Director/Board Member of ПАО ""НК ""Роснефть""; Chairman of the Management Board of Gazprombank",0,0,0,0,1,0,0,0,0,1,0.0,0,0,0,0.0,0,11,11,11,24,1,1,1,1,11,False,1,0,0,0,0,1,False,,False,akimov andrei igorevich,1,0,315.0,74.26385129463536,1.0,28.906482631788784,30.0,0.0
ROSN,Faisal Al-Suwaidi,Director/Board Member,False,,5.0,Фейсал Аль-Сувайди,,,,,,,,,,,Faisal Al-Suwaidi,"Director/Board Member of ПАО ""НК ""Роснефть""; representative of Qatar Investment Authority",0,0,0,0,1,0,1,0,0,1,0.0,0,1,13,0.0,0,54,54,54,54,1,1,1,1,8,False,1,0,0,1,0,1,False,,False,al feisal suvaidi,1,0,5.0,18.161957728586028,0.0,0.0,35.0,0.0
ROSN,Hamad Al-Mohannadi,Director/Board Member,False,,167.0,Хамад Аль-Моханнади,,,,,,,,,,,Hamad Al-Mohannadi,"Director/Board Member of ПАО ""НК ""Роснефть""; representative of Qatar Investment Authority",0,0,0,0,1,0,0,0,0,0,0.0,0,0,0,0.0,0,6,6,6,6,1,1,1,1,6,False,0,0,0,0,0,1,False,,False,al khamad mokhannadi,1,0,167.0,51.93845423728279,0.0,0.0,0.0,0.0
ROSN,Igor Sechin,Chief Executive Officer | Director/Board Member,True,,24361.0,Игорь Сечин,,,,,,,,,,,Igor Sechin,"Chief Executive Officer; Chairman of the Management Board, ПАО ""НК ""Роснефть""; member of the Board of Directors in 2024",0,0,0,1,0,0,0,0,0,1,0.0,0,0,0,0.0,0,13,13,13,26,1,1,1,1,13,True,1,1,0,0,0,1,True,json_2024,False,igor sechin,1,0,24361.0,100.0,0.0,0.0,55.00000000000001,0.0
ROSN,Maxim Oreshkin,Director/Board Member,False,0.1134572913063014,21579.0,Максим Орешкин,,,,,,,,,,,Maxim Oreshkin,"Director/Board Member of ПАО ""НК ""Роснефть""; Deputy Head of the Presidential Administration of the Russian Federation",0,0,1,0,0,0,0,0,0,1,0.0,0,0,0,0.0,0,5,5,5,24,1,1,1,1,5,False,1,0,0,0,0,1,False,,False,maksim oreshkin,1,1,6786.0,100.0,0.0,0.0,30.0,54.37968101803905
ROSN,Pedro A. Aquino,Director/Board Member,False,,209.0,Педро А. Акино,,,,,,,,,,,Pedro A. Aquino,"Director/Board Member of ПАО ""НК ""Роснефть""; CEO of Oil & Petroleum Holdings International Resources Limited; independent director",0,0,0,0,1,0,0,0,0,0,0.0,0,0,0,0.0,0,3,3,3,3,1,1,1,1,3,False,0,0,0,0,0,1,False,,False,a akino pedro,1,0,209.0,54.2003224266114,0.0,0.0,0.0,0.0
ROSN,Petr Lazarev,Director of Finance/CFO,False,,413.0,Пётр Лазарев,,,,,,,,,,,Petr Lazarev,"Director of Finance/CFO; Management Board/finance executive, ПАО ""НК ""Роснефть""",0,0,0,0,1,0,0,0,0,1,0.0,0,0,0,0.0,0,13,13,13,36,1,1,1,0,13,False,1,0,0,0,0,1,False,,False,lazarev petr,1,0,413.0,61.080477025128275,0.0,0.0,30.0,0.0
ROSN,Ural A. Latypov,Corporate Officer/Principal,False,0.3674830376994206,0.0,Урал А. Латыпов,,,,,,,,,,,Ural A. Latypov,"Vice President; Head of Security Service, ПАО ""НК ""Роснефть""",0,0,0,0,1,0,0,0,0,0,0.0,0,0,0,0.0,0,8,8,8,30,1,1,1,0,8,False,1,0,0,0,0,1,False,,False,a latypov ural,0,1,0.0,0.0,0.0,0.0,30.0,64.87764753409085
ROSN,Valentin Gennadyevich Mamayev,Corporate Officer/Principal,False,,202.0,Валентин Геннадьевич Мамаев,,,,,,,,,,,Valentin Gennadyevich Mamayev,"Vice President / Management Board member or corporate officer, ПАО ""НК ""Роснефть""",0,0,0,0,1,0,0,0,0,0,0.0,0,0,0,0.0,0,4,4,4,4,1,1,1,1,4,False,0,0,0,0,0,1,False,,False,gennadevich mamaev valentin,1,0,202.0,53.85668336174715,0.0,0.0,0.0,0.0
ROSN,Vladimir Litvinenko,Director/Board Member,False,,2494.0,Владимир Литвиненко,,,,,,,,,,,Vladimir Litvinenko,CSV-listed Director/Board Member; official 28 June 2024 Rosneft board list does not include him; Rector of Saint Petersburg Mining University,0,0,0,1,0,0,0,0,0,0,0.0,0,1,0,0.0,0,3,3,3,32,1,1,1,0,3,False,1,1,0,1,0,1,False,,False,litvinenko vladimir,1,0,2494.0,79.2872230160515,0.0,0.0,60.00000000000001,0.0
ROSN,Yegor Filippov,Corporate Officer/Principal,False,,1596.0,Егор Филиппов,,,,,,,,,,,Yegor Filippov,"Member of Management Board / corporate officer, ПАО ""НК ""Роснефть""; formerly acting head of RN-Yuganskneftegaz and Kondaneft",0,0,0,0,1,0,0,0,0,0,0.0,0,0,0,0.0,0,4,4,4,8,1,1,1,1,4,False,0,0,0,0,0,1,False,,False,egor filippov,1,0,1596.0,74.76475614476739,0.0,0.0,0.0,0.0
RTKM,Alexey V. Sapunov,Chief Tech/Sci/R&D Officer,False,,0.0,Алексей В. Сапунов,,,,,,,,,,,Алексей Валерьевич Сапунов,Заместитель президента - председателя правления / руководитель технической инфраструктуры Ростелекома; CSV классифицирует как Chief Tech/Sci/R&D Officer.,0,0,0,0,1,0,0,0,0,0,0.0,0,0,0,0.0,0,13,13,13,26,1,1,1,1,13,False,1,0,0,0,0,1,False,,False,aleksei sapunov v,0,0,0.0,0.0,0.0,0.0,30.0,0.0
RTKM,Alexey Yakovitsky,Director/Board Member,False,,4118.0,Алексей Яковицкий,N,,,,,,,,,,Алексей Андреевич Яковицкий,"CSV: Director/Board Member ПАО ""Ростелеком""; финансист и инвестиционный менеджер.",0,0,1,0,0,0,1,0,0,0,0.0,0,0,0,0.0,0,8,8,8,26,1,1,1,1,8,False,1,0,0,0,0,1,False,,False,aleksei iakovitskii,1,0,4118.0,84.36881093590051,1.0,28.906482631788784,30.0,0.0
RTKM,Andrey Kostin,Director/Board Member,False,,15333.0,Андрей Костин,,,,,,,,,,,Андрей Леонидович Костин,"CSV: Director/Board Member ПАО ""Ростелеком""; президент - председатель правления Банка ВТБ.",0,0,0,1,0,0,0,0,0,1,0.0,0,0,0,0.0,0,5,5,5,31,1,1,1,1,5,False,1,1,0,0,0,1,False,,False,andrei kostin,1,0,15333.0,97.6927010961624,0.0,0.0,55.00000000000001,0.0
RTKM,Anna Borisovna Tregubenkova,Director of Finance/CFO,False,,97.0,Анна Борисовна Трегубенкова,,,,,,,,,,,Анна Борисовна Трегубенкова,"Старший вице-президент - финансовый директор ПАО ""Ростелеком"" с 11 июля 2024 года; с августа 2024 года в публичных IR-комментариях указывалась как заместитель президента - председателя правления.",0,0,1,0,0,0,0,0,0,1,0.0,0,0,0,0.0,0,8,8,8,24,1,1,1,1,8,False,1,0,0,0,0,1,False,,False,anna borisovna tregubenkova,1,0,97.0,46.474980020857785,0.0,0.0,30.0,0.0
RTKM,Anton Alekseyevich Ustinov,Director/Board Member,False,,331.0,Антон Алексеевич Устинов,,,,,,,,,,,Антон Алексеевич Устинов,"CSV: Director/Board Member ПАО ""Ростелеком""; председатель правления АО ""СОГАЗ"".",0,0,0,1,0,0,0,0,1,0,0.0,0,1,0,0.0,0,5,5,5,28,1,1,1,1,5,False,1,1,0,1,0,1,False,,False,alekseevich anton ustinov,1,0,331.0,58.843063326809954,0.0,0.0,60.00000000000001,0.0
RTKM,Anton Andreyevich Zlatopolskiy,Director/Board Member,False,,1339.0,Антон Андреевич Златопольский,,,,,,,,,,,Антон Андреевич Златопольский,"CSV: Director/Board Member ПАО ""Ростелеком"". Публичная биография: медиаменеджер, генеральный директор телеканала ""Россия-1"" / руководитель ВГТРК-направлений.",0,0,0,1,0,0,0,0,1,0,0.0,0,0,0,0.0,0,14,14,14,14,1,1,1,1,14,False,1,1,0,0,0,1,False,,False,andreevich anton zlatopolskii,1,0,1339.0,72.98625444958094,0.0,0.0,55.00000000000001,0.0
RTKM,Darius Khalitov,Chief Tech/Sci/R&D Officer,False,,1.0,Дариус Халитов,,,,,,,,,,,Дарий Равильевич Халитов,Руководитель ИТ-кластера Ростелекома; CSV классифицирует как Chief Tech/Sci/R&D Officer.,0,0,1,0,0,0,0,0,0,1,0.0,0,0,0,0.0,0,4,4,4,4,1,1,1,0,4,False,1,0,0,0,0,1,False,,False,darius khalitov,1,0,1.0,7.0260043321785846,0.0,0.0,30.0,0.0
RTKM,Dmitriy Chernyshenko,Director/Board Member,False,,28786.0,Дмитрий Чернышенко,N,N,N,,,,,,,,Дмитрий Николаевич Чернышенко,"CSV: Director/Board Member ПАО ""Ростелеком""; заместитель Председателя Правительства Российской Федерации.",0,0,1,0,0,0,0,0,0,0,0.0,0,0,0,0.0,0,5,5,5,24,1,1,1,1,5,False,1,0,0,0,0,1,False,,False,chernyshenko dmitrii,1,0,28786.0,100.0,3.0,57.81296526357757,30.0,0.0
RTKM,Dmitriy Kurakin,Chief Administrative Officer,False,,3178.0,Дмитрий Куракин,,,,,,,,,,,Дмитрий Александрович Куракин,"CSV: Chief Administrative Officer. Официальная новость Ростелекома подтверждает назначение вице-президентом, административным директором в 2017 году; независимое подтверждение нахождения в этой роли в 2024 году не найдено.",0,0,0,0,1,0,0,0,1,0,0.0,0,0,0,0.0,0,8,8,8,29,1,1,1,0,8,False,1,0,0,0,0,1,False,,False,dmitrii kurakin,1,0,3178.0,81.74304479990896,0.0,0.0,30.0,0.0
RTKM,Elena V. Shmeleva,Director/Board Member,False,,0.0,Елена В. Шмелёва,,,,,,,,,,,Елена Владимировна Шмелева,"CSV: Director/Board Member ПАО ""Ростелеком""; председатель Совета федеральной территории ""Сириус"", руководитель Образовательного Фонда ""Талант и успех"".",0,0,0,1,0,0,0,0,0,0,0.0,0,1,0,0.0,0,5,5,5,11,1,1,1,1,5,False,1,1,0,1,0,1,False,,False,elena shmeleva v,0,0,0.0,0.0,0.0,0.0,60.00000000000001,0.0
RTKM,Kirill Alexandrovich Dmitriev,Director/Board Member,False,,2666.0,Кирилл Александрович Дмитриев,,,,,,,,,,,Кирилл Александрович Дмитриев,"CSV: Director/Board Member ПАО ""Ростелеком""; генеральный директор Российского фонда прямых инвестиций.",0,1,0,0,0,1,1,0,0,1,0.0,0,0,0,0.0,0,11,11,11,31,1,1,1,1,11,False,1,0,0,0,0,1,False,,False,aleksandrovich dmitriev kirill,1,0,2666.0,79.96297012623842,0.0,0.0,30.0,0.0
RTKM,Mikhail Eduardovitch Oseevskiy,Chief Executive Officer | Director/Board Member,True,,3848.0,Михаил Эдуардович Осеевский,,,,,,,,,,,Михаил Эдуардович Осеевский,"Президент и председатель правления ПАО ""Ростелеком""; CEO-equivalent в контексте 2024 года. CSV также содержит его как Chief Executive Officer и Director/Board Member.",0,0,0,1,0,0,0,0,0,1,0.0,0,1,11,0.0,0,8,8,8,25,1,1,1,1,8,True,1,1,0,1,0,1,True,json_2024,False,eduardovich mikhail oseevskii,1,0,3515.0,83.68159425493472,0.0,0.0,60.00000000000001,0.0
RTKM,Nikolay Viktorovich Tsekhomsky,Director/Board Member,False,,356.0,Николай Викторович Цехомский,,,,,,,,,,,Николай Викторович Цехомский,"CSV: Director/Board Member ПАО ""Ростелеком""; первый заместитель председателя - член правления ВЭБ.РФ.",0,0,0,1,0,0,0,0,0,1,0.0,0,1,3,0.0,0,0,0,0,31,1,1,1,1,0,False,1,1,0,1,0,1,False,,False,nikolai tsekhomskii viktorovich,1,0,356.0,59.57897287099091,0.0,0.0,60.00000000000001,0.0
RTKM,Vadim Viktorovich Semenov,Chairman,False,,244.0,Вадим Викторович Семёнов,,,,,,,,,,,Вадим Викторович Семенов,"CSV: Chairman ПАО ""Ростелеком"". По локальному отчету и официальной новости Ростелекома после ГОСА 16.09.2024 председателем совета директоров стал Дмитрий Медведев; роль Семенова как chairman в 2024 году не подтверждена.",0,0,0,0,1,0,0,0,1,0,0.0,0,0,0,0.0,0,12,12,12,12,1,1,1,1,12,False,1,0,0,0,0,1,False,,False,semenov vadim viktorovich,1,0,244.0,55.76285254236497,0.0,0.0,30.0,0.0
RUAL,Alexander Popov,Director of Finance/CFO,False,,395.0,Александр Попов,,,,,,,,,,,Alexander Popov / Александр Валентинович Попов,Финансовый директор / Director of Finance/CFO РУСАЛа,0,1,0,0,0,0,0,0,0,1,0.0,0,0,0,0.0,0,6,6,6,6,1,1,1,1,6,False,1,1,0,0,0,1,False,,False,aleksandr popov,1,0,395.0,60.62989699659328,0.0,0.0,55.00000000000001,0.0
RUAL,Anna Vasilenko,Director/Board Member,False,-0.1577674038938534,1857.0,Анна Василенко,,,,,,,,,,,Anna Vasilenko / Анна Геннадьевна Василенко,Независимый неисполнительный директор РУСАЛа,0,0,1,0,0,1,0,0,0,1,0.0,0,0,0,0.0,0,4,4,4,29,1,1,1,1,4,False,1,1,0,0,0,1,False,,False,anna vasilenko,1,1,1857.0,76.29913845456855,0.0,0.0,55.00000000000001,43.17094407319718
RUAL,Bernard Zonneveld,Chairman,False,,1.0,Бернард Зонневелд,,,,,,,,,,,Bernard Zonneveld / Бернард Зонневельд,Председатель Совета директоров РУСАЛа; независимый неисполнительный директор,0,0,1,0,0,0,1,0,1,1,0.0,0,0,0,0.0,0,9,9,9,9,1,1,1,1,9,False,1,1,0,0,0,1,False,,False,bernard zonneveld,1,0,1.0,7.0260043321785846,0.0,0.0,55.00000000000001,0.0
RUAL,Chris Burnham,Director/Board Member,False,,5.0,Крис Бёрнхэм,,,,,,,,,,,Chris Burnham / Christopher Bancroft Burnham,Независимый неисполнительный директор РУСАЛа,0,0,1,0,0,0,1,0,0,0,0.0,0,0,0,0.0,0,6,6,6,6,1,1,1,1,6,False,1,1,0,0,0,1,False,,False,bernkhem kris,1,0,5.0,18.161957728586028,0.0,0.0,55.00000000000001,0.0
RUAL,Egorov Anton Aleksandrovich,Director/Board Member,False,,650.0,Егоров Антон Александрович,,,,,,N,,N,,,Egorov Anton Aleksandrovich / Антон Александрович Егоров,"CSV-listed Director/Board Member with post-2024 date; later non-executive director of RUSAL from June 2025, not a confirmed 2024 director",0,0,0,0,1,1,1,0,1,1,0.0,0,0,0,0.0,0,7,7,7,7,1,1,1,1,7,False,1,1,0,0,0,1,False,,False,aleksandrovich anton egorov,1,0,650.0,65.66864597998838,2.0,45.81569099913263,55.00000000000001,0.0
RUAL,Evgeny Arkadievich Shvarts,Director/Board Member,False,,340.0,Евгений Аркадьевич Шварц,,,,,,,,,,,Evgeny Arkadievich Shvarts / Евгений Аркадьевич Шварц,Независимый неисполнительный директор РУСАЛа; научный сотрудник/руководитель центра Института географии РАН,0,0,0,1,0,0,0,0,0,0,207.0,0,1,43,0.0,0,5,5,5,44,1,1,1,0,5,False,1,1,1,1,0,1,False,,False,arkadevich evgenii shvarts,1,0,340.0,59.11418627866256,0.0,0.0,65.00000000000001,0.0
RUAL,Evgeny Viktorovich Nikitin,Chief Executive Officer | Director/Board Member,True,0.078261827745507,251.0,Евгений Викторович Никитин,,,,,,N,N,,,,Evgeny Viktorovich Nikitin / Евгений Викторович Никитин,"Генеральный директор / Chief Executive Officer МКПАО ""ОК РУСАЛ""; исполнительный директор и член Совета директоров в контексте 2024 года",0,0,1,0,0,1,0,0,0,1,0.0,0,0,0,0.0,0,0,0,0,32,0,0,0,1,0,True,1,1,0,0,0,1,True,json_2024,False,evgenii nikitin viktorovich,1,1,251.0,56.04840330151166,2.0,45.81569099913263,55.00000000000001,52.925179640818996
RUAL,Karen Li,Investor Relations Contact,False,,3.0,Карен Ли,,,,,,,,,,,Karen Li / Karen Li Wai-Yin / Карен Ли Вай-Инь,Investor Relations Contact; Asia/Hong Kong IR contact for RUSAL,0,0,0,0,1,0,0,0,0,0,0.0,0,0,0,0.0,0,0,0,0,0,1,1,1,0,0,False,0,0,0,0,0,1,False,,False,karen li,1,0,3.0,14.052008664357169,0.0,0.0,0.0,0.0
RUAL,Kevin Parker,Director/Board Member,False,,257.0,Кевин Паркер,,,,,,,,,,,Kevin Parker / Kevin Edward Parker,Независимый неисполнительный директор РУСАЛа,0,1,0,0,0,0,1,0,0,1,0.0,0,0,0,0.0,0,6,6,6,6,1,1,1,1,6,False,1,1,0,0,0,1,False,,False,kevin parker,1,0,257.0,56.28691740267093,0.0,0.0,55.00000000000001,0.0
RUAL,Lok Tung Chan,Corporate Secretary,False,,1.0,Лок Тун Чан,,,,,,,,,,,Lok Tung Chan / Chan Lok Tung / Чен Лок Тунг,"Hong Kong Company Secretary, Authorised Representative and Process Agent of RUSAL from 1 October 2024",0,1,0,0,0,0,1,0,0,1,0.0,0,0,0,0.0,0,1,1,1,1,1,1,1,0,1,False,1,1,0,0,0,1,False,,False,chan lok tun,1,0,1.0,7.0260043321785846,0.0,0.0,55.00000000000001,0.0
RUAL,Lyudmila Petrovna Galenskaya,Director/Board Member,False,,999.0,Людмила Петровна Галенская,,,,,,,,,,,Lyudmila Petrovna Galenskaya / Людмила Петровна Галенская,Независимый неисполнительный директор РУСАЛа,0,0,1,0,0,0,0,0,0,0,0.0,0,0,0,0.0,0,3,3,3,46,1,1,1,0,3,False,1,0,0,0,0,1,False,,False,galenskaia liudmila petrovna,1,0,175.0,70.01964355759307,0.0,0.0,30.0,0.0
RUAL,Natalia Albrecht,Director/Board Member,False,,1042.0,Наталья Альбрехт,,,,,,,,,,N,Natalia Albrecht / Natalia Albrekht / Наталья Александровна Альбрехт,"Исполнительный директор РУСАЛа; заместитель Генерального директора по управлению персоналом АО ""РУСАЛ Менеджмент""",0,0,0,0,1,0,0,0,0,0,0.0,0,0,0,0.0,0,6,6,6,24,1,1,1,1,0,False,1,1,0,0,0,1,False,,False,albrekht nataliia,1,0,1042.0,70.446397143834,1.0,28.906482631788784,55.00000000000001,0.0
RUAL,Semen Viktorovich Mironov,Director/Board Member,False,,53.0,Семён Викторович Миронов,,,,,,,,,,,Semen Viktorovich Mironov / Семен Викторович Миронов,Неисполнительный директор РУСАЛа,0,0,1,0,0,0,1,0,0,1,0.0,0,1,14,0.0,0,2,2,2,22,1,1,1,1,2,False,1,1,0,1,0,1,False,,False,mironov semen viktorovich,1,0,53.0,40.43386452140093,0.0,0.0,60.00000000000001,0.0
RUAL,Victor Mann,Chief Tech/Sci/R&D Officer,False,,945.0,Виктор Манн,,,,,,,,,,,Victor Mann / Виктор Манн,Технический директор / Chief Tech/Sci/R&D Officer РУСАЛа,0,0,0,0,1,0,0,0,0,0,0.0,0,1,20,0.0,0,20,20,20,20,1,1,1,0,20,False,0,0,0,1,0,1,False,,False,mann viktor,1,0,945.0,69.45694554568472,0.0,0.0,5.0,0.0
SBER,Alexander Kuleshov,Director/Board Member,False,,12131.0,Александр Кулешов,,,,,,,,,,,Alexander Kuleshov,CSV: Director/Board Member; ректор/президент Сколковского института науки и технологий; академик РАН,0,0,0,1,0,0,0,0,0,0,0.0,0,1,0,0.0,0,7,7,7,10,1,1,1,0,7,False,1,1,0,1,0,1,False,,False,aleksandr kuleshov,1,0,12131.0,95.31849702534721,0.0,0.0,60.00000000000001,0.0
SBER,Anastasia Belyanina,Investor Relations Contact,False,,3116.0,Анастасия Белянина,,,,,,N,N,,N,N,Anastasia Belyanina,"CSV: Investor Relations Contact; открытые источники также указывают старшего управляющего директора - руководителя Дирекции инвестиционной экспертизы, Блок «Финансы», Сбербанк",0,0,0,0,1,0,0,0,0,1,0.0,0,0,0,0.0,0,0,0,0,16,1,1,1,1,0,False,1,0,0,0,0,1,False,,False,anastasiia belianina,1,0,3116.0,81.54340185982313,4.0,67.11877414712396,30.0,0.0
SBER,Anton Siluanov,Chairman,False,,24712.0,Антон Силуанов,,,,,,,,,,,Anton Siluanov,Председатель Наблюдательного совета Сбербанка; Министр финансов Российской Федерации,0,0,0,1,0,0,0,0,0,1,1.0,1,0,0,0.0,0,5,5,5,15,1,1,1,0,5,False,1,1,1,0,0,1,False,,False,anton siluanov,1,0,24712.0,100.0,0.0,0.0,60.00000000000001,0.0
SBER,Bella Zlatkis,Director/Board Member,False,0.2674643200057438,11875.0,Белла Златкис,,,,N,N,N,,,,,Bella Zlatkis,"CSV: Director/Board Member; для 2024 года активная роль в Сбере не подтверждена, поскольку Белла Златкис покинула пост заместителя председателя правления Сбербанка в 2022 году",0,0,0,1,0,0,0,0,0,1,0.0,0,0,0,0.0,0,19,19,19,54,1,1,1,0,19,False,1,1,0,0,0,1,False,,False,bella zlatkis,1,1,11875.0,95.10231808106981,3.0,57.81296526357757,55.00000000000001,60.74423521571218
SBER,Dmitriy Chernyshenko,Director/Board Member,False,,28786.0,Дмитрий Чернышенко,N,N,N,,,,,,,,Dmitriy Chernyshenko,CSV: Director/Board Member; Заместитель Председателя Правительства Российской Федерации,0,0,0,0,1,0,0,0,0,0,0.0,0,0,0,0.0,0,5,5,5,24,1,1,1,1,5,False,1,0,0,0,0,1,False,,False,chernyshenko dmitrii,1,0,23944.0,100.0,3.0,57.81296526357757,30.0,0.0
SBER,Gennady Melikian,Director/Board Member,False,,7348.0,Геннадий Меликьян,,,,,,,,,,,Gennady Melikian,CSV: Director/Board Member; публичные источники связывают Геннадия Георгиевича Меликьяна с Наблюдательным советом Сбербанка и ролью старшего независимого директора,0,0,0,1,0,0,0,0,0,1,0.0,0,1,0,0.0,0,11,11,11,11,1,1,1,0,11,False,1,1,0,1,0,1,False,,False,gennadii melikian,1,0,7348.0,90.23730793127356,0.0,0.0,60.00000000000001,0.0
SBER,Herman Gref,Chief Executive Officer | Director/Board Member,True,,119863.0,Герман Греф,,,,,,,,,,,Herman Gref,"Президент, Председатель Правления ПАО Сбербанк; CSV также указывает роль Director/Board Member",0,0,0,1,0,0,0,0,1,1,0.0,0,0,0,0.0,0,18,18,18,36,1,1,1,0,18,True,1,1,0,0,0,1,True,json_2024,False,german gref,1,0,119863.0,100.0,0.0,0.0,55.00000000000001,0.0
SBER,Larisa Zalomikhina,Compliance Officer,False,,829.0,Лариса Заломихина,,,,,,,,,,,Larisa Zalomikhina,Директор управления комплаенс / Compliance Officer Сбербанка,0,0,0,0,1,0,0,0,0,0,0.0,0,0,0,0.0,0,11,11,11,11,1,1,1,0,11,False,1,0,0,0,0,1,False,,False,larisa zalomikhina,1,0,829.0,68.13093584831714,0.0,0.0,30.0,0.0
SBER,Lev Khasis,Director/Board Member,False,,12240.0,Лев Хасис,,,,,,,,,,,Lev Khasis,"CSV: Director/Board Member; для 2024 года роль в Сбербанке не подтверждена, поскольку Лев Хасис покинул Сбербанк 22.02.2022",0,0,0,1,0,0,1,0,0,1,0.0,0,0,0,0.0,0,10,10,10,10,1,1,1,1,10,False,1,1,0,0,0,1,False,,False,khasis lev,1,0,12240.0,95.40916070738388,0.0,0.0,55.00000000000001,0.0
SBER,Maxim Oreshkin,Director/Board Member,False,0.1134572913063014,21579.0,Максим Орешкин,,,,,,,,,,,Maxim Oreshkin,CSV: Director/Board Member; с 14.05.2024 заместитель Руководителя Администрации Президента РФ,0,0,1,0,0,0,0,0,0,1,0.0,0,0,0,0.0,0,8,8,8,28,1,1,1,0,8,False,1,0,0,0,0,1,False,,False,maksim oreshkin,1,1,21579.0,100.0,0.0,0.0,30.0,54.37968101803905
SBER,Mikhail Kovalchuk,Director/Board Member,False,,7190.0,Михаил Ковальчук,,,,,,,,,,,Mikhail Kovalchuk,CSV: Director/Board Member; президент НИЦ «Курчатовский институт»,0,0,0,1,0,0,0,0,0,0,0.0,0,1,0,0.0,0,5,5,5,11,1,1,1,0,5,False,1,1,0,1,0,1,False,,False,kovalchuk mikhail,1,0,7190.0,90.01700375841672,0.0,0.0,60.00000000000001,0.0
SBER,Mikhail Ratinskii,Comptroller/Controller/Auditor,False,,218.0,Михаил Ратинский,,,,,,,,,,,Mikhail Ratinskii,"CSV: Comptroller/Controller/Auditor; публичные источники подтверждают Михаила Сергеевича Ратинского как старшего управляющего директора, главного бухгалтера - директора Департамента учета и отчетности ПАО Сбербанк",0,0,0,0,1,0,0,0,0,0,0.0,0,0,0,0.0,0,0,0,0,13,1,1,1,1,0,False,1,0,0,0,0,1,False,,False,mikhail ratinskii,1,0,218.0,54.62568756252384,0.0,0.0,30.0,0.0
SBER,Nadya Wells,Director/Board Member,False,,272.0,Надя Уэллс,,,,,,,,,,,Nadya Wells,"CSV: Director/Board Member; для 2024 года роль в Наблюдательном совете Сбербанка не подтверждена, поскольку независимые иностранные директора, включая Надю Уэллс, вышли из НС 24.02.2022",0,0,1,0,0,1,1,0,0,1,0.0,0,0,0,0.0,0,22,8,8,22,1,1,1,1,8,False,1,0,0,0,0,1,False,,False,nadia uells,1,0,272.0,56.85974673137205,0.0,0.0,30.0,0.0
SBER,Nikolay Kudryavtsev,Director/Board Member,False,,7040.0,Николай Кудрявцев,,,,,,,,,,,Nikolay Kudryavtsev,CSV: Director/Board Member; президент МФТИ; членство в НС Сбербанка в 2024 году не раскрыто локальным отчетом персонально,0,0,0,1,0,0,0,0,0,0,0.0,0,1,0,,1,6,6,6,29,1,1,1,1,6,False,1,1,0,1,1,1,False,,False,kudriavtsev nikolai,1,0,7040.0,89.80332844303919,0.0,0.0,63.33333333333334,0.0
SBER,Oleg V. Chistyakov,Comptroller/Controller/Auditor,False,,0.0,Олег В. Чистяков,,,,,,,,,,,Oleg V. Chistyakov,CSV: Comptroller/Controller/Auditor; открытые источники связывают Олега Чистякова со службой внутреннего аудита / департаментом аудита Сбербанка,0,0,0,0,1,0,0,0,0,0,0.0,0,0,0,0.0,0,17,17,17,17,1,1,1,1,17,False,0,0,0,0,0,1,False,,False,chistiakov oleg v,0,0,0.0,0.0,0.0,0.0,0.0,0.0
SBER,Oleg Yuryevich Tsvetkov,Corporate Secretary,False,,461.0,Олег Юрьевич Цветков,,W,,N,W,,N,N,N,N,Oleg Yuryevich Tsvetkov,Корпоративный секретарь / управляющий директор - руководитель Службы корпоративного секретаря ПАО Сбербанк,0,0,0,1,0,1,1,0,1,1,0.0,0,0,0,0.0,0,12,12,12,12,1,1,1,0,12,False,1,1,0,0,0,1,False,,False,iurevich oleg tsvetkov,1,0,461.0,62.19242711234685,9.0,96.02525677891275,55.00000000000001,0.0
SBER,Sergey Ignatiev,Director/Board Member,False,,7968.0,Сергей Игнатьев,,,,,,,,,,,Sergey Ignatiev,CSV: Director/Board Member; бывший председатель Банка России,0,0,0,1,0,0,0,0,0,1,1.0,1,1,0,0.0,0,5,5,5,38,1,1,1,0,5,False,1,1,1,1,0,1,False,,False,ignatev sergei,1,0,7968.0,91.05830177617791,0.0,0.0,65.00000000000001,0.0
SBER,Vladimir Vladimirovich Kolychev,Director/Board Member,False,,567.0,Владимир Владимирович Колычев,,,,,,,,,,,Vladimir Vladimirovich Kolychev,CSV: Director/Board Member; заместитель Министра финансов Российской Федерации,0,0,0,0,1,0,0,0,0,1,0.0,0,0,0,0.0,0,5,5,5,9,1,1,1,0,5,False,1,0,0,0,0,1,False,,False,kolychev vladimir vladimirovich,1,0,567.0,64.28616289997842,0.0,0.0,30.0,0.0
SELG,Aleksandr Ammosov,Director/Board Member,False,,850.0,Александр Аммосов,,,,,,,,,,,Александр Егорович Аммосов,"независимый член Совета директоров ПАО ""Селигдар""",0,0,0,0,1,0,0,0,0,1,0.0,0,0,0,0.0,0,3,3,3,29,1,1,1,1,3,False,1,0,0,0,0,1,False,,False,aleksandr ammosov,1,0,850.0,68.38420781532612,0.0,0.0,30.0,0.0
SELG,Aleksandr Khrushch,Director of Finance/CFO | Chairman,False,-0.9934753723406096,3927.0,Александр Хрущ,,,,,,,,,,,Александр Александрович Хрущ,"Президент ПАО ""Селигдар"" с 29.06.2024; Первый заместитель генерального директора - директор по экономике и финансам; член Совета директоров",0,0,0,0,1,0,0,0,0,1,0.0,0,0,0,0.0,0,25,25,25,25,1,1,1,1,13,False,1,0,0,0,0,1,False,,False,aleksandr khrushch,1,1,3927.0,83.8875352841644,0.0,0.0,30.0,8.634152450608413
SELG,Gennadiy Launer,Director/Board Member,False,,330.0,Геннадий Лаунер,,,,,,,,,,,Геннадий Альфредович Лаунер,"член Совета директоров ПАО ""Селигдар""",0,0,0,0,1,0,0,0,0,0,0.0,0,0,0,0.0,0,5,5,5,25,1,1,1,1,3,False,1,0,0,0,0,1,False,,False,gennadii launer,1,0,330.0,58.81248598354023,0.0,0.0,30.0,0.0
SELG,Konstantin Beyrit,Director/Board Member,False,,3527.0,Константин Бейрит,,,,,,,,,,,Константин Александрович Бейрит,"член Совета директоров ПАО ""Селигдар""; Президент ПАО ""Селигдар"" до 28.06.2024; акционер и консультант руководства после прекращения полномочий Президента",0,0,0,0,1,0,0,0,0,1,0.0,0,0,0,0.0,0,17,17,17,48,1,1,1,1,17,False,1,0,0,0,0,1,False,,False,beirit konstantin,1,0,3527.0,82.79889547802983,0.0,0.0,30.0,0.0
SELG,Mitroshin Vadim Sergeevich,Investor Relations Contact,False,,548.0,Митрошин Вадим Сергеевич,,,,,,,,,,,Вадим Сергеевич Митрошин,руководитель направления по связям с инвесторами / Investor Relations Contact,0,0,0,0,1,0,0,0,0,0,0.0,0,0,0,0.0,0,0,0,0,0,1,1,1,0,0,False,0,0,0,0,0,1,False,,False,mitroshin sergeevich vadim,1,0,548.0,63.94129301954501,0.0,0.0,0.0,0.0
SELG,Sergey Ryzhov,Director/Board Member,False,,1272.0,Сергей Рыжов,,,,,,,,,,,Сергей Владимирович Рыжов,"член Совета директоров ПАО ""Селигдар""; советник генерального директора",0,0,0,1,0,0,0,0,0,1,2.0,1,1,0,1.0,1,14,14,14,22,1,1,1,1,5,False,1,1,2,1,1,1,False,,False,ryzhov sergei,1,0,1272.0,72.46632604377322,0.0,0.0,73.33333333333334,0.0
SELG,Sergey Tatarinov,Chief Executive Officer | Chairman,True,,3018.0,Сергей Татаринов,,,,,,,,,,,Сергей Михайлович Татаринов,"Генеральный директор - Председатель Правления ПАО ""Селигдар""; член Совета директоров",0,0,0,0,1,0,0,0,0,0,0.0,0,0,0,0.0,0,38,38,38,38,1,1,1,1,19,True,1,0,0,0,0,1,True,json_2024,False,sergei tatarinov,1,0,3018.0,81.21959160103118,0.0,0.0,30.0,0.0
SELG,Shchetinin Evgeny Vladimirovich,Chief Tech/Sci/R&D Officer,False,,239.0,Щетинин Евгений Владимирович,,,,,,,,,,,Евгений Владимирович Щетинин,"Главный инженер ПАО ""Селигдар""; член Правления",0,0,0,0,1,0,0,0,0,0,0.0,0,0,0,0.0,0,4,4,4,4,1,1,1,0,4,False,1,0,0,0,0,1,False,,False,evgenii shchetinin vladimirovich,1,0,239.0,55.553847578807556,0.0,0.0,30.0,0.0
SELG,Sokolov Konstantinovich,Director/Board Member,False,,287.0,Соколов Константинович,,,,,,,,,,,Константин Константинович Соколов,"член Совета директоров ПАО ""Селигдар"" в составе, избранном 04.06.2024; первый заместитель генерального директора по корпоративным функциям по официальному сообщению 2023 года",0,0,0,0,1,0,0,0,0,0,0.0,0,0,0,0.0,0,5,5,5,5,1,1,1,1,2,False,1,0,0,0,0,1,False,,False,konstantinovich sokolov,1,0,287.0,57.40192845370782,0.0,0.0,30.0,0.0
SELG,Valeriy Kondratyev,Director/Board Member,False,,388.0,Валерий Кондратьев,,,,,,,,,,,Валерий Николаевич Кондратьев,"независимый член Совета директоров ПАО ""Селигдар""",0,0,0,0,1,0,0,0,0,1,0.0,0,0,0,0.0,0,20,20,20,23,1,1,1,1,3,False,1,0,0,0,0,1,False,,False,kondratev valerii,1,0,388.0,60.44911597231878,0.0,0.0,30.0,0.0
SELG,Valery Suleimanov,Corporate Officer/Principal | Director/Board Member,False,,242.0,Валерий Сулейманов,,,,,,,,,,,Валерий Оруджалиевич Сулейманов,"член Совета директоров ПАО ""Селигдар""; заместитель генерального директора по вспомогательным рыночным профилям",0,0,0,0,1,0,0,0,0,0,0.0,0,0,0,0.0,0,7,7,7,7,1,1,1,0,7,False,1,0,0,0,0,1,False,,False,suleimanov valerii,1,0,242.0,55.67976698203723,0.0,0.0,30.0,0.0
SELG,Yun Viktor Borisovich,Director/Board Member,False,,375.0,Юн Виктор Борисович,,,,,,,,,,,Виктор Борисович Юн,"независимый член Совета директоров ПАО ""Селигдар""",0,0,0,0,1,0,0,0,0,0,0.0,0,0,0,0.0,0,9,9,9,11,1,1,1,1,9,False,1,0,0,0,0,1,False,,False,borisovich iun viktor,1,0,375.0,60.1045783318937,0.0,0.0,30.0,0.0
SFIN,Aleksandr Myakenkiy,Director/Board Member,False,,417.0,Александр Мякенький,,,,,,,,,,,Мякенький Александр Иванович,"Член Совета директоров ПАО ""ЭсЭфАй""",0,0,1,0,0,0,0,0,0,1,0.0,0,0,0,0.0,0,3,3,3,3,1,1,1,0,3,False,1,0,0,0,0,1,False,,False,aleksandr miakenkii,1,0,417.0,61.177942983835045,0.0,0.0,30.0,0.0
SFIN,Boikova Tatyana Olegovna,Director/Board Member,False,,17.0,Бойкова Татьяна Олеговна,,,,,,,,,,,Бойкова Татьяна Олеговна,"Член Совета директоров ПАО ""ЭсЭфАй""",0,0,1,0,0,0,0,0,0,1,0.0,0,0,0,0.0,0,8,3,3,17,1,1,1,1,3,False,1,0,0,0,0,1,False,,False,boikova olegovna tatiana,1,0,17.0,29.297911124993476,0.0,0.0,30.0,0.0
SFIN,Dmitriev Maxim Vladimirovich,Director/Board Member,False,,660.0,Дмитриев Максим Владимирович,,,,,,,,,,,Дмитриев Максим Владимирович,"Член Совета директоров ПАО ""ЭсЭфАй""",0,0,1,0,0,0,0,0,0,1,0.0,0,0,0,0.0,0,3,3,3,12,1,1,1,1,3,False,1,0,0,0,0,1,False,,False,dmitriev maksim vladimirovich,1,0,660.0,65.8231669845961,0.0,0.0,30.0,0.0
SFIN,Goltsman Anton Vladimirovich,Investor Relations Contact | Public Communications Contact | Director/Board Member,False,,211.0,Гольцман Антон Владимирович,,,,,,,,,,,Гольцман Антон Владимирович,"Председатель Совета директоров ПАО ""ЭсЭфАй""; директор департамента по коммуникациям и связям с инвесторами; Investor Relations Contact; Public Communications Contact",0,0,1,0,0,0,0,0,0,1,0.0,0,0,0,0.0,0,9,8,8,9,1,1,1,1,8,False,1,0,0,0,0,1,False,,False,anton goltsman vladimirovich,1,0,211.0,54.296402592492534,0.0,0.0,30.0,0.0
SFIN,Lotarev Pavel Viktorovich,Director/Board Member,False,,2117.0,Лотарев Павел Викторович,,,,,,,,,,,Лотарев Павел Викторович,"Член Совета директоров ПАО ""ЭсЭфАй""",0,0,1,0,0,0,0,0,1,1,0.0,0,0,0,0.0,0,6,6,6,12,1,1,1,1,3,False,1,0,0,0,0,1,False,,False,lotarev pavel viktorovich,1,0,2117.0,77.62671664068837,0.0,0.0,30.0,0.0
SFIN,Mikhail Gorbachev,Corporate Secretary,False,,5801.0,Михаил Горбачёв,,,,,,,,,,,Горбачев Михаил Валерьевич,"Начальник Службы корпоративного секретаря ПАО ""ЭсЭфАй""; Corporate Secretary",0,0,0,0,1,0,0,0,0,0,0.0,0,0,0,0.0,0,9,9,9,9,1,1,1,1,9,False,1,0,0,0,0,1,False,,False,gorbachev mikhail,1,0,5801.0,87.84145692281724,0.0,0.0,30.0,0.0
SFIN,Protas Alexander Nikolaevich,Director/Board Member,False,,395.0,Протас Александр Николаевич,,,,,,,,,,,Протас Александр Николаевич,"Член Совета директоров ПАО ""ЭсЭфАй""",0,0,0,0,1,1,0,0,0,1,0.0,0,0,0,0.0,0,3,3,3,12,1,1,1,1,3,False,1,0,0,0,0,1,False,,False,aleksandr nikolaevich protas,1,0,395.0,60.62989699659328,0.0,0.0,30.0,0.0
SFIN,Sidorov Igor Anatolyevich,Director/Board Member,False,,1038.0,Сидоров Игорь Анатольевич,,,,,,,,,,,Сидоров Игорь Анатольевич,"Генеральный директор ПАО ""ЭсЭфАй""; член Совета директоров",1,0,0,0,0,0,0,0,0,0,0.0,0,0,0,0.0,0,6,6,6,23,1,1,1,0,6,True,1,0,0,0,0,1,True,json_2024,True,anatolevich igor sidorov,1,0,1038.0,70.40744846341568,0.0,0.0,30.0,0.0
SFIN,Sivachev Denis Alexandrovich,Director/Board Member,False,,1134.0,Сивачев Денис Александрович,,,,,,,,,,,Сивачев Денис Александрович,"Член Совета директоров ПАО ""ЭсЭфАй""",0,0,1,0,0,0,0,0,0,1,0.0,0,0,0,0.0,0,8,8,8,8,1,1,1,1,3,False,1,0,0,0,0,1,False,,False,aleksandrovich denis sivachev,1,0,1134.0,71.3032404313975,0.0,0.0,30.0,0.0
SFIN,Vlasov Maxim Alexandrovich,Director/Board Member,False,,816.0,Власов Максим Александрович,,,,,,,,,,,Власов Максим Александрович,"Член Совета директоров ПАО ""ЭсЭфАй""",0,0,1,0,0,0,0,0,0,1,0.0,0,0,0,0.0,0,10,3,3,18,1,1,1,1,3,False,1,0,0,0,0,1,False,,False,aleksandrovich maksim vlasov,1,0,816.0,67.97091678632013,0.0,0.0,30.0,0.0
SGZH,Ali Uzdenov,Compensation Committee | Nominating Committee,False,,4268.0,Али Узденов,,,,,,,,,,,Ali Uzdenov,Compensation Committee; Nominating Committee по CSV; член Совета директоров Segezha в исторических/вторичных источниках,0,0,0,0,1,0,1,0,0,0,0.0,0,0,0,0.0,0,5,5,5,29,1,1,1,1,5,False,1,0,0,0,0,1,False,,False,ali uzdenov,1,0,4268.0,84.73138111905995,0.0,0.0,30.0,0.0
SGZH,Anastasia Anatolyevna Poletaeva,Investor Relations Contact | Public Communications Contact,False,,2002.0,Анастасия Анатольевна Полетаева,,,,,,N,N,,,,Anastasia Anatolyevna Poletaeva,Investor Relations Contact; Public Communications Contact по CSV,0,0,0,0,1,0,0,0,0,0,0.0,0,0,0,0.0,0,0,0,0,0,1,1,1,0,0,False,0,0,0,0,0,1,False,,False,anastasiia anatolevna poletaeva,1,0,2002.0,77.06084107014391,2.0,45.81569099913263,0.0,0.0
SGZH,Andrey Frolov,Director/Board Member,False,,4904.0,Андрей Фролов,,,,,,,,,,,Andrey Frolov,Director/Board Member по CSV; член Совета директоров Segezha в 2023 источнике,0,0,0,0,1,0,0,0,0,0,0.0,0,0,0,0.0,0,2,2,2,2,1,1,1,1,2,False,0,0,0,0,0,1,False,,False,andrei frolov,1,0,4904.0,86.13907603336654,0.0,0.0,0.0,0.0
SGZH,Artem I. Zassoursky,Governance Committee | Director/Board Member,False,-0.3662461208256981,240.0,Артём Засурский,,,,,N,W,N,N,N,,Artem I. Zassoursky,Governance Committee; Director/Board Member по объединенным CSV-строкам Artem I. Zassoursky / Artem Zasursky,0,1,0,0,0,0,0,0,0,1,0.0,0,0,0,0.0,0,0,0,0,14,1,1,1,1,0,False,1,0,0,0,0,1,False,,False,artem zasurskii,1,1,240.0,55.59599475640143,6.0,81.15075629572489,30.0,34.55527176148998
SGZH,Denis Martyanov,Director/Board Member,False,,1308.0,Денис Мартьянов,,,,,,,,,,,Denis Martyanov,"Director/Board Member по CSV, но 2024 статус не подтвержден",0,0,0,0,1,0,0,0,0,0,0.0,0,0,0,0.0,0,0,0,0,0,1,1,1,1,0,False,0,0,0,0,0,1,False,,False,denis martianov,1,0,1308.0,72.74900101400469,0.0,0.0,0.0,0.0
SGZH,Mikhail Mileshin,Sales & Marketing,False,,549.0,Михаил Милешин,,,,,N,N,N,N,N,,Mikhail Mileshin,Sales & Marketing по CSV; внешние профили связывают его с маркетингом и инновациями Segezha Group,0,0,0,0,1,0,0,0,0,1,0.0,0,0,0,0.0,0,10,7,10,10,1,1,1,1,7,False,1,0,0,0,0,1,False,,False,mikhail mileshin,1,0,549.0,63.95973957897135,5.0,74.7221736309214,30.0,0.0
SGZH,Mikhail Shamolin,Chief Executive Officer | Director/Board Member,True,,10011.0,Михаил Шамолин,N,N,N,N,N,N,N,N,N,,Mikhail Shamolin,В 2024 году перестал быть главой Segezha Group; с 1 июля 2024 года должен был возглавить Совет директоров. CSV также содержит историческую роль Chief Executive Officer и Director/Board Member.,0,0,0,0,1,0,1,0,0,1,0.0,0,0,0,0.0,0,2,0,2,24,1,1,1,1,0,False,1,0,0,0,0,1,False,,True,mikhail shamolin,1,0,10011.0,93.37168110902473,9.0,96.02525677891275,30.0,0.0
SGZH,Oksana Tikhonova,Human Resources Officer,False,,7415.0,Оксана Тихонова,,,,,,,,N,N,,Oksana Tikhonova,Human Resources Officer по CSV; внешние профили связывают ее с ролью вице-президента по управлению персоналом Segezha Group,0,0,0,0,1,0,0,1,1,0,0.0,0,0,0,0.0,0,7,5,7,18,1,1,1,1,5,False,1,0,0,0,0,1,False,,False,oksana tikhonova,1,0,7415.0,90.32930146045432,2.0,45.81569099913263,30.0,0.0
SGZH,Pavel Vakhnin,Chief Tech/Sci/R&D Officer,False,,575.0,Павел Вахнин,,,,,N,N,N,N,,,Pavel Vakhnin,Chief Tech/Sci/R&D Officer по CSV,0,0,0,0,1,0,0,0,0,1,0.0,0,0,0,0.0,0,10,7,10,13,1,1,1,1,7,False,1,0,0,0,0,1,False,,False,pavel vakhnin,1,0,575.0,64.4279327858864,4.0,67.11877414712396,30.0,0.0
SGZH,Rovshan Aliyev,Chief Investment Officer | Director of Finance/CFO | Director/Board Member,False,,2031.0,Ровшан Алиев,,,,,,,,,,,Rovshan Aliyev,"Chief Investment Officer; Director of Finance/CFO; Director/Board Member по CSV, но финансовая роль на конец 2024 конфликтует с локальной отчетностью",0,0,0,0,1,1,1,0,1,1,0.0,0,0,0,0.0,0,6,6,6,18,1,1,1,1,6,False,1,0,0,0,0,1,False,,False,aliev rovshan,1,0,2031.0,77.2065462142057,0.0,0.0,30.0,0.0
SGZH,Salavat Asgatovich Mirsaev,General Counsel,False,,13.0,Салават Асгатович Мирсаев,,N,N,N,N,N,N,,,,Salavat Asgatovich Mirsaev,General Counsel по CSV,0,0,0,0,1,0,0,0,1,1,0.0,0,0,0,0.0,0,8,8,8,19,1,1,1,1,8,False,1,0,0,0,0,1,False,,False,asgatovich mirsaev salavat,1,0,13.0,26.750492176518183,6.0,81.15075629572489,30.0,0.0
SGZH,Sergey Shishkin,Director/Board Member,False,,2624.0,Сергей Шишкин,,,,N,N,N,N,N,,,Sergey Shishkin,Director/Board Member по CSV; член Совета директоров Segezha в 2023 источнике,0,0,0,0,1,0,0,0,0,0,0.0,0,0,0,0.0,0,0,0,0,0,1,1,1,1,0,False,1,0,0,0,0,1,False,,False,sergei shishkin,1,0,2624.0,79.80207180180436,5.0,74.7221736309214,30.0,0.0
SGZH,Vladimir Sergeyevich Travkov,Audit Committee,False,,2097.0,Владимир Сергеевич Травков,,,,N,N,N,N,N,,,Vladimir Sergeyevich Travkov,Audit Committee по CSV; 2024 статус в Segezha не подтвержден,0,0,0,0,1,0,0,0,0,1,0.0,0,0,0,0.0,0,5,5,5,16,1,1,1,1,5,False,1,0,0,0,0,1,False,,False,sergeevich travkov vladimir,1,0,2097.0,77.53054531578762,5.0,74.7221736309214,30.0,0.0
SGZH,Vladimir Tuzov,Audit Committee | Compensation Committee | Nominating Committee,False,,1123.0,Владимир Тузов,,,,,,,,,,,Vladimir Tuzov,"Audit Committee; Compensation Committee; Nominating Committee по CSV, но 2024 статус не подтвержден",0,0,1,0,0,1,1,0,0,1,0.0,0,0,0,0.0,0,9,2,9,16,1,1,1,1,2,False,1,0,0,0,0,1,False,,False,tuzov vladimir,1,0,1123.0,71.20452323001689,0.0,0.0,30.0,0.0
SGZH,Александр Михайлович Крещенко,,,,0.0,,,,,,,,,,,,Александр Михайлович Крещенко,"Президент, Председатель Правления ПАО ""Сегежа Групп""; назначен Президентом Segezha Group 25 июня 2024 года",0,0,0,0,1,0,0,0,0,0,0.0,0,0,0,0.0,0,1,1,1,1,1,1,1,0,1,True,1,0,0,0,0,1,True,json_2024,True,aleksandr kreshchenko mikhailovich,0,0,0.0,0.0,0.0,0.0,30.0,0.0
SMLT,Alexander Prygunkov,Director/Board Member,False,-0.0189866549753409,4693.0,Александр Прыгунков,,,,,,,,,,,Александр Сергеевич Прыгунков,Член Совета директоров и управляющий партнер ПАО «ГК «Самолет» в 2024 году,0,0,0,0,1,0,0,0,0,0,0.0,0,0,0,0.0,0,2,2,2,2,1,1,1,1,2,False,1,0,0,0,0,1,False,,False,aleksandr prygunkov,1,1,4693.0,85.69337937881033,0.0,0.0,30.0,48.90625112732735
SMLT,Alexey Kozlov,Corporate Officer/Principal,False,,7841.0,Алексей Козлов,,,,,,,,,,,Алексей Козлов,CSV: Corporate Officer/Principal,0,0,0,0,1,0,0,0,0,0,0.0,0,0,0,0.0,0,0,0,0,0,1,1,1,0,0,False,0,0,0,0,0,1,False,,False,aleksei kozlov,1,0,7841.0,90.89545968512557,0.0,0.0,0.0,0.0
SMLT,Andrey Ivanenko,Director/Board Member,False,-0.0054974452361063,3279.0,Андрей Иваненко,,,,,,,,,,,Андрей Владимирович Иваненко,Член Совета директоров с 13.06.2024; генеральный директор Самолета в части 2024 года до назначения Анны Акиньшиной,0,0,1,0,0,1,1,0,0,1,0.0,0,0,0,0.0,0,6,6,6,19,1,1,1,1,6,False,1,0,0,0,0,1,False,,False,andrei ivanenko,1,1,3279.0,82.06007777671883,0.0,0.0,30.0,49.463711440626994
SMLT,Anna Akinshina,Chief Executive Officer,True,-0.14288686601376,1343.0,Анна Акиншина,,,,,,,,,,,Анна Николаевна Акиньшина,Генеральный директор ПАО «ГК «Самолет» с ноября 2024 года; CEO на конец 2024 года,0,0,1,0,0,0,0,0,0,1,0.0,0,0,0,0.0,0,3,3,3,14,1,1,1,1,3,True,1,0,0,0,0,1,True,json_2024,False,akinshina anna,1,1,1343.0,73.01646723381855,0.0,0.0,30.0,43.78590295285463
SMLT,Dmitry Golubkov,Chairman,False,,7550.0,Дмитрий Голубков,,,,,,,,,,,Дмитрий Аркадьевич Голубков,Председатель Совета директоров ПАО «ГК «Самолет» в 2024 году,0,0,0,0,1,0,0,0,0,0,0.0,0,0,0,0.0,0,2,2,2,2,1,1,1,0,2,False,0,0,0,0,0,1,False,,False,dmitrii golubkov,1,0,7550.0,90.51216357430656,0.0,0.0,0.0,0.0
SMLT,Dmitry Volkov,Corporate Officer/Principal,False,,2914.0,Дмитрий Волков,,,,,,N,N,,N,N,Дмитрий Волков,CSV: Corporate Officer/Principal; руководитель/публичный представитель направления Самолет Плюс / Группа Плюс,0,0,0,0,1,0,1,0,0,1,0.0,0,0,0,0.0,0,0,0,0,29,1,1,1,1,0,False,1,0,0,0,0,1,False,,False,dmitrii volkov,1,0,2914.0,80.86425232124236,4.0,67.11877414712396,30.0,0.0
SMLT,Igor Evtushevskiy,Director/Board Member,False,,2328.0,Игорь Евтушевский,,,,,,,,,,,Игорь Викторович Евтушевский,Член Совета директоров ПАО «ГК «Самолет» в 2024 году; сооснователь Группы «Самолет»,0,0,1,0,0,0,0,0,0,0,0.0,0,0,0,0.0,0,16,16,16,57,1,1,1,1,16,False,1,0,0,0,0,1,False,,False,evtushevskii igor,1,0,2328.0,78.58933579506711,0.0,0.0,30.0,0.0
SMLT,Mikhail Kenin,Director/Board Member,False,-0.700315355260767,6835.0,Михаил Кенин,,,,,,,,,,,Михаил Борисович Кенин,Член Совета директоров ПАО «ГК «Самолет» в 2024 году; сооснователь Самолета по внешним источникам,0,0,0,0,1,0,0,0,0,0,0.0,0,0,0,0.0,0,13,13,13,13,1,1,1,0,13,False,0,0,0,0,0,1,False,,False,kenin mikhail,1,1,6835.0,89.50382431280525,0.0,0.0,0.0,20.749397014781966
SMLT,Oskar Hartmann,Director/Board Member,False,,13483.0,Оскар Хартманн,,,,,,,,,,,Оскар Хартманн,CSV: Director/Board Member; член совета директоров Самолета до 13.06.2024,1,0,0,0,0,1,1,0,0,1,0.0,0,0,0,0.0,0,4,4,4,10,1,1,1,0,4,False,1,0,0,0,0,1,False,,False,khartmann oskar,1,0,13483.0,96.38947880058971,0.0,0.0,30.0,0.0
SMLT,Stanislav Shekshnia,Director/Board Member,False,-0.6867545035440468,13709.0,Станислав Шекшня,,,,,,,,,,,Станислав Владимирович Шекшня,CSV: Director/Board Member; член совета директоров Самолета до 13.06.2024,0,0,0,1,0,1,1,0,0,1,61.0,1,1,0,0.0,0,2,2,2,2,1,1,1,1,2,False,1,0,1,1,0,1,False,,False,shekshnia stanislav,1,1,13709.0,96.55796265625791,0.0,0.0,40.0,21.3098180322286
SMLT,Vitaly Rudenko,Corporate Officer/Principal,False,,1283.0,Виталий Руденко,,,,,,,,,,,Виталий Руденко,CSV: Corporate Officer/Principal; руководитель Самолета по вторичным источникам,0,0,0,0,1,1,1,0,0,1,0.0,0,0,0,0.0,0,7,7,7,7,1,1,1,0,7,False,1,0,0,0,0,1,False,,False,rudenko vitalii,1,0,1283.0,72.55353831245797,0.0,0.0,30.0,0.0
SMLT,Vladimir Komar,Corporate Officer/Principal,False,,280.0,Владимир Комар,,,,,,,,,,,Владимир Комар,CSV: Corporate Officer/Principal; внешний официальный релиз ноября 2024 связывает его с ролью управляющего директора по инвестиционной стратегии земельного банка,0,0,0,0,1,0,0,0,0,0,0.0,0,0,0,0.0,0,1,1,1,1,1,1,1,0,1,False,0,0,0,0,0,1,False,,False,komar vladimir,1,0,280.0,57.152514565659715,0.0,0.0,0.0,0.0
SNGS,Aleksandr Bulanov,Director/Board Member,False,,2230.0,Александр Буланов,,,,,,,,,,,Александр Николаевич Буланов,"Член совета директоров; главный инженер - первый заместитель генерального директора ПАО ""Сургутнефтегаз""",0,0,1,0,0,0,0,0,0,0,0.0,0,0,0,0.0,0,41,41,41,50,1,1,1,1,17,False,1,0,0,0,0,1,False,,False,aleksandr bulanov,1,0,2230.0,78.15358212134264,0.0,0.0,30.0,0.0
SNGS,Andrei Vladislavovich Druchinin,Comptroller/Controller/Auditor,False,,2.0,Андрей Владиславович Дручинин,,,,,,,,,,,Андрей Владиславович Дручинин,CSV: Comptroller/Controller/Auditor; MarketScreener: Chief Accountant / Comptroller at Surgutneftegas,0,0,0,0,1,0,0,0,0,0,0.0,0,0,0,0.0,0,14,14,14,14,1,1,1,0,14,False,0,0,0,0,0,1,False,,False,andrei druchinin vladislavovich,1,0,2.0,11.135953396407446,0.0,0.0,0.0,0.0
SNGS,Georgy Rashitovich Mukhamadeyev,Director/Board Member,False,,10.0,Георгий Рашитович Мухамадеев,,,,,,,,,,,Георгий Рашитович Мухамадеев,"Член совета директоров / Independent Director ПАО ""Сургутнефтегаз""",0,0,0,0,1,0,0,0,0,0,0.0,0,0,0,1.0,1,7,7,7,7,1,1,1,1,7,False,0,0,0,0,1,1,False,,False,georgii mukhamadeev rashitovich,1,0,10.0,24.30598153942122,0.0,0.0,3.3333333333333335,0.0
SNGS,Ildus Shagalievich Usmanov,Director/Board Member,False,,7.0,Ильдус Шагалиевич Усманов,,,,,,,,,,,Илдус Шагалиевич Усманов,"Член совета директоров ПАО ""Сургутнефтегаз""",0,0,0,0,1,0,0,0,0,0,0.0,0,0,0,0.0,0,11,11,11,11,1,1,1,0,11,False,0,0,0,0,0,1,False,,False,ildus shagalievich usmanov,1,0,7.0,21.07801299653575,0.0,0.0,0.0,0.0
SNGS,Ivan Kalistratovich Dinichenko,Director/Board Member,False,,41.0,Иван Калистратович Диниченко,,,,,,,,,,,Иван Калистратович Диниченко,"Член совета директоров ПАО ""Сургутнефтегаз""",0,0,0,0,1,0,0,0,0,0,0.0,0,0,0,0.0,0,11,11,11,11,1,1,1,0,11,False,0,0,0,0,0,1,False,,False,dinichenko ivan kalistratovich,1,0,41.0,37.88644557292563,0.0,0.0,0.0,0.0
SNGS,Nikolai Ivanovich Matveev,Director/Board Member,False,0.4228797979551816,295.0,Николай Иванович Матвеев,,,,,,,,,,,Николай Иванович Матвеев,"Член совета директоров ПАО ""Сургутнефтегаз""; MarketScreener также указывает Vice Chairman / Audit Committee",0,0,1,0,0,0,0,0,0,0,0.0,0,0,0,0.0,0,30,30,30,61,1,1,1,0,30,False,1,0,0,0,0,1,False,,False,ivanovich matveev nikolai,1,1,295.0,57.67965491172705,0.0,0.0,30.0,67.16699553333949
SNGS,Valery Nikolaevich Egorov,Director/Board Member,False,,3786.0,Валерий Николаевич Егоров,,,,,,,,,,,Валерий Николаевич Егоров,"Член совета директоров / Independent Director ПАО ""Сургутнефтегаз""",0,0,0,0,1,0,0,0,0,0,0.0,0,0,0,0.0,0,6,6,6,6,1,1,1,0,6,False,0,0,0,0,0,1,False,,False,egorov nikolaevich valerii,1,0,3786.0,83.51698726945635,0.0,0.0,0.0,0.0
SNGS,Viktor Mikhaylovich Krivosheyev,Director/Board Member,False,,209.0,Виктор Михайлович Кривошеев,,,,,,,,,,,Виктор Михайлович Кривошеев,"Член совета директоров ПАО ""Сургутнефтегаз""",0,0,0,0,1,0,0,0,0,0,0.0,0,0,0,0.0,0,11,11,11,11,1,1,1,0,11,False,0,0,0,0,0,1,False,,False,krivosheev mikhailovich viktor,1,0,209.0,54.2003224266114,0.0,0.0,0.0,0.0
SNGS,Vladimir Bogdanov,Chief Executive Officer | Director/Board Member,True,,4536.0,Владимир Богданов,,,,,,,,,,,Владимир Леонидович Богданов,"Генеральный директор ПАО ""Сургутнефтегаз""; член совета директоров в контексте 2024 года",0,0,0,1,0,0,0,0,0,1,0.0,0,0,0,0.0,0,42,42,42,55,1,1,1,1,16,True,1,1,0,0,0,1,True,json_2024,False,bogdanov vladimir,1,0,4536.0,85.34854883224708,0.0,0.0,55.00000000000001,0.0
SNGS,Vladimir Erokhin,Chairman,False,-0.3654261206569682,2747.0,Владимир Ерохин,,,,,,,,,,,Владимир Петрович Ерохин,"Председатель совета директоров ПАО ""Сургутнефтегаз""",0,0,1,0,0,0,0,0,0,0,0.0,0,0,0,0.0,0,48,48,48,48,1,1,1,1,16,False,1,0,0,0,0,1,False,,False,erokhin vladimir,1,1,2747.0,80.26624183676451,0.0,0.0,30.0,34.5891594064894
SNGS,Vladislav Barankov,Comptroller/Controller/Auditor | Director of Finance/CFO,False,-0.5837282100533192,211.0,Владислав Баранков,,,,,,,,,,,Владислав Георгиевич Баранков,CSV: Comptroller/Controller/Auditor и Director of Finance/CFO; подтвержден как First Deputy Director General-Finance & Taxation / CFO,0,0,1,0,0,0,0,0,0,1,0.0,0,0,0,0.0,0,33,33,33,33,1,1,1,1,33,False,1,0,0,0,0,1,False,,False,barankov vladislav,1,1,211.0,54.296402592492534,0.0,0.0,30.0,25.56752259444569
SOFL,Александр Минин,Генеральный директор,True,-0.328479289451082,2129.0,Александр Минин,,,,,,,,,,,Александр Минин,"CSV: Генеральный директор; подтверждено внешними источниками как коммерческий директор ""Софтлайн Решения"" с июля 2024 и позднее генеральный директор ""Софтлайн Решения""",0,0,0,0,1,1,1,0,0,1,0.0,0,0,0,0.0,0,1,1,1,1,1,1,1,1,0,False,1,0,0,0,0,1,False,,True,aleksandr minin,1,1,2129.0,77.68398448571446,0.0,0.0,30.0,36.11603848225587
SOFL,Алексей Бутаков,Директор по цифровой трансформации и эффективности продаж,False,,1960.0,Алексей Бутаков,,,,,,,,,,,Алексей Бутаков,Директор по цифровой трансформации и эффективности продаж,0,0,0,0,1,0,0,0,0,0,0.0,0,0,0,0.0,0,0,0,0,0,1,1,1,1,0,False,0,0,0,0,0,1,False,,False,aleksei butakov,1,0,1960.0,76.84603584332666,0.0,0.0,0.0,0.0
SOFL,Алексей Пилипчук,Технический директор,False,0.2171014877192871,775.0,Алексей Пилипчук,,,,,,,,,,,Алексей Пилипчук,Технический директор,0,0,1,0,0,1,0,0,0,1,0.0,0,0,0,0.0,0,9,9,9,9,1,1,1,1,0,False,1,0,0,0,0,1,False,,False,aleksei pilipchuk,1,1,775.0,67.44902921774359,0.0,0.0,30.0,58.66292127606706
SOFL,Андрей Благоразумов,Директор Управления развития продаж,False,0.3599475847380219,1844.0,Андрей Благоразумов,,,,,,,,,,,Андрей Благоразумов,Директор Управления развития продаж,0,0,0,0,1,0,0,0,0,0,0.0,0,0,0,0.0,0,8,8,8,14,1,1,1,1,0,False,1,0,0,0,0,1,False,,False,andrei blagorazumov,1,1,1844.0,76.22796724081938,0.0,0.0,30.0,64.56623448247986
SOFL,Владимир Евгеньевич Лавров,,,,0.0,,,,,,,,,,,,Владимир Евгеньевич Лавров,"Генеральный директор ПАО ""Софтлайн"" / генеральный директор ГК Softline в контексте 2024 года",0,0,0,0,1,1,1,0,0,1,0.0,0,0,0,0.0,0,0,0,0,0,1,1,1,1,0,True,1,0,0,0,0,1,True,json_2024,True,evgenevich lavrov vladimir,0,0,0.0,0.0,0.0,0.0,30.0,0.0
SOFL,Владислав Котусов,Исполнительный директор,False,-0.3270418956702841,486.0,Владислав Котусов,,,,,,,,,,,Владислав Котусов,"Исполнительный директор; генеральный директор ""Софтлайн Интеграция""",0,0,0,0,1,0,0,0,0,0,0.0,0,0,0,0.0,0,23,23,23,23,1,1,1,1,0,False,1,0,0,0,0,1,False,,False,kotusov vladislav,1,1,486.0,62.726606638319026,0.0,0.0,30.0,36.17544077511576
SOFL,Дмитрий Васильев,Директор управления информационной безопасности,False,0.823405511995706,999.0,Дмитрий Васильев,,,,,,,,,,,Дмитрий Васильев,Директор управления информационной безопасности,0,0,1,0,0,0,0,0,0,0,0.0,0,0,0,0.0,0,0,0,0,0,1,1,1,1,0,False,1,0,0,0,0,1,False,,False,dmitrii vasilev,1,1,999.0,70.01964355759307,0.0,0.0,30.0,83.71927653051114
SOFL,Елена Типисова,Директор по маркетингу,False,,1260.0,Елена Типисова,,,,,,,,,,,Елена Типисова,Директор по маркетингу ГК Softline,0,0,0,0,1,1,0,0,0,1,0.0,0,0,0,0.0,0,0,0,0,0,1,1,1,1,0,False,1,0,0,0,0,1,False,,False,elena tipisova,1,0,1260.0,72.37032171183286,0.0,0.0,30.0,0.0
SOFL,Наталья Лиходиевская,Директор по персоналу,False,0.3226071821999774,1203.0,Наталья Лиходиевская,,,,N,,,,,N,,Наталья Лиходиевская,Директор по персоналу,0,0,1,0,0,0,0,1,0,0,0.0,0,0,0,0.0,0,14,14,14,14,1,1,1,1,0,False,1,0,0,0,0,1,False,,False,likhodievskaia nataliia,1,1,1203.0,71.90145618278166,2.0,45.81569099913263,30.0,63.023090525199045
SOFL,Станислав Халиков,Директор Софтлайн финанс,False,0.1799950838414658,197.0,Станислав Халиков,,,,,,,,,,,Станислав Халиков,Директор Софтлайн финанс,0,0,0,0,1,0,0,0,0,0,0.0,0,0,0,0.0,0,0,0,0,0,0,0,0,1,0,False,0,0,0,0,0,1,False,,False,khalikov stanislav,1,1,197.0,53.6038926644147,0.0,0.0,0.0,57.129447638172
SPBE,Aleksey Dmitriyevich Skorodumov,Director/Board Member,False,,429.0,Алексей Дмитриевич Скородумов,,,,,,,,,,,Aleksey Dmitriyevich Skorodumov,"CSV role: Director/Board Member; MarketScreener company page did not list him, but an independently-fetched Letopis biography confirms SPB Exchange board membership from 2019; no source specifically confirms a 2024 seat, so 2024 currency stays caveated",0,0,1,0,0,0,0,0,0,0,0.0,0,0,0,0.0,0,16,6,6,25,1,1,1,1,6,False,1,0,0,0,0,1,False,,False,aleksei dmitrievich skorodumov,1,0,429.0,61.464840859949256,0.0,0.0,30.0,0.0
SPBE,Alexander Tarabtsev,Treasurer,False,,241.0,Александр Тарабцев,,,,,,,,,,,Alexander Tarabtsev,"CSV role: Treasurer; MarketScreener profile: Head of Fixed Income, Repo & Treasury",0,0,0,1,0,0,0,0,0,0,0.0,0,0,0,0.0,0,4,4,4,6,1,1,1,1,4,False,1,1,0,0,0,1,False,,False,aleksandr tarabtsev,1,0,241.0,55.63796741102103,0.0,0.0,55.00000000000001,0.0
SPBE,Alexander Valentinovich Chmel,Director/Board Member,False,,1.0,Александр Валентинович Хмель,,,,,,,,,,,Alexander Valentinovich Chmel,CSV role: Director/Board Member; 2024 current board status uncertain because issuer governance changed in January 2024,0,0,0,0,1,0,0,0,0,0,0.0,0,0,0,0.0,0,4,4,4,22,1,1,1,1,4,False,0,0,0,0,0,1,False,,False,aleksandr khmel valentinovich,1,0,1.0,7.0260043321785846,0.0,0.0,0.0,0.0
SPBE,Dmitry Anatolevich Panchenko,Director/Board Member,False,,1387.0,Дмитрий Анатольевич Панченко,,,,,,,,,,,Dmitry Anatolevich Panchenko,CSV role: Director/Board Member; 2024 current board status uncertain because issuer governance changed in January 2024,0,1,0,0,0,0,0,0,0,0,0.0,0,0,0,0.0,0,8,8,8,16,1,1,1,1,5,False,1,0,0,0,0,1,False,,False,anatolevich dmitrii panchenko,1,0,1387.0,73.34299677892537,0.0,0.0,30.0,0.0
SPBE,Eric Berthelot,Director/Board Member,False,,176.0,Эрик Бертело,,,,,,,,,,,Eric Berthelot,CSV role: Director/Board Member; 2024 current board status uncertain because issuer governance changed in January 2024,0,0,0,0,1,1,1,0,0,1,0.0,0,0,0,0.0,0,16,6,6,16,1,1,1,1,4,False,1,0,0,0,0,1,False,,False,bertelo erik,1,0,176.0,52.467428945883974,0.0,0.0,30.0,0.0
SPBE,Evgeny Serdyukov,,,,0.0,,,,,,,,,,,,Evgeny Serdyukov,"Генеральный директор ПАО ""СПБ Биржа"" в контексте 2024 года; в исходных строках CSV отсутствует",0,0,0,0,1,0,0,0,0,0,0.0,0,0,0,0.0,0,5,5,5,5,1,1,1,0,5,True,0,0,0,0,0,1,True,json_2024,True,evgenii serdyukov,0,0,0.0,0.0,0.0,0.0,0.0,0.0
SPBE,Ivan Tyryshkin,Director/Board Member,False,,1185.0,Иван Тырышкин,,,,,,,,,,,Ivan Alexandrovich Tyryshkin,"CSV role: Director/Board Member. Quality-pass round (2026-08-01): TAdviser and Letopis (fetched directly) confirm he was chairman of the SPB Exchange board only from 16.03.2022 to 29.06.2022, and left the board on that date -- i.e. he was NOT an SPB Exchange director/chairman by 2024, so the CSV's 2024 listing appears stale rather than merely 'uncertain'.",0,0,0,0,1,0,0,0,0,0,0.0,0,0,0,0.0,0,11,11,11,14,1,1,1,1,4,False,1,0,0,0,0,1,False,,False,ivan tyryshkin,1,0,1185.0,71.74877139720401,0.0,0.0,30.0,0.0
SPBE,Jacques der Megredichyan,Chairman,False,,1782.0,Жак дер Мегредичян,,,,,,,,,,,Jacques der Megredichyan,CSV role: Chairman; 2024 current board status uncertain because issuer governance changed in January 2024,0,0,0,0,1,0,0,0,0,1,0.0,0,0,0,0.0,0,45,34,34,45,1,1,1,1,6,False,1,0,0,0,0,1,False,,False,der megredichian zhak,1,0,1782.0,75.8814860669761,0.0,0.0,30.0,0.0
SPBE,Mikhail Ivanov,Sales & Marketing,False,,2154.0,Михаил Иванов,,,,,,,,,,,Mikhail Ivanov,CSV role: Sales & Marketing; MarketScreener profile: Head of Marketing & Communication Department / Public Communications Contact,0,1,0,0,0,0,0,0,0,0,0.0,0,0,0,0.0,0,6,6,6,6,1,1,1,1,6,False,1,0,0,0,0,1,False,,False,ivanov mikhail,1,0,2154.0,77.80226332609753,0.0,0.0,30.0,0.0
SPBE,Oleg Vladimirovich Mikhasenko,Director/Board Member,False,0.3244118262124725,192.0,Олег Владимирович Михасенко,,,,,N,N,,,,,Oleg Vladimirovich Mikhasenko,CSV role: Director/Board Member; 2024 current board status uncertain because issuer governance changed in January 2024,0,0,1,0,0,0,0,0,0,0,0.0,0,0,0,0.0,0,15,6,6,15,1,1,1,1,6,False,1,0,0,0,0,1,False,,False,mikhasenko oleg vladimirovich,1,1,192.0,53.344636035725316,2.0,45.81569099913263,30.0,63.097669943567325
SPBE,Pavel Krupnov,Director of Finance/CFO,False,,985.0,Павел Крупнов,,,,,,,,,,,Pavel Krupnov,CSV role: Director of Finance/CFO; 2024 role independently confirmed only by MarketScreener-style secondary governance data,0,0,0,0,1,0,0,0,0,0,0.0,0,0,0,0.0,0,14,14,14,14,1,1,1,1,6,False,0,0,0,0,0,1,False,,False,krupnov pavel,1,0,985.0,69.87673147983,0.0,0.0,0.0,0.0
SPBE,Pavel Vladimirovich Sokolov,Director/Board Member,False,,4725.0,Павел Владимирович Соколов,,,,,,,,,,,Pavel Vladimirovich Sokolov,CSV role: Director/Board Member; 2024 current board status uncertain because issuer governance changed in January 2024,0,1,0,0,0,0,0,0,0,0,0.0,0,0,0,0.0,0,5,5,5,18,1,1,1,1,5,False,1,0,0,0,0,1,False,,False,pavel sokolov vladimirovich,1,0,4725.0,85.76224677990189,0.0,0.0,30.0,0.0
SPBE,Roman Yuryevich Goryunov,Chief Executive Officer | Chairman,True,0.4006539924557999,322.0,Роман Юрьевич Горюнов,,,,,,,,,,,Roman Yuryevich Goryunov,CSV roles: Chief Executive Officer; Chairman. 2024 validation: role as CEO/board chairman is not treated as current because sources indicate transition to Evgeny Serdyukov in November 2023.,0,1,0,0,0,0,0,0,0,0,0.0,0,0,0,0.0,0,25,25,25,27,1,1,1,1,12,False,1,0,0,0,0,1,False,,True,goriunov iurevich roman,1,1,322.0,58.56448874247911,0.0,0.0,30.0,66.24848327528001
SPBE,Sergei Kalinin,Chief Operating Officer,False,,2743.0,Сергей Калинин,,,,,,,,,,,Sergei Kalinin,CSV role: Chief Operating Officer; MarketScreener profile: Head-Operations at SPB Exchange and COO at NP RTS,0,0,0,0,1,0,0,0,0,0,0.0,0,0,0,0.0,0,13,13,13,20,1,1,1,1,7,False,1,0,0,0,0,1,False,,False,kalinin sergei,1,0,2743.0,80.25147652955454,0.0,0.0,30.0,0.0
SPBE,Sergey Mikhaylovich Rybakov,Director/Board Member,False,,1914.0,Сергей Михайлович Рыбаков,,,,,,,,,,,Sergey Mikhaylovich Rybakov,"CSV role: Director/Board Member; MarketScreener: independent director since 2018; Letopis biography confirms he was still an SPB Exchange board member in 2021 and a Moscow Exchange Stock Market Committee member 2020-2022, but no source confirms a specific 2024 board seat, so 2024 current status remains caveated because issuer governance changed in January 2024",0,0,1,0,0,0,0,0,0,0,0.0,0,0,0,0.0,0,30,27,27,30,1,1,1,1,3,False,1,0,0,0,0,1,False,,False,mikhailovich rybakov sergei,1,0,1914.0,76.60542931758391,0.0,0.0,30.0,0.0
SVAV,Adil Shamil Ogly Shirinov,Chairman,False,,43429.0,Адиль Шамиль оглы Ширинов,,,,,,,,,,,Adil Shamil Ogly Shirinov,Chairman of the Board of Directors,0,0,0,1,0,1,0,0,0,1,1.0,1,1,0,0.0,0,29,29,29,35,1,1,1,0,6,False,1,1,1,2,0,1,False,,False,adil ogly shamil shirinov,1,0,43429.0,100.0,0.0,0.0,70.0,0.0
SVAV,Elena Nishanova,Investor Relations Contact,False,,1124.0,Елена Нишанова,,,,,,,,,,,Elena Nishanova,Investor Relations Contact; Head of Corporate Reporting and Investor Relations,0,0,0,0,1,0,0,0,0,0,0.0,0,0,0,0.0,0,29,29,29,38,1,1,1,1,10,False,1,0,0,0,0,1,False,,False,elena nishanova,1,0,1124.0,71.21353735387221,0.0,0.0,30.0,0.0
SVAV,Goy Tatiana,Director/Board Member,False,,236.0,Гой Татьяна,,,,,,,,,,,Goy Tatiana,Director/Board Member,0,0,0,0,1,1,1,0,0,1,0.0,0,0,0,0.0,0,9,9,9,9,1,1,1,1,3,False,1,1,0,0,0,1,False,,False,goi tatiana,1,0,236.0,55.426344242203726,0.0,0.0,55.00000000000001,0.0
SVAV,Lyudmila Viktorovna Afanasyeva,Comptroller/Controller/Auditor,False,,34.0,Людмила Викторовна Афанасьева,,,,,,,,,,,Lyudmila Viktorovna Afanasyeva,Comptroller/Controller/Auditor; Chief Accountant,0,0,0,0,1,0,0,0,0,0,0.0,0,0,0,0.0,0,13,5,13,13,1,1,1,0,5,False,0,0,0,0,0,1,False,,False,afanaseva liudmila viktorovna,1,0,34.0,36.03836469802537,0.0,0.0,0.0,0.0
SVAV,Nikolay Sobolev,Chief Executive Officer | Director/Board Member,True,,2964.0,Николай Соболев,,,,,,,,,,,Nikolay Sobolev,Chief Executive Officer; Director/Board Member,0,0,0,1,0,1,1,0,0,1,0.0,0,1,0,0.0,0,40,40,40,46,1,1,1,1,26,True,1,1,0,1,0,1,True,json_2024,False,nikolai sobolev,1,0,2964.0,81.03664391871118,0.0,0.0,60.00000000000001,0.0
SVAV,Viktor Mikhaylovich Khvesenya,General Counsel | Director/Board Member,False,,318.0,Виктор Михайлович Хвесеня,,,,,,,,,,,Viktor Mikhaylovich Khvesenya,General Counsel / Director-Legal Affairs; Director/Board Member,0,0,1,0,0,0,1,0,1,0,0.0,0,0,0,0.0,0,15,15,15,40,1,1,1,1,15,False,1,1,0,0,0,1,False,,False,khvesenia mikhailovich viktor,1,0,318.0,58.43817705682876,0.0,0.0,55.00000000000001,0.0
SVAV,Vladislav Baumgertner,Director/Board Member,False,,6856.0,Владислав Баумгертнер,,,,,,,,,,,Vladislav Baumgertner,Director/Board Member,0,0,1,0,0,1,1,0,0,1,0.0,0,0,0,0.0,0,2,2,2,25,1,1,1,1,2,False,1,1,0,0,0,1,False,,False,baumgertner vladislav,1,0,6856.0,89.53491526155868,0.0,0.0,55.00000000000001,0.0
SVAV,Zoya Kaika,Corporate Officer/Principal | Director/Board Member,False,,135.0,Зоя Кайка,,,,,,,,,,,Zoya Kaika,Deputy General Director; Director/Board Member; Corporate Officer/Principal,0,0,0,0,1,0,0,0,0,0,0.0,0,0,0,0.0,0,34,28,34,36,1,1,1,1,13,False,1,0,0,0,0,1,False,,False,kaika zoia,1,0,135.0,49.79654462677963,0.0,0.0,30.0,0.0
SVCB,Aleksey Fisun,Director/Board Member,False,,1185.0,Алексей Фисун,,,,,,,,,,,Aleksey Fisun,Director/Board Member,0,0,0,0,1,0,0,0,0,0,0.0,0,0,0,0.0,0,12,12,12,12,1,1,1,0,12,False,0,0,0,0,0,1,False,,False,aleksei fisun,1,0,1185.0,71.74877139720401,0.0,0.0,0.0,0.0
SVCB,Braverman Anatoly Aleksandrovich,Director/Board Member,False,0.4709415019975644,510.0,Браверман Анатолий Александрович,,,,,,,,,,,Braverman Anatoly Aleksandrovich,Director/Board Member,0,1,0,0,0,0,0,0,0,1,0.0,0,0,0,0.0,0,16,4,4,16,1,1,1,1,4,False,1,0,0,0,0,1,False,,False,aleksandrovich anatolii braverman,1,1,510.0,63.21422201045599,0.0,0.0,30.0,69.1532121547071
SVCB,Dmitry Vladimirovich Gusev,Chief Executive Officer | Director/Board Member,True,0.1596268600596581,473.0,Дмитрий Владимирович Гусев,,,,,,,N,,,,Dmitry Vladimirovich Gusev,Chief Executive Officer; Director/Board Member,0,0,0,1,0,0,0,0,1,1,0.0,0,0,0,0.0,0,15,15,15,27,1,1,1,1,15,True,1,1,0,0,0,1,True,json_2024,False,dmitrii gusev vladimirovich,1,1,473.0,62.45234857438231,1.0,28.906482631788784,55.00000000000001,56.28770252261208
SVCB,Dmitry Vladimirovich Khotimskiy,Chief Investment Officer | Director/Board Member,False,,701.0,Дмитрий Владимирович Хотимский,,,,,,,,,,,Dmitry Vladimirovich Khotimskiy,Chief Investment Officer; Director/Board Member,0,0,1,0,0,0,1,0,0,0,0.0,0,0,0,0.0,0,16,16,16,16,1,1,1,0,16,False,1,0,0,0,0,1,False,,False,dmitrii khotimskii vladimirovich,1,0,701.0,66.43317001202593,0.0,0.0,30.0,0.0
SVCB,Elena Alexandrovna Cherstvova,Corporate Officer/Principal,False,,78.0,Елена Александровна Черствова,,,,,,,,,,,Elena Alexandrovna Cherstvova,Corporate Officer/Principal,0,0,1,0,0,0,0,0,0,1,0.0,0,0,0,0.0,0,11,11,11,11,1,1,1,0,11,False,1,0,0,0,0,1,False,,False,aleksandrovna cherstvova elena,1,0,78.0,44.29039084579628,0.0,0.0,30.0,0.0
SVCB,Joel Raymond Lautier,Director/Board Member,False,,57977.0,Жоэль Раймон Лотье,,,,,,,,,,,Joel Raymond Lautier,Director/Board Member,0,0,0,0,1,1,0,0,0,1,0.0,0,0,0,0.0,0,18,3,3,18,1,1,1,1,3,False,1,0,0,0,0,1,False,,False,lote raimon zhoel,1,0,57977.0,100.0,0.0,0.0,30.0,0.0
SVCB,Mikhail Kuchment,Chairman,False,,12567.0,Михаил Кучмент,,,,,,,,,,,Mikhail Kuchment,Chairman,0,0,1,0,0,1,0,0,0,1,0.0,0,0,0,0.0,0,10,10,10,34,1,1,1,1,10,False,1,0,0,0,0,1,False,,False,kuchment mikhail,1,0,12567.0,95.67638540445796,0.0,0.0,30.0,0.0
SVCB,Mikhail Olegovich Avtukhov,Corporate Officer/Principal,False,,4702.0,Михаил Олегович Автухов,,,,,,,,,,,Mikhail Olegovich Avtukhov,Corporate Officer/Principal,0,0,1,0,0,0,0,0,0,1,0.0,0,0,0,0.0,0,16,16,16,16,1,1,1,1,10,False,1,0,0,0,0,1,False,,False,avtukhov mikhail olegovich,1,0,4702.0,85.71279567387464,0.0,0.0,30.0,0.0
SVCB,Mikhail Vasilyevich Klyukin,Director/Board Member,False,,181.0,Михаил Васильевич Клюкин,,,,,,,,,,,Mikhail Vasilyevich Klyukin,Director/Board Member,0,0,1,0,0,0,0,0,0,1,0.0,0,0,0,0.0,0,13,13,13,13,1,1,1,0,13,False,1,0,0,0,0,1,False,,False,kliukin mikhail vasilevich,1,0,181.0,52.74979766714319,0.0,0.0,30.0,0.0
SVCB,Nikolay Narayan Varma,Director/Board Member,False,,4.0,Николай Нараян Варма,,,,,,,,,,,Nikolay Narayan Varma,Director/Board Member,0,0,0,0,1,0,0,0,0,0,0.0,0,0,0,0.0,0,0,0,0,0,1,1,1,0,0,False,0,0,0,0,0,1,False,,False,naraian nikolai varma,1,0,4.0,16.313876853685773,0.0,0.0,0.0,0.0
SVCB,Pavel Barchugov,Corporate Officer/Principal,False,,482.0,Павел Барчугов,,,,,,,,,,,Pavel Barchugov,Corporate Officer/Principal,0,0,1,0,0,0,0,0,0,1,0.0,0,0,0,0.0,0,32,32,32,32,1,1,1,1,0,False,1,0,0,0,0,1,False,,False,barchugov pavel,1,0,482.0,62.64300714088185,0.0,0.0,30.0,0.0
SVCB,Regina von Fleming,Director/Board Member,False,,919.0,Регина фон Флеминг,,,,,,,,,,,Regina von Fleming,Director/Board Member,0,0,0,0,1,0,0,0,0,0,0.0,0,0,0,0.0,0,5,5,5,5,1,1,1,1,5,False,0,0,0,0,0,1,False,,False,fleming fon regina,1,0,919.0,69.17445575035633,0.0,0.0,0.0,0.0
SVCB,Sergey Nikolaevich Bondarovich,Director/Board Member,False,,86.0,Сергей Николаевич Бондарович,,,,,,,,,,,Sergey Nikolaevich Bondarovich,Director/Board Member,0,0,1,0,0,0,0,0,0,0,0.0,0,0,0,0.0,0,1,1,1,1,1,1,1,1,1,False,1,0,0,0,0,1,False,,False,bondarovich nikolaevich sergei,1,0,86.0,45.268148913815,0.0,0.0,30.0,0.0
T,Александр Борисович Лебединский,Director/Board Member,False,,15.0,Александр Борисович Лебединский,,,,,,,,,,,Александр Борисович Лебединский,"Член совета директоров МКПАО ""Т-Технологии""",0,0,0,0,1,0,1,0,0,0,0.0,0,0,0,0.0,0,1,1,1,1,1,1,1,1,1,False,1,0,0,0,0,1,False,,False,aleksandr borisovich lebedinskii,1,0,15.0,28.104017328714338,0.0,0.0,30.0,0.0
T,Александр Ильич Исаев,Director/Board Member,False,,179.0,Александр Ильич Исаев,,,,,,,,,,,Александр Ильич Исаев,"Член совета директоров МКПАО ""Т-Технологии""",0,0,0,0,1,0,0,0,0,0,0.0,0,0,0,0.0,0,2,2,2,2,1,1,1,1,2,False,0,0,0,0,0,1,False,,False,aleksandr ilich isaev,1,0,179.0,52.63779231085783,0.0,0.0,0.0,0.0
T,Алексей Владимирович Малиновский,Director/Board Member,False,,586.0,Алексей Владимирович Малиновский,N,,,N,N,N,N,,,,Алексей Владимирович Малиновский,"Председатель совета директоров МКПАО ""Т-Технологии""",0,0,0,0,1,0,0,0,0,0,0.0,0,0,0,0.0,0,15,15,15,20,1,1,1,1,1,False,1,0,0,0,0,1,False,,False,aleksei malinovskii vladimirovich,1,0,586.0,64.61968432977642,5.0,74.7221736309214,30.0,0.0
T,Артём Игоревич Лебедев,Director/Board Member,False,,442.0,Артём Игоревич Лебедев,,,,,,,,,,,Артём Игоревич Лебедев,"Член совета директоров МКПАО ""Т-Технологии""",0,0,0,0,1,0,0,0,0,0,0.0,0,0,0,0.0,0,1,1,1,1,1,1,1,1,1,False,1,0,0,0,0,1,False,,False,artem igorevich lebedev,1,0,442.0,61.76674853987516,0.0,0.0,30.0,0.0
T,Валерия Александровна Павлюкова,Director/Board Member,False,,9.0,Валерия Александровна Павлюкова,,,,,,,,,,,Валерия Александровна Павлюкова,"Член совета директоров МКПАО ""Т-Технологии""",0,0,0,0,1,0,1,0,0,0,0.0,0,0,0,0.0,0,16,1,1,16,1,1,1,1,1,False,1,0,0,0,0,1,False,,False,aleksandrovna pavliukova valeriia,1,0,9.0,23.33988118586436,0.0,0.0,30.0,0.0
T,Илья Николаевич Писемский,Director/Board Member,False,,30.0,Илья Николаевич Писемский,,,,,,,,,,,Илья Николаевич Писемский,"Член совета директоров МКПАО ""Т-Технологии""",0,0,0,0,1,1,1,0,0,1,0.0,0,0,0,0.0,0,13,1,1,21,1,1,1,1,1,False,1,1,0,0,0,1,False,,False,ilia nikolaevich pisemskii,1,0,30.0,34.80820473924135,0.0,0.0,55.00000000000001,0.0
T,Сергей Леонидович Батехин,Director/Board Member,False,,364.0,Сергей Леонидович Батехин,,W,N,N,N,,,,,,Сергей Леонидович Батехин,"Член совета директоров МКПАО ""Т-Технологии""",0,0,0,0,1,0,0,0,0,0,0.0,0,0,0,0.0,0,1,1,1,1,1,1,1,1,1,False,1,0,0,0,0,1,False,,False,batekhin leonidovich sergei,1,0,364.0,59.80361101980217,5.0,74.7221736309214,30.0,0.0
T,Станислав Викторович Близнюк,Chairman,False,0.2678426110963006,1285.0,Станислав Викторович Близнюк,,,,,,,N,,,,Станислав Викторович Близнюк,"Президент группы ""Т-Технологии""; CEO-equivalent по локальному годовому отчету",0,0,0,0,1,0,0,0,0,0,0.0,0,0,0,0.0,0,21,1,1,21,1,1,1,1,1,True,1,0,0,0,0,1,True,json_2024,True,blizniuk stanislav viktorovich,1,1,1285.0,72.56931478507049,1.0,28.906482631788784,30.0,60.75986862003585
T,Татьяна Борисовна Кузнецова,Director/Board Member,False,,501.0,Татьяна Борисовна Кузнецова,,,,,,,,,,,Татьяна Борисовна Кузнецова,"Член совета директоров МКПАО ""Т-Технологии""",0,0,0,0,1,0,0,0,0,0,0.0,0,0,0,0.0,0,16,1,1,16,1,1,1,1,1,False,1,0,0,0,0,1,False,,False,borisovna kuznetsova tatiana,1,0,501.0,63.03410387638697,0.0,0.0,30.0,0.0
TATN,Аглиуллин Фаниль Анварович,Член Совета директоров (избран 27.06.2024),False,,501.0,Аглиуллин Фаниль Анварович,,,,,,,,,,,Аглиуллин Фаниль Анварович,"Член Совета директоров ПАО ""Татнефть"", избран 27.06.2024",0,0,0,0,1,0,0,0,1,0,0.0,0,0,0,0.0,0,1,1,1,1,1,1,1,0,1,False,1,0,0,0,0,1,False,,False,agliullin anvarovich fanil,1,0,501.0,63.03410387638697,0.0,0.0,30.0,0.0
TATN,Гайзатуллин Радик Рауфович,Член Совета директоров (избран 27.06.2024),False,,799.0,Гайзатуллин Радик Рауфович,,,,,,,,,,,Гайзатуллин Радик Рауфович,"Член Совета директоров ПАО ""Татнефть"", избран 27.06.2024",0,0,0,1,0,0,0,0,0,1,0.0,0,0,0,0.0,0,0,0,0,0,1,1,1,0,0,False,1,1,0,0,0,1,False,,False,gaizatullin radik raufovich,1,0,799.0,67.75777536826448,0.0,0.0,55.00000000000001,0.0
TATN,Галиев Ренат Маратович,Член Совета директоров (избран 27.06.2024),False,,731.0,Галиев Ренат Маратович,,,,,,,,,,,Галиев Ренат Маратович,"Член Совета директоров ПАО ""Татнефть"", избран 27.06.2024",0,0,0,0,1,0,0,0,0,0,0.0,0,0,0,0.0,0,5,5,5,7,1,1,1,0,5,False,1,0,0,0,0,1,False,,False,galiev maratovich renat,1,0,731.0,66.85734828749473,0.0,0.0,30.0,0.0
TATN,Гамиров Дамир Маратович,Executive Committee (MarketScreener): корпоративный секретарь,False,,1698.0,Гамиров Дамир Маратович,,,,,,,,,,,Гамиров Дамир Маратович,"Корпоративный секретарь - руководитель аппарата корпоративного секретаря ПАО ""Татнефть""",0,0,0,0,1,1,0,1,0,1,0.0,0,0,0,0.0,0,24,24,24,24,1,1,1,0,24,False,1,0,0,0,0,1,False,,False,damir gamirov maratovich,1,0,1698.0,75.39232967016926,0.0,0.0,30.0,0.0
TATN,Гереч Ласло,Независимый член Совета директоров (избран 27.06.2024),False,,343.0,Гереч Ласло,,,,,,,,,,,Гереч Ласло,"Независимый член Совета директоров ПАО ""Татнефть"", избран 27.06.2024",0,0,0,0,1,0,1,0,0,1,0.0,0,0,0,0.0,0,14,14,14,14,1,1,1,1,1,False,1,0,0,0,0,1,False,,False,gerech laslo,1,0,343.0,59.20297267062066,0.0,0.0,30.0,0.0
TATN,Глухова Лариса Юрьевна,Член Совета директоров (избрана 27.06.2024),False,,197.0,Глухова Лариса Юрьевна,,,,,,,,,,,Глухова Лариса Юрьевна,"Член Совета директоров ПАО ""Татнефть"", избрана 27.06.2024",0,0,0,0,1,0,0,0,0,0,0.0,0,0,0,0.0,0,1,1,1,1,1,1,1,1,1,False,1,0,0,0,0,1,False,,False,glukhova iurevna larisa,1,0,197.0,53.6038926644147,0.0,0.0,30.0,0.0
TATN,Крюков Валерий Анатольевич,Независимый член Совета директоров (избран 27.06.2024),False,,189.0,Крюков Валерий Анатольевич,,,,,,,,,,,Крюков Валерий Анатольевич,"Независимый член Совета директоров ПАО ""Татнефть"", избран 27.06.2024",0,0,0,1,0,0,0,0,0,1,650.0,1,1,0,0.0,0,1,1,1,1,1,1,1,0,1,False,1,1,1,1,0,1,False,,False,anatolevich kriukov valerii,1,0,189.0,53.1858382980996,0.0,0.0,65.00000000000001,0.0
TATN,Маганов Наиль Ульфатович,Член Совета директоров; Executive Committee (MarketScreener): генеральный директор / CEO,True,0.434112306596334,3700.0,Маганов Наиль Ульфатович,,,,,,,,,,,Маганов Наиль Ульфатович,"Генеральный директор ПАО ""Татнефть"" им. В.Д. Шашина; член Совета директоров, избранного 27.06.2024",0,0,0,0,1,0,0,0,0,0,0.0,0,0,0,0.0,0,32,32,32,51,1,1,1,1,32,True,1,0,0,0,0,1,True,json_2024,False,maganov nail ulfatovich,1,1,3700.0,83.28414347937212,0.0,0.0,30.0,67.63119454182738
TATN,Минниханов Рустам Нургалиевич,"Председатель Совета директоров (состав, действовавший после 27.06.2024)",False,,953.0,Минниханов Рустам Нургалиевич,,,,,,,,,,,Минниханов Рустам Нургалиевич,"Председатель Совета директоров ПАО ""Татнефть"" им. В.Д. Шашина; представитель Республики Татарстан по специальному праву",0,0,0,1,0,0,0,0,0,1,0.0,0,0,0,0.0,0,0,0,0,29,1,1,1,1,0,False,1,1,0,0,0,1,False,,False,minnikhanov nurgalievich rustam,1,0,953.0,69.54230505312884,0.0,0.0,55.00000000000001,0.0
TATN,Мухамадеев Рустам Набиуллович,Executive Committee (MarketScreener): директор по персоналу / Human Resources Officer,False,,395.0,Мухамадеев Рустам Набиуллович,,,,,,,,,,,Мухамадеев Рустам Набиуллович,"Директор по персоналу / заместитель генерального директора по персоналу и социальному развитию ПАО ""Татнефть""",0,0,1,0,0,0,0,0,0,0,0.0,0,0,0,0.0,0,0,0,0,0,1,1,1,0,0,False,1,0,0,0,0,1,False,,False,mukhamadeev nabiullovich rustam,1,0,395.0,60.62989699659328,0.0,0.0,30.0,0.0
TATN,Неклюдов Сергей Вячеславович,Независимый член Совета директоров (избран 27.06.2024),False,,187.0,Неклюдов Сергей Вячеславович,,,,,,,,,,,Неклюдов Сергей Вячеславович,"Независимый член Совета директоров ПАО ""Татнефть"", избран 27.06.2024",0,0,0,0,1,0,0,0,0,0,0.0,0,0,0,0.0,0,1,1,1,36,1,1,1,1,1,False,0,0,0,0,0,1,False,,False,nekliudov sergei viacheslavovich,1,0,187.0,53.07857399971512,0.0,0.0,0.0,0.0
TATN,Нурмухаметов Рафаиль Саитович,Член Совета директоров (избран 27.06.2024),False,,515.0,Нурмухаметов Рафаиль Саитович,,,,,,,,,,,Нурмухаметов Рафаиль Саитович,"Член Совета директоров ПАО ""Татнефть"", избран 27.06.2024",0,0,0,1,0,0,0,0,0,0,0.0,0,0,0,0.0,0,0,0,0,0,0,0,0,1,0,False,1,1,0,0,0,1,False,,False,nurmukhametov rafail saitovich,1,0,515.0,63.31292173484952,0.0,0.0,55.00000000000001,0.0
TATN,Сорокин Валерий Юрьевич,Член Совета директоров (избран 27.06.2024),False,0.6267601329693329,1286.0,Сорокин Валерий Юрьевич,,,,,,,,,,,Сорокин Валерий Юрьевич,"Член Совета директоров ПАО ""Татнефть"", избран 27.06.2024",0,0,0,0,1,0,0,0,0,0,0.0,0,0,0,0.0,0,1,1,1,1,1,1,1,1,1,False,1,0,0,0,0,1,False,,False,iurevich sorokin valerii,1,1,408.0,72.57719382286113,0.0,0.0,30.0,75.59263333049297
TATN,Сюбаев Нурислам Зинатулович,Член Совета директоров (избран 27.06.2024),False,,412.0,Сюбаев Нурислам Зинатулович,,,,,,,,,,,Сюбаев Нурислам Зинатулович,"Член Совета директоров ПАО ""Татнефть"", избран 27.06.2024",0,0,0,0,1,0,0,0,0,0,0.0,0,0,0,0.0,0,0,0,0,0,1,1,1,0,0,False,1,0,0,0,0,1,False,,False,nurislam siubaev zinatulovich,1,0,412.0,61.055963393816135,0.0,0.0,30.0,0.0
TATN,Тахаутдинов Шафагат Фахразович,Член Совета директоров (избран 27.06.2024),False,-0.1992036621731764,1231.0,Тахаутдинов Шафагат Фахразович,,,,,,,,,,,Тахаутдинов Шафагат Фахразович,"Член Совета директоров ПАО ""Татнефть"", избран 27.06.2024",0,0,0,1,0,0,0,0,0,1,0.0,0,0,0,0.0,0,49,49,49,49,1,1,1,0,49,False,1,1,0,0,0,1,False,,False,fakhrazovich shafagat takhautdinov,1,1,1231.0,72.13448671247515,0.0,0.0,55.00000000000001,41.45853319302748
TATN,Тихтуров Евгений Александрович,Executive Committee (MarketScreener): директор по финансам / CFO,False,,281.0,Тихтуров Евгений Александрович,,,,,,,,,,,Тихтуров Евгений Александрович,"Директор по финансам / CFO ПАО ""Татнефть""",0,1,0,0,0,0,0,0,0,0,0.0,0,0,0,0.0,0,0,0,0,0,1,1,1,0,0,False,1,0,0,0,0,1,False,,False,aleksandrovich evgenii tikhturov,1,0,281.0,57.188523063943975,0.0,0.0,30.0,0.0
TATN,Халимов Рустам Хамисович,Член Совета директоров (избран 27.06.2024),False,,548.0,Халимов Рустам Хамисович,,,,,,,,,,,Халимов Рустам Хамисович,"Член Совета директоров ПАО ""Татнефть"", избран 27.06.2024",0,0,0,1,0,0,0,0,0,0,0.0,0,0,0,0.0,0,0,0,0,0,1,1,1,0,0,False,1,1,0,0,0,1,False,,False,khalimov khamisovich rustam,1,0,548.0,63.94129301954501,0.0,0.0,55.00000000000001,0.0
TATN,Хисамов Раис Салихович,Член Совета директоров (избран 27.06.2024),False,,813.0,Хисамов Раис Салихович,,,,,,,,,,,Хисамов Раис Салихович,"Член Совета директоров ПАО ""Татнефть"", избран 27.06.2024",0,0,0,1,0,0,0,0,0,0,502.0,0,1,0,417.0,0,0,0,0,0,1,1,1,0,0,False,1,1,1,1,1,1,False,,False,khisamov rais salikhovich,1,0,813.0,67.9336277867911,0.0,0.0,68.33333333333334,0.0
TGKA,Бикмурзин Альберт Фяритович,Член Совета директоров (состав избран 24.06.2024),False,,1436.0,Бикмурзин Альберт Фяритович,,,,,,N,N,,,,Бикмурзин Альберт Фяритович,"Член Совета директоров ПАО ""ТГК-1"" по входному CSV; заместитель генерального директора по правовым и имущественным вопросам ООО ""Газпром энергохолдинг"".",0,0,1,0,0,0,0,0,0,0,0.0,0,1,0,0.0,0,0,0,0,20,0,0,0,1,0,False,1,0,0,1,0,1,False,,False,albert bikmurzin fiaritovich,1,0,1436.0,73.6946658177561,2.0,45.81569099913263,35.0,0.0
TGKA,Ведерчик Вадим Евгеньевич,Член Совета директоров; Управляющий директор (CEO),True,,1007.0,Ведерчик Вадим Евгеньевич,,,,,,,,,,,Ведерчик Вадим Евгеньевич,"Управляющий директор ПАО ""ТГК-1""; член Совета директоров по входному CSV. В контексте 2024 года единоличный исполнительный орган ПАО ""ТГК-1"" осуществляла управляющая организация ООО ""Газпром энергохолдинг"", поэтому Ведерчик указан как подтвержденный операционный руководитель/CEO-equivalent, а не как генеральный директор.",0,0,0,0,1,0,0,0,0,0,0.0,0,0,0,0.0,0,25,25,25,25,1,1,1,0,25,True,1,0,0,0,0,1,True,json_2024,False,evgenevich vadim vederchik,1,0,1007.0,70.10041196586883,0.0,0.0,30.0,0.0
TGKA,Земляной Евгений Николаевич,Член Совета директоров (состав избран 24.06.2024),False,,832.0,Земляной Евгений Николаевич,,,,,,,,,,,Земляной Евгений Николаевич,"Член Совета директоров ПАО ""ТГК-1"" по входному CSV; заместитель генерального директора по экономике и финансам ООО ""Газпром энергохолдинг"".",0,0,0,0,1,0,0,0,0,0,0.0,0,0,0,0.0,0,2,2,2,13,1,1,1,1,0,False,1,0,0,0,0,1,False,,False,evgenii nikolaevich zemlianoi,1,0,832.0,68.16750731892307,0.0,0.0,30.0,0.0
TGKA,Иванников Александр Сергеевич,Член Совета директоров (состав избран 24.06.2024),False,,1330.0,Иванников Александр Сергеевич,,,,,,,,,,,Иванников Александр Сергеевич,"Член Совета директоров ПАО ""ТГК-1"" по входному CSV; начальник/первый заместитель начальника финансово-экономического блока ПАО ""Газпром"" в раскрытых источниках.",0,0,0,1,0,0,0,0,0,1,0.0,0,1,0,0.0,0,2,2,2,23,1,1,1,1,2,False,1,1,0,1,0,1,False,,False,aleksandr ivannikov sergeevich,1,0,1330.0,72.91794461826368,0.0,0.0,60.00000000000001,0.0
TGKA,Коробкина Ирина Юрьевна,Член Совета директоров (состав избран 24.06.2024),False,,1541.0,Коробкина Ирина Юрьевна,,,,,,,,,,,Коробкина Ирина Юрьевна,"Член Совета директоров ПАО ""ТГК-1"" по входному CSV; заместитель начальника Управления ПАО ""Газпром"" и заместитель генерального директора ПАО ""Центрэнергохолдинг"".",0,0,0,0,1,0,0,0,0,0,0.0,0,0,0,0.0,0,0,0,0,20,0,0,0,1,0,False,1,0,0,0,0,1,False,,False,irina iurevna korobkina,1,0,1541.0,74.40951049301744,0.0,0.0,30.0,0.0
TGKA,Максимова Антонина Николаевна,Executive Committee: контакт по работе с инвесторами (Investor Relations Contact),False,,389.0,Максимова Антонина Николаевна,,,,,,,,,,,Максимова Антонина Николаевна,"Контакт по работе с инвесторами в CSV; корпоративный секретарь и начальник управления по корпоративным вопросам ПАО ""ТГК-1"" по локальному годовому отчету и контактам ГЭХ.",0,0,0,1,0,0,0,0,0,0,0.0,0,1,0,0.0,0,14,14,14,14,1,1,1,0,14,False,1,1,0,1,0,1,False,,False,antonina maksimova nikolaevna,1,0,389.0,60.475140072896814,0.0,0.0,60.00000000000001,0.0
TGKA,Маркелов Виталий Анатольевич,Председатель Совета директоров (состав избран 24.06.2024),False,0.0868985992885069,2190.0,Маркелов Виталий Анатольевич,,,,,,,,,,,Маркелов Виталий Анатольевич,"Председатель Совета директоров ПАО ""ТГК-1"" по входному CSV; заместитель Председателя Правления ПАО ""Газпром"" в профильных биографиях.",0,0,0,1,0,0,0,0,0,0,0.0,0,1,0,0.0,0,6,6,6,33,1,1,1,1,6,False,1,1,0,1,0,1,False,,False,anatolevich markelov vitalii,1,1,1027.0,77.97019617673028,0.0,0.0,60.00000000000001,53.28210621126548
TGKA,Осин Никита Юрьевич,Член Совета директоров (состав избран 24.06.2024),False,,2902.0,Осин Никита Юрьевич,,,,,,,,,,,Осин Никита Юрьевич,"Член Совета директоров ПАО ""ТГК-1"" по входному CSV; директор по экономике и финансам ООО ""Газпром энергохолдинг"".",0,0,0,0,1,0,0,0,0,0,0.0,0,0,0,0.0,0,0,0,0,17,0,0,0,1,0,False,1,0,0,0,0,1,False,,False,iurevich nikita osin,1,0,2902.0,80.82243838113385,0.0,0.0,30.0,0.0
TGKA,Рогов Александр Владимирович,Член Совета директоров (состав избран 24.06.2024),False,,1307.0,Рогов Александр Владимирович,,,,,,,,,,,Рогов Александр Владимирович,"Член Совета директоров ПАО ""ТГК-1"" по входному CSV; заместитель начальника Управления - начальник отдела ПАО ""Газпром"".",0,0,0,1,0,0,0,0,0,0,0.0,0,1,0,0.0,0,6,0,6,17,1,0,1,1,0,False,1,1,0,1,0,1,False,,False,aleksandr rogov vladimirovich,1,0,1302.0,72.74125444763048,0.0,0.0,60.00000000000001,0.0
TGKA,Симдякин Вадим Михайлович,Член Совета директоров (состав избран 24.06.2024),False,,12927.0,Симдякин Вадим Михайлович,,,,,,,N,,,,Симдякин Вадим Михайлович,"Член Совета директоров ПАО ""ТГК-1"" по входному CSV; член Правления ПАО ""Газпром"" с 2023 года.",0,0,0,0,1,0,0,0,0,0,0.0,0,0,0,0.0,0,0,0,0,2,0,0,0,1,0,False,1,0,0,0,0,1,False,,False,mikhailovich simdiakin vadim,1,0,329.0,95.9626530476254,1.0,28.906482631788784,30.0,0.0
TGKA,Станишевская Раиса Владимировна,Executive Committee: главный бухгалтер (Comptroller / Controller / Auditor),False,,11387.0,Станишевская Раиса Владимировна,,,,,,,,,,,Станишевская Раиса Владимировна,"Главный бухгалтер ПАО ""ТГК-1"" по входному CSV и старым официальным раскрытиям ТГК-1.",0,0,1,0,0,0,0,0,0,0,0.0,0,0,0,0.0,0,32,32,32,32,1,1,1,1,20,False,1,0,0,0,0,1,False,,False,raisa stanishevskaia vladimirovna,1,0,11387.0,94.67700171750603,0.0,0.0,30.0,0.0
TGKA,Федоров Денис Владимирович,Член Совета директоров (состав избран 24.06.2024),False,,2090.0,Федоров Денис Владимирович,,,,,,,,,,,Федоров Денис Владимирович,"Член Совета директоров ПАО ""ТГК-1"" по входному CSV; генеральный директор ООО ""Газпром энергохолдинг"" и начальник Управления ПАО ""Газпром"".",0,0,0,1,0,0,0,0,0,1,0.0,0,1,0,0.0,0,10,10,10,30,1,1,1,1,10,False,1,1,0,1,0,1,False,,False,denis fedorov vladimirovich,1,0,1738.0,77.49666862097003,0.0,0.0,60.00000000000001,0.0
TGKA,Шацкий Павел Олегович,Член Совета директоров (состав избран 24.06.2024),False,,1396.0,Шацкий Павел Олегович,,,,,,,,,,,Шацкий Павел Олегович,"Член Совета директоров ПАО ""ТГК-1"" по входному CSV; первый заместитель генерального директора ООО ""Газпром энергохолдинг"".",0,0,0,0,1,0,0,0,0,0,0.0,0,0,0,0.0,0,2,2,2,12,1,1,1,1,2,False,1,0,0,0,0,1,False,,False,olegovich pavel shatskii,1,0,1105.0,73.40851042491259,0.0,0.0,30.0,0.0
TGKB,Васильев Олег Юрьевич,Правление: член Правления (до 10.08.2024); технический директор (до 08.2024),False,,381.0,Васильев Олег Юрьевич,,,,,,,,,,,Васильев Олег Юрьевич,бывший член Правления; бывший технический директор ПАО «ТГК-2» в 2024 году,0,0,1,0,0,0,0,0,0,0,0.0,0,0,0,0.0,0,15,15,15,15,1,1,1,1,4,False,1,0,0,0,0,1,False,,False,iurevich oleg vasilev,1,0,381.0,60.26505210473265,0.0,0.0,30.0,0.0
TGKB,Грабчак Евгений Петрович,Председатель Совета директоров (с 28.06.2024; избран в Совет директоров 11.06.2024),False,,5432.0,Грабчак Евгений Петрович,,,,,,,,,,,Грабчак Евгений Петрович,председатель Совета директоров ПАО «ТГК-2»,0,0,0,1,0,0,0,0,0,0,0.0,0,0,0,0.0,0,1,1,1,6,1,1,1,0,1,False,1,1,0,0,0,1,False,,False,evgenii grabchak petrovich,1,0,5432.0,87.1753829399729,0.0,0.0,55.00000000000001,0.0
TGKB,Данилов Иван Александрович,Член Совета директоров (избран 11.06.2024),False,,468.0,Данилов Иван Александрович,,,,,,,,,,,Данилов Иван Александрович,член Совета директоров ПАО «ТГК-2»,0,0,0,0,1,0,0,0,0,0,0.0,0,0,0,0.0,0,1,1,1,1,1,1,1,1,1,False,0,0,0,0,0,1,False,,False,aleksandrovich danilov ivan,1,0,468.0,62.34485677587759,0.0,0.0,0.0,0.0
TGKB,Дьяконов Владимир Евгеньевич,Правление: член Правления (до 01.08.2024); директор по ресурсообеспечению и логистике (до 31.07.2024),False,,935.0,Дьяконов Владимир Евгеньевич,,,,,,,,,,,Дьяконов Владимир Евгеньевич,бывший член Правления; бывший директор по ресурсообеспечению и логистике ПАО «ТГК-2» в 2024 году,0,0,1,0,0,0,0,0,0,0,0.0,0,0,0,0.0,0,4,4,4,12,1,1,1,1,4,False,1,0,0,0,0,1,False,,False,diakonov evgenevich vladimir,1,0,935.0,69.34922527997566,0.0,0.0,30.0,0.0
TGKB,Зайцев Михаил Владимирович,Член Совета директоров (избран 11.06.2024),False,,574.0,Зайцев Михаил Владимирович,,,,,,,,,,,Зайцев Михаил Владимирович,член Совета директоров ПАО «ТГК-2»,0,0,0,0,1,0,0,0,0,0,0.0,0,0,0,0.0,0,1,1,1,1,1,1,1,1,1,False,0,0,0,0,0,1,False,,False,mikhail vladimirovich zaitsev,1,0,574.0,64.41031960750635,0.0,0.0,0.0,0.0
TGKB,Зварыч Ольга Владимировна,Правление: член Правления; начальник управления социально-трудовых отношений и подготовки персонала (с 15.08.2024); директор по персоналу и административным вопросам (до 14.08.2024),False,,2214.0,Зварыч Ольга Владимировна,,,,,,,,,,,Зварыч Ольга Владимировна,член Правления; начальник управления социально-трудовых отношений и подготовки персонала ПАО «ТГК-2»,0,0,0,0,1,0,1,0,0,0,0.0,0,0,0,0.0,0,9,9,9,13,1,1,1,1,3,False,1,0,0,0,0,1,False,,False,olga vladimirovna zvarych,1,0,2214.0,78.08062539356094,0.0,0.0,30.0,0.0
TGKB,Земляной Евгений Николаевич,Член Совета директоров (избран 11.06.2024),False,,832.0,Земляной Евгений Николаевич,,,,,,,,,,,Земляной Евгений Николаевич,член Совета директоров ПАО «ТГК-2»,0,0,0,0,1,0,0,0,0,0,0.0,0,0,0,0.0,0,6,6,6,6,1,1,1,1,1,False,1,0,0,0,0,1,False,,False,evgenii nikolaevich zemlianoi,1,0,460.0,68.16750731892307,0.0,0.0,30.0,0.0
TGKB,Иванова Юлия Валентиновна,Правление: Председатель Правления и и. о. Генерального директора (с 29.06.2024); заместитель Председателя Правления (до 28.06.2024),True,,625.0,Иванова Юлия Валентиновна,,,,,,,,,,,Иванова Юлия Валентиновна,председатель Правления; исполняющая обязанности генерального директора ПАО «ТГК-2»,0,0,0,0,1,0,0,0,0,0,0.0,0,0,0,0.0,0,12,12,12,14,1,1,1,1,12,True,1,0,0,0,0,1,True,json_2024,False,iuliia ivanova valentinovna,1,0,625.0,65.27171266456926,0.0,0.0,30.0,0.0
TGKB,Карпов Илья Игоревич,Член Совета директоров (избран 11.06.2024),False,,322.0,Карпов Илья Игоревич,,,,,,,,,,,Карпов Илья Игоревич,член Совета директоров ПАО «ТГК-2»,0,0,0,0,1,0,0,0,0,0,0.0,0,0,0,0.0,0,1,1,1,1,1,1,1,1,1,False,0,0,0,0,0,1,False,,False,igorevich ilia karpov,1,0,322.0,58.56448874247911,0.0,0.0,0.0,0.0
TGKB,Корниенко Андрей Владимирович,Правление: член Правления; начальник управления корпоративной защиты (с 14.10.2024); и. о. директора по безопасности и режиму (до 13.10.2024),False,,453.0,Корниенко Андрей Владимирович,,,,,,,,,,,Корниенко Андрей Владимирович,член Правления; начальник управления корпоративной защиты ПАО «ТГК-2»,0,0,0,0,1,0,0,0,0,0,0.0,0,0,0,0.0,0,6,6,6,16,1,1,1,1,6,False,1,0,0,0,0,1,False,,False,andrei kornienko vladimirovich,1,0,453.0,62.01536790989031,0.0,0.0,30.0,0.0
TGKB,Костенко Глеб Александрович,Член Совета директоров (избран 11.06.2024),False,,2181.0,Костенко Глеб Александрович,,,,,,,,,,,Костенко Глеб Александрович,член Совета директоров ПАО «ТГК-2»,0,0,0,0,1,0,0,0,0,0,0.0,0,0,0,0.0,0,1,1,1,1,1,1,1,0,1,False,0,0,0,0,0,1,False,,False,aleksandrovich gleb kostenko,1,0,2181.0,77.92847307438852,0.0,0.0,0.0,0.0
TGKB,Медведева Елена Анатольевна,Член Совета директоров (избрана 11.06.2024),False,,829.0,Медведева Елена Анатольевна,,,,,,,,,,,Медведева Елена Анатольевна,член Совета директоров ПАО «ТГК-2»,0,0,0,0,1,0,0,0,0,0,0.0,0,0,0,0.0,0,1,1,1,1,1,1,1,0,1,False,1,0,0,0,0,1,False,,False,anatolevna elena medvedeva,1,0,829.0,68.13093584831714,0.0,0.0,30.0,0.0
TGKB,Пермякова Ольга Сергеевна,Правление: заместитель Председателя Правления (с 06.08.2024); заместитель генерального директора по экономике и финансам (с 01.08.2024),False,,599.0,Пермякова Ольга Сергеевна,,,,,,,,,,,Пермякова Ольга Сергеевна,заместитель председателя Правления; заместитель генерального директора по экономике и финансам ПАО «ТГК-2»,0,0,0,0,1,0,0,0,0,0,0.0,0,0,0,0.0,0,27,27,27,30,1,1,1,1,11,False,1,0,0,0,0,1,False,,False,olga permiakova sergeevna,1,0,599.0,64.84172010031475,0.0,0.0,30.0,0.0
TGKB,Серова Ольга Викторовна,Правление: член Правления; заместитель генерального директора по энергосбытовой деятельности (с 01.08.2024),False,,506.0,Серова Ольга Викторовна,,,,,,,,,,,Серова Ольга Викторовна,член Правления; заместитель генерального директора по энергосбытовой деятельности ПАО «ТГК-2»,0,0,0,0,1,0,0,0,0,0,0.0,0,0,0,0.0,0,9,9,9,9,1,1,1,0,9,False,1,0,0,0,0,1,False,,False,olga serova viktorovna,1,0,506.0,63.134564377657476,0.0,0.0,30.0,0.0
TGKB,Ушаков Александр Владимирович,Член Совета директоров (избран 11.06.2024),False,,940.0,Ушаков Александр Владимирович,,,,,,,,,,,Ушаков Александр Владимирович,член Совета директоров ПАО «ТГК-2»,0,0,0,0,1,0,0,0,0,0,0.0,0,0,0,0.0,0,1,1,1,1,1,1,1,1,1,False,0,0,0,0,0,1,False,,False,aleksandr ushakov vladimirovich,1,0,940.0,69.40322850631131,0.0,0.0,0.0,0.0
TGKB,Федоров Денис Владимирович,Член Совета директоров (избран 11.06.2024),False,,2090.0,Федоров Денис Владимирович,,,,,,,,,,,Федоров Денис Владимирович,член Совета директоров ПАО «ТГК-2»,0,0,0,1,0,0,0,0,0,1,0.0,0,0,0,0.0,0,1,1,1,1,1,1,1,1,1,False,1,1,0,0,0,1,False,,False,denis fedorov vladimirovich,1,0,2090.0,77.49666862097003,0.0,0.0,55.00000000000001,0.0
TGKB,Царева Валентина Валерьевна,Правление: член Правления (до 06.08.2024); директор по правовым вопросам (до 08.2024),False,,759.0,Царева Валентина Валерьевна,,,,,,,,,,,Царева Валентина Валерьевна,бывший член Правления; бывший директор по правовым вопросам ПАО «ТГК-2» в 2024 году,0,0,0,0,1,0,0,0,0,0,0.0,0,0,0,0.0,0,6,6,6,11,1,1,1,1,4,False,1,0,0,0,0,1,False,,False,tsareva valentina valerevna,1,0,759.0,67.23784696245676,0.0,0.0,30.0,0.0
TRMK,Венде Франк-Детлеф,Независимый член Совета директоров ПАО «ТМК»,False,,595.0,Венде Франк-Детлеф,,,,,,,,,,,Венде Франк-Детлеф,независимый член Совета директоров ПАО «ТМК»,0,0,0,1,0,0,0,0,0,0,0.0,0,1,4,0.0,0,6,6,6,12,1,1,1,0,6,False,1,1,0,1,0,1,False,,False,detlef frank vende,1,0,595.0,64.77391796385157,0.0,0.0,60.00000000000001,0.0
TRMK,Каплунов Андрей Юрьевич,Вице-президент ПАО «ТМК»; член Совета директоров,False,,1541.0,Каплунов Андрей Юрьевич,,,N,,,,,,,,Каплунов Андрей Юрьевич,вице-президент ПАО «ТМК»; член Совета директоров,0,0,0,1,0,0,0,0,0,1,0.0,0,0,0,0.0,0,20,20,20,26,1,1,1,1,20,False,1,1,0,0,0,1,False,,False,andrei iurevich kaplunov,1,0,1541.0,74.40951049301744,1.0,28.906482631788784,55.00000000000001,0.0
TRMK,Кузьминов Ярослав Иванович,Независимый член Совета директоров ПАО «ТМК»,False,,6406.0,Кузьминов Ярослав Иванович,,,,,,,,,,,Кузьминов Ярослав Иванович,независимый член Совета директоров ПАО «ТМК»,0,0,0,1,0,0,0,0,0,1,0.0,0,1,11,0.0,0,7,7,7,12,1,1,1,0,7,False,1,1,0,1,0,1,False,,False,iaroslav ivanovich kuzminov,1,0,6406.0,88.84686897357932,0.0,0.0,60.00000000000001,0.0
TRMK,Оборский Владимир Брониславович,Заместитель генерального директора ПАО «ТМК» по маркетингу,False,,739.0,Оборский Владимир Брониславович,,,N,,,N,,,,,Оборский Владимир Брониславович,заместитель генерального директора ПАО «ТМК» по маркетингу,0,0,0,0,1,0,1,0,0,0,0.0,0,0,0,0.0,0,27,27,27,27,1,1,1,1,20,False,1,0,0,0,0,1,False,,False,bronislavovich oborskii vladimir,1,0,739.0,66.96752743323425,2.0,45.81569099913263,30.0,0.0
TRMK,Папин Денис,Руководитель направления по устойчивому развитию ПАО «ТМК»,False,,339.0,Папин Денис,,,,,,,,,,,Папин Денис,руководитель направления по устойчивому развитию ПАО «ТМК»,0,0,0,0,1,0,0,0,0,0,0.0,0,0,0,0.0,0,0,0,0,0,1,1,1,0,0,False,0,0,0,0,0,1,False,,False,denis papin,1,0,339.0,59.08441714828682,0.0,0.0,0.0,0.0
TRMK,Петросян Тигран Ишханович,Член Совета директоров ПАО «ТМК»,False,,1214.0,Петросян Тигран Ишханович,,,,,,,,,,,Петросян Тигран Ишханович,член Совета директоров ПАО «ТМК»,0,0,0,0,1,0,1,0,0,0,0.0,0,0,0,0.0,0,24,24,24,24,1,1,1,1,24,False,1,0,0,0,0,1,False,,False,ishkhanovich petrosian tigran,1,0,1214.0,71.99364383572299,0.0,0.0,30.0,0.0
TRMK,Позолотина Елена Ивановна,Заместитель генерального директора по управлению персоналом — директор Корпоративного университета TMK2U,False,,1088.0,Позолотина Елена Ивановна,,,,,,,,,N,,Позолотина Елена Ивановна,заместитель генерального директора по управлению персоналом; директор Корпоративного университета TMK2U,0,0,0,1,0,0,0,0,0,1,0.0,0,0,0,0.0,0,20,20,20,20,1,1,1,0,20,False,1,1,0,0,0,1,False,,False,elena ivanovna pozolotina,1,0,1088.0,70.88386987165734,1.0,28.906482631788784,55.00000000000001,0.0
TRMK,Попов Михаил Владимирович,Член Совета директоров ПАО «ТМК»,False,,1361.0,Попов Михаил Владимирович,,,,,,,,,,,Попов Михаил Владимирович,член Совета директоров ПАО «ТМК»,0,0,0,0,1,0,0,0,0,0,0.0,0,0,0,0.0,0,6,6,6,6,1,1,1,0,6,False,0,0,0,0,0,1,False,,False,mikhail popov vladimirovich,1,0,1361.0,73.15132130629775,0.0,0.0,0.0,0.0
TRMK,Пышминцев Игорь Юрьевич,Директор по научной работе ПАО «ТМК»; генеральный директор Научно-технического центра ТМК,True,0.8869679233900882,2550.0,Пышминцев Игорь Юрьевич,,,,,,,,,,,Пышминцев Игорь Юрьевич,директор по научной работе ПАО «ТМК»; генеральный директор Научно-технического центра ТМК,0,0,0,1,0,0,0,0,0,0,338.0,1,1,34,1.0,1,0,0,0,0,1,1,1,1,0,False,1,1,2,3,1,1,False,,True,igor iurevich pyshmintsev,1,1,2550.0,79.51221733859397,0.0,0.0,83.33333333333334,86.34608139565694
TRMK,Пьянков Борис Григорьевич,Технический директор ПАО «ТМК»,False,,532.0,Пьянков Борис Григорьевич,,,,,,,,,,,Пьянков Борис Григорьевич,технический директор ПАО «ТМК»,0,0,0,0,1,0,0,0,0,0,0.0,0,0,0,0.0,0,28,28,28,28,1,1,1,0,7,False,1,0,0,0,0,1,False,,False,boris grigorevich piankov,1,0,532.0,63.64148908494373,0.0,0.0,30.0,0.0
TRMK,Романенко Алексей Михайлович,Член Совета директоров ПАО «ТМК»,False,,278.0,Романенко Алексей Михайлович,,,,,,,,,,,Романенко Алексей Михайлович,член Совета директоров ПАО «ТМК»,0,0,0,0,1,0,0,0,0,0,0.0,0,0,0,0.0,0,0,0,0,25,1,1,1,1,0,False,0,0,0,0,0,1,False,,False,aleksei mikhailovich romanenko,1,0,278.0,57.080111532056236,0.0,0.0,0.0,0.0
TRMK,Чикалов Сергей Геннадьевич,Генеральный директор ПАО «ТМК»; председатель Правления; член Совета директоров,True,-0.0074954481145642,1618.0,Чикалов Сергей Геннадьевич,,,,,,,,,,,Чикалов Сергей Геннадьевич,генеральный директор ПАО «ТМК»; председатель Правления; член Совета директоров,0,0,0,1,0,0,0,0,0,0,1.0,1,1,30,2.0,1,2,2,2,11,1,1,1,1,2,True,1,1,1,1,2,1,True,json_2024,False,chikalov gennadevich sergei,1,1,1618.0,74.90344014601335,0.0,0.0,71.66666666666669,49.3811411987722
TRMK,Ширяев Александр Георгиевич,Член Совета директоров ПАО «ТМК»,False,,1191.0,Ширяев Александр Георгиевич,,,,,,,,,,,Ширяев Александр Георгиевич,член Совета директоров ПАО «ТМК»,0,0,0,0,1,0,0,0,0,0,0.0,0,0,0,0.0,0,19,19,19,19,1,1,1,0,19,False,1,0,0,0,0,1,False,,False,aleksandr georgievich shiriaev,1,0,1191.0,71.79992229603016,0.0,0.0,30.0,0.0
TRMK,Шматович Владимир Владимирович,Член Совета директоров ПАО «ТМК»,False,,909.0,Шматович Владимир Владимирович,N,,,,,,,,,,Шматович Владимир Владимирович,член Совета директоров ПАО «ТМК»,0,0,0,0,1,0,0,0,0,0,0.0,0,0,0,0.0,0,20,20,20,26,1,1,1,1,20,False,1,0,0,0,0,1,False,,False,shmatovich vladimir vladimirovich,1,0,909.0,69.06367452082897,1.0,28.906482631788784,30.0,0.0
TRMK,Якоб Дмитрий,Заместитель генерального директора ПАО «ТМК» по информационным технологиям,False,,173.0,Якоб Дмитрий,,,,,,,N,,N,N,Якоб Дмитрий,заместитель генерального директора ПАО «ТМК» по информационным технологиям,0,0,0,1,0,0,0,0,0,0,0.0,0,0,0,0.0,0,6,6,6,6,1,1,1,0,6,False,1,1,0,0,0,1,False,,False,dmitrii iakob,1,0,173.0,52.29415324599358,3.0,57.81296526357757,55.00000000000001,0.0
TRNFP,Андронов Сергей Александрович,Член Правления ПАО «Транснефть»; вице-президент ПАО «Транснефть»,False,,1817.0,Андронов Сергей Александрович,,,,,,,,,,,Андронов Сергей Александрович,вице-президент ПАО «Транснефть»; член Правления,0,0,0,0,1,0,0,0,0,0,0.0,0,0,0,0.0,0,0,0,0,0,1,1,1,0,0,False,0,0,0,0,0,1,False,,False,aleksandrovich andronov sergei,1,0,1817.0,76.07853384736877,0.0,0.0,0.0,0.0
TRNFP,Бадалов Андрей Юрьевич,"Член Правления ПАО «Транснефть»; вице-президент по цифровой трансформации, информационным технологиям и информационной безопасности",False,,353.0,Бадалов Андрей Юрьевич,,,,,,,,,,,Бадалов Андрей Юрьевич,"вице-президент по цифровой трансформации, информационным технологиям и информационной безопасности ПАО «Транснефть»; член Правления",0,0,1,0,0,0,0,0,0,0,0.0,0,0,0,0.0,0,6,6,6,13,1,1,1,1,6,False,1,0,0,0,0,1,False,,False,andrei badalov iurevich,1,0,353.0,59.493433278062554,0.0,0.0,30.0,0.0
TRNFP,Гришанин Максим Сергеевич,Член Правления ПАО «Транснефть»; первый вице-президент ПАО «Транснефть»,False,,1735.0,Гришанин Максим Сергеевич,,,,,,,,,,,Гришанин Максим Сергеевич,первый вице-президент ПАО «Транснефть»; член Правления,0,0,0,0,1,0,0,0,0,0,0.0,0,0,0,0.0,0,0,0,0,0,1,1,1,0,0,False,1,0,0,0,0,1,False,,False,grishanin maksim sergeevich,1,0,1735.0,75.6107055801167,0.0,0.0,30.0,0.0
TRNFP,Дмитриев Кирилл Александрович,Член Совета директоров ПАО «Транснефть»; генеральный директор АО «УК РФПИ»,True,,2666.0,Дмитриев Кирилл Александрович,,,N,N,N,,,,,,Дмитриев Кирилл Александрович,генеральный директор Российского фонда прямых инвестиций; член Совета директоров ПАО «Транснефть»,0,1,0,0,0,1,1,0,0,1,0.0,0,0,0,0.0,0,0,0,0,14,0,0,0,1,0,False,1,0,0,0,0,1,False,,True,aleksandrovich dmitriev kirill,1,0,1434.0,79.96297012623842,3.0,57.81296526357757,30.0,0.0
TRNFP,Ефремов Александр Михайлович,"Директор департамента ремонтно-эксплуатационных нужд, транспорта и надзора за строительным контролем ПАО «Транснефть»",False,,781.0,Ефремов Александр Михайлович,,,,,,,,,,,Ефремов Александр Михайлович,,0,0,0,0,1,0,0,0,0,0,0.0,0,0,0,0.0,0,0,0,0,0,0,0,0,0,0,False,0,0,0,0,0,1,False,,False,aleksandr efremov mikhailovich,1,0,781.0,67.52710186255726,0.0,0.0,0.0,0.0
TRNFP,Каланда Владимир Александрович,"Член Правления ПАО «Транснефть»; вице-президент по правовому обеспечению, взаимодействию с государственными органами и внешним коммуникациям",False,,720.0,Каланда Владимир Александрович,,,,,,,,,,,Каланда Владимир Александрович,"вице-президент по правовому обеспечению, взаимодействию с государственными органами и внешним коммуникациям ПАО «Транснефть»; член Правления",0,0,0,1,0,0,0,0,1,0,0.0,0,0,0,0.0,0,0,0,0,0,1,1,1,0,0,False,1,1,0,0,0,1,False,,False,aleksandrovich kalanda vladimir,1,0,720.0,66.70386951544329,0.0,0.0,55.00000000000001,0.0
TRNFP,Король Борис Михайлович,Член Правления ПАО «Транснефть»; вице-президент по управлению персоналом и административно-хозяйственной деятельности,False,,445.0,Король Борис Михайлович,,,,,,,,,,,Король Борис Михайлович,вице-президент по управлению персоналом и административно-хозяйственной деятельности ПАО «Транснефть»; член Правления,0,0,0,0,1,0,0,0,0,0,0.0,0,0,0,0.0,0,0,0,0,0,1,1,1,0,0,False,0,0,0,0,0,1,False,,False,boris korol mikhailovich,1,0,445.0,61.83516082391013,0.0,0.0,0.0,0.0
TRNFP,Корсик Александр Леонидович,"Независимый директор, член Совета директоров ПАО «Транснефть»",False,,921.0,Корсик Александр Леонидович,N,,,,,,,,,,Корсик Александр Леонидович,"независимый директор, член Совета директоров ПАО «Транснефть»",0,0,0,0,1,0,0,0,0,0,0.0,0,0,0,0.0,0,5,5,5,5,1,1,1,1,0,False,0,0,0,0,0,1,False,,False,aleksandr korsik leonidovich,1,0,921.0,69.19646744544991,1.0,28.906482631788784,0.0,0.0
TRNFP,Новак Александр Валентинович,Председатель Совета директоров ПАО «Транснефть»; Заместитель Председателя Правительства Российской Федерации,False,0.2206265710724762,3955.0,Новак Александр Валентинович,,,,,,,,,,,Новак Александр Валентинович,заместитель Председателя Правительства Российской Федерации; председатель Совета директоров ПАО «Транснефть»,0,0,0,0,1,0,0,0,0,0,0.0,0,0,0,0.0,0,0,0,0,14,1,1,1,0,0,False,1,0,0,0,0,1,False,,False,aleksandr novak valentinovich,1,1,3007.0,83.95953423857688,0.0,0.0,30.0,58.80860023787906
TRNFP,Ревель-Муроз Павел Александрович,Член Правления ПАО «Транснефть»; вице-президент ПАО «Транснефть»,False,-0.2041898105225643,2430.0,Ревель-Муроз Павел Александрович,,,,,,,,,,,Ревель-Муроз Павел Александрович,вице-президент ПАО «Транснефть»; член Правления,0,0,0,0,1,0,0,0,0,0,0.0,0,0,0,0.0,0,0,0,0,0,1,1,1,0,0,False,1,0,0,0,0,1,False,,False,aleksandrovich muroz pavel revel,1,1,2430.0,79.0238186602901,0.0,0.0,30.0,41.25247369252733
TRNFP,Савкин Владимир Васильевич,Директор департамента информационных технологий и цифрового развития ПАО «Транснефть»,False,,688.0,Савкин Владимир Васильевич,N,,,,N,,,,,,Савкин Владимир Васильевич,директор департамента информационных технологий и цифрового развития ПАО «Транснефть»,0,0,0,0,1,0,0,0,0,0,0.0,0,0,0,0.0,0,0,0,0,0,1,1,1,0,0,False,0,0,0,0,0,1,False,,False,savkin vasilevich vladimir,1,0,688.0,66.24369941876037,2.0,45.81569099913263,0.0,0.0
TRNFP,Сазанов Алексей Валерьевич,Член Совета директоров ПАО «Транснефть»; статс-секретарь — заместитель Министра финансов Российской Федерации,False,,1261.0,Сазанов Алексей Валерьевич,,,,,,,,,,,Сазанов Алексей Валерьевич,статс-секретарь — заместитель Министра финансов Российской Федерации; член Совета директоров ПАО «Транснефть»,0,0,0,0,1,0,0,0,0,0,0.0,0,0,0,0.0,0,0,0,0,0,0,0,0,1,0,False,1,0,0,0,0,1,False,,False,aleksei sazanov valerevich,1,0,1261.0,72.37835689386858,0.0,0.0,30.0,0.0
TRNFP,Салыгин Валерий Иванович,"Независимый директор, член Совета директоров ПАО «Транснефть»; директор Международного института энергетической политики и дипломатии МГИМО МИД России",False,,2299.0,Салыгин Валерий Иванович,,,,,,,,,,,Салыгин Валерий Иванович,директор Международного института энергетической политики и дипломатии МГИМО МИД России; независимый директор ПАО «Транснефть»,0,0,0,1,0,0,0,0,0,0,0.0,0,1,0,0.0,0,0,0,0,0,1,1,1,1,0,False,1,1,0,1,0,1,False,,False,ivanovich salygin valerii,1,0,2299.0,78.46232827186353,0.0,0.0,60.00000000000001,0.0
TRNFP,Скворцов Вячеслав Михайлович,Член Правления ПАО «Транснефть»; вице-президент по безопасности,False,,496.0,Скворцов Вячеслав Михайлович,,,,,,,,,,,Скворцов Вячеслав Михайлович,вице-президент по безопасности ПАО «Транснефть»; член Правления,0,0,0,0,1,0,0,0,0,0,0.0,0,0,0,0.0,0,0,0,0,0,1,1,1,0,0,False,0,0,0,0,0,1,False,,False,mikhailovich skvortsov viacheslav,1,0,496.0,62.93263774778226,0.0,0.0,0.0,0.0
TRNFP,Сорокин Павел Юрьевич,Член Совета директоров ПАО «Транснефть»; первый заместитель Министра энергетики Российской Федерации,False,-0.3572919066767124,2032.0,Сорокин Павел Юрьевич,,,,,,,,,,,Сорокин Павел Юрьевич,первый заместитель Министра энергетики Российской Федерации; член Совета директоров ПАО «Транснефть»,0,0,0,0,1,0,0,0,0,0,0.0,0,0,0,0.0,0,0,0,0,0,0,0,0,0,0,False,1,0,0,0,0,1,False,,False,iurevich pavel sorokin,1,1,2032.0,77.2115333639286,0.0,0.0,30.0,34.92531708818745
TRNFP,Токарев Николай Петрович,"Член Совета директоров ПАО «Транснефть»; Председатель Правления, Президент ПАО «Транснефть»",True,,2133.0,Токарев Николай Петрович,,,,,,,,,,,Токарев Николай Петрович,"председатель Правления, президент ПАО «Транснефть»",0,0,0,0,1,0,1,0,0,0,0.0,0,0,0,0.0,0,26,26,26,26,1,1,1,1,18,True,1,0,0,0,0,1,True,json_2024,False,nikolai petrovich tokarev,1,0,2133.0,77.70300209280764,0.0,0.0,30.0,0.0
TRNFP,Уваров Алексей Константинович,Член Совета директоров ПАО «Транснефть»; заместитель руководителя Аппарата Правительства Российской Федерации,False,,251.0,Уваров Алексей Константинович,,,,,,,,,,,Уваров Алексей Константинович,заместитель руководителя Аппарата Правительства Российской Федерации; член Совета директоров ПАО «Транснефть»,0,0,0,1,0,0,0,0,1,0,0.0,0,0,0,0.0,0,0,0,0,0,0,0,0,1,0,False,1,1,0,0,0,1,False,,False,aleksei konstantinovich uvarov,1,0,251.0,56.04840330151166,0.0,0.0,55.00000000000001,0.0
TRNFP,Шмаль Геннадий Иосифович,"Независимый директор, член Совета директоров ПАО «Транснефть»; президент Союза нефтегазопромышленников России",False,,825.0,Шмаль Геннадий Иосифович,,,,,,,,,,,Шмаль Геннадий Иосифович,президент Союза нефтегазопромышленников России; независимый директор ПАО «Транснефть»,0,0,0,1,0,0,0,0,0,1,0.0,0,1,0,0.0,0,0,0,0,0,1,1,1,1,0,False,1,1,0,1,0,1,False,,False,gennadii iosifovich shmal,1,0,825.0,68.0819677259947,0.0,0.0,60.00000000000001,0.0
TRNFP,Шоцкий Сергей Александрович,Член Правления ПАО «Транснефть»; вице-президент ПАО «Транснефть»,False,,861.0,Шоцкий Сергей Александрович,,,,,,,,,,,Шоцкий Сергей Александрович,вице-президент ПАО «Транснефть»; член Правления,0,0,0,0,1,0,0,0,0,0,0.0,0,0,0,0.0,0,0,0,0,0,1,1,1,0,0,False,0,0,0,0,0,1,False,,False,aleksandrovich sergei shotskii,1,0,861.0,68.51439080459033,0.0,0.0,0.0,0.0
TRNFP,Щурова Елена Владимировна,Директор департамента управления персоналом ПАО «Транснефть»,False,,1236.0,Щурова Елена Владимировна,,,,,,,,,,,Щурова Елена Владимировна,,0,0,0,0,1,0,0,0,0,0,0.0,0,0,0,0.0,0,0,0,0,0,0,0,0,0,0,False,0,0,0,0,0,1,False,,False,elena shchurova vladimirovna,1,0,1236.0,72.17554137211073,0.0,0.0,0.0,0.0
TTLK,Алексеев Сергей Владимирович,Член Совета директоров ПАО «Таттелеком»; первый заместитель генерального директора АО «Связьинвестнефтехим»,False,,1406.0,Алексеев Сергей Владимирович,,,,,,,,,,,Алексеев Сергей Владимирович,член Совета директоров ПАО «Таттелеком»; первый заместитель генерального директора АО «Связьинвестнефтехим»,0,0,1,0,0,0,0,0,0,0,0.0,0,0,0,0.0,0,0,0,0,0,1,1,1,1,0,False,1,0,0,0,0,1,False,,False,alekseev sergei vladimirovich,1,0,1406.0,73.48081017228503,0.0,0.0,30.0,0.0
TTLK,Алтынбаева Ландыш Завдятовна,Директор филиала ПАО «Таттелеком»; руководитель Буинского ЗУЭС,False,,39.0,Алтынбаева Ландыш Завдятовна,,,,,,,,,,,Алтынбаева Ландыш Завдятовна,руководитель Буинского ЗУЭС ПАО «Таттелеком»,0,0,0,0,1,0,0,0,0,0,0.0,0,0,0,0.0,0,0,0,0,0,1,1,1,1,0,False,0,0,0,0,0,1,False,,False,altynbaeva landysh zavdiatovna,1,0,39.0,37.391889850221524,0.0,0.0,0.0,0.0
TTLK,Белобородов Сергей Александрович,Заместитель генерального директора ПАО «Таттелеком» по операционной деятельности и режиму,False,,1584.0,Белобородов Сергей Александрович,,,,,,,,,,,Белобородов Сергей Александрович,заместитель генерального директора ПАО «Таттелеком» по операционной деятельности и режиму,0,0,0,0,1,0,0,0,0,0,0.0,0,0,0,0.0,0,0,0,0,0,1,1,1,0,0,False,0,0,0,0,0,1,False,,False,aleksandrovich beloborodov sergei,1,0,1584.0,74.68830287265367,0.0,0.0,0.0,0.0
TTLK,Воробьев Михаил Сергеевич,Генеральный директор ООО «Твои Мобильные Технологии» с февраля 2023 года,True,,709.0,Воробьев Михаил Сергеевич,,,,,,,,,,,Воробьев Михаил Сергеевич,генеральный директор ООО «Твои Мобильные Технологии»,0,0,0,0,1,0,0,0,0,0,0.0,0,0,0,0.0,0,2,0,2,2,1,0,1,1,0,False,0,0,0,0,0,1,False,,True,mikhail sergeevich vorobev,1,0,709.0,66.54803108930703,0.0,0.0,0.0,0.0
TTLK,Камалетдинов Тимур Русланович,Генеральный директор ООО «ТТК Диджитал» с апреля 2024 года,True,,858.0,Камалетдинов Тимур Русланович,,,,,,,,,,,Камалетдинов Тимур Русланович,генеральный директор ООО «ТТК Диджитал»,0,0,0,0,1,0,0,0,0,0,0.0,0,0,0,0.0,0,0,0,0,1,1,1,1,1,0,False,0,0,0,0,0,1,False,,True,kamaletdinov ruslanovich timur,1,0,858.0,68.47905184395945,0.0,0.0,0.0,0.0
TTLK,Минниханов Расуль Рифкатович,Заместитель генерального директора ПАО «Таттелеком» по развитию с сентября 2024 года,False,,1425.0,Минниханов Расуль Рифкатович,,,,,,,,,,,Минниханов Расуль Рифкатович,заместитель генерального директора ПАО «Таттелеком» по развитию,0,0,0,1,0,0,0,0,0,1,0.0,0,0,0,0.0,0,1,1,1,1,1,1,1,0,1,False,1,1,0,0,0,1,False,,False,minnikhanov rasul rifkatovich,1,0,1425.0,73.61677497155473,0.0,0.0,55.00000000000001,0.0
TTLK,Минниханов Рифкат Нургалиевич,Член Совета директоров ПАО «Таттелеком» с 15 мая 2024 года; президент Академии наук Республики Татарстан,False,-0.2926654405131282,5235.0,Минниханов Рифкат Нургалиевич,,,,,,,,,,,Минниханов Рифкат Нургалиевич,член Совета директоров ПАО «Таттелеком»; президент Академии наук Республики Татарстан,0,0,0,1,0,0,0,0,0,0,0.0,0,1,0,0.0,0,1,1,1,1,1,1,1,0,1,False,1,1,0,1,0,1,False,,False,minnikhanov nurgalievich rifkat,1,1,5235.0,86.80100967836185,0.0,0.0,60.00000000000001,37.596095493405194
TTLK,Надин Артем Александрович,Директор филиала ПАО «Таттелеком»; руководитель Альметьевского ЗУЭС,False,,315.0,Надин Артем Александрович,,,,,,,,,,,Надин Артем Александрович,руководитель Альметьевского ЗУЭС ПАО «Таттелеком»,0,0,0,0,1,0,0,0,0,0,0.0,0,0,0,0.0,0,0,0,0,0,1,1,1,1,0,False,0,0,0,0,0,1,False,,False,aleksandrovich artem nadin,1,0,315.0,58.342399510153456,0.0,0.0,0.0,0.0
TTLK,Нафигин Альберт Ильдарович,Член Совета директоров ПАО «Таттелеком»; помощник Президента Республики Татарстан,False,,1926.0,Нафигин Альберт Ильдарович,,,,,,,,,,,Нафигин Альберт Ильдарович,член Совета директоров ПАО «Таттелеком»; помощник Президента Республики Татарстан,0,0,1,0,0,0,0,0,0,0,0.0,0,0,0,0.0,0,0,0,0,0,1,1,1,0,0,False,1,0,0,0,0,1,False,,False,albert ildarovich nafigin,1,0,1926.0,76.66874892967667,0.0,0.0,30.0,0.0
TTLK,Нургалеев Ильдар Тахиржанович,Заместитель генерального директора ПАО «Таттелеком» по информационной безопасности — директор департамента ИТ,False,,215.0,Нургалеев Ильдар Тахиржанович,,,,,,,,,,,Нургалеев Ильдар Тахиржанович,заместитель генерального директора по информационной безопасности — директор департамента ИТ,0,0,0,0,1,0,0,0,0,0,0.0,0,0,0,0.0,0,0,0,0,0,1,1,1,0,0,False,0,0,0,0,0,1,False,,False,ildar nurgaleev takhirzhanovich,1,0,215.0,54.485873185758095,0.0,0.0,0.0,0.0
TTLK,Нурутдинов Айрат Рафкатович,Член Совета директоров ПАО «Таттелеком»; генеральный директор ПАО «Таттелеком»,True,0.1579991665602682,1835.0,Нурутдинов Айрат Рафкатович,,,,,,,,,,,Нурутдинов Айрат Рафкатович,генеральный директор ПАО «Таттелеком»; член Совета директоров,0,0,0,1,0,1,0,0,0,1,1.0,1,1,0,0.0,0,6,6,6,6,1,1,1,0,6,True,1,1,1,1,0,1,True,json_2024,False,airat nurutdinov rafkatovich,1,1,1835.0,76.17840048382338,0.0,0.0,65.00000000000001,56.22043582977637
TTLK,Осадченко Анастасия Михайловна,Корпоративный секретарь ПАО «Таттелеком»; секретарь Совета директоров,False,,362.0,Осадченко Анастасия Михайловна,,,,,,,,,,,Осадченко Анастасия Михайловна,корпоративный секретарь ПАО «Таттелеком»; секретарь Совета директоров,0,0,0,0,1,0,0,0,0,0,0.0,0,0,0,0.0,0,0,0,0,0,1,1,1,0,0,False,1,0,0,0,0,1,False,,False,anastasiia mikhailovna osadchenko,1,0,362.0,59.74791647524989,0.0,0.0,30.0,0.0
TTLK,Сибгатуллин Ильнар Ильдарович,Заместитель генерального директора ПАО «Таттелеком» по массовому рынку и маркетингу с апреля 2024 года,False,,37.0,Сибгатуллин Ильнар Ильдарович,,,,,,,,,,,Сибгатуллин Ильнар Ильдарович,заместитель генерального директора ПАО «Таттелеком» по массовому рынку и маркетингу,0,0,0,0,1,0,0,0,0,0,0.0,0,0,0,0.0,0,1,1,1,1,1,1,1,0,1,False,1,0,0,0,0,1,False,,False,ildarovich ilnar sibgatullin,1,0,37.0,36.87196144441381,0.0,0.0,30.0,0.0
TTLK,Сорокин Валерий Юрьевич,Председатель Совета директоров ПАО «Таттелеком»; генеральный директор АО «Связьинвестнефтехим»,True,0.6267601329693329,1286.0,Сорокин Валерий Юрьевич,,,,,,,,,,,Сорокин Валерий Юрьевич,председатель Совета директоров ПАО «Таттелеком»; генеральный директор АО «Связьинвестнефтехим»,0,0,1,0,0,0,0,0,0,0,0.0,0,0,0,0.0,0,0,0,0,0,1,1,1,1,0,False,1,0,0,0,0,1,False,,True,iurevich sorokin valerii,1,1,1286.0,72.57719382286113,0.0,0.0,30.0,75.59263333049297
TTLK,Сотов Денис Игоревич,Член Совета директоров и Комитета по аудиту Совета директоров ПАО «Таттелеком»; начальник отдела по работе с портфельными инвестициями АО «Связьинвестнефтехим»,False,,372.0,Сотов Денис Игоревич,,,,,,,,,,,Сотов Денис Игоревич,член Совета директоров ПАО «Таттелеком»; начальник отдела по работе с портфельными инвестициями АО «Связьинвестнефтехим»,0,0,0,0,1,0,1,0,0,0,0.0,0,0,0,0.0,0,0,0,0,0,1,1,1,1,0,False,1,0,0,0,0,1,False,,False,denis igorevich sotov,1,0,372.0,60.0233785790528,0.0,0.0,30.0,0.0
TTLK,Степанов Максим Александрович,Директор филиала ПАО «Таттелеком»; руководитель Набережно-Челнинского ЗУЭС с апреля 2023 года,False,,1075.0,Степанов Максим Александрович,,,,,,,,,,,Степанов Максим Александрович,руководитель Набережно-Челнинского ЗУЭС ПАО «Таттелеком»,0,0,0,0,1,0,0,0,0,0,0.0,0,0,0,0.0,0,2,2,2,2,1,1,1,1,0,False,0,0,0,0,0,1,False,,False,aleksandrovich maksim stepanov,1,0,1075.0,70.7621381906964,0.0,0.0,0.0,0.0
TTLK,Урлин Андрей Олегович,Директор ООО «МИГ» с сентября 2023 года,False,,328.0,Урлин Андрей Олегович,,,,,,,,,,,Урлин Андрей Олегович,директор ООО «МИГ»,0,0,0,0,1,0,0,0,0,0,0.0,0,0,0,0.0,0,0,0,0,5,0,0,0,1,0,False,0,0,0,0,0,1,False,,False,andrei olegovich urlin,1,0,328.0,58.75105317969754,0.0,0.0,0.0,0.0
TTLK,Фролов Дмитрий Александрович,Заместитель генерального директора ПАО «Таттелеком» по техническим вопросам с ноября 2024 года,False,,1042.0,Фролов Дмитрий Александрович,,,,,,,,,,,Фролов Дмитрий Александрович,заместитель генерального директора ПАО «Таттелеком» по техническим вопросам,0,0,0,0,1,0,0,0,0,0,0.0,0,0,0,0.0,0,1,1,1,1,1,1,1,0,1,False,0,0,0,0,0,1,False,,False,aleksandrovich dmitrii frolov,1,0,1042.0,70.446397143834,0.0,0.0,0.0,0.0
TTLK,Шагиахметов Сергей Равилевич,Заместитель генерального директора ПАО «Таттелеком» по коммерческой деятельности,False,,1976.0,Шагиахметов Сергей Равилевич,,,,,,,,,,,Шагиахметов Сергей Равилевич,заместитель генерального директора ПАО «Таттелеком» по коммерческой деятельности,0,0,0,0,1,0,0,0,0,0,0.0,0,0,0,0.0,0,0,0,0,0,1,1,1,0,0,False,0,0,0,0,0,1,False,,False,ravilevich sergei shagiakhmetov,1,0,1976.0,76.92840404959763,0.0,0.0,0.0,0.0
TTLK,Шафигуллин Лутфулла Нурисламович,Член Совета директоров ПАО «Таттелеком» до 15 мая 2024 года,False,-0.6374990284137478,1681.0,Шафигуллин Лутфулла Нурисламович,,,,,,,,,,,Шафигуллин Лутфулла Нурисламович,член Совета директоров ПАО «Таттелеком» до 15.05.2024; ранее генеральный директор ПАО «Таттелеком»,1,0,0,0,0,0,0,0,0,0,0.0,0,0,0,0.0,0,0,0,0,0,1,1,1,0,0,False,1,0,0,0,0,1,False,,False,lutfulla nurislamovich shafigullin,1,1,1681.0,75.29039536699369,0.0,0.0,30.0,23.345368900564157
TTLK,Яковлев Альберт Валерьевич,"Член Совета директоров и Комитета по аудиту Совета директоров ПАО «Таттелеком»; заместитель министра цифрового развития государственного управления, информационных технологий и связи Республики Татарстан",False,0.2718866897300307,252.0,Яковлев Альберт Валерьевич,,,,,,,,,,,Яковлев Альберт Валерьевич,"член Совета директоров ПАО «Таттелеком»; заместитель министра цифрового развития государственного управления, информационных технологий и связи Республики Татарстан",0,0,0,0,1,0,0,0,0,0,0.0,0,0,0,0.0,0,0,0,0,0,1,1,1,0,0,False,1,0,0,0,0,1,False,,False,albert iakovlev valerevich,1,1,252.0,56.088547439556024,0.0,0.0,30.0,60.92699578209712
UGLD,Клёцкин Артём,Финансовый директор ООО «Управляющая Компания «ЮГК» / финансовый директор ЮГК,False,-0.3659133242792889,245.0,Клёцкин Артём,,,,,,,,,,,Клёцкин Артём,финансовый директор ЮГК,0,0,0,0,1,0,0,0,0,0,0.0,0,0,0,0.0,0,0,0,0,0,1,1,1,0,0,False,0,0,0,0,0,1,False,,False,artem kletskin,1,1,245.0,55.80414132290474,0.0,0.0,0.0,34.56902504063773
UGLD,Курбанов Руслан Магамедович,Генеральный директор ООО «Соврудник»,True,,341.0,Курбанов Руслан Магамедович,,,,,,,,,,,Курбанов Руслан Магамедович,генеральный директор ООО «Соврудник»,0,0,1,0,0,0,0,0,0,0,0.0,0,0,0,0.0,0,28,26,28,28,1,1,1,1,0,False,1,0,0,0,0,1,False,,True,kurbanov magamedovich ruslan,1,0,341.0,59.1438682372287,0.0,0.0,30.0,0.0
UGLD,Струков Константин Иванович,Президент ООО «Управляющая Компания «ЮГК» — управляющей организации ПАО «ЮГК»; единоличный исполнительный орган,False,,2634.0,Струков Константин Иванович,,,,,,,,,,,Струков Константин Иванович,на 2024 год: президент ООО «УК ЮГК» и руководитель управляющей организации ПАО «ЮГК»,0,0,0,1,0,0,0,0,0,0,2.0,1,1,16,0.0,0,35,35,35,44,1,1,1,1,0,True,1,1,2,1,0,1,True,json_2024,True,ivanovich konstantin strukov,1,0,2634.0,79.84061322317099,0.0,0.0,70.0,0.0
UGLD,Яковлев Дмитрий,Начальник отдела по связям с инвесторами ПАО «ЮГК»; директор по связям с инвесторами ЮГК,False,,2154.0,Яковлев Дмитрий,,,,,,,,,,,Яковлев Дмитрий,начальник отдела по связям с инвесторами / директор по связям с инвесторами ЮГК,0,0,0,0,1,0,0,0,0,0,0.0,0,0,0,0.0,0,0,0,0,0,1,1,1,0,0,False,0,0,0,0,0,1,False,,False,dmitrii iakovlev,1,0,2154.0,77.80226332609753,0.0,0.0,0.0,0.0
UPRO,Алексеенков Денис Александрович,Заместитель Генерального директора по финансам и экономике ПАО «Юнипро»; член Правления; Генеральный директор ООО «Юнипро Инжиниринг» с 2024 года,True,,322.0,Алексеенков Денис Александрович,,,,,,,,,,,Алексеенков Денис Александрович,генеральный директор ООО «Юнипро Инжиниринг»,0,0,0,0,1,0,0,0,0,0,0.0,0,0,0,0.0,0,1,1,1,1,1,1,1,1,0,False,0,0,0,0,0,1,False,,True,aleksandrovich alekseenkov denis,1,0,322.0,58.56448874247911,0.0,0.0,0.0,0.0
UPRO,Артемьев Игорь Юрьевич,Председатель Совета директоров ПАО «Юнипро»; независимый директор,False,,882.0,Артемьев Игорь Юрьевич,,,,,,,,,,,Артемьев Игорь Юрьевич,председатель Совета директоров ПАО «Юнипро»,0,0,0,1,0,0,0,0,0,0,0.0,0,0,0,0.0,0,1,1,1,18,1,1,1,1,1,False,1,1,0,0,0,1,False,,False,artemev igor iurevich,1,0,882.0,68.75837279972582,0.0,0.0,55.00000000000001,0.0
UPRO,Бейгер Мария Игоревна,Исполняющая обязанности директора по связям с общественностью и органами власти; пресс-секретарь ПАО «Юнипро» с декабря 2024 года,False,,81.0,Бейгер Мария Игоревна,,,,,,,,,,,Бейгер Мария Игоревна,,0,0,0,0,1,0,0,0,0,0,0.0,0,0,0,0.0,0,0,0,0,0,0,0,0,0,0,False,0,0,0,0,0,1,False,,False,beiger igorevna mariia,1,0,81.0,44.668187926497296,0.0,0.0,0.0,0.0
UPRO,Деркач Николай Николаевич,Директор филиала «Сургутская ГРЭС-2» ПАО «Юнипро»,False,,436.0,Деркач Николай Николаевич,,,,,,,,,,,Деркач Николай Николаевич,директор филиала «Сургутская ГРЭС-2» ПАО «Юнипро»,0,0,0,0,1,0,0,0,0,0,0.0,0,0,0,0.0,0,5,5,5,7,1,1,1,1,0,False,0,0,0,0,0,1,False,,False,derkach nikolaevich nikolai,1,0,436.0,61.62852301237003,0.0,0.0,0.0,0.0
UPRO,Ермиличев Дмитрий Валерьевич,Директор по связям с общественностью и органами власти ПАО «Юнипро» в 2024 году,False,,1820.0,Ермиличев Дмитрий Валерьевич,,,,,,,,,,,Ермиличев Дмитрий Валерьевич,,0,0,0,0,1,0,0,0,0,0,0.0,0,0,0,0.0,0,0,0,0,0,0,0,0,0,0,False,0,0,0,0,0,1,False,,False,dmitrii ermilichev valerevich,1,0,1820.0,76.0952467639453,0.0,0.0,0.0,0.0
UPRO,Иванова Оксана Николаевна,Начальник Управления международной финансовой отчетности и внутреннего контроля ПАО «Юнипро»,False,,1434.0,Иванова Оксана Николаевна,,,,,,,,,,,Иванова Оксана Николаевна,,0,0,0,0,1,0,0,0,0,0,0.0,0,0,0,0.0,0,0,0,0,0,0,0,0,0,0,False,0,0,0,0,0,1,False,,False,ivanova nikolaevna oksana,1,0,1434.0,73.6805482923441,0.0,0.0,0.0,0.0
UPRO,Иноземцев Евгений Александрович,Директор филиала «Смоленская ГРЭС» ПАО «Юнипро»,False,,268.0,Иноземцев Евгений Александрович,,,,,,,,,,,Иноземцев Евгений Александрович,директор филиала «Смоленская ГРЭС» ПАО «Юнипро»,0,0,0,0,1,0,1,0,0,0,0.0,0,0,0,0.0,0,5,5,5,5,1,1,1,1,0,False,1,0,0,0,0,1,False,,False,aleksandrovich evgenii inozemtsev,1,0,268.0,56.71012952633922,0.0,0.0,30.0,0.0
UPRO,Казарин Дмитрий Иванович,Директор филиала «Березовская ГРЭС» ПАО «Юнипро»,False,,803.0,Казарин Дмитрий Иванович,,,,,,,,,,,Казарин Дмитрий Иванович,,0,0,0,0,1,0,0,0,0,0,0.0,0,0,0,0.0,0,0,0,0,0,0,0,0,0,0,False,0,0,0,0,0,1,False,,False,dmitrii ivanovich kazarin,1,0,803.0,67.8083309923026,0.0,0.0,0.0,0.0
UPRO,Кирпичников Михаил Петрович,Член Совета директоров ПАО «Юнипро»,False,,1005.0,Кирпичников Михаил Петрович,,,,,,,,,,,Кирпичников Михаил Петрович,член Совета директоров ПАО «Юнипро»,0,0,0,1,0,0,0,0,0,0,,1,1,0,0.0,0,1,1,1,1,1,1,1,0,1,False,1,1,1,1,0,1,False,,False,kirpichnikov mikhail petrovich,1,0,1005.0,70.08028011891892,0.0,0.0,65.00000000000001,0.0
UPRO,Королев Виталий Геннадьевич,Член Совета директоров ПАО «Юнипро»,False,,238.0,Королев Виталий Геннадьевич,,,,,,,,,,,Королев Виталий Геннадьевич,член Совета директоров ПАО «Юнипро»,0,0,0,1,0,0,0,0,0,1,0.0,0,0,0,0.0,0,1,1,1,11,1,1,1,1,1,False,1,1,0,0,0,1,False,,False,gennadevich korolev vitalii,1,0,238.0,55.51152442083872,0.0,0.0,55.00000000000001,0.0
UPRO,Маликова Дина Ринатовна,Член Совета директоров ПАО «Юнипро»,False,-0.7782978554475365,671.0,Маликова Дина Ринатовна,,,,,,,,,,,Маликова Дина Ринатовна,член Совета директоров ПАО «Юнипро»,0,0,0,1,0,0,0,0,0,0,0.0,0,0,0,0.0,0,1,1,1,34,1,1,1,1,1,False,1,1,0,0,0,1,False,,False,dina malikova rinatovna,1,1,268.0,65.99046290163997,0.0,0.0,55.00000000000001,17.52666196755651
UPRO,Некипелов Александр Дмитриевич,Член Совета директоров ПАО «Юнипро»,False,,1725.0,Некипелов Александр Дмитриевич,,,,,,,,,,,Некипелов Александр Дмитриевич,член Совета директоров ПАО «Юнипро»,0,0,0,1,0,0,0,0,0,1,,1,1,0,0.0,0,1,1,1,1,1,1,1,1,1,False,1,1,1,1,0,1,False,,False,aleksandr dmitrievich nekipelov,1,0,1725.0,75.55214746458665,0.0,0.0,65.00000000000001,0.0
UPRO,Никонов Василий Владиславович,Заместитель Председателя Совета директоров; исполнительный директор; Председатель Правления; Генеральный директор ПАО «Юнипро»,True,,359.0,Никонов Василий Владиславович,,,,,,,,,,,Никонов Василий Владиславович,"генеральный директор, председатель Правления ПАО «Юнипро»",0,0,0,0,1,0,0,0,0,0,0.0,0,0,0,0.0,0,2,2,2,2,1,1,1,0,2,True,1,0,0,0,0,1,True,json_2024,False,nikonov vasilii vladislavovich,1,0,359.0,59.66379664303641,0.0,0.0,30.0,0.0
UPRO,Овчинников Сергей Борисович,Директор филиала «Шатурская ГРЭС» ПАО «Юнипро» с декабря 2023 года,False,,322.0,Овчинников Сергей Борисович,,,,,,,,,,,Овчинников Сергей Борисович,,0,0,0,0,1,0,0,0,0,0,0.0,0,0,0,0.0,0,0,0,0,0,0,0,0,0,0,False,0,0,0,0,0,1,False,,False,borisovich ovchinnikov sergei,1,0,322.0,58.56448874247911,0.0,0.0,0.0,0.0
UPRO,Павлов Алексей Юрьевич,Член Совета директоров ПАО «Юнипро»,False,0.1978373984122844,847.0,Павлов Алексей Юрьевич,,,,,,,,,,,Павлов Алексей Юрьевич,член Совета директоров ПАО «Юнипро»,0,0,0,0,1,0,0,0,0,0,0.0,0,0,0,0.0,0,1,1,1,1,1,1,1,1,1,False,0,0,0,0,0,1,False,,False,aleksei iurevich pavlov,1,1,847.0,68.3484112568497,0.0,0.0,0.0,57.866806050037255
UPRO,Поварницын Андрей Васильевич,Директор филиала «Яйвинская ГРЭС» ПАО «Юнипро»,False,,301.0,Поварницын Андрей Васильевич,,,,,,,,,,,Поварницын Андрей Васильевич,директор филиала «Яйвинская ГРЭС» ПАО «Юнипро»,0,0,0,0,1,0,0,0,0,0,0.0,0,0,0,0.0,0,5,5,5,5,1,1,1,1,0,False,0,0,0,0,0,1,False,,False,andrei povarnitsyn vasilevich,1,0,301.0,57.88306738873858,0.0,0.0,0.0,0.0
UPRO,Попов Игорь Викторович,Заместитель Генерального директора по производству ПАО «Юнипро»; член Правления,False,-1.2020713360148958,550.0,Попов Игорь Викторович,,,,,,,,,,,Попов Игорь Викторович,заместитель генерального директора по производству ПАО «Юнипро»; член Правления,0,0,0,0,1,0,0,0,0,0,0.0,0,0,0,0.0,0,0,0,0,0,1,1,1,0,0,False,0,0,0,0,0,1,False,,False,igor popov viktorovich,1,1,550.0,63.97815262964279,0.0,0.0,0.0,0.013634754550442352
UPRO,Семенова Вероника Николаевна,Начальник Управления внутреннего аудита ПАО «Юнипро»,False,-0.2440589833625055,176.0,Семенова Вероника Николаевна,,,,,,,,,,,Семенова Вероника Николаевна,начальник Управления внутреннего аудита ПАО «Юнипро»,0,0,0,0,1,0,0,0,0,1,0.0,0,0,0,0.0,0,0,0,0,0,1,1,1,0,0,False,1,1,0,0,0,1,False,,False,nikolaevna semenova veronika,1,1,176.0,52.467428945883974,0.0,0.0,55.00000000000001,39.604824792999395
UPRO,Талалаева Елена Владимировна,Начальник Управления казначейских операций и риск-менеджмента ПАО «Юнипро»,False,,691.0,Талалаева Елена Владимировна,,,,,,,,,,,Талалаева Елена Владимировна,,0,0,0,0,1,0,0,0,0,0,0.0,0,0,0,0.0,0,0,0,0,0,0,0,0,0,0,False,0,0,0,0,0,1,False,,False,elena talalaeva vladimirovna,1,0,691.0,66.28773879986997,0.0,0.0,0.0,0.0
UPRO,Тарасенко Оксана Валерьевна,Член Совета директоров ПАО «Юнипро»,False,,231.0,Тарасенко Оксана Валерьевна,,,,,,,,,,,Тарасенко Оксана Валерьевна,член Совета директоров ПАО «Юнипро»,0,0,0,1,0,0,0,0,1,0,0.0,0,1,3,0.0,0,1,1,1,8,1,1,1,0,1,False,1,1,0,1,0,1,False,,False,oksana tarasenko valerevna,1,0,231.0,55.21020851394331,0.0,0.0,60.00000000000001,0.0
UPRO,Шишкин Андрей Николаевич,Член Совета директоров ПАО «Юнипро»,False,,870.0,Шишкин Андрей Николаевич,,,,,,,,,,,Шишкин Андрей Николаевич,член Совета директоров ПАО «Юнипро»,0,0,0,0,1,0,0,0,0,0,0.0,0,0,0,0.0,0,1,1,1,11,1,1,1,1,1,False,1,0,0,0,0,1,False,,False,andrei nikolaevich shishkin,1,0,870.0,68.619674422163,0.0,0.0,30.0,0.0
VKCO,Азаренко Елена,Управляющий директор VK,False,,496.0,Азаренко Елена,,,,,,,,,,,Азаренко Елена,управляющий директор VK,0,0,0,0,1,0,0,0,0,0,0.0,0,0,0,0.0,0,15,15,15,15,1,1,1,0,15,False,0,0,0,0,0,1,False,,False,azarenko elena,1,0,496.0,62.93263774778226,0.0,0.0,0.0,0.0
VKCO,Айвазов Александр,Член Совета директоров МКПАО «ВК»; исполнительный директор; старший вице-президент по инвестициям и развитию бизнеса VK,False,-0.8230292484841084,1065.0,Айвазов Александр,,,,,,,,,,,Айвазов Александр,член Совета директоров МКПАО «ВК»; исполнительный директор; старший вице-президент по инвестициям и развитию бизнеса VK,0,0,0,0,1,0,1,0,0,0,0.0,0,0,0,0.0,0,3,3,3,3,1,1,1,1,3,False,1,0,0,0,0,1,False,,False,aivazov aleksandr,1,1,1065.0,70.6674934171223,0.0,0.0,30.0,15.678075070433215
VKCO,Анисимов Никита,Член Совета директоров МКПАО «ВК»; независимый директор,False,-0.3603490387019491,1252.0,Анисимов Никита,,,,,,,,,,,Анисимов Никита,член Совета директоров МКПАО «ВК»; независимый директор,0,0,0,1,0,0,0,0,0,0,0.0,0,1,0,0.0,0,3,3,3,5,1,1,1,0,3,False,1,1,0,1,0,1,False,,False,anisimov nikita,1,1,1252.0,72.30580991662471,0.0,0.0,60.00000000000001,34.79897686444328
VKCO,Антонова Ульяна,Член Совета директоров МКПАО «ВК»; неисполнительный директор,False,,525.0,Антонова Ульяна,,,,,,,,,,,Антонова Ульяна,член Совета директоров МКПАО «ВК»; неисполнительный директор,0,0,0,0,1,0,0,0,0,0,0.0,0,0,0,0.0,0,0,0,0,0,1,1,1,1,0,False,0,0,0,0,0,1,False,,False,antonova uliana,1,0,525.0,63.50748397697898,0.0,0.0,0.0,0.0
VKCO,Багудина Елена Геннадьевна,Генеральный директор МКПАО «ВК»; единоличный исполнительный орган в 2024 году,True,,2916.0,Багудина Елена Геннадьевна,,,,,,,,,,,Багудина Елена Геннадьевна,генеральный директор МКПАО «ВК»,0,0,0,0,1,0,0,0,0,0,0.0,0,0,0,0.0,0,14,14,14,14,1,1,1,1,0,True,0,0,0,0,0,1,True,json_2024,False,bagudina elena gennadevna,1,0,2916.0,80.87120457227437,0.0,0.0,0.0,0.0
VKCO,Борыславская Светлана,Финансовый директор VK,False,,8.0,Борыславская Светлана,,,,,,,,,,,Борыславская Светлана,финансовый директор VK,0,0,0,0,1,0,0,0,0,0,0.0,0,0,0,0.0,0,17,17,17,17,1,1,1,0,17,False,0,0,0,0,0,1,False,,False,boryslavskaia svetlana,1,0,8.0,22.271906792814892,0.0,0.0,0.0,0.0
VKCO,Гогичаты Мераб,Вице-президент по инфраструктуре и прикладным сервисам VK,False,0.1115680615871892,73.0,Гогичаты Мераб,,,,,,,,,,,Гогичаты Мераб,вице-президент по инфраструктуре и прикладным сервисам VK,0,0,0,0,1,0,0,0,0,0,0.0,0,0,0,0.0,0,2,2,2,2,1,1,1,1,2,False,0,0,0,0,0,1,False,,False,gogichaty merab,1,1,73.0,43.627646247369896,0.0,0.0,0.0,54.30160597795363
VKCO,Гордин Михаил,Член Совета директоров МКПАО «ВК»; неисполнительный директор,False,-0.9346919221472209,3714.0,Гордин Михаил,,,,,,,,,,,Гордин Михаил,член Совета директоров МКПАО «ВК»; неисполнительный директор,0,0,0,1,0,1,0,0,0,1,0.0,0,1,9,0.0,0,2,2,2,4,1,1,1,0,2,False,1,1,0,1,0,1,False,,False,gordin mikhail,1,1,484.0,83.32241465280326,0.0,0.0,60.00000000000001,11.06346011170347
VKCO,Дуксин Николай,Вице-президент по музыкальным и видеосервисам VK с июня 2024 года,False,,250.0,Дуксин Николай,,,,,,,,,,,Дуксин Николай,вице-президент по музыкальным и видеосервисам VK,0,0,0,0,1,0,0,0,0,0,0.0,0,0,0,0.0,0,4,4,4,4,1,1,1,0,4,False,0,0,0,0,0,1,False,,False,duksin nikolai,1,0,250.0,56.00809954420839,0.0,0.0,0.0,0.0
VKCO,Зыбина Мария,Член Совета директоров МКПАО «ВК»; неисполнительный директор,False,0.3119383663313432,771.0,Зыбина Мария,,,,,,,,,,,Зыбина Мария,член Совета директоров МКПАО «ВК»; неисполнительный директор,0,0,0,0,1,0,0,0,0,0,0.0,0,0,0,0.0,0,3,3,3,3,1,1,1,1,3,False,1,0,0,0,0,1,False,,False,mariia zybina,1,1,771.0,67.39664470008249,0.0,0.0,30.0,62.582186902849216
VKCO,Карпов Антон,Вице-президент по информационной безопасности VK,False,,1304.0,Карпов Антон,,,,,,,,,,,Карпов Антон,"вице-президент, директор по информационной безопасности VK",0,0,0,0,1,0,0,0,0,0,0.0,0,0,0,0.0,0,2,2,2,2,1,1,1,1,2,False,0,0,0,0,0,1,False,,False,anton karpov,1,0,1304.0,72.71797916390823,0.0,0.0,0.0,0.0
VKCO,Кириенко Владимир Сергеевич,Генеральный директор группы VK,True,0.7046193204717237,381.0,Кириенко Владимир Сергеевич,,,N,,,,,N,,,Кириенко Владимир Сергеевич,генеральный директор группы VK,0,0,0,0,1,1,0,0,0,1,0.0,0,0,0,0.0,0,4,4,4,4,1,1,1,1,4,False,1,0,0,0,0,1,False,,True,kirienko sergeevich vladimir,1,1,381.0,60.26505210473265,2.0,45.81569099913263,30.0,78.81027230989856
VKCO,Китова Екатерина,Корпоративный секретарь МКПАО «ВК»,False,,1143.0,Китова Екатерина,,,,,,,,,,,Китова Екатерина,корпоративный секретарь МКПАО «ВК»,0,0,0,0,1,0,0,0,0,0,0.0,0,0,0,0.0,0,0,0,0,0,1,1,1,0,0,False,0,0,0,0,0,1,False,,False,ekaterina kitova,1,0,1143.0,71.38330002658199,0.0,0.0,0.0,0.0
VKCO,Ковальчук Степан,Старший вице-президент по медиастратегии; руководитель бизнес-группы «Социальные платформы и медиаконтент» VK,False,,263.0,Ковальчук Степан,,,,,,,,,,,Ковальчук Степан,старший вице-президент по медиастратегии; руководитель бизнес-группы «Социальные платформы и медиаконтент» VK,0,0,0,1,0,0,0,0,0,0,0.0,0,0,0,0.0,0,2,2,2,2,1,1,1,0,2,False,1,1,0,0,0,1,False,,False,kovalchuk stepan,1,0,263.0,56.519947932364424,0.0,0.0,55.00000000000001,0.0
VKCO,Куприянов Сергей,Председатель Совета директоров МКПАО «ВК»; неисполнительный директор,False,,2662.0,Куприянов Сергей,,,,,,,,,,,Куприянов Сергей,председатель Совета директоров МКПАО «ВК»; неисполнительный директор,0,0,0,0,1,0,0,0,0,0,0.0,0,0,0,0.0,0,3,3,3,23,1,1,1,1,3,False,1,0,0,0,0,1,False,,False,kupriianov sergei,1,0,2662.0,79.9477560421705,0.0,0.0,30.0,0.0
VKCO,Кучай Анастасия,Вице-президент по персоналу VK с июня 2024 года,False,,128.0,Кучай Анастасия,,,,,,,,,,,Кучай Анастасия,вице-президент по персоналу VK,0,0,0,0,1,0,0,0,0,0,0.0,0,0,0,0.0,0,1,1,1,1,1,1,1,1,1,False,0,0,0,0,0,1,False,,False,anastasiia kuchai,1,0,128.0,49.26091307049234,0.0,0.0,0.0,0.0
VKCO,Мальгинов Антон,Член Совета директоров МКПАО «ВК»; исполнительный директор; руководитель юридического департамента VK,False,0.4480109328871162,262.0,Мальгинов Антон,,,N,,,N,,N,,,Мальгинов Антон,член Совета директоров МКПАО «ВК»; исполнительный директор; руководитель юридического департамента VK,0,0,0,0,1,0,0,0,0,0,0.0,0,0,0,0.0,0,3,3,3,3,1,1,1,0,3,False,1,0,0,0,0,1,False,,False,anton malginov,1,1,262.0,56.4814796448004,3.0,57.81296526357757,30.0,68.20557456232322
VKCO,Меркутов Алексей,Вице-президент по коммуникациям VK,False,,247.0,Меркутов Алексей,,,,,N,N,N,,,,Меркутов Алексей,вице-президент по коммуникациям VK,0,0,0,0,1,0,0,0,0,0,0.0,0,0,0,0.0,0,3,3,3,3,1,1,1,1,3,False,0,0,0,0,0,1,False,,False,aleksei merkutov,1,0,247.0,55.8862177357771,3.0,57.81296526357757,0.0,0.0
VKCO,Мыздриков Иван,Вице-президент по развитию почтовых сервисов и магазина приложений VK,False,,349.0,Мыздриков Иван,,,,,,,,,,,Мыздриков Иван,вице-президент по развитию почтовых сервисов и магазина приложений VK; директор по продуктам VK Tech,0,0,0,0,1,0,0,0,0,0,0.0,0,0,0,0.0,0,3,3,3,3,1,1,1,0,3,False,1,0,0,0,0,1,False,,False,ivan myzdrikov,1,0,349.0,59.378245883889726,0.0,0.0,30.0,0.0
VKCO,Попов Петр,Вице-президент по рекламным технологиям VK,False,,479.0,Попов Петр,,,,,,,,,,,Попов Петр,вице-президент по рекламным технологиям VK,0,0,0,0,1,0,0,0,0,0,0.0,0,0,0,0.0,0,2,2,2,2,1,1,1,1,2,False,0,0,0,0,0,1,False,,False,petr popov,1,0,479.0,62.579851910986136,0.0,0.0,0.0,0.0
VKCO,Сиренко Ирина,Вице-президент по связям с государственными органами VK,False,0.5539373449442607,472.0,Сиренко Ирина,,,,,,,,,,,Сиренко Ирина,вице-президент по связям с государственными органами VK,0,0,0,1,0,0,0,0,1,0,0.0,0,0,0,0.0,0,3,3,3,3,1,1,1,1,3,False,1,1,0,0,0,1,False,,False,irina sirenko,1,1,472.0,62.43094121350612,0.0,0.0,55.00000000000001,72.58313054918963
VKCO,Тадевосян Максим,Вице-президент по развитию бизнеса и стратегии VK,False,0.0542041156767361,161.0,Тадевосян Максим,,,,,,N,,,,,Тадевосян Максим,вице-президент VK,0,0,1,0,0,0,0,0,0,0,0.0,0,0,0,0.0,0,0,0,0,0,1,1,1,1,0,False,1,0,0,0,0,1,False,,False,maksim tadevosian,1,1,161.0,51.56981791780836,1.0,28.906482631788784,30.0,51.9309613013916
VKCO,Устинов Антон,Член Совета директоров МКПАО «ВК»; неисполнительный директор,False,-0.3308998156597628,589.0,Устинов Антон,,,,,,,,,,,Устинов Антон,член Совета директоров МКПАО «ВК»; неисполнительный директор,0,0,0,1,0,0,0,0,1,0,0.0,0,0,0,0.0,0,0,0,0,9,1,1,1,1,0,False,1,1,0,0,0,1,False,,False,anton ustinov,1,1,589.0,64.6713567353409,0.0,0.0,55.00000000000001,36.01600687738605
VKCO,Фролов Антон,"Вице-президент по искусственному интеллекту, контентным и рекомендательным сервисам VK",False,,2855.0,Фролов Антон,,,,,,,,,,,Фролов Антон,"вице-президент по AI, контентным и рекомендательным сервисам VK",0,0,0,0,1,0,0,0,0,0,0.0,0,0,0,0.0,0,2,2,2,2,1,1,1,0,2,False,0,0,0,0,0,1,False,,False,anton frolov,1,0,2855.0,80.65698586752667,0.0,0.0,0.0,0.0
VKCO,Хайбуллов Рустам,Вице-президент по стратегическим проектам VK,False,,166.0,Хайбуллов Рустам,,,,,,,,,,,Хайбуллов Рустам,вице-президент по стратегическим проектам VK,0,0,0,0,1,0,0,0,0,0,0.0,0,0,0,0.0,0,3,3,3,3,1,1,1,0,3,False,1,0,0,0,0,1,False,,False,khaibullov rustam,1,0,166.0,51.8779383464483,0.0,0.0,30.0,0.0
VKCO,Хуснояров Фарит,Вице-президент по развитию мессенджера VK,False,,445.0,Хуснояров Фарит,,,,,,,,,,,Хуснояров Фарит,вице-президент по развитию мессенджера VK,0,0,0,0,1,0,0,0,0,0,0.0,0,0,0,0.0,0,3,3,3,3,1,1,1,1,3,False,0,0,0,0,0,1,False,,False,farit khusnoiarov,1,0,445.0,61.83516082391013,0.0,0.0,0.0,0.0
VKCO,Чудаков Дмитрий,Член Совета директоров МКПАО «ВК»; неисполнительный директор,False,-0.4173226786587897,2048.0,Чудаков Дмитрий,,,,,,,,,,N,Чудаков Дмитрий,член Совета директоров МКПАО «ВК»; неисполнительный директор,0,0,0,0,1,0,0,0,0,0,0.0,0,0,0,0.0,0,0,0,0,0,1,1,1,0,0,False,0,0,0,0,0,1,False,,False,chudakov dmitrii,1,1,2048.0,77.29099585108847,1.0,28.906482631788784,0.0,32.44446212309538
VKCO,Яковлева Наталья,Член Совета директоров МКПАО «ВК»; независимый директор,False,,1924.0,Яковлева Наталья,,,,,,,,,,,Яковлева Наталья,член Совета директоров МКПАО «ВК»; независимый директор,0,0,0,0,1,0,0,0,0,1,0.0,0,0,0,0.0,0,3,3,3,34,1,1,1,1,3,False,1,0,0,0,0,1,False,,False,iakovleva nataliia,1,0,1924.0,76.65822309113236,0.0,0.0,30.0,0.0
VSEH,Агранович Мария,Директор департамента развития собственных торговых марок ООО «ВсеИнструменты.ру»,False,,538.0,Агранович Мария,,,,,,,,,,,Агранович Мария,директор департамента развития собственных торговых марок ООО «ВсеИнструменты.ру»,0,0,0,0,1,0,0,0,0,0,0.0,0,0,0,0.0,0,0,0,0,0,1,1,1,0,0,False,0,0,0,0,0,1,False,,False,agranovich mariia,1,0,538.0,63.754957228100416,0.0,0.0,0.0,0.0
VSEH,Алеева Гульнара Ринатовна,Корпоративный секретарь ПАО «ВИ.ру» с 20 июня 2024 года,False,,7.0,Алеева Гульнара Ринатовна,,,,,,,,,,,Алеева Гульнара Ринатовна,корпоративный секретарь ПАО «ВИ.ру»,0,0,0,0,1,0,0,0,0,0,0.0,0,0,0,0.0,0,4,4,4,10,1,1,1,0,4,False,1,0,0,0,0,1,False,,False,aleeva gulnara rinatovna,1,0,7.0,21.07801299653575,0.0,0.0,30.0,0.0
VSEH,Безумов Олег Игоревич,Член Совета директоров ПАО «ВИ.ру»; исполнительный директор; финансовый директор ООО «ВсеИнструменты.ру»,False,,674.0,Безумов Олег Игоревич,,,,,,,,,,,Безумов Олег Игоревич,член Совета директоров ПАО «ВИ.ру»; исполнительный директор; финансовый директор ООО «ВсеИнструменты.ру»,0,0,1,0,0,0,1,0,0,0,0.0,0,0,0,0.0,0,5,5,5,13,1,1,1,1,5,False,1,0,0,0,0,1,False,,False,bezumov igorevich oleg,1,0,674.0,66.03561389659389,0.0,0.0,30.0,0.0
VSEH,Гребенюк Михаил Сергеевич,Член Совета директоров ПАО «ВИ.ру»; независимый директор; член Комитета по аудиту; член Комитета по вознаграждениям и номинациям,False,,1708.0,Гребенюк Михаил Сергеевич,,,,,,,,,,,Гребенюк Михаил Сергеевич,член Совета директоров ПАО «ВИ.ру»; независимый директор; член Комитета по аудиту; член Комитета по вознаграждениям и номинациям,0,0,0,0,1,0,0,0,0,0,0.0,0,0,0,0.0,0,1,1,1,9,1,1,1,1,1,False,1,0,0,0,0,1,False,,False,grebeniuk mikhail sergeevich,1,0,1708.0,75.45181564844806,0.0,0.0,30.0,0.0
VSEH,Гришков Сергей,Руководитель корпоративных финансов и IR ООО «ВсеИнструменты.ру»,False,,2983.0,Гришков Сергей,,,,,,,,,,,Гришков Сергей,руководитель отдела корпоративных финансов / IR,0,0,0,0,1,0,0,0,0,0,0.0,0,0,0,0.0,0,0,0,0,0,1,1,1,0,0,False,0,0,0,0,0,1,False,,False,grishkov sergei,1,0,2983.0,81.10139157558855,0.0,0.0,0.0,0.0
VSEH,Грунин Дмитрий,Директор по электронной коммерции ПАО «ВИ.ру» с 25 июля 2024 года; руководитель направления продаж и маркетинга,False,-0.2775249495278715,1645.0,Грунин Дмитрий,,,,,,,,,,,Грунин Дмитрий,директор по электронной коммерции ПАО «ВИ.ру»; руководитель направления продаж и маркетинга,0,0,0,0,1,0,0,0,0,0,0.0,0,0,0,0.0,0,1,1,1,1,1,1,1,1,1,False,0,0,0,0,0,1,False,,False,dmitrii grunin,1,1,1645.0,75.0710900953215,0.0,0.0,0.0,38.221797295906086
VSEH,Денисенко Сергей,Руководитель PR-направления ООО «ВсеИнструменты.ру»,False,,6110.0,Денисенко Сергей,,,,,,,,,,,Денисенко Сергей,руководитель PR-направления,0,0,0,0,1,0,0,0,0,0,0.0,0,0,0,0.0,0,0,0,0,0,1,1,1,0,0,False,0,0,0,0,0,1,False,,False,denisenko sergei,1,0,6110.0,88.36741085836233,0.0,0.0,0.0,0.0
VSEH,Ершов Роман Владимирович,Член Совета директоров ПАО «ВИ.ру»; независимый директор; председатель Комитета по вознаграждениям и номинациям; член Комитета по аудиту,False,,764.0,Ершов Роман Владимирович,,,,,N,N,N,,,,Ершов Роман Владимирович,член Совета директоров ПАО «ВИ.ру»; независимый директор; председатель Комитета по вознаграждениям и номинациям; член Комитета по аудиту,0,0,0,0,1,0,0,0,0,0,0.0,0,0,0,0.0,0,12,3,3,27,1,1,1,1,1,False,1,0,0,0,0,1,False,,False,ershov roman vladimirovich,1,0,764.0,67.30431527674453,3.0,57.81296526357757,30.0,0.0
VSEH,Иванов Павел Андреевич,Член Совета директоров ПАО «ВИ.ру»; неисполнительный директор; генеральный директор ООО «Вирент»,True,,1344.0,Иванов Павел Андреевич,,,,,,,,,,,Иванов Павел Андреевич,член Совета директоров ПАО «ВИ.ру»; неисполнительный директор; генеральный директор ООО «Вирент»,0,0,0,0,1,0,0,0,0,0,0.0,0,0,0,0.0,0,10,5,5,10,1,1,1,1,5,False,1,0,0,0,0,1,False,,True,andreevich ivanov pavel,1,0,1344.0,73.02400638002501,0.0,0.0,30.0,0.0
VSEH,Кузин Вадим Сергеевич,Член Совета директоров ПАО «ВИ.ру»; неисполнительный директор; член Комитета по вознаграждениям и номинациям; генеральный директор ООО «Ви.Тех»; генеральный директор ООО «ВИ Холдинг» с августа 2024 года,True,,260.0,Кузин Вадим Сергеевич,,,,,,,,,,,Кузин Вадим Сергеевич,член Совета директоров ПАО «ВИ.ру»; неисполнительный директор; член Комитета по вознаграждениям и номинациям; генеральный директор ООО «Ви.Тех»; генеральный директор ООО «ВИ Холдинг»,0,0,0,0,1,0,0,0,0,0,0.0,0,0,0,0.0,0,6,6,6,10,1,1,1,1,6,False,1,0,0,0,0,1,False,,True,kuzin sergeevich vadim,1,0,260.0,56.40410231022245,0.0,0.0,30.0,0.0
VSEH,Куприянов Иван,Директор по закупкам ООО «ВсеИнструменты.ру»,False,,2701.0,Куприянов Иван,,,,,,,,,,,Куприянов Иван,директор по закупкам ООО «ВсеИнструменты.ру»,0,0,0,0,1,0,0,0,0,0,0.0,0,0,0,0.0,0,0,0,0,0,1,1,1,0,0,False,0,0,0,0,0,1,False,,False,ivan kupriianov,1,0,2701.0,80.0951282122435,0.0,0.0,0.0,0.0
VSEH,Луннов Андрей Геннадьевич,Член Совета директоров ПАО «ВИ.ру»; неисполнительный директор; коммерческий директор ООО «ВсеИнструменты.ру»,False,,695.0,Луннов Андрей Геннадьевич,,,,,,,,,,,Луннов Андрей Геннадьевич,член Совета директоров ПАО «ВИ.ру»; неисполнительный директор; коммерческий директор ООО «ВсеИнструменты.ру»,0,0,0,0,1,0,0,0,0,0,0.0,0,0,0,0.0,0,8,8,8,8,1,1,1,0,8,False,1,0,0,0,0,1,False,,False,andrei gennadevich lunnov,1,0,695.0,66.34616191035076,0.0,0.0,30.0,0.0
VSEH,Фахрутдинов Валентин Кириллович,Член Совета директоров ПАО «ВИ.ру»; исполнительный директор; генеральный директор ПАО «ВИ.ру»; генеральный директор ООО «ВсеИнструменты.ру»,True,,768.0,Фахрутдинов Валентин Кириллович,,,,,,,,,,,Фахрутдинов Валентин Кириллович,член Совета директоров ПАО «ВИ.ру»; исполнительный директор; генеральный директор ПАО «ВИ.ру»; генеральный директор ООО «ВсеИнструменты.ру»,0,0,0,0,1,0,0,0,0,0,0.0,0,0,0,0.0,0,8,8,8,10,1,1,1,1,8,True,1,0,0,0,0,1,True,json_2024,False,fakhrutdinov kirillovich valentin,1,0,768.0,67.35717788212182,0.0,0.0,30.0,0.0
VSEH,Школлер Роман Александрович,Член Совета директоров ПАО «ВИ.ру»; независимый директор; председатель Комитета по аудиту; член Комитета по вознаграждениям и номинациям,False,,523.0,Школлер Роман Александрович,,,,,,,,,,,Школлер Роман Александрович,член Совета директоров ПАО «ВИ.ру»; независимый директор; председатель Комитета по аудиту; член Комитета по вознаграждениям и номинациям,0,0,0,0,1,1,1,0,0,1,0.0,0,0,0,0.0,0,3,3,3,9,1,1,1,1,1,False,1,0,0,0,0,1,False,,False,aleksandrovich roman shkoller,1,0,523.0,63.46886914320379,0.0,0.0,30.0,0.0
VSEH,Шмелева Мария Николаевна,Председатель Совета директоров ПАО «ВИ.ру»; неисполнительный директор; член Комитета по аудиту; руководитель юридического департамента ООО «ВсеИнструменты.ру»,False,,565.0,Шмелева Мария Николаевна,,,,,,,,,,,Шмелева Мария Николаевна,председатель Совета директоров ПАО «ВИ.ру»; неисполнительный директор; член Комитета по аудиту; руководитель юридического департамента ООО «ВсеИнструменты.ру»,0,0,0,0,1,0,0,0,0,0,0.0,0,0,0,0.0,0,5,5,5,9,1,1,1,0,5,False,1,0,0,0,0,1,False,,False,mariia nikolaevna shmeleva,1,0,565.0,64.2504084304294,0.0,0.0,30.0,0.0
VSMO,Бабин Владимир Семенович,Исполняющий обязанности исполнительного директора АВИСМА,False,,405.0,Бабин Владимир Семенович,,,,,,,,,,,Бабин Владимир Семенович,"исполняющий обязанности исполнительного директора АВИСМА в 2023–2026; с апреля 2026, по найденным источникам, первый заместитель исполнительного директора",0,0,0,0,1,0,0,0,0,0,0.0,0,0,0,2.0,1,2,2,2,2,1,1,1,1,0,False,0,0,0,0,2,1,False,,False,babin semenovich vladimir,1,0,405.0,60.88268769392573,0.0,0.0,6.666666666666667,0.0
VSMO,Белясова Анна Владимировна,Член Совета директоров ПАО «Корпорация ВСМПО-АВИСМА»,False,,201.0,Белясова Анна Владимировна,,,,,,,,,,,Белясова Анна Владимировна,член Совета директоров ПАО «Корпорация ВСМПО-АВИСМА»,0,0,0,0,1,0,0,0,0,0,0.0,0,0,0,0.0,0,1,1,1,3,1,1,1,1,1,False,0,0,0,0,0,1,False,,False,anna beliasova vladimirovna,1,0,201.0,53.80662705455389,0.0,0.0,0.0,0.0
VSMO,Болотникова Юлия Владимировна,Корпоративный секретарь; секретарь Совета директоров,False,,48.0,Болотникова Юлия Владимировна,,,,,,,,,,,Болотникова Юлия Владимировна,корпоративный секретарь; секретарь Совета директоров,0,0,0,0,1,0,0,0,0,0,0.0,0,0,0,0.0,0,21,5,21,30,1,1,1,1,5,False,1,0,0,0,0,1,False,,False,bolotnikova iuliia vladimirovna,1,0,48.0,39.44897568867919,0.0,0.0,30.0,0.0
VSMO,Варфоломеев Владислав Игоревич,Исполняющий обязанности заместителя генерального директора по экономике и финансам; директор по экономике и корпоративным финансам,False,,446.0,Варфоломеев Владислав Игоревич,,,,,,,,,,,Варфоломеев Владислав Игоревич,,0,0,0,0,1,0,0,0,0,0,0.0,0,0,0,0.0,0,0,0,0,3,0,0,0,1,0,False,0,0,0,0,0,1,False,,False,igorevich varfolomeev vladislav,1,0,446.0,61.85786269590186,0.0,0.0,0.0,0.0
VSMO,Вишневский Илья Игоревич,Член Совета директоров ПАО «Корпорация ВСМПО-АВИСМА»,False,,119.0,Вишневский Илья Игоревич,,,,,,,,,,,Вишневский Илья Игоревич,член Совета директоров ПАО «Корпорация ВСМПО-АВИСМА»,0,0,0,0,1,1,0,0,0,1,0.0,0,0,0,0.0,0,14,14,14,14,1,1,1,1,1,False,1,0,0,0,0,1,False,,False,igorevich ilia vishnevskii,1,0,119.0,48.52784324662897,0.0,0.0,30.0,0.0
VSMO,Вищаненко Антон Владимирович,Член Совета директоров ПАО «Корпорация ВСМПО-АВИСМА»,False,,215.0,Вищаненко Антон Владимирович,N,N,N,N,N,N,N,,,,Вищаненко Антон Владимирович,член Совета директоров ПАО «Корпорация ВСМПО-АВИСМА»,0,0,0,1,0,1,1,0,0,1,1.0,1,1,0,0.0,0,18,6,18,27,1,1,1,1,4,False,1,1,1,1,0,1,False,,False,anton vishchanenko vladimirovich,1,0,215.0,54.485873185758095,7.0,86.71944789536634,65.00000000000001,0.0
VSMO,Ледер Михаил Оттович,Директор по науке и технологии — начальник НТЦ ВСМПО,False,,987.0,Ледер Михаил Оттович,,,,,,,,,,,Ледер Михаил Оттович,директор по науке и технологии ПАО «Корпорация ВСМПО-АВИСМА»,0,0,0,1,0,0,0,0,0,0,2.0,1,1,3,1.0,1,0,0,0,0,1,1,1,0,0,False,1,1,2,1,1,1,False,,False,leder mikhail ottovich,1,0,987.0,69.89727126721742,0.0,0.0,73.33333333333334,0.0
VSMO,Ледер Олег Оттович,Заместитель генерального директора по маркетингу и сбыту,False,,5058.0,Ледер Олег Оттович,,,,,,,,,,,Ледер Олег Оттович,,0,0,0,0,1,0,0,0,0,0,0.0,0,0,0,0.0,0,0,0,0,0,1,1,1,0,0,False,0,0,0,0,0,1,False,,False,leder oleg ottovich,1,0,5058.0,86.45242952215271,0.0,0.0,0.0,0.0
VSMO,Леликов Дмитрий Юрьевич,Член Совета директоров ПАО «Корпорация ВСМПО-АВИСМА»,False,,332.0,Леликов Дмитрий Юрьевич,,,,,,,,,,,Леликов Дмитрий Юрьевич,член Совета директоров ПАО «Корпорация ВСМПО-АВИСМА»; заместитель генерального директора ГК «Ростех» по инвестиционной деятельности,0,0,0,1,0,0,0,0,0,1,0.0,0,0,0,0.0,0,1,1,1,23,1,1,1,1,1,False,1,1,0,0,0,1,False,,False,dmitrii iurevich lelikov,1,0,332.0,58.8735487080062,0.0,0.0,55.00000000000001,0.0
VSMO,Мельников Александр Константинович,Заместитель директора по техническому обеспечению и ремонтам ВСМПО,False,,599.0,Мельников Александр Константинович,,,,,,,,,,,Мельников Александр Константинович,заместитель директора по техническому обеспечению и ремонтам оборудования ПАО «Корпорация ВСМПО-АВИСМА»,0,0,0,0,1,0,0,0,0,0,0.0,0,0,0,0.0,0,1,1,1,1,1,1,1,0,1,False,1,0,0,0,0,1,False,,False,aleksandr konstantinovich melnikov,1,0,599.0,64.84172010031475,0.0,0.0,30.0,0.0
VSMO,Мельников Николай Константинович,Первый заместитель генерального директора — исполнительный директор ВСМПО,False,,274.0,Мельников Николай Константинович,,,,,,,,,,,Мельников Николай Константинович,первый заместитель генерального директора — исполнительный директор ВСМПО,0,0,0,0,1,0,0,0,0,0,0.0,0,1,0,1.0,1,12,12,12,12,1,1,1,0,12,False,1,0,0,1,1,1,False,,False,konstantinovich melnikov nikolai,1,0,274.0,56.93373524679277,0.0,0.0,38.33333333333333,0.0
VSMO,Сбытов Максим Александрович,Директор по управлению персоналом,False,,18.0,Сбытов Максим Александрович,,,,,,,,,,,Сбытов Максим Александрович,директор по управлению персоналом ПАО «Корпорация ВСМПО-АВИСМА»,0,0,0,0,1,0,0,0,0,0,0.0,0,0,0,0.0,0,2,2,2,2,1,1,1,0,2,False,0,0,0,0,0,1,False,,False,aleksandrovich maksim sbytov,1,0,18.0,29.845957112235233,0.0,0.0,0.0,0.0
VSMO,Трифонов Дмитрий Валериевич,Член Совета директоров ПАО «Корпорация ВСМПО-АВИСМА»; генеральный директор,True,,452.0,Трифонов Дмитрий Валериевич,,,,,,,,,,,Трифонов Дмитрий Валериевич,генеральный директор ПАО «Корпорация ВСМПО-АВИСМА»; член Совета директоров,0,0,0,0,1,0,0,0,0,0,0.0,0,0,0,0.0,0,15,15,15,15,1,1,1,1,3,True,1,0,0,0,0,1,True,json_2024,False,dmitrii trifonov valerievich,1,0,452.0,61.99301645296745,0.0,0.0,30.0,0.0
VSMO,Чемезов Сергей Викторович,Председатель Совета директоров ПАО «Корпорация ВСМПО-АВИСМА»,False,,2847.0,Чемезов Сергей Викторович,,,,,,,,,,,Чемезов Сергей Викторович,председатель Совета директоров ПАО «Корпорация ВСМПО-АВИСМА»; генеральный директор ГК «Ростех»,0,0,0,1,0,0,0,0,0,1,1.0,1,1,0,0.0,0,1,1,1,19,1,1,1,1,1,False,1,1,1,1,0,1,False,,False,chemezov sergei viktorovich,1,0,1618.0,80.62855280089653,0.0,0.0,65.00000000000001,0.0
VSMO,Шелков Михаил Евгеньевич,Заместитель председателя Совета директоров ПАО «Корпорация ВСМПО-АВИСМА»,False,,405.0,Шелков Михаил Евгеньевич,,,,,,,,,,,Шелков Михаил Евгеньевич,заместитель председателя Совета директоров ПАО «Корпорация ВСМПО-АВИСМА»,0,0,1,0,0,0,0,0,0,0,0.0,0,0,0,0.0,0,4,4,4,29,1,1,1,1,4,False,1,0,0,0,0,1,False,,False,evgenevich mikhail shelkov,1,0,405.0,60.88268769392573,0.0,0.0,30.0,0.0
VTBR,Андресов Юрий Николаевич,Член Правления Банка ВТБ (ПАО); куратор офлайн-каналов розничных продаж; заместитель Президента – Председателя Правления Банка «Открытие» в 2024 году,False,,1268.0,Андресов Юрий Николаевич,,N,N,N,N,N,,,,,Андресов Юрий Николаевич,Заместитель Президента – Председателя Правления Банка «Открытие»,0,0,0,0,1,0,0,0,0,0,0.0,0,0,0,0.0,0,1,1,1,1,1,1,1,1,0,False,0,0,0,0,0,1,False,,False,andresov iurii nikolaevich,1,0,1268.0,72.43442552458028,5.0,74.7221736309214,0.0,0.0
VTBR,Бортников Денис Александрович,Заместитель Президента – Председателя Правления Банка ВТБ (ПАО); руководитель блока «Средний и малый бизнес»,False,,899.0,Бортников Денис Александрович,,,,,,,,,,,Бортников Денис Александрович,Заместитель Президента – Председателя Правления Банка ВТБ (ПАО); руководитель блока среднего и малого бизнеса,0,0,0,0,1,0,0,0,0,0,0.0,0,0,0,0.0,0,1,1,1,1,1,1,1,0,1,False,0,0,0,0,0,1,False,,False,aleksandrovich bortnikov denis,1,0,899.0,68.9516691645436,0.0,0.0,0.0,0.0
VTBR,Гаврилов Сергей Анатольевич,Член Наблюдательного совета Банка ВТБ (ПАО); независимый директор,False,,1693.0,Гаврилов Сергей Анатольевич,,,,,,,,,,,Гаврилов Сергей Анатольевич,Независимый член Наблюдательного совета Банка ВТБ (ПАО),0,0,0,0,1,1,1,0,0,1,0.0,0,0,0,0.0,0,1,1,1,1,1,1,1,0,1,False,1,0,0,0,0,1,False,,False,anatolevich gavrilov sergei,1,0,1693.0,75.36245525536063,0.0,0.0,30.0,0.0
VTBR,Горшков Георгий Георгиевич,Заместитель Президента – Председателя Правления Банка ВТБ (ПАО); руководитель блока «Розничный бизнес»,False,,361.0,Горшков Георгий Георгиевич,,,,,,,,,,,Горшков Георгий Георгиевич,,0,0,0,0,1,0,0,0,0,0,0.0,0,0,0,0.0,0,0,0,0,0,0,0,0,0,0,False,0,0,0,0,0,1,False,,False,georgievich georgii gorshkov,1,0,361.0,59.719954025496925,0.0,0.0,0.0,0.0
VTBR,Григоренко Дмитрий Юрьевич,Председатель Наблюдательного совета Банка ВТБ (ПАО); неисполнительный директор,False,,1941.0,Григоренко Дмитрий Юрьевич,,,,,,,,,,,Григоренко Дмитрий Юрьевич,Председатель Наблюдательного совета Банка ВТБ (ПАО),0,0,1,0,0,0,0,0,1,1,0.0,0,0,0,0.0,0,1,1,1,1,1,1,1,0,1,False,1,0,0,0,0,1,False,,False,dmitrii grigorenko iurevich,1,0,1941.0,76.74734623436065,0.0,0.0,30.0,0.0
VTBR,Дергунова Ольга Константиновна,Заместитель Президента – Председателя Правления Банка ВТБ (ПАО),False,,2014.0,Дергунова Ольга Константиновна,,,,,,,,,,,Дергунова Ольга Константиновна,Заместитель Президента – Председателя Правления Банка ВТБ (ПАО),0,0,0,0,1,0,0,0,0,0,0.0,0,0,0,0.0,0,0,0,0,0,1,1,1,0,0,False,1,0,0,0,0,1,False,,False,dergunova konstantinovna olga,1,0,2014.0,77.12138708355212,0.0,0.0,30.0,0.0
VTBR,Диркс Наталья Германовна,Член Правления Банка ВТБ (ПАО); руководитель Департамента операционной поддержки бизнеса – старший вице-президент,False,,1910.0,Диркс Наталья Германовна,,,,,,,,,,,Диркс Наталья Германовна,,0,0,0,0,1,0,0,0,0,0,0.0,0,0,0,0.0,0,0,0,0,0,0,0,0,0,0,False,0,0,0,0,0,1,False,,False,dirks germanovna nataliia,1,0,1910.0,76.58423457571165,0.0,0.0,0.0,0.0
VTBR,Еременко Руслан Юрьевич,Член Правления Банка ВТБ (ПАО) с марта 2024 года; руководитель Департамента регионального корпоративного бизнеса – старший вице-президент,False,,518.0,Еременко Руслан Юрьевич,,,,,,,,,,,Еременко Руслан Юрьевич,Член Правления Банка ВТБ (ПАО),0,0,0,0,1,0,0,0,0,0,0.0,0,0,0,0.0,0,1,1,1,1,1,1,1,0,1,False,0,0,0,0,0,1,False,,False,eremenko iurevich ruslan,1,0,518.0,63.37168353192026,0.0,0.0,0.0,0.0
VTBR,Каганов Вениамин Шаевич,Член Наблюдательного совета Банка ВТБ (ПАО); независимый директор,False,,3688.0,Каганов Вениамин Шаевич,,,,,,,,,,,Каганов Вениамин Шаевич,Член Наблюдательного совета Банка ВТБ (ПАО),0,0,0,1,0,0,0,0,0,1,0.0,0,0,0,0.0,0,1,1,1,1,1,1,1,0,1,False,1,1,0,0,0,1,False,,False,kaganov shaevich veniamin,1,0,3688.0,83.25122421382481,0.0,0.0,55.00000000000001,0.0
VTBR,Кондратенко Максим Дмитриевич,Член Правления Банка ВТБ (ПАО); главный риск-менеджер (CRO) Группы ВТБ,False,,261.0,Кондратенко Максим Дмитриевич,,,,,,,,,,,Кондратенко Максим Дмитриевич,,0,0,0,0,1,0,0,0,0,0,0.0,0,0,0,0.0,0,0,0,0,0,0,0,0,0,0,False,0,0,0,0,0,1,False,,False,dmitrievich kondratenko maksim,1,0,261.0,56.4428648110252,0.0,0.0,0.0,0.0
VTBR,Костин Андрей Леонидович,Член Наблюдательного совета Банка ВТБ (ПАО); исполнительный директор; Президент – Председатель Правления Банка ВТБ (ПАО),True,,4230.0,Костин Андрей Леонидович,,,,,,,,,,,Костин Андрей Леонидович,Президент – Председатель Правления Банка ВТБ (ПАО),0,0,0,1,0,0,0,0,0,1,0.0,0,0,0,0.0,0,1,1,1,1,1,1,1,0,1,True,1,1,0,0,0,1,True,json_2024,False,andrei kostin leonidovich,1,0,4230.0,84.64074933853891,0.0,0.0,55.00000000000001,0.0
VTBR,Кулик Вадим Валерьевич,Заместитель Президента – Председателя Правления Банка ВТБ (ПАО); руководитель технологического блока,False,,492.0,Кулик Вадим Валерьевич,,N,,,,,,N,N,N,Кулик Вадим Валерьевич,Заместитель Президента – Председателя Правления Банка ВТБ (ПАО); руководитель технологического блока,0,0,0,0,1,0,0,0,0,0,0.0,0,0,0,0.0,0,1,1,1,1,1,1,1,0,1,False,0,0,0,0,0,1,False,,False,kulik vadim valerevich,1,0,492.0,62.85072714765142,4.0,67.11877414712396,0.0,0.0
VTBR,Левыкин Владимир Дмитриевич,Член Правления Банка ВТБ (ПАО); руководитель Департамента стратегии и корпоративного развития,False,,567.0,Левыкин Владимир Дмитриевич,,,,,,,N,,,,Левыкин Владимир Дмитриевич,,0,0,0,0,1,0,0,0,0,0,0.0,0,0,0,0.0,0,0,0,0,0,0,0,0,0,0,False,0,0,0,0,0,1,False,,False,dmitrievich levykin vladimir,1,0,567.0,64.28616289997842,1.0,28.906482631788784,0.0,0.0
VTBR,Лозовой Алексей,Член Правления Банка ВТБ (ПАО); до избрания в Правление — руководитель юридического департамента,False,,2358.0,Лозовой Алексей,,,,,,,,,,,Лозовой Алексей,,0,0,0,0,1,0,0,0,0,0,0.0,0,0,0,0.0,0,0,0,0,0,0,0,0,0,0,False,0,0,0,0,0,1,False,,False,aleksei lozovoi,1,0,2358.0,78.71906941251476,0.0,0.0,0.0,0.0
VTBR,Лукьяненко Валерий Васильевич,Заместитель Президента – Председателя Правления Банка ВТБ (ПАО); член Правления,False,,556.0,Лукьяненко Валерий Васильевич,,,,,,,,,,,Лукьяненко Валерий Васильевич,Заместитель Президента – Председателя Правления Банка ВТБ (ПАО),0,0,0,0,1,0,0,0,0,0,0.0,0,0,0,0.0,0,1,1,1,1,1,1,1,0,1,False,0,0,0,0,0,1,False,,False,lukianenko valerii vasilevich,1,0,556.0,64.08793400894322,0.0,0.0,0.0,0.0
VTBR,Моисеев Алексей Владимирович,Член Наблюдательного совета Банка ВТБ (ПАО); неисполнительный директор,False,,2733.0,Моисеев Алексей Владимирович,,,,,,,,,,,Моисеев Алексей Владимирович,Член Наблюдательного совета Банка ВТБ (ПАО),0,0,0,0,1,0,0,0,0,0,0.0,0,0,0,0.0,0,1,1,1,1,1,1,1,0,1,False,0,0,0,0,0,1,False,,False,aleksei moiseev vladimirovich,1,0,2416.0,80.21446888856593,0.0,0.0,0.0,0.0
VTBR,Норов Эркин Рахматович,Член Правления Банка ВТБ (ПАО),False,,490.0,Норов Эркин Рахматович,,,,,,,,,,,Норов Эркин Рахматович,,0,0,0,0,1,0,0,0,0,0,0.0,0,0,0,0.0,0,0,0,0,0,0,0,0,0,0,False,0,0,0,0,0,1,False,,False,erkin norov rakhmatovich,1,0,490.0,62.80952228762866,0.0,0.0,0.0,0.0
VTBR,Осеевский Михаил Эдуардович,Член Наблюдательного совета Банка ВТБ (ПАО); независимый директор,False,,3848.0,Осеевский Михаил Эдуардович,,,N,,,,,,,,Осеевский Михаил Эдуардович,Член Наблюдательного совета Банка ВТБ (ПАО),0,0,1,0,0,0,0,0,0,0,0.0,0,0,0,0.0,0,1,1,1,1,1,1,1,0,1,False,1,0,0,0,0,1,False,,False,eduardovich mikhail oseevskii,1,0,3742.0,83.68159425493472,1.0,28.906482631788784,30.0,0.0
VTBR,Прокофьев Станислав Евгеньевич,Член Наблюдательного совета Банка ВТБ (ПАО); независимый директор,False,-0.0817881172513851,3586.0,Прокофьев Станислав Евгеньевич,,,,,,,,,,,Прокофьев Станислав Евгеньевич,Член Наблюдательного совета Банка ВТБ (ПАО),0,0,0,1,0,0,0,0,0,1,0.0,0,1,0,0.0,0,1,1,1,1,1,1,1,0,1,False,1,1,0,1,0,1,False,,False,evgenevich prokofev stanislav,1,1,1435.0,82.9670079792811,0.0,0.0,60.00000000000001,46.310893540570305
VTBR,Пьянов Дмитрий Васильевич,Первый заместитель Президента – Председателя Правления Банка ВТБ (ПАО); куратор финансовой и административно-хозяйственной функций и интеграции финансовых активов,False,,421.0,Пьянов Дмитрий Васильевич,,,,W,N,N,N,W,N,W,Пьянов Дмитрий Васильевич,Первый заместитель Президента – Председателя Правления Банка ВТБ (ПАО),0,0,0,0,1,0,0,0,0,0,0.0,0,0,0,0.0,0,1,1,1,1,1,1,1,0,1,False,0,0,0,0,0,1,False,,False,dmitrii pianov vasilevich,1,0,421.0,61.27448068121583,10.0,100.0,0.0,0.0
VTBR,Репин Игорь Николаевич,Член Наблюдательного совета Банка ВТБ (ПАО); независимый директор,False,,706.0,Репин Игорь Николаевич,,,,,,,,,,,Репин Игорь Николаевич,Независимый член Наблюдательного совета Банка ВТБ (ПАО),0,0,0,0,1,1,1,0,0,1,0.0,0,0,0,0.0,0,1,1,1,1,1,1,1,0,1,False,1,0,0,0,0,1,False,,False,igor nikolaevich repin,1,0,706.0,66.5051105667149,0.0,0.0,30.0,0.0
VTBR,Решетников Максим Геннадьевич,Член Наблюдательного совета Банка ВТБ (ПАО); неисполнительный директор,False,,2826.0,Решетников Максим Геннадьевич,,,,,,,,,,,Решетников Максим Геннадьевич,Член Наблюдательного совета Банка ВТБ (ПАО),0,0,0,1,0,0,0,0,0,1,0.0,0,0,0,0.0,0,1,1,1,1,1,1,1,0,1,False,1,1,0,0,0,1,False,,False,gennadevich maksim reshetnikov,1,0,2826.0,80.55353430385264,0.0,0.0,55.00000000000001,0.0
VTBR,Сергейчук Виталий Юрьевич,Член Правления Банка ВТБ (ПАО); руководитель блока «Корпоративно-инвестиционный бизнес»,False,,329.0,Сергейчук Виталий Юрьевич,,,,,,,,,,,Сергейчук Виталий Юрьевич,Член Правления Банка ВТБ (ПАО); руководитель блока корпоративно-инвестиционного бизнеса,0,0,0,0,1,0,0,0,0,0,0.0,0,0,0,0.0,0,1,1,1,1,1,1,1,0,1,False,0,0,0,0,0,1,False,,False,iurevich sergeichuk vitalii,1,0,329.0,58.78181612169302,0.0,0.0,0.0,0.0
VTBR,Сидоренко Валерий Валерьевич,Член Наблюдательного совета Банка ВТБ (ПАО); неисполнительный директор,False,,515.0,Сидоренко Валерий Валерьевич,,,,,,,,,,,Сидоренко Валерий Валерьевич,Член Наблюдательного совета Банка ВТБ (ПАО),0,0,0,0,1,0,0,0,0,0,0.0,0,0,0,0.0,0,1,1,1,1,1,1,1,0,1,False,0,0,0,0,0,1,False,,False,sidorenko valerevich valerii,1,0,515.0,63.31292173484952,0.0,0.0,0.0,0.0
VTBR,Шадаев Максут Игоревич,Член Наблюдательного совета Банка ВТБ (ПАО); неисполнительный директор,False,,2670.0,Шадаев Максут Игоревич,,,,,,,,,,,Шадаев Максут Игоревич,Член Наблюдательного совета Банка ВТБ (ПАО),0,0,1,0,0,0,0,0,0,0,0.0,0,0,0,0.0,0,1,1,1,1,1,1,1,0,1,False,1,0,0,0,0,1,False,,False,igorevich maksut shadaev,1,0,2519.0,79.97816140912272,0.0,0.0,30.0,0.0
WUSH,Баяндин Егор Александрович,Председатель Совета директоров ПАО «ВУШ Холдинг»; заместитель генерального директора ООО «ВУШ» по информационным технологиям; технический директор Whoosh,False,,258.0,Баяндин Егор Александрович,,,,,,,,,,,Баяндин Егор Александрович,Председатель Совета директоров ПАО «ВУШ Холдинг»; заместитель генерального директора ООО «ВУШ» по информационным технологиям; технический директор Whoosh,0,0,1,0,0,0,0,0,0,0,0.0,0,0,0,0.0,0,5,5,5,14,1,1,1,1,1,False,1,0,0,0,0,1,False,,False,aleksandrovich baiandin egor,1,0,258.0,56.32612975953089,0.0,0.0,30.0,0.0
WUSH,Еремин Антон Валентинович,Член Совета директоров ПАО «ВУШ Холдинг»; первый заместитель генерального директора ООО «ВУШ»,False,,854.0,Еремин Антон Валентинович,,,,,,,,,,,Еремин Антон Валентинович,Член Совета директоров ПАО «ВУШ Холдинг»; первый заместитель генерального директора ООО «ВУШ»,0,0,0,0,1,0,0,0,0,0,0.0,0,0,0,0.0,0,1,1,1,1,1,1,1,0,1,False,0,0,0,0,0,1,False,,False,anton eremin valentinovich,1,0,854.0,68.4317407587359,0.0,0.0,0.0,0.0
WUSH,Ефремов Николай Сергеевич,"Независимый директор, член Совета директоров ПАО «ВУШ Холдинг»",False,,229.0,Ефремов Николай Сергеевич,,,,,,,,,,,Ефремов Николай Сергеевич,"Независимый директор, член Совета директоров ПАО «ВУШ Холдинг»",0,0,0,0,1,0,0,0,0,0,0.0,0,0,0,0.0,0,1,1,1,1,1,1,1,0,1,False,0,0,0,0,0,1,False,,False,efremov nikolai sergeevich,1,0,229.0,55.12244708599916,0.0,0.0,0.0,0.0
WUSH,Журавлев Олег Александрович,Член Совета директоров ПАО «ВУШ Холдинг»; заместитель генерального директора ООО «ВУШ» по территориальному развитию,False,,1110.0,Журавлев Олег Александрович,,,,,,,,,,,Журавлев Олег Александрович,Член Совета директоров ПАО «ВУШ Холдинг»; заместитель генерального директора ООО «ВУШ» по территориальному развитию,0,1,0,0,0,0,0,0,0,1,0.0,0,0,0,0.0,0,1,1,1,3,1,1,1,1,1,False,1,0,0,0,0,1,False,,False,aleksandrovich oleg zhuravlev,1,0,1110.0,71.08660426179652,0.0,0.0,30.0,0.0
WUSH,Зальцман Евгений Ефимович,Член Совета директоров ПАО «ВУШ Холдинг»,False,,269.0,Зальцман Евгений Ефимович,,,,,,,,,,,Зальцман Евгений Ефимович,Член Совета директоров ПАО «ВУШ Холдинг»,0,0,1,0,0,0,0,0,0,1,0.0,0,0,0,0.0,0,9,3,9,14,1,1,1,1,1,False,1,0,0,0,0,1,False,,False,efimovich evgenii zaltsman,1,0,269.0,56.747741375086704,0.0,0.0,30.0,0.0
WUSH,Камойлик Юлия,Директор по коммуникациям Whoosh,False,,14.0,Камойлик Юлия,,,,,,,,,,,Камойлик Юлия,Директор по коммуникациям Whoosh,0,0,0,0,1,0,0,0,0,0,0.0,0,0,0,0.0,0,1,1,1,1,1,1,1,1,0,False,0,0,0,0,0,1,False,,False,iuliia kamoilik,1,0,14.0,27.44983025009322,0.0,0.0,0.0,0.0
WUSH,Лаврентьев Сергей Владимирович,Член Совета директоров ПАО «ВУШ Холдинг»; заместитель генерального директора ООО «ВУШ» по взаимодействию с органами власти,False,,1019.0,Лаврентьев Сергей Владимирович,,,,,,,,,,,Лаврентьев Сергей Владимирович,Член Совета директоров ПАО «ВУШ Холдинг»; заместитель генерального директора ООО «ВУШ» по взаимодействию с органами власти,0,0,1,0,0,0,0,0,0,0,0.0,0,0,0,0.0,0,5,5,5,17,1,1,1,1,1,False,1,0,0,0,0,1,False,,False,lavrentev sergei vladimirovich,1,0,1019.0,70.22037054469425,0.0,0.0,30.0,0.0
WUSH,Литвина Анастасия Леонидовна,Корпоративный секретарь ПАО «ВУШ Холдинг»,False,,564.0,Литвина Анастасия Леонидовна,,,,,,,,,,,Литвина Анастасия Леонидовна,Корпоративный секретарь ПАО «ВУШ Холдинг»,0,0,0,0,1,0,0,0,0,0,0.0,0,0,0,0.0,0,1,1,1,1,1,1,1,0,1,False,0,0,0,0,0,1,False,,False,anastasiia leonidovna litvina,1,0,564.0,64.23248378984813,0.0,0.0,0.0,0.0
WUSH,Розанов Всеволод Валерьевич,"Независимый директор, член Совета директоров ПАО «ВУШ Холдинг»",False,,222.0,Розанов Всеволод Валерьевич,N,W,N,,,,,,,,Розанов Всеволод Валерьевич,"Независимый директор, член Совета директоров ПАО «ВУШ Холдинг»",0,0,0,0,1,0,0,0,0,0,0.0,0,0,0,0.0,0,1,1,1,1,1,1,1,0,1,False,0,0,0,0,0,1,False,,False,rozanov valerevich vsevolod,1,0,222.0,54.80915649173155,4.0,67.11877414712396,0.0,0.0
WUSH,Синявский Александр,Финансовый директор Whoosh,False,,1229.0,Синявский Александр,,,N,N,N,,,,,,Синявский Александр,Финансовый директор Whoosh,0,0,0,0,1,0,0,0,0,0,0.0,0,0,0,0.0,0,1,1,1,1,1,1,1,1,0,False,0,0,0,0,0,1,False,,False,aleksandr siniavskii,1,0,1229.0,72.11801817659051,3.0,57.81296526357757,0.0,0.0
WUSH,Соловьева Юлия,"Независимый директор, член Совета директоров ПАО «ВУШ Холдинг»",False,,1969.0,Соловьева Юлия,,,,,N,N,N,,,,Соловьева Юлия,"Независимый директор, член Совета директоров ПАО «ВУШ Холдинг»",0,0,0,0,1,0,0,0,0,0,0.0,0,0,0,0.0,0,1,1,1,1,1,1,1,0,1,False,0,0,0,0,0,1,False,,False,iuliia soloveva,1,0,1969.0,76.89245028945452,3.0,57.81296526357757,0.0,0.0
WUSH,Чуйко Дмитрий Владимирович,Член Совета директоров ПАО «ВУШ Холдинг»; генеральный директор ПАО «ВУШ Холдинг»; основатель Whoosh,True,,536.0,Чуйко Дмитрий Владимирович,,,,,,,,,,,Чуйко Дмитрий Владимирович,Член Совета директоров ПАО «ВУШ Холдинг»; генеральный директор ПАО «ВУШ Холдинг»; основатель Whoosh,0,1,0,0,0,0,0,0,0,0,0.0,0,0,0,0.0,0,6,4,6,6,1,1,1,1,1,True,1,0,0,0,0,1,True,json_2024,False,chuiko dmitrii vladimirovich,1,0,536.0,63.71727546869255,0.0,0.0,30.0,0.0
YDEX,Александр Аникин,Руководитель направления Ridetech; генеральный директор ООО «Яндекс.Такси»,True,,4240.0,Александр Аникин,,,,,,,,,,,Александр Аникин,генеральный директор Яндекс Такси; руководитель направления Ridetech,0,0,1,0,0,0,0,0,0,0,0.0,0,0,0,0.0,0,9,9,9,9,1,1,1,1,9,False,1,0,0,0,0,1,False,,True,aleksandr anikin,1,0,4240.0,84.66467848470228,0.0,0.0,30.0,0.0
YDEX,Александр Балахнин,Финансовый директор Яндекса,False,,1493.0,Александр Балахнин,,,,,,,,,,,Александр Балахнин,финансовый директор Яндекса,0,0,1,0,0,0,0,0,0,0,0.0,0,0,0,0.0,0,2,2,2,2,1,1,1,1,2,False,1,0,0,0,0,1,False,,False,aleksandr balakhnin,1,0,1493.0,74.08896578744627,0.0,0.0,30.0,0.0
YDEX,Александр Ганьшин,Генеральный директор Яндекс Погоды; генеральный директор Яндекс Пробок,True,,912.0,Александр Ганьшин,,,,,,,,,,,Александр Ганьшин,генеральный директор Яндекс Погоды; генеральный директор Яндекс Пробок,0,0,0,1,0,0,0,0,0,0,0.0,0,0,0,0.0,0,0,0,0,0,1,1,1,1,0,False,1,1,0,0,0,1,False,,True,aleksandr ganshin,1,0,912.0,69.097036201874,0.0,0.0,55.00000000000001,0.0
YDEX,Александр Дунаевский,Генеральный директор Кинопоиска,True,,1133.0,Александр Дунаевский,,,,,,,,,,,Александр Дунаевский,генеральный директор Кинопоиска,0,0,0,0,1,0,0,0,0,0,0.0,0,0,0,0.0,0,1,0,1,1,1,0,1,1,0,False,1,0,0,0,0,1,False,,True,aleksandr dunaevskii,1,0,1133.0,71.29430576214796,0.0,0.0,30.0,0.0
YDEX,Александр Ивлев,Независимый директор,False,,2552.0,Александр Ивлев,N,W,N,N,N,,,,,,Александр Ивлев,независимый директор,0,0,0,0,1,0,0,0,0,0,0.0,0,0,0,0.0,0,1,1,1,1,1,1,1,1,1,False,0,0,0,0,0,1,False,,False,aleksandr ivlev,1,0,2552.0,79.52016121173355,6.0,81.15075629572489,0.0,0.0
YDEX,Александр Крайнов,Директор по развитию технологий искусственного интеллекта,False,,2715.0,Александр Крайнов,,,,,,,,,,,Александр Крайнов,директор по развитию технологий искусственного интеллекта,0,0,1,0,0,0,0,0,0,0,0.0,0,0,0,0.0,0,0,0,0,0,1,1,1,1,0,False,1,0,0,0,0,1,False,,False,aleksandr krainov,1,0,2715.0,80.1475127299046,0.0,0.0,30.0,0.0
YDEX,Александр Чачава,Неисполнительный директор,False,,5720.0,Александр Чачава,,,,,,,,,,,Александр Чачава,неисполнительный директор,0,0,0,0,1,0,0,0,0,0,0.0,0,0,0,0.0,0,1,1,1,1,1,1,1,0,1,False,0,0,0,0,0,1,False,,False,aleksandr chachava,1,0,5720.0,87.69894882006902,0.0,0.0,0.0,0.0
YDEX,Александра Сагалович,Руководитель Яндекс Музыки,False,,676.0,Александра Сагалович,,,,,,,,,,,Александра Сагалович,руководитель Яндекс Музыки,0,0,0,0,1,0,0,0,0,0,0.0,0,0,0,0.0,0,4,0,4,4,1,0,1,1,0,False,0,0,0,0,0,1,False,,False,aleksandra sagalovich,1,0,676.0,66.06560321316525,0.0,0.0,0.0,0.0
YDEX,Алексей Кудрин,Советник по корпоративному развитию Яндекса,False,,10641.0,Алексей Кудрин,,,,,,,,,,,Алексей Кудрин,советник по корпоративному развитию Яндекса,0,0,0,1,0,0,0,0,0,1,0.0,0,1,3,0.0,0,3,3,3,20,1,1,1,0,3,False,1,1,0,1,0,1,False,,False,aleksei kudrin,1,0,10641.0,93.99024429481314,0.0,0.0,60.00000000000001,0.0
YDEX,Алексей Яковицкий,Независимый директор,False,,4118.0,Алексей Яковицкий,N,,,,,,,,,,Алексей Яковицкий,независимый директор,0,0,0,0,1,0,0,0,0,0,0.0,0,0,0,0.0,0,7,7,7,7,1,1,1,0,7,False,0,0,0,0,0,1,False,,False,aleksei iakovitskii,1,0,545.0,84.36881093590051,1.0,28.906482631788784,0.0,0.0
YDEX,Андрей Бетин,Независимый директор,False,-0.3770013646866924,1062.0,Андрей Бетин,,,,,,,,,,,Андрей Бетин,независимый директор,0,0,1,0,0,0,1,0,0,0,0.0,0,0,0,0.0,0,1,1,1,2,1,1,1,1,1,False,1,0,0,0,0,1,False,,False,andrei betin,1,1,1062.0,70.63892679903994,0.0,0.0,30.0,34.110796382407905
YDEX,Андрей Гевак,Генеральный директор Яндекс Плюса,True,,2563.0,Андрей Гевак,,,,,,,,,,,Андрей Гевак,генеральный директор Яндекс Плюса,0,0,0,0,1,0,0,0,0,0,0.0,0,0,0,0.0,0,0,0,0,0,1,0,1,1,0,False,0,0,0,0,0,1,False,,True,andrei gevak,1,0,2563.0,79.56374157891572,0.0,0.0,0.0,0.0
YDEX,Андрей Себрант,Директор по стратегическому маркетингу,False,,3446.0,Андрей Себрант,,,,,,,,,,,Андрей Себрант,директор по стратегическому маркетингу сервисов Яндекса,0,0,0,1,0,0,0,0,0,0,0.0,0,1,0,0.0,0,0,0,0,0,1,1,1,0,0,False,1,1,0,1,0,1,False,,False,andrei sebrant,1,0,3446.0,82.56345925671302,0.0,0.0,60.00000000000001,0.0
YDEX,Антон Сычёв,Неисполнительный директор,False,,987.0,Антон Сычёв,,,,,,,,,,,Антон Сычёв,неисполнительный директор,0,0,0,0,1,0,0,0,0,0,0.0,0,0,0,0.0,0,1,1,1,1,1,1,1,1,1,False,0,0,0,0,0,1,False,,False,anton sychev,1,0,987.0,69.89727126721742,0.0,0.0,0.0,0.0
YDEX,Артём Савиновский,Исполнительный директор; генеральный директор МКПАО «ЯНДЕКС»,True,,1069.0,Артём Савиновский,,,,,,,,,,,Артём Савиновский,исполнительный директор; генеральный директор МКПАО «ЯНДЕКС»,0,0,0,0,1,0,0,0,0,0,0.0,0,0,0,0.0,0,22,22,22,22,1,1,1,0,22,True,0,0,0,0,0,1,True,json_2024,False,artem savinovskii,1,0,1069.0,70.70545743755771,0.0,0.0,0.0,0.0
YDEX,Вадим Петров,Генеральный директор Яндекс Лавки,True,,613.0,Вадим Петров,,,,,,,,,,,Вадим Петров,генеральный директор Яндекс Лавки,0,0,0,0,1,0,0,0,0,0,0.0,0,0,0,0.0,0,0,0,0,2,0,0,0,1,0,False,0,0,0,0,0,1,False,,True,petrov vadim,1,0,613.0,65.07551850861981,0.0,0.0,0.0,0.0
YDEX,Виталий Григораш,Руководитель Яндекс Книг,False,,255.0,Виталий Григораш,,,,,,,,,,,Виталий Григораш,руководитель Яндекс Книг,0,0,0,0,1,0,0,0,0,0,0.0,0,0,0,0.0,0,0,0,0,0,1,0,1,1,0,False,1,0,0,0,0,1,False,,False,grigorash vitalii,1,0,255.0,56.208034657428676,0.0,0.0,30.0,0.0
YDEX,Даниил Шулейко,Директор бизнес-группы E-commerce и Ridetech,False,,1642.0,Даниил Шулейко,,,N,,,N,,,,,Даниил Шулейко,директор бизнес-группы E-commerce и Ridetech,0,0,0,0,1,0,0,0,0,0,0.0,0,0,0,0.0,0,4,4,4,4,1,1,1,0,4,False,0,0,0,0,0,1,False,,False,daniil shuleiko,1,0,1642.0,75.0525986673767,2.0,45.81569099913263,0.0,0.0
YDEX,Дмитрий Литвинов,Генеральный директор BandLink,True,,1775.0,Дмитрий Литвинов,,,,,,,,,,,Дмитрий Литвинов,,0,0,0,0,1,0,0,0,0,0,0.0,0,0,0,0.0,0,0,0,0,0,0,0,0,0,0,False,0,0,0,0,0,1,False,,True,dmitrii litvinov,1,0,1775.0,75.84161264031309,0.0,0.0,0.0,0.0
YDEX,Дмитрий Масюк,Директор бизнес-группы Поиска и рекламных технологий,False,,1060.0,Дмитрий Масюк,,,,,,,,,,,Дмитрий Масюк,директор бизнес-группы Поиска и рекламных технологий,0,0,1,0,0,0,0,0,0,0,0.0,0,0,0,0.0,0,2,2,2,8,1,1,1,0,2,False,1,0,0,0,0,1,False,,False,dmitrii masiuk,1,0,1060.0,70.61983756249926,0.0,0.0,30.0,0.0
YDEX,Дмитрий Субботин,Руководитель Яндекс Афиши,False,,1604.0,Дмитрий Субботин,,,,,,,,,,,Дмитрий Субботин,руководитель Яндекс Афиши,0,0,0,0,1,0,0,0,0,0,0.0,0,0,0,0.0,0,0,0,0,0,1,0,1,1,0,False,0,0,0,0,0,1,False,,False,dmitrii subbotin,1,0,1604.0,74.81540650178658,0.0,0.0,0.0,0.0
YDEX,Евгений Анищенков,Руководитель сервисов Яндекс Еда и Деливери,False,,326.0,Евгений Анищенков,,,,,,,,,,,Евгений Анищенков,руководитель сервисов Яндекс Еда и Деливери,0,0,0,0,1,0,0,0,0,0,0.0,0,0,0,0.0,0,0,0,0,1,0,0,0,1,0,False,0,0,0,0,0,1,False,,False,anishchenkov evgenii,1,0,326.0,58.689245783273314,0.0,0.0,0.0,0.0
YDEX,Евгений Якушкин,Независимый директор,False,,759.0,Евгений Якушкин,,,,,,,,,,,Евгений Якушкин,независимый директор,0,0,0,0,1,0,0,0,0,0,0.0,0,0,0,0.0,0,1,1,1,1,1,1,1,0,1,False,0,0,0,0,0,1,False,,False,evgenii iakushkin,1,0,759.0,67.23784696245676,0.0,0.0,0.0,0.0
YDEX,Елена Бубнова,Руководитель Поиска Яндекса,False,,7732.0,Елена Бубнова,,,,,,,,,,,Елена Бубнова,руководитель Поиска Яндекса,0,0,1,0,0,0,0,0,0,0,0.0,0,0,0,0.0,0,18,18,18,18,1,1,1,0,18,False,1,0,0,0,0,1,False,,False,bubnova elena,1,0,7732.0,90.75358056684776,0.0,0.0,30.0,0.0
YDEX,Иван Задохин,Операционный директор Яндекс Маркета,False,,141.0,Иван Задохин,,,,,,,,,,,Иван Задохин,операционный директор Яндекс Маркета,0,0,0,0,1,0,0,0,0,0,0.0,0,0,0,0.0,0,0,0,0,1,0,0,0,1,0,False,0,0,0,0,0,1,False,,False,ivan zadokhin,1,0,141.0,50.234154235621254,0.0,0.0,0.0,0.0
YDEX,Игорь Богачёв,Коммерческий директор Яндекса,False,0.3006773681330035,1477.0,Игорь Богачёв,,,,,,,,,,,Игорь Богачёв,коммерческий директор Яндекса,0,0,0,0,1,0,0,0,0,0,0.0,0,0,0,0.0,0,1,1,1,1,1,1,1,0,1,False,0,0,0,0,0,1,False,,False,bogachev igor,1,1,1477.0,73.97982468880441,0.0,0.0,0.0,62.1168105238717
YDEX,Кирилл Лунёв,Генеральный директор Яндекс Драйва,True,,1157.0,Кирилл Лунёв,,,,,,,,,,,Кирилл Лунёв,генеральный директор Яндекс Драйва,0,0,0,0,1,0,0,0,0,0,0.0,0,0,0,0.0,0,0,0,0,3,0,0,0,1,0,False,0,0,0,0,0,1,False,,True,kirill lunev,1,0,1157.0,71.50659376431133,0.0,0.0,0.0,0.0
YDEX,Константин Сидорков,Директор по работе с артистами,False,,611.0,Константин Сидорков,,,,,,,,,,,Константин Сидорков,директор по работе с артистами в Яндексе,0,0,0,0,1,0,0,0,0,0,0.0,0,0,0,0.0,0,1,1,1,1,1,1,1,0,1,False,0,0,0,0,0,1,False,,False,konstantin sidorkov,1,0,611.0,65.04244708741594,0.0,0.0,0.0,0.0
YDEX,Ольга Филипук,Директор по контенту Плюса и Фантеха,False,,25617.0,Ольга Филипук,,,,,,,,,,,Ольга Филипук,директор по контенту Плюса и Фантеха,0,0,0,0,1,0,0,0,0,0,0.0,0,0,0,0.0,0,0,0,0,0,1,0,1,1,0,False,0,0,0,0,0,1,False,,False,filipuk olga,1,0,25617.0,100.0,0.0,0.0,0.0,0.0
YDEX,Павел Алёшин,Генеральный директор Авто.ру,True,,1639.0,Павел Алёшин,,,,,,,,,,,Павел Алёшин,генеральный директор Авто.ру,0,0,0,0,1,0,0,0,0,0,0.0,0,0,0,0.0,0,0,0,0,0,1,1,1,1,0,False,0,0,0,0,0,1,False,,True,aleshin pavel,1,0,1639.0,75.03407344454024,0.0,0.0,0.0,0.0
YDEX,Павел Деньгин,Неисполнительный директор,False,,337.0,Павел Деньгин,,,,,,,,,,,Павел Деньгин,неисполнительный директор,0,0,0,0,1,0,0,0,0,0,0.0,0,0,0,0.0,0,1,1,1,1,1,1,1,0,1,False,0,0,0,0,0,1,False,,False,dengin pavel,1,0,337.0,59.024615313428605,0.0,0.0,0.0,0.0
YDEX,Павел Епишин,Генеральный директор Яндекс Игр,True,,308.0,Павел Епишин,,,,,,,,,,,Павел Епишин,руководитель / генеральный директор Яндекс Игр,0,0,0,0,1,0,0,0,0,0,0.0,0,0,0,0.0,0,0,0,0,0,1,0,1,1,0,False,0,0,0,0,0,1,False,,True,epishin pavel,1,0,308.0,58.11533506751113,0.0,0.0,0.0,0.0
YDEX,Павел Кушелев,Директор по PR-проектам,False,,1484.0,Павел Кушелев,,,,,,,,,,,Павел Кушелев,,0,0,0,0,1,0,0,0,0,0,0.0,0,0,0,0.0,0,0,0,0,0,0,0,0,0,0,False,0,0,0,0,0,1,False,,False,kushelev pavel,1,0,1484.0,74.02771858232934,0.0,0.0,0.0,0.0
YDEX,Роман Маресов,Руководитель e-commerce-сервисов Яндекса,False,,5063.0,Роман Маресов,,,,,,,,,,,Роман Маресов,руководитель e-commerce-сервисов Яндекса,0,0,1,0,0,0,0,0,0,0,0.0,0,0,0,0.0,0,2,2,2,2,1,1,1,0,2,False,1,0,0,0,0,1,False,,False,maresov roman,1,0,5063.0,86.46244274198044,0.0,0.0,30.0,0.0
YDEX,Светлана Ячевская,Председатель совета директоров; независимый директор,False,0.3295861331053988,839.0,Светлана Ячевская,,,,,,,,,,,Светлана Ячевская,председатель совета директоров; независимый директор,0,0,0,1,0,0,0,0,1,0,0.0,0,0,0,0.0,0,1,1,1,1,1,1,1,0,1,False,1,1,0,0,0,1,False,,False,iachevskaia svetlana,1,1,839.0,68.25233109096857,0.0,0.0,55.00000000000001,63.3115053570126
YDEX,Тембот Керефов,Руководитель Яндекс Доставки в России,False,,2511.0,Тембот Керефов,,,,,,,,,,,Тембот Керефов,руководитель Яндекс Доставки в России,0,0,0,0,1,0,0,0,0,0,0.0,0,0,0,0.0,0,0,0,0,0,0,0,0,1,0,False,0,0,0,0,0,1,False,,False,kerefov tembot,1,0,2511.0,79.35605431202669,0.0,0.0,0.0,0.0
ZAYM,Борейко Александр Сергеевич,"член Совета директоров, директор по связям с инвесторами",False,,286.0,Борейко Александр Сергеевич,,,,,,,,,,,Борейко Александр Сергеевич,член Совета директоров; директор по управлению коммуникациями и связям с инвесторами,0,1,0,0,0,0,0,0,0,0,0.0,0,0,0,0.0,0,2,2,2,2,1,1,1,0,2,False,1,0,0,0,0,1,False,,False,aleksandr boreiko sergeevich,1,0,286.0,57.366671438658315,0.0,0.0,30.0,0.0
ZAYM,Грязнова Оксана Николаевна,"член Совета директоров, финансовый директор",False,,232.0,Грязнова Оксана Николаевна,,,,,,,,,,,Грязнова Оксана Николаевна,член Совета директоров; финансовый директор,0,0,0,0,1,0,0,0,0,0,0.0,0,0,0,0.0,0,8,8,8,8,1,1,1,0,8,False,1,0,0,0,0,1,False,,False,griaznova nikolaevna oksana,1,0,232.0,55.25380592139977,0.0,0.0,30.0,0.0
ZAYM,Заводсков Андрей Дмитриевич,"член Совета директоров, заместитель генерального директора",False,,402.0,Заводсков Андрей Дмитриевич,,,,,,,,,,,Заводсков Андрей Дмитриевич,член Совета директоров; заместитель генерального директора,0,1,0,0,0,0,0,0,0,0,0.0,0,0,0,0.0,0,6,6,6,7,1,1,1,1,6,False,1,0,0,0,0,1,False,,False,andrei dmitrievich zavodskov,1,0,402.0,60.807510229866345,0.0,0.0,30.0,0.0
ZAYM,Ляшенко Павел Андреевич,"член Совета директоров, генеральный директор ООО «ФинТехРобот»",True,,270.0,Ляшенко Павел Андреевич,,,,,,,,,,,Ляшенко Павел Андреевич,член Совета директоров; генеральный директор ООО «ФинТехРобот»,0,1,0,0,0,0,0,0,0,0,0.0,0,0,0,0.0,0,1,1,1,10,1,1,1,1,1,False,1,0,0,0,0,1,False,,True,andreevich liashenko pavel,1,0,270.0,56.78521417786529,0.0,0.0,30.0,0.0
ZAYM,Макаров Роман Сергеевич,"член Совета директоров, генеральный директор",True,,1375.0,Макаров Роман Сергеевич,,,,,,,,,,,Макаров Роман Сергеевич,член Совета директоров; генеральный директор,0,0,0,0,1,0,0,0,0,0,0.0,0,0,0,0.0,0,9,9,9,9,1,1,1,0,9,True,1,0,0,0,0,1,True,json_2024,False,makarov roman sergeevich,1,0,1375.0,73.25498133497781,0.0,0.0,30.0,0.0
ZAYM,Матвеева Татьяна Васильевна,"лен Совета директоров, директор по правовым вопросам",False,,1110.0,Матвеева Татьяна Васильевна,,,,,,,,,,,Матвеева Татьяна Васильевна,член Совета директоров; директор по правовым вопросам,0,0,0,0,1,1,0,0,1,1,0.0,0,0,0,0.0,0,8,8,8,8,1,1,1,0,8,False,1,0,0,0,0,1,False,,False,matveeva tatiana vasilevna,1,0,1110.0,71.08660426179652,0.0,0.0,30.0,0.0
ZAYM,Мехтиев Эльман Октай оглу,независимый директор,False,,7886.0,Мехтиев Эльман Октай оглу,,,,,,,,,,,Мехтиев Эльман Октай оглу,независимый член Совета директоров,0,0,1,0,0,0,0,0,0,0,0.0,0,0,0,0.0,0,1,1,1,9,1,1,1,1,1,False,1,0,0,0,0,1,False,,False,elman mekhtiev oglu oktai,1,0,7886.0,90.9534593566674,0.0,0.0,30.0,0.0
ZAYM,Повалий Михаил Сергеевич,"председатель Совета директоров, независимый директор",False,,1563.0,Повалий Михаил Сергеевич,,,,,,,,,,,Повалий Михаил Сергеевич,председатель Совета директоров,0,0,1,0,0,1,1,0,0,1,0.0,0,0,0,0.0,0,7,1,1,7,1,1,1,1,1,False,1,0,0,0,0,1,False,,False,mikhail povalii sergeevich,1,0,1563.0,74.55310619473585,0.0,0.0,30.0,0.0
ZAYM,Родионов Станислав Николаевич,"член Совета директоров, директор по информационной безопасности",False,,3210.0,Родионов Станислав Николаевич,,,,,,,,,,,Родионов Станислав Николаевич,член Совета директоров; директор по информационной безопасности,0,0,0,0,1,0,0,0,0,0,0.0,0,0,0,0.0,0,8,8,8,10,1,1,1,1,8,False,1,0,0,0,0,1,False,,False,nikolaevich rodionov stanislav,1,0,3210.0,81.84456809348526,0.0,0.0,30.0,0.0
ZAYM,Сныткин Алексей Викторович,"член Совета директоров, заместитель директора по управлению рисками и внутреннему контролю",False,,1030.0,Сныткин Алексей Викторович,,,,,,,,,,,Сныткин Алексей Викторович,член Совета директоров; заместитель директора службы управления рисками и внутреннего контроля,0,0,0,0,1,0,0,0,0,0,0.0,0,0,0,0.0,0,6,6,6,13,1,1,1,1,4,False,1,0,0,0,0,1,False,,False,aleksei snytkin viktorovich,1,0,1030.0,70.3290992299935,0.0,0.0,30.0,0.0
