iteration,spearman_vs_equal,kendall_tau_b_vs_equal,mean_abs_rank_shift_vs_equal,max_abs_rank_shift_vs_equal,top_k_jaccard_vs_equal,l1_from_equal_vs_equal,max_weight_vs_equal,spearman_vs_point_critic,kendall_tau_b_vs_point_critic,mean_abs_rank_shift_vs_point_critic,max_abs_rank_shift_vs_point_critic,top_k_jaccard_vs_point_critic,l1_from_equal_vs_point_critic,max_weight_vs_point_critic
0,0.988095238095238,0.9216269841269841,2.03125,8.0,1.0,0.34561307114796613,0.35862428246516875,0.9996336996336995,0.9920634920634921,0.25,1.0,1.0,0.34561307114796613,0.35862428246516875
1,0.9901556776556775,0.9285714285714286,1.875,8.0,0.8181818181818182,0.17067454555746914,0.25103427097232944,0.994642857142857,0.9474206349206349,1.34375,6.0,0.8181818181818182,0.17067454555746914,0.25103427097232944
2,0.9721611721611721,0.8690476190476191,3.1875,16.0,0.6666666666666666,0.3806803881480739,0.3171325745956215,0.9811813186813184,0.8978174603174603,2.40625,17.0,0.6666666666666666,0.3806803881480739,0.3171325745956215
3,0.9898809523809522,0.9265873015873015,1.875,8.0,1.0,0.19317501636905315,0.24257414767306135,0.9989468864468863,0.9831349206349206,0.53125,3.0,1.0,0.19317501636905315,0.24257414767306135
4,0.9839743589743588,0.9057539682539683,2.53125,8.0,0.8181818181818182,0.35005216512702747,0.34264782669652705,0.9959249084249083,0.9583333333333333,1.21875,5.0,0.8181818181818182,0.35005216512702747,0.34264782669652705
5,0.9856227106227103,0.9097222222222221,2.375,10.0,1.0,0.2768722589997543,0.286018977842379,0.9975274725274724,0.9702380952380952,0.875,4.0,1.0,0.2768722589997543,0.286018977842379
6,0.9883241758241756,0.9206349206349207,2.03125,8.0,1.0,0.2562188100180808,0.2808190306905903,0.9996794871794871,0.9930555555555555,0.21875,1.0,1.0,0.2562188100180808,0.2808190306905903
7,0.9850274725274725,0.9117063492063491,2.25,10.0,1.0,0.2892090664198317,0.29518388895766673,0.9989468864468863,0.9801587301587301,0.59375,2.0,1.0,0.2892090664198317,0.29518388895766673
8,0.9854395604395604,0.9037698412698412,2.53125,8.0,0.8181818181818182,0.41801320125060365,0.3286508730120681,0.9908424908424909,0.9305555555555556,1.625,8.0,0.8181818181818182,0.41801320125060365,0.3286508730120681
9,0.989606227106227,0.927579365079365,1.9375,8.0,1.0,0.34749032014138553,0.3737451600706928,0.9982142857142856,0.976190476190476,0.71875,4.0,1.0,0.34749032014138553,0.3737451600706928
10,0.9862179487179485,0.9166666666666666,2.125,10.0,1.0,0.29555174145643803,0.31087496574498674,0.9983516483516482,0.9751984126984127,0.78125,2.0,1.0,0.29555174145643803,0.31087496574498674
11,0.9911630036630036,0.929563492063492,1.84375,7.0,1.0,0.4216582344914114,0.39077116617779634,0.9972527472527473,0.9682539682539681,0.84375,4.0,1.0,0.4216582344914114,0.39077116617779634
12,0.9762362637362636,0.8789682539682538,2.9375,15.0,0.6666666666666666,0.5073377781187383,0.4337975443312349,0.9833333333333332,0.9077380952380952,2.25,16.0,0.6666666666666666,0.5073377781187383,0.4337975443312349
13,0.9858516483516482,0.9146825396825395,2.1875,10.0,1.0,0.23536348812963218,0.2506312480987359,0.9980769230769231,0.9732142857142856,0.8125,3.0,1.0,0.23536348812963218,0.2506312480987359
14,0.989423076923077,0.923611111111111,2.0,7.0,1.0,0.36138776046021925,0.33783343059503984,0.9980769230769231,0.9742063492063492,0.71875,4.0,1.0,0.36138776046021925,0.33783343059503984
15,0.9810897435897434,0.8998015873015873,2.5625,10.0,1.0,0.29570389674847153,0.2948196534404834,0.9966117216117215,0.9642857142857143,1.03125,4.0,1.0,0.29570389674847153,0.2948196534404834
16,0.9702380952380951,0.8720238095238095,3.15625,12.0,0.8181818181818182,0.3538879034765482,0.28461713904150027,0.9915293040293041,0.9384920634920635,1.6875,6.0,0.8181818181818182,0.3538879034765482,0.28461713904150027
17,0.9870421245421244,0.9117063492063491,2.34375,7.0,1.0,0.23917180626289378,0.2850760937663635,0.9942307692307691,0.9642857142857143,1.0,11.0,1.0,0.23917180626289378,0.2850760937663635
18,0.9888278388278388,0.9216269841269841,2.03125,10.0,0.6666666666666666,0.3655781129446114,0.37420658851248834,0.9904761904761904,0.9325396825396824,1.65625,11.0,0.6666666666666666,0.3655781129446114,0.37420658851248834
19,0.9891483516483515,0.9265873015873015,1.96875,9.0,1.0,0.2567556267563349,0.27664785899235633,0.9982600732600732,0.9751984126984127,0.71875,3.0,1.0,0.2567556267563349,0.27664785899235633
20,0.9934523809523808,0.9424603174603173,1.5,7.0,1.0,0.2332657761967312,0.2647998737590538,0.9969322344322342,0.9652777777777777,1.0,4.0,1.0,0.2332657761967312,0.2647998737590538
21,0.9869505494505493,0.9146825396825395,2.25,10.0,0.8181818181818182,0.27055353232135393,0.28978147004842686,0.9945054945054944,0.9474206349206349,1.375,5.0,0.8181818181818182,0.27055353232135393,0.28978147004842686
22,0.9873626373626372,0.9146825396825395,2.21875,8.0,0.8181818181818182,0.3677300516064785,0.3265638646674862,0.9976190476190474,0.9692460317460317,0.84375,4.0,0.8181818181818182,0.3677300516064785,0.3265638646674862
23,0.9924450549450549,0.939484126984127,1.625,7.0,1.0,0.28289904107795755,0.3391338285330004,0.9966117216117215,0.9623015873015872,1.09375,4.0,1.0,0.28289904107795755,0.3391338285330004
24,0.9897893772893772,0.9305555555555556,1.84375,8.0,1.0,0.3023544781351262,0.344128366775317,0.9997252747252745,0.9950396825396826,0.15625,2.0,1.0,0.3023544781351262,0.344128366775317
25,0.9936355311355312,0.9424603174603173,1.53125,6.0,1.0,0.2671620221370764,0.31605886070558065,0.9981684981684982,0.9751984126984127,0.71875,3.0,1.0,0.2671620221370764,0.31605886070558065
26,0.9857142857142855,0.9136904761904762,2.15625,9.0,1.0,0.2823298478463772,0.34068663182633485,0.9971153846153845,0.9642857142857143,1.09375,4.0,1.0,0.2823298478463772,0.34068663182633485
27,0.9964285714285713,0.9623015873015872,1.0,6.0,1.0,0.21003736915309806,0.2943955206847088,0.9931776556776557,0.9454365079365078,1.53125,5.0,1.0,0.21003736915309806,0.2943955206847088
28,0.98507326007326,0.9107142857142857,2.1875,10.0,1.0,0.2892810958241828,0.33088695121132783,0.9983516483516482,0.9732142857142856,0.75,3.0,1.0,0.2892810958241828,0.33088695121132783
29,0.9932234432234431,0.9424603174603173,1.53125,7.0,1.0,0.26036893234664094,0.30798167582956054,0.9970238095238094,0.9652777777777777,1.03125,4.0,1.0,0.26036893234664094,0.30798167582956054
30,0.9869047619047617,0.9166666666666666,2.15625,9.0,1.0,0.2831398753154062,0.2699728049821455,0.9994505494505495,0.9890873015873015,0.34375,2.0,1.0,0.2831398753154062,0.2699728049821455
31,0.9820512820512819,0.9027777777777778,2.4375,10.0,1.0,0.27356160850592814,0.2518722762168652,0.9972985347985347,0.9652777777777777,1.0,4.0,1.0,0.27356160850592814,0.2518722762168652
32,0.9859890109890108,0.9107142857142857,2.28125,9.0,0.8181818181818182,0.2749506058187766,0.2717415364093192,0.9984890109890108,0.9791666666666667,0.65625,3.0,0.8181818181818182,0.2749506058187766,0.2717415364093192
33,0.989606227106227,0.923611111111111,2.0,8.0,1.0,0.24446257272027488,0.2598018173692249,0.9985805860805859,0.9801587301587301,0.5,3.0,1.0,0.24446257272027488,0.2598018173692249
34,0.9741300366300365,0.8789682539682538,2.9375,12.0,0.8181818181818182,0.31555859179916795,0.2706598820393268,0.9930860805860805,0.939484126984127,1.59375,6.0,0.8181818181818182,0.31555859179916795,0.2706598820393268
35,0.9919871794871794,0.9355158730158729,1.75,7.0,1.0,0.44301227484549,0.421506137422745,0.9977106227106226,0.9702380952380952,0.9375,4.0,1.0,0.44301227484549,0.421506137422745
36,0.9948717948717947,0.9484126984126985,1.375,6.0,1.0,0.286508677610898,0.3432543388054489,0.9957875457875456,0.9553571428571428,1.28125,4.0,1.0,0.286508677610898,0.3432543388054489
37,0.9923076923076922,0.9404761904761904,1.59375,7.0,1.0,0.24556071586506442,0.31504673716138976,0.9993131868131866,0.9871031746031746,0.34375,2.0,1.0,0.24556071586506442,0.31504673716138976
38,0.9819597069597068,0.8988095238095237,2.5,10.0,0.8181818181818182,0.2714011631374187,0.2577962048459117,0.996062271062271,0.9553571428571428,1.1875,4.0,0.8181818181818182,0.2714011631374187,0.2577962048459117
39,0.991025641025641,0.9325396825396824,1.75,7.0,1.0,0.22976329508916446,0.26126671514750816,0.9993131868131866,0.9871031746031746,0.40625,2.0,1.0,0.22976329508916446,0.26126671514750816
40,0.9847985347985345,0.9107142857142857,2.21875,10.0,1.0,0.2842101114804868,0.2931760526903271,0.9978021978021977,0.9692460317460317,0.875,3.0,1.0,0.2842101114804868,0.2931760526903271
41,0.9806318681318679,0.8938492063492063,2.65625,10.0,0.8181818181818182,0.2265713403593113,0.2808559890053933,0.9899267399267396,0.9265873015873015,1.8125,11.0,0.8181818181818182,0.2265713403593113,0.2808559890053933
42,0.9828296703296703,0.9037698412698412,2.46875,10.0,0.8181818181818182,0.2999445104407803,0.28603145276608066,0.9978479853479852,0.9722222222222222,0.8125,4.0,0.8181818181818182,0.2999445104407803,0.28603145276608066
43,0.994642857142857,0.9494047619047619,1.375,6.0,1.0,0.3349151454122372,0.36745757270611856,0.996245421245421,0.9603174603174602,1.09375,5.0,1.0,0.3349151454122372,0.36745757270611856
44,0.9901556776556775,0.927579365079365,1.875,7.0,1.0,0.39186980078945105,0.3824572790025481,0.9990384615384613,0.9821428571428571,0.53125,2.0,1.0,0.39186980078945105,0.3824572790025481
45,0.9874084249084248,0.9196428571428571,2.0625,8.0,1.0,0.24091784981850878,0.27654922825105904,0.9990384615384613,0.984126984126984,0.5,3.0,1.0,0.24091784981850878,0.27654922825105904
46,0.9897893772893772,0.9285714285714286,1.8125,8.0,1.0,0.238603165753085,0.27893285779670773,0.9995879120879121,0.9910714285714285,0.28125,1.0,1.0,0.238603165753085,0.27893285779670773
47,0.996062271062271,0.9573412698412698,1.15625,6.0,1.0,0.2596546579301223,0.3298273289650611,0.9957875457875456,0.9603174603174602,1.125,6.0,1.0,0.2596546579301223,0.3298273289650611
48,0.9904304029304027,0.9255952380952381,1.9375,8.0,1.0,0.27952429336236895,0.32316738639973963,0.9968864468864468,0.9623015873015872,1.03125,4.0,1.0,0.27952429336236895,0.32316738639973963
49,0.9875457875457875,0.929563492063492,1.90625,13.0,0.8181818181818182,0.12419247621323548,0.2554160233967132,0.9824633699633698,0.9126984126984127,2.28125,15.0,0.8181818181818182,0.12419247621323548,0.2554160233967132
50,0.9908424908424909,0.9325396825396824,1.84375,8.0,0.8181818181818182,0.25485140213398205,0.29700133604482726,0.9955128205128204,0.9533730158730157,1.21875,5.0,0.8181818181818182,0.25485140213398205,0.29700133604482726
51,0.9915750915750915,0.931547619047619,1.78125,7.0,1.0,0.24419085561268147,0.2821625883577465,0.9986721611721611,0.9801587301587301,0.53125,3.0,1.0,0.24419085561268147,0.2821625883577465
52,0.9923534798534799,0.9404761904761904,1.5625,7.0,1.0,0.2565582839803997,0.3015232693568846,0.9989468864468863,0.9831349206349206,0.5,3.0,1.0,0.2565582839803997,0.3015232693568846
53,0.9917124542124541,0.9384920634920635,1.59375,8.0,1.0,0.27052494820599166,0.33097901431836535,0.9986263736263734,0.9791666666666667,0.5625,3.0,1.0,0.27052494820599166,0.33097901431836535
54,0.9905219780219778,0.931547619047619,1.78125,8.0,1.0,0.21294729703339244,0.2529630317899563,0.998992673992674,0.984126984126984,0.46875,3.0,1.0,0.21294729703339244,0.2529630317899563
55,0.9901556776556775,0.927579365079365,1.90625,8.0,0.8181818181818182,0.2367640006565554,0.28455821985033514,0.9942307692307691,0.9484126984126985,1.5,5.0,0.8181818181818182,0.2367640006565554,0.28455821985033514
56,0.9817765567765566,0.8988095238095237,2.65625,10.0,0.8181818181818182,0.2260579586261412,0.2787119201585173,0.9913461538461537,0.9355158730158729,1.6875,9.0,0.8181818181818182,0.2260579586261412,0.2787119201585173
57,0.9913003663003662,0.9345238095238094,1.8125,7.0,1.0,0.3289943467228713,0.3394283704468181,0.9990384615384613,0.9851190476190476,0.4375,3.0,1.0,0.3289943467228713,0.3394283704468181
58,0.9940934065934065,0.9454365079365078,1.46875,6.0,1.0,0.2659310789424547,0.3163741540223027,0.9963827838827837,0.9603174603174602,1.125,4.0,1.0,0.2659310789424547,0.3163741540223027
59,0.9877747252747251,0.9196428571428571,2.0,8.0,1.0,0.20139598717907037,0.23761565553558653,0.9986721611721611,0.9781746031746031,0.6875,3.0,1.0,0.20139598717907037,0.23761565553558653
60,0.9911630036630036,0.9365079365079365,1.625,8.0,1.0,0.2158013334681436,0.2890406729276611,0.9980769230769231,0.9732142857142856,0.8125,3.0,1.0,0.2158013334681436,0.2890406729276611
61,0.9928571428571427,0.941468253968254,1.5625,6.0,1.0,0.2882123380489611,0.33008983707915773,0.9988553113553114,0.9821428571428571,0.5,3.0,1.0,0.2882123380489611,0.33008983707915773
62,0.996245421245421,0.9623015873015872,1.0625,6.0,0.8181818181818182,0.3836992682641698,0.39184963413208485,0.9922161172161172,0.9355158730158729,1.6875,7.0,0.8181818181818182,0.3836992682641698,0.39184963413208485
63,0.989423076923077,0.927579365079365,1.90625,8.0,1.0,0.225111191865289,0.2562998514507336,0.9999999999999998,1.0,0.0,0.0,1.0,0.225111191865289,0.2562998514507336
64,0.98264652014652,0.9017857142857142,2.5,14.0,0.6666666666666666,0.46625144575454036,0.4270067133680228,0.9847985347985345,0.9126984126984127,2.03125,15.0,0.6666666666666666,0.46625144575454036,0.4270067133680228
65,0.9872710622710622,0.9166666666666666,2.21875,8.0,1.0,0.29755522681222335,0.3019835591978417,0.9988553113553114,0.9831349206349206,0.53125,3.0,1.0,0.29755522681222335,0.3019835591978417
66,0.9881410256410256,0.9206349206349207,2.0625,8.0,1.0,0.2700143181206691,0.27786389732278116,0.9994047619047619,0.9890873015873015,0.34375,2.0,1.0,0.2700143181206691,0.27786389732278116
67,0.9858058608058609,0.9156746031746031,2.15625,10.0,1.0,0.2970291391687874,0.327593801445076,0.9991300366300366,0.984126984126984,0.5,2.0,1.0,0.2970291391687874,0.327593801445076
68,0.9878205128205128,0.9246031746031745,1.96875,13.0,1.0,0.1783293335617403,0.2615052811932546,0.9866300366300367,0.9474206349206349,1.40625,19.0,1.0,0.1783293335617403,0.2615052811932546
69,0.9817307692307692,0.8998015873015873,2.53125,10.0,0.8181818181818182,0.32813615059961276,0.2890740558359924,0.9976648351648351,0.9682539682539681,0.90625,3.0,0.8181818181818182,0.32813615059961276,0.2890740558359924
70,0.9854853479853479,0.9156746031746031,2.25,10.0,0.8181818181818182,0.1715173359572713,0.26433834620831376,0.9929029304029302,0.9464285714285714,1.4375,10.0,0.8181818181818182,0.1715173359572713,0.26433834620831376
71,0.9885073260073259,0.9186507936507936,2.09375,8.0,0.8181818181818182,0.31585040850791035,0.2855934348815197,0.9953754578754578,0.9533730158730157,1.25,5.0,0.8181818181818182,0.31585040850791035,0.2855934348815197
72,0.9761904761904759,0.8878968253968254,2.90625,13.0,0.8181818181818182,0.2781665613390937,0.27951429510932246,0.9904304029304027,0.9345238095238094,1.78125,13.0,0.8181818181818182,0.2781665613390937,0.27951429510932246
73,0.9929029304029302,0.9424603174603173,1.5625,6.0,1.0,0.31320400313878294,0.3486825591148294,0.9989010989010987,0.9831349206349206,0.46875,3.0,1.0,0.31320400313878294,0.3486825591148294
74,0.9927655677655676,0.939484126984127,1.59375,7.0,0.8181818181818182,0.2886023540014312,0.33312891229977826,0.9960164835164834,0.9583333333333333,1.09375,5.0,0.8181818181818182,0.2886023540014312,0.33312891229977826
75,0.990613553113553,0.9285714285714286,1.875,7.0,0.8181818181818182,0.3091725184072251,0.3000004399740922,0.9978937728937727,0.9712301587301586,0.8125,3.0,0.8181818181818182,0.3091725184072251,0.3000004399740922
76,0.987912087912088,0.923611111111111,2.0,10.0,0.8181818181818182,0.28136784935829434,0.31638044127699994,0.9966575091575092,0.9623015873015872,1.09375,4.0,0.8181818181818182,0.28136784935829434,0.31638044127699994
77,0.9908424908424909,0.9325396825396824,1.8125,8.0,0.8181818181818182,0.20685671399345457,0.2519399019286919,0.9967948717948718,0.9632936507936507,1.0,4.0,0.8181818181818182,0.20685671399345457,0.2519399019286919
78,0.98507326007326,0.9097222222222221,2.28125,10.0,1.0,0.26480823040418966,0.25487348292410617,0.9978937728937727,0.9702380952380952,0.875,3.0,1.0,0.26480823040418966,0.25487348292410617
79,0.9896520146520146,0.9265873015873015,1.90625,7.0,1.0,0.326013911049767,0.3424902169998971,0.9994505494505495,0.9890873015873015,0.3125,2.0,1.0,0.326013911049767,0.3424902169998971
80,0.9861263736263735,0.9117063492063491,2.25,9.0,0.8181818181818182,0.28379649584419087,0.28714165115229834,0.9983516483516482,0.9742063492063492,0.75,3.0,0.8181818181818182,0.28379649584419087,0.28714165115229834
81,0.9911630036630036,0.9305555555555556,1.84375,8.0,0.8181818181818182,0.21872135671597503,0.30936067835798753,0.9933608058608058,0.941468253968254,1.625,6.0,0.8181818181818182,0.21872135671597503,0.30936067835798753
82,0.9844322344322343,0.9146825396825395,2.21875,14.0,1.0,0.18639771600589605,0.2524136823161385,0.9828754578754578,0.9255952380952381,2.03125,17.0,1.0,0.18639771600589605,0.2524136823161385
83,0.9932692307692307,0.9404761904761904,1.5625,6.0,0.6666666666666666,0.31010161015186255,0.3542700391596118,0.989423076923077,0.9216269841269841,1.90625,9.0,0.6666666666666666,0.31010161015186255,0.3542700391596118
84,0.9834249084249083,0.9146825396825395,2.28125,14.0,1.0,0.20480445329429395,0.2567540792040658,0.9822344322344321,0.931547619047619,1.90625,19.0,1.0,0.20480445329429395,0.2567540792040658
85,0.9797619047619047,0.8928571428571428,2.71875,10.0,1.0,0.2746099141420576,0.2999629064018889,0.994642857142857,0.9513888888888888,1.40625,6.0,1.0,0.2746099141420576,0.2999629064018889
86,0.9880036630036629,0.9206349206349207,2.0625,8.0,1.0,0.30183834433193213,0.2963329848423395,0.9994047619047619,0.9871031746031746,0.40625,1.0,1.0,0.30183834433193213,0.2963329848423395
87,0.9913003663003662,0.931547619047619,1.78125,7.0,0.8181818181818182,0.282306123196838,0.27725751119499137,0.9965201465201465,0.9623015873015872,1.09375,5.0,0.8181818181818182,0.282306123196838,0.27725751119499137
88,0.9862179487179485,0.9097222222222221,2.25,9.0,0.8181818181818182,0.39577230839972477,0.35356406157892234,0.9981227106227105,0.9742063492063492,0.8125,3.0,0.8181818181818182,0.39577230839972477,0.35356406157892234
89,0.9815476190476189,0.9007936507936508,2.59375,16.0,0.8181818181818182,0.2676276538935003,0.3277224891703002,0.9815476190476189,0.9216269841269841,1.96875,22.0,0.8181818181818182,0.2676276538935003,0.3277224891703002
90,0.9904304029304027,0.9305555555555556,1.84375,7.0,1.0,0.34104370570608544,0.3703199879083977,0.999175824175824,0.9871031746031746,0.40625,2.0,1.0,0.34104370570608544,0.3703199879083977
91,0.9768315018315018,0.8859126984126984,2.90625,13.0,0.8181818181818182,0.25004064793711,0.277821810629764,0.9909798534798533,0.9384920634920635,1.65625,13.0,0.8181818181818182,0.25004064793711,0.277821810629764
92,0.9914835164835164,0.9365079365079365,1.6875,7.0,1.0,0.35829819650822664,0.3765368115722118,0.9994047619047619,0.9890873015873015,0.3125,2.0,1.0,0.35829819650822664,0.3765368115722118
93,0.9933150183150181,0.9434523809523809,1.53125,7.0,1.0,0.16520737907399813,0.2755543305789168,0.9968406593406592,0.9642857142857143,1.0625,5.0,1.0,0.16520737907399813,0.2755543305789168
94,0.9867673992673991,0.9176587301587302,2.15625,8.0,1.0,0.27671842951943404,0.28903150617524437,0.999267399267399,0.986111111111111,0.4375,2.0,1.0,0.27671842951943404,0.28903150617524437
95,0.9823717948717947,0.9017857142857142,2.5625,12.0,0.6666666666666666,0.3763096642352841,0.3482580714070972,0.9873626373626372,0.9186507936507936,2.0,13.0,0.6666666666666666,0.3763096642352841,0.3482580714070972
96,0.9873626373626372,0.9196428571428571,2.0625,8.0,1.0,0.27390346296715123,0.31841404632789844,0.9988095238095237,0.9821428571428571,0.5625,3.0,1.0,0.27390346296715123,0.31841404632789844
97,0.973076923076923,0.8720238095238095,3.15625,16.0,0.6666666666666666,0.31258150275051755,0.3072899239356352,0.9798534798534797,0.8968253968253967,2.59375,17.0,0.6666666666666666,0.31258150275051755,0.3072899239356352
98,0.9836996336996336,0.9077380952380952,2.46875,10.0,0.6666666666666666,0.18788824594644413,0.27430955286781594,0.9868131868131866,0.9146825396825395,2.09375,11.0,0.6666666666666666,0.18788824594644413,0.27430955286781594
99,0.9675824175824174,0.8839285714285713,2.96875,23.0,1.0,0.2829951103496567,0.2808336696634661,0.9687728937728937,0.9186507936507936,2.21875,24.0,1.0,0.2829951103496567,0.2808336696634661
100,0.9898351648351646,0.927579365079365,1.90625,7.0,1.0,0.3055244456568419,0.32421395907303147,0.999084249084249,0.984126984126984,0.46875,2.0,1.0,0.3055244456568419,0.32421395907303147
101,0.9847527472527472,0.9087301587301587,2.40625,10.0,0.8181818181818182,0.37604077751267817,0.36616244066672937,0.9940018315018313,0.9474206349206349,1.375,7.0,0.8181818181818182,0.37604077751267817,0.36616244066672937
102,0.9876373626373625,0.9196428571428571,2.0625,9.0,1.0,0.24518525303020322,0.26957702397388805,0.9992216117216116,0.986111111111111,0.4375,2.0,1.0,0.24518525303020322,0.26957702397388805
103,0.985576923076923,0.9156746031746031,2.125,10.0,1.0,0.2798549774044118,0.29607652666398826,0.9984890109890108,0.976190476190476,0.71875,2.0,1.0,0.2798549774044118,0.29607652666398826
104,0.9932234432234431,0.9424603174603173,1.5,7.0,1.0,0.20655359243816712,0.2797357762563704,0.9980311355311355,0.9732142857142856,0.8125,4.0,1.0,0.20655359243816712,0.2797357762563704
105,0.9902472527472528,0.9305555555555556,1.8125,7.0,1.0,0.19676567469543937,0.28722832413107735,0.9970238095238094,0.9672619047619048,0.96875,4.0,1.0,0.19676567469543937,0.28722832413107735
106,0.9880494505494504,0.9186507936507936,2.09375,8.0,1.0,0.30148150712711874,0.29639486272973226,0.999175824175824,0.9851190476190476,0.46875,2.0,1.0,0.30148150712711874,0.29639486272973226
107,0.9859890109890108,0.9146825396825395,2.1875,10.0,0.8181818181818182,0.3159469248933675,0.3312939065959318,0.9936813186813186,0.9454365079365078,1.34375,9.0,0.8181818181818182,0.3159469248933675,0.3312939065959318
108,0.9878205128205128,0.9176587301587302,2.1875,8.0,1.0,0.252270868785722,0.26099108749295613,0.9987637362637363,0.9821428571428571,0.53125,3.0,1.0,0.252270868785722,0.26099108749295613
109,0.9854853479853479,0.9126984126984127,2.15625,10.0,0.8181818181818182,0.26771111028771644,0.3007451750840012,0.997161172161172,0.9652777777777777,1.0,4.0,0.8181818181818182,0.26771111028771644,0.3007451750840012
110,0.8314560439560439,0.8055555555555556,4.6875,54.0,0.6666666666666666,0.4650424930374328,0.3106354712309985,0.8141483516483516,0.7867063492063491,4.9375,54.0,0.6666666666666666,0.4650424930374328,0.3106354712309985
111,0.985668498168498,0.9146825396825395,2.1875,10.0,1.0,0.3185838953920258,0.3487396965648687,0.9980769230769231,0.9732142857142856,0.8125,3.0,1.0,0.3185838953920258,0.3487396965648687
112,0.9853937728937727,0.9057539682539683,2.34375,9.0,0.8181818181818182,0.35391423531306315,0.2982975438446285,0.9972985347985347,0.9662698412698413,0.90625,5.0,0.8181818181818182,0.35391423531306315,0.2982975438446285
113,0.9945970695970694,0.9513888888888888,1.375,6.0,0.6666666666666666,0.36546933396628095,0.3827346669831405,0.9922619047619047,0.9345238095238094,1.65625,8.0,0.6666666666666666,0.36546933396628095,0.3827346669831405
114,0.9844780219780219,0.9067460317460316,2.375,9.0,0.8181818181818182,0.28064768969176507,0.28378412700432687,0.9982600732600732,0.9751984126984127,0.78125,3.0,0.8181818181818182,0.28064768969176507,0.28378412700432687
115,0.9857142857142855,0.9136904761904762,2.25,9.0,1.0,0.3378415243223045,0.32993894743183966,0.9992216117216116,0.984126984126984,0.5,2.0,1.0,0.3378415243223045,0.32993894743183966
116,0.9861721611721611,0.9176587301587302,2.15625,12.0,1.0,0.21107062775312038,0.2823172337300809,0.9888736263736262,0.9563492063492064,1.1875,18.0,1.0,0.21107062775312038,0.2823172337300809
117,0.9916666666666665,0.9355158730158729,1.78125,7.0,1.0,0.23163075483875248,0.30124414635814656,0.9969322344322342,0.9662698412698413,0.96875,5.0,1.0,0.23163075483875248,0.30124414635814656
118,0.9864468864468864,0.9136904761904762,2.21875,9.0,1.0,0.31334994790805737,0.2952519114852654,0.9991300366300366,0.984126984126984,0.5,2.0,1.0,0.31334994790805737,0.2952519114852654
119,0.9895604395604396,0.9255952380952381,1.9375,7.0,1.0,0.3227872749232268,0.3308995308691973,0.9992216117216116,0.986111111111111,0.40625,2.0,1.0,0.3227872749232268,0.3308995308691973
120,0.9969780219780219,0.9712301587301586,0.8125,6.0,1.0,0.22090284381985906,0.3104514219099295,0.9943223443223441,0.9464285714285714,1.34375,6.0,1.0,0.22090284381985906,0.3104514219099295
121,0.9803113553113553,0.8908730158730158,2.6875,10.0,0.8181818181818182,0.2654851153193859,0.2775414470591176,0.9941849816849815,0.9434523809523809,1.53125,6.0,0.8181818181818182,0.2654851153193859,0.2775414470591176
122,0.9826007326007324,0.9037698412698412,2.46875,10.0,1.0,0.2741470298358123,0.26824509061269863,0.9978937728937727,0.9722222222222222,0.8125,4.0,1.0,0.2741470298358123,0.26824509061269863
123,0.9883699633699633,0.9176587301587302,2.09375,8.0,0.8181818181818182,0.354806968957006,0.3243141170405749,0.9978021978021977,0.9702380952380952,0.84375,3.0,0.8181818181818182,0.354806968957006,0.3243141170405749
124,0.9948260073260071,0.9513888888888888,1.3125,6.0,1.0,0.31049557605647493,0.35015308193218514,0.9972069597069595,0.9662698412698413,0.90625,4.0,1.0,0.31049557605647493,0.35015308193218514
125,0.9904761904761904,0.931547619047619,1.8125,7.0,0.8181818181818182,0.27669210726597915,0.3323989298811584,0.9950091575091573,0.9523809523809523,1.28125,6.0,0.8181818181818182,0.27669210726597915,0.3323989298811584
126,0.9956501831501829,0.9583333333333333,1.15625,6.0,0.8181818181818182,0.33923501794414995,0.3696175089720749,0.9937271062271062,0.9454365079365078,1.46875,6.0,0.8181818181818182,0.33923501794414995,0.3696175089720749
127,0.9903388278388278,0.9255952380952381,1.96875,7.0,0.8181818181818182,0.321115585049236,0.3026671173053854,0.995970695970696,0.9583333333333333,1.1875,4.0,0.8181818181818182,0.321115585049236,0.3026671173053854
128,0.9805860805860805,0.8978174603174603,2.5,10.0,0.8181818181818182,0.2785503642606802,0.2925677197947994,0.9956501831501829,0.9543650793650793,1.375,5.0,0.8181818181818182,0.2785503642606802,0.2925677197947994
129,0.9935897435897434,0.9404761904761904,1.59375,6.0,1.0,0.23940618269892794,0.31611297333752075,0.9960164835164834,0.9553571428571428,1.21875,4.0,1.0,0.23940618269892794,0.31611297333752075
130,0.986492673992674,0.9146825396825395,2.15625,9.0,1.0,0.2762840019572379,0.27838932305267466,0.9993589743589743,0.9871031746031746,0.40625,2.0,1.0,0.2762840019572379,0.27838932305267466
131,0.9970238095238094,0.9722222222222222,0.78125,6.0,1.0,0.3800993642987025,0.3900496821493512,0.9941391941391939,0.9454365079365078,1.375,6.0,1.0,0.3800993642987025,0.3900496821493512
132,0.9967948717948718,0.9692460317460317,0.875,6.0,1.0,0.2805447203781375,0.3402723601890687,0.9945970695970694,0.9484126984126985,1.34375,5.0,1.0,0.2805447203781375,0.3402723601890687
133,0.9913919413919412,0.9305555555555556,1.8125,7.0,1.0,0.23049722340864612,0.26243791373276637,0.9980769230769231,0.9751984126984127,0.6875,3.0,1.0,0.23049722340864612,0.26243791373276637
134,0.983562271062271,0.9037698412698412,2.4375,10.0,0.8181818181818182,0.24479506331942938,0.25913914249660736,0.9958333333333333,0.9543650793650793,1.21875,4.0,0.8181818181818182,0.24479506331942938,0.25913914249660736
135,0.9935897435897434,0.9454365079365078,1.5,6.0,0.8181818181818182,0.30201667004336075,0.34769462075129576,0.9958791208791208,0.9583333333333333,1.15625,5.0,0.8181818181818182,0.30201667004336075,0.34769462075129576
136,0.9954670329670329,0.9563492063492064,1.1875,6.0,1.0,0.2551712998734246,0.32758564993671224,0.9972985347985347,0.9712301587301586,0.8125,5.0,1.0,0.2551712998734246,0.32758564993671224
137,0.9818223443223442,0.9017857142857142,2.53125,10.0,0.8181818181818182,0.3972958846272051,0.37278007467450797,0.991208791208791,0.9345238095238094,1.625,11.0,0.8181818181818182,0.3972958846272051,0.37278007467450797
138,0.9809523809523808,0.8988095238095237,2.59375,12.0,1.0,0.3363660159370603,0.2870105134219622,0.99757326007326,0.9712301587301586,0.90625,4.0,1.0,0.3363660159370603,0.2870105134219622
139,0.9869505494505493,0.9196428571428571,2.03125,10.0,1.0,0.31601125679048697,0.35489088610965164,0.9986721611721611,0.9781746031746031,0.65625,3.0,1.0,0.31601125679048697,0.35489088610965164
140,0.9838369963369963,0.9067460317460316,2.375,10.0,0.8181818181818182,0.2942643297688632,0.30491882813942683,0.9964285714285713,0.9593253968253969,1.09375,4.0,0.8181818181818182,0.2942643297688632,0.30491882813942683
141,0.9899725274725273,0.927579365079365,1.90625,8.0,1.0,0.29335866444438,0.3335567035799831,0.9976190476190474,0.9702380952380952,0.84375,4.0,1.0,0.29335866444438,0.3335567035799831
142,0.990934065934066,0.931547619047619,1.875,8.0,1.0,0.23520627122748994,0.2653650560969205,0.9978937728937727,0.9722222222222222,0.75,3.0,1.0,0.23520627122748994,0.2653650560969205
143,0.9956043956043955,0.9553571428571428,1.1875,6.0,1.0,0.15720676914200732,0.24629023169181394,0.9970238095238094,0.9662698412698413,0.9375,5.0,1.0,0.15720676914200732,0.24629023169181394
144,0.9862637362637361,0.9156746031746031,2.125,8.0,1.0,0.24111473343874612,0.2629814455684051,0.9984890109890108,0.9781746031746031,0.65625,3.0,1.0,0.24111473343874612,0.2629814455684051
145,0.9914377289377289,0.9325396825396824,1.75,7.0,1.0,0.32461680042481267,0.33485698619741244,0.9983058608058608,0.9751984126984127,0.78125,3.0,1.0,0.32461680042481267,0.33485698619741244
146,0.9900641025641025,0.9305555555555556,1.8125,8.0,0.8181818181818182,0.27444020695392773,0.3123522200112265,0.9954670329670329,0.9553571428571428,1.15625,6.0,0.8181818181818182,0.27444020695392773,0.3123522200112265
147,0.9966117216117215,0.9682539682539681,0.875,6.0,1.0,0.15759143758613386,0.27245189382724305,0.9948717948717947,0.9494047619047619,1.3125,5.0,1.0,0.15759143758613386,0.27245189382724305
148,0.9829670329670329,0.9047619047619047,2.5,9.0,1.0,0.21747170684983044,0.25800743026576733,0.9965201465201465,0.9632936507936507,1.03125,5.0,1.0,0.21747170684983044,0.25800743026576733
149,0.9857600732600732,0.9186507936507936,2.1875,14.0,0.6666666666666666,0.13122822573060045,0.2656141128653002,0.9811355311355311,0.8998015873015873,2.40625,14.0,0.6666666666666666,0.13122822573060045,0.2656141128653002
150,0.9857600732600732,0.9136904761904762,2.25,10.0,0.8181818181818182,0.24941366035392223,0.2650725253618425,0.9972985347985347,0.9662698412698413,0.96875,4.0,0.8181818181818182,0.24941366035392223,0.2650725253618425
151,0.9928571428571427,0.939484126984127,1.625,7.0,1.0,0.34487678203984184,0.36357414352904793,0.996565934065934,0.9623015873015872,1.125,4.0,1.0,0.34487678203984184,0.36357414352904793
152,0.9973901098901098,0.9712301587301586,0.8125,4.0,1.0,0.09083795015932933,0.23483470922972552,0.9948260073260071,0.9503968253968254,1.375,6.0,1.0,0.09083795015932933,0.23483470922972552
153,0.9842490842490841,0.9156746031746031,2.28125,14.0,1.0,0.20992662983541235,0.2661656776424461,0.9830128205128205,0.9345238095238094,1.75,20.0,1.0,0.20992662983541235,0.2661656776424461
154,0.9515567765567764,0.8253968253968252,4.21875,19.0,0.6666666666666666,0.36230309187493615,0.35658036601368953,0.9652930402930402,0.8501984126984127,3.34375,19.0,0.6666666666666666,0.36230309187493615,0.35658036601368953
155,0.9799450549450549,0.8938492063492063,2.65625,11.0,0.8181818181818182,0.3914069711595816,0.36363095153219627,0.9898351648351646,0.9265873015873015,1.75,12.0,0.8181818181818182,0.3914069711595816,0.36363095153219627
156,0.989606227106227,0.927579365079365,1.84375,8.0,1.0,0.22107437798490726,0.27599392295334885,0.9991300366300366,0.984126984126984,0.5,2.0,1.0,0.22107437798490726,0.27599392295334885
157,0.9851190476190477,0.9146825396825395,2.3125,15.0,0.8181818181818182,0.22629500806126454,0.31314750403063224,0.9833333333333332,0.927579365079365,1.875,21.0,0.8181818181818182,0.22629500806126454,0.31314750403063224
158,0.976098901098901,0.8779761904761905,2.84375,15.0,0.6666666666666666,0.2727611465173956,0.2840188792290719,0.9832417582417582,0.9067460317460316,2.25,16.0,0.6666666666666666,0.2727611465173956,0.2840188792290719
159,0.9912545787545786,0.9285714285714286,1.75,9.0,0.6666666666666666,0.23498592262088658,0.2897371847949797,0.990705128205128,0.931547619047619,1.65625,10.0,0.6666666666666666,0.23498592262088658,0.2897371847949797
160,0.9951465201465202,0.9543650793650793,1.25,6.0,1.0,0.25177838960736454,0.3256069271312918,0.9960164835164834,0.9573412698412698,1.125,5.0,1.0,0.25177838960736454,0.3256069271312918
161,0.9885989010989011,0.9226190476190474,2.0,8.0,1.0,0.2199163224405078,0.2525491502973011,0.9995879120879121,0.9910714285714285,0.28125,1.0,1.0,0.2199163224405078,0.2525491502973011
162,0.9796703296703295,0.8928571428571428,2.71875,12.0,0.8181818181818182,0.3053237668052502,0.2689911880105206,0.9947802197802197,0.9474206349206349,1.4375,4.0,0.8181818181818182,0.3053237668052502,0.2689911880105206
163,0.9859432234432235,0.9107142857142857,2.28125,8.0,1.0,0.20863758863746332,0.26443824052747306,0.9947802197802197,0.9632936507936507,1.0625,10.0,1.0,0.20863758863746332,0.26443824052747306
164,0.9867216117216117,0.9176587301587302,2.09375,8.0,1.0,0.291996610049732,0.3235488911499445,0.9986263736263734,0.9781746031746031,0.65625,3.0,1.0,0.291996610049732,0.3235488911499445
165,0.9811355311355311,0.8948412698412699,2.5625,10.0,0.8181818181818182,0.2953799421826887,0.2908346290591206,0.9956043956043955,0.9513888888888888,1.28125,4.0,0.8181818181818182,0.2953799421826887,0.2908346290591206
166,0.9796703296703295,0.9007936507936508,2.59375,15.0,1.0,0.24204458456512754,0.29685822712292753,0.9817765567765566,0.939484126984127,1.6875,21.0,1.0,0.24204458456512754,0.29685822712292753
167,0.9765109890109889,0.8829365079365079,3.03125,14.0,0.6666666666666666,0.3956858112849824,0.32784860403414906,0.9844322344322343,0.9097222222222221,2.25,15.0,0.6666666666666666,0.3956858112849824,0.32784860403414906
168,0.9893315018315018,0.9226190476190474,2.125,7.0,1.0,0.1815897368759104,0.2820797958267303,0.9971153846153845,0.9672619047619048,0.96875,5.0,1.0,0.1815897368759104,0.2820797958267303
169,0.9854853479853479,0.9117063492063491,2.1875,10.0,0.8181818181818182,0.19717870049201527,0.2555567662939062,0.9931776556776557,0.9424603174603173,1.46875,9.0,0.8181818181818182,0.19717870049201527,0.2555567662939062
170,0.9738095238095238,0.8759920634920634,3.03125,18.0,0.6666666666666666,0.3998876668378099,0.34595027277950374,0.9793956043956044,0.8988095238095237,2.40625,19.0,0.6666666666666666,0.3998876668378099,0.34595027277950374
171,0.9927655677655676,0.9384920634920635,1.625,6.0,0.8181818181818182,0.2750583925336002,0.32915739378325465,0.9937728937728937,0.9454365079365078,1.4375,7.0,0.8181818181818182,0.2750583925336002,0.32915739378325465
172,0.9815018315018316,0.9007936507936508,2.5,11.0,1.0,0.3526018701121073,0.3382192809101918,0.9978937728937727,0.9732142857142856,0.8125,4.0,1.0,0.3526018701121073,0.3382192809101918
173,0.9883699633699633,0.9226190476190474,2.03125,8.0,1.0,0.28815310256727245,0.31024127603751966,0.9995421245421244,0.9910714285714285,0.28125,2.0,1.0,0.28815310256727245,0.31024127603751966
174,0.9897893772893772,0.9265873015873015,1.875,8.0,1.0,0.3420792837231574,0.3710396418615787,0.9980311355311355,0.9732142857142856,0.78125,4.0,1.0,0.3420792837231574,0.3710396418615787
175,0.9869963369963369,0.9186507936507936,2.1875,10.0,0.8181818181818182,0.23329201711923672,0.2647712152605982,0.9956043956043955,0.9533730158730157,1.21875,4.0,0.8181818181818182,0.23329201711923672,0.2647712152605982
176,0.9869963369963369,0.9196428571428571,2.0625,8.0,0.8181818181818182,0.25140087341155704,0.30940572730328364,0.9935897435897434,0.9484126984126985,1.375,9.0,0.8181818181818182,0.25140087341155704,0.30940572730328364
177,0.9919413919413917,0.9355158730158729,1.75,7.0,1.0,0.3516236248673557,0.3552547863455602,0.9966575091575092,0.9623015873015872,1.125,4.0,1.0,0.3516236248673557,0.3552547863455602
178,0.9928571428571427,0.9355158730158729,1.6875,6.0,1.0,0.2830920865855172,0.316295054037846,0.997161172161172,0.9642857142857143,0.96875,3.0,1.0,0.2830920865855172,0.316295054037846
179,0.987912087912088,0.9216269841269841,2.125,10.0,1.0,0.20463470724897084,0.26194267666746196,0.9884615384615383,0.9464285714285714,1.5,16.0,1.0,0.20463470724897084,0.26194267666746196
180,0.9859890109890108,0.9136904761904762,2.1875,10.0,1.0,0.2641848352503904,0.2783677013250647,0.998992673992674,0.9821428571428571,0.5625,2.0,1.0,0.2641848352503904,0.2783677013250647
181,0.9871336996336993,0.9216269841269841,2.03125,10.0,1.0,0.2980244719819781,0.33304798284795084,0.9988095238095237,0.9801587301587301,0.625,2.0,1.0,0.2980244719819781,0.33304798284795084
182,0.9895604395604396,0.9265873015873015,1.90625,8.0,1.0,0.3159553991669885,0.35069240577575306,0.999267399267399,0.9871031746031746,0.40625,2.0,1.0,0.3159553991669885,0.35069240577575306
183,0.9964285714285713,0.9613095238095238,1.03125,4.0,0.8181818181818182,0.09902937521316982,0.22652868495004103,0.9932692307692307,0.9404761904761904,1.5625,7.0,0.8181818181818182,0.09902937521316982,0.22652868495004103
184,0.9953754578754578,0.9563492063492064,1.21875,6.0,1.0,0.1522767291873941,0.24336962569445425,0.9959249084249083,0.9573412698412698,1.15625,5.0,1.0,0.1522767291873941,0.24336962569445425
185,0.9928113553113552,0.939484126984127,1.65625,6.0,0.8181818181818182,0.383781549015906,0.39189077450795295,0.9951465201465202,0.9503968253968254,1.34375,5.0,0.8181818181818182,0.383781549015906,0.39189077450795295
186,0.9824633699633698,0.8998015873015873,2.59375,10.0,0.8181818181818182,0.23341235001858993,0.30598599115506236,0.9962912087912087,0.9563492063492064,1.21875,4.0,0.8181818181818182,0.23341235001858993,0.30598599115506236
187,0.9831959706959705,0.9027777777777778,2.4375,10.0,0.8181818181818182,0.2671258115225712,0.275159640326055,0.9959249084249083,0.9553571428571428,1.1875,4.0,0.8181818181818182,0.2671258115225712,0.275159640326055
188,0.989423076923077,0.927579365079365,1.875,8.0,0.8181818181818182,0.1977654384579074,0.268698000597154,0.9952838827838826,0.9563492063492064,1.15625,6.0,0.8181818181818182,0.1977654384579074,0.268698000597154
189,0.9943223443223441,0.9464285714285714,1.46875,6.0,1.0,0.2127825697980532,0.2547610204615024,0.9925824175824175,0.941468253968254,1.625,6.0,1.0,0.2127825697980532,0.2547610204615024
190,0.9970238095238094,0.9642857142857143,0.9375,6.0,1.0,0.3256902158225204,0.3628451079112602,0.9949633699633698,0.9533730158730157,1.25,5.0,1.0,0.3256902158225204,0.3628451079112602
191,0.98507326007326,0.9077380952380952,2.40625,9.0,1.0,0.25544599335705626,0.29725423532065953,0.9954670329670329,0.9682539682539681,0.9375,10.0,1.0,0.25544599335705626,0.29725423532065953
192,0.9895146520146519,0.9285714285714286,1.90625,8.0,1.0,0.22722299165062196,0.2634609583148007,0.9999542124542123,0.9990079365079364,0.03125,1.0,1.0,0.22722299165062196,0.2634609583148007
193,0.9953754578754578,0.9563492063492064,1.21875,6.0,1.0,0.18254160778164877,0.2866216174431877,0.997161172161172,0.9672619047619048,0.96875,4.0,1.0,0.18254160778164877,0.2866216174431877
194,0.9920787545787544,0.9374999999999999,1.65625,7.0,1.0,0.2284291941511476,0.26537540424059614,0.9988095238095237,0.9801587301587301,0.59375,3.0,1.0,0.2284291941511476,0.26537540424059614
195,0.9844322344322343,0.9107142857142857,2.3125,9.0,1.0,0.3640456117407388,0.3357839848259486,0.9986263736263734,0.9791666666666667,0.65625,3.0,1.0,0.3640456117407388,0.3357839848259486
196,0.9811813186813184,0.9017857142857142,2.625,14.0,1.0,0.2495765380245457,0.29015676702642273,0.9847069597069595,0.9484126984126985,1.4375,20.0,1.0,0.2495765380245457,0.29015676702642273
197,0.9922619047619047,0.9365079365079365,1.65625,7.0,1.0,0.32310236089596983,0.31998698686188504,0.99757326007326,0.9692460317460317,0.90625,3.0,1.0,0.32310236089596983,0.31998698686188504
198,0.9889194139194138,0.9305555555555556,1.9375,10.0,1.0,0.14570180140835745,0.24380530735339848,0.9892857142857141,0.941468253968254,1.65625,13.0,1.0,0.14570180140835745,0.24380530735339848
199,0.9873626373626372,0.9186507936507936,2.0625,8.0,1.0,0.31958032456980984,0.3578988113328099,0.998992673992674,0.9831349206349206,0.53125,3.0,1.0,0.31958032456980984,0.3578988113328099
200,0.9817307692307692,0.9017857142857142,2.625,12.0,1.0,0.25337182192829855,0.29837887782039413,0.9885073260073259,0.9583333333333333,1.25,18.0,1.0,0.25337182192829855,0.29837887782039413
201,0.9941849816849815,0.9464285714285714,1.46875,6.0,1.0,0.25147647696467,0.3117895497177288,0.9961996336996336,0.9613095238095238,1.125,6.0,1.0,0.25147647696467,0.3117895497177288
202,0.9861263736263735,0.9166666666666666,2.09375,10.0,1.0,0.2651632021871322,0.2805727287438711,0.9988095238095237,0.9791666666666667,0.65625,2.0,1.0,0.2651632021871322,0.2805727287438711
203,0.9717032967032967,0.8680555555555555,3.1875,18.0,0.6666666666666666,0.4915717198694535,0.4090382448761789,0.9792582417582417,0.8968253968253967,2.4375,19.0,0.6666666666666666,0.4915717198694535,0.4090382448761789
204,0.9855311355311354,0.9146825396825395,2.15625,10.0,1.0,0.28683390051371027,0.295009557108931,0.9985805860805859,0.9771825396825397,0.71875,2.0,1.0,0.28683390051371027,0.295009557108931
205,0.985576923076923,0.9126984126984127,2.25,10.0,1.0,0.28461676956172305,0.27319680214009723,0.9990384615384613,0.9831349206349206,0.53125,2.0,1.0,0.28461676956172305,0.27319680214009723
206,0.988095238095238,0.9156746031746031,2.1875,8.0,0.8181818181818182,0.3243388347316294,0.28432597668300924,0.9937728937728937,0.9424603174603173,1.4375,6.0,0.8181818181818182,0.3243388347316294,0.28432597668300924
207,0.9830128205128205,0.9017857142857142,2.46875,10.0,0.8181818181818182,0.3379941807550262,0.3355284012493896,0.9956501831501829,0.9543650793650793,1.21875,5.0,0.8181818181818182,0.3379941807550262,0.3355284012493896
208,0.9924450549450549,0.939484126984127,1.625,7.0,1.0,0.34563511361839894,0.3497730031561233,0.9981227106227105,0.9742063492063492,0.75,3.0,1.0,0.34563511361839894,0.3497730031561233
209,0.9873168498168498,0.9156746031746031,2.15625,11.0,0.6666666666666666,0.3682332258482431,0.3667352883142292,0.9874999999999998,0.9166666666666666,1.96875,12.0,0.6666666666666666,0.3682332258482431,0.3667352883142292
210,0.9917582417582417,0.9355158730158729,1.65625,7.0,1.0,0.2790941744104856,0.3395470872052428,0.9989010989010987,0.9801587301587301,0.59375,2.0,1.0,0.2790941744104856,0.3395470872052428
211,0.9898351648351646,0.9285714285714286,1.875,7.0,1.0,0.324171872600912,0.362085936300456,0.998992673992674,0.9831349206349206,0.53125,2.0,1.0,0.324171872600912,0.362085936300456
212,0.9894688644688644,0.9265873015873015,1.9375,7.0,1.0,0.3311422482549773,0.36557112412748866,0.9982142857142856,0.9771825396825397,0.6875,4.0,1.0,0.3311422482549773,0.36557112412748866
213,0.9900183150183148,0.9265873015873015,1.96875,8.0,1.0,0.2963374853488875,0.33632605988929826,0.9978021978021977,0.9712301587301586,0.8125,3.0,1.0,0.2963374853488875,0.33632605988929826
214,0.9904304029304027,0.929563492063492,1.875,8.0,0.8181818181818182,0.3854461738112005,0.35633965953699276,0.9952838827838826,0.9543650793650793,1.34375,4.0,0.8181818181818182,0.3854461738112005,0.35633965953699276
215,0.9780677655677654,0.8829365079365079,2.875,12.0,0.6666666666666666,0.36005918262863124,0.31685332349174267,0.986584249084249,0.9117063492063491,2.09375,13.0,0.6666666666666666,0.36005918262863124,0.31685332349174267
216,0.9810897435897434,0.8958333333333333,2.625,10.0,0.8181818181818182,0.3207041434566493,0.2870854860880891,0.9970238095238094,0.9642857142857143,0.96875,4.0,0.8181818181818182,0.3207041434566493,0.2870854860880891
217,0.9921703296703295,0.9365079365079365,1.71875,7.0,0.8181818181818182,0.32221156358967645,0.3162556663859644,0.9956501831501829,0.9573412698412698,1.28125,5.0,0.8181818181818182,0.32221156358967645,0.3162556663859644
218,0.9884157509157507,0.923611111111111,1.96875,8.0,1.0,0.3675263260911228,0.3837631630455614,0.9996336996336995,0.9920634920634921,0.25,1.0,1.0,0.3675263260911228,0.3837631630455614
219,0.9920329670329668,0.933531746031746,1.6875,7.0,0.6666666666666666,0.2676838587042243,0.3149057003543686,0.99253663003663,0.9404761904761904,1.46875,8.0,0.6666666666666666,0.2676838587042243,0.3149057003543686
220,0.9827380952380951,0.9017857142857142,2.5,10.0,0.8181818181818182,0.34452902394035856,0.31379100804560817,0.9976648351648351,0.9702380952380952,0.875,4.0,0.8181818181818182,0.34452902394035856,0.31379100804560817
221,0.9857600732600732,0.9097222222222221,2.3125,9.0,0.8181818181818182,0.4215984651549871,0.379494497206328,0.9984432234432232,0.9781746031746031,0.6875,3.0,0.8181818181818182,0.4215984651549871,0.379494497206328
222,0.9804029304029303,0.8968253968253967,2.5625,10.0,1.0,0.30925942186462874,0.27637866506109143,0.9969780219780219,0.9652777777777777,1.0,4.0,1.0,0.30925942186462874,0.27637866506109143
223,0.986675824175824,0.9176587301587302,2.125,9.0,1.0,0.33149999429028915,0.3364230520916954,0.9995421245421244,0.9900793650793651,0.3125,1.0,1.0,0.33149999429028915,0.3364230520916954
224,0.9775641025641023,0.8849206349206349,2.90625,12.0,0.8181818181818182,0.2894363526878238,0.3172041335858611,0.993131868131868,0.939484126984127,1.59375,7.0,0.8181818181818182,0.2894363526878238,0.3172041335858611
225,0.9850274725274725,0.9117063492063491,2.25,10.0,1.0,0.29362692705502424,0.303738782591497,0.9989468864468863,0.9801587301587301,0.59375,2.0,1.0,0.29362692705502424,0.303738782591497
226,0.986675824175824,0.9156746031746031,2.09375,8.0,1.0,0.3599591659572149,0.3799795829786074,0.9989010989010987,0.9801587301587301,0.59375,3.0,1.0,0.3599591659572149,0.3799795829786074
227,0.9828296703296703,0.9007936507936508,2.40625,10.0,1.0,0.23341583852418676,0.24937645595072516,0.9973901098901098,0.9652777777777777,0.96875,4.0,1.0,0.23341583852418676,0.24937645595072516
228,0.991208791208791,0.9355158730158729,1.6875,8.0,1.0,0.22960447213012625,0.2803229101773607,0.9983058608058608,0.976190476190476,0.65625,4.0,1.0,0.22960447213012625,0.2803229101773607
229,0.9919871794871794,0.9374999999999999,1.75,7.0,0.6666666666666666,0.1988744119078754,0.25856794663459676,0.992124542124542,0.9325396825396824,1.71875,7.0,0.6666666666666666,0.1988744119078754,0.25856794663459676
230,0.9938186813186812,0.9434523809523809,1.53125,6.0,1.0,0.3488701285197259,0.3621117142263301,0.9972527472527473,0.9682539682539681,0.875,4.0,1.0,0.3488701285197259,0.3621117142263301
231,0.9835164835164832,0.9067460317460316,2.40625,10.0,1.0,0.2721958930534525,0.2693904528747048,0.9984890109890108,0.9771825396825397,0.71875,3.0,1.0,0.2721958930534525,0.2693904528747048
232,0.9887362637362638,0.923611111111111,2.03125,7.0,1.0,0.24815066251927773,0.2826075401728912,0.9990384615384613,0.984126984126984,0.5,2.0,1.0,0.24815066251927773,0.2826075401728912
233,0.973260073260073,0.8789682539682538,3.125,13.0,1.0,0.29211978215760326,0.30915078084735453,0.9823717948717947,0.9355158730158729,1.8125,19.0,1.0,0.29211978215760326,0.30915078084735453
234,0.8518315018315018,0.7966269841269841,5.0,46.0,0.8181818181818182,0.4543775656423931,0.37100159570250146,0.8445054945054944,0.8273809523809523,4.5625,52.0,0.8181818181818182,0.4543775656423931,0.37100159570250146
235,0.9858974358974358,0.9136904761904762,2.1875,10.0,1.0,0.25875689887220543,0.24978939183585555,0.999267399267399,0.986111111111111,0.4375,2.0,1.0,0.25875689887220543,0.24978939183585555
236,0.989606227106227,0.9255952380952381,2.0625,8.0,0.8181818181818182,0.3148477910438723,0.31516511075110853,0.9972069597069595,0.9642857142857143,0.96875,4.0,0.8181818181818182,0.3148477910438723,0.31516511075110853
237,0.9913919413919412,0.939484126984127,1.625,10.0,0.8181818181818182,0.09094174374601302,0.24547087187300645,0.9847069597069595,0.9107142857142857,2.21875,13.0,0.8181818181818182,0.09094174374601302,0.24547087187300645
238,0.9913461538461537,0.9355158730158729,1.6875,8.0,1.0,0.21911574822672944,0.2780903090874999,0.9974358974358973,0.9702380952380952,0.78125,5.0,1.0,0.21911574822672944,0.2780903090874999
239,0.9878205128205128,0.9136904761904762,2.1875,8.0,0.8181818181818182,0.30728150884181216,0.2892977541857768,0.9945054945054944,0.9484126984126985,1.375,6.0,0.8181818181818182,0.30728150884181216,0.2892977541857768
240,0.9831043956043956,0.9017857142857142,2.625,9.0,0.8181818181818182,0.2904693482897213,0.28422567296860185,0.9955586080586079,0.9543650793650793,1.28125,5.0,0.8181818181818182,0.2904693482897213,0.28422567296860185
241,0.9951923076923076,0.9543650793650793,1.25,6.0,1.0,0.23050509960217733,0.312963565296454,0.9964285714285713,0.9613095238095238,1.0625,5.0,1.0,0.23050509960217733,0.312963565296454
242,0.9639194139194137,0.8541666666666666,3.53125,15.0,1.0,0.35701988758794584,0.3023138121071912,0.9836996336996336,0.9166666666666666,2.15625,15.0,1.0,0.35701988758794584,0.3023138121071912
243,0.9899725274725273,0.9285714285714286,1.90625,8.0,0.8181818181818182,0.2701804581918793,0.30877035956868276,0.9958333333333333,0.9553571428571428,1.125,5.0,0.8181818181818182,0.2701804581918793,0.30877035956868276
244,0.9861263736263735,0.9305555555555556,1.90625,13.0,1.0,0.14563786019304226,0.24723190967990336,0.9819139194139193,0.9216269841269841,2.03125,18.0,1.0,0.14563786019304226,0.24723190967990336
245,0.9874542124542124,0.923611111111111,2.0625,14.0,1.0,0.19092480819186722,0.2942767410200746,0.9846611721611721,0.9325396825396824,1.8125,20.0,1.0,0.19092480819186722,0.2942767410200746
246,0.9907967032967033,0.9345238095238094,1.6875,8.0,0.8181818181818182,0.32366059798932845,0.36183029899466423,0.9967490842490841,0.9652777777777777,1.0625,4.0,0.8181818181818182,0.32366059798932845,0.36183029899466423
247,0.9856227106227103,0.9117063492063491,2.1875,10.0,1.0,0.28645277514724177,0.31489540780925795,0.9978479853479852,0.9702380952380952,0.84375,3.0,1.0,0.28645277514724177,0.31489540780925795
248,0.992124542124542,0.9384920634920635,1.65625,7.0,1.0,0.27034553850046056,0.3155559207682377,0.999267399267399,0.9871031746031746,0.34375,2.0,1.0,0.27034553850046056,0.3155559207682377
249,0.9862637362637361,0.9117063492063491,2.28125,8.0,0.8181818181818182,0.3305772897752399,0.308096624582227,0.9986263736263734,0.9801587301587301,0.625,3.0,0.8181818181818182,0.3305772897752399,0.308096624582227
250,0.9870421245421244,0.9206349206349207,2.0,10.0,1.0,0.22809448939641333,0.2708751035625691,0.9979853479853479,0.9712301587301586,0.84375,3.0,1.0,0.22809448939641333,0.2708751035625691
251,0.9885989010989011,0.9226190476190474,2.0,8.0,1.0,0.2703648935004655,0.3018635773508215,0.9995879120879121,0.9910714285714285,0.28125,1.0,1.0,0.2703648935004655,0.3018635773508215
252,0.9830586080586079,0.9027777777777778,2.40625,10.0,0.8181818181818182,0.30125900043750464,0.3181525389382464,0.996565934065934,0.9593253968253969,1.125,4.0,0.8181818181818182,0.30125900043750464,0.3181525389382464
253,0.9929029304029302,0.939484126984127,1.625,7.0,1.0,0.31107170377828786,0.32034199225158705,0.9970695970695969,0.9662698412698413,1.0,4.0,1.0,0.31107170377828786,0.32034199225158705
254,0.9796245421245421,0.8908730158730158,2.78125,12.0,0.6666666666666666,0.35629632111742415,0.32071739229903695,0.9871336996336993,0.9156746031746031,2.0625,13.0,0.6666666666666666,0.35629632111742415,0.32071739229903695
255,0.9851190476190477,0.9107142857142857,2.25,10.0,0.8181818181818182,0.3189149915941554,0.33390306665291614,0.9957875457875456,0.9553571428571428,1.21875,5.0,0.8181818181818182,0.3189149915941554,0.33390306665291614
256,0.9926282051282049,0.9365079365079365,1.6875,6.0,1.0,0.2218518456931424,0.2678795614421161,0.9987637362637363,0.9811507936507935,0.53125,3.0,1.0,0.2218518456931424,0.2678795614421161
257,0.994734432234432,0.9494047619047619,1.375,6.0,0.6666666666666666,0.3650451529816202,0.38252257649081006,0.9932234432234431,0.9384920634920635,1.5625,7.0,0.6666666666666666,0.3650451529816202,0.38252257649081006
258,0.9855311355311354,0.9047619047619047,2.53125,8.0,0.8181818181818182,0.3782433422931746,0.29497442854563155,0.990934065934066,0.929563492063492,1.71875,7.0,0.8181818181818182,0.3782433422931746,0.29497442854563155
259,0.9897435897435897,0.9285714285714286,1.90625,7.0,1.0,0.2850863891766287,0.3293023023517676,0.9989010989010987,0.9831349206349206,0.5,3.0,1.0,0.2850863891766287,0.3293023023517676
260,0.9917582417582417,0.9355158730158729,1.71875,7.0,1.0,0.17549764286472783,0.2696571201342774,0.9978021978021977,0.9781746031746031,0.65625,6.0,1.0,0.17549764286472783,0.2696571201342774
261,0.9852106227106227,0.9117063492063491,2.25,10.0,0.8181818181818182,0.299148622906139,0.32030717620898075,0.9956959706959705,0.9543650793650793,1.25,5.0,0.8181818181818182,0.299148622906139,0.32030717620898075
262,0.989102564102564,0.9255952380952381,1.9375,8.0,1.0,0.29087542462695526,0.3327990938598202,0.9999084249084248,0.998015873015873,0.0625,1.0,1.0,0.29087542462695526,0.3327990938598202
263,0.9910714285714285,0.9325396825396824,1.71875,7.0,1.0,0.2174648428361564,0.2591283636922504,0.9992216117216116,0.9851190476190476,0.46875,2.0,1.0,0.2174648428361564,0.2591283636922504
264,0.9840201465201464,0.9067460317460316,2.34375,9.0,1.0,0.2968236355023748,0.275767152723943,0.9985347985347984,0.9791666666666667,0.625,3.0,1.0,0.2968236355023748,0.275767152723943
265,0.9883699633699633,0.9216269841269841,2.03125,8.0,0.6666666666666666,0.20306223284364383,0.25413269486101386,0.9926739926739926,0.9384920634920635,1.4375,9.0,0.6666666666666666,0.20306223284364383,0.25413269486101386
266,0.9799450549450549,0.8938492063492063,2.71875,15.0,0.8181818181818182,0.2885098569534474,0.32482454065858357,0.984157509157509,0.9365079365079365,1.71875,21.0,0.8181818181818182,0.2885098569534474,0.32482454065858357
267,0.9824633699633698,0.9047619047619047,2.46875,10.0,1.0,0.3039098304730813,0.2726277746627065,0.9978479853479852,0.9732142857142856,0.84375,4.0,1.0,0.3039098304730813,0.2726277746627065
268,0.9859890109890108,0.9156746031746031,2.15625,10.0,0.8181818181818182,0.2912525785158785,0.3215160922933301,0.9974358974358973,0.9682539682539681,0.90625,4.0,0.8181818181818182,0.2912525785158785,0.3215160922933301
269,0.9646520146520144,0.8730158730158729,3.1875,22.0,1.0,0.30082716997996284,0.2752909070455185,0.9729395604395603,0.9255952380952381,2.03125,22.0,1.0,0.30082716997996284,0.2752909070455185
270,0.9810897435897434,0.8958333333333333,2.5625,10.0,0.8181818181818182,0.31468950458301304,0.32016768577815574,0.9958333333333333,0.9543650793650793,1.21875,4.0,0.8181818181818182,0.31468950458301304,0.32016768577815574
271,0.9806318681318679,0.8978174603174603,2.5625,11.0,0.8181818181818182,0.36657192718256404,0.3660915128449623,0.9905677655677654,0.9325396825396824,1.75,12.0,0.8181818181818182,0.36657192718256404,0.3660915128449623
272,0.9933150183150181,0.941468253968254,1.5625,6.0,0.8181818181818182,0.21315161306342542,0.28804189374483125,0.9940018315018313,0.9464285714285714,1.34375,6.0,0.8181818181818182,0.21315161306342542,0.28804189374483125
273,0.9905677655677654,0.9265873015873015,1.90625,8.0,1.0,0.25789763847918207,0.3109969076317626,0.996565934065934,0.9613095238095238,1.0625,4.0,1.0,0.25789763847918207,0.3109969076317626
274,0.9812271062271061,0.8978174603174603,2.59375,10.0,0.8181818181818182,0.27604304115282385,0.2764295292328333,0.9970695970695969,0.9662698412698413,0.96875,4.0,0.8181818181818182,0.27604304115282385,0.2764295292328333
275,0.9904761904761904,0.9285714285714286,1.875,7.0,0.8181818181818182,0.30182549498146116,0.28661139798519936,0.9965201465201465,0.9613095238095238,1.03125,5.0,0.8181818181818182,0.30182549498146116,0.28661139798519936
276,0.9906593406593405,0.9265873015873015,1.96875,7.0,0.8181818181818182,0.32067450608024806,0.30308879708047554,0.9938644688644689,0.9454365079365078,1.5,6.0,0.8181818181818182,0.32067450608024806,0.30308879708047554
277,0.9956959706959705,0.9543650793650793,1.21875,5.0,0.8181818181818182,0.10567134769520664,0.2342316658349297,0.9928113553113552,0.9374999999999999,1.65625,6.0,0.8181818181818182,0.10567134769520664,0.2342316658349297
278,0.9778846153846155,0.8888888888888888,2.84375,11.0,0.8181818181818182,0.2885729296087361,0.29166999923085635,0.9948260073260071,0.9533730158730157,1.3125,6.0,0.8181818181818182,0.2885729296087361,0.29166999923085635
279,0.9786630036630036,0.8918650793650793,2.65625,12.0,1.0,0.3272011530753627,0.28965511876484556,0.9967032967032966,0.9642857142857143,1.03125,4.0,1.0,0.3272011530753627,0.28965511876484556
280,0.9787087912087912,0.8878968253968254,2.8125,11.0,0.8181818181818182,0.2911256411059634,0.2761097985617351,0.989423076923077,0.9265873015873015,1.78125,12.0,0.8181818181818182,0.2911256411059634,0.2761097985617351
281,0.9867673992673991,0.9156746031746031,2.09375,8.0,1.0,0.2412265303421972,0.27786196719997475,0.9985805860805859,0.9781746031746031,0.6875,3.0,1.0,0.2412265303421972,0.27786196719997475
282,0.9898809523809522,0.9246031746031745,2.0,7.0,1.0,0.4030736018560328,0.3693027972253995,0.9966575091575092,0.9632936507936507,0.9375,6.0,1.0,0.4030736018560328,0.3693027972253995
283,0.9856227106227103,0.9077380952380952,2.4375,9.0,0.8181818181818182,0.20930503727582342,0.2999610845596111,0.995970695970696,0.9583333333333333,1.21875,6.0,0.8181818181818182,0.20930503727582342,0.2999610845596111
284,0.9917582417582417,0.9325396825396824,1.78125,7.0,1.0,0.2570382660555109,0.27769377363024234,0.9979853479853479,0.9732142857142856,0.75,3.0,1.0,0.2570382660555109,0.27769377363024234
285,0.9890567765567765,0.9206349206349207,2.0625,8.0,1.0,0.2781957815047787,0.29560888387093787,0.9986721611721611,0.9811507936507935,0.53125,3.0,1.0,0.2781957815047787,0.29560888387093787
286,0.9804945054945052,0.8958333333333333,2.625,10.0,1.0,0.2782424543109502,0.26884893533206344,0.9970695970695969,0.9642857142857143,0.96875,4.0,1.0,0.2782424543109502,0.26884893533206344
287,0.985576923076923,0.9126984126984127,2.3125,10.0,1.0,0.30215542665584394,0.2974530541867443,0.9972069597069595,0.9652777777777777,0.96875,4.0,1.0,0.30215542665584394,0.2974530541867443
288,0.9915750915750915,0.9355158730158729,1.71875,7.0,1.0,0.32272281266214603,0.361361406331073,0.9993131868131866,0.988095238095238,0.375,2.0,1.0,0.32272281266214603,0.361361406331073
289,0.9794871794871794,0.8898809523809524,2.625,15.0,0.6666666666666666,0.41120108709115166,0.38919762630837557,0.9837454212454211,0.9126984126984127,2.09375,16.0,0.6666666666666666,0.41120108709115166,0.38919762630837557
290,0.981043956043956,0.8968253968253967,2.625,10.0,0.8181818181818182,0.3478552784658768,0.31184563531148585,0.9966117216117215,0.9632936507936507,1.03125,4.0,0.8181818181818182,0.3478552784658768,0.31184563531148585
291,0.9954670329670329,0.9563492063492064,1.1875,6.0,1.0,0.26244301685128235,0.3312215084256412,0.9972069597069595,0.9692460317460317,0.875,5.0,1.0,0.26244301685128235,0.3312215084256412
292,0.826602564102564,0.7827380952380952,5.3125,53.0,0.6666666666666666,0.4401854160064863,0.31528103255037343,0.8221153846153846,0.8253968253968252,4.78125,53.0,0.6666666666666666,0.4401854160064863,0.31528103255037343
293,0.9782967032967032,0.8849206349206349,2.9375,10.0,0.8181818181818182,0.3027122825131726,0.3005609303555979,0.9940934065934065,0.9454365079365078,1.5,4.0,0.8181818181818182,0.3027122825131726,0.3005609303555979
294,0.9922619047619047,0.9355158730158729,1.6875,7.0,1.0,0.29305403959151405,0.3295665283561617,0.9981227106227105,0.9742063492063492,0.6875,3.0,1.0,0.29305403959151405,0.3295665283561617
295,0.9831959706959705,0.9027777777777778,2.40625,10.0,0.8181818181818182,0.25354511603573004,0.2588589746565649,0.996565934065934,0.9593253968253969,1.09375,4.0,0.8181818181818182,0.25354511603573004,0.2588589746565649
296,0.9944139194139194,0.9484126984126985,1.40625,7.0,1.0,0.33725121762498067,0.34328957357688633,0.9957875457875456,0.9573412698412698,1.1875,5.0,1.0,0.33725121762498067,0.34328957357688633
297,0.9870421245421244,0.9176587301587302,2.125,9.0,1.0,0.30604022492213706,0.3093661343611826,0.9994963369963369,0.9900793650793651,0.3125,2.0,1.0,0.30604022492213706,0.3093661343611826
298,0.9945970695970694,0.9474206349206349,1.46875,5.0,1.0,0.14536804780318463,0.23719061995915475,0.9952838827838826,0.9503968253968254,1.40625,5.0,1.0,0.14536804780318463,0.23719061995915475
299,0.9847985347985345,0.9097222222222221,2.25,10.0,1.0,0.32309492574865484,0.3424440761971594,0.9989010989010987,0.9801587301587301,0.59375,2.0,1.0,0.32309492574865484,0.3424440761971594
300,0.9861263736263735,0.9166666666666666,2.09375,10.0,1.0,0.2642086235280482,0.2745791641777379,0.9988095238095237,0.9791666666666667,0.65625,2.0,1.0,0.2642086235280482,0.2745791641777379
301,0.9944139194139194,0.9494047619047619,1.4375,6.0,1.0,0.2938187854477561,0.346909392723878,0.9978021978021977,0.9722222222222222,0.8125,4.0,1.0,0.2938187854477561,0.346909392723878
302,0.9949633699633698,0.9513888888888888,1.3125,6.0,1.0,0.2815815707062739,0.3407907853531369,0.9978021978021977,0.9722222222222222,0.8125,4.0,1.0,0.2815815707062739,0.3407907853531369
303,0.9838827838827837,0.9067460317460316,2.4375,10.0,1.0,0.24086926479263576,0.2647368932367284,0.9962912087912087,0.9672619047619048,0.96875,8.0,1.0,0.24086926479263576,0.2647368932367284
304,0.9933608058608058,0.9424603174603173,1.59375,6.0,0.8181818181818182,0.16683614751493256,0.24540430724111822,0.9952838827838826,0.9513888888888888,1.28125,5.0,0.8181818181818182,0.16683614751493256,0.24540430724111822
305,0.9777930402930401,0.8849206349206349,2.90625,11.0,1.0,0.29429963965628103,0.3044985346737364,0.9922161172161172,0.9454365079365078,1.5625,10.0,1.0,0.29429963965628103,0.3044985346737364
306,0.9857600732600732,0.9087301587301587,2.3125,9.0,0.8181818181818182,0.30936063496277255,0.28264227648525075,0.9982142857142856,0.9751984126984127,0.75,3.0,0.8181818181818182,0.30936063496277255,0.28264227648525075
307,0.9847069597069595,0.9077380952380952,2.375,11.0,0.6666666666666666,0.25732683986620164,0.27653516087195507,0.989102564102564,0.9265873015873015,1.78125,12.0,0.6666666666666666,0.25732683986620164,0.27653516087195507
308,0.9918498168498168,0.9384920634920635,1.625,8.0,1.0,0.23829417529824767,0.29712592340300303,0.997161172161172,0.9672619047619048,0.875,5.0,1.0,0.23829417529824767,0.29712592340300303
309,0.986675824175824,0.9176587301587302,2.09375,10.0,1.0,0.24273426071032547,0.27241120176218897,0.9983516483516482,0.976190476190476,0.71875,3.0,1.0,0.24273426071032547,0.27241120176218897
310,0.9900641025641025,0.9285714285714286,1.90625,7.0,1.0,0.19637625690616115,0.28373344279486373,0.9984890109890108,0.9811507936507935,0.59375,5.0,1.0,0.19637625690616115,0.28373344279486373
311,0.9893315018315018,0.9246031746031745,1.96875,8.0,1.0,0.22005916191811706,0.2653775431753026,0.9990384615384613,0.9851190476190476,0.4375,3.0,1.0,0.22005916191811706,0.2653775431753026
312,0.9927197802197801,0.9424603174603173,1.46875,7.0,1.0,0.16022147681217175,0.2415213256541386,0.9975274725274724,0.9692460317460317,0.875,4.0,1.0,0.16022147681217175,0.2415213256541386
313,0.994047619047619,0.9464285714285714,1.4375,6.0,1.0,0.3449963375419742,0.35455468483571306,0.9973443223443224,0.9672619047619048,0.90625,4.0,1.0,0.3449963375419742,0.35455468483571306
314,0.9880494505494504,0.9226190476190474,2.0,8.0,1.0,0.32679374726028976,0.3323195013929913,0.9995879120879121,0.9910714285714285,0.28125,1.0,1.0,0.32679374726028976,0.3323195013929913
315,0.994047619047619,0.9474206349206349,1.4375,6.0,1.0,0.3691706814262916,0.3845853407131458,0.9981684981684982,0.976190476190476,0.65625,3.0,1.0,0.3691706814262916,0.3845853407131458
316,0.8230311355311354,0.7936507936507936,5.0,55.0,0.6666666666666666,0.39999999999999997,0.3245014224936297,0.8082875457875458,0.7867063492063491,5.15625,55.0,0.6666666666666666,0.39999999999999997,0.3245014224936297
317,0.9875457875457875,0.9146825396825395,2.1875,8.0,0.8181818181818182,0.22613730807923801,0.2962633784327976,0.9979395604395603,0.9712301587301586,0.875,3.0,0.8181818181818182,0.22613730807923801,0.2962633784327976
318,0.991620879120879,0.9305555555555556,1.8125,7.0,1.0,0.2693738553852978,0.3292389365634161,0.9964743589743588,0.9593253968253969,1.15625,4.0,1.0,0.2693738553852978,0.3292389365634161
319,0.9876831501831501,0.9196428571428571,2.0625,8.0,1.0,0.2600318033402922,0.27898219590245693,0.9996336996336995,0.9920634920634921,0.25,1.0,1.0,0.2600318033402922,0.27898219590245693
320,0.9864010989010987,0.9107142857142857,2.3125,9.0,1.0,0.24941142176187567,0.2848714491811013,0.9953296703296702,0.9672619047619048,0.9375,10.0,1.0,0.24941142176187567,0.2848714491811013
321,0.9899267399267396,0.9285714285714286,1.78125,8.0,1.0,0.2841062125316054,0.3341636006443627,0.9984432234432232,0.9771825396825397,0.6875,3.0,1.0,0.2841062125316054,0.3341636006443627
322,0.992124542124542,0.9374999999999999,1.625,7.0,0.8181818181818182,0.3164217927211024,0.32043052203210665,0.9964743589743588,0.9603174603174602,1.15625,4.0,0.8181818181818182,0.3164217927211024,0.32043052203210665
323,0.9881410256410256,0.9206349206349207,2.0625,8.0,1.0,0.33878740375391986,0.3512588667358806,0.9994047619047619,0.9890873015873015,0.34375,2.0,1.0,0.33878740375391986,0.3512588667358806
324,0.9907509157509157,0.9355158730158729,1.6875,7.0,1.0,0.4136105052479915,0.4068052526239957,0.9970695970695969,0.9642857142857143,0.96875,5.0,1.0,0.4136105052479915,0.4068052526239957
325,0.9885531135531134,0.9246031746031745,1.96875,8.0,1.0,0.19088460423635226,0.2541018596381383,0.9989010989010987,0.9831349206349206,0.53125,3.0,1.0,0.19088460423635226,0.2541018596381383
326,0.9839743589743588,0.9067460317460316,2.40625,10.0,1.0,0.2284377912547231,0.2652407224911026,0.9956501831501829,0.9553571428571428,1.28125,6.0,1.0,0.2284377912547231,0.2652407224911026
327,0.9944139194139194,0.9484126984126985,1.40625,6.0,1.0,0.35225742617979217,0.37612871308989604,0.9970695970695969,0.9652777777777777,1.0,4.0,1.0,0.35225742617979217,0.37612871308989604
328,0.9899725274725273,0.9285714285714286,1.90625,8.0,1.0,0.3079324461987647,0.347355011162855,0.9983974358974358,0.9771825396825397,0.65625,3.0,1.0,0.3079324461987647,0.347355011162855
329,0.9925824175824175,0.939484126984127,1.625,7.0,1.0,0.17146685628251918,0.24997417854295248,0.9983974358974358,0.9821428571428571,0.53125,5.0,1.0,0.17146685628251918,0.24997417854295248
330,0.9886904761904761,0.923611111111111,1.9375,8.0,1.0,0.2393558712719238,0.2892263405087289,0.998992673992674,0.9821428571428571,0.5625,2.0,1.0,0.2393558712719238,0.2892263405087289
331,0.9872710622710622,0.9196428571428571,2.125,10.0,0.8181818181818182,0.33164251472216333,0.35467642204893923,0.9964285714285713,0.9603174603174602,1.0625,5.0,0.8181818181818182,0.33164251472216333,0.35467642204893923
332,0.9893315018315018,0.9226190476190474,2.03125,8.0,1.0,0.25369091089604134,0.26381939344687505,0.9982600732600732,0.9771825396825397,0.59375,3.0,1.0,0.25369091089604134,0.26381939344687505
333,0.9874542124542124,0.9107142857142857,2.28125,8.0,0.8181818181818182,0.40525544443168615,0.3465634901557701,0.9924450549450549,0.9374999999999999,1.59375,6.0,0.8181818181818182,0.40525544443168615,0.3465634901557701
334,0.9878205128205128,0.9176587301587302,2.21875,7.0,1.0,0.3101560441983039,0.3122694526972906,0.9985805860805859,0.9801587301587301,0.625,3.0,1.0,0.3101560441983039,0.3122694526972906
335,0.9918498168498168,0.939484126984127,1.625,8.0,1.0,0.22790672307651053,0.2825954272702376,0.9986263736263734,0.9801587301587301,0.59375,3.0,1.0,0.22790672307651053,0.2825954272702376
336,0.9862637362637361,0.9156746031746031,2.1875,9.0,1.0,0.26398579816676326,0.27006299549975243,0.9993131868131866,0.986111111111111,0.4375,2.0,1.0,0.26398579816676326,0.27006299549975243
337,0.9851190476190477,0.9176587301587302,2.0625,15.0,0.8181818181818182,0.18897408789158585,0.24749375351813385,0.9807234432234432,0.9126984126984127,2.25,17.0,0.8181818181818182,0.18897408789158585,0.24749375351813385
338,0.9949633699633698,0.9523809523809523,1.25,6.0,1.0,0.23977800312832037,0.31988900156416017,0.9967490842490841,0.9632936507936507,1.0625,5.0,1.0,0.23977800312832037,0.31988900156416017
339,0.9958333333333333,0.9583333333333333,1.125,6.0,1.0,0.21087294998685693,0.2836344444755071,0.9967490842490841,0.9672619047619048,0.9375,5.0,1.0,0.21087294998685693,0.2836344444755071
340,0.9951923076923076,0.9533730158730157,1.28125,6.0,1.0,0.3409524784438392,0.36392490439270725,0.9927197802197801,0.9444444444444444,1.5625,6.0,1.0,0.3409524784438392,0.36392490439270725
341,0.9850274725274725,0.9067460317460316,2.34375,10.0,0.8181818181818182,0.2699798022481429,0.32576023192351433,0.9945970695970694,0.9494047619047619,1.34375,6.0,0.8181818181818182,0.2699798022481429,0.32576023192351433
342,0.9847527472527472,0.9077380952380952,2.25,10.0,1.0,0.2744631473946678,0.2982065770751876,0.9984432234432232,0.9742063492063492,0.71875,3.0,1.0,0.2744631473946678,0.2982065770751876
343,0.986675824175824,0.9186507936507936,2.03125,10.0,1.0,0.31969666137654723,0.35745419129704664,0.9989010989010987,0.9811507936507935,0.59375,2.0,1.0,0.31969666137654723,0.35745419129704664
344,0.9932692307692307,0.9404761904761904,1.53125,7.0,1.0,0.22382630630855982,0.2641116473050666,0.9968406593406592,0.9632936507936507,1.0625,4.0,1.0,0.22382630630855982,0.2641116473050666
345,0.8577380952380952,0.806547619047619,4.875,46.0,0.8181818181818182,0.42870081575872343,0.3665843885030282,0.8477106227106226,0.8253968253968252,4.46875,52.0,0.8181818181818182,0.42870081575872343,0.3665843885030282
346,0.9899267399267396,0.9246031746031745,1.9375,8.0,0.8181818181818182,0.3969161255232704,0.3610320289946049,0.9968406593406592,0.9652777777777777,1.03125,4.0,0.8181818181818182,0.3969161255232704,0.3610320289946049
347,0.9917124542124541,0.931547619047619,1.75,7.0,0.6666666666666666,0.23583209902010088,0.29268081589483097,0.9926282051282049,0.9404761904761904,1.5,8.0,0.6666666666666666,0.23583209902010088,0.29268081589483097
348,0.9939560439560439,0.9444444444444444,1.5,6.0,1.0,0.2746673753793655,0.3307842352631459,0.9981684981684982,0.9751984126984127,0.71875,3.0,1.0,0.2746673753793655,0.3307842352631459
349,0.9819139194139193,0.8938492063492063,2.5625,10.0,0.8181818181818182,0.35688615512593513,0.299487544736403,0.9965201465201465,0.9603174603174602,1.03125,4.0,0.8181818181818182,0.35688615512593513,0.299487544736403
350,0.9853479853479853,0.9087301587301587,2.34375,9.0,0.8181818181818182,0.3360716845696482,0.31057955207346044,0.9983516483516482,0.9771825396825397,0.71875,3.0,0.8181818181818182,0.3360716845696482,0.31057955207346044
351,0.9893315018315018,0.9255952380952381,1.96875,8.0,1.0,0.2592274037495449,0.2800418365903898,0.999267399267399,0.988095238095238,0.3125,3.0,1.0,0.2592274037495449,0.2800418365903898
352,0.9828754578754578,0.8988095238095237,2.5,10.0,0.8181818181818182,0.3537361716488922,0.28988578878797844,0.9967948717948718,0.9632936507936507,1.03125,4.0,0.8181818181818182,0.3537361716488922,0.28988578878797844
353,0.9906593406593405,0.929563492063492,2.0,7.0,1.0,0.2017074960797488,0.2787583152872908,0.9946886446886447,0.9662698412698413,0.96875,11.0,1.0,0.2017074960797488,0.2787583152872908
354,0.9939102564102563,0.9464285714285714,1.53125,7.0,1.0,0.1644412416246127,0.24218328242427165,0.9968406593406592,0.9652777777777777,1.0,5.0,1.0,0.1644412416246127,0.24218328242427165
355,0.995970695970696,0.9603174603174602,1.125,6.0,1.0,0.36128239454679356,0.38064119727339685,0.9946886446886447,0.9474206349206349,1.40625,5.0,1.0,0.36128239454679356,0.38064119727339685
356,0.98507326007326,0.9077380952380952,2.375,9.0,0.8181818181818182,0.29807639271370656,0.2770572919271631,0.9983058608058608,0.976190476190476,0.75,3.0,0.8181818181818182,0.29807639271370656,0.2770572919271631
357,0.9795329670329669,0.8918650793650793,2.5625,10.0,0.8181818181818182,0.3587465553118147,0.3520115338306884,0.9919413919413917,0.9345238095238094,1.6875,10.0,0.8181818181818182,0.3587465553118147,0.3520115338306884
358,0.9861721611721611,0.9156746031746031,2.25,10.0,0.8181818181818182,0.2390360300934093,0.2583699479570182,0.9972527472527473,0.9642857142857143,1.0,4.0,0.8181818181818182,0.2390360300934093,0.2583699479570182
359,0.9958333333333333,0.9553571428571428,1.1875,5.0,1.0,0.10795874236176478,0.22397963174850802,0.9967948717948718,0.9623015873015872,1.125,4.0,1.0,0.10795874236176478,0.22397963174850802
360,0.9862179487179485,0.9156746031746031,2.1875,10.0,1.0,0.2838065283139336,0.30066644635077,0.9993131868131866,0.986111111111111,0.4375,2.0,1.0,0.2838065283139336,0.30066644635077
361,0.9945054945054944,0.9484126984126985,1.40625,6.0,1.0,0.20010408184101966,0.291922403859261,0.9983058608058608,0.9771825396825397,0.65625,4.0,1.0,0.20010408184101966,0.291922403859261
362,0.9868131868131866,0.9136904761904762,2.34375,9.0,0.6666666666666666,0.2364209379219425,0.2596807405568284,0.9872710622710622,0.9146825396825395,2.09375,10.0,0.6666666666666666,0.2364209379219425,0.2596807405568284
363,0.9780677655677654,0.8908730158730158,2.78125,16.0,0.6666666666666666,0.42304306729629976,0.37531602372912604,0.9820970695970694,0.9037698412698412,2.34375,17.0,0.6666666666666666,0.42304306729629976,0.37531602372912604
364,0.9829212454212453,0.8998015873015873,2.4375,10.0,0.8181818181818182,0.24201883366769353,0.2650811430054259,0.9955128205128204,0.9523809523809523,1.28125,4.0,0.8181818181818182,0.24201883366769353,0.2650811430054259
365,0.9792582417582417,0.8928571428571428,2.8125,10.0,1.0,0.28364341985280717,0.2947205947525141,0.9912545787545786,0.9553571428571428,1.34375,12.0,1.0,0.28364341985280717,0.2947205947525141
366,0.9945970695970694,0.9484126984126985,1.4375,5.0,0.8181818181818182,0.13415949870908975,0.23851979903288054,0.9939560439560439,0.941468253968254,1.5,6.0,0.8181818181818182,0.13415949870908975,0.23851979903288054
367,0.9859432234432235,0.9156746031746031,2.15625,10.0,1.0,0.23980544862598438,0.2618859100016119,0.9991300366300366,0.984126984126984,0.46875,2.0,1.0,0.23980544862598438,0.2618859100016119
368,0.9873168498168498,0.9186507936507936,2.09375,9.0,1.0,0.22279727147740586,0.2474131422396023,0.9992216117216116,0.9851190476190476,0.46875,2.0,1.0,0.22279727147740586,0.2474131422396023
369,0.9814560439560439,0.8988095238095237,2.5625,11.0,0.8181818181818182,0.38163889059932254,0.36301286658338827,0.9898351648351646,0.929563492063492,1.71875,12.0,0.8181818181818182,0.38163889059932254,0.36301286658338827
370,0.9915293040293041,0.9355158730158729,1.78125,7.0,1.0,0.2470551518017163,0.27679990708765484,0.9989468864468863,0.984126984126984,0.46875,3.0,1.0,0.2470551518017163,0.27679990708765484
371,0.9592490842490841,0.8680555555555555,3.3125,28.0,0.6666666666666666,0.21151260466038835,0.3052060118466316,0.9558608058608057,0.863095238095238,3.34375,28.0,0.6666666666666666,0.21151260466038835,0.3052060118466316
372,0.9920787545787544,0.9374999999999999,1.5625,7.0,1.0,0.34019232409830946,0.36591156668060515,0.9989468864468863,0.9821428571428571,0.5625,3.0,1.0,0.34019232409830946,0.36591156668060515
373,0.9816849816849815,0.8958333333333333,2.59375,10.0,0.8181818181818182,0.3991003422001917,0.3492056406655373,0.9970238095238094,0.9642857142857143,1.0,4.0,0.8181818181818182,0.3991003422001917,0.3492056406655373
374,0.9900641025641025,0.9305555555555556,1.8125,8.0,1.0,0.24114072379179288,0.2765864095496576,0.9997252747252745,0.9950396825396826,0.15625,2.0,1.0,0.24114072379179288,0.2765864095496576
375,0.9899267399267396,0.929563492063492,1.90625,8.0,0.8181818181818182,0.2304596790220774,0.2717778694254218,0.9966117216117215,0.9623015873015872,1.03125,4.0,0.8181818181818182,0.2304596790220774,0.2717778694254218
376,0.9858974358974358,0.9136904761904762,2.25,8.0,1.0,0.26046110933859357,0.2731847083014408,0.998992673992674,0.9821428571428571,0.5625,2.0,1.0,0.26046110933859357,0.2731847083014408
377,0.9914835164835164,0.933531746031746,1.78125,7.0,0.8181818181818182,0.34673737298542956,0.33338069048920554,0.997481684981685,0.9682539682539681,0.90625,3.0,0.8181818181818182,0.34673737298542956,0.33338069048920554
378,0.9869505494505493,0.9156746031746031,2.1875,10.0,0.6666666666666666,0.2835393880691167,0.3081313832230032,0.990705128205128,0.9325396825396824,1.65625,11.0,0.6666666666666666,0.2835393880691167,0.3081313832230032
379,0.990705128205128,0.927579365079365,1.875,7.0,0.8181818181818182,0.4750057014811354,0.4293841000001114,0.9974358974358973,0.9682539682539681,0.90625,4.0,0.8181818181818182,0.4750057014811354,0.4293841000001114
380,0.9833333333333332,0.9037698412698412,2.40625,10.0,1.0,0.27628985978515364,0.2503944473919626,0.99775641025641,0.9702380952380952,0.90625,3.0,1.0,0.27628985978515364,0.2503944473919626
381,0.9957417582417581,0.9553571428571428,1.21875,6.0,1.0,0.1536044263311389,0.2568807435774864,0.996062271062271,0.9603174603174602,1.09375,6.0,1.0,0.1536044263311389,0.2568807435774864
382,0.9876831501831501,0.9206349206349207,2.0625,8.0,1.0,0.32897671123205163,0.3234591248835215,0.9994963369963369,0.9890873015873015,0.34375,1.0,1.0,0.32897671123205163,0.3234591248835215
383,0.9908424908424909,0.929563492063492,1.84375,7.0,1.0,0.2817357797550635,0.29968416192034875,0.9981684981684982,0.9742063492063492,0.78125,3.0,1.0,0.2817357797550635,0.29968416192034875
384,0.9829212454212453,0.9027777777777778,2.46875,10.0,0.8181818181818182,0.25237948875856414,0.2652980322083484,0.9928571428571427,0.939484126984127,1.5,9.0,0.8181818181818182,0.25237948875856414,0.2652980322083484
385,0.9845238095238095,0.9067460317460316,2.4375,9.0,0.8181818181818182,0.23731671417832245,0.3014389695329108,0.9965201465201465,0.9573412698412698,1.1875,4.0,0.8181818181818182,0.23731671417832245,0.3014389695329108
386,0.9895604395604396,0.9255952380952381,2.0,8.0,0.6666666666666666,0.2993065375225852,0.31841706064247777,0.9932692307692307,0.9404761904761904,1.46875,7.0,0.6666666666666666,0.2993065375225852,0.31841706064247777
387,0.9874542124542124,0.9196428571428571,2.09375,8.0,1.0,0.332463586740418,0.3553697681659412,0.998992673992674,0.984126984126984,0.5,3.0,1.0,0.332463586740418,0.3553697681659412
388,0.9922161172161172,0.9384920634920635,1.59375,6.0,0.8181818181818182,0.1537077998437807,0.24545691183778784,0.9948717948717947,0.9533730158730157,1.25,6.0,0.8181818181818182,0.1537077998437807,0.24545691183778784
389,0.9616300366300365,0.8561507936507935,3.65625,15.0,0.8181818181818182,0.3334685849548408,0.32440607972626817,0.973580586080586,0.9087301587301587,2.4375,21.0,0.8181818181818182,0.3334685849548408,0.32440607972626817
390,0.9895604395604396,0.927579365079365,1.875,8.0,1.0,0.3279881804203136,0.3443877291231357,0.9998168498168497,0.9960317460317459,0.125,1.0,1.0,0.3279881804203136,0.3443877291231357
391,0.9793040293040292,0.8918650793650793,2.71875,10.0,0.8181818181818182,0.29122264430564915,0.2732526374577194,0.9964743589743588,0.9603174603174602,1.09375,4.0,0.8181818181818182,0.29122264430564915,0.2732526374577194
392,0.9860805860805859,0.9117063492063491,2.28125,9.0,0.8181818181818182,0.35467466076013043,0.3234035485962038,0.9978021978021977,0.9702380952380952,0.84375,3.0,0.8181818181818182,0.35467466076013043,0.3234035485962038
393,0.9919413919413917,0.9365079365079365,1.71875,7.0,0.8181818181818182,0.29007965105081673,0.30576098921896533,0.996245421245421,0.9593253968253969,1.21875,4.0,0.8181818181818182,0.29007965105081673,0.30576098921896533
394,0.9899725274725273,0.9246031746031745,1.96875,8.0,1.0,0.22581508986663157,0.26236749578218016,0.9984890109890108,0.9791666666666667,0.5625,3.0,1.0,0.22581508986663157,0.26236749578218016
395,0.9969780219780219,0.9652777777777777,0.90625,6.0,1.0,0.37161078336968856,0.38580539168484423,0.9900641025641025,0.9285714285714286,1.9375,6.0,1.0,0.37161078336968856,0.38580539168484423
396,0.9861721611721611,0.9166666666666666,2.15625,10.0,1.0,0.3082072173673431,0.3408383538713722,0.9994047619047619,0.9890873015873015,0.34375,2.0,1.0,0.3082072173673431,0.3408383538713722
397,0.9893315018315018,0.9265873015873015,1.90625,8.0,1.0,0.2579862036338667,0.2862714457802312,0.9997710622710622,0.9950396825396826,0.15625,1.0,1.0,0.2579862036338667,0.2862714457802312
398,0.978525641025641,0.8928571428571428,2.8125,14.0,1.0,0.2666210028929048,0.30330761054790856,0.9845238095238095,0.9494047619047619,1.46875,20.0,1.0,0.2666210028929048,0.30330761054790856
399,0.9951465201465202,0.9523809523809523,1.28125,6.0,1.0,0.1920536448090513,0.2511979055977292,0.9954212454212452,0.9553571428571428,1.25,5.0,1.0,0.1920536448090513,0.2511979055977292
400,0.9814102564102563,0.8968253968253967,2.65625,10.0,0.8181818181818182,0.32823102600502785,0.3094137415057997,0.9933608058608058,0.9434523809523809,1.5,7.0,0.8181818181818182,0.32823102600502785,0.3094137415057997
401,0.9844322344322343,0.9067460317460316,2.3125,10.0,1.0,0.2245583454578449,0.26384319714574694,0.9980311355311355,0.9732142857142856,0.8125,4.0,1.0,0.2245583454578449,0.26384319714574694
402,0.9919871794871794,0.9374999999999999,1.65625,7.0,1.0,0.2506492371870669,0.32532461859353345,0.998992673992674,0.9821428571428571,0.53125,2.0,1.0,0.2506492371870669,0.32532461859353345
403,0.9832417582417582,0.9047619047619047,2.40625,11.0,0.8181818181818182,0.3112955786392386,0.3245968315243326,0.9907509157509157,0.933531746031746,1.65625,12.0,0.8181818181818182,0.3112955786392386,0.3245968315243326
404,0.9814102564102563,0.8978174603174603,2.5625,11.0,0.8181818181818182,0.4178174031427183,0.38958532784194994,0.9896520146520146,0.9285714285714286,1.75,12.0,0.8181818181818182,0.4178174031427183,0.38958532784194994
405,0.9907967032967033,0.933531746031746,1.78125,8.0,1.0,0.2474789661365024,0.2988596801972373,0.9971153846153845,0.9682539682539681,0.90625,4.0,1.0,0.2474789661365024,0.2988596801972373
406,0.9952380952380951,0.9553571428571428,1.25,6.0,1.0,0.2008755228259574,0.29210168574890205,0.9963827838827837,0.9603174603174602,1.09375,5.0,1.0,0.2008755228259574,0.29210168574890205
407,0.9933608058608058,0.9434523809523809,1.59375,6.0,1.0,0.40946580533597154,0.40473290266798573,0.9929029304029302,0.9404761904761904,1.5625,7.0,1.0,0.40946580533597154,0.40473290266798573
408,0.9770146520146518,0.8898809523809524,2.75,12.0,1.0,0.3213804619662662,0.2689606469045237,0.9961080586080584,0.9603174603174602,1.125,4.0,1.0,0.3213804619662662,0.2689606469045237
409,0.9945970695970694,0.9503968253968254,1.40625,6.0,1.0,0.17941323311324153,0.25462724846780366,0.9978021978021977,0.9732142857142856,0.8125,4.0,1.0,0.17941323311324153,0.25462724846780366
410,0.9882783882783882,0.9246031746031745,2.03125,10.0,0.8181818181818182,0.2720447228893789,0.30778716336810086,0.9964285714285713,0.9593253968253969,1.125,4.0,0.8181818181818182,0.2720447228893789,0.30778716336810086
411,0.9868589743589743,0.9146825396825395,2.09375,8.0,1.0,0.2574756007178834,0.3031564244101815,0.9986721611721611,0.9771825396825397,0.6875,3.0,1.0,0.2574756007178834,0.3031564244101815
412,0.9959249084249083,0.9583333333333333,1.125,6.0,1.0,0.29792475278437525,0.34287642326372836,0.9930860805860805,0.9454365079365078,1.5,5.0,1.0,0.29792475278437525,0.34287642326372836
413,0.9874084249084248,0.9186507936507936,2.09375,8.0,1.0,0.2784016729347372,0.31909378165199337,0.9994505494505495,0.9890873015873015,0.3125,2.0,1.0,0.2784016729347372,0.31909378165199337
414,0.9787545787545786,0.9027777777777778,2.625,13.0,0.8181818181818182,0.17123014496532443,0.2653127986776125,0.9787545787545786,0.9097222222222221,2.4375,16.0,0.8181818181818182,0.17123014496532443,0.2653127986776125
415,0.9908882783882783,0.9285714285714286,1.84375,7.0,0.8181818181818182,0.2526811934087946,0.27990326997238874,0.995970695970696,0.9573412698412698,1.1875,5.0,0.8181818181818182,0.2526811934087946,0.27990326997238874
416,0.9913003663003662,0.9345238095238094,1.71875,8.0,1.0,0.28044096646863365,0.3349828068235662,0.9983058608058608,0.9771825396825397,0.65625,4.0,1.0,0.28044096646863365,0.3349828068235662
417,0.9860347985347985,0.9146825396825395,2.28125,10.0,0.8181818181818182,0.36313215402495663,0.37521058197453583,0.9974358974358973,0.9672619047619048,0.9375,4.0,0.8181818181818182,0.36313215402495663,0.37521058197453583
418,0.9822344322344321,0.9017857142857142,2.53125,10.0,0.8181818181818182,0.2725622266219438,0.2790212367484607,0.9976648351648351,0.9702380952380952,0.875,4.0,0.8181818181818182,0.2725622266219438,0.2790212367484607
419,0.9893315018315018,0.923611111111111,2.0,8.0,1.0,0.3163292566720532,0.320214508915642,0.9989010989010987,0.9821428571428571,0.46875,3.0,1.0,0.3163292566720532,0.320214508915642
420,0.9821886446886448,0.9027777777777778,2.5,10.0,1.0,0.30099268790809053,0.27737000633922515,0.9972069597069595,0.9672619047619048,0.96875,4.0,1.0,0.30099268790809053,0.27737000633922515
421,0.9690018315018314,0.8621031746031745,3.4375,18.0,0.5384615384615384,0.3596428085969039,0.3011334051252269,0.9739468864468862,0.8829365079365079,2.8125,19.0,0.5384615384615384,0.3596428085969039,0.3011334051252269
422,0.9798992673992671,0.8958333333333333,2.59375,12.0,1.0,0.2723842346784145,0.2751238907162318,0.9917582417582417,0.9503968253968254,1.34375,12.0,1.0,0.2723842346784145,0.2751238907162318
423,0.9898351648351646,0.9246031746031745,2.0,8.0,0.8181818181818182,0.32092293094313357,0.2999474865283653,0.9972527472527473,0.9672619047619048,0.9375,4.0,0.8181818181818182,0.32092293094313357,0.2999474865283653
424,0.975686813186813,0.8789682539682538,3.0625,16.0,0.8181818181818182,0.3085954878339746,0.3418564266776399,0.9821886446886448,0.927579365079365,2.0,22.0,0.8181818181818182,0.3085954878339746,0.3418564266776399
425,0.989606227106227,0.923611111111111,1.90625,8.0,0.8181818181818182,0.3255430417072157,0.2937058494511531,0.9954670329670329,0.9543650793650793,1.1875,5.0,0.8181818181818182,0.3255430417072157,0.2937058494511531
426,0.9777930402930401,0.8849206349206349,2.65625,10.0,0.8181818181818182,0.24011977162503256,0.26942770193396937,0.991025641025641,0.929563492063492,1.84375,10.0,0.8181818181818182,0.24011977162503256,0.26942770193396937
427,0.9958791208791208,0.9543650793650793,1.1875,5.0,0.8181818181818182,0.0957162660375275,0.22999873552457384,0.9915750915750915,0.927579365079365,1.78125,7.0,0.8181818181818182,0.0957162660375275,0.22999873552457384
428,0.9915750915750915,0.9365079365079365,1.71875,8.0,1.0,0.1463224340768914,0.24413620000800876,0.996565934065934,0.9652777777777777,1.0,5.0,1.0,0.1463224340768914,0.24413620000800876
429,0.9953296703296702,0.9553571428571428,1.1875,6.0,1.0,0.12376349415318155,0.24070891860357618,0.9957417582417581,0.9563492063492064,1.15625,5.0,1.0,0.12376349415318155,0.24070891860357618
430,0.986675824175824,0.9186507936507936,2.0625,10.0,1.0,0.26758412012855154,0.3004575144734842,0.999084249084249,0.9831349206349206,0.53125,2.0,1.0,0.26758412012855154,0.3004575144734842
431,0.9929029304029302,0.9424603174603173,1.5625,7.0,1.0,0.1540144347393098,0.24379140734512472,0.9984432234432232,0.9811507936507935,0.5625,5.0,1.0,0.1540144347393098,0.24379140734512472
432,0.9830586080586079,0.9017857142857142,2.5,10.0,0.8181818181818182,0.24625631451519223,0.2702543343939999,0.9935439560439557,0.9444444444444444,1.46875,7.0,0.8181818181818182,0.24625631451519223,0.2702543343939999
433,0.9933608058608058,0.9424603174603173,1.53125,7.0,1.0,0.3513167289756449,0.3501480635534209,0.9954212454212452,0.9553571428571428,1.28125,4.0,1.0,0.3513167289756449,0.3501480635534209
434,0.991025641025641,0.933531746031746,1.65625,11.0,0.6666666666666666,0.39548531900266287,0.3977426595013314,0.9864468864468864,0.9126984126984127,2.09375,12.0,0.6666666666666666,0.39548531900266287,0.3977426595013314
435,0.9782051282051281,0.8878968253968254,2.78125,10.0,0.8181818181818182,0.3518208984645165,0.32729623755112575,0.9915750915750915,0.9325396825396824,1.71875,10.0,0.8181818181818182,0.3518208984645165,0.32729623755112575
436,0.9935897435897434,0.9424603174603173,1.5,6.0,1.0,0.3157325641169525,0.3554335328351342,0.9986263736263734,0.9811507936507935,0.5625,3.0,1.0,0.3157325641169525,0.3554335328351342
437,0.994459706959707,0.9484126984126985,1.4375,7.0,1.0,0.34941610512523336,0.3588871163860417,0.9931776556776557,0.9454365079365078,1.5625,6.0,1.0,0.34941610512523336,0.3588871163860417
438,0.9940018315018313,0.9454365079365078,1.4375,6.0,1.0,0.22558357636152937,0.29844367682972456,0.9983516483516482,0.9781746031746031,0.65625,3.0,1.0,0.22558357636152937,0.29844367682972456
439,0.9914377289377289,0.9355158730158729,1.6875,8.0,1.0,0.2732269833411174,0.31940242873033686,0.999267399267399,0.988095238095238,0.34375,3.0,1.0,0.2732269833411174,0.31940242873033686
440,0.9977106227106226,0.9702380952380952,0.84375,4.0,0.8181818181818182,0.09267716573866278,0.23100902496040618,0.9908424908424909,0.927579365079365,1.90625,8.0,0.8181818181818182,0.09267716573866278,0.23100902496040618
441,0.9831043956043956,0.9007936507936508,2.5,10.0,0.8181818181818182,0.28720987652255986,0.29872902670046897,0.9976648351648351,0.9692460317460317,0.90625,4.0,0.8181818181818182,0.28720987652255986,0.29872902670046897
442,0.9919413919413917,0.9325396825396824,1.75,6.0,0.6666666666666666,0.28068229193629235,0.3281274475683895,0.9896520146520146,0.923611111111111,2.0,7.0,0.6666666666666666,0.28068229193629235,0.3281274475683895
443,0.9750915750915751,0.8809523809523809,2.90625,11.0,0.8181818181818182,0.31515734764639247,0.2860929028957699,0.9934065934065933,0.941468253968254,1.5625,6.0,0.8181818181818182,0.31515734764639247,0.2860929028957699
444,0.9889652014652014,0.9265873015873015,2.0,9.0,0.8181818181818182,0.34318409145503603,0.36353799143514154,0.9964285714285713,0.9593253968253969,1.09375,4.0,0.8181818181818182,0.34318409145503603,0.36353799143514154
445,0.995054945054945,0.9503968253968254,1.3125,5.0,1.0,0.11839847569829276,0.23031351164254937,0.997481684981685,0.9692460317460317,0.90625,4.0,1.0,0.11839847569829276,0.23031351164254937
446,0.9967948717948718,0.9642857142857143,0.9375,6.0,1.0,0.25994632514026605,0.3242518711869785,0.9947802197802197,0.9533730158730157,1.3125,5.0,1.0,0.25994632514026605,0.3242518711869785
447,0.9815934065934065,0.8998015873015873,2.53125,11.0,0.8181818181818182,0.33140024983676986,0.3330803956078696,0.9901556776556775,0.9305555555555556,1.71875,12.0,0.8181818181818182,0.33140024983676986,0.3330803956078696
448,0.9878205128205128,0.9196428571428571,2.125,8.0,1.0,0.18807087642378587,0.26886046148909915,0.9969780219780219,0.9702380952380952,0.9375,6.0,1.0,0.18807087642378587,0.26886046148909915
449,0.9906593406593405,0.927579365079365,1.84375,7.0,0.8181818181818182,0.2379418555176374,0.2661620163841085,0.9980311355311355,0.9722222222222222,0.78125,3.0,0.8181818181818182,0.2379418555176374,0.2661620163841085
450,0.9889652014652014,0.9196428571428571,2.15625,8.0,0.8181818181818182,0.2927264868451629,0.2920938181482602,0.9953754578754578,0.9523809523809523,1.28125,6.0,0.8181818181818182,0.2927264868451629,0.2920938181482602
451,0.9817307692307692,0.9017857142857142,2.46875,11.0,1.0,0.27916455041114074,0.28635940197471377,0.99757326007326,0.9682539682539681,0.9375,4.0,1.0,0.27916455041114074,0.28635940197471377
452,0.9819139194139193,0.8998015873015873,2.5,10.0,1.0,0.3337216097803312,0.3326967484332955,0.9969322344322342,0.9623015873015872,1.03125,4.0,1.0,0.3337216097803312,0.3326967484332955
453,0.9960164835164834,0.9613095238095238,1.0625,6.0,0.8181818181818182,0.22789421236020713,0.3139471061801035,0.9928571428571427,0.9384920634920635,1.53125,7.0,0.8181818181818182,0.22789421236020713,0.3139471061801035
454,0.9817307692307692,0.8998015873015873,2.53125,11.0,0.8181818181818182,0.2961557969041324,0.30074287827484225,0.9902472527472528,0.9305555555555556,1.6875,12.0,0.8181818181818182,0.2961557969041324,0.30074287827484225
455,0.9738095238095238,0.8809523809523809,3.0,22.0,0.8181818181818182,0.3069103849137689,0.35345519245688445,0.9683608058608056,0.8839285714285713,2.8125,28.0,0.8181818181818182,0.3069103849137689,0.35345519245688445
456,0.9910714285714285,0.9305555555555556,1.90625,7.0,1.0,0.17103179242806701,0.27021164422410815,0.9969322344322342,0.9632936507936507,1.03125,4.0,1.0,0.17103179242806701,0.27021164422410815
457,0.9927197802197801,0.9404761904761904,1.59375,7.0,1.0,0.30575049889843753,0.34328205915769266,0.9979395604395603,0.9751984126984127,0.75,4.0,1.0,0.30575049889843753,0.34328205915769266
458,0.9783424908424907,0.8849206349206349,2.90625,12.0,0.6666666666666666,0.3539438521985317,0.31079080480799803,0.9872710622710622,0.9176587301587302,2.03125,13.0,0.6666666666666666,0.3539438521985317,0.31079080480799803
459,0.9862637362637361,0.9156746031746031,2.15625,10.0,1.0,0.22107495609005967,0.24855385265871163,0.99775641025641,0.9702380952380952,0.875,3.0,1.0,0.22107495609005967,0.24855385265871163
460,0.9879578754578754,0.9196428571428571,2.03125,8.0,1.0,0.23262077278778484,0.28392929355416247,0.9990384615384613,0.9821428571428571,0.5625,2.0,1.0,0.23262077278778484,0.28392929355416247
461,0.9913919413919412,0.9365079365079365,1.71875,8.0,1.0,0.24388778333167735,0.2915433153053935,0.9985347985347984,0.9791666666666667,0.625,3.0,1.0,0.24388778333167735,0.2915433153053935
462,0.9769230769230768,0.8849206349206349,2.8125,11.0,0.8181818181818182,0.29322131528068585,0.2819861288574582,0.9884615384615383,0.9176587301587302,1.9375,12.0,0.8181818181818182,0.29322131528068585,0.2819861288574582
463,0.9905219780219778,0.9305555555555556,1.90625,7.0,1.0,0.2736035611665228,0.3083553739848989,0.9973443223443224,0.9692460317460317,0.90625,4.0,1.0,0.2736035611665228,0.3083553739848989
464,0.986492673992674,0.9136904761904762,2.15625,8.0,1.0,0.2447814779040346,0.27119988341840673,0.9989468864468863,0.9821428571428571,0.53125,3.0,1.0,0.2447814779040346,0.27119988341840673
465,0.99253663003663,0.9365079365079365,1.71875,7.0,1.0,0.22949079627395536,0.26561223861553596,0.99757326007326,0.9692460317460317,0.84375,3.0,1.0,0.22949079627395536,0.26561223861553596
466,0.9803113553113553,0.8988095238095237,2.625,12.0,1.0,0.28488074684262754,0.26307124518873015,0.9953296703296702,0.9553571428571428,1.3125,6.0,1.0,0.28488074684262754,0.26307124518873015
467,0.983562271062271,0.9067460317460316,2.375,10.0,1.0,0.32573608392888276,0.33102528991461266,0.9984890109890108,0.9771825396825397,0.6875,3.0,1.0,0.32573608392888276,0.33102528991461266
468,0.9775641025641023,0.8918650793650793,2.71875,12.0,1.0,0.3106727537933491,0.2750246179022237,0.9961538461538461,0.9603174603174602,1.125,4.0,1.0,0.3106727537933491,0.2750246179022237
469,0.9880494505494504,0.9166666666666666,2.15625,8.0,0.8181818181818182,0.3844092207423932,0.3238219048104651,0.9952838827838826,0.9513888888888888,1.25,5.0,0.8181818181818182,0.3844092207423932,0.3238219048104651
470,0.9923992673992673,0.939484126984127,1.625,7.0,1.0,0.21047020239775407,0.25355872402627133,0.9984890109890108,0.9781746031746031,0.65625,3.0,1.0,0.21047020239775407,0.25355872402627133
471,0.984157509157509,0.9067460317460316,2.40625,8.0,0.8181818181818182,0.3653752616413748,0.3826876308206874,0.9908882783882783,0.931547619047619,1.84375,9.0,0.8181818181818182,0.3653752616413748,0.3826876308206874
472,0.9911172161172159,0.9305555555555556,1.875,7.0,0.8181818181818182,0.297727709863044,0.2876526766869128,0.9960164835164834,0.9593253968253969,1.21875,4.0,0.8181818181818182,0.297727709863044,0.2876526766869128
473,0.9834706959706958,0.9077380952380952,2.4375,10.0,0.8181818181818182,0.27408712087148124,0.2826516518554045,0.9914835164835164,0.9365079365079365,1.625,11.0,0.8181818181818182,0.27408712087148124,0.2826516518554045
474,0.9911172161172159,0.9345238095238094,1.65625,8.0,1.0,0.25855865077529117,0.32525827911922445,0.9992216117216116,0.9851190476190476,0.4375,2.0,1.0,0.25855865077529117,0.32525827911922445
475,0.989606227106227,0.9285714285714286,1.875,8.0,1.0,0.2764366409354816,0.3284175189539534,0.9996336996336995,0.9930555555555555,0.21875,2.0,1.0,0.2764366409354816,0.3284175189539534
476,0.9858974358974358,0.9087301587301587,2.34375,9.0,0.8181818181818182,0.29829915186411665,0.29591624257554594,0.9969780219780219,0.9652777777777777,0.9375,5.0,0.8181818181818182,0.29829915186411665,0.29591624257554594
477,0.9822344322344321,0.9027777777777778,2.5625,10.0,1.0,0.22381234200414776,0.2560499294919108,0.994047619047619,0.9613095238095238,1.125,10.0,1.0,0.22381234200414776,0.2560499294919108
478,0.9862637362637361,0.9077380952380952,2.28125,8.0,0.8181818181818182,0.320011675037403,0.2839819211956548,0.99775641025641,0.9702380952380952,0.84375,4.0,0.8181818181818182,0.320011675037403,0.2839819211956548
479,0.9722985347985346,0.8710317460317459,3.125,11.0,0.8181818181818182,0.31128157891719344,0.28952482785407796,0.9894688644688644,0.9255952380952381,1.96875,10.0,0.8181818181818182,0.31128157891719344,0.28952482785407796
480,0.9949633699633698,0.9494047619047619,1.3125,6.0,1.0,0.21860551439958156,0.2736618077265297,0.995054945054945,0.9543650793650793,1.28125,5.0,1.0,0.21860551439958156,0.2736618077265297
481,0.9942307692307691,0.9474206349206349,1.375,7.0,1.0,0.314497981664152,0.35020918968203923,0.9967948717948718,0.9642857142857143,1.03125,5.0,1.0,0.314497981664152,0.35020918968203923
482,0.9859432234432235,0.9087301587301587,2.3125,9.0,0.8181818181818182,0.3277261168816978,0.2827213358641354,0.9972985347985347,0.9672619047619048,0.90625,4.0,0.8181818181818182,0.3277261168816978,0.2827213358641354
483,0.9864010989010987,0.9176587301587302,2.0625,10.0,1.0,0.3000725941193199,0.33994830973782586,0.9978021978021977,0.9682539682539681,0.90625,4.0,1.0,0.3000725941193199,0.33994830973782586
484,0.9956043956043955,0.9533730158730157,1.25,6.0,1.0,0.16762252098355862,0.25726209341219936,0.9957417582417581,0.9563492063492064,1.1875,5.0,1.0,0.16762252098355862,0.25726209341219936
485,0.8274267399267398,0.7777777777777778,5.4375,52.0,0.6666666666666666,0.47394147891026744,0.32464904558019947,0.8259615384615383,0.8343253968253967,4.75,52.0,0.6666666666666666,0.47394147891026744,0.32464904558019947
486,0.9951923076923076,0.9513888888888888,1.28125,5.0,1.0,0.1423182924112697,0.2315080307357118,0.9981684981684982,0.976190476190476,0.6875,4.0,1.0,0.1423182924112697,0.2315080307357118
487,0.9904304029304027,0.9305555555555556,1.84375,8.0,1.0,0.2440737758384629,0.28295241284117156,0.9981684981684982,0.9751984126984127,0.71875,4.0,1.0,0.2440737758384629,0.28295241284117156
488,0.989697802197802,0.929563492063492,1.875,8.0,1.0,0.2173597132144272,0.2615095383832083,0.9996794871794871,0.994047619047619,0.1875,2.0,1.0,0.2173597132144272,0.2615095383832083
489,0.9914835164835164,0.9365079365079365,1.65625,8.0,1.0,0.36952134017935717,0.3847606700896786,0.9987179487179487,0.9811507936507935,0.5625,3.0,1.0,0.36952134017935717,0.3847606700896786
490,0.9943223443223441,0.9484126984126985,1.375,6.0,1.0,0.40718054869479825,0.4035902743473991,0.9977106227106226,0.9712301587301586,0.84375,3.0,1.0,0.40718054869479825,0.4035902743473991
491,0.9874084249084248,0.9146825396825395,2.15625,8.0,1.0,0.2991927394953199,0.2858603894000701,0.998992673992674,0.9831349206349206,0.53125,2.0,1.0,0.2991927394953199,0.2858603894000701
492,0.9897435897435897,0.9285714285714286,1.84375,8.0,0.8181818181818182,0.28993276346615254,0.3235797622519334,0.9943681318681318,0.9494047619047619,1.28125,7.0,0.8181818181818182,0.28993276346615254,0.3235797622519334
493,0.9615842490842489,0.8640873015873016,3.4375,25.0,0.8181818181818182,0.2975814041885796,0.2934792394408314,0.9710622710622709,0.9087301587301587,2.28125,25.0,0.8181818181818182,0.2975814041885796,0.2934792394408314
494,0.9917124542124541,0.9374999999999999,1.65625,8.0,1.0,0.2936403544076229,0.3440522395331342,0.9987637362637363,0.9821428571428571,0.53125,3.0,1.0,0.2936403544076229,0.3440522395331342
495,0.9811813186813184,0.8968253968253967,2.65625,10.0,0.8181818181818182,0.32072286863148647,0.286044877282896,0.997161172161172,0.9652777777777777,0.96875,4.0,0.8181818181818182,0.32072286863148647,0.286044877282896
496,0.9815018315018316,0.8948412698412699,2.6875,10.0,0.8181818181818182,0.28713754579350154,0.27478748898827005,0.9924450549450549,0.939484126984127,1.59375,8.0,0.8181818181818182,0.28713754579350154,0.27478748898827005
497,0.9913919413919412,0.9345238095238094,1.65625,7.0,1.0,0.1879345116517987,0.2503873853707376,0.999175824175824,0.9851190476190476,0.46875,2.0,1.0,0.1879345116517987,0.2503873853707376
498,0.990613553113553,0.9285714285714286,1.8125,10.0,0.6666666666666666,0.29027349842036104,0.32711247732502785,0.9896520146520146,0.927579365079365,1.78125,11.0,0.6666666666666666,0.29027349842036104,0.32711247732502785
499,0.8555402930402929,0.8174603174603173,4.53125,48.0,0.8181818181818182,0.39999999999999997,0.3426089133862392,0.836584249084249,0.7926587301587301,4.75,54.0,0.8181818181818182,0.39999999999999997,0.3426089133862392
500,0.9953754578754578,0.9573412698412698,1.15625,6.0,1.0,0.15554089848083316,0.26301542933788363,0.9966575091575092,0.9623015873015872,1.03125,5.0,1.0,0.15554089848083316,0.26301542933788363
501,0.9859432234432235,0.9136904761904762,2.21875,9.0,1.0,0.2267856104478809,0.253749861770787,0.999084249084249,0.9821428571428571,0.53125,2.0,1.0,0.2267856104478809,0.253749861770787
502,0.9754120879120878,0.8809523809523809,2.96875,12.0,0.8181818181818182,0.31829732515870884,0.28461777872616933,0.9916666666666665,0.933531746031746,1.75,6.0,0.8181818181818182,0.31829732515870884,0.28461777872616933
503,0.9859890109890108,0.9087301587301587,2.28125,10.0,0.8181818181818182,0.337987708260881,0.3052907770327688,0.9953296703296702,0.9553571428571428,1.1875,6.0,0.8181818181818182,0.337987708260881,0.3052907770327688
504,0.9917124542124541,0.9374999999999999,1.65625,8.0,1.0,0.2704184238382277,0.3288496054958181,0.9982142857142856,0.976190476190476,0.6875,4.0,1.0,0.2704184238382277,0.3288496054958181
505,0.983150183150183,0.9027777777777778,2.5,10.0,0.8181818181818182,0.275102966715439,0.2668924910216277,0.9956959706959705,0.9533730158730157,1.21875,4.0,0.8181818181818182,0.275102966715439,0.2668924910216277
506,0.9874084249084248,0.9156746031746031,2.15625,8.0,0.8181818181818182,0.3320618110483131,0.2985804020913643,0.99775641025641,0.9702380952380952,0.84375,4.0,0.8181818181818182,0.3320618110483131,0.2985804020913643
507,0.9769230769230768,0.8888888888888888,2.75,12.0,1.0,0.3260506029397064,0.270832553027066,0.9961538461538461,0.9613095238095238,1.09375,4.0,1.0,0.3260506029397064,0.270832553027066
508,0.9841117216117214,0.9047619047619047,2.46875,9.0,0.8181818181818182,0.4139612409936477,0.3452546405227662,0.9949633699633698,0.9474206349206349,1.3125,5.0,0.8181818181818182,0.4139612409936477,0.3452546405227662
509,0.9890109890109888,0.9206349206349207,2.09375,8.0,0.8181818181818182,0.28545149110096507,0.3302447028881105,0.9964285714285713,0.9593253968253969,1.09375,4.0,0.8181818181818182,0.28545149110096507,0.3302447028881105
510,0.9882783882783882,0.9246031746031745,2.03125,10.0,0.8181818181818182,0.24831124890765555,0.2826788276850087,0.9964285714285713,0.9593253968253969,1.125,4.0,0.8181818181818182,0.24831124890765555,0.2826788276850087
511,0.9885073260073259,0.9176587301587302,2.15625,8.0,0.8181818181818182,0.3215276349616598,0.2819738764361716,0.9936355311355312,0.9444444444444444,1.4375,6.0,0.8181818181818182,0.3215276349616598,0.2819738764361716
512,0.986675824175824,0.9176587301587302,2.125,9.0,1.0,0.27025216135135727,0.28464013147656797,0.9995421245421244,0.9900793650793651,0.3125,1.0,1.0,0.27025216135135727,0.28464013147656797
513,0.9793040293040292,0.8928571428571428,2.75,10.0,1.0,0.2265978865515434,0.27454644462826777,0.9937271062271062,0.9434523809523809,1.59375,5.0,1.0,0.2265978865515434,0.27454644462826777
514,0.9963827838827837,0.9603174603174602,1.0,6.0,1.0,0.31944460504873806,0.3597223025243691,0.9955128205128204,0.9573412698412698,1.1875,5.0,1.0,0.31944460504873806,0.3597223025243691
515,0.9832875457875456,0.9057539682539683,2.40625,10.0,1.0,0.29438563567563575,0.2702062974531755,0.9983516483516482,0.976190476190476,0.75,3.0,1.0,0.29438563567563575,0.2702062974531755
516,0.9944139194139194,0.9484126984126985,1.4375,6.0,0.8181818181818182,0.21379344122821548,0.28795856711865464,0.9951923076923076,0.9513888888888888,1.34375,5.0,0.8181818181818182,0.21379344122821548,0.28795856711865464
517,0.9923076923076922,0.9374999999999999,1.65625,7.0,1.0,0.3092471900156637,0.3189287230572877,0.9978937728937727,0.9722222222222222,0.8125,3.0,1.0,0.3092471900156637,0.3189287230572877
518,0.9864010989010987,0.9216269841269841,2.125,13.0,0.8181818181818182,0.13951759630003235,0.2636088176303275,0.9843406593406593,0.9166666666666666,2.15625,13.0,0.8181818181818182,0.13951759630003235,0.2636088176303275
519,0.9760531135531133,0.8789682539682538,3.0625,14.0,0.6666666666666666,0.45847085165011453,0.3826920421082069,0.9844322344322343,0.9097222222222221,2.1875,15.0,0.6666666666666666,0.45847085165011453,0.3826920421082069
520,0.9853479853479853,0.9126984126984127,2.1875,10.0,1.0,0.2727010191265823,0.3058052705359943,0.9987637362637363,0.9791666666666667,0.625,3.0,1.0,0.2727010191265823,0.3058052705359943
521,0.9882783882783882,0.923611111111111,2.0,8.0,1.0,0.26094293649133943,0.2842065287825983,0.9997252747252745,0.994047619047619,0.1875,1.0,1.0,0.26094293649133943,0.2842065287825983
522,0.9892399267399264,0.9216269841269841,1.96875,8.0,0.8181818181818182,0.29779944617336407,0.2878506726189292,0.9982600732600732,0.9742063492063492,0.71875,3.0,0.8181818181818182,0.29779944617336407,0.2878506726189292
523,0.9932692307692307,0.9434523809523809,1.5,7.0,1.0,0.2645249240332987,0.32749983908548147,0.9986721611721611,0.9801587301587301,0.59375,3.0,1.0,0.2645249240332987,0.32749983908548147
524,0.9817307692307692,0.8938492063492063,2.65625,10.0,0.8181818181818182,0.3632693863563714,0.2948704693780799,0.9956959706959705,0.9523809523809523,1.1875,5.0,0.8181818181818182,0.3632693863563714,0.2948704693780799
525,0.9833333333333332,0.9047619047619047,2.46875,13.0,0.6666666666666666,0.2681398769085722,0.2728376359773278,0.985668498168498,0.9136904761904762,2.0,14.0,0.6666666666666666,0.2681398769085722,0.2728376359773278
526,0.9799450549450549,0.8968253968253967,2.5625,10.0,1.0,0.36170642881949217,0.3808532144097461,0.9957875457875456,0.9553571428571428,1.28125,5.0,1.0,0.36170642881949217,0.3808532144097461
527,0.9864468864468864,0.9146825396825395,2.15625,8.0,1.0,0.27555924370192697,0.3077607621427412,0.9989468864468863,0.9831349206349206,0.5,3.0,1.0,0.27555924370192697,0.3077607621427412
528,0.9933150183150181,0.9424603174603173,1.5625,6.0,0.8181818181818182,0.28422592511679456,0.32799386533265085,0.9947802197802197,0.9494047619047619,1.3125,6.0,0.8181818181818182,0.28422592511679456,0.32799386533265085
529,0.9905219780219778,0.9265873015873015,1.90625,7.0,0.8181818181818182,0.29839694803734595,0.28518407706079973,0.9961996336996336,0.9613095238095238,1.125,4.0,0.8181818181818182,0.29839694803734595,0.28518407706079973
530,0.9877289377289376,0.9196428571428571,2.09375,8.0,1.0,0.3041027206554223,0.3254793505772374,0.9996336996336995,0.9920634920634921,0.25,1.0,1.0,0.3041027206554223,0.3254793505772374
531,0.9875457875457875,0.9206349206349207,2.03125,9.0,1.0,0.4042868544401965,0.40214342722009827,0.9993131868131866,0.9851190476190476,0.46875,1.0,1.0,0.4042868544401965,0.40214342722009827
532,0.9934523809523808,0.9444444444444444,1.5,6.0,1.0,0.29653573740617567,0.34339353633978065,0.9977106227106226,0.9732142857142856,0.78125,4.0,1.0,0.29653573740617567,0.34339353633978065
533,0.968543956043956,0.8690476190476191,3.3125,15.0,0.8181818181818182,0.30627653920375497,0.29046983197072035,0.9860805860805859,0.9216269841269841,2.125,15.0,0.8181818181818182,0.30627653920375497,0.29046983197072035
534,0.9916666666666665,0.9355158730158729,1.65625,7.0,1.0,0.21843615374474618,0.27696672057994803,0.9992216117216116,0.986111111111111,0.4375,2.0,1.0,0.21843615374474618,0.27696672057994803
535,0.9817765567765566,0.8998015873015873,2.4375,10.0,1.0,0.2675753386396915,0.25533550881965833,0.9969322344322342,0.9623015873015872,1.09375,4.0,1.0,0.2675753386396915,0.25533550881965833
536,0.9911172161172159,0.933531746031746,1.71875,8.0,1.0,0.2640420001757183,0.31520215350905034,0.9994505494505495,0.9900793650793651,0.28125,2.0,1.0,0.2640420001757183,0.31520215350905034
537,0.9704670329670327,0.8660714285714285,3.3125,12.0,0.8181818181818182,0.282577102232479,0.30266889500211724,0.9832875457875456,0.9047619047619047,2.375,12.0,0.8181818181818182,0.282577102232479,0.30266889500211724
538,0.9953754578754578,0.9573412698412698,1.125,6.0,0.8181818181818182,0.1813997902644858,0.29047055475289163,0.9886904761904761,0.9186507936507936,1.96875,9.0,0.8181818181818182,0.1813997902644858,0.29047055475289163
539,0.9895604395604396,0.927579365079365,1.84375,8.0,1.0,0.247751947441559,0.2882347580570674,0.999175824175824,0.986111111111111,0.4375,2.0,1.0,0.247751947441559,0.2882347580570674
540,0.9816849816849815,0.8988095238095237,2.59375,10.0,0.8181818181818182,0.3362782768709358,0.3012725226308478,0.9973443223443224,0.9672619047619048,0.96875,4.0,0.8181818181818182,0.3362782768709358,0.3012725226308478
541,0.9927655677655676,0.941468253968254,1.5,9.0,0.6666666666666666,0.3515859850105619,0.375792992505281,0.9888278388278388,0.9226190476190474,1.875,10.0,0.6666666666666666,0.3515859850105619,0.375792992505281
542,0.9918498168498168,0.9384920634920635,1.65625,7.0,1.0,0.2626419176420778,0.306762838840952,0.999267399267399,0.9871031746031746,0.375,2.0,1.0,0.2626419176420778,0.306762838840952
543,0.9904304029304027,0.9265873015873015,1.9375,8.0,0.8181818181818182,0.21476704905642255,0.3073835245282112,0.9920329670329668,0.9355158730158729,1.6875,6.0,0.8181818181818182,0.21476704905642255,0.3073835245282112
544,0.9680402930402929,0.876984126984127,3.0625,23.0,0.8181818181818182,0.2601808926958096,0.2846338087675643,0.9743131868131867,0.9156746031746031,2.21875,23.0,0.8181818181818182,0.2601808926958096,0.2846338087675643
545,0.9793498168498168,0.8938492063492063,2.625,11.0,1.0,0.349590805285798,0.3267391407772229,0.9967948717948718,0.9642857142857143,1.03125,4.0,1.0,0.349590805285798,0.3267391407772229
546,0.9735347985347985,0.8730158730158729,3.3125,13.0,0.6666666666666666,0.43645327867830436,0.33879624168357797,0.9843864468864468,0.9057539682539683,2.34375,14.0,0.6666666666666666,0.43645327867830436,0.33879624168357797
547,0.9956959706959705,0.9583333333333333,1.21875,6.0,1.0,0.3683449219658146,0.38417246098290725,0.9941391941391939,0.9434523809523809,1.5,5.0,1.0,0.3683449219658146,0.38417246098290725
548,0.9947802197802197,0.9523809523809523,1.25,6.0,1.0,0.25265281943670836,0.3263264097183542,0.9955586080586079,0.9553571428571428,1.21875,5.0,1.0,0.25265281943670836,0.3263264097183542
549,0.9906593406593405,0.9305555555555556,1.78125,7.0,1.0,0.2811999352781901,0.2988766997912547,0.9992216117216116,0.9851190476190476,0.4375,2.0,1.0,0.2811999352781901,0.2988766997912547
550,0.8234432234432234,0.7886904761904762,5.15625,52.0,0.6666666666666666,0.43591326410930925,0.30634757779672295,0.8168956043956043,0.8273809523809523,4.84375,54.0,0.6666666666666666,0.43591326410930925,0.30634757779672295
551,0.9943681318681318,0.9474206349206349,1.40625,6.0,1.0,0.2861396628217282,0.32905088035581836,0.997481684981685,0.9702380952380952,0.84375,4.0,1.0,0.2861396628217282,0.32905088035581836
552,0.9820512820512819,0.9007936507936508,2.4375,10.0,1.0,0.31034348696375363,0.3242830026694168,0.9975274725274724,0.9672619047619048,0.9375,4.0,1.0,0.31034348696375363,0.3242830026694168
553,0.9833333333333332,0.9047619047619047,2.5,10.0,0.8181818181818182,0.3154020507470058,0.3132462715521843,0.9939560439560439,0.9474206349206349,1.375,7.0,0.8181818181818182,0.3154020507470058,0.3132462715521843
554,0.9896520146520146,0.9226190476190474,2.0,8.0,0.8181818181818182,0.3892054078812145,0.3536632261299122,0.9966575091575092,0.9632936507936507,1.0625,4.0,0.8181818181818182,0.3892054078812145,0.3536632261299122
555,0.9882326007326007,0.9176587301587302,2.125,8.0,0.8181818181818182,0.24695547686943956,0.2751220123844482,0.9985347985347984,0.9781746031746031,0.6875,2.0,0.8181818181818182,0.24695547686943956,0.2751220123844482
556,0.9722527472527472,0.8670634920634921,3.1875,11.0,0.8181818181818182,0.2848139628791705,0.29354402887827435,0.9861721611721611,0.9077380952380952,2.25,12.0,0.8181818181818182,0.2848139628791705,0.29354402887827435
557,0.9927197802197801,0.9404761904761904,1.65625,6.0,0.6666666666666666,0.2687415970565036,0.31367045916407615,0.9924450549450549,0.9355158730158729,1.65625,7.0,0.6666666666666666,0.2687415970565036,0.31367045916407615
558,0.9930402930402931,0.939484126984127,1.625,6.0,1.0,0.35076992266108165,0.36921206126281003,0.9984890109890108,0.9781746031746031,0.625,3.0,1.0,0.35076992266108165,0.36921206126281003
559,0.9886904761904761,0.923611111111111,1.96875,8.0,1.0,0.24605363255401835,0.2723344144417391,0.9996336996336995,0.9920634920634921,0.25,1.0,1.0,0.24605363255401835,0.2723344144417391
560,0.9817307692307692,0.8978174603174603,2.53125,10.0,1.0,0.24775738927582308,0.26548794032901524,0.9956959706959705,0.9543650793650793,1.28125,6.0,1.0,0.24775738927582308,0.26548794032901524
561,0.9858516483516482,0.9136904761904762,2.28125,10.0,0.8181818181818182,0.3007380129651399,0.3195634985201584,0.9964285714285713,0.9603174603174602,1.0625,4.0,0.8181818181818182,0.3007380129651399,0.3195634985201584
562,0.9833791208791208,0.9037698412698412,2.4375,12.0,0.6666666666666666,0.40389890756159186,0.3822073792742865,0.9884157509157507,0.9246031746031745,1.8125,13.0,0.6666666666666666,0.40389890756159186,0.3822073792742865
563,0.966712454212454,0.8561507936507935,3.53125,14.0,0.6666666666666666,0.3903370340313377,0.30829253539168705,0.9805860805860805,0.8928571428571428,2.5625,15.0,0.6666666666666666,0.3903370340313377,0.30829253539168705
564,0.9801739926739926,0.8958333333333333,2.5625,11.0,0.8181818181818182,0.24970607977564163,0.2627754668643289,0.9902472527472528,0.9285714285714286,1.71875,12.0,0.8181818181818182,0.24970607977564163,0.2627754668643289
565,0.9966117216117215,0.9642857142857143,0.9375,6.0,1.0,0.15945489997096005,0.2490461098106247,0.9954212454212452,0.9593253968253969,1.125,5.0,1.0,0.15945489997096005,0.2490461098106247
566,0.9880036630036629,0.9176587301587302,2.125,8.0,1.0,0.3186983334595887,0.31160043776027024,0.9991300366300366,0.984126984126984,0.5,2.0,1.0,0.3186983334595887,0.31160043776027024
567,0.9884615384615383,0.9156746031746031,2.25,8.0,0.8181818181818182,0.32719283208313765,0.28521458637698405,0.9904761904761904,0.9305555555555556,1.84375,7.0,0.8181818181818182,0.32719283208313765,0.28521458637698405
568,0.9952838827838826,0.9523809523809523,1.25,6.0,1.0,0.2738477487334896,0.33692387436674476,0.994734432234432,0.9494047619047619,1.40625,6.0,1.0,0.2738477487334896,0.33692387436674476
569,0.9943223443223441,0.9474206349206349,1.4375,6.0,1.0,0.2388153267158297,0.30769060740637527,0.9979853479853479,0.9742063492063492,0.75,4.0,1.0,0.2388153267158297,0.30769060740637527
570,0.9933150183150181,0.9404761904761904,1.59375,7.0,1.0,0.3316535734835623,0.34303137300672754,0.9978937728937727,0.9732142857142856,0.75,3.0,1.0,0.3316535734835623,0.34303137300672754
571,0.9888278388278388,0.9246031746031745,1.9375,8.0,1.0,0.21375403603493726,0.2539148792460336,0.9996794871794871,0.9930555555555555,0.21875,1.0,1.0,0.21375403603493726,0.2539148792460336
572,0.9893315018315018,0.9265873015873015,1.90625,8.0,1.0,0.36003505253203616,0.380017526266018,0.9999542124542123,0.9990079365079364,0.03125,1.0,1.0,0.36003505253203616,0.380017526266018
573,0.9855311355311354,0.9117063492063491,2.21875,9.0,1.0,0.23937874079471938,0.28330710537618364,0.9973901098901098,0.9662698412698413,1.03125,4.0,1.0,0.23937874079471938,0.28330710537618364
574,0.9932234432234431,0.9424603174603173,1.5625,6.0,1.0,0.20623397317946146,0.29695334498844816,0.9986263736263734,0.9771825396825397,0.65625,3.0,1.0,0.20623397317946146,0.29695334498844816
575,0.9874542124542124,0.9186507936507936,2.09375,8.0,1.0,0.22704640557384037,0.2596650153200082,0.9993131868131866,0.9871031746031746,0.375,2.0,1.0,0.22704640557384037,0.2596650153200082
576,0.9809065934065934,0.8918650793650793,2.6875,10.0,0.8181818181818182,0.3657099893163255,0.30678170586089687,0.9963827838827837,0.9563492063492064,1.125,4.0,0.8181818181818182,0.3657099893163255,0.30678170586089687
577,0.9868131868131866,0.9107142857142857,2.3125,8.0,1.0,0.24370566908050353,0.2907477950166395,0.9951923076923076,0.9652777777777777,0.96875,10.0,1.0,0.24370566908050353,0.2907477950166395
578,0.9924450549450549,0.9404761904761904,1.5625,7.0,1.0,0.3024936681085685,0.33139885606769914,0.9988553113553114,0.9811507936507935,0.5625,3.0,1.0,0.3024936681085685,0.33139885606769914
579,0.8468864468864469,0.7787698412698412,5.34375,46.0,0.6666666666666666,0.4846735013497662,0.4023873714047781,0.8432234432234431,0.8174603174603173,4.65625,52.0,0.6666666666666666,0.4846735013497662,0.4023873714047781
580,0.9890109890109888,0.9206349206349207,2.09375,8.0,0.8181818181818182,0.32647563445696265,0.2954390836277145,0.996565934065934,0.9632936507936507,1.0625,5.0,0.8181818181818182,0.32647563445696265,0.2954390836277145
581,0.9843864468864468,0.9117063492063491,2.28125,10.0,1.0,0.307520784928045,0.30035744421704536,0.9989468864468863,0.984126984126984,0.5,3.0,1.0,0.307520784928045,0.30035744421704536
582,0.9967948717948718,0.9682539682539681,0.875,6.0,1.0,0.09345188405293914,0.2467259420264696,0.9942307692307691,0.9474206349206349,1.40625,6.0,1.0,0.09345188405293914,0.2467259420264696
583,0.986584249084249,0.9107142857142857,2.25,8.0,0.8181818181818182,0.32060296065412075,0.29288255709232547,0.9982142857142856,0.9751984126984127,0.78125,3.0,0.8181818181818182,0.32060296065412075,0.29288255709232547
584,0.9824633699633698,0.9007936507936508,2.5625,10.0,0.8181818181818182,0.27517923264752664,0.26931975430888,0.9937728937728937,0.9454365079365078,1.40625,7.0,0.8181818181818182,0.27517923264752664,0.26931975430888
585,0.9957875457875456,0.9543650793650793,1.21875,6.0,1.0,0.24725035667087988,0.31384157120506684,0.9964285714285713,0.9632936507936507,1.0625,5.0,1.0,0.24725035667087988,0.31384157120506684
586,0.9883241758241756,0.923611111111111,2.0,9.0,0.8181818181818182,0.34629952686908116,0.3684890280002004,0.9948260073260071,0.9523809523809523,1.28125,6.0,0.8181818181818182,0.34629952686908116,0.3684890280002004
587,0.9915293040293041,0.9374999999999999,1.625,6.0,1.0,0.14020963271611867,0.2326165162323944,0.9963827838827837,0.9583333333333333,1.15625,5.0,1.0,0.14020963271611867,0.2326165162323944
588,0.9846611721611721,0.9057539682539683,2.5,10.0,0.6666666666666666,0.3206045052256384,0.3148693367527716,0.9918498168498168,0.9345238095238094,1.65625,7.0,0.6666666666666666,0.3206045052256384,0.3148693367527716
589,0.9912545787545786,0.9345238095238094,1.71875,7.0,0.8181818181818182,0.17557182468795354,0.25008613839187516,0.9946886446886447,0.9513888888888888,1.28125,6.0,0.8181818181818182,0.17557182468795354,0.25008613839187516
590,0.8434065934065933,0.8005952380952381,4.9375,48.0,0.8181818181818182,0.4450876768732075,0.34265959333727436,0.8342490842490843,0.8273809523809523,4.625,52.0,0.8181818181818182,0.4450876768732075,0.34265959333727436
591,0.9838827838827837,0.9097222222222221,2.28125,10.0,0.8181818181818182,0.236715702593228,0.2604562852011596,0.9930860805860805,0.9424603174603173,1.4375,9.0,0.8181818181818182,0.236715702593228,0.2604562852011596
592,0.8393772893772893,0.7886904761904762,5.21875,48.0,0.8181818181818182,0.4552243405743343,0.34167052662644354,0.8359432234432234,0.8472222222222222,4.5625,52.0,0.8181818181818182,0.4552243405743343,0.34167052662644354
593,0.9872252747252748,0.9186507936507936,2.15625,9.0,1.0,0.22777195896558203,0.27385754371869403,0.9976190476190474,0.9771825396825397,0.6875,5.0,1.0,0.22777195896558203,0.27385754371869403
594,0.9767857142857141,0.8859126984126984,2.90625,12.0,0.8181818181818182,0.3252299529284317,0.27518229166574915,0.9939102564102563,0.9444444444444444,1.53125,5.0,0.8181818181818182,0.3252299529284317,0.27518229166574915
595,0.9951923076923076,0.9523809523809523,1.3125,6.0,1.0,0.20370134065620293,0.2884038753843585,0.9960164835164834,0.9573412698412698,1.1875,4.0,1.0,0.20370134065620293,0.2884038753843585
596,0.9822344322344321,0.9007936507936508,2.4375,10.0,1.0,0.31760354685470615,0.3326730964625143,0.9975274725274724,0.9672619047619048,0.9375,4.0,1.0,0.31760354685470615,0.3326730964625143
597,0.9873168498168498,0.9176587301587302,2.15625,8.0,1.0,0.24784029227457635,0.26392632017247786,0.9992216117216116,0.986111111111111,0.4375,2.0,1.0,0.24784029227457635,0.26392632017247786
598,0.9844780219780219,0.9206349206349207,2.09375,16.0,1.0,0.21233317575099736,0.2685518691475872,0.9767857142857141,0.9077380952380952,2.25,22.0,1.0,0.21233317575099736,0.2685518691475872
599,0.9868589743589743,0.9186507936507936,2.03125,9.0,1.0,0.2536422680946342,0.29131589881733905,0.999084249084249,0.9831349206349206,0.5,2.0,1.0,0.2536422680946342,0.29131589881733905
600,0.9923076923076922,0.9374999999999999,1.65625,7.0,1.0,0.2842659629318557,0.29125905426539395,0.9976648351648351,0.9702380952380952,0.875,3.0,1.0,0.2842659629318557,0.29125905426539395
601,0.9882326007326007,0.9226190476190474,2.1875,8.0,0.6666666666666666,0.35021426576983067,0.35105469006668816,0.9912545787545786,0.931547619047619,1.6875,7.0,0.6666666666666666,0.35021426576983067,0.35105469006668816
602,0.9902930402930401,0.9305555555555556,1.8125,7.0,1.0,0.28103057071400595,0.3177251501791111,0.999267399267399,0.9871031746031746,0.40625,2.0,1.0,0.28103057071400595,0.3177251501791111
603,0.9896520146520146,0.9246031746031745,2.03125,7.0,1.0,0.14982984824307738,0.2619798696192658,0.9964743589743588,0.9652777777777777,1.03125,4.0,1.0,0.14982984824307738,0.2619798696192658
604,0.9935897435897434,0.9434523809523809,1.5,7.0,1.0,0.2876006510976796,0.3041416928741775,0.9960164835164834,0.9583333333333333,1.21875,4.0,1.0,0.2876006510976796,0.3041416928741775
605,0.9841117216117214,0.9067460317460316,2.40625,11.0,0.6666666666666666,0.3118280431538781,0.31766564054656565,0.9895604395604396,0.927579365079365,1.75,12.0,0.6666666666666666,0.3118280431538781,0.31766564054656565
606,0.9839285714285714,0.9077380952380952,2.34375,10.0,1.0,0.2943735412858669,0.2683011521472443,0.9986721611721611,0.9801587301587301,0.625,3.0,1.0,0.2943735412858669,0.2683011521472443
607,0.9888736263736262,0.923611111111111,2.03125,7.0,1.0,0.25553459567743625,0.2922213792826795,0.9983974358974358,0.9781746031746031,0.625,3.0,1.0,0.25553459567743625,0.2922213792826795
608,0.9877289377289376,0.9166666666666666,2.0625,8.0,0.8181818181818182,0.23137351983733617,0.28437276202995004,0.9985347985347984,0.9771825396825397,0.71875,2.0,0.8181818181818182,0.23137351983733617,0.28437276202995004
609,0.988186813186813,0.9226190476190474,2.0,13.0,1.0,0.2134504541575086,0.28248931120076837,0.9873626373626372,0.9454365079365078,1.375,19.0,1.0,0.2134504541575086,0.28248931120076837
610,0.9881410256410256,0.9206349206349207,2.15625,8.0,1.0,0.2561322919847371,0.2877463930823122,0.9976648351648351,0.9712301587301586,0.8125,3.0,1.0,0.2561322919847371,0.2877463930823122
611,0.9957875457875456,0.9573412698412698,1.125,6.0,1.0,0.23788127117807406,0.3035161939368254,0.9967948717948718,0.9682539682539681,0.9375,5.0,1.0,0.23788127117807406,0.3035161939368254
612,0.9713369963369963,0.875,3.28125,16.0,0.8181818181818182,0.30949493507481807,0.3251166623242529,0.9793956043956044,0.931547619047619,2.0,22.0,0.8181818181818182,0.30949493507481807,0.3251166623242529
613,0.9913003663003662,0.9345238095238094,1.71875,8.0,1.0,0.27517454771229877,0.33209483655984645,0.9981684981684982,0.9751984126984127,0.6875,4.0,1.0,0.27517454771229877,0.33209483655984645
614,0.9911172161172159,0.9355158730158729,1.6875,8.0,1.0,0.1727458616385554,0.24261158064616709,0.9990384615384613,0.986111111111111,0.40625,3.0,1.0,0.1727458616385554,0.24261158064616709
615,0.9734432234432235,0.8809523809523809,3.0625,22.0,0.8181818181818182,0.3003433052882839,0.350171652644142,0.9698260073260072,0.8918650793650793,2.5625,28.0,0.8181818181818182,0.3003433052882839,0.350171652644142
616,0.98264652014652,0.9007936507936508,2.4375,12.0,0.6666666666666666,0.33995888352928755,0.3322914859039367,0.9879578754578754,0.9216269841269841,1.84375,13.0,0.6666666666666666,0.33995888352928755,0.3322914859039367
617,0.9916666666666665,0.9365079365079365,1.65625,8.0,1.0,0.2887001668489914,0.3435442504742302,0.9983974358974358,0.9771825396825397,0.65625,4.0,1.0,0.2887001668489914,0.3435442504742302
618,0.9858974358974358,0.9136904761904762,2.25,8.0,1.0,0.39447618537020046,0.3670538450929743,0.998992673992674,0.9821428571428571,0.5625,2.0,1.0,0.39447618537020046,0.3670538450929743
619,0.9901556776556775,0.931547619047619,1.8125,8.0,1.0,0.20874677191288799,0.24735398944852785,0.9994505494505495,0.9920634920634921,0.21875,3.0,1.0,0.20874677191288799,0.24735398944852785
620,0.9874084249084248,0.9176587301587302,2.125,9.0,1.0,0.27714293146525615,0.2750573397297636,0.9992216117216116,0.986111111111111,0.4375,2.0,1.0,0.27714293146525615,0.2750573397297636
621,0.9790293040293039,0.8948412698412699,2.6875,12.0,1.0,0.33164549676445176,0.2641737278909519,0.9968406593406592,0.9652777777777777,1.0625,4.0,1.0,0.33164549676445176,0.2641737278909519
622,0.9871794871794871,0.9206349206349207,2.09375,10.0,1.0,0.18050252406780018,0.254553574029611,0.9964743589743588,0.9632936507936507,1.125,5.0,1.0,0.18050252406780018,0.254553574029611
623,0.9917124542124541,0.9384920634920635,1.65625,8.0,1.0,0.30634538691697394,0.34795337324824627,0.9968864468864468,0.9652777777777777,0.90625,5.0,1.0,0.30634538691697394,0.34795337324824627
624,0.9914377289377289,0.933531746031746,1.65625,8.0,0.6666666666666666,0.2798762235233855,0.33993811176169275,0.9808608058608058,0.8908730158730158,2.59375,9.0,0.6666666666666666,0.2798762235233855,0.33993811176169275
625,0.9862637362637361,0.9107142857142857,2.25,12.0,0.6666666666666666,0.21341093846219297,0.25761761773735564,0.9870421245421244,0.9176587301587302,1.96875,13.0,0.6666666666666666,0.21341093846219297,0.25761761773735564
626,0.9936355311355312,0.9454365079365078,1.53125,6.0,0.6666666666666666,0.2421410757572875,0.2988218289235826,0.9914835164835164,0.9305555555555556,1.8125,7.0,0.6666666666666666,0.2421410757572875,0.2988218289235826
627,0.9878205128205128,0.9186507936507936,2.21875,10.0,0.8181818181818182,0.2650987668934114,0.29175254003855555,0.9943681318681318,0.9434523809523809,1.5,4.0,0.8181818181818182,0.2650987668934114,0.29175254003855555
628,0.990934065934066,0.9325396825396824,1.8125,7.0,1.0,0.3169357677133189,0.3584678838566594,0.998992673992674,0.9851190476190476,0.46875,2.0,1.0,0.3169357677133189,0.3584678838566594
629,0.9821886446886448,0.9007936507936508,2.46875,10.0,1.0,0.37556094195374146,0.3556740648637924,0.99757326007326,0.9692460317460317,0.875,4.0,1.0,0.37556094195374146,0.3556740648637924
630,0.9878205128205128,0.9226190476190474,2.0625,10.0,0.8181818181818182,0.3388179172688185,0.3558124004745101,0.9963827838827837,0.9613095238095238,1.03125,5.0,0.8181818181818182,0.3388179172688185,0.3558124004745101
631,0.9863095238095235,0.9176587301587302,2.09375,10.0,1.0,0.29930190905948023,0.3257997232783157,0.9986721611721611,0.9781746031746031,0.6875,2.0,1.0,0.29930190905948023,0.3257997232783157
632,0.987912087912088,0.9216269841269841,2.125,9.0,0.6666666666666666,0.2292728157283679,0.25993288975549583,0.9920787545787544,0.9345238095238094,1.59375,8.0,0.6666666666666666,0.2292728157283679,0.25993288975549583
633,0.9924450549450549,0.941468253968254,1.5625,7.0,1.0,0.34691412983802283,0.3656843625839503,0.9988095238095237,0.9821428571428571,0.53125,3.0,1.0,0.34691412983802283,0.3656843625839503
634,0.9739468864468862,0.8819444444444444,2.96875,12.0,0.8181818181818182,0.3370404349010723,0.29320385568118296,0.994459706959707,0.9503968253968254,1.375,6.0,0.8181818181818182,0.3370404349010723,0.29320385568118296
635,0.9716117216117215,0.8710317460317459,3.125,19.0,0.5384615384615384,0.4093774518209926,0.36873003301713886,0.9740384615384614,0.8839285714285713,2.71875,20.0,0.5384615384615384,0.4093774518209926,0.36873003301713886
636,0.9905219780219778,0.9305555555555556,1.90625,7.0,0.8181818181818182,0.3846870072766586,0.3923435036383293,0.994459706959707,0.9494047619047619,1.3125,6.0,0.8181818181818182,0.3846870072766586,0.3923435036383293
637,0.9850274725274725,0.9126984126984127,2.25,10.0,1.0,0.23175198872176972,0.2571255607218462,0.996565934065934,0.9652777777777777,1.03125,7.0,1.0,0.23175198872176972,0.2571255607218462
638,0.9858058608058609,0.9156746031746031,2.1875,10.0,1.0,0.281463397351431,0.29198414119382127,0.9993131868131866,0.988095238095238,0.375,2.0,1.0,0.281463397351431,0.29198414119382127
639,0.981639194139194,0.9007936507936508,2.5,11.0,0.8181818181818182,0.31639530070889577,0.31918743688838164,0.9905219780219778,0.931547619047619,1.65625,12.0,0.8181818181818182,0.31639530070889577,0.31918743688838164
640,0.9842032967032966,0.9067460317460316,2.375,10.0,0.8181818181818182,0.2776487726137839,0.28000349916930667,0.9965201465201465,0.9593253968253969,1.09375,4.0,0.8181818181818182,0.2776487726137839,0.28000349916930667
641,0.9922161172161172,0.9374999999999999,1.6875,7.0,1.0,0.2554120434162238,0.29559275945702346,0.99757326007326,0.9702380952380952,0.90625,4.0,1.0,0.2554120434162238,0.29559275945702346
642,0.9938644688644689,0.9454365079365078,1.46875,6.0,1.0,0.22450265775676284,0.31225132887838136,0.9982600732600732,0.9742063492063492,0.71875,4.0,1.0,0.22450265775676284,0.31225132887838136
643,0.9916666666666665,0.9345238095238094,1.71875,7.0,0.8181818181818182,0.3015866535696065,0.29658170289194147,0.9966575091575092,0.9632936507936507,1.09375,4.0,0.8181818181818182,0.3015866535696065,0.29658170289194147
644,0.9777472527472526,0.8938492063492063,2.78125,13.0,0.8181818181818182,0.26132312229464627,0.27602630455187616,0.9908882783882783,0.9404761904761904,1.65625,13.0,0.8181818181818182,0.26132312229464627,0.27602630455187616
645,0.9902930402930401,0.9265873015873015,2.0625,7.0,0.8181818181818182,0.34866246083813607,0.32452121574074166,0.9905219780219778,0.933531746031746,1.84375,7.0,0.8181818181818182,0.34866246083813607,0.32452121574074166
646,0.9880494505494504,0.9216269841269841,2.09375,10.0,0.8181818181818182,0.24425682891278258,0.2819837201377087,0.9955128205128204,0.9523809523809523,1.21875,5.0,0.8181818181818182,0.24425682891278258,0.2819837201377087
647,0.9880036630036629,0.9176587301587302,2.125,8.0,1.0,0.26152745361368623,0.26815202117851844,0.9988553113553114,0.9821428571428571,0.5625,3.0,1.0,0.26152745361368623,0.26815202117851844
648,0.9726190476190475,0.876984126984127,3.15625,18.0,0.6666666666666666,0.35734576689881486,0.289795900485546,0.9780219780219779,0.8958333333333333,2.53125,19.0,0.6666666666666666,0.35734576689881486,0.289795900485546
649,0.995054945054945,0.9523809523809523,1.28125,6.0,1.0,0.2477704968578138,0.3238852484289069,0.9977106227106226,0.9712301587301586,0.8125,4.0,1.0,0.2477704968578138,0.3238852484289069
650,0.9834706959706958,0.9057539682539683,2.5,10.0,0.8181818181818182,0.3718281874634415,0.3613671291492612,0.9937728937728937,0.9464285714285714,1.4375,7.0,0.8181818181818182,0.3718281874634415,0.3613671291492612
651,0.9849358974358972,0.9107142857142857,2.4375,10.0,0.8181818181818182,0.34090000781677854,0.3406958640456249,0.9938186813186812,0.9454365079365078,1.4375,6.0,0.8181818181818182,0.34090000781677854,0.3406958640456249
652,0.9906593406593405,0.9325396825396824,1.78125,7.0,1.0,0.3136491679654945,0.34227972736295725,0.9996336996336995,0.9930555555555555,0.1875,2.0,1.0,0.3136491679654945,0.34227972736295725
653,0.9852106227106227,0.9117063492063491,2.21875,10.0,1.0,0.3307067434576653,0.3372595821529276,0.9985805860805859,0.9781746031746031,0.6875,2.0,1.0,0.3307067434576653,0.3372595821529276
654,0.981043956043956,0.8988095238095237,2.53125,16.0,0.6666666666666666,0.2946629282432519,0.2867637994149219,0.9829670329670329,0.9097222222222221,2.125,17.0,0.6666666666666666,0.2946629282432519,0.2867637994149219
655,0.9892399267399264,0.9255952380952381,2.0,7.0,1.0,0.24987200202033918,0.2846574928012265,0.9984890109890108,0.9781746031746031,0.65625,3.0,1.0,0.24987200202033918,0.2846574928012265
656,0.9874999999999998,0.9206349206349207,2.0,9.0,1.0,0.24350566552171943,0.2857154836037413,0.9987179487179487,0.9791666666666667,0.65625,3.0,1.0,0.24350566552171943,0.2857154836037413
657,0.9909798534798533,0.929563492063492,1.84375,7.0,1.0,0.31213366894460626,0.30467999940703794,0.997481684981685,0.9682539682539681,0.875,4.0,1.0,0.31213366894460626,0.30467999940703794
658,0.9880036630036629,0.923611111111111,1.9375,9.0,0.8181818181818182,0.285294449181132,0.32891712917601423,0.9975274725274724,0.9702380952380952,0.9375,4.0,0.8181818181818182,0.285294449181132,0.32891712917601423
659,0.990934065934066,0.933531746031746,1.78125,8.0,1.0,0.2989935021243557,0.34189332312736337,0.9973443223443224,0.9682539682539681,0.875,4.0,1.0,0.2989935021243557,0.34189332312736337
660,0.9815018315018316,0.8988095238095237,2.46875,10.0,1.0,0.3242023403925066,0.31849291480315733,0.9977106227106226,0.9692460317460317,0.875,4.0,1.0,0.3242023403925066,0.31849291480315733
661,0.9872252747252748,0.9136904761904762,2.21875,8.0,0.8181818181818182,0.315772164108645,0.2971116095027073,0.9949633699633698,0.9503968253968254,1.28125,5.0,0.8181818181818182,0.315772164108645,0.2971116095027073
662,0.9926739926739926,0.9404761904761904,1.59375,7.0,1.0,0.17402627043188526,0.2641452862263855,0.9984432234432232,0.9751984126984127,0.75,3.0,1.0,0.17402627043188526,0.2641452862263855
663,0.9840201465201464,0.9057539682539683,2.40625,12.0,0.6666666666666666,0.2851707974377635,0.29106206588813893,0.9877747252747251,0.9206349206349207,1.875,13.0,0.6666666666666666,0.2851707974377635,0.29106206588813893
664,0.9845238095238095,0.9067460317460316,2.25,10.0,0.8181818181818182,0.2137407352076357,0.25869706392529657,0.9964743589743588,0.9573412698412698,1.1875,4.0,0.8181818181818182,0.2137407352076357,0.25869706392529657
665,0.9961080586080584,0.9593253968253969,1.09375,5.0,1.0,0.11042174861619872,0.23207464470135283,0.9968864468864468,0.9662698412698413,0.9375,5.0,1.0,0.11042174861619872,0.23207464470135283
666,0.8513736263736262,0.804563492063492,4.84375,47.0,0.8181818181818182,0.4519788063489217,0.3447662043878627,0.8421245421245419,0.8273809523809523,4.5625,53.0,0.8181818181818182,0.4519788063489217,0.3447662043878627
667,0.9952838827838826,0.9533730158730157,1.25,6.0,1.0,0.37293328256047925,0.3864666412802396,0.997161172161172,0.9662698412698413,0.90625,4.0,1.0,0.37293328256047925,0.3864666412802396
668,0.9871794871794871,0.9186507936507936,2.125,8.0,1.0,0.23741915395744903,0.2621261872883863,0.9994505494505495,0.9890873015873015,0.34375,2.0,1.0,0.23741915395744903,0.2621261872883863
669,0.9929945054945054,0.941468253968254,1.5625,7.0,1.0,0.24008448057059856,0.2984057435979086,0.9983058608058608,0.976190476190476,0.71875,3.0,1.0,0.24008448057059856,0.2984057435979086
670,0.9853021978021977,0.9107142857142857,2.21875,10.0,1.0,0.21598972029610272,0.2443621952330344,0.9983974358974358,0.9751984126984127,0.75,3.0,1.0,0.21598972029610272,0.2443621952330344
671,0.9800824175824175,0.8998015873015873,2.59375,12.0,1.0,0.31392666574072936,0.2688220561249004,0.9972527472527473,0.9682539682539681,0.96875,4.0,1.0,0.31392666574072936,0.2688220561249004
672,0.9749084249084249,0.8789682539682538,2.96875,12.0,0.8181818181818182,0.31715796388541556,0.28752688511944463,0.9923992673992673,0.9374999999999999,1.6875,6.0,0.8181818181818182,0.31715796388541556,0.28752688511944463
673,0.9888736263736262,0.9246031746031745,1.96875,8.0,1.0,0.256085169757578,0.27756071463340887,0.9996794871794871,0.9930555555555555,0.21875,1.0,1.0,0.256085169757578,0.27756071463340887
674,0.9925824175824175,0.9424603174603173,1.5625,7.0,0.8181818181818182,0.2542031144387588,0.3159263530599252,0.9963827838827837,0.9613095238095238,1.0625,5.0,0.8181818181818182,0.2542031144387588,0.3159263530599252
675,0.9902014652014651,0.929563492063492,1.8125,7.0,1.0,0.26403016676943414,0.30368770857775923,0.9993589743589743,0.988095238095238,0.375,2.0,1.0,0.26403016676943414,0.30368770857775923
676,0.9870421245421244,0.9146825396825395,2.21875,8.0,1.0,0.19826223642967847,0.28103906586881594,0.9983516483516482,0.9771825396825397,0.6875,3.0,1.0,0.19826223642967847,0.28103906586881594
677,0.9834706959706958,0.9136904761904762,2.28125,17.0,1.0,0.2341041989556599,0.30214007307352897,0.9815018315018316,0.9325396825396824,1.75,23.0,1.0,0.2341041989556599,0.30214007307352897
678,0.9892399267399264,0.9246031746031745,1.90625,8.0,1.0,0.22349930695567932,0.2533376320518991,0.9994963369963369,0.9890873015873015,0.34375,1.0,1.0,0.22349930695567932,0.2533376320518991
679,0.9945512820512821,0.9503968253968254,1.375,6.0,1.0,0.25862342172335423,0.32931171086167715,0.9967490842490841,0.9632936507936507,1.0625,4.0,1.0,0.25862342172335423,0.32931171086167715
680,0.9840201465201464,0.9097222222222221,2.25,10.0,0.8181818181818182,0.24006156865443232,0.2739916376716113,0.9968864468864468,0.9603174603174602,1.15625,4.0,0.8181818181818182,0.24006156865443232,0.2739916376716113
681,0.9958333333333333,0.9593253968253969,1.09375,6.0,1.0,0.40542691389382823,0.4027134569469141,0.996565934065934,0.9623015873015872,1.0625,4.0,1.0,0.40542691389382823,0.4027134569469141
682,0.9933150183150181,0.9474206349206349,1.375,6.0,1.0,0.304471500588677,0.35223575029433846,0.9968406593406592,0.9642857142857143,1.03125,5.0,1.0,0.304471500588677,0.35223575029433846
683,0.9876831501831501,0.9226190476190474,2.0625,10.0,0.8181818181818182,0.31803368882807104,0.3327649539764967,0.9940018315018313,0.9454365079365078,1.40625,7.0,0.8181818181818182,0.31803368882807104,0.3327649539764967
684,0.9836996336996336,0.9136904761904762,2.3125,14.0,0.8181818181818182,0.17128424395143602,0.2652871305959095,0.9862637362637361,0.9285714285714286,1.875,14.0,0.8181818181818182,0.17128424395143602,0.2652871305959095
685,0.9819597069597068,0.9027777777777778,2.46875,10.0,1.0,0.30127339158051847,0.2738982589176485,0.9978937728937727,0.9712301587301586,0.84375,4.0,1.0,0.30127339158051847,0.2738982589176485
686,0.9847527472527472,0.9097222222222221,2.25,10.0,1.0,0.29970109708750997,0.3300102665903882,0.9985805860805859,0.9781746031746031,0.65625,3.0,1.0,0.29970109708750997,0.3300102665903882
687,0.9971153846153845,0.9702380952380952,0.84375,6.0,1.0,0.33922873870685116,0.36961436935342556,0.9954212454212452,0.9573412698412698,1.15625,5.0,1.0,0.33922873870685116,0.36961436935342556
688,0.9883241758241756,0.9186507936507936,2.1875,9.0,1.0,0.236921467991756,0.24726507122588187,0.9964743589743588,0.9573412698412698,1.15625,4.0,1.0,0.236921467991756,0.24726507122588187
689,0.9874542124542124,0.9196428571428571,2.0625,8.0,1.0,0.2792269001033789,0.32036530874396674,0.9994047619047619,0.988095238095238,0.34375,2.0,1.0,0.2792269001033789,0.32036530874396674
690,0.9956501831501829,0.9563492063492064,1.15625,6.0,1.0,0.13386161864997065,0.2481473733404377,0.9970695970695969,0.9672619047619048,0.9375,5.0,1.0,0.13386161864997065,0.2481473733404377
691,0.9874999999999998,0.9166666666666666,2.25,7.0,0.8181818181818182,0.32213036228987546,0.31638161141587945,0.9984890109890108,0.9791666666666667,0.65625,3.0,0.8181818181818182,0.32213036228987546,0.31638161141587945
692,0.9811355311355311,0.8998015873015873,2.5,10.0,1.0,0.29779837764124145,0.29932418168439884,0.9973443223443224,0.9682539682539681,0.90625,4.0,1.0,0.29779837764124145,0.29932418168439884
693,0.9924908424908423,0.9384920634920635,1.625,7.0,1.0,0.30330616084026474,0.31432063726335185,0.99775641025641,0.9712301587301586,0.84375,3.0,1.0,0.30330616084026474,0.31432063726335185
694,0.986675824175824,0.9176587301587302,2.09375,10.0,1.0,0.250688954863038,0.28604976417126654,0.9983516483516482,0.976190476190476,0.71875,3.0,1.0,0.250688954863038,0.28604976417126654
695,0.9926739926739926,0.941468253968254,1.53125,7.0,1.0,0.16591441683588154,0.22965892895490136,0.9987637362637363,0.9801587301587301,0.59375,3.0,1.0,0.16591441683588154,0.22965892895490136
696,0.9814102564102563,0.8918650793650793,2.71875,10.0,0.8181818181818182,0.3108714692419581,0.29352692159050714,0.9959249084249083,0.9543650793650793,1.1875,4.0,0.8181818181818182,0.3108714692419581,0.29352692159050714
697,0.985668498168498,0.9117063492063491,2.1875,11.0,0.8181818181818182,0.35841629033699973,0.36707715008228625,0.9904304029304027,0.9325396825396824,1.65625,12.0,0.8181818181818182,0.35841629033699973,0.36707715008228625
698,0.9942765567765566,0.9444444444444444,1.5,6.0,1.0,0.2010944743233659,0.2881714888065393,0.9944139194139194,0.9454365079365078,1.46875,5.0,1.0,0.2010944743233659,0.2881714888065393
699,0.9859890109890108,0.9156746031746031,2.28125,10.0,0.8181818181818182,0.3375410695533579,0.3451865604808101,0.9958333333333333,0.9543650793650793,1.1875,4.0,0.8181818181818182,0.3375410695533579,0.3451865604808101
700,0.9855311355311354,0.9107142857142857,2.1875,11.0,0.8181818181818182,0.20661076303735193,0.2570293294272856,0.9903846153846152,0.929563492063492,1.71875,12.0,0.8181818181818182,0.20661076303735193,0.2570293294272856
701,0.9867216117216117,0.9186507936507936,2.125,10.0,0.8181818181818182,0.30483777120472466,0.3249609795075238,0.9943681318681318,0.9494047619047619,1.34375,7.0,0.8181818181818182,0.30483777120472466,0.3249609795075238
702,0.9951465201465202,0.9494047619047619,1.375,5.0,1.0,0.13598662322676425,0.24495415692887917,0.9922619047619047,0.9404761904761904,1.625,6.0,1.0,0.13598662322676425,0.24495415692887917
703,0.9949175824175823,0.9533730158730157,1.1875,6.0,0.6666666666666666,0.3517128713853053,0.3758564356926526,0.9889194139194138,0.9186507936507936,1.96875,9.0,0.6666666666666666,0.3517128713853053,0.3758564356926526
704,0.9806776556776557,0.8978174603174603,2.53125,11.0,0.8181818181818182,0.36731271742615934,0.355684693536987,0.9905219780219778,0.9305555555555556,1.65625,12.0,0.8181818181818182,0.36731271742615934,0.355684693536987
705,0.9875915750915749,0.9146825396825395,2.21875,8.0,1.0,0.26692099126361224,0.27932899739151434,0.9985347985347984,0.9791666666666667,0.65625,3.0,1.0,0.26692099126361224,0.27932899739151434
706,0.975686813186813,0.8859126984126984,2.84375,12.0,0.8181818181818182,0.3547576189648869,0.32609336140011974,0.9943681318681318,0.9503968253968254,1.375,6.0,0.8181818181818182,0.3547576189648869,0.32609336140011974
707,0.9915750915750915,0.9325396825396824,1.78125,7.0,1.0,0.2769887211564315,0.30021303273362077,0.9987637362637363,0.9811507936507935,0.5625,3.0,1.0,0.2769887211564315,0.30021303273362077
708,0.9883241758241756,0.9166666666666666,2.125,8.0,0.8181818181818182,0.29787846343920044,0.29176357622633015,0.9951923076923076,0.9513888888888888,1.21875,5.0,0.8181818181818182,0.29787846343920044,0.29176357622633015
709,0.9857600732600732,0.9126984126984127,2.3125,10.0,0.8181818181818182,0.21816853505625733,0.26362314849351626,0.9951923076923076,0.9513888888888888,1.28125,6.0,0.8181818181818182,0.21816853505625733,0.26362314849351626
710,0.9973901098901098,0.9682539682539681,0.84375,6.0,1.0,0.27753845203982896,0.3387692260199145,0.9908882783882783,0.931547619047619,1.875,6.0,1.0,0.27753845203982896,0.3387692260199145
711,0.9806776556776557,0.8968253968253967,2.53125,10.0,1.0,0.31691990579167817,0.29092852167994376,0.9972985347985347,0.9672619047619048,0.9375,4.0,1.0,0.31691990579167817,0.29092852167994376
712,0.9869963369963369,0.9206349206349207,2.09375,13.0,1.0,0.2042064721272427,0.2852594482421578,0.9877747252747251,0.9474206349206349,1.40625,19.0,1.0,0.2042064721272427,0.2852594482421578
713,0.986675824175824,0.9126984126984127,2.1875,12.0,0.6666666666666666,0.3402064377887549,0.3511188310445512,0.986492673992674,0.9156746031746031,2.0,13.0,0.6666666666666666,0.3402064377887549,0.3511188310445512
714,0.9868589743589743,0.9196428571428571,2.125,10.0,0.8181818181818182,0.21825726076720264,0.2630238355067684,0.9945054945054944,0.9503968253968254,1.3125,7.0,0.8181818181818182,0.21825726076720264,0.2630238355067684
715,0.9917124542124541,0.9374999999999999,1.59375,8.0,1.0,0.21622572713808633,0.2738345127570714,0.9987637362637363,0.9801587301587301,0.5625,3.0,1.0,0.21622572713808633,0.2738345127570714
716,0.986675824175824,0.9176587301587302,2.125,9.0,1.0,0.24974975549578943,0.25339329644267744,0.9995421245421244,0.9900793650793651,0.3125,1.0,1.0,0.24974975549578943,0.25339329644267744
717,0.989423076923077,0.9226190476190474,2.03125,8.0,0.8181818181818182,0.22783215318289285,0.2886882802986093,0.9926282051282049,0.939484126984127,1.75,6.0,0.8181818181818182,0.22783215318289285,0.2886882802986093
718,0.9964285714285713,0.9603174603174602,1.0625,6.0,1.0,0.14090077969775458,0.24812946774491357,0.9963827838827837,0.9613095238095238,1.03125,5.0,1.0,0.14090077969775458,0.24812946774491357
719,0.9870879120879119,0.9136904761904762,2.25,8.0,0.8181818181818182,0.29365619937300624,0.27431650563028903,0.9981684981684982,0.9742063492063492,0.78125,3.0,0.8181818181818182,0.29365619937300624,0.27431650563028903
720,0.9836080586080587,0.9077380952380952,2.46875,10.0,1.0,0.22881064693164543,0.281211786830916,0.9902930402930401,0.9642857142857143,1.0625,16.0,1.0,0.22881064693164543,0.281211786830916
721,0.9858058608058609,0.9146825396825395,2.125,10.0,0.8181818181818182,0.2530892745238018,0.2892400877363223,0.9967948717948718,0.9632936507936507,1.0625,4.0,0.8181818181818182,0.2530892745238018,0.2892400877363223
722,0.9841117216117214,0.9087301587301587,2.40625,10.0,0.6666666666666666,0.3568314523874696,0.347291872195429,0.991025641025641,0.9355158730158729,1.625,11.0,0.6666666666666666,0.3568314523874696,0.347291872195429
723,0.9844322344322343,0.9077380952380952,2.40625,9.0,0.8181818181818182,0.3204481755980198,0.3012860773568243,0.9982142857142856,0.976190476190476,0.75,3.0,0.8181818181818182,0.3204481755980198,0.3012860773568243
724,0.9876831501831501,0.9166666666666666,2.09375,8.0,1.0,0.3745765492000342,0.3453853650729716,0.9985805860805859,0.9791666666666667,0.65625,3.0,1.0,0.3745765492000342,0.3453853650729716
725,0.983150183150183,0.9007936507936508,2.53125,10.0,0.8181818181818182,0.30671538393452735,0.28339245272240626,0.99757326007326,0.9692460317460317,0.90625,3.0,0.8181818181818182,0.30671538393452735,0.28339245272240626
726,0.9884157509157507,0.9226190476190474,2.0,8.0,1.0,0.23667297244784574,0.3083918997659756,0.9981227106227105,0.9751984126984127,0.75,4.0,1.0,0.23667297244784574,0.3083918997659756
727,0.9951923076923076,0.9533730158730157,1.25,6.0,1.0,0.18759699327694723,0.28212208957870016,0.9968864468864468,0.9662698412698413,0.9375,5.0,1.0,0.18759699327694723,0.28212208957870016
728,0.9802655677655676,0.8978174603174603,2.53125,10.0,1.0,0.32425874341597627,0.33002425729270457,0.9970238095238094,0.9662698412698413,1.0,4.0,1.0,0.32425874341597627,0.33002425729270457
729,0.9877747252747251,0.9216269841269841,2.0625,8.0,1.0,0.3105832178151311,0.3448606720416973,0.9997252747252745,0.994047619047619,0.1875,1.0,1.0,0.3105832178151311,0.3448606720416973
730,0.9822344322344321,0.9007936507936508,2.53125,10.0,0.8181818181818182,0.3028861882406612,0.287099205189667,0.997161172161172,0.9672619047619048,0.9375,4.0,0.8181818181818182,0.3028861882406612,0.287099205189667
731,0.9809065934065934,0.8998015873015873,2.6875,12.0,1.0,0.24761185250606293,0.28462035860460244,0.9858058608058609,0.9503968253968254,1.4375,18.0,1.0,0.24761185250606293,0.28462035860460244
732,0.9932692307692307,0.941468253968254,1.53125,7.0,1.0,0.3273229513123889,0.34593715004816256,0.9972069597069595,0.9662698412698413,1.0,4.0,1.0,0.3273229513123889,0.34593715004816256
733,0.9922619047619047,0.9374999999999999,1.625,7.0,1.0,0.3377579447069626,0.3669460041084422,0.9987637362637363,0.9801587301587301,0.59375,3.0,1.0,0.3377579447069626,0.3669460041084422
734,0.9808150183150182,0.8948412698412699,2.625,11.0,0.6666666666666666,0.29255900504185167,0.287922781820238,0.9883699633699633,0.923611111111111,1.90625,12.0,0.6666666666666666,0.29255900504185167,0.287922781820238
735,0.9923534798534799,0.9374999999999999,1.625,7.0,1.0,0.39072479852147957,0.37648690230897447,0.9974358974358973,0.9682539682539681,0.9375,4.0,1.0,0.39072479852147957,0.37648690230897447
736,0.9928113553113552,0.939484126984127,1.59375,7.0,1.0,0.3461663318926713,0.34021912861156745,0.9970695970695969,0.9662698412698413,1.0,4.0,1.0,0.3461663318926713,0.34021912861156745
737,0.9854395604395604,0.9146825396825395,2.21875,10.0,1.0,0.34533523767858376,0.34756634208120674,0.9993131868131866,0.9871031746031746,0.40625,2.0,1.0,0.34533523767858376,0.34756634208120674
738,0.9938644688644689,0.9494047619047619,1.34375,6.0,1.0,0.40079920194932306,0.4003996009746615,0.9963827838827837,0.9623015873015872,1.09375,5.0,1.0,0.40079920194932306,0.4003996009746615
739,0.9897893772893772,0.929563492063492,1.84375,8.0,1.0,0.24266593995512803,0.28378047586722704,0.9998168498168497,0.9960317460317459,0.125,1.0,1.0,0.24266593995512803,0.28378047586722704
740,0.9846611721611721,0.9107142857142857,2.21875,10.0,1.0,0.29170562425618907,0.30659889919064176,0.9981684981684982,0.9712301587301586,0.84375,3.0,1.0,0.29170562425618907,0.30659889919064176
741,0.9834706959706958,0.9027777777777778,2.4375,11.0,0.8181818181818182,0.27315887120286053,0.26150129717847775,0.9954212454212452,0.9533730158730157,1.3125,6.0,0.8181818181818182,0.27315887120286053,0.26150129717847775
742,0.9945512820512821,0.9484126984126985,1.40625,6.0,1.0,0.29287101136261084,0.34314142970691913,0.9961080586080584,0.9593253968253969,1.15625,4.0,1.0,0.29287101136261084,0.34314142970691913
743,0.9805402930402929,0.8928571428571428,2.6875,10.0,0.8181818181818182,0.36149137455411273,0.2921507136871329,0.996062271062271,0.9573412698412698,1.1875,4.0,0.8181818181818182,0.36149137455411273,0.2921507136871329
744,0.9891941391941391,0.9246031746031745,2.09375,7.0,0.6666666666666666,0.16267429457434585,0.2620437168861972,0.9905219780219778,0.9255952380952381,1.875,7.0,0.6666666666666666,0.16267429457434585,0.2620437168861972
745,0.9833791208791208,0.9017857142857142,2.5625,9.0,0.8181818181818182,0.41495637595880724,0.3609570810410214,0.9960164835164834,0.9563492063492064,1.21875,4.0,0.8181818181818182,0.41495637595880724,0.3609570810410214
746,0.9899267399267396,0.9255952380952381,2.03125,8.0,0.8181818181818182,0.3658274281945818,0.3531156639550939,0.9969780219780219,0.9623015873015872,1.03125,4.0,0.8181818181818182,0.3658274281945818,0.3531156639550939
747,0.9860347985347985,0.9126984126984127,2.21875,9.0,1.0,0.21030423472927012,0.2495597339754995,0.9985347985347984,0.9771825396825397,0.6875,3.0,1.0,0.21030423472927012,0.2495597339754995
748,0.9792124542124542,0.8918650793650793,2.625,10.0,1.0,0.32480769626908634,0.30191288306893943,0.9962912087912087,0.9603174603174602,1.125,5.0,1.0,0.32480769626908634,0.30191288306893943
749,0.9907967032967033,0.9305555555555556,1.84375,8.0,0.8181818181818182,0.15688178674645437,0.25119691090153046,0.9953296703296702,0.9533730158730157,1.21875,5.0,0.8181818181818182,0.15688178674645437,0.25119691090153046
750,0.99253663003663,0.9404761904761904,1.5625,7.0,1.0,0.255595235739545,0.3073087047644922,0.9993131868131866,0.9871031746031746,0.375,2.0,1.0,0.255595235739545,0.3073087047644922
751,0.987912087912088,0.923611111111111,2.0625,10.0,0.8181818181818182,0.2858422058663682,0.3152683362835006,0.9958333333333333,0.9543650793650793,1.1875,5.0,0.8181818181818182,0.2858422058663682,0.3152683362835006
752,0.9898351648351646,0.9255952380952381,1.9375,7.0,0.8181818181818182,0.24665373575147037,0.27412986048989996,0.9981227106227105,0.9742063492063492,0.75,3.0,0.8181818181818182,0.24665373575147037,0.27412986048989996
753,0.9864010989010987,0.9166666666666666,2.1875,8.0,1.0,0.28851632859361875,0.3093494134191863,0.9982600732600732,0.9771825396825397,0.71875,3.0,1.0,0.28851632859361875,0.3093494134191863
754,0.9897435897435897,0.9265873015873015,1.90625,10.0,0.6666666666666666,0.3960006335011009,0.3980003167505504,0.9872252747252748,0.9136904761904762,2.0625,11.0,0.6666666666666666,0.3960006335011009,0.3980003167505504
755,0.9899725274725273,0.9305555555555556,1.84375,8.0,0.8181818181818182,0.303454856719952,0.3374822977816459,0.9951923076923076,0.9533730158730157,1.21875,6.0,0.8181818181818182,0.303454856719952,0.3374822977816459
756,0.9856227106227103,0.9126984126984127,2.15625,9.0,1.0,0.18733297131213159,0.23704238152489346,0.9963369963369962,0.9573412698412698,1.3125,4.0,1.0,0.18733297131213159,0.23704238152489346
757,0.9867673992673991,0.9146825396825395,2.125,8.0,0.8181818181818182,0.3454238511908709,0.37271192559543537,0.9929029304029302,0.9434523809523809,1.5,9.0,0.8181818181818182,0.3454238511908709,0.37271192559543537
758,0.9910714285714285,0.9345238095238094,1.75,8.0,0.8181818181818182,0.17881427141408507,0.24327250474950443,0.9966117216117215,0.9632936507936507,1.0,5.0,0.8181818181818182,0.17881427141408507,0.24327250474950443
759,0.9808608058608058,0.8968253968253967,2.6875,10.0,0.8181818181818182,0.2410156605782917,0.2781779081260295,0.9957875457875456,0.9573412698412698,1.21875,4.0,0.8181818181818182,0.2410156605782917,0.2781779081260295
760,0.9933608058608058,0.9434523809523809,1.5625,6.0,0.8181818181818182,0.28477360596007784,0.33214855920815445,0.9943681318681318,0.9464285714285714,1.375,6.0,0.8181818181818182,0.28477360596007784,0.33214855920815445
761,0.9796245421245421,0.8938492063492063,2.6875,10.0,0.8181818181818182,0.2845366915548795,0.2797547157694901,0.9967032967032966,0.9623015873015872,1.03125,4.0,0.8181818181818182,0.2845366915548795,0.2797547157694901
762,0.9860347985347985,0.9136904761904762,2.15625,11.0,0.8181818181818182,0.3012329398543738,0.32527172248724756,0.990934065934066,0.9345238095238094,1.59375,12.0,0.8181818181818182,0.3012329398543738,0.32527172248724756
763,0.9897435897435897,0.9285714285714286,1.84375,8.0,1.0,0.23105220227337084,0.26801636090661335,0.9997710622710622,0.9950396825396826,0.15625,1.0,1.0,0.23105220227337084,0.26801636090661335
764,0.9888736263736262,0.923611111111111,1.96875,8.0,1.0,0.23101641368699338,0.2700758864829837,0.9994505494505495,0.988095238095238,0.375,1.0,1.0,0.23101641368699338,0.2700758864829837
765,0.9768315018315018,0.8859126984126984,2.8125,12.0,1.0,0.27371111075651533,0.2693289632742704,0.9943223443223441,0.9464285714285714,1.46875,6.0,1.0,0.27371111075651533,0.2693289632742704
766,0.9866300366300367,0.9136904761904762,2.21875,8.0,0.8181818181818182,0.2468952485058956,0.27815050565296395,0.9989010989010987,0.9821428571428571,0.5625,2.0,0.8181818181818182,0.2468952485058956,0.27815050565296395
767,0.9919871794871794,0.933531746031746,1.8125,7.0,0.8181818181818182,0.3217466904428167,0.3086695002484979,0.9951007326007326,0.9543650793650793,1.3125,5.0,0.8181818181818182,0.3217466904428167,0.3086695002484979
768,0.9883241758241756,0.9246031746031745,2.0625,11.0,0.8181818181818182,0.11742404577169857,0.2552536551619495,0.9862179487179485,0.9216269841269841,2.0625,13.0,0.8181818181818182,0.11742404577169857,0.2552536551619495
769,0.9900641025641025,0.929563492063492,1.84375,8.0,1.0,0.19684116839750473,0.2607098465941199,0.9996336996336995,0.994047619047619,0.1875,2.0,1.0,0.19684116839750473,0.2607098465941199
770,0.9901556776556775,0.9285714285714286,1.84375,8.0,1.0,0.2576808752294709,0.2916878236864281,0.9990384615384613,0.9831349206349206,0.5,3.0,1.0,0.2576808752294709,0.2916878236864281
771,0.9811813186813184,0.8968253968253967,2.625,10.0,0.8181818181818182,0.2842165486080014,0.28284881111506505,0.9971153846153845,0.9652777777777777,0.9375,4.0,0.8181818181818182,0.2842165486080014,0.28284881111506505
772,0.9811355311355311,0.8998015873015873,2.5,10.0,0.8181818181818182,0.28702932369399037,0.3253520212477864,0.9951007326007326,0.9503968253968254,1.4375,5.0,0.8181818181818182,0.28702932369399037,0.3253520212477864
773,0.9936355311355312,0.941468253968254,1.5625,6.0,1.0,0.22729433052401007,0.2766048626415346,0.9975274725274724,0.9702380952380952,0.8125,3.0,1.0,0.22729433052401007,0.2766048626415346
774,0.9726648351648349,0.8680555555555555,3.25,16.0,0.6666666666666666,0.34572616636230136,0.29861214441509687,0.9809981684981685,0.8988095238095237,2.4375,17.0,0.6666666666666666,0.34572616636230136,0.29861214441509687
775,0.9847069597069595,0.9037698412698412,2.40625,9.0,0.8181818181818182,0.3452152105130035,0.2867906967656023,0.9968864468864468,0.9642857142857143,0.96875,5.0,0.8181818181818182,0.3452152105130035,0.2867906967656023
776,0.9897435897435897,0.927579365079365,1.84375,8.0,1.0,0.20811919439074672,0.25615726255854165,0.9996794871794871,0.994047619047619,0.1875,2.0,1.0,0.20811919439074672,0.25615726255854165
777,0.9704670329670327,0.8680555555555555,3.21875,12.0,0.8181818181818182,0.3096504846372453,0.2898796599317384,0.9886904761904761,0.9226190476190474,1.96875,12.0,0.8181818181818182,0.3096504846372453,0.2898796599317384
778,0.9891483516483515,0.9216269841269841,2.03125,8.0,0.8181818181818182,0.3044172465939857,0.2862830113794015,0.9977106227106226,0.9702380952380952,0.84375,3.0,0.8181818181818182,0.3044172465939857,0.2862830113794015
779,0.9924908424908423,0.9404761904761904,1.625,7.0,1.0,0.28911404816222336,0.31237353016449254,0.9983974358974358,0.9791666666666667,0.625,3.0,1.0,0.28911404816222336,0.31237353016449254
780,0.9926282051282049,0.9374999999999999,1.65625,7.0,1.0,0.17886313705386112,0.2768501877611181,0.9974358974358973,0.9702380952380952,0.84375,5.0,1.0,0.17886313705386112,0.2768501877611181
781,0.9883699633699633,0.9196428571428571,2.1875,7.0,0.6666666666666666,0.34293463344473324,0.351473778957196,0.9869963369963369,0.9126984126984127,2.1875,8.0,0.6666666666666666,0.34293463344473324,0.351473778957196
782,0.9858058608058609,0.9107142857142857,2.28125,9.0,0.8181818181818182,0.2986515004522801,0.2860023005241761,0.9983058608058608,0.9732142857142856,0.78125,3.0,0.8181818181818182,0.2986515004522801,0.2860023005241761
783,0.9888736263736262,0.9216269841269841,2.15625,8.0,0.8181818181818182,0.16949859087938862,0.2799563547394599,0.9963827838827837,0.9583333333333333,1.15625,4.0,0.8181818181818182,0.16949859087938862,0.2799563547394599
784,0.9947802197802197,0.9464285714285714,1.40625,6.0,1.0,0.20815113709102032,0.3001645715471167,0.9949175824175823,0.9494047619047619,1.40625,5.0,1.0,0.20815113709102032,0.3001645715471167
785,0.986584249084249,0.9176587301587302,2.1875,10.0,1.0,0.23527455149167376,0.25988596337653574,0.9974358974358973,0.9662698412698413,0.90625,4.0,1.0,0.23527455149167376,0.25988596337653574
786,0.9890567765567765,0.927579365079365,1.9375,7.0,1.0,0.1950675492817369,0.25508645188194373,0.9987637362637363,0.9821428571428571,0.53125,3.0,1.0,0.1950675492817369,0.25508645188194373
787,0.9870421245421244,0.9146825396825395,2.28125,8.0,1.0,0.1768928139965574,0.2741692734968809,0.9961538461538461,0.9593253968253969,1.1875,4.0,1.0,0.1768928139965574,0.2741692734968809
788,0.9839285714285714,0.9087301587301587,2.25,10.0,0.8181818181818182,0.31865579025214086,0.35127521216376456,0.996565934065934,0.9573412698412698,1.21875,4.0,0.8181818181818182,0.31865579025214086,0.35127521216376456
789,0.9508241758241758,0.8501984126984127,3.6875,28.0,1.0,0.3585039550431173,0.3063094532157074,0.9594780219780218,0.9087301587301587,2.375,28.0,1.0,0.3585039550431173,0.3063094532157074
790,0.9807234432234432,0.8958333333333333,2.65625,10.0,0.8181818181818182,0.257530122624436,0.29526184884179446,0.996245421245421,0.9583333333333333,1.1875,4.0,0.8181818181818182,0.257530122624436,0.29526184884179446
791,0.9967948717948718,0.9632936507936507,0.9375,4.0,1.0,0.11901153395844505,0.23350642223512735,0.995970695970696,0.9603174603174602,1.125,5.0,1.0,0.11901153395844505,0.23350642223512735
792,0.9911172161172159,0.931547619047619,1.8125,7.0,0.8181818181818182,0.2607241187398775,0.2672926008831189,0.9958791208791208,0.9583333333333333,1.21875,4.0,0.8181818181818182,0.2607241187398775,0.2672926008831189
793,0.9927197802197801,0.939484126984127,1.59375,7.0,1.0,0.2461755508446073,0.30426702076379053,0.9966575091575092,0.9623015873015872,1.03125,5.0,1.0,0.2461755508446073,0.30426702076379053
794,0.9945054945054944,0.9503968253968254,1.375,6.0,1.0,0.2238969421172099,0.28473154341803725,0.99757326007326,0.9712301587301586,0.8125,4.0,1.0,0.2238969421172099,0.28473154341803725
795,0.9878663003663003,0.9206349206349207,2.0625,8.0,1.0,0.2400520465059475,0.2611517991195447,0.9994963369963369,0.9890873015873015,0.34375,1.0,1.0,0.2400520465059475,0.2611517991195447
796,0.971657509157509,0.8888888888888888,2.875,20.0,1.0,0.25139037868527847,0.267003408496088,0.976282051282051,0.929563492063492,1.9375,20.0,1.0,0.25139037868527847,0.267003408496088
797,0.9951465201465202,0.9543650793650793,1.25,6.0,1.0,0.2147069709827653,0.29699024675853675,0.995970695970696,0.9573412698412698,1.1875,5.0,1.0,0.2147069709827653,0.29699024675853675
798,0.9923076923076922,0.9374999999999999,1.6875,7.0,1.0,0.23484360461799192,0.2680915569748266,0.9966575091575092,0.9623015873015872,1.125,4.0,1.0,0.23484360461799192,0.2680915569748266
799,0.9964743589743588,0.9623015873015872,1.125,6.0,1.0,0.26163805079135494,0.32269349736636055,0.9918040293040291,0.941468253968254,1.59375,7.0,1.0,0.26163805079135494,0.32269349736636055
800,0.9922161172161172,0.939484126984127,1.59375,7.0,1.0,0.2596944471168686,0.32877150191804694,0.999267399267399,0.986111111111111,0.40625,2.0,1.0,0.2596944471168686,0.32877150191804694
801,0.9845695970695969,0.9077380952380952,2.28125,10.0,1.0,0.30149953758352843,0.28388823161218407,0.9988553113553114,0.9801587301587301,0.625,2.0,1.0,0.30149953758352843,0.28388823161218407
802,0.9832417582417582,0.9007936507936508,2.625,10.0,0.6666666666666666,0.3100105975497417,0.2954312017788232,0.9911630036630036,0.929563492063492,1.75,7.0,0.6666666666666666,0.3100105975497417,0.2954312017788232
803,0.9936813186813186,0.9464285714285714,1.5,6.0,1.0,0.3393699511328868,0.3696849755664434,0.9982600732600732,0.9751984126984127,0.71875,3.0,1.0,0.3393699511328868,0.3696849755664434
804,0.9916666666666665,0.9365079365079365,1.6875,7.0,1.0,0.20555390272845303,0.2807648272298741,0.9990384615384613,0.9831349206349206,0.5,2.0,1.0,0.20555390272845303,0.2807648272298741
805,0.9688644688644688,0.8700396825396826,3.3125,19.0,0.8181818181818182,0.2957881656051925,0.2948476584266555,0.9815934065934065,0.9166666666666666,2.21875,19.0,0.8181818181818182,0.2957881656051925,0.2948476584266555
806,0.9928571428571427,0.941468253968254,1.5,7.0,1.0,0.15418445453776358,0.23789099210998518,0.9979853479853479,0.9722222222222222,0.78125,3.0,1.0,0.15418445453776358,0.23789099210998518
807,0.9927197802197801,0.9404761904761904,1.5625,6.0,1.0,0.26053458478165253,0.3109671512418266,0.999084249084249,0.9851190476190476,0.4375,3.0,1.0,0.26053458478165253,0.3109671512418266
808,0.996565934065934,0.9672619047619048,0.90625,6.0,0.8181818181818182,0.17499208766040736,0.2864645712383974,0.9923076923076922,0.9365079365079365,1.59375,7.0,0.8181818181818182,0.17499208766040736,0.2864645712383974
809,0.9808608058608058,0.8978174603174603,2.53125,10.0,1.0,0.2857295932567625,0.2687632463456342,0.9974358974358973,0.9682539682539681,0.90625,4.0,1.0,0.2857295932567625,0.2687632463456342
810,0.991025641025641,0.9305555555555556,1.84375,7.0,0.8181818181818182,0.3443024150619568,0.33782869246451985,0.9973901098901098,0.9672619047619048,0.96875,4.0,0.8181818181818182,0.3443024150619568,0.33782869246451985
811,0.9951465201465202,0.9543650793650793,1.25,6.0,1.0,0.25059623826899063,0.3252981191344953,0.9967948717948718,0.9632936507936507,1.03125,4.0,1.0,0.25059623826899063,0.3252981191344953
812,0.9941849816849815,0.9484126984126985,1.40625,7.0,1.0,0.19606827950799208,0.2522149963550561,0.997161172161172,0.9672619047619048,0.96875,4.0,1.0,0.19606827950799208,0.2522149963550561
813,0.9799908424908426,0.8968253968253967,2.6875,13.0,0.8181818181818182,0.2145572409775027,0.27475689606235554,0.9896520146520146,0.9374999999999999,1.71875,13.0,0.8181818181818182,0.2145572409775027,0.27475689606235554
814,0.9870421245421244,0.9176587301587302,2.125,9.0,1.0,0.21371200323117484,0.2648747898108814,0.9988553113553114,0.9821428571428571,0.5625,3.0,1.0,0.21371200323117484,0.2648747898108814
815,0.9913461538461537,0.9365079365079365,1.71875,7.0,1.0,0.3100171410868814,0.35500857054344065,0.9985805860805859,0.9811507936507935,0.59375,3.0,1.0,0.3100171410868814,0.35500857054344065
816,0.9913919413919412,0.9355158730158729,1.6875,7.0,0.8181818181818182,0.22389835267338962,0.28728749317207586,0.9951923076923076,0.9543650793650793,1.21875,6.0,0.8181818181818182,0.22389835267338962,0.28728749317207586
817,0.9847985347985345,0.9087301587301587,2.375,11.0,0.6666666666666666,0.3254299252130235,0.33332838112657004,0.9886904761904761,0.923611111111111,1.8125,12.0,0.6666666666666666,0.3254299252130235,0.33332838112657004
818,0.9834249084249083,0.9057539682539683,2.375,10.0,1.0,0.30092096720370887,0.27481951775917873,0.9984890109890108,0.9781746031746031,0.6875,3.0,1.0,0.30092096720370887,0.27481951775917873
819,0.9854853479853479,0.9176587301587302,2.21875,13.0,0.8181818181818182,0.1452757986037667,0.26085275786016415,0.9847527472527472,0.9226190476190474,2.09375,13.0,0.8181818181818182,0.1452757986037667,0.26085275786016415
820,0.8442765567765566,0.7698412698412699,5.5625,46.0,0.6666666666666666,0.523308192888756,0.4108754332693622,0.843131868131868,0.820436507936508,4.71875,52.0,0.6666666666666666,0.523308192888756,0.4108754332693622
821,0.9887362637362638,0.9196428571428571,2.09375,8.0,0.8181818181818182,0.40699998961231504,0.3510568642848436,0.9957875457875456,0.9543650793650793,1.15625,5.0,0.8181818181818182,0.40699998961231504,0.3510568642848436
822,0.9736263736263735,0.8700396825396826,3.15625,11.0,0.8181818181818182,0.3460992256520848,0.2927194536800623,0.9865384615384614,0.9107142857142857,2.15625,12.0,0.8181818181818182,0.3460992256520848,0.2927194536800623
823,0.9641483516483516,0.8680555555555555,3.28125,22.0,1.0,0.311918003070851,0.28425933403718695,0.9730311355311354,0.9265873015873015,2.0,22.0,1.0,0.311918003070851,0.28425933403718695
824,0.9779304029304028,0.8888888888888888,2.71875,17.0,0.6666666666666666,0.36100360271003673,0.3335465137810711,0.9806318681318679,0.9017857142857142,2.28125,18.0,0.6666666666666666,0.36100360271003673,0.3335465137810711
825,0.9827380952380951,0.9027777777777778,2.40625,10.0,1.0,0.30218887830294383,0.31640165579922813,0.9973443223443224,0.9652777777777777,1.0,4.0,1.0,0.30218887830294383,0.31640165579922813
826,0.9955128205128204,0.9553571428571428,1.1875,6.0,1.0,0.27766599279520554,0.3388329963976027,0.9967490842490841,0.9662698412698413,0.9375,5.0,1.0,0.27766599279520554,0.3388329963976027
827,0.9808608058608058,0.8988095238095237,2.5625,12.0,1.0,0.32859174177290795,0.26978803340298335,0.9976648351648351,0.9712301587301586,0.875,4.0,1.0,0.32859174177290795,0.26978803340298335
828,0.9813644688644687,0.9017857142857142,2.4375,10.0,1.0,0.27006116217068354,0.2953531339408636,0.9963369963369962,0.9603174603174602,1.125,5.0,1.0,0.27006116217068354,0.2953531339408636
829,0.9918040293040291,0.9384920634920635,1.59375,8.0,1.0,0.2562207962246723,0.3143597706515828,0.9981684981684982,0.9751984126984127,0.6875,4.0,1.0,0.2562207962246723,0.3143597706515828
830,0.9779761904761904,0.8878968253968254,2.65625,16.0,0.6666666666666666,0.41679340432476675,0.3807687263415001,0.9820970695970694,0.9047619047619047,2.25,17.0,0.6666666666666666,0.41679340432476675,0.3807687263415001
831,0.9828754578754578,0.9067460317460316,2.46875,10.0,1.0,0.3172299868435701,0.2995907021660414,0.9968406593406592,0.9632936507936507,1.0625,4.0,1.0,0.3172299868435701,0.2995907021660414
832,0.9923992673992673,0.9345238095238094,1.75,7.0,1.0,0.176296991997186,0.28703828076717114,0.9936355311355312,0.9454365079365078,1.375,6.0,1.0,0.176296991997186,0.28703828076717114
833,0.9750457875457875,0.8779761904761905,2.96875,12.0,0.8181818181818182,0.2940860875908886,0.2854230611537887,0.9902472527472528,0.9265873015873015,1.875,8.0,0.8181818181818182,0.2940860875908886,0.2854230611537887
834,0.9809523809523808,0.8948412698412699,2.59375,10.0,0.8181818181818182,0.28922101385726795,0.25934851630730343,0.9961996336996336,0.9573412698412698,1.15625,4.0,0.8181818181818182,0.28922101385726795,0.25934851630730343
835,0.9831043956043956,0.9047619047619047,2.4375,11.0,0.8181818181818182,0.32426172549421717,0.32670339969489504,0.9908882783882783,0.9355158730158729,1.625,12.0,0.8181818181818182,0.32426172549421717,0.32670339969489504
836,0.9543956043956043,0.8551587301587301,3.6875,28.0,0.8181818181818182,0.3429542938225152,0.2973970908337034,0.9648809523809523,0.8998015873015873,2.59375,28.0,0.8181818181818182,0.3429542938225152,0.2973970908337034
837,0.9579212454212453,0.8452380952380951,3.78125,22.0,0.8181818181818182,0.3504080925937385,0.3043849690438888,0.9749084249084249,0.8978174603174603,2.59375,22.0,0.8181818181818182,0.3504080925937385,0.3043849690438888
838,0.9858058608058609,0.9126984126984127,2.21875,10.0,1.0,0.24865848355254222,0.2770340398302708,0.99757326007326,0.9751984126984127,0.75,5.0,1.0,0.24865848355254222,0.2770340398302708
839,0.9878205128205128,0.9166666666666666,2.15625,8.0,1.0,0.33237268715641355,0.31976314244438686,0.9988095238095237,0.9831349206349206,0.53125,3.0,1.0,0.33237268715641355,0.31976314244438686
840,0.9863095238095235,0.9146825396825395,2.21875,10.0,0.8181818181818182,0.249037138529926,0.2764302910224583,0.9973443223443224,0.9652777777777777,0.9375,4.0,0.8181818181818182,0.249037138529926,0.2764302910224583
841,0.9757326007326007,0.876984126984127,3.125,12.0,0.8181818181818182,0.36490550351354245,0.3212068610256197,0.9922619047619047,0.9355158730158729,1.65625,7.0,0.8181818181818182,0.36490550351354245,0.3212068610256197
842,0.9869963369963369,0.9176587301587302,2.15625,8.0,1.0,0.34961981239971385,0.35875832738919067,0.9988553113553114,0.9821428571428571,0.5625,3.0,1.0,0.34961981239971385,0.35875832738919067
843,0.9945512820512821,0.9494047619047619,1.34375,6.0,1.0,0.30750010097950464,0.3537500504897524,0.9980769230769231,0.9742063492063492,0.75,3.0,1.0,0.30750010097950464,0.3537500504897524
844,0.9945512820512821,0.9494047619047619,1.34375,6.0,1.0,0.1955198709007514,0.2854743235295202,0.9983058608058608,0.976190476190476,0.6875,3.0,1.0,0.1955198709007514,0.2854743235295202
845,0.9902014652014651,0.9285714285714286,2.0,7.0,0.6666666666666666,0.202349339623902,0.25446408541629995,0.9935897435897434,0.9434523809523809,1.46875,7.0,0.6666666666666666,0.202349339623902,0.25446408541629995
846,0.9915293040293041,0.9374999999999999,1.65625,8.0,0.8181818181818182,0.18681988928096877,0.2544145768888829,0.9967490842490841,0.9662698412698413,0.9375,5.0,0.8181818181818182,0.18681988928096877,0.2544145768888829
847,0.987912087912088,0.9156746031746031,2.21875,8.0,0.8181818181818182,0.36764887784482214,0.32392298687632737,0.9937271062271062,0.9444444444444444,1.5,6.0,0.8181818181818182,0.36764887784482214,0.32392298687632737
848,0.9934981684981684,0.9444444444444444,1.5625,6.0,0.6666666666666666,0.2977414630895646,0.33809901407088444,0.992124542124542,0.933531746031746,1.71875,7.0,0.6666666666666666,0.2977414630895646,0.33809901407088444
849,0.8497252747252746,0.7876984126984127,5.125,46.0,0.8181818181818182,0.46140710317876693,0.36925878039874377,0.8452380952380952,0.8343253968253967,4.53125,52.0,0.8181818181818182,0.46140710317876693,0.36925878039874377
850,0.9807692307692307,0.8948412698412699,2.53125,10.0,0.8181818181818182,0.3130358409885505,0.32302428226754465,0.9960164835164834,0.9553571428571428,1.21875,4.0,0.8181818181818182,0.3130358409885505,0.32302428226754465
851,0.986675824175824,0.9107142857142857,2.375,9.0,0.8181818181818182,0.2862676074822582,0.30469889112596504,0.9891941391941391,0.923611111111111,2.0,7.0,0.8181818181818182,0.2862676074822582,0.30469889112596504
852,0.986675824175824,0.9176587301587302,2.21875,10.0,0.6666666666666666,0.31489614239405794,0.32403115014222095,0.9927655677655676,0.9384920634920635,1.5625,7.0,0.6666666666666666,0.31489614239405794,0.32403115014222095
853,0.9737179487179486,0.8690476190476191,3.125,11.0,0.8181818181818182,0.26900778247651785,0.2909070220004054,0.9857142857142855,0.9057539682539683,2.28125,12.0,0.8181818181818182,0.26900778247651785,0.2909070220004054
854,0.9917124542124541,0.933531746031746,1.75,7.0,1.0,0.32011595559939443,0.31727357331732703,0.9978937728937727,0.9722222222222222,0.8125,3.0,1.0,0.32011595559939443,0.31727357331732703
855,0.9918498168498168,0.9355158730158729,1.6875,7.0,1.0,0.2950835874209933,0.3393485758838716,0.999267399267399,0.988095238095238,0.34375,3.0,1.0,0.2950835874209933,0.3393485758838716
856,0.9934981684981684,0.9404761904761904,1.5625,6.0,1.0,0.38839037274605087,0.39419518637302536,0.997161172161172,0.9672619047619048,0.9375,3.0,1.0,0.38839037274605087,0.39419518637302536
857,0.9894688644688644,0.923611111111111,1.96875,8.0,0.8181818181818182,0.3857078687040535,0.3531676586300537,0.9979395604395603,0.9722222222222222,0.8125,3.0,0.8181818181818182,0.3857078687040535,0.3531676586300537
858,0.9847069597069595,0.9107142857142857,2.375,9.0,1.0,0.2418498450446138,0.29625183664786836,0.9973443223443224,0.9692460317460317,0.96875,5.0,1.0,0.2418498450446138,0.29625183664786836
859,0.996062271062271,0.9573412698412698,1.125,6.0,1.0,0.271485463849491,0.3321474276453613,0.995970695970696,0.9603174603174602,1.125,5.0,1.0,0.271485463849491,0.3321474276453613
860,0.9804487179487179,0.8958333333333333,2.625,11.0,0.8181818181818182,0.35650036058218426,0.3384228933958677,0.9900641025641025,0.9285714285714286,1.6875,12.0,0.8181818181818182,0.35650036058218426,0.3384228933958677
861,0.975686813186813,0.8888888888888888,2.84375,12.0,1.0,0.30013497997469535,0.2733173326138301,0.9923992673992673,0.9454365079365078,1.53125,11.0,1.0,0.30013497997469535,0.2733173326138301
862,0.9905677655677654,0.931547619047619,1.84375,7.0,1.0,0.30016770580433255,0.34862486807098264,0.9983058608058608,0.9781746031746031,0.6875,3.0,1.0,0.30016770580433255,0.34862486807098264
863,0.9740384615384614,0.875,3.15625,16.0,0.6666666666666666,0.400079178614657,0.32409455193451414,0.9821886446886448,0.9057539682539683,2.25,17.0,0.6666666666666666,0.400079178614657,0.32409455193451414
864,0.9946886446886447,0.9503968253968254,1.3125,7.0,1.0,0.36077853866446585,0.37505458887338966,0.995970695970696,0.9593253968253969,1.125,5.0,1.0,0.36077853866446585,0.37505458887338966
865,0.9870879120879119,0.9166666666666666,2.25,8.0,1.0,0.24533920651475874,0.2614395531850782,0.9987179487179487,0.9811507936507935,0.59375,3.0,1.0,0.24533920651475874,0.2614395531850782
866,0.9859890109890108,0.9156746031746031,2.15625,10.0,1.0,0.3434125250485851,0.36768972204256334,0.9981684981684982,0.9742063492063492,0.78125,3.0,1.0,0.3434125250485851,0.36768972204256334
867,0.981318681318681,0.9007936507936508,2.5,11.0,1.0,0.28201132874768703,0.25723321054941367,0.9973901098901098,0.9692460317460317,0.9375,4.0,1.0,0.28201132874768703,0.25723321054941367
868,0.9875915750915749,0.9166666666666666,2.09375,11.0,0.6666666666666666,0.3827046096479363,0.3877203518601306,0.9887362637362638,0.9255952380952381,1.84375,12.0,0.6666666666666666,0.3827046096479363,0.3877203518601306
869,0.9874084249084248,0.9196428571428571,2.03125,8.0,1.0,0.26552749624946703,0.30376680744805873,0.999267399267399,0.986111111111111,0.40625,2.0,1.0,0.26552749624946703,0.30376680744805873
870,0.9746336996336994,0.8819444444444444,2.96875,13.0,0.8181818181818182,0.2699222193471023,0.2804783477059203,0.9903388278388278,0.9345238095238094,1.71875,13.0,0.8181818181818182,0.2699222193471023,0.2804783477059203
871,0.9861721611721611,0.923611111111111,2.15625,13.0,0.8181818181818182,0.15645254371022393,0.25875584983035393,0.9864468864468864,0.9305555555555556,1.90625,13.0,0.8181818181818182,0.15645254371022393,0.25875584983035393
872,0.98507326007326,0.9136904761904762,2.15625,10.0,0.8181818181818182,0.2626365782452146,0.29730757559541887,0.9975274725274724,0.9662698412698413,1.0,4.0,0.8181818181818182,0.2626365782452146,0.29730757559541887
873,0.9900183150183148,0.9305555555555556,1.84375,8.0,0.8181818181818182,0.23942240807774878,0.29218095206991057,0.9965201465201465,0.9613095238095238,1.0625,5.0,0.8181818181818182,0.23942240807774878,0.29218095206991057
874,0.9917124542124541,0.9374999999999999,1.65625,8.0,1.0,0.3090636893694754,0.35453184468473764,0.9987637362637363,0.9821428571428571,0.53125,3.0,1.0,0.3090636893694754,0.35453184468473764
875,0.9787087912087912,0.8888888888888888,2.78125,11.0,1.0,0.23323758361185937,0.2621155838804467,0.9913003663003662,0.9434523809523809,1.5625,11.0,1.0,0.23323758361185937,0.2621155838804467
876,0.9892857142857141,0.9216269841269841,2.03125,8.0,0.8181818181818182,0.326369524402114,0.29901668070599585,0.9956959706959705,0.9563492063492064,1.25,5.0,0.8181818181818182,0.326369524402114,0.29901668070599585
877,0.990705128205128,0.927579365079365,1.875,7.0,0.8181818181818182,0.2751139727823809,0.27809926550803066,0.9974358974358973,0.9682539682539681,0.90625,4.0,0.8181818181818182,0.2751139727823809,0.27809926550803066
878,0.9869047619047617,0.9166666666666666,2.125,8.0,1.0,0.3732368682535156,0.38661843412675784,0.9991300366300366,0.9851190476190476,0.4375,3.0,1.0,0.3732368682535156,0.38661843412675784
879,0.9819597069597068,0.9007936507936508,2.5,10.0,1.0,0.33268771319111823,0.33935466107477147,0.99775641025641,0.9712301587301586,0.84375,4.0,1.0,0.33268771319111823,0.33935466107477147
880,0.9925824175824175,0.9424603174603173,1.53125,7.0,0.8181818181818182,0.3151200356346837,0.35751736284518787,0.9963827838827837,0.9632936507936507,1.0,5.0,0.8181818181818182,0.3151200356346837,0.35751736284518787
881,0.9900641025641025,0.9305555555555556,1.8125,8.0,0.8181818181818182,0.2920186410730894,0.3283018315710661,0.9955586080586079,0.9553571428571428,1.15625,6.0,0.8181818181818182,0.2920186410730894,0.3283018315710661
882,0.9916666666666665,0.9365079365079365,1.65625,8.0,1.0,0.33594867443811827,0.3679743372190591,0.9983058608058608,0.9771825396825397,0.65625,4.0,1.0,0.33594867443811827,0.3679743372190591
883,0.9844780219780219,0.9067460317460316,2.46875,10.0,0.8181818181818182,0.31244242887808815,0.3107690252396829,0.9941849816849815,0.9454365079365078,1.4375,5.0,0.8181818181818182,0.31244242887808815,0.3107690252396829
884,0.982554945054945,0.8998015873015873,2.625,10.0,0.8181818181818182,0.28691320119407127,0.278773423475859,0.9923992673992673,0.9384920634920635,1.625,7.0,0.8181818181818182,0.28691320119407127,0.278773423475859
885,0.9712454212454211,0.8690476190476191,3.15625,12.0,0.8181818181818182,0.3168687031243406,0.2872673288254408,0.9895604395604396,0.9255952380952381,1.9375,10.0,0.8181818181818182,0.3168687031243406,0.2872673288254408
886,0.9835164835164832,0.9047619047619047,2.3125,10.0,1.0,0.22087382058357813,0.23928745637997076,0.997161172161172,0.9632936507936507,1.0625,4.0,1.0,0.22087382058357813,0.23928745637997076
887,0.987912087912088,0.9196428571428571,2.1875,9.0,0.6666666666666666,0.29562426697226263,0.3104683748573753,0.9921703296703295,0.9365079365079365,1.625,7.0,0.6666666666666666,0.29562426697226263,0.3104683748573753
888,0.9891483516483515,0.9265873015873015,1.84375,8.0,1.0,0.3261556288578222,0.36307781442891107,0.9983974358974358,0.9771825396825397,0.71875,3.0,1.0,0.3261556288578222,0.36307781442891107
889,0.9934065934065933,0.9424603174603173,1.53125,6.0,0.8181818181818182,0.30247498187891125,0.3512374909394556,0.9930860805860805,0.941468253968254,1.5,7.0,0.8181818181818182,0.30247498187891125,0.3512374909394556
890,0.9902472527472528,0.9265873015873015,1.96875,7.0,0.8181818181818182,0.3052804623231153,0.2903633614073563,0.9965201465201465,0.9613095238095238,1.0625,5.0,0.8181818181818182,0.3052804623231153,0.2903633614073563
891,0.9945054945054944,0.9503968253968254,1.40625,6.0,1.0,0.2626460931375564,0.3291089564543644,0.9975274725274724,0.9692460317460317,0.875,4.0,1.0,0.2626460931375564,0.3291089564543644
892,0.9927197802197801,0.9424603174603173,1.53125,7.0,1.0,0.28619830469082197,0.343099152345411,0.9984890109890108,0.9771825396825397,0.6875,3.0,1.0,0.28619830469082197,0.343099152345411
893,0.9951007326007326,0.9533730158730157,1.28125,6.0,1.0,0.23654281463486432,0.30201577997257373,0.9976648351648351,0.9722222222222222,0.78125,4.0,1.0,0.23654281463486432,0.30201577997257373
894,0.9934981684981684,0.941468253968254,1.59375,6.0,0.8181818181818182,0.3158519934954824,0.3545944775287847,0.9936813186813186,0.9424603174603173,1.5625,6.0,0.8181818181818182,0.3158519934954824,0.3545944775287847
895,0.9859890109890108,0.9146825396825395,2.125,10.0,1.0,0.2410302434013827,0.24594773543276174,0.9983974358974358,0.9751984126984127,0.75,3.0,1.0,0.2410302434013827,0.24594773543276174
896,0.9908882783882783,0.9325396825396824,1.78125,8.0,1.0,0.26389908975673676,0.313835340072806,0.9995421245421244,0.9910714285714285,0.28125,2.0,1.0,0.26389908975673676,0.313835340072806
897,0.984981684981685,0.9107142857142857,2.21875,10.0,1.0,0.28483083689589184,0.32207112986674447,0.9986721611721611,0.9771825396825397,0.65625,3.0,1.0,0.28483083689589184,0.32207112986674447
898,0.9934981684981684,0.9424603174603173,1.5,7.0,1.0,0.2022036309168531,0.2563045368747576,0.9967490842490841,0.9632936507936507,1.09375,4.0,1.0,0.2022036309168531,0.2563045368747576
899,0.9932692307692307,0.9434523809523809,1.46875,7.0,1.0,0.26982478325020887,0.3349123916251044,0.9981227106227105,0.9742063492063492,0.78125,4.0,1.0,0.26982478325020887,0.3349123916251044
900,0.9860805860805859,0.9097222222222221,2.375,9.0,0.8181818181818182,0.20996453004123403,0.29641506584576993,0.9962912087912087,0.9623015873015872,1.125,6.0,0.8181818181818182,0.20996453004123403,0.29641506584576993
901,0.9909798534798533,0.931547619047619,1.78125,7.0,1.0,0.24582945636087042,0.26748409801286593,0.9991300366300366,0.984126984126984,0.46875,2.0,1.0,0.24582945636087042,0.26748409801286593
902,0.9920787545787544,0.9404761904761904,1.5625,7.0,1.0,0.26336271591388427,0.3316813579569421,0.997161172161172,0.9672619047619048,0.96875,5.0,1.0,0.26336271591388427,0.3316813579569421
903,0.9910714285714285,0.9325396825396824,1.71875,7.0,1.0,0.300799807659445,0.3216984888534577,0.999084249084249,0.9831349206349206,0.53125,2.0,1.0,0.300799807659445,0.3216984888534577
904,0.9867673992673991,0.9136904761904762,2.1875,9.0,0.8181818181818182,0.2551289705146563,0.30354729803587666,0.9982142857142856,0.9722222222222222,0.8125,3.0,0.8181818181818182,0.2551289705146563,0.30354729803587666
905,0.9602106227106225,0.8511904761904763,3.6875,19.0,1.0,0.36411368414509193,0.2918940120235281,0.9794871794871794,0.9097222222222221,2.40625,19.0,1.0,0.36411368414509193,0.2918940120235281
906,0.9915750915750915,0.9374999999999999,1.59375,8.0,1.0,0.35469955107157985,0.3773497755357899,0.9987179487179487,0.9801587301587301,0.5625,3.0,1.0,0.35469955107157985,0.3773497755357899
907,0.983150183150183,0.9037698412698412,2.40625,10.0,1.0,0.2899055942375942,0.282485430391635,0.9981684981684982,0.9742063492063492,0.75,4.0,1.0,0.2899055942375942,0.282485430391635
908,0.982554945054945,0.9037698412698412,2.4375,10.0,1.0,0.3207471385114886,0.30581127369892785,0.9979853479853479,0.9722222222222222,0.8125,4.0,1.0,0.3207471385114886,0.30581127369892785
909,0.9874084249084248,0.9166666666666666,2.25,8.0,1.0,0.22823053092032936,0.2835995052462772,0.9967490842490841,0.9771825396825397,0.6875,8.0,1.0,0.22823053092032936,0.2835995052462772
910,0.9895604395604396,0.9285714285714286,1.90625,8.0,0.8181818181818182,0.37459521616160985,0.38391310933510814,0.994047619047619,0.9474206349206349,1.375,7.0,0.8181818181818182,0.37459521616160985,0.38391310933510814
911,0.9917582417582417,0.9325396825396824,1.71875,7.0,0.8181818181818182,0.2675470207313587,0.26952455555337324,0.9956959706959705,0.9573412698412698,1.21875,5.0,0.8181818181818182,0.2675470207313587,0.26952455555337324
912,0.9890567765567765,0.9255952380952381,1.9375,8.0,1.0,0.18723089772032112,0.24630939870396834,0.99757326007326,0.976190476190476,0.71875,5.0,1.0,0.18723089772032112,0.24630939870396834
913,0.9867216117216117,0.9186507936507936,2.125,9.0,1.0,0.2501068884477604,0.25796572022017344,0.9995879120879121,0.9910714285714285,0.28125,1.0,1.0,0.2501068884477604,0.25796572022017344
914,0.9913461538461537,0.9374999999999999,1.625,8.0,1.0,0.18696293367263717,0.23655481486108984,0.9988553113553114,0.9821428571428571,0.5,3.0,1.0,0.18696293367263717,0.23655481486108984
915,0.9872710622710622,0.9196428571428571,2.0625,8.0,1.0,0.22469855399465394,0.2633169049229651,0.9987179487179487,0.9801587301587301,0.625,3.0,1.0,0.22469855399465394,0.2633169049229651
916,0.9853937728937727,0.9067460317460316,2.375,9.0,0.8181818181818182,0.4030311436334215,0.33146395682362895,0.995054945054945,0.9513888888888888,1.28125,5.0,0.8181818181818182,0.4030311436334215,0.33146395682362895
917,0.9861263736263735,0.9166666666666666,2.15625,10.0,0.8181818181818182,0.29077304710928087,0.3060249872151783,0.9934523809523808,0.9454365079365078,1.40625,9.0,0.8181818181818182,0.29077304710928087,0.3060249872151783
918,0.9811813186813184,0.8988095238095237,2.625,11.0,0.8181818181818182,0.3146034313141647,0.2891577467667924,0.9954212454212452,0.9513888888888888,1.28125,4.0,0.8181818181818182,0.3146034313141647,0.2891577467667924
919,0.9870421245421244,0.9126984126984127,2.21875,8.0,0.8181818181818182,0.31818814633199066,0.29659186655668235,0.9983516483516482,0.9751984126984127,0.75,2.0,0.8181818181818182,0.31818814633199066,0.29659186655668235
920,0.9937728937728937,0.9444444444444444,1.46875,7.0,1.0,0.29067667069653436,0.3229326527044695,0.9931776556776557,0.9434523809523809,1.59375,6.0,1.0,0.29067667069653436,0.3229326527044695
921,0.9888736263736262,0.9246031746031745,1.90625,8.0,1.0,0.2744981031091777,0.33209580257958643,0.9990384615384613,0.9831349206349206,0.53125,2.0,1.0,0.2744981031091777,0.33209580257958643
922,0.9820970695970694,0.8998015873015873,2.5,10.0,0.8181818181818182,0.3552158268581459,0.3550496026167444,0.9961538461538461,0.9563492063492064,1.15625,4.0,0.8181818181818182,0.3552158268581459,0.3550496026167444
923,0.9776556776556775,0.8898809523809524,2.71875,11.0,1.0,0.3297951331464013,0.33663469817540687,0.9947802197802197,0.9503968253968254,1.40625,5.0,1.0,0.3297951331464013,0.33663469817540687
924,0.9887820512820512,0.9255952380952381,2.0,9.0,0.8181818181818182,0.3282050942192539,0.35053027412856963,0.996062271062271,0.9583333333333333,1.125,5.0,0.8181818181818182,0.3282050942192539,0.35053027412856963
925,0.9942765567765566,0.9474206349206349,1.40625,6.0,1.0,0.43663788069950343,0.41831894034975176,0.9981227106227105,0.976190476190476,0.6875,4.0,1.0,0.43663788069950343,0.41831894034975176
926,0.984065934065934,0.9047619047619047,2.40625,9.0,1.0,0.32853639822246006,0.30340417671058656,0.9984890109890108,0.9771825396825397,0.6875,3.0,1.0,0.32853639822246006,0.30340417671058656
927,0.9901098901098901,0.929563492063492,1.84375,7.0,1.0,0.24028195324428803,0.273602551666173,0.998992673992674,0.9821428571428571,0.5,2.0,1.0,0.24028195324428803,0.273602551666173
928,0.985668498168498,0.9136904761904762,2.1875,10.0,1.0,0.313399007749723,0.3230642524100662,0.9990384615384613,0.9821428571428571,0.5625,2.0,1.0,0.313399007749723,0.3230642524100662
929,0.991620879120879,0.9325396825396824,1.8125,7.0,1.0,0.2680125689282996,0.30117970396656285,0.9963827838827837,0.9593253968253969,1.09375,4.0,1.0,0.2680125689282996,0.30117970396656285
930,0.9898809523809522,0.9246031746031745,1.9375,7.0,0.8181818181818182,0.35786067111962916,0.342557174070689,0.9985805860805859,0.9771825396825397,0.65625,2.0,0.8181818181818182,0.35786067111962916,0.342557174070689
931,0.9784798534798533,0.8908730158730158,2.65625,10.0,1.0,0.3197764425347216,0.32709099076224724,0.994734432234432,0.9494047619047619,1.375,6.0,1.0,0.3197764425347216,0.32709099076224724
932,0.986675824175824,0.9176587301587302,2.125,9.0,1.0,0.2936161694699816,0.2926231378281922,0.9995421245421244,0.9900793650793651,0.3125,1.0,1.0,0.2936161694699816,0.2926231378281922
933,0.9822802197802197,0.9067460317460316,2.5,12.0,1.0,0.2321050727276177,0.27850882696440016,0.9872710622710622,0.9613095238095238,1.15625,18.0,1.0,0.2321050727276177,0.27850882696440016
934,0.9853021978021977,0.9126984126984127,2.25,9.0,0.8181818181818182,0.3147870864644409,0.338553958459289,0.9935897435897434,0.9494047619047619,1.40625,10.0,0.8181818181818182,0.3147870864644409,0.338553958459289
935,0.9845695970695969,0.9156746031746031,2.28125,13.0,1.0,0.20210852559315523,0.2597319315127532,0.9886446886446886,0.9484126984126985,1.46875,13.0,1.0,0.20210852559315523,0.2597319315127532
936,0.9837454212454211,0.9077380952380952,2.34375,10.0,1.0,0.2795796717226289,0.26858562558946375,0.9986721611721611,0.9801587301587301,0.625,3.0,1.0,0.2795796717226289,0.26858562558946375
937,0.9904761904761904,0.9265873015873015,1.875,7.0,1.0,0.2806389968270497,0.291285569787202,0.9987179487179487,0.9791666666666667,0.59375,2.0,1.0,0.2806389968270497,0.291285569787202
938,0.9827838827838826,0.9007936507936508,2.625,9.0,0.8181818181818182,0.2707865061605865,0.2747090090455947,0.9966575091575092,0.9613095238095238,1.09375,4.0,0.8181818181818182,0.2707865061605865,0.2747090090455947
939,0.9869963369963369,0.9097222222222221,2.28125,8.0,0.8181818181818182,0.33699094079115977,0.28476486349641605,0.9963827838827837,0.9583333333333333,1.15625,5.0,0.8181818181818182,0.33699094079115977,0.28476486349641605
940,0.9918956043956043,0.9345238095238094,1.8125,7.0,0.8181818181818182,0.31731932476079117,0.3057119029559315,0.9949175824175823,0.9533730158730157,1.375,5.0,0.8181818181818182,0.31731932476079117,0.3057119029559315
941,0.983562271062271,0.8978174603174603,2.625,9.0,0.8181818181818182,0.3494232777101898,0.3087434448602896,0.9928571428571427,0.9384920634920635,1.4375,6.0,0.8181818181818182,0.3494232777101898,0.3087434448602896
942,0.9873626373626372,0.9136904761904762,2.21875,8.0,0.8181818181818182,0.3178363425485042,0.2892180337030281,0.996245421245421,0.9583333333333333,1.09375,5.0,0.8181818181818182,0.3178363425485042,0.2892180337030281
943,0.9906593406593405,0.929563492063492,1.8125,7.0,1.0,0.195764075847491,0.2671833100468985,0.9989010989010987,0.9801587301587301,0.59375,2.0,1.0,0.195764075847491,0.2671833100468985
944,0.9810897435897434,0.8968253968253967,2.53125,10.0,0.8181818181818182,0.26606373968665076,0.25547375303401354,0.9961538461538461,0.9573412698412698,1.1875,4.0,0.8181818181818182,0.26606373968665076,0.25547375303401354
945,0.9821428571428571,0.8958333333333333,2.65625,9.0,0.8181818181818182,0.40136011395691484,0.3070663385515105,0.9938186813186812,0.9444444444444444,1.46875,6.0,0.8181818181818182,0.40136011395691484,0.3070663385515105
946,0.9929487179487179,0.9365079365079365,1.65625,6.0,1.0,0.18688980897400986,0.24368748447206276,0.9955128205128204,0.9513888888888888,1.375,4.0,1.0,0.18688980897400986,0.24368748447206276
947,0.9875457875457875,0.9166666666666666,2.15625,8.0,1.0,0.2124967301849018,0.26745901000323097,0.99757326007326,0.9791666666666667,0.625,6.0,1.0,0.2124967301849018,0.26745901000323097
948,0.986492673992674,0.9087301587301587,2.4375,8.0,0.8181818181818182,0.3687704183877105,0.3019313780709479,0.9907967032967033,0.931547619047619,1.71875,7.0,0.8181818181818182,0.3687704183877105,0.3019313780709479
949,0.9869505494505493,0.9136904761904762,2.28125,9.0,1.0,0.26453962785365653,0.25981102209283136,0.9981227106227105,0.9742063492063492,0.75,3.0,1.0,0.26453962785365653,0.25981102209283136
950,0.9847985347985345,0.9107142857142857,2.28125,10.0,1.0,0.25634184811302274,0.2532920680820069,0.998992673992674,0.9811507936507935,0.59375,2.0,1.0,0.25634184811302274,0.2532920680820069
951,0.9883699633699633,0.9166666666666666,2.1875,8.0,0.8181818181818182,0.311099737524245,0.29837016213452194,0.9948260073260071,0.9494047619047619,1.375,6.0,0.8181818181818182,0.311099737524245,0.29837016213452194
952,0.9955586080586079,0.9563492063492064,1.1875,6.0,1.0,0.18392183591559735,0.24611444946372063,0.9948260073260071,0.9533730158730157,1.3125,5.0,1.0,0.18392183591559735,0.24611444946372063
953,0.9922161172161172,0.933531746031746,1.71875,7.0,0.6666666666666666,0.4026866421149269,0.40134332105746345,0.992124542124542,0.9365079365079365,1.5625,8.0,0.6666666666666666,0.4026866421149269,0.40134332105746345
954,0.9901556776556775,0.933531746031746,1.75,8.0,0.8181818181818182,0.24501914640569714,0.3068098082378154,0.9964743589743588,0.9623015873015872,1.03125,5.0,0.8181818181818182,0.24501914640569714,0.3068098082378154
955,0.9808150183150182,0.8948412698412699,2.5625,10.0,0.8181818181818182,0.26043885881139084,0.25685047788338744,0.9957875457875456,0.9533730158730157,1.28125,4.0,0.8181818181818182,0.26043885881139084,0.25685047788338744
956,0.9858058608058609,0.9146825396825395,2.28125,10.0,1.0,0.19980304734380772,0.26235287831182397,0.9954670329670329,0.9573412698412698,1.15625,8.0,1.0,0.19980304734380772,0.26235287831182397
957,0.9784798534798533,0.8849206349206349,2.90625,12.0,0.6666666666666666,0.38441538027270095,0.3335805538445562,0.9871794871794871,0.9176587301587302,2.03125,13.0,0.6666666666666666,0.38441538027270095,0.3335805538445562
958,0.9949633699633698,0.9523809523809523,1.3125,6.0,1.0,0.2427622585564548,0.32138112927822743,0.9963369963369962,0.9593253968253969,1.125,5.0,1.0,0.2427622585564548,0.32138112927822743
959,0.9936813186813186,0.9454365079365078,1.46875,6.0,1.0,0.16067564146620383,0.24541006884007904,0.9988095238095237,0.9821428571428571,0.53125,3.0,1.0,0.16067564146620383,0.24541006884007904
960,0.9817765567765566,0.8998015873015873,2.5,10.0,0.8181818181818182,0.26186405138633573,0.2559195303527309,0.9961080586080584,0.9563492063492064,1.21875,4.0,0.8181818181818182,0.26186405138633573,0.2559195303527309
961,0.99253663003663,0.9384920634920635,1.59375,7.0,1.0,0.23548965480705364,0.2674355636311681,0.9973443223443224,0.9672619047619048,0.96875,4.0,1.0,0.23548965480705364,0.2674355636311681
962,0.984065934065934,0.9057539682539683,2.375,9.0,0.8181818181818182,0.24489609578801189,0.27574492011173113,0.9980311355311355,0.9742063492063492,0.78125,4.0,0.8181818181818182,0.24489609578801189,0.27574492011173113
963,0.9945512820512821,0.9494047619047619,1.34375,6.0,1.0,0.32509510206569003,0.3625475510328449,0.997481684981685,0.9702380952380952,0.84375,4.0,1.0,0.32509510206569003,0.3625475510328449
964,0.9868589743589743,0.9176587301587302,2.15625,8.0,1.0,0.25267477468328803,0.2629237021521496,0.9993131868131866,0.986111111111111,0.4375,2.0,1.0,0.25267477468328803,0.2629237021521496
965,0.9862179487179485,0.9166666666666666,2.25,10.0,0.8181818181818182,0.2818712104758014,0.2880461213768273,0.9972985347985347,0.9652777777777777,1.0,4.0,0.8181818181818182,0.2818712104758014,0.2880461213768273
966,0.9937728937728937,0.9474206349206349,1.40625,7.0,1.0,0.30720470502003994,0.3398810277705658,0.9980769230769231,0.9742063492063492,0.75,3.0,1.0,0.30720470502003994,0.3398810277705658
967,0.9861263736263735,0.9156746031746031,2.15625,10.0,1.0,0.2682302107983162,0.28304270001251935,0.999175824175824,0.984126984126984,0.5,2.0,1.0,0.2682302107983162,0.28304270001251935
968,0.9767857142857141,0.8878968253968254,2.90625,16.0,1.0,0.29530546802417723,0.3164810179877316,0.9806318681318679,0.9305555555555556,1.84375,22.0,1.0,0.29530546802417723,0.3164810179877316
969,0.9896520146520146,0.929563492063492,1.8125,8.0,1.0,0.20184625303364076,0.27653531643084883,0.9980311355311355,0.9742063492063492,0.75,4.0,1.0,0.20184625303364076,0.27653531643084883
970,0.9813644688644687,0.9017857142857142,2.5625,14.0,1.0,0.2525853880129122,0.297015228758383,0.9841117216117214,0.9424603174603173,1.5625,20.0,1.0,0.2525853880129122,0.297015228758383
971,0.992124542124542,0.9345238095238094,1.78125,7.0,1.0,0.26048900529750707,0.31256748128096845,0.9968864468864468,0.9632936507936507,1.0625,4.0,1.0,0.26048900529750707,0.31256748128096845
972,0.9933608058608058,0.9424603174603173,1.59375,6.0,0.8181818181818182,0.17959152199815714,0.25990493762963784,0.9952838827838826,0.9513888888888888,1.28125,5.0,0.8181818181818182,0.17959152199815714,0.25990493762963784
973,0.9877747252747251,0.9196428571428571,2.1875,8.0,1.0,0.21116676956303057,0.27450811198458447,0.9972069597069595,0.9801587301587301,0.625,7.0,1.0,0.21116676956303057,0.27450811198458447
974,0.9966117216117215,0.9662698412698413,0.96875,6.0,1.0,0.3129801249307213,0.35649006246536064,0.9928571428571427,0.939484126984127,1.59375,7.0,1.0,0.3129801249307213,0.35649006246536064
975,0.9901556776556775,0.929563492063492,1.90625,8.0,0.8181818181818182,0.16485897538008315,0.2549773398529886,0.9949175824175823,0.9523809523809523,1.28125,6.0,0.8181818181818182,0.16485897538008315,0.2549773398529886
976,0.9814560439560439,0.8958333333333333,2.71875,11.0,0.8181818181818182,0.29678679067424285,0.32229218173362656,0.9889194139194138,0.9464285714285714,1.46875,17.0,0.8181818181818182,0.29678679067424285,0.32229218173362656
977,0.976098901098901,0.8849206349206349,2.875,18.0,0.6666666666666666,0.24033142365295015,0.28557135743200524,0.9779304029304028,0.8918650793650793,2.5,19.0,0.6666666666666666,0.24033142365295015,0.28557135743200524
978,0.9945512820512821,0.9484126984126985,1.4375,6.0,1.0,0.3295254939234237,0.36476274696171185,0.9946886446886447,0.9474206349206349,1.4375,5.0,1.0,0.3295254939234237,0.36476274696171185
979,0.9869505494505493,0.9117063492063491,2.25,9.0,0.8181818181818182,0.40580191520413816,0.34534705202778343,0.996565934065934,0.9603174603174602,1.0625,5.0,0.8181818181818182,0.40580191520413816,0.34534705202778343
980,0.9949175824175823,0.9523809523809523,1.25,5.0,1.0,0.15037388332735221,0.23586281844916013,0.99775641025641,0.9712301587301586,0.84375,4.0,1.0,0.15037388332735221,0.23586281844916013
981,0.9733058608058607,0.8730158730158729,3.09375,12.0,0.8181818181818182,0.3256699093270625,0.2784777311019161,0.990934065934066,0.927579365079365,1.84375,8.0,0.8181818181818182,0.3256699093270625,0.2784777311019161
982,0.9814560439560439,0.8988095238095237,2.5625,11.0,0.8181818181818182,0.3697903061213028,0.34925437741884485,0.9898351648351646,0.929563492063492,1.71875,12.0,0.8181818181818182,0.3697903061213028,0.34925437741884485
983,0.9861721611721611,0.9077380952380952,2.375,9.0,0.8181818181818182,0.2471699460749837,0.3212225993208123,0.9955128205128204,0.9563492063492064,1.25,6.0,0.8181818181818182,0.2471699460749837,0.3212225993208123
984,0.9956959706959705,0.9583333333333333,1.125,6.0,1.0,0.3450360130991167,0.37251800654955836,0.9973443223443224,0.9692460317460317,0.8125,4.0,1.0,0.3450360130991167,0.37251800654955836
985,0.9928571428571427,0.9404761904761904,1.65625,6.0,0.6666666666666666,0.25332450266595996,0.3015216627588167,0.9914377289377289,0.929563492063492,1.75,7.0,0.6666666666666666,0.25332450266595996,0.3015216627588167
986,0.9962912087912087,0.9642857142857143,1.0,6.0,1.0,0.2605736930779269,0.33028684653896334,0.9951465201465202,0.9533730158730157,1.25,5.0,1.0,0.2605736930779269,0.33028684653896334
987,0.9830128205128205,0.9047619047619047,2.46875,10.0,0.8181818181818182,0.3277499684289664,0.32042922890552056,0.9968406593406592,0.9613095238095238,1.09375,4.0,0.8181818181818182,0.3277499684289664,0.32042922890552056
988,0.9882783882783882,0.9166666666666666,2.15625,8.0,0.8181818181818182,0.3302031665579114,0.2934103488145109,0.9941391941391939,0.9434523809523809,1.40625,6.0,0.8181818181818182,0.3302031665579114,0.2934103488145109
989,0.9795329670329669,0.8908730158730158,2.84375,11.0,0.6666666666666666,0.3024885114672048,0.28005887454609746,0.9886446886446886,0.9255952380952381,1.875,12.0,0.6666666666666666,0.3024885114672048,0.28005887454609746
990,0.9940934065934065,0.9444444444444444,1.40625,6.0,1.0,0.192573865848255,0.2636593116311504,0.9900183150183148,0.929563492063492,1.90625,7.0,1.0,0.192573865848255,0.2636593116311504
991,0.9768772893772891,0.8819444444444444,2.8125,15.0,0.6666666666666666,0.29581396166349416,0.293648561317729,0.9827380952380951,0.9067460317460316,2.28125,16.0,0.6666666666666666,0.29581396166349416,0.293648561317729
992,0.9889194139194138,0.9255952380952381,1.96875,8.0,1.0,0.2657867720273304,0.3085913389520627,0.9998168498168497,0.9960317460317459,0.125,1.0,1.0,0.2657867720273304,0.3085913389520627
993,0.9847527472527472,0.9037698412698412,2.46875,9.0,0.8181818181818182,0.40975892390196095,0.3270091309894972,0.9945970695970694,0.9484126984126985,1.3125,6.0,0.8181818181818182,0.40975892390196095,0.3270091309894972
994,0.991208791208791,0.933531746031746,1.75,8.0,1.0,0.227041427242861,0.263199859045457,0.9981684981684982,0.976190476190476,0.71875,3.0,1.0,0.227041427242861,0.263199859045457
995,0.9924450549450549,0.939484126984127,1.6875,6.0,0.8181818181818182,0.12333936363193251,0.2541719940907363,0.9920787545787544,0.9345238095238094,1.6875,7.0,0.8181818181818182,0.12333936363193251,0.2541719940907363
996,0.9833333333333332,0.9047619047619047,2.34375,10.0,1.0,0.3039933617665378,0.3340925064789673,0.9976648351648351,0.9672619047619048,0.9375,4.0,1.0,0.3039933617665378,0.3340925064789673
997,0.9941391941391939,0.9484126984126985,1.4375,6.0,0.6666666666666666,0.24450611820851964,0.3071051710017174,0.9915750915750915,0.931547619047619,1.78125,7.0,0.6666666666666666,0.24450611820851964,0.3071051710017174
998,0.9896520146520146,0.9265873015873015,1.84375,11.0,0.6666666666666666,0.42149736401055815,0.4107486820052791,0.9843406593406593,0.9037698412698412,2.34375,12.0,0.6666666666666666,0.42149736401055815,0.4107486820052791
999,0.9937271062271062,0.9424603174603173,1.59375,6.0,0.8181818181818182,0.1955172554580597,0.2687771632889269,0.9934065934065933,0.939484126984127,1.65625,6.0,0.8181818181818182,0.1955172554580597,0.2687771632889269
1000,0.9896520146520146,0.929563492063492,1.9375,7.0,1.0,0.14667362402176545,0.24015974978136662,0.9911172161172159,0.9484126984126985,1.5,13.0,1.0,0.14667362402176545,0.24015974978136662
1001,0.9743589743589743,0.8799603174603174,3.0,12.0,0.8181818181818182,0.33219779017077844,0.3007977448262305,0.9945970695970694,0.9484126984126985,1.3125,6.0,0.8181818181818182,0.33219779017077844,0.3007977448262305
1002,0.9923534798534799,0.9355158730158729,1.71875,7.0,1.0,0.2633260509015972,0.3053531805471453,0.9977106227106226,0.9702380952380952,0.8125,3.0,1.0,0.2633260509015972,0.3053531805471453
1003,0.9900641025641025,0.9246031746031745,1.96875,8.0,0.8181818181818182,0.32419095945816756,0.30441941271068246,0.9967948717948718,0.9652777777777777,1.03125,4.0,0.8181818181818182,0.32419095945816756,0.30441941271068246
1004,0.9843406593406593,0.9196428571428571,2.0625,15.0,1.0,0.17905504360913566,0.2503463008787727,0.9800824175824175,0.9206349206349207,1.96875,21.0,1.0,0.17905504360913566,0.2503463008787727
1005,0.9765567765567765,0.8839285714285713,2.875,12.0,0.8181818181818182,0.3966832695548064,0.3662785369046467,0.9932234432234431,0.9384920634920635,1.59375,6.0,0.8181818181818182,0.3966832695548064,0.3662785369046467
1006,0.9892399267399264,0.9246031746031745,1.875,11.0,0.6666666666666666,0.32278401431642834,0.3556674650424817,0.9836080586080587,0.9017857142857142,2.40625,12.0,0.6666666666666666,0.32278401431642834,0.3556674650424817
1007,0.9778846153846155,0.8888888888888888,2.90625,14.0,0.6666666666666666,0.17823726475744334,0.2891186323787216,0.982554945054945,0.9057539682539683,2.4375,14.0,0.6666666666666666,0.17823726475744334,0.2891186323787216
1008,0.9907509157509157,0.9285714285714286,1.875,7.0,0.8181818181818182,0.23119675949641766,0.26757794984289235,0.9975274725274724,0.9672619047619048,0.9375,4.0,0.8181818181818182,0.23119675949641766,0.26757794984289235
1009,0.977701465201465,0.8859126984126984,2.8125,13.0,0.6666666666666666,0.3104874609987187,0.2832082376166639,0.9861263736263735,0.9146825396825395,2.03125,14.0,0.6666666666666666,0.3104874609987187,0.2832082376166639
1010,0.989697802197802,0.923611111111111,2.0,8.0,0.8181818181818182,0.28802204498746764,0.272117018180339,0.9961080586080584,0.9583333333333333,1.1875,4.0,0.8181818181818182,0.28802204498746764,0.272117018180339
1011,0.9803571428571426,0.8918650793650793,2.6875,10.0,0.8181818181818182,0.30788410152407647,0.297054331135832,0.9967490842490841,0.9603174603174602,1.0625,4.0,0.8181818181818182,0.30788410152407647,0.297054331135832
1012,0.9750915750915751,0.875,3.125,12.0,0.6666666666666666,0.3602426754307849,0.3125877393359882,0.9856227106227103,0.9077380952380952,2.1875,13.0,0.6666666666666666,0.3602426754307849,0.3125877393359882
1013,0.9919413919413917,0.9374999999999999,1.59375,8.0,1.0,0.23264985141528274,0.2947688079168881,0.9981684981684982,0.9742063492063492,0.71875,4.0,1.0,0.23264985141528274,0.2947688079168881
1014,0.9850274725274725,0.9097222222222221,2.3125,10.0,0.8181818181818182,0.26743594049281305,0.29004437329768873,0.996245421245421,0.9583333333333333,1.125,4.0,0.8181818181818182,0.26743594049281305,0.29004437329768873
1015,0.9798992673992671,0.8938492063492063,2.78125,10.0,1.0,0.2366493442332256,0.281677811965984,0.9936813186813186,0.9503968253968254,1.4375,8.0,1.0,0.2366493442332256,0.281677811965984
1016,0.9869963369963369,0.9146825396825395,2.28125,10.0,1.0,0.28712470755444686,0.28539662131495197,0.9970238095238094,0.9632936507936507,1.0,4.0,1.0,0.28712470755444686,0.28539662131495197
1017,0.9799450549450549,0.8968253968253967,2.65625,11.0,1.0,0.25363398478013266,0.2649765463003839,0.9928571428571427,0.9553571428571428,1.28125,11.0,1.0,0.25363398478013266,0.2649765463003839
1018,0.9818223443223442,0.8998015873015873,2.5625,10.0,0.8181818181818182,0.29298859502700286,0.27678604428294273,0.9974358974358973,0.9682539682539681,0.90625,4.0,0.8181818181818182,0.29298859502700286,0.27678604428294273
1019,0.9809981684981685,0.9007936507936508,2.5,11.0,0.8181818181818182,0.2963426005288926,0.3160055837060678,0.9902014652014651,0.929563492063492,1.78125,12.0,0.8181818181818182,0.2963426005288926,0.3160055837060678
1020,0.9852106227106227,0.9117063492063491,2.3125,9.0,1.0,0.29056059602994166,0.2793738278457109,0.9989468864468863,0.9821428571428571,0.5625,3.0,1.0,0.29056059602994166,0.2793738278457109
1021,0.9867216117216117,0.9097222222222221,2.40625,8.0,0.8181818181818182,0.3694909155768088,0.30462298722389664,0.9915293040293041,0.9345238095238094,1.71875,7.0,0.8181818181818182,0.3694909155768088,0.30462298722389664
1022,0.9913003663003662,0.933531746031746,1.75,7.0,1.0,0.30560799225207597,0.34093168260086926,0.9994047619047619,0.9900793650793651,0.3125,2.0,1.0,0.30560799225207597,0.34093168260086926
1023,0.9913003663003662,0.9345238095238094,1.71875,7.0,0.8181818181818182,0.19221018658487166,0.26389258210353805,0.995054945054945,0.9533730158730157,1.21875,6.0,0.8181818181818182,0.19221018658487166,0.26389258210353805
1024,0.9922161172161172,0.9345238095238094,1.78125,7.0,0.8181818181818182,0.310144981126663,0.3063175105633732,0.9942307692307691,0.9494047619047619,1.4375,5.0,0.8181818181818182,0.310144981126663,0.3063175105633732
1025,0.98003663003663,0.8928571428571428,2.84375,12.0,0.8181818181818182,0.2522209522556367,0.30614417584960907,0.9872252747252748,0.9434523809523809,1.65625,18.0,0.8181818181818182,0.2522209522556367,0.30614417584960907
1026,0.995970695970696,0.9563492063492064,1.1875,6.0,1.0,0.15143643880890775,0.26430245060959784,0.9951465201465202,0.9513888888888888,1.34375,5.0,1.0,0.15143643880890775,0.26430245060959784
1027,0.9873168498168498,0.9186507936507936,2.09375,9.0,1.0,0.31022580259383026,0.33241185495366665,0.9987637362637363,0.9791666666666667,0.59375,3.0,1.0,0.31022580259383026,0.33241185495366665
1028,0.9809523809523808,0.8978174603174603,2.53125,10.0,1.0,0.3033939666722318,0.27377755022397454,0.9974358974358973,0.9682539682539681,0.90625,4.0,1.0,0.3033939666722318,0.27377755022397454
1029,0.9941391941391939,0.9474206349206349,1.46875,6.0,1.0,0.17958305800292618,0.25278738756725655,0.9969780219780219,0.9642857142857143,1.0,4.0,1.0,0.17958305800292618,0.25278738756725655
1030,0.9939102564102563,0.9434523809523809,1.53125,6.0,1.0,0.1792182048375777,0.2535961913141701,0.9953754578754578,0.9563492063492064,1.21875,5.0,1.0,0.1792182048375777,0.2535961913141701
1031,0.9961996336996336,0.9593253968253969,1.0625,6.0,1.0,0.3779983343188148,0.3889991671594074,0.9963827838827837,0.9642857142857143,1.03125,5.0,1.0,0.3779983343188148,0.3889991671594074
1032,0.9866300366300367,0.9156746031746031,2.125,8.0,1.0,0.2964575837280592,0.3295654789732491,0.9988553113553114,0.9821428571428571,0.53125,3.0,1.0,0.2964575837280592,0.3295654789732491
1033,0.9950091575091573,0.9513888888888888,1.28125,5.0,1.0,0.138859094593817,0.23756179231069582,0.9980769230769231,0.976190476190476,0.71875,4.0,1.0,0.138859094593817,0.23756179231069582
1034,0.987912087912088,0.9146825396825395,2.1875,8.0,0.8181818181818182,0.4125831972873898,0.35022712350862445,0.994734432234432,0.9474206349206349,1.375,5.0,0.8181818181818182,0.4125831972873898,0.35022712350862445
1035,0.9948717948717947,0.9513888888888888,1.3125,5.0,1.0,0.15987502281944863,0.23434448197648391,0.9980769230769231,0.9742063492063492,0.78125,3.0,1.0,0.15987502281944863,0.23434448197648391
1036,0.9907967032967033,0.933531746031746,1.6875,8.0,0.8181818181818182,0.1846307691627146,0.25431666273177794,0.9969780219780219,0.9662698412698413,1.0,4.0,0.8181818181818182,0.1846307691627146,0.25431666273177794
1037,0.9887820512820512,0.9206349206349207,2.125,8.0,0.8181818181818182,0.29989398728319033,0.2941114341592672,0.9966575091575092,0.9593253968253969,1.0625,4.0,0.8181818181818182,0.29989398728319033,0.2941114341592672
1038,0.9942765567765566,0.9494047619047619,1.375,6.0,1.0,0.33626190794201816,0.35933159430334816,0.99775641025641,0.9722222222222222,0.78125,3.0,1.0,0.33626190794201816,0.35933159430334816
1039,0.9802197802197802,0.8958333333333333,2.59375,11.0,0.8181818181818182,0.22526563077145229,0.2749510228985442,0.9902930402930401,0.9325396825396824,1.6875,12.0,0.8181818181818182,0.22526563077145229,0.2749510228985442
1040,0.981639194139194,0.9017857142857142,2.5,11.0,1.0,0.3114127334780087,0.26604009572097376,0.9975274725274724,0.9702380952380952,0.9375,4.0,1.0,0.3114127334780087,0.26604009572097376
1041,0.9736721611721612,0.8809523809523809,2.96875,13.0,1.0,0.31987198331426486,0.2935976881032041,0.9901098901098901,0.9434523809523809,1.53125,13.0,1.0,0.31987198331426486,0.2935976881032041
1042,0.9873626373626372,0.9196428571428571,2.0625,8.0,1.0,0.27218083111562524,0.3179351822255631,0.9988095238095237,0.9821428571428571,0.5625,3.0,1.0,0.27218083111562524,0.3179351822255631
1043,0.9885073260073259,0.9166666666666666,2.09375,8.0,0.8181818181818182,0.2502138362369659,0.30159206090029933,0.994734432234432,0.9474206349206349,1.40625,5.0,0.8181818181818182,0.2502138362369659,0.30159206090029933
1044,0.9806776556776557,0.8928571428571428,2.71875,10.0,0.8181818181818182,0.3409163673260125,0.296230814395841,0.9963369963369962,0.9593253968253969,1.15625,4.0,0.8181818181818182,0.3409163673260125,0.296230814395841
1045,0.9905219780219778,0.9305555555555556,1.78125,7.0,1.0,0.24395863064224932,0.2869996783173632,0.9996336996336995,0.9930555555555555,0.21875,2.0,1.0,0.24395863064224932,0.2869996783173632
1046,0.9917582417582417,0.9345238095238094,1.75,7.0,0.8181818181818182,0.3161978207035381,0.3544698830515397,0.9937728937728937,0.9474206349206349,1.375,8.0,0.8181818181818182,0.3161978207035381,0.3544698830515397
1047,0.9526098901098901,0.8482142857142856,3.875,29.0,0.6666666666666666,0.27303593160569073,0.32280730062695523,0.9586996336996336,0.8730158730158729,3.25,29.0,0.6666666666666666,0.27303593160569073,0.32280730062695523
1048,0.9945970695970694,0.9494047619047619,1.40625,6.0,1.0,0.3189808648638574,0.3594904324319287,0.9967490842490841,0.9623015873015872,1.03125,4.0,1.0,0.3189808648638574,0.3594904324319287
1049,0.9778846153846155,0.8888888888888888,2.78125,10.0,0.8181818181818182,0.42551230327188966,0.38506370052679223,0.990613553113553,0.929563492063492,1.78125,11.0,0.8181818181818182,0.42551230327188966,0.38506370052679223
1050,0.98264652014652,0.9017857142857142,2.5625,15.0,0.8181818181818182,0.26640010462967856,0.330419603128147,0.9828754578754578,0.9226190476190474,1.90625,21.0,0.8181818181818182,0.26640010462967856,0.330419603128147
1051,0.9916666666666665,0.9355158730158729,1.78125,7.0,1.0,0.2174912606148669,0.2882672798967739,0.9969322344322342,0.9662698412698413,0.96875,5.0,1.0,0.2174912606148669,0.2882672798967739
1052,0.9937728937728937,0.9454365079365078,1.46875,6.0,1.0,0.2534056623605676,0.31452889361802233,0.9987179487179487,0.9821428571428571,0.53125,3.0,1.0,0.2534056623605676,0.31452889361802233
1053,0.9872710622710622,0.9176587301587302,2.1875,8.0,1.0,0.18680926158595515,0.26797599869465466,0.9978937728937727,0.976190476190476,0.75,5.0,1.0,0.18680926158595515,0.26797599869465466
1054,0.9892399267399264,0.9216269841269841,1.96875,8.0,0.8181818181818182,0.2555698401806358,0.27227813146203367,0.9982600732600732,0.9742063492063492,0.71875,3.0,0.8181818181818182,0.2555698401806358,0.27227813146203367
1055,0.9780219780219779,0.8878968253968254,2.78125,11.0,0.8181818181818182,0.2801863379714835,0.28542783916808145,0.9884157509157507,0.9226190476190474,2.03125,12.0,0.8181818181818182,0.2801863379714835,0.28542783916808145
1056,0.9908424908424909,0.9325396825396824,1.78125,7.0,1.0,0.26436691735364504,0.31690926324344576,0.9992216117216116,0.9871031746031746,0.40625,2.0,1.0,0.26436691735364504,0.31690926324344576
1057,0.9933608058608058,0.939484126984127,1.59375,7.0,0.6666666666666666,0.41173381973965095,0.4058669098698255,0.9913919413919412,0.9305555555555556,1.65625,8.0,0.6666666666666666,0.41173381973965095,0.4058669098698255
1058,0.982554945054945,0.9027777777777778,2.4375,11.0,1.0,0.3350628915335527,0.3151838773331171,0.9981684981684982,0.9751984126984127,0.78125,3.0,1.0,0.3350628915335527,0.3151838773331171
1059,0.9923076923076922,0.9464285714285714,1.5,12.0,1.0,0.15575284822194937,0.26627276635707775,0.986675824175824,0.9355158730158729,1.625,18.0,1.0,0.15575284822194937,0.26627276635707775
1060,0.9930402930402931,0.9444444444444444,1.5,6.0,1.0,0.232626932832188,0.3150402632900961,0.9980769230769231,0.9732142857142856,0.78125,4.0,1.0,0.232626932832188,0.3150402632900961
1061,0.9873168498168498,0.9146825396825395,2.125,8.0,1.0,0.3199959208846107,0.3032228375238741,0.9988553113553114,0.9811507936507935,0.59375,2.0,1.0,0.3199959208846107,0.3032228375238741
1062,0.9848443223443222,0.9117063492063491,2.40625,10.0,0.6666666666666666,0.34516287934586193,0.3331390663592584,0.9886904761904761,0.9206349206349207,1.9375,10.0,0.6666666666666666,0.34516287934586193,0.3331390663592584
1063,0.9924908424908423,0.9345238095238094,1.75,6.0,0.8181818181818182,0.14794931295705338,0.2435734534005695,0.9936355311355312,0.941468253968254,1.59375,6.0,0.8181818181818182,0.14794931295705338,0.2435734534005695
1064,0.9929945054945054,0.9404761904761904,1.59375,7.0,1.0,0.2470568862715057,0.2628020062193673,0.9968406593406592,0.9652777777777777,1.03125,4.0,1.0,0.2470568862715057,0.2628020062193673
1065,0.9955586080586079,0.9553571428571428,1.15625,6.0,1.0,0.23660223034108832,0.29953726741221887,0.9913003663003662,0.9365079365079365,1.71875,6.0,1.0,0.23660223034108832,0.29953726741221887
1066,0.9927655677655676,0.9404761904761904,1.5625,7.0,1.0,0.2653389677503956,0.3207270292058139,0.9967032967032966,0.9632936507936507,1.0,5.0,1.0,0.2653389677503956,0.3207270292058139
1067,0.9867216117216117,0.9156746031746031,2.125,9.0,0.8181818181818182,0.3645541885280438,0.3715672652535083,0.9920787545787544,0.9365079365079365,1.53125,10.0,0.8181818181818182,0.3645541885280438,0.3715672652535083
1068,0.9952838827838826,0.9543650793650793,1.3125,5.0,0.8181818181818182,0.08405191977027232,0.23732824835151034,0.9894688644688644,0.9255952380952381,1.9375,10.0,0.8181818181818182,0.08405191977027232,0.23732824835151034
1069,0.9954670329670329,0.9543650793650793,1.28125,6.0,1.0,0.21374463880898556,0.2960431189425275,0.9945970695970694,0.9474206349206349,1.4375,5.0,1.0,0.21374463880898556,0.2960431189425275
1070,0.9867673992673991,0.9166666666666666,2.21875,10.0,0.8181818181818182,0.2765891136798821,0.3132236072971586,0.9968406593406592,0.9632936507936507,1.03125,4.0,0.8181818181818182,0.2765891136798821,0.3132236072971586
1071,0.985668498168498,0.9146825396825395,2.1875,10.0,1.0,0.2909704004978003,0.30249531151207154,0.9980769230769231,0.9732142857142856,0.8125,3.0,1.0,0.2909704004978003,0.30249531151207154
1072,0.9797619047619047,0.8928571428571428,2.65625,11.0,0.8181818181818182,0.303958443259977,0.30651193649799413,0.9890109890109888,0.923611111111111,1.90625,12.0,0.8181818181818182,0.303958443259977,0.30651193649799413
1073,0.9804945054945052,0.8988095238095237,2.5625,12.0,1.0,0.3191653474630162,0.27159473167422316,0.9971153846153845,0.9672619047619048,1.03125,4.0,1.0,0.3191653474630162,0.27159473167422316
1074,0.9853021978021977,0.9107142857142857,2.34375,10.0,1.0,0.25851236864610705,0.26013349826191834,0.9970238095238094,0.9632936507936507,1.03125,4.0,1.0,0.25851236864610705,0.26013349826191834
1075,0.9799450549450549,0.9007936507936508,2.65625,15.0,1.0,0.24567676210938305,0.2740637072684503,0.9827380952380951,0.933531746031746,1.8125,18.0,1.0,0.24567676210938305,0.2740637072684503
1076,0.9918040293040291,0.9355158730158729,1.65625,7.0,1.0,0.3203701037097042,0.35289913960198166,0.9994505494505495,0.9900793650793651,0.28125,2.0,1.0,0.3203701037097042,0.35289913960198166
1077,0.9886446886446886,0.9246031746031745,1.9375,8.0,1.0,0.26483862546384407,0.30790990333699364,0.9996794871794871,0.9930555555555555,0.21875,1.0,1.0,0.26483862546384407,0.30790990333699364
1078,0.9812271062271061,0.8988095238095237,2.53125,10.0,1.0,0.2927453401686193,0.2611436625101522,0.9975274725274724,0.9692460317460317,0.90625,4.0,1.0,0.2927453401686193,0.2611436625101522
1079,0.9938644688644689,0.9454365079365078,1.5,6.0,0.8181818181818182,0.36210503816677103,0.3810525190833855,0.9943223443223441,0.9464285714285714,1.375,6.0,0.8181818181818182,0.36210503816677103,0.3810525190833855
1080,0.9870421245421244,0.9176587301587302,2.09375,9.0,1.0,0.2356304448591558,0.2538201341727214,0.9993131868131866,0.986111111111111,0.4375,2.0,1.0,0.2356304448591558,0.2538201341727214
1081,0.9902014652014651,0.9285714285714286,1.90625,8.0,1.0,0.3539635987504271,0.37698179937521353,0.99775641025641,0.9712301587301586,0.78125,4.0,1.0,0.3539635987504271,0.37698179937521353
1082,0.9919413919413917,0.9384920634920635,1.59375,8.0,1.0,0.2008057890782601,0.26618638891366014,0.9975274725274724,0.9712301587301586,0.8125,4.0,1.0,0.2008057890782601,0.26618638891366014
1083,0.9924450549450549,0.941468253968254,1.53125,7.0,1.0,0.3445098805853489,0.36928072880184815,0.9989010989010987,0.9821428571428571,0.53125,3.0,1.0,0.3445098805853489,0.36928072880184815
1084,0.9961996336996336,0.9623015873015872,1.0,6.0,1.0,0.19345950258570743,0.2928141492317903,0.996565934065934,0.9652777777777777,0.9375,5.0,1.0,0.19345950258570743,0.2928141492317903
1085,0.9763278388278388,0.8819444444444444,3.0,15.0,0.6666666666666666,0.36857483040434624,0.31366956006912333,0.9832875457875456,0.9067460317460316,2.25,16.0,0.6666666666666666,0.36857483040434624,0.31366956006912333
1086,0.9631868131868131,0.8472222222222222,3.6875,19.0,0.5384615384615384,0.4807369160963957,0.3745388583136234,0.9716117216117215,0.8759920634920634,2.96875,20.0,0.5384615384615384,0.4807369160963957,0.3745388583136234
1087,0.9892857142857141,0.9226190476190474,2.09375,8.0,0.8181818181818182,0.3379239206299917,0.32739452077452325,0.9958791208791208,0.9553571428571428,1.1875,5.0,0.8181818181818182,0.3379239206299917,0.32739452077452325
1088,0.9828296703296703,0.8988095238095237,2.625,9.0,0.8181818181818182,0.3406748375975999,0.30205728248397024,0.9964743589743588,0.9593253968253969,1.125,4.0,0.8181818181818182,0.3406748375975999,0.30205728248397024
1089,0.9872710622710622,0.9176587301587302,2.09375,8.0,1.0,0.3423935914312932,0.3268336048602345,0.999267399267399,0.986111111111111,0.4375,2.0,1.0,0.3423935914312932,0.3268336048602345
1090,0.9830586080586079,0.9037698412698412,2.5,10.0,0.8181818181818182,0.24467146648599342,0.3045525167992991,0.9967032967032966,0.9623015873015872,1.15625,5.0,0.8181818181818182,0.24467146648599342,0.3045525167992991
1091,0.9848901098901098,0.9097222222222221,2.34375,10.0,0.8181818181818182,0.28150573246098953,0.2859975301976689,0.997161172161172,0.9642857142857143,1.0,4.0,0.8181818181818182,0.28150573246098953,0.2859975301976689
1092,0.9965201465201465,0.9662698412698413,0.875,6.0,1.0,0.3465784528537384,0.37328922642686924,0.9959249084249083,0.9613095238095238,1.0625,5.0,1.0,0.3465784528537384,0.37328922642686924
1093,0.994459706959707,0.9464285714285714,1.40625,6.0,1.0,0.27489961462272083,0.310981426620122,0.9954670329670329,0.9573412698412698,1.1875,5.0,1.0,0.27489961462272083,0.310981426620122
1094,0.9827838827838826,0.9047619047619047,2.3125,10.0,0.8181818181818182,0.27700819986856273,0.31087220264644194,0.9963369963369962,0.9573412698412698,1.28125,4.0,0.8181818181818182,0.27700819986856273,0.31087220264644194
1095,0.9948260073260071,0.9503968253968254,1.3125,6.0,0.8181818181818182,0.4562113432484063,0.42810567162420315,0.9885531135531134,0.9176587301587302,2.0625,9.0,0.8181818181818182,0.4562113432484063,0.42810567162420315
1096,0.9923992673992673,0.939484126984127,1.65625,7.0,1.0,0.14981485702210728,0.23837890516377247,0.9982142857142856,0.9781746031746031,0.65625,5.0,1.0,0.14981485702210728,0.23837890516377247
1097,0.9585164835164836,0.8680555555555555,3.375,28.0,0.8181818181818182,0.28227810851885227,0.2952854802307757,0.9631868131868131,0.8968253968253967,2.625,28.0,0.8181818181818182,0.28227810851885227,0.2952854802307757
1098,0.9809065934065934,0.8958333333333333,2.6875,10.0,0.8181818181818182,0.2545423772947679,0.28883367580623986,0.9963369963369962,0.9603174603174602,1.125,4.0,0.8181818181818182,0.2545423772947679,0.28883367580623986
1099,0.9907509157509157,0.9325396825396824,1.78125,8.0,1.0,0.31369421927631,0.3419884280217002,0.9993131868131866,0.9890873015873015,0.28125,3.0,1.0,0.31369421927631,0.3419884280217002
1100,0.9824633699633698,0.9017857142857142,2.46875,10.0,1.0,0.2520349910576813,0.26426949710070463,0.9974358974358973,0.9682539682539681,0.9375,4.0,1.0,0.2520349910576813,0.26426949710070463
1101,0.9902930402930401,0.9305555555555556,1.875,8.0,1.0,0.1905135997555617,0.25839383108648983,0.9976190476190474,0.9771825396825397,0.625,5.0,1.0,0.1905135997555617,0.25839383108648983
1102,0.9858974358974358,0.9136904761904762,2.21875,10.0,1.0,0.2903598751697809,0.2666270819783225,0.999084249084249,0.984126984126984,0.5,2.0,1.0,0.2903598751697809,0.2666270819783225
1103,0.9616300366300365,0.861111111111111,3.5,25.0,0.8181818181818182,0.24189595904521438,0.30759093948290883,0.9677655677655677,0.8859126984126984,2.875,25.0,0.8181818181818182,0.24189595904521438,0.30759093948290883
1104,0.9837454212454211,0.9047619047619047,2.5625,9.0,0.8181818181818182,0.3678732657787833,0.34292789740991847,0.9968864468864468,0.9632936507936507,1.09375,3.0,0.8181818181818182,0.3678732657787833,0.34292789740991847
1105,0.9852564102564101,0.9097222222222221,2.375,10.0,1.0,0.22366962823784456,0.2638775046214631,0.9963827838827837,0.9722222222222222,0.84375,8.0,1.0,0.22366962823784456,0.2638775046214631
1106,0.9883241758241756,0.9226190476190474,2.0625,8.0,1.0,0.21632478663674093,0.28961489474943025,0.9985347985347984,0.9811507936507935,0.59375,5.0,1.0,0.21632478663674093,0.28961489474943025
1107,0.8382326007326006,0.816468253968254,4.5625,51.0,0.8181818181818182,0.41477051634092904,0.2890881473127646,0.823076923076923,0.8095238095238094,4.6875,54.0,0.8181818181818182,0.41477051634092904,0.2890881473127646
1108,0.9876831501831501,0.9206349206349207,2.0625,8.0,1.0,0.3135082110295645,0.3101210076497116,0.9994963369963369,0.9890873015873015,0.34375,1.0,1.0,0.3135082110295645,0.3101210076497116
1109,0.9725732600732598,0.8710317460317459,3.125,12.0,0.8181818181818182,0.2884733091805616,0.28846680982692663,0.9875457875457875,0.9156746031746031,2.09375,12.0,0.8181818181818182,0.2884733091805616,0.28846680982692663
1110,0.9619047619047618,0.8581349206349206,3.59375,19.0,1.0,0.3301395492272489,0.29850443067392385,0.9758699633699633,0.9166666666666666,2.21875,19.0,1.0,0.3301395492272489,0.29850443067392385
1111,0.985576923076923,0.9097222222222221,2.3125,12.0,0.6666666666666666,0.34203607842370076,0.33880493798836386,0.9868131868131866,0.9166666666666666,1.96875,13.0,0.6666666666666666,0.34203607842370076,0.33880493798836386
1112,0.9934065934065933,0.9384920634920635,1.59375,6.0,1.0,0.22961652078046435,0.27241458272370167,0.9969322344322342,0.9652777777777777,0.96875,4.0,1.0,0.22961652078046435,0.27241458272370167
1113,0.9871336996336993,0.9186507936507936,2.125,10.0,0.8181818181818182,0.3587781613832428,0.36013226383923685,0.9945054945054944,0.9494047619047619,1.28125,7.0,0.8181818181818182,0.3587781613832428,0.36013226383923685
1114,0.9945970695970694,0.9503968253968254,1.375,6.0,0.8181818181818182,0.22265987403572568,0.30060661958388807,0.9956043956043955,0.9553571428571428,1.1875,5.0,0.8181818181818182,0.22265987403572568,0.30060661958388807
1115,0.9858516483516482,0.9156746031746031,2.125,10.0,0.8181818181818182,0.2690610721419145,0.3063500536902862,0.9974358974358973,0.9662698412698413,0.96875,4.0,0.8181818181818182,0.2690610721419145,0.3063500536902862
1116,0.9843406593406593,0.9077380952380952,2.3125,9.0,1.0,0.23362399005832818,0.2565815584505852,0.9977106227106226,0.9722222222222222,0.8125,4.0,1.0,0.23362399005832818,0.2565815584505852
1117,0.9934523809523808,0.9454365079365078,1.46875,7.0,1.0,0.218387351895668,0.28767314140396055,0.9967032967032966,0.9642857142857143,1.0,5.0,1.0,0.218387351895668,0.28767314140396055
1118,0.8408882783882783,0.810515873015873,4.75,48.0,0.8181818181818182,0.4278829895072258,0.3000657335996745,0.8300824175824175,0.8293650793650793,4.65625,54.0,0.8181818181818182,0.4278829895072258,0.3000657335996745
1119,0.9896520146520146,0.923611111111111,1.96875,7.0,0.8181818181818182,0.2506853349388055,0.2718055235339109,0.9982600732600732,0.9742063492063492,0.71875,3.0,0.8181818181818182,0.2506853349388055,0.2718055235339109
1120,0.9900183150183148,0.9255952380952381,1.9375,7.0,1.0,0.3696623684191448,0.3590611171250341,0.9988095238095237,0.9801587301587301,0.59375,2.0,1.0,0.3696623684191448,0.3590611171250341
1121,0.9926282051282049,0.9404761904761904,1.53125,6.0,0.8181818181818182,0.30443592431265765,0.35221796215632883,0.9945512820512821,0.9513888888888888,1.28125,6.0,0.8181818181818182,0.30443592431265765,0.35221796215632883
1122,0.988186813186813,0.9206349206349207,2.125,10.0,0.6666666666666666,0.39749258908970964,0.39509819635292703,0.9883241758241756,0.9196428571428571,1.9375,11.0,0.6666666666666666,0.39749258908970964,0.39509819635292703
1123,0.981639194139194,0.8998015873015873,2.5,10.0,1.0,0.31765662537694117,0.30527724196385153,0.9976648351648351,0.9702380952380952,0.875,4.0,1.0,0.31765662537694117,0.30527724196385153
1124,0.9736263736263735,0.8809523809523809,3.0625,14.0,0.8181818181818182,0.2840841017619534,0.2936793393931215,0.9883241758241756,0.927579365079365,1.96875,14.0,0.8181818181818182,0.2840841017619534,0.2936793393931215
1125,0.9862179487179485,0.9107142857142857,2.28125,9.0,0.8181818181818182,0.38796032381470386,0.3494313564166506,0.9983516483516482,0.9771825396825397,0.6875,3.0,0.8181818181818182,0.38796032381470386,0.3494313564166506
1126,0.9908424908424909,0.933531746031746,1.71875,8.0,1.0,0.38427660024897814,0.392138300124489,0.9978021978021977,0.9702380952380952,0.8125,4.0,1.0,0.38427660024897814,0.392138300124489
1127,0.9866300366300367,0.9186507936507936,2.1875,10.0,0.8181818181818182,0.268036048106058,0.2882112404990976,0.9938186813186812,0.9454365079365078,1.4375,7.0,0.8181818181818182,0.268036048106058,0.2882112404990976
1128,0.989423076923077,0.927579365079365,1.90625,8.0,1.0,0.2914868433792992,0.3371844133479794,0.9999999999999998,1.0,0.0,0.0,1.0,0.2914868433792992,0.3371844133479794
1129,0.9938186813186812,0.9444444444444444,1.4375,6.0,1.0,0.31265553883715425,0.356327769418577,0.9984890109890108,0.9791666666666667,0.625,3.0,1.0,0.31265553883715425,0.356327769418577
1130,0.9947802197802197,0.9523809523809523,1.3125,6.0,1.0,0.20413392781834724,0.26794285660286105,0.9973901098901098,0.9692460317460317,0.875,4.0,1.0,0.20413392781834724,0.26794285660286105
1131,0.9699633699633698,0.8670634920634921,3.3125,12.0,0.8181818181818182,0.3623737629672182,0.33395470933429283,0.9864468864468864,0.929563492063492,1.90625,14.0,0.8181818181818182,0.3623737629672182,0.33395470933429283
1132,0.9882326007326007,0.9166666666666666,2.15625,8.0,0.8181818181818182,0.40484028271040545,0.35207921577364376,0.9959249084249083,0.9573412698412698,1.1875,5.0,0.8181818181818182,0.40484028271040545,0.35207921577364376
1133,0.9827838827838826,0.9047619047619047,2.4375,10.0,1.0,0.28523105221525036,0.2631100621684382,0.9980769230769231,0.9732142857142856,0.8125,3.0,1.0,0.28523105221525036,0.2631100621684382
1134,0.984065934065934,0.9007936507936508,2.4375,9.0,0.8181818181818182,0.36226791265407776,0.2959875880079959,0.9965201465201465,0.9613095238095238,1.03125,5.0,0.8181818181818182,0.36226791265407776,0.2959875880079959
1135,0.9909798534798533,0.9305555555555556,1.8125,7.0,1.0,0.2920512813474499,0.2988389684582478,0.9989010989010987,0.9811507936507935,0.53125,2.0,1.0,0.2920512813474499,0.2988389684582478
1136,0.9895604395604396,0.923611111111111,2.03125,8.0,0.8181818181818182,0.18068837980813407,0.25644549945699807,0.9933150183150181,0.9404761904761904,1.59375,7.0,0.8181818181818182,0.18068837980813407,0.25644549945699807
1137,0.9852564102564101,0.9097222222222221,2.25,10.0,1.0,0.21547919920305,0.2516708972407948,0.9982600732600732,0.9742063492063492,0.78125,3.0,1.0,0.21547919920305,0.2516708972407948
1138,0.9918956043956043,0.9404761904761904,1.53125,7.0,0.8181818181818182,0.19495671040949972,0.27478275900205296,0.9966117216117215,0.9632936507936507,1.0625,5.0,0.8181818181818182,0.19495671040949972,0.27478275900205296
1139,0.9799908424908426,0.8948412698412699,2.71875,11.0,0.8181818181818182,0.3983967257173644,0.3636194948476468,0.9897435897435897,0.929563492063492,1.75,12.0,0.8181818181818182,0.3983967257173644,0.3636194948476468
1140,0.9787545787545786,0.8918650793650793,2.65625,10.0,1.0,0.31966593421541084,0.3060793674444185,0.995970695970696,0.9583333333333333,1.1875,5.0,1.0,0.31966593421541084,0.3060793674444185
1141,0.9868131868131866,0.9176587301587302,2.0625,9.0,1.0,0.26007255078362335,0.3145790194644192,0.9978021978021977,0.9702380952380952,0.90625,4.0,1.0,0.26007255078362335,0.3145790194644192
1142,0.984157509157509,0.9087301587301587,2.375,10.0,1.0,0.24024257719061062,0.274993205739398,0.9972985347985347,0.9712301587301586,0.90625,5.0,1.0,0.24024257719061062,0.274993205739398
1143,0.9905219780219778,0.9265873015873015,1.875,7.0,1.0,0.3516334867181846,0.34429343427111403,0.9984432234432232,0.9751984126984127,0.6875,2.0,1.0,0.3516334867181846,0.34429343427111403
1144,0.989606227106227,0.9285714285714286,1.875,8.0,1.0,0.21462802044421572,0.24916857404568415,0.9998626373626371,0.9970238095238095,0.09375,1.0,1.0,0.21462802044421572,0.24916857404568415
1145,0.9885531135531134,0.9186507936507936,2.15625,8.0,0.8181818181818182,0.40625891551073257,0.3636796178447805,0.9967490842490841,0.9632936507936507,1.03125,4.0,0.8181818181818182,0.40625891551073257,0.3636796178447805
1146,0.9925824175824175,0.9374999999999999,1.65625,7.0,1.0,0.30360114147452355,0.32349454882326306,0.9983516483516482,0.9781746031746031,0.65625,3.0,1.0,0.30360114147452355,0.32349454882326306
1147,0.9958333333333333,0.9563492063492064,1.1875,6.0,1.0,0.13668128919318262,0.2602628474132342,0.9953754578754578,0.9553571428571428,1.25,5.0,1.0,0.13668128919318262,0.2602628474132342
1148,0.9868131868131866,0.9166666666666666,2.09375,8.0,1.0,0.28620281982180173,0.33016595109763813,0.9986263736263734,0.9791666666666667,0.65625,3.0,1.0,0.28620281982180173,0.33016595109763813
1149,0.984981684981685,0.9037698412698412,2.4375,9.0,0.8181818181818182,0.33153643916448494,0.2886335490111921,0.995970695970696,0.9543650793650793,1.21875,5.0,0.8181818181818182,0.33153643916448494,0.2886335490111921
1150,0.9903846153846152,0.931547619047619,1.8125,8.0,1.0,0.28920850721318914,0.31928440922840196,0.9993589743589743,0.9900793650793651,0.28125,3.0,1.0,0.28920850721318914,0.31928440922840196
1151,0.9859432234432235,0.9156746031746031,2.15625,10.0,1.0,0.2807906708656758,0.31136207196527,0.9991300366300366,0.984126984126984,0.46875,2.0,1.0,0.2807906708656758,0.31136207196527
1152,0.9838369963369963,0.9057539682539683,2.3125,10.0,0.8181818181818182,0.3009725840500075,0.3166625091043737,0.9945970695970694,0.9484126984126985,1.40625,6.0,0.8181818181818182,0.3009725840500075,0.3166625091043737
1153,0.9917124542124541,0.9374999999999999,1.625,8.0,1.0,0.25530393211745633,0.3176704996543066,0.9982600732600732,0.976190476190476,0.65625,4.0,1.0,0.25530393211745633,0.3176704996543066
1154,0.9937271062271062,0.9474206349206349,1.375,6.0,1.0,0.13735799242794575,0.24087478107119975,0.9966117216117215,0.9623015873015872,1.09375,5.0,1.0,0.13735799242794575,0.24087478107119975
1155,0.9717948717948717,0.8878968253968254,2.9375,18.0,1.0,0.2528152372030026,0.26418616055028327,0.9777472527472526,0.9404761904761904,1.78125,20.0,1.0,0.2528152372030026,0.26418616055028327
1156,0.9815476190476189,0.8978174603174603,2.5625,10.0,1.0,0.2672716463714027,0.2575426530338408,0.9964743589743588,0.9623015873015872,1.09375,6.0,1.0,0.2672716463714027,0.2575426530338408
1157,0.9945970695970694,0.9484126984126985,1.375,6.0,1.0,0.2747851076707668,0.2978033312055383,0.996062271062271,0.9613095238095238,1.09375,5.0,1.0,0.2747851076707668,0.2978033312055383
1158,0.9897435897435897,0.9226190476190474,2.03125,7.0,0.8181818181818182,0.209162224124204,0.30073764073637527,0.9945512820512821,0.9454365079365078,1.3125,6.0,0.8181818181818182,0.209162224124204,0.30073764073637527
1159,0.9921703296703295,0.9365079365079365,1.65625,7.0,1.0,0.24672987230842996,0.29960087335990426,0.9988553113553114,0.9811507936507935,0.53125,3.0,1.0,0.24672987230842996,0.29960087335990426
1160,0.994459706959707,0.9484126984126985,1.4375,5.0,1.0,0.14138497793518476,0.24578306932827418,0.9978021978021977,0.9751984126984127,0.75,5.0,1.0,0.14138497793518476,0.24578306932827418
1161,0.9856227106227103,0.9136904761904762,2.1875,10.0,0.8181818181818182,0.27494860121278347,0.30041235359587787,0.9934065934065933,0.9444444444444444,1.40625,9.0,0.8181818181818182,0.27494860121278347,0.30041235359587787
1162,0.9766483516483515,0.8799603174603174,3.0625,12.0,0.6666666666666666,0.37419095615646314,0.3155146738573639,0.9900641025641025,0.9226190476190474,1.96875,7.0,0.6666666666666666,0.37419095615646314,0.3155146738573639
1163,0.9884615384615383,0.923611111111111,1.9375,9.0,1.0,0.358440688804758,0.379220344402379,0.9981684981684982,0.9742063492063492,0.78125,3.0,1.0,0.358440688804758,0.379220344402379
1164,0.9817307692307692,0.8998015873015873,2.53125,10.0,0.8181818181818182,0.39688743735568005,0.3393645546200515,0.9976648351648351,0.9682539682539681,0.90625,3.0,0.8181818181818182,0.39688743735568005,0.3393645546200515
1165,0.9889652014652014,0.9246031746031745,2.0625,7.0,1.0,0.25025451597715775,0.3045123225993214,0.9972069597069595,0.9692460317460317,0.90625,4.0,1.0,0.25025451597715775,0.3045123225993214
1166,0.9809523809523808,0.8988095238095237,2.6875,10.0,0.6666666666666666,0.3506930601031336,0.32983828154812167,0.9895604395604396,0.927579365079365,1.84375,11.0,0.6666666666666666,0.3506930601031336,0.32983828154812167
1167,0.9868589743589743,0.9166666666666666,2.1875,10.0,0.8181818181818182,0.29833293893875135,0.3146532102822028,0.9939560439560439,0.9454365079365078,1.40625,7.0,0.8181818181818182,0.29833293893875135,0.3146532102822028
1168,0.9823717948717947,0.8988095238095237,2.5625,10.0,1.0,0.2492960312295587,0.2725845986185427,0.9951923076923076,0.9613095238095238,1.125,8.0,1.0,0.2492960312295587,0.2725845986185427
1169,0.9856227106227103,0.9126984126984127,2.15625,9.0,1.0,0.29167556411489304,0.34236602647321734,0.9973901098901098,0.9652777777777777,1.0625,4.0,1.0,0.29167556411489304,0.34236602647321734
1170,0.986675824175824,0.9176587301587302,2.125,10.0,0.8181818181818182,0.20922457368692385,0.25220092075292666,0.9951465201465202,0.9523809523809523,1.21875,6.0,0.8181818181818182,0.20922457368692385,0.25220092075292666
1171,0.9920787545787544,0.9384920634920635,1.59375,7.0,1.0,0.26961246635122965,0.32850672747779613,0.9993131868131866,0.9871031746031746,0.375,2.0,1.0,0.26961246635122965,0.32850672747779613
1172,0.9632783882783881,0.8551587301587301,3.65625,17.0,0.8181818181818182,0.30624109783770737,0.3214445920544942,0.9788461538461537,0.8938492063492063,2.65625,17.0,0.8181818181818182,0.30624109783770737,0.3214445920544942
1173,0.9656593406593406,0.8730158730158729,3.1875,20.0,1.0,0.2994004238279143,0.2898830201118317,0.9726648351648349,0.933531746031746,1.84375,23.0,1.0,0.2994004238279143,0.2898830201118317
1174,0.9782967032967032,0.8859126984126984,2.75,13.0,0.6666666666666666,0.4081312006764828,0.3647306409498185,0.9861263736263735,0.9146825396825395,2.0625,14.0,0.6666666666666666,0.4081312006764828,0.3647306409498185
1175,0.9820054945054942,0.8978174603174603,2.5625,10.0,0.8181818181818182,0.32910809276165187,0.2983408124470874,0.9971153846153845,0.9662698412698413,0.96875,4.0,0.8181818181818182,0.32910809276165187,0.2983408124470874
1176,0.9928571428571427,0.941468253968254,1.5625,7.0,1.0,0.16085360551111647,0.26575425972731453,0.9979853479853479,0.976190476190476,0.71875,5.0,1.0,0.16085360551111647,0.26575425972731453
1177,0.991208791208791,0.9355158730158729,1.6875,7.0,0.8181818181818182,0.28603073728732625,0.3393570276747858,0.9942307692307691,0.9503968253968254,1.375,7.0,0.8181818181818182,0.28603073728732625,0.3393570276747858
1178,0.9868131868131866,0.9166666666666666,2.09375,8.0,1.0,0.21007464550401211,0.25768368640479256,0.9983974358974358,0.9751984126984127,0.75,3.0,1.0,0.21007464550401211,0.25768368640479256
1179,0.9809981684981685,0.8978174603174603,2.53125,10.0,1.0,0.3099858007071342,0.3025005577905494,0.9972527472527473,0.9662698412698413,0.96875,4.0,1.0,0.3099858007071342,0.3025005577905494
1180,0.9874999999999998,0.9186507936507936,2.03125,8.0,1.0,0.3390103262009212,0.36950516310046055,0.9987637362637363,0.9811507936507935,0.59375,3.0,1.0,0.3390103262009212,0.36950516310046055
1181,0.9853479853479853,0.9126984126984127,2.25,10.0,1.0,0.28893181259255696,0.27375353127139995,0.999175824175824,0.9851190476190476,0.46875,2.0,1.0,0.28893181259255696,0.27375353127139995
1182,0.9927197802197801,0.939484126984127,1.65625,6.0,1.0,0.2908118793936632,0.3454059396968316,0.9951007326007326,0.9543650793650793,1.28125,6.0,1.0,0.2908118793936632,0.3454059396968316
1183,0.9782967032967032,0.8888888888888888,2.75,11.0,0.8181818181818182,0.40742118140171985,0.3802258483228315,0.9883241758241756,0.9196428571428571,2.0,12.0,0.8181818181818182,0.40742118140171985,0.3802258483228315
1184,0.8344322344322344,0.8234126984126984,4.53125,52.0,0.6666666666666666,0.40000000000000013,0.289734589852107,0.8149267399267398,0.7886904761904762,5.0,54.0,0.6666666666666666,0.40000000000000013,0.289734589852107
1185,0.9861721611721611,0.9156746031746031,2.21875,10.0,1.0,0.30186385881925415,0.3235254796164838,0.9978021978021977,0.9702380952380952,0.84375,4.0,1.0,0.30186385881925415,0.3235254796164838
1186,0.994047619047619,0.9464285714285714,1.4375,6.0,1.0,0.26022510596656145,0.328396384448927,0.9983058608058608,0.9771825396825397,0.6875,3.0,1.0,0.26022510596656145,0.328396384448927
1187,0.9807692307692307,0.8968253968253967,2.625,11.0,0.8181818181818182,0.3826399063005149,0.35196681287833353,0.9908882783882783,0.933531746031746,1.625,12.0,0.8181818181818182,0.3826399063005149,0.35196681287833353
1188,0.9864468864468864,0.9156746031746031,2.125,9.0,1.0,0.23303377303395686,0.27933236731648753,0.9977106227106226,0.9682539682539681,0.9375,4.0,1.0,0.23303377303395686,0.27933236731648753
1189,0.9823717948717947,0.9007936507936508,2.46875,10.0,1.0,0.1974805830076218,0.2536012889716319,0.9953754578754578,0.9533730158730157,1.40625,5.0,1.0,0.1974805830076218,0.2536012889716319
1190,0.9873626373626372,0.9156746031746031,2.15625,8.0,0.8181818181818182,0.3550816195858807,0.3234935434544265,0.9981684981684982,0.9742063492063492,0.75,3.0,0.8181818181818182,0.3550816195858807,0.3234935434544265
1191,0.9830128205128205,0.9067460317460316,2.53125,10.0,1.0,0.251268965606368,0.27948915048516515,0.9909798534798533,0.9593253968253969,1.15625,14.0,1.0,0.251268965606368,0.27948915048516515
1192,0.9771520146520146,0.8819444444444444,3.0625,10.0,0.8181818181818182,0.3836270862403171,0.3260126917288537,0.9915293040293041,0.9345238095238094,1.75,6.0,0.8181818181818182,0.3836270862403171,0.3260126917288537
1193,0.9732142857142856,0.8740079365079364,3.0625,11.0,0.8181818181818182,0.2993722769544374,0.2722491430481292,0.9913003663003662,0.9325396825396824,1.8125,8.0,0.8181818181818182,0.2993722769544374,0.2722491430481292
1194,0.9784798534798533,0.8918650793650793,2.75,12.0,1.0,0.291198708521869,0.2903870117648434,0.9951465201465202,0.9543650793650793,1.3125,6.0,1.0,0.291198708521869,0.2903870117648434
1195,0.9857142857142855,0.9136904761904762,2.21875,9.0,1.0,0.3145536311552477,0.327288179547125,0.9981684981684982,0.976190476190476,0.71875,3.0,1.0,0.3145536311552477,0.327288179547125
1196,0.9900183150183148,0.927579365079365,1.84375,8.0,1.0,0.24284512787654064,0.2824284198134108,0.9995421245421244,0.9900793650793651,0.3125,1.0,1.0,0.24284512787654064,0.2824284198134108
1197,0.9874542124542124,0.9146825396825395,2.1875,8.0,0.8181818181818182,0.28169092209377844,0.28195218668705074,0.9978479853479852,0.9712301587301586,0.84375,3.0,0.8181818181818182,0.28169092209377844,0.28195218668705074
1198,0.994734432234432,0.9494047619047619,1.34375,6.0,1.0,0.2141683102269986,0.29555123932959826,0.9977106227106226,0.9722222222222222,0.78125,5.0,1.0,0.2141683102269986,0.29555123932959826
1199,0.9876831501831501,0.9166666666666666,2.28125,8.0,0.8181818181818182,0.3238528350662423,0.31764481896154734,0.9957417582417581,0.9553571428571428,1.25,6.0,0.8181818181818182,0.3238528350662423,0.31764481896154734
1200,0.9898351648351646,0.9285714285714286,1.84375,8.0,1.0,0.29532776285659007,0.34484505283491385,0.9996794871794871,0.9930555555555555,0.21875,1.0,1.0,0.29532776285659007,0.34484505283491385
1201,0.9834706959706958,0.9067460317460316,2.40625,9.0,0.8181818181818182,0.1701182859942058,0.24152444619531296,0.9935897435897434,0.9434523809523809,1.59375,7.0,0.8181818181818182,0.1701182859942058,0.24152444619531296
1202,0.9861721611721611,0.9136904761904762,2.25,8.0,1.0,0.21620178123368614,0.2677179099828294,0.9984432234432232,0.9781746031746031,0.6875,3.0,1.0,0.21620178123368614,0.2677179099828294
1203,0.9903388278388278,0.927579365079365,2.0625,7.0,0.8181818181818182,0.33194137264835116,0.3075296115048194,0.9925824175824175,0.9424603174603173,1.625,7.0,0.8181818181818182,0.33194137264835116,0.3075296115048194
1204,0.8527014652014651,0.8124999999999999,4.75,47.0,0.8181818181818182,0.41311103267777904,0.3403160621677245,0.8427197802197801,0.8313492063492064,4.53125,53.0,0.8181818181818182,0.41311103267777904,0.3403160621677245
1205,0.9849358974358972,0.9087301587301587,2.3125,10.0,1.0,0.3251089983240306,0.3121887035810308,0.9978937728937727,0.9712301587301586,0.84375,3.0,1.0,0.3251089983240306,0.3121887035810308
1206,0.9925824175824175,0.9384920634920635,1.625,7.0,1.0,0.29682631067045673,0.30485926164527005,0.9978479853479852,0.9732142857142856,0.78125,3.0,1.0,0.29682631067045673,0.30485926164527005
1207,0.99253663003663,0.941468253968254,1.5625,7.0,1.0,0.2031998948373103,0.2807835992949804,0.9984432234432232,0.9781746031746031,0.65625,3.0,1.0,0.2031998948373103,0.2807835992949804
1208,0.9940934065934065,0.9454365079365078,1.5,6.0,1.0,0.23169916006894323,0.31584958003447167,0.9939102564102563,0.9424603174603173,1.5625,6.0,1.0,0.23169916006894323,0.31584958003447167
1209,0.9945054945054944,0.9484126984126985,1.375,6.0,1.0,0.24380991094228138,0.3033886082570929,0.9968406593406592,0.9652777777777777,1.0,5.0,1.0,0.24380991094228138,0.3033886082570929
1210,0.9904761904761904,0.9285714285714286,1.875,8.0,1.0,0.19635029623060846,0.2582362618653271,0.9970238095238094,0.9692460317460317,0.8125,5.0,1.0,0.19635029623060846,0.2582362618653271
1211,0.987912087912088,0.9216269841269841,2.03125,8.0,1.0,0.32223631230314875,0.3149860212037395,0.9995421245421244,0.9900793650793651,0.3125,1.0,1.0,0.32223631230314875,0.3149860212037395
1212,0.9900641025641025,0.9255952380952381,1.9375,7.0,0.8181818181818182,0.3261726185608284,0.31143358343427235,0.9982142857142856,0.9742063492063492,0.75,3.0,0.8181818181818182,0.3261726185608284,0.31143358343427235
1213,0.9928571428571427,0.941468253968254,1.625,7.0,1.0,0.16842264521620073,0.2713535406596719,0.9978479853479852,0.9742063492063492,0.78125,5.0,1.0,0.16842264521620073,0.2713535406596719
1214,0.9822802197802197,0.8998015873015873,2.5,10.0,0.8181818181818182,0.24688676988820615,0.2671596353736305,0.9930402930402931,0.9404761904761904,1.5,9.0,0.8181818181818182,0.24688676988820615,0.2671596353736305
1215,0.9900183150183148,0.9285714285714286,1.875,8.0,0.8181818181818182,0.1506189674363695,0.25383339588101866,0.9949175824175823,0.9553571428571428,1.34375,6.0,0.8181818181818182,0.1506189674363695,0.25383339588101866
1216,0.9939560439560439,0.9464285714285714,1.4375,6.0,1.0,0.16016684963117767,0.24664461150053946,0.9981227106227105,0.9771825396825397,0.6875,4.0,1.0,0.16016684963117767,0.24664461150053946
1217,0.9870879120879119,0.9146825396825395,2.25,9.0,1.0,0.24330561238240342,0.2759388928127812,0.9982600732600732,0.9751984126984127,0.75,3.0,1.0,0.24330561238240342,0.2759388928127812
1218,0.9801739926739926,0.8958333333333333,2.71875,12.0,0.6666666666666666,0.32777437235624596,0.2977950294760245,0.9862637362637361,0.9126984126984127,2.15625,13.0,0.6666666666666666,0.32777437235624596,0.2977950294760245
1219,0.9915293040293041,0.9345238095238094,1.6875,8.0,1.0,0.22390988416120078,0.2596269898246861,0.9989468864468863,0.9831349206349206,0.5,3.0,1.0,0.22390988416120078,0.2596269898246861
1220,0.9943681318681318,0.9494047619047619,1.34375,6.0,1.0,0.21880440008284063,0.28567285495335987,0.9983974358974358,0.9781746031746031,0.625,3.0,1.0,0.21880440008284063,0.28567285495335987
1221,0.9860347985347985,0.9077380952380952,2.3125,9.0,0.8181818181818182,0.448786221286015,0.3973645141821191,0.9983516483516482,0.976190476190476,0.71875,4.0,0.8181818181818182,0.448786221286015,0.3973645141821191
1222,0.991025641025641,0.931547619047619,1.78125,7.0,0.8181818181818182,0.32524739708825706,0.35310741027923,0.9932234432234431,0.9424603174603173,1.40625,8.0,0.8181818181818182,0.32524739708825706,0.35310741027923
1223,0.9775183150183149,0.8898809523809524,2.71875,12.0,1.0,0.3322604047281114,0.2896923969334548,0.9963827838827837,0.9623015873015872,1.0625,4.0,1.0,0.3322604047281114,0.2896923969334548
1224,0.9942307692307691,0.9484126984126985,1.34375,6.0,1.0,0.2777602462635401,0.33888012313177,0.997161172161172,0.9652777777777777,1.03125,4.0,1.0,0.2777602462635401,0.33888012313177
1225,0.9929945054945054,0.9424603174603173,1.5,7.0,1.0,0.24037346645110827,0.31947913010494844,0.9988553113553114,0.9811507936507935,0.53125,3.0,1.0,0.24037346645110827,0.31947913010494844
1226,0.9891483516483515,0.9265873015873015,1.84375,8.0,1.0,0.29031414811036516,0.34488127605065866,0.9994963369963369,0.9890873015873015,0.34375,1.0,1.0,0.29031414811036516,0.34488127605065866
1227,0.9898351648351646,0.923611111111111,1.9375,7.0,0.8181818181818182,0.34960443325738244,0.33233655257164396,0.9985347985347984,0.976190476190476,0.65625,2.0,0.8181818181818182,0.34960443325738244,0.33233655257164396
1228,0.9935439560439557,0.9434523809523809,1.5,7.0,1.0,0.42314217036414636,0.4052561071680497,0.9956959706959705,0.9563492063492064,1.25,4.0,1.0,0.42314217036414636,0.4052561071680497
1229,0.9857600732600732,0.9146825396825395,2.1875,10.0,1.0,0.2250014583469054,0.2504392124873943,0.9981227106227105,0.9751984126984127,0.75,5.0,1.0,0.2250014583469054,0.2504392124873943
1230,0.9865384615384614,0.9156746031746031,2.15625,9.0,1.0,0.3513509079525028,0.36367008395909006,0.9994505494505495,0.988095238095238,0.375,1.0,1.0,0.3513509079525028,0.36367008395909006
1231,0.9867216117216117,0.9166666666666666,2.15625,8.0,1.0,0.34214825967321316,0.34796760787872083,0.9992216117216116,0.9851190476190476,0.4375,2.0,1.0,0.34214825967321316,0.34796760787872083
1232,0.9924450549450549,0.9404761904761904,1.5625,7.0,0.8181818181818182,0.2668624078043067,0.32092316961597367,0.9966575091575092,0.9652777777777777,0.96875,5.0,0.8181818181818182,0.2668624078043067,0.32092316961597367
1233,0.994459706959707,0.9513888888888888,1.34375,6.0,1.0,0.24342263341564882,0.3174614088316047,0.9967490842490841,0.9642857142857143,1.03125,5.0,1.0,0.24342263341564882,0.3174614088316047
1234,0.9905219780219778,0.929563492063492,1.875,8.0,0.8181818181818182,0.2137923176981475,0.30689615884907373,0.9936355311355312,0.9424603174603173,1.5625,6.0,0.8181818181818182,0.2137923176981475,0.30689615884907373
1235,0.9883241758241756,0.9196428571428571,2.0,12.0,0.6666666666666666,0.4371121358081977,0.41855606790409877,0.9864468864468864,0.9146825396825395,2.03125,13.0,0.6666666666666666,0.4371121358081977,0.41855606790409877
1236,0.9812728937728937,0.8988095238095237,2.5,10.0,1.0,0.2855878513641448,0.2631905959023644,0.9975274725274724,0.9692460317460317,0.875,4.0,1.0,0.2855878513641448,0.2631905959023644
1237,0.9861721611721611,0.9126984126984127,2.28125,8.0,0.8181818181818182,0.2896193690058405,0.28675685909330384,0.9986263736263734,0.9811507936507935,0.59375,3.0,0.8181818181818182,0.2896193690058405,0.28675685909330384
1238,0.9861263736263735,0.9136904761904762,2.15625,9.0,1.0,0.28224190854754005,0.33663811817438033,0.9979395604395603,0.9702380952380952,0.90625,4.0,1.0,0.28224190854754005,0.33663811817438033
1239,0.9869047619047617,0.9186507936507936,2.125,8.0,1.0,0.27306704294918005,0.27458510698226296,0.9993589743589743,0.9871031746031746,0.40625,2.0,1.0,0.27306704294918005,0.27458510698226296
1240,0.9924908424908423,0.9345238095238094,1.71875,7.0,1.0,0.33542337341853656,0.33256293409051674,0.9971153846153845,0.9672619047619048,0.9375,4.0,1.0,0.33542337341853656,0.33256293409051674
1241,0.9893315018315018,0.9255952380952381,1.9375,8.0,0.8181818181818182,0.30736568439760015,0.3446763650854492,0.9976648351648351,0.9702380952380952,0.875,4.0,0.8181818181818182,0.30736568439760015,0.3446763650854492
1242,0.9720238095238095,0.8779761904761905,3.125,16.0,1.0,0.30987220172889796,0.28390888805525666,0.9863553113553112,0.9384920634920635,1.75,16.0,1.0,0.30987220172889796,0.28390888805525666
1243,0.9859890109890108,0.9136904761904762,2.25,10.0,0.8181818181818182,0.24518066967068852,0.26596167683855043,0.9934065934065933,0.9404761904761904,1.46875,7.0,0.8181818181818182,0.24518066967068852,0.26596167683855043
1244,0.9851648351648351,0.9136904761904762,2.1875,10.0,1.0,0.2572012996264844,0.25444049930736806,0.9986263736263734,0.9781746031746031,0.6875,2.0,1.0,0.2572012996264844,0.25444049930736806
1245,0.8522893772893773,0.8005952380952381,4.90625,46.0,0.8181818181818182,0.46517012659356133,0.35450392563214994,0.844459706959707,0.8253968253968252,4.53125,52.0,0.8181818181818182,0.46517012659356133,0.35450392563214994
1246,0.9767399267399265,0.8859126984126984,2.84375,12.0,1.0,0.3224583447164714,0.2741717818129784,0.9945970695970694,0.9503968253968254,1.4375,6.0,1.0,0.3224583447164714,0.2741717818129784
1247,0.8275641025641024,0.8075396825396824,4.78125,54.0,0.6666666666666666,0.3999999999999999,0.3059919563721096,0.8088827838827838,0.7787698412698412,5.09375,54.0,0.6666666666666666,0.3999999999999999,0.3059919563721096
1248,0.9914377289377289,0.933531746031746,1.8125,7.0,1.0,0.29573207353748787,0.3095570240808695,0.99757326007326,0.9702380952380952,0.9375,4.0,1.0,0.29573207353748787,0.3095570240808695
1249,0.9887362637362638,0.923611111111111,2.0,8.0,1.0,0.23227397047709253,0.260632315304698,0.9996336996336995,0.9920634920634921,0.25,1.0,1.0,0.23227397047709253,0.260632315304698
1250,0.9833791208791208,0.9037698412698412,2.46875,11.0,0.6666666666666666,0.3327721409458356,0.3271860401634384,0.9890109890109888,0.9265873015873015,1.8125,12.0,0.6666666666666666,0.3327721409458356,0.3271860401634384
1251,0.9839743589743588,0.9047619047619047,2.375,11.0,0.6666666666666666,0.3976888711515373,0.3865676672352439,0.9895604395604396,0.929563492063492,1.75,12.0,0.6666666666666666,0.3976888711515373,0.3865676672352439
1252,0.9808608058608058,0.8948412698412699,2.5,10.0,0.8181818181818182,0.33727714969740147,0.3379173292921992,0.992124542124542,0.9355158730158729,1.625,10.0,0.8181818181818182,0.33727714969740147,0.3379173292921992
1253,0.9902472527472528,0.929563492063492,1.8125,7.0,1.0,0.26874382097732985,0.2929769325669754,0.9994047619047619,0.988095238095238,0.34375,2.0,1.0,0.26874382097732985,0.2929769325669754
1254,0.9895146520146519,0.9285714285714286,1.875,8.0,1.0,0.21852078299067348,0.2688964620331219,0.9993589743589743,0.9871031746031746,0.375,2.0,1.0,0.21852078299067348,0.2688964620331219
1255,0.9817307692307692,0.9017857142857142,2.46875,10.0,1.0,0.2968431064086189,0.2933522130971775,0.9976190476190474,0.9702380952380952,0.875,4.0,1.0,0.2968431064086189,0.2933522130971775
1256,0.9893315018315018,0.929563492063492,1.90625,9.0,0.8181818181818182,0.20596692361151206,0.2603038083424387,0.9966575091575092,0.9642857142857143,1.0,5.0,0.8181818181818182,0.20596692361151206,0.2603038083424387
1257,0.989606227106227,0.923611111111111,2.0,8.0,0.8181818181818182,0.3228206722844079,0.2963824420436179,0.9972985347985347,0.9662698412698413,0.9375,4.0,0.8181818181818182,0.3228206722844079,0.2963824420436179
1258,0.9819597069597068,0.8988095238095237,2.5,10.0,0.8181818181818182,0.3821485952918782,0.37564184252062954,0.996062271062271,0.9553571428571428,1.1875,4.0,0.8181818181818182,0.3821485952918782,0.37564184252062954
1259,0.9746336996336994,0.8799603174603174,3.0,13.0,0.8181818181818182,0.2599972373209625,0.3040058734154442,0.9927655677655676,0.9404761904761904,1.625,6.0,0.8181818181818182,0.2599972373209625,0.3040058734154442
1260,0.9815934065934065,0.8978174603174603,2.53125,10.0,0.8181818181818182,0.33181799054489697,0.33233823356643455,0.9959249084249083,0.9543650793650793,1.21875,4.0,0.8181818181818182,0.33181799054489697,0.33233823356643455
1261,0.9918040293040291,0.9355158730158729,1.625,10.0,0.6666666666666666,0.2871543118861021,0.3431270677329877,0.9880494505494504,0.9206349206349207,1.96875,11.0,0.6666666666666666,0.2871543118861021,0.3431270677329877
1262,0.9881410256410256,0.923611111111111,1.96875,8.0,1.0,0.3341491375402586,0.36707456877012923,0.999267399267399,0.986111111111111,0.4375,2.0,1.0,0.3341491375402586,0.36707456877012923
1263,0.9603021978021976,0.8660714285714285,3.28125,24.0,1.0,0.3234571870506716,0.29192874766419713,0.9670787545787545,0.9265873015873015,2.03125,24.0,1.0,0.3234571870506716,0.29192874766419713
1264,0.9827838827838826,0.9057539682539683,2.4375,10.0,1.0,0.3648203685203115,0.340053087904506,0.9983058608058608,0.9742063492063492,0.8125,3.0,1.0,0.3648203685203115,0.340053087904506
1265,0.9811813186813184,0.8968253968253967,2.65625,10.0,0.8181818181818182,0.3004340126274099,0.2830287961023138,0.9971153846153845,0.9652777777777777,0.96875,4.0,0.8181818181818182,0.3004340126274099,0.2830287961023138
1266,0.9923076923076922,0.9374999999999999,1.65625,6.0,1.0,0.2660794947523847,0.3089207221144541,0.9990384615384613,0.984126984126984,0.4375,3.0,1.0,0.2660794947523847,0.3089207221144541
1267,0.9798992673992671,0.8948412698412699,2.59375,10.0,1.0,0.34685469239528055,0.3373945071373489,0.9961538461538461,0.9573412698412698,1.1875,5.0,1.0,0.34685469239528055,0.3373945071373489
1268,0.9828754578754578,0.8988095238095237,2.5,10.0,0.8181818181818182,0.3805077806485257,0.3148672753782219,0.9967948717948718,0.9632936507936507,1.03125,4.0,0.8181818181818182,0.3805077806485257,0.3148672753782219
1269,0.9799908424908426,0.9027777777777778,2.625,13.0,1.0,0.2415533538492165,0.2755697137258686,0.9853021978021977,0.9613095238095238,1.21875,19.0,1.0,0.2415533538492165,0.2755697137258686
1270,0.9942307692307691,0.9464285714285714,1.4375,6.0,1.0,0.33855908133598933,0.3692795406679946,0.9981684981684982,0.9751984126984127,0.75,3.0,1.0,0.33855908133598933,0.3692795406679946
1271,0.9939102564102563,0.9563492063492064,1.21875,9.0,1.0,0.0982961105885517,0.22830551829992576,0.985668498168498,0.9196428571428571,2.0,15.0,1.0,0.0982961105885517,0.22830551829992576
1272,0.986675824175824,0.9097222222222221,2.34375,9.0,0.8181818181818182,0.26609215762500815,0.2985896417248767,0.9964743589743588,0.9583333333333333,1.0625,5.0,0.8181818181818182,0.26609215762500815,0.2985896417248767
1273,0.9871794871794871,0.9156746031746031,2.09375,8.0,1.0,0.33144194568206115,0.31528430045909617,0.9991300366300366,0.984126984126984,0.5,2.0,1.0,0.33144194568206115,0.31528430045909617
1274,0.9904761904761904,0.9305555555555556,1.8125,8.0,1.0,0.22833908592424004,0.26564227973641785,0.9997252747252745,0.9950396825396826,0.15625,2.0,1.0,0.22833908592424004,0.26564227973641785
1275,0.9876831501831501,0.9216269841269841,2.0,9.0,0.8181818181818182,0.21030894627007266,0.2593684398060802,0.9972985347985347,0.9682539682539681,1.0,4.0,0.8181818181818182,0.21030894627007266,0.2593684398060802
1276,0.98264652014652,0.9037698412698412,2.53125,11.0,0.8181818181818182,0.39729533785698845,0.3791195107055418,0.9906593406593405,0.9325396825396824,1.65625,12.0,0.8181818181818182,0.39729533785698845,0.3791195107055418
1277,0.9820054945054942,0.9007936507936508,2.46875,10.0,1.0,0.29160071414088184,0.26901543276323975,0.9978021978021977,0.9712301587301586,0.84375,4.0,1.0,0.29160071414088184,0.26901543276323975
1278,0.992124542124542,0.9384920634920635,1.59375,8.0,1.0,0.19779567419712135,0.24556753152121252,0.9989468864468863,0.9831349206349206,0.5,3.0,1.0,0.19779567419712135,0.24556753152121252
1279,0.9934981684981684,0.9424603174603173,1.5,7.0,1.0,0.3339185553122376,0.3536889517417428,0.9967490842490841,0.9632936507936507,1.09375,4.0,1.0,0.3339185553122376,0.3536889517417428
1280,0.9838827838827837,0.9037698412698412,2.46875,9.0,0.8181818181818182,0.38268093750933047,0.33825523659142853,0.9978021978021977,0.9722222222222222,0.875,4.0,0.8181818181818182,0.38268093750933047,0.33825523659142853
1281,0.9860347985347985,0.9176587301587302,2.125,10.0,0.8181818181818182,0.22271179148774434,0.2760823128514849,0.9956501831501829,0.9543650793650793,1.28125,5.0,0.8181818181818182,0.22271179148774434,0.2760823128514849
1282,0.9931776556776557,0.941468253968254,1.5625,6.0,1.0,0.24047610470778294,0.30363892090608063,0.9990384615384613,0.984126984126984,0.46875,3.0,1.0,0.24047610470778294,0.30363892090608063
1283,0.9866300366300367,0.9176587301587302,2.21875,10.0,0.6666666666666666,0.3096093674931957,0.31940804659566896,0.9891483516483515,0.9246031746031745,1.78125,11.0,0.6666666666666666,0.3096093674931957,0.31940804659566896
1284,0.9935897435897434,0.9424603174603173,1.53125,6.0,0.6666666666666666,0.24683433072876057,0.305427922427747,0.990613553113553,0.9255952380952381,1.78125,8.0,0.6666666666666666,0.24683433072876057,0.305427922427747
1285,0.9892399267399264,0.9285714285714286,1.875,8.0,0.8181818181818182,0.3420011352352273,0.3710005676176136,0.9961996336996336,0.9593253968253969,1.0625,5.0,0.8181818181818182,0.3420011352352273,0.3710005676176136
1286,0.9926739926739926,0.9355158730158729,1.6875,7.0,1.0,0.2803425795283748,0.2940428485595873,0.99757326007326,0.9702380952380952,0.84375,3.0,1.0,0.2803425795283748,0.2940428485595873
1287,0.9917124542124541,0.9365079365079365,1.6875,7.0,1.0,0.2521241285924131,0.2882328982332166,0.999175824175824,0.9851190476190476,0.4375,2.0,1.0,0.2521241285924131,0.2882328982332166
1288,0.9930860805860805,0.9424603174603173,1.59375,6.0,0.8181818181818182,0.29732317378141637,0.3399205735983744,0.9944139194139194,0.9474206349206349,1.34375,6.0,0.8181818181818182,0.29732317378141637,0.3399205735983744
1289,0.9908882783882783,0.933531746031746,1.6875,8.0,0.8181818181818182,0.23700689298974673,0.295502771790172,0.9970695970695969,0.9662698412698413,0.96875,4.0,0.8181818181818182,0.23700689298974673,0.295502771790172
1290,0.9872252747252748,0.9196428571428571,2.1875,10.0,0.8181818181818182,0.3108403600031897,0.3281142519966406,0.9944139194139194,0.9484126984126985,1.375,6.0,0.8181818181818182,0.3108403600031897,0.3281142519966406
1291,0.994642857142857,0.9503968253968254,1.3125,6.0,0.6666666666666666,0.2722498242351715,0.3360193817282322,0.9915750915750915,0.931547619047619,1.6875,8.0,0.6666666666666666,0.2722498242351715,0.3360193817282322
1292,0.9710622710622709,0.8730158730158729,3.28125,16.0,0.8181818181818182,0.2999728259179311,0.2914195464465162,0.9845695970695969,0.9216269841269841,2.15625,16.0,0.8181818181818182,0.2999728259179311,0.2914195464465162
1293,0.9784340659340658,0.8918650793650793,2.65625,12.0,1.0,0.32421571502920643,0.27566219821999943,0.9966575091575092,0.9642857142857143,1.03125,4.0,1.0,0.32421571502920643,0.27566219821999943
1294,0.9922161172161172,0.9355158730158729,1.6875,7.0,1.0,0.21061467937858003,0.2707020776946363,0.9973901098901098,0.9682539682539681,0.9375,4.0,1.0,0.21061467937858003,0.2707020776946363
1295,0.9935439560439557,0.9434523809523809,1.46875,7.0,1.0,0.3508221403739939,0.3647998462344176,0.996565934065934,0.9623015873015872,1.125,4.0,1.0,0.3508221403739939,0.3647998462344176
1296,0.9911630036630036,0.9305555555555556,1.8125,7.0,1.0,0.33196899737763286,0.33128627697905855,0.9985347985347984,0.9791666666666667,0.5625,3.0,1.0,0.33196899737763286,0.33128627697905855
1297,0.9804487179487179,0.8918650793650793,2.75,10.0,1.0,0.25603629754405727,0.2858955439061432,0.9932692307692307,0.9523809523809523,1.375,10.0,1.0,0.25603629754405727,0.2858955439061432
1298,0.9912545787545786,0.9345238095238094,1.6875,7.0,0.8181818181818182,0.2200569241394928,0.28795604591517526,0.9949633699633698,0.9533730158730157,1.25,6.0,0.8181818181818182,0.2200569241394928,0.28795604591517526
1299,0.9799450549450549,0.8968253968253967,2.5625,12.0,1.0,0.3497563823576596,0.314860398590941,0.9973901098901098,0.9692460317460317,0.875,4.0,1.0,0.3497563823576596,0.314860398590941
1300,0.976282051282051,0.8799603174603174,3.03125,14.0,0.6666666666666666,0.38660216770636996,0.32494417677519066,0.9846153846153846,0.9107142857142857,2.1875,15.0,0.6666666666666666,0.38660216770636996,0.32494417677519066
1301,0.9828754578754578,0.8998015873015873,2.5,9.0,0.8181818181818182,0.2753335090305202,0.27809594096288365,0.9973901098901098,0.9682539682539681,0.9375,4.0,0.8181818181818182,0.2753335090305202,0.27809594096288365
1302,0.985668498168498,0.9136904761904762,2.34375,10.0,0.8181818181818182,0.31160756874275897,0.3230749409743024,0.995970695970696,0.9563492063492064,1.1875,4.0,0.8181818181818182,0.31160756874275897,0.3230749409743024
1303,0.983562271062271,0.9067460317460316,2.375,10.0,1.0,0.2866695759533746,0.26155157026752274,0.9985805860805859,0.9791666666666667,0.65625,3.0,1.0,0.2866695759533746,0.26155157026752274
1304,0.9847069597069595,0.9087301587301587,2.25,10.0,1.0,0.2915874770872369,0.31663878614207963,0.9985347985347984,0.9771825396825397,0.6875,3.0,1.0,0.2915874770872369,0.31663878614207963
1305,0.9861263736263735,0.9136904761904762,2.1875,8.0,1.0,0.3072917069550948,0.3155623267470888,0.9989010989010987,0.9821428571428571,0.53125,3.0,1.0,0.3072917069550948,0.3155623267470888
1306,0.9958333333333333,0.9583333333333333,1.125,6.0,1.0,0.1411082532274498,0.24399023762051844,0.9967948717948718,0.9652777777777777,0.96875,5.0,1.0,0.1411082532274498,0.24399023762051844
1307,0.9847985347985345,0.9117063492063491,2.21875,10.0,1.0,0.21833077433348688,0.2525446281788571,0.9979395604395603,0.9722222222222222,0.84375,4.0,1.0,0.21833077433348688,0.2525446281788571
1308,0.9934065934065933,0.9384920634920635,1.625,7.0,1.0,0.17956670725289342,0.2789707924902665,0.9964285714285713,0.9613095238095238,1.0,5.0,1.0,0.17956670725289342,0.2789707924902665
1309,0.9955586080586079,0.9553571428571428,1.21875,5.0,1.0,0.13521726655635147,0.23868254567027916,0.99757326007326,0.9702380952380952,0.8125,4.0,1.0,0.13521726655635147,0.23868254567027916
1310,0.978617216117216,0.8958333333333333,2.78125,12.0,0.8181818181818182,0.28627398256606407,0.2742590968186263,0.9928571428571427,0.9444444444444444,1.5625,10.0,0.8181818181818182,0.28627398256606407,0.2742590968186263
1311,0.9833333333333332,0.8998015873015873,2.5,10.0,0.8181818181818182,0.27144827034621166,0.324881854792597,0.9957417582417581,0.9543650793650793,1.28125,5.0,0.8181818181818182,0.27144827034621166,0.324881854792597
1312,0.9905219780219778,0.9285714285714286,1.875,7.0,0.8181818181818182,0.30969025164357383,0.28788919344561925,0.9961996336996336,0.9593253968253969,1.125,4.0,0.8181818181818182,0.30969025164357383,0.28788919344561925
1313,0.9858058608058609,0.9146825396825395,2.15625,10.0,0.8181818181818182,0.2595994322929832,0.296512148874653,0.9972527472527473,0.9652777777777777,1.0,4.0,0.8181818181818182,0.2595994322929832,0.296512148874653
1314,0.9926282051282049,0.9355158730158729,1.6875,6.0,1.0,0.2089095680683654,0.26345588124380376,0.9978021978021977,0.9702380952380952,0.8125,3.0,1.0,0.2089095680683654,0.26345588124380376
1315,0.9887820512820512,0.9176587301587302,2.09375,7.0,0.8181818181818182,0.4308011352734348,0.3815878496500736,0.9958791208791208,0.9543650793650793,1.125,6.0,0.8181818181818182,0.4308011352734348,0.3815878496500736
1316,0.9858974358974358,0.9166666666666666,2.1875,9.0,0.8181818181818182,0.3149428206070133,0.3365337883832277,0.9931776556776557,0.9454365079365078,1.40625,10.0,0.8181818181818182,0.3149428206070133,0.3365337883832277
1317,0.9829212454212453,0.8998015873015873,2.5,10.0,0.8181818181818182,0.22700934596747738,0.2652730677860266,0.9948717948717947,0.9484126984126985,1.375,6.0,0.8181818181818182,0.22700934596747738,0.2652730677860266
1318,0.9829670329670329,0.9037698412698412,2.46875,9.0,1.0,0.24080058719629718,0.264980293850598,0.9969780219780219,0.9662698412698413,0.96875,4.0,1.0,0.24080058719629718,0.264980293850598
1319,0.9827838827838826,0.9017857142857142,2.4375,10.0,1.0,0.25062413580232706,0.2519912664419882,0.9973901098901098,0.9662698412698413,0.96875,4.0,1.0,0.25062413580232706,0.2519912664419882
1320,0.9940934065934065,0.9474206349206349,1.46875,6.0,0.6666666666666666,0.4904274292499437,0.44521371462497183,0.9916666666666665,0.9325396825396824,1.75,7.0,0.6666666666666666,0.4904274292499437,0.44521371462497183
1321,0.9954212454212452,0.9573412698412698,1.15625,6.0,1.0,0.26843844369848824,0.33421922184924413,0.9972527472527473,0.9682539682539681,0.9375,4.0,1.0,0.26843844369848824,0.33421922184924413
1322,0.9836080586080587,0.9077380952380952,2.40625,15.0,1.0,0.2271689874509432,0.3013996891482425,0.9845238095238095,0.9404761904761904,1.59375,21.0,1.0,0.2271689874509432,0.3013996891482425
1323,0.9887362637362638,0.9196428571428571,2.03125,8.0,0.8181818181818182,0.31432213562813016,0.2832027650054373,0.995054945054945,0.9503968253968254,1.25,5.0,0.8181818181818182,0.31432213562813016,0.2832027650054373
1324,0.978617216117216,0.8888888888888888,2.8125,12.0,0.6666666666666666,0.2431217641612093,0.2881437649792768,0.9836538461538461,0.9017857142857142,2.40625,13.0,0.6666666666666666,0.2431217641612093,0.2881437649792768
1325,0.9934065934065933,0.9424603174603173,1.53125,6.0,0.8181818181818182,0.36152023922056753,0.3807601196102837,0.9930860805860805,0.941468253968254,1.5,7.0,0.8181818181818182,0.36152023922056753,0.3807601196102837
1326,0.9892399267399264,0.9226190476190474,2.0625,8.0,1.0,0.1972259241554973,0.25721783557130473,0.995970695970696,0.9771825396825397,0.6875,10.0,1.0,0.1972259241554973,0.25721783557130473
1327,0.9852564102564101,0.9087301587301587,2.40625,10.0,0.8181818181818182,0.28362677535591174,0.29229320270908177,0.99253663003663,0.9355158730158729,1.59375,6.0,0.8181818181818182,0.28362677535591174,0.29229320270908177
1328,0.9924450549450549,0.9424603174603173,1.5625,6.0,1.0,0.4011607742960738,0.40058038714803695,0.9969322344322342,0.9652777777777777,0.96875,5.0,1.0,0.4011607742960738,0.40058038714803695
1329,0.9921703296703295,0.9325396825396824,1.8125,6.0,0.8181818181818182,0.19069173776850853,0.23957667158140936,0.9954212454212452,0.9513888888888888,1.375,4.0,0.8181818181818182,0.19069173776850853,0.23957667158140936
1330,0.9848901098901098,0.9097222222222221,2.28125,10.0,1.0,0.20237920554048314,0.25325739146319765,0.9961080586080584,0.9603174603174602,1.1875,6.0,1.0,0.20237920554048314,0.25325739146319765
1331,0.9930402930402931,0.9404761904761904,1.5625,7.0,1.0,0.34200832452185576,0.34777274964572824,0.9971153846153845,0.9652777777777777,1.0,4.0,1.0,0.34200832452185576,0.34777274964572824
1332,0.9788919413919412,0.8878968253968254,2.84375,12.0,0.6666666666666666,0.33041834248933455,0.3036379272949152,0.9874084249084248,0.9186507936507936,2.0,13.0,0.6666666666666666,0.33041834248933455,0.3036379272949152
1333,0.9882783882783882,0.9156746031746031,2.125,8.0,0.8181818181818182,0.31325462504157003,0.28089259009142503,0.9947802197802197,0.9484126984126985,1.28125,6.0,0.8181818181818182,0.31325462504157003,0.28089259009142503
1334,0.9901098901098901,0.9265873015873015,1.9375,7.0,0.6666666666666666,0.3883385001396793,0.3941692500698396,0.9864468864468864,0.9097222222222221,2.28125,8.0,0.6666666666666666,0.3883385001396793,0.3941692500698396
1335,0.9823717948717947,0.9017857142857142,2.59375,10.0,0.8181818181818182,0.3369045047245156,0.31788052461331995,0.9930402930402931,0.9404761904761904,1.53125,8.0,0.8181818181818182,0.3369045047245156,0.31788052461331995
1336,0.9848443223443222,0.9186507936507936,2.1875,16.0,0.6666666666666666,0.13556274350395175,0.26778137175197586,0.9809981684981685,0.9037698412698412,2.40625,16.0,0.6666666666666666,0.13556274350395175,0.26778137175197586
1337,0.9864010989010987,0.9156746031746031,2.1875,8.0,1.0,0.26183768196549695,0.28060142280424255,0.999175824175824,0.984126984126984,0.46875,2.0,1.0,0.26183768196549695,0.28060142280424255
1338,0.9848443223443222,0.9126984126984127,2.21875,10.0,1.0,0.2704270208427112,0.26285317755818527,0.9987637362637363,0.9791666666666667,0.65625,2.0,1.0,0.2704270208427112,0.26285317755818527
1339,0.993131868131868,0.9424603174603173,1.5,7.0,0.8181818181818182,0.2825425409616529,0.32859270177822536,0.9957417582417581,0.9553571428571428,1.15625,5.0,0.8181818181818182,0.2825425409616529,0.32859270177822536
1340,0.9812728937728937,0.8948412698412699,2.65625,9.0,1.0,0.2606710166755142,0.2933603474092339,0.9934981684981684,0.9533730158730157,1.34375,10.0,1.0,0.2606710166755142,0.2933603474092339
1341,0.9940018315018313,0.9454365079365078,1.40625,6.0,1.0,0.22367092270674793,0.3118354613533739,0.9966575091575092,0.9642857142857143,1.03125,5.0,1.0,0.22367092270674793,0.3118354613533739
1342,0.9862179487179485,0.9176587301587302,2.09375,10.0,1.0,0.22991201824293847,0.24154200195365533,0.999175824175824,0.984126984126984,0.5,2.0,1.0,0.22991201824293847,0.24154200195365533
1343,0.9858974358974358,0.9117063492063491,2.3125,8.0,0.8181818181818182,0.24435418831156322,0.2839746431778382,0.9984890109890108,0.9781746031746031,0.6875,3.0,0.8181818181818182,0.24435418831156322,0.2839746431778382
1344,0.9891483516483515,0.923611111111111,2.09375,8.0,1.0,0.18515378740416483,0.26710981297630376,0.9901098901098901,0.9424603174603173,1.5625,14.0,1.0,0.18515378740416483,0.26710981297630376
1345,0.9951923076923076,0.9553571428571428,1.21875,6.0,1.0,0.21732484531575566,0.29762800063172173,0.9977106227106226,0.9722222222222222,0.75,4.0,1.0,0.21732484531575566,0.29762800063172173
1346,0.9953754578754578,0.9563492063492064,1.21875,6.0,1.0,0.38533013258077853,0.3926650662903892,0.9959249084249083,0.9573412698412698,1.15625,5.0,1.0,0.38533013258077853,0.3926650662903892
1347,0.9924450549450549,0.9404761904761904,1.53125,7.0,1.0,0.17559821338503895,0.25433192068358723,0.9978937728937727,0.9712301587301586,0.8125,4.0,1.0,0.17559821338503895,0.25433192068358723
1348,0.9902014652014651,0.931547619047619,1.8125,8.0,1.0,0.370865627513462,0.38543281375673094,0.9996336996336995,0.994047619047619,0.1875,2.0,1.0,0.370865627513462,0.38543281375673094
1349,0.9881410256410256,0.9216269841269841,2.03125,9.0,1.0,0.2927632576573475,0.31712125906548283,0.999084249084249,0.984126984126984,0.4375,3.0,1.0,0.2927632576573475,0.31712125906548283
1350,0.9809523809523808,0.8958333333333333,2.71875,10.0,0.8181818181818182,0.24477694140933717,0.27564338054441323,0.996245421245421,0.9603174603174602,1.15625,4.0,0.8181818181818182,0.24477694140933717,0.27564338054441323
1351,0.9820054945054942,0.9017857142857142,2.4375,10.0,0.8181818181818182,0.36738069444804927,0.35831130810522566,0.9920787545787544,0.9345238095238094,1.5625,10.0,0.8181818181818182,0.36738069444804927,0.35831130810522566
1352,0.991208791208791,0.933531746031746,1.75,7.0,1.0,0.1820113670174107,0.26765424206660177,0.9987179487179487,0.986111111111111,0.4375,5.0,1.0,0.1820113670174107,0.26765424206660177
1353,0.9788461538461537,0.8849206349206349,2.78125,10.0,0.8181818181818182,0.24567087695564033,0.27545006991644205,0.9932692307692307,0.9374999999999999,1.6875,6.0,0.8181818181818182,0.24567087695564033,0.27545006991644205
1354,0.9912545787545786,0.9325396825396824,1.78125,7.0,1.0,0.3173787215513004,0.3359259605627288,0.999084249084249,0.9851190476190476,0.4375,3.0,1.0,0.3173787215513004,0.3359259605627288
1355,0.988186813186813,0.923611111111111,2.0,9.0,1.0,0.2315280183620278,0.24631380465053282,0.9993131868131866,0.986111111111111,0.4375,2.0,1.0,0.2315280183620278,0.24631380465053282
1356,0.9839285714285714,0.9067460317460316,2.28125,10.0,1.0,0.20885645528299113,0.24665354084323363,0.9964743589743588,0.9553571428571428,1.28125,4.0,1.0,0.20885645528299113,0.24665354084323363
1357,0.9771978021978021,0.8859126984126984,2.84375,13.0,0.8181818181818182,0.24489600137611264,0.28306685843109175,0.9900183150183148,0.9325396825396824,1.78125,13.0,0.8181818181818182,0.24489600137611264,0.28306685843109175
1358,0.9807692307692307,0.8958333333333333,2.53125,10.0,1.0,0.25955359785641774,0.25189727259985906,0.9967948717948718,0.9623015873015872,1.09375,4.0,1.0,0.25955359785641774,0.25189727259985906
1359,0.9878663003663003,0.9196428571428571,2.0,8.0,1.0,0.2515930296855432,0.30673628947812637,0.9986263736263734,0.9781746031746031,0.65625,3.0,1.0,0.2515930296855432,0.30673628947812637
1360,0.9924908424908423,0.9384920634920635,1.59375,7.0,0.8181818181818182,0.32737410237280595,0.3297867068598252,0.9951007326007326,0.9533730158730157,1.375,4.0,0.8181818181818182,0.32737410237280595,0.3297867068598252
1361,0.9879578754578754,0.9226190476190474,1.96875,9.0,0.8181818181818182,0.3130166337962076,0.3437665893838712,0.9969780219780219,0.9672619047619048,1.03125,4.0,0.8181818181818182,0.3130166337962076,0.3437665893838712
1362,0.9865384615384614,0.9176587301587302,2.15625,10.0,0.8181818181818182,0.282821049205247,0.3076405669677847,0.9960164835164834,0.9563492063492064,1.125,5.0,0.8181818181818182,0.282821049205247,0.3076405669677847
1363,0.9923076923076922,0.9374999999999999,1.65625,6.0,1.0,0.4481291891189679,0.4240645945594839,0.9990384615384613,0.984126984126984,0.4375,3.0,1.0,0.4481291891189679,0.4240645945594839
1364,0.9816849816849815,0.8988095238095237,2.59375,10.0,0.8181818181818182,0.3070707795221974,0.2774703580379288,0.9973443223443224,0.9672619047619048,0.96875,4.0,0.8181818181818182,0.3070707795221974,0.2774703580379288
1365,0.9756410256410256,0.8819444444444444,2.90625,11.0,0.8181818181818182,0.2863254222781184,0.27477861823226163,0.9894688644688644,0.9265873015873015,1.875,12.0,0.8181818181818182,0.2863254222781184,0.27477861823226163
1366,0.981318681318681,0.8998015873015873,2.53125,10.0,1.0,0.26973879146979063,0.28570600701975474,0.9956501831501829,0.9583333333333333,1.15625,6.0,1.0,0.26973879146979063,0.28570600701975474
1367,0.9913919413919412,0.9345238095238094,1.6875,7.0,0.8181818181818182,0.25564524341876044,0.30469971897394943,0.994734432234432,0.9513888888888888,1.25,6.0,0.8181818181818182,0.25564524341876044,0.30469971897394943
1368,0.9883699633699633,0.9226190476190474,2.0625,8.0,1.0,0.2090026467034042,0.28763540763316675,0.9984890109890108,0.9811507936507935,0.59375,5.0,1.0,0.2090026467034042,0.28763540763316675
1369,0.9895604395604396,0.927579365079365,1.875,8.0,1.0,0.2194614615465314,0.25568081875271814,0.9998168498168497,0.9960317460317459,0.125,1.0,1.0,0.2194614615465314,0.25568081875271814
1370,0.9935897435897434,0.9434523809523809,1.5,7.0,1.0,0.2962039305548864,0.3158999738044423,0.9968406593406592,0.9642857142857143,1.03125,4.0,1.0,0.2962039305548864,0.3158999738044423
1371,0.9756410256410256,0.8859126984126984,2.8125,12.0,1.0,0.35073584446378525,0.3304747345242509,0.9952838827838826,0.9543650793650793,1.28125,5.0,1.0,0.35073584446378525,0.3304747345242509
1372,0.9822344322344321,0.8998015873015873,2.65625,9.0,0.8181818181818182,0.3747529844172979,0.3404285965610649,0.9961538461538461,0.9583333333333333,1.1875,4.0,0.8181818181818182,0.3747529844172979,0.3404285965610649
1373,0.984157509157509,0.9097222222222221,2.3125,10.0,0.8181818181818182,0.30649731976424976,0.3220793165611691,0.9926739926739926,0.9384920634920635,1.5,10.0,0.8181818181818182,0.30649731976424976,0.3220793165611691
1374,0.9785714285714285,0.9057539682539683,2.40625,17.0,1.0,0.22516553562050504,0.2708981491270462,0.97760989010989,0.9365079365079365,1.75,23.0,1.0,0.22516553562050504,0.2708981491270462
1375,0.997161172161172,0.9751984126984127,0.6875,6.0,1.0,0.1512991006661355,0.2756495503330677,0.9947802197802197,0.9523809523809523,1.21875,6.0,1.0,0.1512991006661355,0.2756495503330677
1376,0.981318681318681,0.8958333333333333,2.625,12.0,0.6666666666666666,0.2873258173385388,0.2856527333778111,0.9878205128205128,0.9206349206349207,1.9375,13.0,0.6666666666666666,0.2873258173385388,0.2856527333778111
1377,0.9818681318681316,0.8998015873015873,2.5,10.0,1.0,0.19810194590900682,0.2555514374042378,0.9952838827838826,0.9523809523809523,1.40625,5.0,1.0,0.19810194590900682,0.2555514374042378
1378,0.9846611721611721,0.9077380952380952,2.375,10.0,0.8181818181818182,0.23354463097058756,0.2629295261764312,0.9956501831501829,0.9543650793650793,1.25,4.0,0.8181818181818182,0.23354463097058756,0.2629295261764312
1379,0.9975274725274724,0.9712301587301586,0.8125,6.0,1.0,0.34912717925409764,0.3745635896270488,0.9924450549450549,0.9365079365079365,1.6875,6.0,1.0,0.34912717925409764,0.3745635896270488
1380,0.9932234432234431,0.9424603174603173,1.53125,6.0,1.0,0.2282844975431061,0.29681163779958364,0.999084249084249,0.9851190476190476,0.4375,3.0,1.0,0.2282844975431061,0.29681163779958364
1381,0.9829670329670329,0.9027777777777778,2.4375,11.0,0.8181818181818182,0.27691098444702666,0.29268183669668235,0.9902472527472528,0.933531746031746,1.6875,12.0,0.8181818181818182,0.27691098444702666,0.29268183669668235
1382,0.9819139194139193,0.9047619047619047,2.46875,11.0,1.0,0.29571817834652553,0.2585419242196659,0.9974358974358973,0.9692460317460317,0.9375,4.0,1.0,0.29571817834652553,0.2585419242196659
1383,0.9963827838827837,0.9642857142857143,1.0625,6.0,1.0,0.16801158229808236,0.2830012278269847,0.994047619047619,0.9474206349206349,1.4375,5.0,1.0,0.16801158229808236,0.2830012278269847
1384,0.9799450549450549,0.8898809523809524,2.75,10.0,0.8181818181818182,0.3510428506833119,0.30384651603716717,0.9954212454212452,0.9543650793650793,1.28125,5.0,0.8181818181818182,0.3510428506833119,0.30384651603716717
1385,0.9796703296703295,0.8898809523809524,2.78125,11.0,0.6666666666666666,0.4276111205844958,0.38448241909371084,0.987912087912088,0.9186507936507936,2.0,12.0,0.6666666666666666,0.4276111205844958,0.38448241909371084
1386,0.9902930402930401,0.9226190476190474,2.03125,7.0,0.8181818181818182,0.30441687179321775,0.29456631853807913,0.9928571428571427,0.941468253968254,1.59375,6.0,0.8181818181818182,0.30441687179321775,0.29456631853807913
1387,0.987912087912088,0.9176587301587302,2.1875,9.0,1.0,0.24773925010991374,0.2486278849502503,0.9973443223443224,0.9662698412698413,0.90625,4.0,1.0,0.24773925010991374,0.2486278849502503
1388,0.9861263736263735,0.9166666666666666,2.09375,10.0,1.0,0.2662383093718874,0.3055464671836299,0.9985347985347984,0.9751984126984127,0.71875,3.0,1.0,0.2662383093718874,0.3055464671836299
1389,0.987912087912088,0.923611111111111,2.03125,10.0,1.0,0.19879411238552971,0.27434598254208914,0.9900183150183148,0.9563492063492064,1.1875,16.0,1.0,0.19879411238552971,0.27434598254208914
1390,0.9880036630036629,0.9216269841269841,2.03125,8.0,1.0,0.29931725632319445,0.3124996002700223,0.9995421245421244,0.9900793650793651,0.3125,1.0,1.0,0.29931725632319445,0.3124996002700223
1391,0.9864468864468864,0.9117063492063491,2.28125,9.0,0.8181818181818182,0.3519222260024456,0.3035900628972772,0.9967490842490841,0.9623015873015872,1.0,5.0,0.8181818181818182,0.3519222260024456,0.3035900628972772
1392,0.9930860805860805,0.9374999999999999,1.65625,7.0,1.0,0.17528015452261067,0.2854702447484588,0.9942307692307691,0.9464285714285714,1.40625,5.0,1.0,0.17528015452261067,0.2854702447484588
1393,0.9824633699633698,0.9037698412698412,2.46875,10.0,1.0,0.3347341310041318,0.3306072769055827,0.997161172161172,0.9662698412698413,0.96875,4.0,1.0,0.3347341310041318,0.3306072769055827
1394,0.9871336996336993,0.9166666666666666,2.15625,9.0,1.0,0.2185861672392274,0.2701106736842426,0.997481684981685,0.9771825396825397,0.6875,6.0,1.0,0.2185861672392274,0.2701106736842426
1395,0.9925824175824175,0.9365079365079365,1.65625,7.0,1.0,0.2016922775706218,0.2701619246023385,0.9975274725274724,0.9692460317460317,0.8125,4.0,1.0,0.2016922775706218,0.2701619246023385
1396,0.9880036630036629,0.9226190476190474,1.96875,8.0,1.0,0.2526161348286084,0.28634811170536495,0.9994963369963369,0.9890873015873015,0.34375,1.0,1.0,0.2526161348286084,0.28634811170536495
1397,0.9834249084249083,0.9017857142857142,2.4375,10.0,0.8181818181818182,0.35523887802770227,0.35027123915407277,0.9949633699633698,0.9503968253968254,1.3125,6.0,0.8181818181818182,0.35523887802770227,0.35027123915407277
1398,0.9802197802197802,0.8948412698412699,2.5625,10.0,1.0,0.353844774674134,0.36506022231359775,0.9968406593406592,0.9632936507936507,1.03125,4.0,1.0,0.353844774674134,0.36506022231359775
1399,0.9937271062271062,0.9434523809523809,1.5,7.0,1.0,0.28068007419747765,0.3073558045323695,0.9967490842490841,0.9623015873015872,1.09375,4.0,1.0,0.28068007419747765,0.3073558045323695
1400,0.9775183150183149,0.886904761904762,2.78125,12.0,1.0,0.2959950961930223,0.2736702594175875,0.9951007326007326,0.9533730158730157,1.3125,6.0,1.0,0.2959950961930223,0.2736702594175875
1401,0.9908882783882783,0.9265873015873015,2.0,7.0,0.8181818181818182,0.20405085435351067,0.3020254271767553,0.9883699633699633,0.9196428571428571,2.09375,7.0,0.8181818181818182,0.20405085435351067,0.3020254271767553
1402,0.9864468864468864,0.9156746031746031,2.09375,8.0,1.0,0.3035456766897313,0.3517728383448656,0.9973443223443224,0.9662698412698413,1.03125,4.0,1.0,0.3035456766897313,0.3517728383448656
1403,0.9913461538461537,0.931547619047619,1.78125,7.0,1.0,0.3257170623818012,0.322619255958339,0.9983058608058608,0.976190476190476,0.6875,3.0,1.0,0.3257170623818012,0.322619255958339
1404,0.9848443223443222,0.9087301587301587,2.21875,10.0,1.0,0.2935723605148455,0.3237636650470647,0.9986721611721611,0.9771825396825397,0.65625,3.0,1.0,0.2935723605148455,0.3237636650470647
1405,0.9966117216117215,0.9662698412698413,0.96875,6.0,0.8181818181818182,0.3235976149829809,0.36179880749149046,0.9928113553113552,0.939484126984127,1.53125,7.0,0.8181818181818182,0.3235976149829809,0.36179880749149046
1406,0.9885073260073259,0.9255952380952381,2.0,9.0,0.8181818181818182,0.24062831595695497,0.27867180430922234,0.9938644688644689,0.9444444444444444,1.40625,7.0,0.8181818181818182,0.24062831595695497,0.27867180430922234
1407,0.9847527472527472,0.9087301587301587,2.28125,9.0,1.0,0.2656651578319795,0.26846013888102477,0.9984890109890108,0.9771825396825397,0.6875,4.0,1.0,0.2656651578319795,0.26846013888102477
1408,0.989102564102564,0.9226190476190474,2.0,7.0,1.0,0.30834919343228906,0.30621648415894415,0.998992673992674,0.9831349206349206,0.53125,2.0,1.0,0.30834919343228906,0.30621648415894415
1409,0.9945512820512821,0.9484126984126985,1.40625,6.0,1.0,0.17820407468832278,0.2753393137421397,0.9979853479853479,0.9732142857142856,0.75,4.0,1.0,0.17820407468832278,0.2753393137421397
1410,0.9933608058608058,0.9434523809523809,1.53125,6.0,0.8181818181818182,0.32283968223060955,0.36111713002867246,0.9946886446886447,0.9484126984126985,1.34375,6.0,0.8181818181818182,0.32283968223060955,0.36111713002867246
1411,0.9897435897435897,0.929563492063492,1.84375,8.0,0.8181818181818182,0.2223610696873807,0.2845078366208323,0.9963827838827837,0.9623015873015872,1.09375,4.0,0.8181818181818182,0.2223610696873807,0.2845078366208323
1412,0.9937728937728937,0.9454365079365078,1.46875,6.0,1.0,0.27043510802995835,0.3259312277819186,0.9987179487179487,0.9821428571428571,0.53125,3.0,1.0,0.27043510802995835,0.3259312277819186
1413,0.9876373626373625,0.9186507936507936,2.09375,9.0,1.0,0.322132896518746,0.3527237560019116,0.9994047619047619,0.9871031746031746,0.40625,1.0,1.0,0.322132896518746,0.3527237560019116
1414,0.9888736263736262,0.9246031746031745,1.96875,8.0,1.0,0.3008565333182234,0.3166343455393371,0.9996794871794871,0.9930555555555555,0.21875,1.0,1.0,0.3008565333182234,0.3166343455393371
1415,0.9933608058608058,0.9444444444444444,1.5,7.0,1.0,0.24790118256883115,0.3204273622410602,0.9983974358974358,0.9771825396825397,0.6875,3.0,1.0,0.24790118256883115,0.3204273622410602
1416,0.9913919413919412,0.9325396825396824,1.8125,7.0,1.0,0.24196986299279494,0.26624824035433786,0.99775641025641,0.9712301587301586,0.90625,4.0,1.0,0.24196986299279494,0.26624824035433786
1417,0.9831043956043956,0.9027777777777778,2.34375,10.0,1.0,0.34095257513781096,0.3552608660745797,0.9981227106227105,0.9732142857142856,0.75,4.0,1.0,0.34095257513781096,0.3552608660745797
1418,0.9918956043956043,0.9345238095238094,1.78125,7.0,0.8181818181818182,0.19056780289396444,0.29528390144698213,0.9944139194139194,0.9474206349206349,1.5625,5.0,0.8181818181818182,0.19056780289396444,0.29528390144698213
1419,0.9908882783882783,0.9265873015873015,1.84375,8.0,0.6666666666666666,0.15214893039391975,0.24919880016820828,0.9920329670329668,0.933531746031746,1.59375,9.0,0.6666666666666666,0.15214893039391975,0.24919880016820828
1420,0.9937728937728937,0.9454365079365078,1.46875,6.0,1.0,0.32776919497609736,0.362954867067982,0.9987179487179487,0.9821428571428571,0.53125,3.0,1.0,0.32776919497609736,0.362954867067982
1421,0.9822802197802197,0.9017857142857142,2.46875,11.0,1.0,0.30680736652554036,0.26782590607114515,0.9980769230769231,0.9742063492063492,0.8125,3.0,1.0,0.30680736652554036,0.26782590607114515
1422,0.9910714285714285,0.9355158730158729,1.6875,8.0,0.8181818181818182,0.28760839072867783,0.33399765924949054,0.9969322344322342,0.9642857142857143,1.0,4.0,0.8181818181818182,0.28760839072867783,0.33399765924949054
1423,0.9891941391941391,0.9246031746031745,1.96875,9.0,1.0,0.2170969182423128,0.24211296087193757,0.9973901098901098,0.9672619047619048,0.875,4.0,1.0,0.2170969182423128,0.24211296087193757
1424,0.9926282051282049,0.9384920634920635,1.625,7.0,1.0,0.28037016163005335,0.2855663626731316,0.9966575091575092,0.9632936507936507,1.09375,4.0,1.0,0.28037016163005335,0.2855663626731316
1425,0.9924908424908423,0.9404761904761904,1.625,6.0,1.0,0.232265854755062,0.2840582664764841,0.999084249084249,0.9851190476190476,0.40625,3.0,1.0,0.232265854755062,0.2840582664764841
1426,0.9847527472527472,0.9077380952380952,2.3125,11.0,0.6666666666666666,0.37317382765372853,0.3717049478791066,0.9895146520146519,0.9285714285714286,1.78125,12.0,0.6666666666666666,0.37317382765372853,0.3717049478791066
1427,0.9936355311355312,0.9454365079365078,1.5,6.0,1.0,0.2648292007235476,0.3324146003617737,0.9983058608058608,0.976190476190476,0.71875,3.0,1.0,0.2648292007235476,0.3324146003617737
1428,0.9855311355311354,0.9117063492063491,2.28125,9.0,1.0,0.24215407732983782,0.2614151588826644,0.999084249084249,0.9821428571428571,0.53125,2.0,1.0,0.24215407732983782,0.2614151588826644
1429,0.9831043956043956,0.9067460317460316,2.40625,10.0,1.0,0.33165533638884837,0.3080855755814403,0.9983974358974358,0.9771825396825397,0.71875,3.0,1.0,0.33165533638884837,0.3080855755814403
1430,0.9702838827838827,0.863095238095238,3.3125,12.0,0.6666666666666666,0.41159546437687994,0.33820011313141063,0.9831959706959705,0.8978174603174603,2.375,13.0,0.6666666666666666,0.41159546437687994,0.33820011313141063
1431,0.9766483516483515,0.886904761904762,2.8125,12.0,1.0,0.3330954757893015,0.2718044217451597,0.9959249084249083,0.9593253968253969,1.15625,4.0,1.0,0.3330954757893015,0.2718044217451597
1432,0.9858974358974358,0.9146825396825395,2.3125,10.0,0.8181818181818182,0.34177051087647553,0.35595207535846873,0.9962912087912087,0.9573412698412698,1.1875,4.0,0.8181818181818182,0.34177051087647553,0.35595207535846873
1433,0.9826923076923074,0.9027777777777778,2.53125,10.0,0.8181818181818182,0.29977235402582647,0.2789145968635771,0.9961996336996336,0.9573412698412698,1.1875,4.0,0.8181818181818182,0.29977235402582647,0.2789145968635771
1434,0.9869963369963369,0.9196428571428571,2.125,8.0,1.0,0.2637518022214369,0.3049492191498891,0.9984432234432232,0.9781746031746031,0.6875,3.0,1.0,0.2637518022214369,0.3049492191498891
1435,0.9943681318681318,0.9464285714285714,1.4375,6.0,0.6666666666666666,0.34938619257175874,0.3746930962858793,0.993131868131868,0.939484126984127,1.59375,7.0,0.6666666666666666,0.34938619257175874,0.3746930962858793
1436,0.9919413919413917,0.9365079365079365,1.71875,7.0,1.0,0.26656305335823816,0.3039810635716538,0.9980311355311355,0.9732142857142856,0.8125,4.0,1.0,0.26656305335823816,0.3039810635716538
1437,0.9846611721611721,0.9107142857142857,2.34375,14.0,0.6666666666666666,0.40374845989933816,0.3908425123337078,0.9829212454212453,0.9037698412698412,2.28125,15.0,0.6666666666666666,0.40374845989933816,0.3908425123337078
1438,0.9929029304029302,0.9434523809523809,1.5,7.0,1.0,0.20325187238839112,0.2705608186135307,0.9989010989010987,0.9821428571428571,0.53125,3.0,1.0,0.20325187238839112,0.2705608186135307
1439,0.9899267399267396,0.927579365079365,1.90625,8.0,1.0,0.18794302045406625,0.2501163368000375,0.9975274725274724,0.9742063492063492,0.78125,5.0,1.0,0.18794302045406625,0.2501163368000375
1440,0.9844322344322343,0.9117063492063491,2.25,10.0,1.0,0.33014698858207076,0.33835103625096613,0.9984432234432232,0.976190476190476,0.75,3.0,1.0,0.33014698858207076,0.33835103625096613
1441,0.8432692307692307,0.8055555555555556,4.84375,47.0,0.8181818181818182,0.41036267739344917,0.32893504562265896,0.8353021978021977,0.8422619047619047,4.5625,53.0,0.8181818181818182,0.41036267739344917,0.32893504562265896
1442,0.9951007326007326,0.9533730158730157,1.28125,6.0,1.0,0.1939524597174915,0.2933583282777038,0.9975274725274724,0.9702380952380952,0.875,4.0,1.0,0.1939524597174915,0.2933583282777038
1443,0.9800824175824175,0.8948412698412699,2.5625,10.0,0.8181818181818182,0.2862864776786139,0.27934164826436303,0.9960164835164834,0.9573412698412698,1.21875,5.0,0.8181818181818182,0.2862864776786139,0.27934164826436303
1444,0.9906593406593405,0.929563492063492,1.8125,7.0,1.0,0.3011463008775642,0.31327413304728824,0.998992673992674,0.9821428571428571,0.5625,2.0,1.0,0.3011463008775642,0.31327413304728824
1445,0.9900641025641025,0.9255952380952381,1.9375,7.0,0.8181818181818182,0.3226889142544068,0.30998137899463785,0.9979395604395603,0.9722222222222222,0.8125,3.0,0.8181818181818182,0.3226889142544068,0.30998137899463785
1446,0.979120879120879,0.8928571428571428,2.6875,11.0,0.8181818181818182,0.42893993601871155,0.4144699680093557,0.9888736263736262,0.923611111111111,2.03125,12.0,0.8181818181818182,0.42893993601871155,0.4144699680093557
1447,0.9833333333333332,0.9057539682539683,2.40625,11.0,0.8181818181818182,0.3126068289072696,0.3219378576752039,0.991025641025641,0.9365079365079365,1.59375,12.0,0.8181818181818182,0.3126068289072696,0.3219378576752039
1448,0.991620879120879,0.9365079365079365,1.625,8.0,1.0,0.26407583020064795,0.3280185314802938,0.9988553113553114,0.9811507936507935,0.53125,3.0,1.0,0.26407583020064795,0.3280185314802938
1449,0.9938186813186812,0.9434523809523809,1.46875,6.0,1.0,0.382453674132196,0.391226837066098,0.9957875457875456,0.9563492063492064,1.1875,4.0,1.0,0.382453674132196,0.391226837066098
1450,0.9915293040293041,0.933531746031746,1.8125,7.0,0.8181818181818182,0.19241460821708037,0.2722448652812069,0.9972985347985347,0.9662698412698413,1.03125,4.0,0.8181818181818182,0.19241460821708037,0.2722448652812069
1451,0.984981684981685,0.9117063492063491,2.3125,9.0,1.0,0.33046358616462135,0.31476830808778206,0.9988095238095237,0.9801587301587301,0.625,3.0,1.0,0.33046358616462135,0.31476830808778206
1452,0.8499542124542123,0.798611111111111,4.96875,46.0,0.8181818181818182,0.447940252387965,0.34655397751705713,0.8440476190476189,0.8412698412698413,4.46875,52.0,0.8181818181818182,0.447940252387965,0.34655397751705713
1453,0.9874542124542124,0.9206349206349207,2.0625,8.0,1.0,0.3104393751832365,0.3374042296974408,0.9988553113553114,0.9831349206349206,0.53125,3.0,1.0,0.3104393751832365,0.3374042296974408
1454,0.9685897435897435,0.8839285714285713,3.03125,20.0,1.0,0.2598939723588589,0.2692568367736429,0.9753205128205128,0.9325396825396824,1.96875,20.0,1.0,0.2598939723588589,0.2692568367736429
1455,0.9852564102564101,0.9146825396825395,2.15625,10.0,1.0,0.25989101863703973,0.2576423132064039,0.9984432234432232,0.9751984126984127,0.75,2.0,1.0,0.25989101863703973,0.2576423132064039
1456,0.9843406593406593,0.9077380952380952,2.28125,10.0,0.8181818181818182,0.2988266913718813,0.3232265673384319,0.997161172161172,0.9642857142857143,1.0,4.0,0.8181818181818182,0.2988266913718813,0.3232265673384319
1457,0.9894688644688644,0.9216269841269841,2.03125,8.0,0.8181818181818182,0.2895810890835935,0.2725246122488072,0.996565934065934,0.9623015873015872,1.09375,4.0,0.8181818181818182,0.2895810890835935,0.2725246122488072
1458,0.987912087912088,0.9166666666666666,2.125,8.0,1.0,0.31524518252372724,0.30767253879363626,0.999175824175824,0.9851190476190476,0.46875,2.0,1.0,0.31524518252372724,0.30767253879363626
1459,0.9845238095238095,0.9077380952380952,2.21875,10.0,1.0,0.2628176548697566,0.2888269316437826,0.9980311355311355,0.9702380952380952,0.84375,3.0,1.0,0.2628176548697566,0.2888269316437826
1460,0.9840201465201464,0.9077380952380952,2.3125,10.0,0.8181818181818182,0.27215349644248665,0.2975387090863748,0.9954670329670329,0.9523809523809523,1.3125,5.0,0.8181818181818182,0.27215349644248665,0.2975387090863748
1461,0.986492673992674,0.9186507936507936,2.0625,10.0,1.0,0.2964521824232057,0.3329062177497685,0.999084249084249,0.9831349206349206,0.53125,2.0,1.0,0.2964521824232057,0.3329062177497685
1462,0.9843864468864468,0.9077380952380952,2.375,11.0,0.6666666666666666,0.24193533493161193,0.2613404031344199,0.9888278388278388,0.9246031746031745,1.8125,12.0,0.6666666666666666,0.24193533493161193,0.2613404031344199
1463,0.9932234432234431,0.939484126984127,1.59375,7.0,1.0,0.27330440627367525,0.2942804593184984,0.997481684981685,0.9702380952380952,0.84375,3.0,1.0,0.27330440627367525,0.2942804593184984
1464,0.9819139194139193,0.8998015873015873,2.59375,10.0,0.8181818181818182,0.35240475877478444,0.33037841479135927,0.9938644688644689,0.9464285714285714,1.40625,7.0,0.8181818181818182,0.35240475877478444,0.33037841479135927
1465,0.9855311355311354,0.9126984126984127,2.25,10.0,0.8181818181818182,0.34949181399430823,0.35123015062628593,0.9932692307692307,0.9434523809523809,1.40625,9.0,0.8181818181818182,0.34949181399430823,0.35123015062628593
1466,0.9884615384615383,0.9166666666666666,2.1875,8.0,0.8181818181818182,0.3837978809683847,0.3303156688322132,0.9897893772893772,0.927579365079365,1.90625,7.0,0.8181818181818182,0.3837978809683847,0.3303156688322132
1467,0.9832417582417582,0.9017857142857142,2.5,10.0,1.0,0.265881807231073,0.2840586107395656,0.9956959706959705,0.9642857142857143,1.03125,8.0,1.0,0.265881807231073,0.2840586107395656
1468,0.9892857142857141,0.9206349206349207,2.03125,8.0,0.8181818181818182,0.23706671460195589,0.2918209507148147,0.9948717948717947,0.9494047619047619,1.40625,5.0,0.8181818181818182,0.23706671460195589,0.2918209507148147
1469,0.9924450549450549,0.9384920634920635,1.65625,7.0,0.8181818181818182,0.3650245790426091,0.3574442471618041,0.994459706959707,0.9494047619047619,1.46875,5.0,0.8181818181818182,0.3650245790426091,0.3574442471618041
1470,0.9857142857142855,0.9117063492063491,2.28125,10.0,1.0,0.17884793454853704,0.249206294281625,0.9961996336996336,0.9563492063492064,1.28125,4.0,1.0,0.17884793454853704,0.249206294281625
1471,0.9927197802197801,0.9404761904761904,1.59375,6.0,1.0,0.20686179349020561,0.26699560234519526,0.9993131868131866,0.9871031746031746,0.375,2.0,1.0,0.20686179349020561,0.26699560234519526
1472,0.9861721611721611,0.9136904761904762,2.1875,11.0,0.8181818181818182,0.2555612656842302,0.29834960238468367,0.9898809523809522,0.9305555555555556,1.75,12.0,0.8181818181818182,0.2555612656842302,0.29834960238468367
1473,0.9740842490842488,0.8740079365079364,3.125,16.0,0.6666666666666666,0.3016647608675779,0.2967848746574384,0.9814560439560439,0.9007936507936508,2.40625,17.0,0.6666666666666666,0.3016647608675779,0.2967848746574384
1474,0.9816849816849815,0.8978174603174603,2.5625,11.0,0.8181818181818182,0.31836282831471385,0.28228053242539836,0.9978937728937727,0.9702380952380952,0.84375,3.0,0.8181818181818182,0.31836282831471385,0.28228053242539836
1475,0.958058608058608,0.863095238095238,3.46875,25.0,1.0,0.3129493181178129,0.28355906264003444,0.9683150183150182,0.9156746031746031,2.21875,25.0,1.0,0.3129493181178129,0.28355906264003444
1476,0.9796245421245421,0.8938492063492063,2.6875,10.0,0.8181818181818182,0.27461417501265595,0.27976443500004056,0.9967032967032966,0.9623015873015872,1.03125,4.0,0.8181818181818182,0.27461417501265595,0.27976443500004056
1477,0.993131868131868,0.9404761904761904,1.59375,7.0,1.0,0.17989015822226095,0.28681289086606354,0.9960164835164834,0.9573412698412698,1.15625,5.0,1.0,0.17989015822226095,0.28681289086606354
1478,0.9917582417582417,0.9374999999999999,1.625,7.0,1.0,0.34762273000139904,0.3671938209964292,0.999267399267399,0.986111111111111,0.40625,2.0,1.0,0.34762273000139904,0.3671938209964292
1479,0.9863095238095235,0.9156746031746031,2.25,10.0,0.8181818181818182,0.25099745847488614,0.2840896674877611,0.9967948717948718,0.9623015873015872,1.03125,4.0,0.8181818181818182,0.25099745847488614,0.2840896674877611
1480,0.9679029304029303,0.8571428571428571,3.4375,17.0,0.6666666666666666,0.35289806434429577,0.2951361423847575,0.9777472527472526,0.8859126984126984,2.6875,18.0,0.6666666666666666,0.35289806434429577,0.2951361423847575
1481,0.9962912087912087,0.9603174603174602,1.0625,6.0,1.0,0.1301630432793733,0.2436904486625446,0.9957875457875456,0.9593253968253969,1.15625,5.0,1.0,0.1301630432793733,0.2436904486625446
1482,0.8526556776556776,0.8005952380952381,4.96875,46.0,0.8181818181818182,0.44660246219228683,0.36607229868370683,0.8444139194139194,0.8273809523809523,4.5625,52.0,0.8181818181818182,0.44660246219228683,0.36607229868370683
1483,0.9930860805860805,0.9424603174603173,1.625,7.0,1.0,0.31575384786067157,0.3575290539450841,0.9982142857142856,0.9751984126984127,0.71875,3.0,1.0,0.31575384786067157,0.3575290539450841
1484,0.99253663003663,0.939484126984127,1.625,7.0,1.0,0.4259167523106408,0.4129583761553204,0.9992216117216116,0.986111111111111,0.40625,2.0,1.0,0.4259167523106408,0.4129583761553204
1485,0.9847985347985345,0.9117063492063491,2.25,10.0,0.8181818181818182,0.2582083829532606,0.28871036710346387,0.9929487179487179,0.9424603174603173,1.4375,10.0,0.8181818181818182,0.2582083829532606,0.28871036710346387
1486,0.981639194139194,0.9007936507936508,2.65625,10.0,0.8181818181818182,0.20672958262344143,0.27929380099187584,0.9901556776556775,0.929563492063492,1.875,10.0,0.8181818181818182,0.20672958262344143,0.27929380099187584
1487,0.9815934065934065,0.8998015873015873,2.5,10.0,1.0,0.35349531001089685,0.3581824109144429,0.9976190476190474,0.9702380952380952,0.84375,4.0,1.0,0.35349531001089685,0.3581824109144429
1488,0.99253663003663,0.941468253968254,1.5625,7.0,0.8181818181818182,0.2869333365837833,0.3402239052316295,0.9964743589743588,0.9623015873015872,1.03125,5.0,0.8181818181818182,0.2869333365837833,0.3402239052316295
1489,0.9804487179487179,0.8928571428571428,2.65625,10.0,0.8181818181818182,0.22814269694516837,0.28155750044495637,0.9908882783882783,0.929563492063492,1.75,9.0,0.8181818181818182,0.22814269694516837,0.28155750044495637
1490,0.966620879120879,0.8759920634920634,3.15625,22.0,1.0,0.25753647442640687,0.27919514636766574,0.9731227106227104,0.9186507936507936,2.15625,22.0,1.0,0.25753647442640687,0.27919514636766574
1491,0.9956043956043955,0.9533730158730157,1.25,6.0,1.0,0.1415420856678065,0.24508069217309697,0.9963827838827837,0.9623015873015872,1.03125,5.0,1.0,0.1415420856678065,0.24508069217309697
1492,0.9886446886446886,0.923611111111111,1.96875,8.0,1.0,0.3135967763554156,0.3402475090276305,0.9998168498168497,0.9960317460317459,0.125,1.0,1.0,0.3135967763554156,0.3402475090276305
1493,0.987912087912088,0.9176587301587302,2.125,8.0,1.0,0.2605728089543597,0.2609798798267642,0.9992216117216116,0.986111111111111,0.4375,2.0,1.0,0.2605728089543597,0.2609798798267642
1494,0.9681318681318679,0.8571428571428571,3.46875,18.0,0.6666666666666666,0.4717367317148237,0.36537216862617766,0.9768315018315018,0.8859126984126984,2.6875,19.0,0.6666666666666666,0.4717367317148237,0.36537216862617766
1495,0.9939560439560439,0.9444444444444444,1.46875,6.0,1.0,0.2858713274630988,0.3374504185010845,0.9927197802197801,0.939484126984127,1.625,5.0,1.0,0.2858713274630988,0.3374504185010845
1496,0.9846611721611721,0.9067460317460316,2.34375,10.0,1.0,0.20604655259894916,0.25241912872879113,0.9967490842490841,0.9652777777777777,1.03125,5.0,1.0,0.20604655259894916,0.25241912872879113
1497,0.9808150183150182,0.8968253968253967,2.53125,10.0,1.0,0.308182859043571,0.30580172656406934,0.9970695970695969,0.9632936507936507,1.03125,4.0,1.0,0.308182859043571,0.30580172656406934
1498,0.9902930402930401,0.9305555555555556,1.8125,7.0,1.0,0.3463792961513725,0.3674107552920536,0.999267399267399,0.9871031746031746,0.40625,2.0,1.0,0.3463792961513725,0.3674107552920536
1499,0.9907509157509157,0.9325396825396824,1.78125,7.0,1.0,0.3108866661668671,0.35544333308343357,0.9990384615384613,0.9851190476190476,0.46875,2.0,1.0,0.3108866661668671,0.35544333308343357
1500,0.9861263736263735,0.9136904761904762,2.1875,8.0,1.0,0.30082335083825645,0.3060343612624381,0.9989010989010987,0.9821428571428571,0.53125,3.0,1.0,0.30082335083825645,0.3060343612624381
1501,0.9899725274725273,0.9265873015873015,1.9375,8.0,0.8181818181818182,0.24069705132417674,0.2797916800160067,0.9959249084249083,0.9573412698412698,1.21875,4.0,0.8181818181818182,0.24069705132417674,0.2797916800160067
1502,0.9920329670329668,0.9325396825396824,1.78125,7.0,1.0,0.20228968078618006,0.26954937577462473,0.9968406593406592,0.9632936507936507,0.9375,5.0,1.0,0.20228968078618006,0.26954937577462473
1503,0.9843406593406593,0.9097222222222221,2.3125,9.0,1.0,0.28665016833130624,0.273184275716415,0.9986721611721611,0.9801587301587301,0.625,3.0,1.0,0.28665016833130624,0.273184275716415
1504,0.9920329670329668,0.9374999999999999,1.59375,7.0,1.0,0.1899118784998509,0.2554942255774553,0.9988095238095237,0.9801587301587301,0.59375,3.0,1.0,0.1899118784998509,0.2554942255774553
1505,0.9824633699633698,0.9047619047619047,2.40625,11.0,0.8181818181818182,0.24008681884961358,0.264312226252649,0.9912545787545786,0.9355158730158729,1.5625,12.0,0.8181818181818182,0.24008681884961358,0.264312226252649
1506,0.9844322344322343,0.9097222222222221,2.34375,10.0,1.0,0.2497375030571544,0.2595605827405262,0.9979853479853479,0.9742063492063492,0.78125,4.0,1.0,0.2497375030571544,0.2595605827405262
1507,0.984981684981685,0.9146825396825395,2.3125,15.0,0.8181818181818182,0.2372725994871622,0.3068592636803118,0.9844780219780219,0.9355158730158729,1.6875,21.0,0.8181818181818182,0.2372725994871622,0.3068592636803118
1508,0.9818223443223442,0.8998015873015873,2.53125,10.0,0.8181818181818182,0.23130893842614136,0.29148175926444686,0.9967032967032966,0.9623015873015872,1.09375,4.0,0.8181818181818182,0.23130893842614136,0.29148175926444686
1509,0.9861721611721611,0.9146825396825395,2.1875,10.0,1.0,0.2981235296086149,0.3179353328963925,0.9993589743589743,0.9871031746031746,0.40625,2.0,1.0,0.2981235296086149,0.3179353328963925
1510,0.9862637362637361,0.9166666666666666,2.25,10.0,0.8181818181818182,0.23231766785648755,0.26004258663272045,0.9961538461538461,0.9573412698412698,1.125,5.0,0.8181818181818182,0.23231766785648755,0.26004258663272045
1511,0.9853937728937727,0.9117063492063491,2.21875,10.0,1.0,0.27494583894987323,0.2728668498979525,0.9991300366300366,0.984126984126984,0.5,2.0,1.0,0.27494583894987323,0.2728668498979525
1512,0.9836996336996336,0.9067460317460316,2.34375,9.0,1.0,0.25629062322704044,0.2615440198389025,0.9982600732600732,0.9751984126984127,0.75,4.0,1.0,0.25629062322704044,0.2615440198389025
1513,0.9739468864468862,0.8898809523809524,2.84375,17.0,1.0,0.2700126057685568,0.28945761434639516,0.9774725274725273,0.9424603174603173,1.71875,23.0,1.0,0.2700126057685568,0.28945761434639516
1514,0.9886904761904761,0.9166666666666666,2.28125,8.0,0.8181818181818182,0.2386059900926066,0.3193029950463032,0.989102564102564,0.9216269841269841,2.0625,7.0,0.8181818181818182,0.2386059900926066,0.3193029950463032
1515,0.9919413919413917,0.9365079365079365,1.65625,7.0,1.0,0.15977570113965786,0.265608116209867,0.9980769230769231,0.9751984126984127,0.78125,5.0,1.0,0.15977570113965786,0.265608116209867
1516,0.9903846153846152,0.9345238095238094,1.71875,7.0,1.0,0.3081516485676876,0.3540758242838439,0.9967032967032966,0.9632936507936507,1.03125,5.0,1.0,0.3081516485676876,0.3540758242838439
1517,0.9847069597069595,0.9107142857142857,2.1875,10.0,0.8181818181818182,0.30123033934715,0.33059043212956557,0.9968864468864468,0.9613095238095238,1.125,4.0,0.8181818181818182,0.30123033934715,0.33059043212956557
1518,0.9941849816849815,0.9474206349206349,1.40625,6.0,1.0,0.2890220083785673,0.3331262253295081,0.9984890109890108,0.9801587301587301,0.59375,3.0,1.0,0.2890220083785673,0.3331262253295081
1519,0.9880036630036629,0.9176587301587302,2.15625,8.0,1.0,0.40035803988433083,0.3762840190050202,0.9985805860805859,0.9801587301587301,0.59375,3.0,1.0,0.40035803988433083,0.3762840190050202
1520,0.9732142857142856,0.8859126984126984,2.875,17.0,1.0,0.2966105620546643,0.31779537695677956,0.9767399267399265,0.9305555555555556,1.9375,23.0,1.0,0.2966105620546643,0.31779537695677956
1521,0.9803571428571426,0.8928571428571428,2.71875,10.0,0.8181818181818182,0.3849094553415421,0.36217850141466074,0.9940018315018313,0.9434523809523809,1.4375,6.0,0.8181818181818182,0.3849094553415421,0.36217850141466074
1522,0.9857142857142855,0.9136904761904762,2.1875,10.0,1.0,0.2996050769105101,0.3131513905186409,0.9992216117216116,0.986111111111111,0.4375,2.0,1.0,0.2996050769105101,0.3131513905186409
1523,0.9845695970695969,0.9087301587301587,2.3125,10.0,1.0,0.27546219147233075,0.2753135200877694,0.9989468864468863,0.9811507936507935,0.5625,2.0,1.0,0.27546219147233075,0.2753135200877694
1524,0.9906593406593405,0.9325396825396824,1.78125,8.0,1.0,0.25411000102123893,0.3078783469516612,0.9984890109890108,0.9791666666666667,0.625,4.0,1.0,0.25411000102123893,0.3078783469516612
1525,0.9870421245421244,0.9156746031746031,2.15625,9.0,1.0,0.22126179972457086,0.2645336414391732,0.9974358974358973,0.976190476190476,0.71875,6.0,1.0,0.22126179972457086,0.2645336414391732
1526,0.9873168498168498,0.9156746031746031,2.15625,8.0,0.8181818181818182,0.34223189862933334,0.317971614648767,0.9984432234432232,0.976190476190476,0.6875,3.0,0.8181818181818182,0.34223189862933334,0.317971614648767
1527,0.9858516483516482,0.9146825396825395,2.1875,10.0,0.8181818181818182,0.3685870839829053,0.37760257209975095,0.9953754578754578,0.9553571428571428,1.25,6.0,0.8181818181818182,0.3685870839829053,0.37760257209975095
1528,0.9853937728937727,0.9136904761904762,2.15625,10.0,1.0,0.22779604339450427,0.2522831367968411,0.9984432234432232,0.9742063492063492,0.75,3.0,1.0,0.22779604339450427,0.2522831367968411
1529,0.9914835164835164,0.9365079365079365,1.6875,7.0,1.0,0.27180059270655843,0.30540898707259895,0.999267399267399,0.9871031746031746,0.375,2.0,1.0,0.27180059270655843,0.30540898707259895
1530,0.9790293040293039,0.8938492063492063,2.65625,12.0,1.0,0.34781559511236393,0.29338796316102184,0.9970238095238094,0.9662698412698413,1.0,4.0,1.0,0.34781559511236393,0.29338796316102184
1531,0.9780677655677654,0.8859126984126984,2.875,11.0,0.8181818181818182,0.3591517480115584,0.3110121016288457,0.9897893772893772,0.9285714285714286,1.75,12.0,0.8181818181818182,0.3591517480115584,0.3110121016288457
1532,0.9904761904761904,0.9305555555555556,1.875,8.0,0.8181818181818182,0.19277405639453285,0.24652662312893323,0.9958333333333333,0.9553571428571428,1.15625,5.0,0.8181818181818182,0.19277405639453285,0.24652662312893323
1533,0.9888278388278388,0.9246031746031745,1.9375,8.0,1.0,0.32226743017017334,0.3407210853042956,0.9996794871794871,0.9930555555555555,0.21875,1.0,1.0,0.32226743017017334,0.3407210853042956
1534,0.9888736263736262,0.923611111111111,2.09375,9.0,1.0,0.2807026465886456,0.2941989361274689,0.9975274725274724,0.9682539682539681,0.875,3.0,1.0,0.2807026465886456,0.2941989361274689
1535,0.9857142857142855,0.9146825396825395,2.21875,10.0,1.0,0.306780025334638,0.31356075379312826,0.9993131868131866,0.9871031746031746,0.40625,2.0,1.0,0.306780025334638,0.31356075379312826
1536,0.9915750915750915,0.933531746031746,1.75,7.0,1.0,0.18536506847613837,0.28199933931775,0.9927197802197801,0.9523809523809523,1.28125,13.0,1.0,0.18536506847613837,0.28199933931775
1537,0.9836996336996336,0.9057539682539683,2.46875,10.0,1.0,0.23873661981060573,0.2723053075500006,0.9945512820512821,0.9682539682539681,0.9375,10.0,1.0,0.23873661981060573,0.2723053075500006
1538,0.9898351648351646,0.923611111111111,1.9375,7.0,0.8181818181818182,0.24026010897851868,0.2704729533296488,0.9985347985347984,0.976190476190476,0.65625,2.0,0.8181818181818182,0.24026010897851868,0.2704729533296488
1539,0.9898351648351646,0.929563492063492,1.84375,8.0,1.0,0.23954025768839923,0.3093664450339514,0.9988095238095237,0.9801587301587301,0.59375,2.0,1.0,0.23954025768839923,0.3093664450339514
1540,0.9843864468864468,0.9037698412698412,2.5,9.0,0.8181818181818182,0.24584267214512928,0.3101856409800685,0.9963369963369962,0.9623015873015872,1.15625,6.0,0.8181818181818182,0.24584267214512928,0.3101856409800685
1541,0.9826923076923074,0.9027777777777778,2.59375,11.0,1.0,0.22897039434334532,0.2646011970902751,0.9907967032967033,0.9632936507936507,1.125,13.0,1.0,0.22897039434334532,0.2646011970902751
1542,0.9961996336996336,0.9603174603174602,1.09375,6.0,1.0,0.2538656768028885,0.3269328384014442,0.9966117216117215,0.9652777777777777,1.0,5.0,1.0,0.2538656768028885,0.3269328384014442
1543,0.9692307692307692,0.8690476190476191,3.3125,18.0,0.8181818181818182,0.2837673955655261,0.3097649069815385,0.9814102564102563,0.9057539682539683,2.40625,18.0,0.8181818181818182,0.2837673955655261,0.3097649069815385
1544,0.9903388278388278,0.931547619047619,1.84375,8.0,0.8181818181818182,0.2662381108372832,0.31398358724283715,0.996565934065934,0.9623015873015872,1.03125,5.0,0.8181818181818182,0.2662381108372832,0.31398358724283715
1545,0.9859890109890108,0.9156746031746031,2.125,10.0,1.0,0.26881727631903773,0.29984834791975745,0.9990384615384613,0.9821428571428571,0.5,2.0,1.0,0.26881727631903773,0.29984834791975745
1546,0.9869047619047617,0.9107142857142857,2.40625,8.0,0.8181818181818182,0.40306716891784855,0.3290404841484162,0.9925824175824175,0.939484126984127,1.59375,7.0,0.8181818181818182,0.40306716891784855,0.3290404841484162
1547,0.9837912087912087,0.8988095238095237,2.59375,9.0,0.8181818181818182,0.4679736100600213,0.37640994039790066,0.9951007326007326,0.9494047619047619,1.375,5.0,0.8181818181818182,0.4679736100600213,0.37640994039790066
1548,0.9926739926739926,0.9404761904761904,1.5,9.0,0.6666666666666666,0.3119509609633968,0.3559754804816984,0.9889194139194138,0.923611111111111,1.875,10.0,0.6666666666666666,0.3119509609633968,0.3559754804816984
1549,0.9833791208791208,0.9057539682539683,2.46875,10.0,0.8181818181818182,0.20698107694091042,0.2720992720616772,0.9924450549450549,0.9384920634920635,1.65625,8.0,0.8181818181818182,0.20698107694091042,0.2720992720616772
1550,0.988095238095238,0.9186507936507936,2.0625,11.0,0.6666666666666666,0.15298506456155747,0.25817076382792953,0.9893315018315018,0.9255952380952381,1.875,12.0,0.6666666666666666,0.15298506456155747,0.25817076382792953
1551,0.994734432234432,0.9494047619047619,1.34375,6.0,1.0,0.2678980733633656,0.31053220283151356,0.990705128205128,0.9365079365079365,1.78125,7.0,1.0,0.2678980733633656,0.31053220283151356
1552,0.9866300366300367,0.9136904761904762,2.1875,12.0,0.6666666666666666,0.41420139340749806,0.40125193764602896,0.9868131868131866,0.9166666666666666,1.96875,13.0,0.6666666666666666,0.41420139340749806,0.40125193764602896
1553,0.9846611721611721,0.9097222222222221,2.3125,10.0,1.0,0.253550737233038,0.2508495477231625,0.9989010989010987,0.9801587301587301,0.59375,2.0,1.0,0.253550737233038,0.2508495477231625
1554,0.9870879120879119,0.9136904761904762,2.25,8.0,0.8181818181818182,0.3537072734218158,0.3238386114836888,0.9981684981684982,0.9742063492063492,0.78125,3.0,0.8181818181818182,0.3537072734218158,0.3238386114836888
1555,0.9903388278388278,0.931547619047619,1.71875,8.0,1.0,0.24488752306894418,0.295741743086711,0.9994047619047619,0.988095238095238,0.34375,2.0,1.0,0.24488752306894418,0.295741743086711
1556,0.9711080586080585,0.8859126984126984,2.9375,22.0,0.8181818181818182,0.26701811034352774,0.2814494363918715,0.9775641025641023,0.9226190476190474,2.09375,22.0,0.8181818181818182,0.26701811034352774,0.2814494363918715
1557,0.9854853479853479,0.9146825396825395,2.1875,10.0,1.0,0.2536288279763798,0.25507378160946265,0.999084249084249,0.9831349206349206,0.53125,2.0,1.0,0.2536288279763798,0.25507378160946265
1558,0.9929487179487179,0.9374999999999999,1.65625,6.0,1.0,0.26301634305156407,0.29742176209573296,0.9979853479853479,0.9742063492063492,0.75,3.0,1.0,0.26301634305156407,0.29742176209573296
1559,0.9872710622710622,0.9146825396825395,2.1875,9.0,0.8181818181818182,0.31299920741901266,0.28821500107078746,0.9979853479853479,0.9712301587301586,0.8125,3.0,0.8181818181818182,0.31299920741901266,0.28821500107078746
1560,0.9830586080586079,0.9027777777777778,2.46875,11.0,1.0,0.32103556586365445,0.2830249018855643,0.9982600732600732,0.9751984126984127,0.78125,3.0,1.0,0.32103556586365445,0.2830249018855643
1561,0.995054945054945,0.9533730158730157,1.28125,6.0,1.0,0.31595919164221964,0.3579795958211099,0.9957417582417581,0.9543650793650793,1.25,5.0,1.0,0.31595919164221964,0.3579795958211099
1562,0.9840201465201464,0.9077380952380952,2.28125,10.0,1.0,0.29313130200569343,0.32296247957674507,0.9979395604395603,0.9702380952380952,0.875,3.0,1.0,0.29313130200569343,0.32296247957674507
1563,0.9900641025641025,0.9246031746031745,2.0,7.0,1.0,0.191553334085071,0.2764306857064637,0.9971153846153845,0.9751984126984127,0.71875,8.0,1.0,0.191553334085071,0.2764306857064637
1564,0.9915293040293041,0.9355158730158729,1.78125,7.0,1.0,0.3112301521962223,0.32332841428777265,0.9989468864468863,0.984126984126984,0.46875,3.0,1.0,0.3112301521962223,0.32332841428777265
1565,0.986584249084249,0.9186507936507936,2.03125,10.0,1.0,0.21336275775111535,0.24404621904868987,0.9983058608058608,0.9732142857142856,0.78125,2.0,1.0,0.21336275775111535,0.24404621904868987
1566,0.9874999999999998,0.9176587301587302,2.1875,8.0,1.0,0.19650873779297212,0.26116104053063877,0.9978021978021977,0.9781746031746031,0.65625,5.0,1.0,0.19650873779297212,0.26116104053063877
1567,0.9887820512820512,0.923611111111111,2.03125,8.0,1.0,0.24211770365012655,0.26085298698675535,0.9994963369963369,0.9900793650793651,0.3125,2.0,1.0,0.24211770365012655,0.26085298698675535
1568,0.9807234432234432,0.8988095238095237,2.59375,16.0,0.6666666666666666,0.4125219926650452,0.3783465580421935,0.9798076923076922,0.8958333333333333,2.40625,17.0,0.6666666666666666,0.4125219926650452,0.3783465580421935
1569,0.9933150183150181,0.941468253968254,1.5625,7.0,1.0,0.2479522562704002,0.2737535678058596,0.9967948717948718,0.9642857142857143,1.03125,4.0,1.0,0.2479522562704002,0.2737535678058596
1570,0.9808608058608058,0.8988095238095237,2.625,10.0,0.8181818181818182,0.327789504232303,0.29713069276033377,0.9973443223443224,0.9672619047619048,0.90625,4.0,0.8181818181818182,0.327789504232303,0.29713069276033377
1571,0.9867216117216117,0.9176587301587302,2.03125,10.0,1.0,0.18650621852988836,0.24938143542226324,0.997481684981685,0.9662698412698413,1.0,4.0,1.0,0.18650621852988836,0.24938143542226324
1572,0.9858516483516482,0.9146825396825395,2.1875,10.0,1.0,0.29345037134341767,0.3075722411221796,0.9980769230769231,0.9732142857142856,0.8125,3.0,1.0,0.29345037134341767,0.3075722411221796
1573,0.9909798534798533,0.929563492063492,1.8125,7.0,1.0,0.348290604561571,0.3318089858834441,0.9976648351648351,0.9702380952380952,0.8125,4.0,1.0,0.348290604561571,0.3318089858834441
1574,0.9859432234432235,0.9156746031746031,2.25,10.0,1.0,0.29776925819656824,0.3216782392223261,0.99775641025641,0.9702380952380952,0.875,4.0,1.0,0.29776925819656824,0.3216782392223261
1575,0.9899725274725273,0.9305555555555556,1.84375,8.0,0.8181818181818182,0.3116946187079741,0.3422623980527027,0.9951923076923076,0.9533730158730157,1.21875,6.0,0.8181818181818182,0.3116946187079741,0.3422623980527027
1576,0.9840201465201464,0.9057539682539683,2.34375,10.0,0.8181818181818182,0.24835383816879025,0.25871745653201283,0.996245421245421,0.9583333333333333,1.15625,4.0,0.8181818181818182,0.24835383816879025,0.25871745653201283
1577,0.9876831501831501,0.9166666666666666,2.125,8.0,1.0,0.3281136966080237,0.3161525837565531,0.9990384615384613,0.9831349206349206,0.53125,2.0,1.0,0.3281136966080237,0.3161525837565531
1578,0.9926282051282049,0.941468253968254,1.53125,7.0,1.0,0.31103109543029156,0.3555155477151457,0.9985805860805859,0.9781746031746031,0.59375,3.0,1.0,0.31103109543029156,0.3555155477151457
1579,0.9744047619047618,0.8819444444444444,2.96875,18.0,0.5384615384615384,0.43289230368853515,0.38304646717125534,0.9768772893772891,0.8908730158730158,2.5625,19.0,0.5384615384615384,0.43289230368853515,0.38304646717125534
1580,0.9891483516483515,0.9246031746031745,1.9375,7.0,1.0,0.2810666258258279,0.34053331291291394,0.9988553113553114,0.9811507936507935,0.5625,3.0,1.0,0.2810666258258279,0.34053331291291394
1581,0.9836538461538461,0.9087301587301587,2.34375,10.0,1.0,0.2678215043978277,0.2511283537983087,0.9983974358974358,0.9771825396825397,0.71875,3.0,1.0,0.2678215043978277,0.2511283537983087
1582,0.9915293040293041,0.933531746031746,1.75,7.0,0.8181818181818182,0.2828450383756259,0.28318595036725563,0.9954670329670329,0.9543650793650793,1.3125,4.0,0.8181818181818182,0.2828450383756259,0.28318595036725563
1583,0.9952838827838826,0.9503968253968254,1.3125,5.0,1.0,0.1252472225952647,0.22617686121407815,0.997481684981685,0.9692460317460317,0.90625,4.0,1.0,0.1252472225952647,0.22617686121407815
1584,0.9884615384615383,0.923611111111111,1.96875,8.0,0.8181818181818182,0.3133621885839438,0.3549412280111854,0.9956959706959705,0.9563492063492064,1.1875,5.0,0.8181818181818182,0.3133621885839438,0.3549412280111854
1585,0.9709706959706959,0.8710317460317459,3.28125,13.0,0.8181818181818182,0.2432298789985111,0.3002441048830362,0.9830586080586079,0.9017857142857142,2.4375,13.0,0.8181818181818182,0.2432298789985111,0.3002441048830362
1586,0.9807692307692307,0.8948412698412699,2.53125,10.0,0.8181818181818182,0.27827426097891483,0.2714889367155118,0.9960164835164834,0.9553571428571428,1.21875,4.0,0.8181818181818182,0.27827426097891483,0.2714889367155118
1587,0.984065934065934,0.9087301587301587,2.28125,10.0,0.8181818181818182,0.2876818505684972,0.3245079577461868,0.997161172161172,0.9632936507936507,1.0625,4.0,0.8181818181818182,0.2876818505684972,0.3245079577461868
1588,0.9869963369963369,0.9206349206349207,2.03125,10.0,1.0,0.2305132485231051,0.2411091498030442,0.999084249084249,0.9831349206349206,0.53125,2.0,1.0,0.2305132485231051,0.2411091498030442
1589,0.9869505494505493,0.9156746031746031,2.0625,8.0,1.0,0.29393691067340255,0.3469684553367013,0.99757326007326,0.9702380952380952,0.9375,4.0,1.0,0.29393691067340255,0.3469684553367013
1590,0.9879578754578754,0.9196428571428571,2.0,11.0,0.6666666666666666,0.2177309151879429,0.27541501951293973,0.9896520146520146,0.9325396825396824,1.75,12.0,0.6666666666666666,0.2177309151879429,0.27541501951293973
1591,0.9842948717948719,0.9077380952380952,2.34375,10.0,1.0,0.26142221187390813,0.2822220703946736,0.9983058608058608,0.976190476190476,0.75,3.0,1.0,0.26142221187390813,0.2822220703946736
1592,0.9962912087912087,0.9632936507936507,1.03125,6.0,1.0,0.251263243577458,0.325631621788729,0.9953296703296702,0.9543650793650793,1.25,5.0,1.0,0.251263243577458,0.325631621788729
1593,0.9895146520146519,0.9226190476190474,2.03125,8.0,0.8181818181818182,0.27692951633711516,0.283595051982626,0.9967490842490841,0.9632936507936507,1.03125,4.0,0.8181818181818182,0.27692951633711516,0.283595051982626
1594,0.9831959706959705,0.9037698412698412,2.34375,10.0,1.0,0.2663997546381114,0.2882858738222407,0.9971153846153845,0.9623015873015872,1.09375,4.0,1.0,0.2663997546381114,0.2882858738222407
1595,0.974587912087912,0.8779761904761905,3.09375,14.0,0.8181818181818182,0.25236407295818575,0.28013107761270956,0.986492673992674,0.9265873015873015,2.0,14.0,0.8181818181818182,0.25236407295818575,0.28013107761270956
1596,0.9861263736263735,0.9097222222222221,2.1875,12.0,0.6666666666666666,0.3430271118826184,0.3495399978152309,0.9874999999999998,0.9206349206349207,1.90625,13.0,0.6666666666666666,0.3430271118826184,0.3495399978152309
1597,0.989606227106227,0.923611111111111,2.0,8.0,1.0,0.2589933334182542,0.2858714104872505,0.9986721611721611,0.9821428571428571,0.46875,3.0,1.0,0.2589933334182542,0.2858714104872505
1598,0.9849358974358972,0.9057539682539683,2.40625,9.0,1.0,0.23403231617889872,0.2721300483522937,0.9938186813186812,0.9583333333333333,1.125,10.0,1.0,0.23403231617889872,0.2721300483522937
1599,0.9895146520146519,0.9226190476190474,2.03125,7.0,0.8181818181818182,0.3590047676351443,0.3417577567991207,0.9981684981684982,0.9732142857142856,0.78125,3.0,0.8181818181818182,0.3590047676351443,0.3417577567991207
1600,0.9900641025641025,0.9265873015873015,1.90625,7.0,1.0,0.3048005858022914,0.3131866432351934,0.999084249084249,0.9831349206349206,0.5,2.0,1.0,0.3048005858022914,0.3131866432351934
1601,0.9793956043956044,0.8878968253968254,2.75,10.0,0.8181818181818182,0.2945725076675402,0.28192398185853274,0.9930860805860805,0.9384920634920635,1.5625,8.0,0.8181818181818182,0.2945725076675402,0.28192398185853274
1602,0.9872252747252748,0.9206349206349207,2.09375,10.0,1.0,0.2840240172555427,0.32544830117394574,0.9981227106227105,0.9732142857142856,0.75,4.0,1.0,0.2840240172555427,0.32544830117394574
1603,0.9906593406593405,0.931547619047619,1.78125,8.0,1.0,0.2577884826053026,0.3043075018762254,0.9996794871794871,0.994047619047619,0.15625,2.0,1.0,0.2577884826053026,0.3043075018762254
1604,0.9900641025641025,0.923611111111111,2.03125,7.0,0.8181818181818182,0.3969333429005962,0.35828071142898926,0.9929487179487179,0.9424603174603173,1.5625,6.0,0.8181818181818182,0.3969333429005962,0.35828071142898926
1605,0.9888278388278388,0.9206349206349207,2.03125,8.0,0.8181818181818182,0.3927777721755962,0.3635418087111072,0.9979853479853479,0.9712301587301586,0.8125,3.0,0.8181818181818182,0.3927777721755962,0.3635418087111072
1606,0.9805402930402929,0.8978174603174603,2.71875,10.0,1.0,0.25614886789936936,0.2857881039491753,0.989606227106227,0.9563492063492064,1.25,15.0,1.0,0.25614886789936936,0.2857881039491753
1607,0.991025641025641,0.9285714285714286,1.9375,7.0,0.8181818181818182,0.29561393355982174,0.2777177351959334,0.9936813186813186,0.9474206349206349,1.46875,7.0,0.8181818181818182,0.29561393355982174,0.2777177351959334
1608,0.9951465201465202,0.9533730158730157,1.25,6.0,1.0,0.29372877611267534,0.3468643880563376,0.9968864468864468,0.9642857142857143,1.0,4.0,1.0,0.29372877611267534,0.3468643880563376
1609,0.9952380952380951,0.9543650793650793,1.28125,6.0,0.6666666666666666,0.2200178479872705,0.3051899261155031,0.9923076923076922,0.9355158730158729,1.6875,8.0,0.6666666666666666,0.2200178479872705,0.3051899261155031
1610,0.9926282051282049,0.9374999999999999,1.625,7.0,1.0,0.16047643331687603,0.2420798210257546,0.9951007326007326,0.9603174603174602,1.15625,9.0,1.0,0.16047643331687603,0.2420798210257546
1611,0.9893315018315018,0.9265873015873015,1.90625,8.0,1.0,0.34648526443025024,0.3732426322151251,0.9999542124542123,0.9990079365079364,0.03125,1.0,1.0,0.34648526443025024,0.3732426322151251
1612,0.9954670329670329,0.9543650793650793,1.25,6.0,1.0,0.17217783188613914,0.2669442386739584,0.9957417582417581,0.9573412698412698,1.21875,4.0,1.0,0.17217783188613914,0.2669442386739584
1613,0.9922619047619047,0.939484126984127,1.5625,7.0,1.0,0.2065465265006766,0.26627582931520144,0.9990384615384613,0.984126984126984,0.46875,3.0,1.0,0.2065465265006766,0.26627582931520144
1614,0.9923076923076922,0.9384920634920635,1.6875,7.0,1.0,0.14999335125512855,0.2469082694897121,0.9919871794871794,0.9513888888888888,1.34375,13.0,1.0,0.14999335125512855,0.2469082694897121
1615,0.9864468864468864,0.9176587301587302,2.09375,10.0,1.0,0.2173346939715299,0.2389417414942156,0.998992673992674,0.9821428571428571,0.53125,2.0,1.0,0.2173346939715299,0.2389417414942156
1616,0.9868131868131866,0.9176587301587302,2.21875,10.0,1.0,0.29697700527406784,0.31857371815313834,0.9975274725274724,0.9682539682539681,0.875,4.0,1.0,0.29697700527406784,0.31857371815313834
1617,0.9817765567765566,0.8968253968253967,2.59375,10.0,0.8181818181818182,0.26219006978433906,0.2710320321769721,0.9949633699633698,0.9494047619047619,1.34375,6.0,0.8181818181818182,0.26219006978433906,0.2710320321769721
1618,0.9868589743589743,0.9136904761904762,2.21875,9.0,0.8181818181818182,0.25668799602369974,0.29104053820121434,0.9978937728937727,0.9722222222222222,0.84375,3.0,0.8181818181818182,0.25668799602369974,0.29104053820121434
1619,0.9930402930402931,0.941468253968254,1.59375,6.0,0.8181818181818182,0.2952980758604156,0.3392753077754759,0.9945054945054944,0.9484126984126985,1.34375,6.0,0.8181818181818182,0.2952980758604156,0.3392753077754759
1620,0.990934065934066,0.9325396825396824,1.78125,8.0,1.0,0.3333023048810077,0.3666511524405038,0.9980311355311355,0.9732142857142856,0.75,4.0,1.0,0.3333023048810077,0.3666511524405038
1621,0.9923992673992673,0.9365079365079365,1.625,7.0,1.0,0.284565842206055,0.29975173392044235,0.9973901098901098,0.9672619047619048,0.96875,4.0,1.0,0.284565842206055,0.29975173392044235
1622,0.9932692307692307,0.9424603174603173,1.59375,6.0,0.8181818181818182,0.2473298587007747,0.30683129868723624,0.9961080586080584,0.9573412698412698,1.15625,5.0,0.8181818181818182,0.2473298587007747,0.30683129868723624
1623,0.9826007326007324,0.9097222222222221,2.28125,17.0,0.8181818181818182,0.22775220494331994,0.30585280816464705,0.9809065934065934,0.9285714285714286,1.875,23.0,0.8181818181818182,0.22775220494331994,0.30585280816464705
1624,0.9882783882783882,0.9246031746031745,2.03125,10.0,0.8181818181818182,0.38729531045542626,0.3928277499271803,0.9964285714285713,0.9593253968253969,1.125,4.0,0.8181818181818182,0.38729531045542626,0.3928277499271803
1625,0.990705128205128,0.931547619047619,1.875,7.0,0.6666666666666666,0.33936682559048564,0.35736873374560635,0.989606227106227,0.9226190476190474,1.90625,8.0,0.6666666666666666,0.33936682559048564,0.35736873374560635
1626,0.9889194139194138,0.923611111111111,1.9375,7.0,1.0,0.33754146873958524,0.36877073436979263,0.9982142857142856,0.976190476190476,0.71875,4.0,1.0,0.33754146873958524,0.36877073436979263
1627,0.9815934065934065,0.9067460317460316,2.53125,14.0,1.0,0.22493662551447197,0.25933873730673274,0.9862179487179485,0.9434523809523809,1.65625,15.0,1.0,0.22493662551447197,0.25933873730673274
1628,0.962087912087912,0.8660714285714285,3.4375,25.0,0.8181818181818182,0.25663271593802983,0.3046176268336839,0.9690018315018314,0.8928571428571428,2.75,25.0,0.8181818181818182,0.25663271593802983,0.3046176268336839
1629,0.9748168498168497,0.8779761904761905,3.0,13.0,0.8181818181818182,0.2343521741361421,0.28180474425788826,0.9891941391941391,0.9285714285714286,1.9375,13.0,0.8181818181818182,0.2343521741361421,0.28180474425788826
1630,0.9880494505494504,0.9186507936507936,2.09375,8.0,1.0,0.2731346834226333,0.27825573214476307,0.999175824175824,0.9851190476190476,0.46875,2.0,1.0,0.2731346834226333,0.27825573214476307
1631,0.9952838827838826,0.9533730158730157,1.21875,6.0,1.0,0.35560277599850315,0.37780138799925156,0.997161172161172,0.9662698412698413,0.9375,4.0,1.0,0.35560277599850315,0.37780138799925156
1632,0.9929945054945054,0.941468253968254,1.5625,7.0,1.0,0.1668633521714342,0.2647927260463222,0.9983974358974358,0.9781746031746031,0.65625,4.0,1.0,0.1668633521714342,0.2647927260463222
1633,0.9890567765567765,0.923611111111111,2.125,7.0,0.6666666666666666,0.18820714978634012,0.2597755251264387,0.9907967032967033,0.9265873015873015,1.84375,7.0,0.6666666666666666,0.18820714978634012,0.2597755251264387
1634,0.9844780219780219,0.9077380952380952,2.375,10.0,0.8181818181818182,0.28961001688911686,0.3067552437035531,0.995970695970696,0.9563492063492064,1.1875,4.0,0.8181818181818182,0.28961001688911686,0.3067552437035531
1635,0.9822802197802197,0.9017857142857142,2.53125,11.0,0.8181818181818182,0.30573749750912554,0.2663841012004816,0.9951923076923076,0.9503968253968254,1.40625,4.0,0.8181818181818182,0.30573749750912554,0.2663841012004816
1636,0.9909798534798533,0.927579365079365,1.84375,6.0,0.6666666666666666,0.18033979430075903,0.2501915931596969,0.9853937728937727,0.9067460317460316,2.34375,9.0,0.6666666666666666,0.18033979430075903,0.2501915931596969
1637,0.9689560439560437,0.8601190476190476,3.40625,18.0,0.6666666666666666,0.4367782226164371,0.3439964949601037,0.9778846153846155,0.8888888888888888,2.59375,19.0,0.6666666666666666,0.4367782226164371,0.3439964949601037
1638,0.9793956043956044,0.8948412698412699,2.59375,12.0,1.0,0.2905802290971897,0.2717157444387543,0.997161172161172,0.9672619047619048,0.9375,4.0,1.0,0.2905802290971897,0.2717157444387543
1639,0.9935439560439557,0.941468253968254,1.5625,6.0,1.0,0.3253209100096971,0.34914650902265204,0.9981684981684982,0.976190476190476,0.6875,3.0,1.0,0.3253209100096971,0.34914650902265204
1640,0.9934065934065933,0.9434523809523809,1.59375,6.0,0.6666666666666666,0.28592224592735443,0.33180908054074815,0.9931776556776557,0.9404761904761904,1.53125,7.0,0.6666666666666666,0.28592224592735443,0.33180908054074815
1641,0.9885531135531134,0.923611111111111,1.90625,8.0,1.0,0.201855850155714,0.25032868125567853,0.99775641025641,0.9702380952380952,0.875,4.0,1.0,0.201855850155714,0.25032868125567853
1642,0.9931776556776557,0.9434523809523809,1.5625,7.0,1.0,0.23563264587722368,0.30317221480663725,0.9977106227106226,0.9722222222222222,0.84375,4.0,1.0,0.23563264587722368,0.30317221480663725
1643,0.9895146520146519,0.9265873015873015,1.90625,8.0,1.0,0.2823791096403553,0.31789439585051554,0.9997710622710622,0.9950396825396826,0.15625,1.0,1.0,0.2823791096403553,0.31789439585051554
1644,0.9842490842490841,0.9087301587301587,2.40625,10.0,0.8181818181818182,0.3255387885730277,0.32548492928323,0.9929945054945054,0.939484126984127,1.53125,8.0,0.8181818181818182,0.3255387885730277,0.32548492928323
1645,0.9899267399267396,0.9305555555555556,1.8125,8.0,0.8181818181818182,0.23970427161555669,0.2882791379357962,0.9951007326007326,0.9533730158730157,1.1875,6.0,0.8181818181818182,0.23970427161555669,0.2882791379357962
1646,0.9919871794871794,0.9374999999999999,1.65625,7.0,1.0,0.3761917922846132,0.3880958961423066,0.998992673992674,0.9821428571428571,0.53125,2.0,1.0,0.3761917922846132,0.3880958961423066
1647,0.9819139194139193,0.8998015873015873,2.59375,10.0,0.8181818181818182,0.37399552813507736,0.35591706748040647,0.994047619047619,0.9484126984126985,1.375,7.0,0.8181818181818182,0.37399552813507736,0.35591706748040647
1648,0.9951923076923076,0.9543650793650793,1.1875,6.0,1.0,0.2897277686453111,0.3448638843226555,0.9956043956043955,0.9553571428571428,1.21875,5.0,1.0,0.2897277686453111,0.3448638843226555
1649,0.9795329670329669,0.8898809523809524,2.75,12.0,0.6666666666666666,0.41017181688900184,0.37106332039096784,0.9874999999999998,0.9186507936507936,1.96875,13.0,0.6666666666666666,0.41017181688900184,0.37106332039096784
1650,0.9902472527472528,0.9305555555555556,1.75,8.0,1.0,0.3049316655191883,0.3514640556619918,0.9995421245421244,0.9910714285714285,0.28125,2.0,1.0,0.3049316655191883,0.3514640556619918
1651,0.9837912087912087,0.9077380952380952,2.3125,10.0,1.0,0.33736005026834837,0.338564045940272,0.9986263736263734,0.9801587301587301,0.59375,3.0,1.0,0.33736005026834837,0.338564045940272
1652,0.988186813186813,0.923611111111111,2.09375,9.0,0.6666666666666666,0.3566165108714591,0.3619133759146824,0.9929945054945054,0.9384920634920635,1.5,7.0,0.6666666666666666,0.3566165108714591,0.3619133759146824
1653,0.9960164835164834,0.9583333333333333,1.09375,6.0,1.0,0.15078609693199865,0.2572749462945034,0.9967032967032966,0.9672619047619048,0.9375,5.0,1.0,0.15078609693199865,0.2572749462945034
1654,0.9929945054945054,0.9424603174603173,1.5625,7.0,1.0,0.24157178708208585,0.3020997686228655,0.9978021978021977,0.9732142857142856,0.78125,4.0,1.0,0.24157178708208585,0.3020997686228655
1655,0.9885531135531134,0.9176587301587302,2.125,8.0,1.0,0.22989192448022133,0.29068811816075574,0.9948260073260071,0.9623015873015872,0.96875,10.0,1.0,0.22989192448022133,0.29068811816075574
1656,0.9914835164835164,0.9325396825396824,1.8125,7.0,0.6666666666666666,0.18909931560051155,0.24762682666250557,0.9929945054945054,0.939484126984127,1.5,7.0,0.6666666666666666,0.18909931560051155,0.24762682666250557
1657,0.9879578754578754,0.9216269841269841,2.03125,8.0,1.0,0.28702309647626884,0.3147376782513523,0.9997252747252745,0.994047619047619,0.1875,1.0,1.0,0.28702309647626884,0.3147376782513523
1658,0.9926739926739926,0.939484126984127,1.625,7.0,1.0,0.19434045124983604,0.23965851812346342,0.9978021978021977,0.9722222222222222,0.8125,4.0,1.0,0.19434045124983604,0.23965851812346342
1659,0.9788003663003663,0.8888888888888888,2.875,11.0,0.8181818181818182,0.3262689345812305,0.2994910370123667,0.9920787545787544,0.9355158730158729,1.6875,7.0,0.8181818181818182,0.3262689345812305,0.2994910370123667
1660,0.9892399267399264,0.927579365079365,1.875,8.0,1.0,0.22651066451428462,0.30377110227561377,0.9979395604395603,0.9722222222222222,0.78125,4.0,1.0,0.22651066451428462,0.30377110227561377
1661,0.9876373626373625,0.9255952380952381,2.03125,12.0,0.8181818181818182,0.12512929870715864,0.2578741934029359,0.9848901098901098,0.9166666666666666,2.125,13.0,0.8181818181818182,0.12512929870715864,0.2578741934029359
1662,0.9890109890109888,0.9146825396825395,2.1875,7.0,0.8181818181818182,0.3327945954057561,0.29760486129743846,0.991620879120879,0.933531746031746,1.6875,7.0,0.8181818181818182,0.3327945954057561,0.29760486129743846
1663,0.9754120879120878,0.8829365079365079,2.875,10.0,0.8181818181818182,0.26298078932151814,0.2535417009662988,0.9922619047619047,0.9374999999999999,1.75,6.0,0.8181818181818182,0.26298078932151814,0.2535417009662988
1664,0.9873168498168498,0.9206349206349207,2.15625,10.0,1.0,0.23576622365518302,0.254040032782342,0.9973443223443224,0.9672619047619048,0.96875,4.0,1.0,0.23576622365518302,0.254040032782342
1665,0.9717032967032967,0.8690476190476191,3.3125,17.0,0.6666666666666666,0.39347352260737717,0.30299897805889736,0.9775641025641023,0.8878968253968254,2.625,18.0,0.6666666666666666,0.39347352260737717,0.30299897805889736
1666,0.9868131868131866,0.9186507936507936,2.0625,10.0,1.0,0.2694505271253631,0.29060376673185867,0.9990384615384613,0.9831349206349206,0.53125,2.0,1.0,0.2694505271253631,0.29060376673185867
1667,0.9881410256410256,0.923611111111111,2.0,9.0,1.0,0.2860270271871661,0.30548505690738975,0.9984890109890108,0.9781746031746031,0.65625,3.0,1.0,0.2860270271871661,0.30548505690738975
1668,0.9804945054945052,0.9007936507936508,2.65625,13.0,0.8181818181818182,0.20278064747579955,0.27920167255012085,0.989606227106227,0.933531746031746,1.78125,13.0,0.8181818181818182,0.20278064747579955,0.27920167255012085
1669,0.9775641025641023,0.8849206349206349,2.84375,11.0,0.8181818181818182,0.3170167021533377,0.29302504595181356,0.9876831501831501,0.9176587301587302,2.0,12.0,0.8181818181818182,0.3170167021533377,0.29302504595181356
1670,0.9870879120879119,0.9176587301587302,2.125,8.0,1.0,0.2717619906105341,0.2984560997029155,0.9993589743589743,0.988095238095238,0.34375,2.0,1.0,0.2717619906105341,0.2984560997029155
1671,0.9927655677655676,0.9404761904761904,1.53125,7.0,1.0,0.23666225087154646,0.30403453839603656,0.99775641025641,0.9712301587301586,0.8125,4.0,1.0,0.23666225087154646,0.30403453839603656
1672,0.994734432234432,0.9503968253968254,1.34375,6.0,1.0,0.18009714641754657,0.2636685250219653,0.9978479853479852,0.9732142857142856,0.78125,4.0,1.0,0.18009714641754657,0.2636685250219653
1673,0.9874542124542124,0.9136904761904762,2.28125,8.0,0.8181818181818182,0.20323750772747262,0.3016187538637364,0.9942765567765566,0.9444444444444444,1.5,6.0,0.8181818181818182,0.20323750772747262,0.3016187538637364
1674,0.9901556776556775,0.927579365079365,1.96875,7.0,1.0,0.1658423862255024,0.27478455107277777,0.9972985347985347,0.9682539682539681,0.9375,4.0,1.0,0.1658423862255024,0.27478455107277777
1675,0.994734432234432,0.9523809523809523,1.28125,7.0,1.0,0.34765051771897315,0.36797579430751787,0.9972069597069595,0.9692460317460317,0.875,5.0,1.0,0.34765051771897315,0.36797579430751787
1676,0.9932692307692307,0.941468253968254,1.59375,6.0,1.0,0.13304793743433665,0.23780738132067586,0.9980769230769231,0.976190476190476,0.75,4.0,1.0,0.13304793743433665,0.23780738132067586
1677,0.9873168498168498,0.9176587301587302,2.21875,11.0,0.6666666666666666,0.2554331020788916,0.2757010812065112,0.987912087912088,0.9186507936507936,1.90625,12.0,0.6666666666666666,0.2554331020788916,0.2757010812065112
1678,0.9949175824175823,0.9513888888888888,1.28125,6.0,1.0,0.16333729820151488,0.2589560180812417,0.9979395604395603,0.9742063492063492,0.75,4.0,1.0,0.16333729820151488,0.2589560180812417
1679,0.9783424908424907,0.8809523809523809,3.0625,10.0,0.8181818181818182,0.3940518482735984,0.3244241420065676,0.9907509157509157,0.927579365079365,1.875,7.0,0.8181818181818182,0.3940518482735984,0.3244241420065676
1680,0.9877747252747251,0.9206349206349207,2.09375,10.0,0.8181818181818182,0.24371364046975313,0.2638731714061854,0.9968406593406592,0.9613095238095238,1.0625,4.0,0.8181818181818182,0.24371364046975313,0.2638731714061854
1681,0.9865384615384614,0.9166666666666666,2.09375,8.0,1.0,0.24369037374737543,0.30362441617970864,0.9973901098901098,0.9672619047619048,1.03125,4.0,1.0,0.24369037374737543,0.30362441617970864
1682,0.9918498168498168,0.9355158730158729,1.75,7.0,1.0,0.2781234181346751,0.3124962064440163,0.9979395604395603,0.9722222222222222,0.84375,4.0,1.0,0.2781234181346751,0.3124962064440163
1683,0.9872252747252748,0.9146825396825395,2.21875,9.0,0.8181818181818182,0.342936389235832,0.30826282212373646,0.9978479853479852,0.9692460317460317,0.875,3.0,0.8181818181818182,0.342936389235832,0.30826282212373646
1684,0.9874084249084248,0.9196428571428571,2.0625,8.0,1.0,0.19270355413011284,0.25410149596105347,0.9984432234432232,0.976190476190476,0.75,3.0,1.0,0.19270355413011284,0.25410149596105347
1685,0.9885531135531134,0.9196428571428571,2.0625,8.0,0.8181818181818182,0.2243173761898095,0.2798374574715454,0.9985805860805859,0.9781746031746031,0.6875,2.0,0.8181818181818182,0.2243173761898095,0.2798374574715454
1686,0.9861263736263735,0.9136904761904762,2.21875,8.0,1.0,0.3159921672066208,0.3308290236256579,0.9987179487179487,0.9801587301587301,0.59375,3.0,1.0,0.3159921672066208,0.3308290236256579
1687,0.9847527472527472,0.9097222222222221,2.4375,10.0,0.8181818181818182,0.2621475358042485,0.2652844221281525,0.9945512820512821,0.9484126984126985,1.375,5.0,0.8181818181818182,0.2621475358042485,0.2652844221281525
1688,0.9837454212454211,0.9067460317460316,2.375,9.0,1.0,0.19289233609756917,0.2604089033463135,0.9963827838827837,0.9613095238095238,1.15625,5.0,1.0,0.19289233609756917,0.2604089033463135
1689,0.9860805860805859,0.9136904761904762,2.3125,12.0,0.8181818181818182,0.2394594279585645,0.30786185703115104,0.9878663003663003,0.9424603174603173,1.53125,18.0,0.8181818181818182,0.2394594279585645,0.30786185703115104
1690,0.9907509157509157,0.933531746031746,1.78125,8.0,0.8181818181818182,0.2662771596649089,0.31067580013710533,0.996062271062271,0.9583333333333333,1.09375,5.0,0.8181818181818182,0.2662771596649089,0.31067580013710533
1691,0.9924908424908423,0.9404761904761904,1.625,6.0,1.0,0.3423860930815843,0.36757982065442196,0.999084249084249,0.9851190476190476,0.40625,3.0,1.0,0.3423860930815843,0.36757982065442196
1692,0.9829670329670329,0.9027777777777778,2.53125,10.0,0.8181818181818182,0.39424675037535745,0.36975750475776903,0.9939560439560439,0.9474206349206349,1.40625,7.0,0.8181818181818182,0.39424675037535745,0.36975750475776903
1693,0.9848443223443222,0.9097222222222221,2.25,10.0,1.0,0.3059298414077176,0.334379592652626,0.9985347985347984,0.976190476190476,0.6875,3.0,1.0,0.3059298414077176,0.334379592652626
1694,0.9863095238095235,0.9156746031746031,2.125,10.0,0.8181818181818182,0.3618330975527368,0.37031670272007305,0.9949633699633698,0.9503968253968254,1.25,6.0,0.8181818181818182,0.3618330975527368,0.37031670272007305
1695,0.9947802197802197,0.9513888888888888,1.3125,6.0,1.0,0.15210547582925896,0.258597613828628,0.9976190476190474,0.9702380952380952,0.84375,3.0,1.0,0.15210547582925896,0.258597613828628
1696,0.9852106227106227,0.9146825396825395,2.125,15.0,0.6666666666666666,0.2580426879213005,0.2946478002054584,0.9794871794871794,0.8938492063492063,2.59375,16.0,0.6666666666666666,0.2580426879213005,0.2946478002054584
1697,0.9913919413919412,0.9345238095238094,1.65625,7.0,1.0,0.28091186565429316,0.31762682084293087,0.999175824175824,0.9851190476190476,0.46875,2.0,1.0,0.28091186565429316,0.31762682084293087
1698,0.9916666666666665,0.9305555555555556,1.8125,7.0,1.0,0.39878961788068845,0.3975774292381345,0.9972985347985347,0.9652777777777777,0.9375,3.0,1.0,0.39878961788068845,0.3975774292381345
1699,0.9918498168498168,0.9345238095238094,1.71875,7.0,0.8181818181818182,0.24605127364091575,0.2681379888548785,0.9961538461538461,0.9573412698412698,1.21875,4.0,0.8181818181818182,0.24605127364091575,0.2681379888548785
1700,0.9956501831501829,0.9583333333333333,1.15625,6.0,0.8181818181818182,0.3557478243540426,0.3778739121770213,0.9918498168498168,0.933531746031746,1.71875,8.0,0.8181818181818182,0.3557478243540426,0.3778739121770213
1701,0.9833791208791208,0.9047619047619047,2.375,10.0,1.0,0.3171126494495873,0.31531292175465525,0.9984890109890108,0.9771825396825397,0.65625,3.0,1.0,0.3171126494495873,0.31531292175465525
1702,0.9772435897435896,0.8928571428571428,2.875,13.0,1.0,0.24979846313513437,0.27033109156231777,0.9859432234432235,0.9494047619047619,1.46875,16.0,1.0,0.24979846313513437,0.27033109156231777
1703,0.9899725274725273,0.9265873015873015,1.90625,7.0,1.0,0.3118997854505542,0.3219995171418986,0.9992216117216116,0.9851190476190476,0.4375,2.0,1.0,0.3118997854505542,0.3219995171418986
1704,0.9708791208791209,0.8660714285714285,3.25,14.0,0.6666666666666666,0.33705836088559543,0.2893009886366355,0.9822802197802197,0.8988095238095237,2.375,15.0,0.6666666666666666,0.33705836088559543,0.2893009886366355
1705,0.981318681318681,0.8998015873015873,2.5625,11.0,1.0,0.3143479661555674,0.27036961302594875,0.9968864468864468,0.9642857142857143,1.0625,4.0,1.0,0.3143479661555674,0.27036961302594875
1706,0.9815934065934065,0.8978174603174603,2.5,10.0,1.0,0.2500387156977434,0.2649702539240573,0.9968406593406592,0.9623015873015872,1.0625,4.0,1.0,0.2500387156977434,0.2649702539240573
1707,0.977701465201465,0.8819444444444444,2.90625,12.0,0.6666666666666666,0.3836903685930173,0.33581594854266716,0.9864468864468864,0.9107142857142857,2.09375,13.0,0.6666666666666666,0.3836903685930173,0.33581594854266716
1708,0.9908882783882783,0.933531746031746,1.71875,8.0,0.8181818181818182,0.28738045205363505,0.33192511489094567,0.9970238095238094,0.9662698412698413,1.0,4.0,0.8181818181818182,0.28738045205363505,0.33192511489094567
1709,0.9866300366300367,0.9156746031746031,2.1875,8.0,1.0,0.30700945611003044,0.31878594812486116,0.9991300366300366,0.984126984126984,0.46875,2.0,1.0,0.30700945611003044,0.31878594812486116
1710,0.982554945054945,0.9007936507936508,2.53125,10.0,0.8181818181818182,0.27546197973020253,0.27796463465990706,0.9934981684981684,0.9434523809523809,1.46875,8.0,0.8181818181818182,0.27546197973020253,0.27796463465990706
1711,0.9929945054945054,0.9434523809523809,1.5,7.0,1.0,0.21521607016016658,0.297074448905013,0.9985805860805859,0.9781746031746031,0.625,3.0,1.0,0.21521607016016658,0.297074448905013
1712,0.978617216117216,0.8938492063492063,2.65625,12.0,1.0,0.32167024913096176,0.27758714921294364,0.9961080586080584,0.9583333333333333,1.1875,5.0,1.0,0.32167024913096176,0.27758714921294364
1713,0.9903388278388278,0.9265873015873015,1.90625,7.0,1.0,0.23711811522018755,0.27013777704894837,0.9987179487179487,0.9791666666666667,0.5625,3.0,1.0,0.23711811522018755,0.27013777704894837
1714,0.9880494505494504,0.927579365079365,1.9375,13.0,1.0,0.18832117610802718,0.2612534624106677,0.9848443223443222,0.9345238095238094,1.65625,19.0,1.0,0.18832117610802718,0.2612534624106677
1715,0.9956501831501829,0.9593253968253969,1.125,6.0,1.0,0.1600864167205751,0.2671297741274571,0.9967032967032966,0.9642857142857143,1.03125,4.0,1.0,0.1600864167205751,0.2671297741274571
1716,0.9884615384615383,0.9216269841269841,2.03125,8.0,1.0,0.3457051912478723,0.3367143964602406,0.9994505494505495,0.988095238095238,0.375,1.0,1.0,0.3457051912478723,0.3367143964602406
1717,0.9804487179487179,0.8978174603174603,2.5625,16.0,0.6666666666666666,0.3681973524927598,0.344026020240837,0.9815018315018316,0.9047619047619047,2.21875,17.0,0.6666666666666666,0.3681973524927598,0.344026020240837
1718,0.9871794871794871,0.9176587301587302,2.125,9.0,1.0,0.2969907183045738,0.32062638907788205,0.9993589743589743,0.986111111111111,0.4375,1.0,1.0,0.2969907183045738,0.32062638907788205
1719,0.9862637362637361,0.9156746031746031,2.1875,10.0,0.8181818181818182,0.36310566687665846,0.3815528334383292,0.9913919413919412,0.9365079365079365,1.5625,11.0,0.8181818181818182,0.36310566687665846,0.3815528334383292
1720,0.9904761904761904,0.929563492063492,1.875,8.0,1.0,0.26431983033860795,0.3076432865889934,0.9979395604395603,0.9722222222222222,0.75,4.0,1.0,0.26431983033860795,0.3076432865889934
1721,0.9901098901098901,0.9265873015873015,2.0,8.0,0.8181818181818182,0.31993661592533934,0.3170425219365271,0.9971153846153845,0.9632936507936507,1.0,4.0,0.8181818181818182,0.31993661592533934,0.3170425219365271
1722,0.9848443223443222,0.9126984126984127,2.21875,10.0,1.0,0.2628005794863386,0.256390046653953,0.9985805860805859,0.9771825396825397,0.71875,2.0,1.0,0.2628005794863386,0.256390046653953
1723,0.9939560439560439,0.9454365079365078,1.4375,7.0,0.6666666666666666,0.2268829093773174,0.30036642381612466,0.9904304029304027,0.9265873015873015,1.78125,8.0,0.6666666666666666,0.2268829093773174,0.30036642381612466
1724,0.9880036630036629,0.9176587301587302,2.125,8.0,1.0,0.3097562162450781,0.3000345938534942,0.9991300366300366,0.984126984126984,0.5,2.0,1.0,0.3097562162450781,0.3000345938534942
1725,0.9809523809523808,0.8978174603174603,2.59375,10.0,0.8181818181818182,0.3987481387520955,0.3432028695648473,0.9972069597069595,0.9662698412698413,1.0,4.0,0.8181818181818182,0.3987481387520955,0.3432028695648473
1726,0.9892857142857141,0.9226190476190474,2.0,8.0,1.0,0.28664171001641164,0.31092868989329703,0.9987179487179487,0.9811507936507935,0.53125,3.0,1.0,0.28664171001641164,0.31092868989329703
1727,0.988186813186813,0.9176587301587302,2.1875,7.0,0.6666666666666666,0.38586374621563363,0.381977298642835,0.9912545787545786,0.9305555555555556,1.75,7.0,0.6666666666666666,0.38586374621563363,0.381977298642835
1728,0.9941849816849815,0.9474206349206349,1.375,6.0,1.0,0.36599829763317004,0.382999148816585,0.9985805860805859,0.9801587301587301,0.59375,3.0,1.0,0.36599829763317004,0.382999148816585
1729,0.9939560439560439,0.9454365079365078,1.46875,6.0,1.0,0.20513066468445545,0.2873477356066518,0.9987637362637363,0.9821428571428571,0.5,3.0,1.0,0.20513066468445545,0.2873477356066518
1730,0.9948717948717947,0.9523809523809523,1.34375,6.0,1.0,0.2522062338572897,0.32610311692864485,0.9976190476190474,0.9712301587301586,0.84375,4.0,1.0,0.2522062338572897,0.32610311692864485
1731,0.9863553113553112,0.9156746031746031,2.15625,8.0,0.8181818181818182,0.23861866821150096,0.29951304044668137,0.9936813186813186,0.9484126984126985,1.375,9.0,0.8181818181818182,0.23861866821150096,0.29951304044668137
1732,0.9806318681318679,0.8968253968253967,2.59375,11.0,0.8181818181818182,0.3359881618106378,0.32676520527382846,0.9897435897435897,0.927579365079365,1.75,12.0,0.8181818181818182,0.3359881618106378,0.32676520527382846
1733,0.9915293040293041,0.931547619047619,1.78125,7.0,1.0,0.27604802628749703,0.2757762911376357,0.9973901098901098,0.9682539682539681,0.90625,4.0,1.0,0.27604802628749703,0.2757762911376357
1734,0.9939560439560439,0.9424603174603173,1.53125,6.0,1.0,0.1757328590073228,0.25307621501961286,0.9979395604395603,0.9732142857142856,0.78125,3.0,1.0,0.1757328590073228,0.25307621501961286
1735,0.9865384615384614,0.9176587301587302,2.21875,10.0,1.0,0.3207950212156737,0.34989479895211056,0.9978021978021977,0.9702380952380952,0.84375,4.0,1.0,0.3207950212156737,0.34989479895211056
1736,0.9808150183150182,0.8938492063492063,2.59375,10.0,0.8181818181818182,0.36032016729483807,0.3545961596876207,0.996062271062271,0.9563492063492064,1.15625,4.0,0.8181818181818182,0.36032016729483807,0.3545961596876207
1737,0.9927197802197801,0.9345238095238094,1.71875,6.0,1.0,0.19015752618567186,0.2451858253340957,0.9958333333333333,0.9533730158730157,1.3125,4.0,1.0,0.19015752618567186,0.2451858253340957
1738,0.9877747252747251,0.9176587301587302,2.09375,8.0,0.8181818181818182,0.2889887413032941,0.2726862625791358,0.9981684981684982,0.9742063492063492,0.75,3.0,0.8181818181818182,0.2889887413032941,0.2726862625791358
1739,0.966620879120879,0.875,3.21875,25.0,0.8181818181818182,0.2302434890466468,0.29889660927064615,0.9710622710622709,0.8958333333333333,2.65625,25.0,0.8181818181818182,0.2302434890466468,0.29889660927064615
1740,0.9761904761904759,0.886904761904762,2.84375,12.0,1.0,0.34152130780159345,0.28388395032341623,0.9958791208791208,0.9593253968253969,1.15625,4.0,1.0,0.34152130780159345,0.28388395032341623
1741,0.9872252747252748,0.9186507936507936,2.09375,8.0,1.0,0.22688987147544895,0.25705472998251566,0.9994505494505495,0.9890873015873015,0.34375,2.0,1.0,0.22688987147544895,0.25705472998251566
1742,0.9862179487179485,0.9146825396825395,2.21875,9.0,1.0,0.2375627628009387,0.2737641276839335,0.9989010989010987,0.9811507936507935,0.59375,2.0,1.0,0.2375627628009387,0.2737641276839335
1743,0.991620879120879,0.9365079365079365,1.6875,7.0,1.0,0.4253732838536638,0.4126866419268319,0.9989010989010987,0.9811507936507935,0.5625,2.0,1.0,0.4253732838536638,0.4126866419268319
1744,0.9919413919413917,0.9374999999999999,1.65625,7.0,1.0,0.1955881985207724,0.26230942523727374,0.999175824175824,0.986111111111111,0.40625,2.0,1.0,0.1955881985207724,0.26230942523727374
1745,0.987912087912088,0.923611111111111,1.96875,9.0,0.8181818181818182,0.2618564594386167,0.31253279864918326,0.9967490842490841,0.9623015873015872,1.0625,4.0,0.8181818181818182,0.2618564594386167,0.31253279864918326
1746,0.9940018315018313,0.9464285714285714,1.34375,7.0,0.6666666666666666,0.3437406509951939,0.3718703254975969,0.9876373626373625,0.9136904761904762,2.09375,9.0,0.6666666666666666,0.3437406509951939,0.3718703254975969
1747,0.9860805860805859,0.9146825396825395,2.21875,8.0,1.0,0.3937973306690748,0.3687632194187994,0.999084249084249,0.9831349206349206,0.53125,2.0,1.0,0.3937973306690748,0.3687632194187994
1748,0.992124542124542,0.9374999999999999,1.65625,7.0,1.0,0.3400436276610489,0.3695491154197146,0.9992216117216116,0.986111111111111,0.40625,2.0,1.0,0.3400436276610489,0.3695491154197146
1749,0.8506868131868129,0.7926587301587301,5.03125,46.0,0.8181818181818182,0.4760787578221595,0.3715641330434168,0.8445054945054944,0.8273809523809523,4.53125,52.0,0.8181818181818182,0.4760787578221595,0.3715641330434168
1750,0.9737637362637361,0.8799603174603174,3.0625,16.0,0.8181818181818182,0.2678362169974099,0.2869157095992847,0.9855311355311354,0.9246031746031745,2.03125,16.0,0.8181818181818182,0.2678362169974099,0.2869157095992847
1751,0.9886446886446886,0.9196428571428571,2.09375,8.0,1.0,0.3339375418042555,0.33149727517917443,0.9987179487179487,0.9821428571428571,0.53125,3.0,1.0,0.3339375418042555,0.33149727517917443
1752,0.9867673992673991,0.9126984126984127,2.09375,12.0,0.6666666666666666,0.3345195663295894,0.348795544038947,0.9867673992673991,0.9176587301587302,2.0,13.0,0.6666666666666666,0.3345195663295894,0.348795544038947
1753,0.9886446886446886,0.9355158730158729,1.65625,16.0,1.0,0.16026255451428129,0.2676430981666395,0.9793040293040292,0.9146825396825395,2.09375,22.0,1.0,0.16026255451428129,0.2676430981666395
1754,0.9905219780219778,0.9265873015873015,1.90625,7.0,1.0,0.3667603469349647,0.3455095552377746,0.99757326007326,0.9692460317460317,0.78125,4.0,1.0,0.3667603469349647,0.3455095552377746
1755,0.9749542124542124,0.8789682539682538,3.03125,11.0,0.8181818181818182,0.41494993099316707,0.36358271325783603,0.9884615384615383,0.9196428571428571,2.0,12.0,0.8181818181818182,0.41494993099316707,0.36358271325783603
1756,0.9877289377289376,0.9176587301587302,2.125,10.0,0.6666666666666666,0.27851015070873464,0.30492025069258577,0.9891483516483515,0.9265873015873015,1.8125,11.0,0.6666666666666666,0.27851015070873464,0.30492025069258577
1757,0.9972527472527473,0.9712301587301586,0.8125,6.0,1.0,0.345566693361393,0.37278334668069646,0.9941391941391939,0.9484126984126985,1.40625,5.0,1.0,0.345566693361393,0.37278334668069646
1758,0.9828296703296703,0.9047619047619047,2.375,11.0,1.0,0.2965379905475377,0.2652630026968967,0.9983058608058608,0.9771825396825397,0.6875,3.0,1.0,0.2965379905475377,0.2652630026968967
1759,0.9813644688644687,0.8928571428571428,2.625,10.0,0.8181818181818182,0.42293286084592036,0.34992284853190453,0.9964285714285713,0.9593253968253969,1.0625,4.0,0.8181818181818182,0.42293286084592036,0.34992284853190453
1760,0.9913919413919412,0.9365079365079365,1.71875,8.0,1.0,0.38191139508980165,0.3909556975449008,0.9985347985347984,0.9791666666666667,0.625,3.0,1.0,0.38191139508980165,0.3909556975449008
1761,0.9844780219780219,0.9037698412698412,2.46875,9.0,0.8181818181818182,0.383252673456231,0.3176548682521483,0.9949175824175823,0.9464285714285714,1.375,5.0,0.8181818181818182,0.383252673456231,0.3176548682521483
1762,0.9917582417582417,0.9355158730158729,1.6875,7.0,0.8181818181818182,0.24643385102818044,0.262098826146223,0.996565934065934,0.9623015873015872,1.125,4.0,0.8181818181818182,0.24643385102818044,0.262098826146223
1763,0.9928113553113552,0.9434523809523809,1.53125,7.0,1.0,0.2568947607035752,0.3014465246927029,0.9988095238095237,0.9821428571428571,0.53125,3.0,1.0,0.2568947607035752,0.3014465246927029
1764,0.9857600732600732,0.9146825396825395,2.1875,10.0,1.0,0.27886421214929724,0.29087866257915423,0.999175824175824,0.9851190476190476,0.46875,2.0,1.0,0.27886421214929724,0.29087866257915423
1765,0.9911630036630036,0.9355158730158729,1.625,8.0,1.0,0.21706895215694874,0.27101344386729337,0.9990384615384613,0.984126984126984,0.46875,2.0,1.0,0.21706895215694874,0.27101344386729337
1766,0.831043956043956,0.8263888888888888,4.65625,50.0,0.6666666666666666,0.3999999999999999,0.2737259180359712,0.808241758241758,0.7738095238095237,5.21875,54.0,0.6666666666666666,0.3999999999999999,0.2737259180359712
1767,0.9913919413919412,0.9355158730158729,1.71875,7.0,1.0,0.37833429167464033,0.3859075790043473,0.9994505494505495,0.9900793650793651,0.28125,2.0,1.0,0.37833429167464033,0.3859075790043473
1768,0.9935897435897434,0.9464285714285714,1.5,6.0,1.0,0.2759588427935775,0.3340980402350575,0.9965201465201465,0.9613095238095238,1.0625,5.0,1.0,0.2759588427935775,0.3340980402350575
1769,0.9824175824175824,0.9027777777777778,2.40625,10.0,1.0,0.2760432200504828,0.271895947195027,0.9977106227106226,0.9712301587301586,0.84375,4.0,1.0,0.2760432200504828,0.271895947195027
1770,0.9929029304029302,0.9404761904761904,1.625,6.0,0.8181818181818182,0.25588057724312474,0.3071891717511855,0.9943681318681318,0.9474206349206349,1.40625,6.0,0.8181818181818182,0.25588057724312474,0.3071891717511855
1771,0.9888736263736262,0.9255952380952381,1.875,8.0,1.0,0.23454176225934387,0.30296479201840154,0.9978937728937727,0.9722222222222222,0.8125,4.0,1.0,0.23454176225934387,0.30296479201840154
1772,0.9389194139194138,0.8273809523809523,4.3125,30.0,1.0,0.40402412319641395,0.30344153739317276,0.9561355311355311,0.8839285714285713,2.9375,30.0,1.0,0.40402412319641395,0.30344153739317276
1773,0.976282051282051,0.8799603174603174,3.0625,14.0,0.6666666666666666,0.40970698100437447,0.33725411961406515,0.9847527472527472,0.9126984126984127,2.15625,15.0,0.6666666666666666,0.40970698100437447,0.33725411961406515
1774,0.9938186813186812,0.9434523809523809,1.53125,6.0,1.0,0.28376552700951396,0.3144690086194053,0.9976648351648351,0.9702380952380952,0.8125,3.0,1.0,0.28376552700951396,0.3144690086194053
1775,0.9864468864468864,0.9117063492063491,2.28125,9.0,0.8181818181818182,0.3485897654704563,0.30200931873486075,0.9967490842490841,0.9623015873015872,1.0,5.0,0.8181818181818182,0.3485897654704563,0.30200931873486075
1776,0.9952838827838826,0.9543650793650793,1.21875,6.0,1.0,0.17135329328257287,0.2547309973921048,0.9974358974358973,0.9712301587301586,0.84375,5.0,1.0,0.17135329328257287,0.2547309973921048
1777,0.9856227106227103,0.9117063492063491,2.1875,11.0,0.8181818181818182,0.22084218801499272,0.2604870938547145,0.9907509157509157,0.9325396825396824,1.625,12.0,0.8181818181818182,0.22084218801499272,0.2604870938547145
1778,0.9935439560439557,0.9513888888888888,1.28125,10.0,1.0,0.11128628459452716,0.23053121283107908,0.9865384615384614,0.9285714285714286,1.84375,16.0,1.0,0.11128628459452716,0.23053121283107908
1779,0.995970695970696,0.9603174603174602,1.0625,6.0,1.0,0.3270069717524842,0.36350348587624215,0.9961080586080584,0.9613095238095238,1.03125,5.0,1.0,0.3270069717524842,0.36350348587624215
1780,0.9965201465201465,0.9672619047619048,0.90625,6.0,1.0,0.4285605979021897,0.4142802989510948,0.9949175824175823,0.9503968253968254,1.3125,5.0,1.0,0.4285605979021897,0.4142802989510948
1781,0.9927197802197801,0.9404761904761904,1.5625,6.0,1.0,0.2157345671863071,0.2829198352977669,0.999084249084249,0.9851190476190476,0.4375,3.0,1.0,0.2157345671863071,0.2829198352977669
1782,0.9919871794871794,0.9365079365079365,1.6875,7.0,1.0,0.19620684255850598,0.2779006003074902,0.9977106227106226,0.9712301587301586,0.78125,5.0,1.0,0.19620684255850598,0.2779006003074902
1783,0.9943681318681318,0.9454365079365078,1.40625,6.0,1.0,0.17900282596970152,0.24828712594641333,0.9922161172161172,0.9424603174603173,1.59375,6.0,1.0,0.17900282596970152,0.24828712594641333
1784,0.9939102564102563,0.941468253968254,1.5,6.0,1.0,0.18716600397654487,0.2503356035484631,0.9966117216117215,0.9642857142857143,1.0,4.0,1.0,0.18716600397654487,0.2503356035484631
1785,0.9724816849816849,0.8730158730158729,3.15625,18.0,0.5384615384615384,0.37255664375022596,0.31252006312274805,0.9771062271062271,0.8918650793650793,2.59375,19.0,0.5384615384615384,0.37255664375022596,0.31252006312274805
1786,0.986492673992674,0.9156746031746031,2.25,8.0,1.0,0.204464519457583,0.2564748376769696,0.9978021978021977,0.9722222222222222,0.875,3.0,1.0,0.204464519457583,0.2564748376769696
1787,0.9922619047619047,0.9355158730158729,1.6875,7.0,1.0,0.2961655363092042,0.3321798566377172,0.9981227106227105,0.9742063492063492,0.6875,3.0,1.0,0.2961655363092042,0.3321798566377172
1788,0.9903846153846152,0.929563492063492,1.78125,8.0,0.8181818181818182,0.174254688586176,0.24877479874255756,0.9953754578754578,0.9543650793650793,1.1875,6.0,0.8181818181818182,0.174254688586176,0.24877479874255756
1789,0.9907967032967033,0.931547619047619,1.84375,8.0,0.6666666666666666,0.3410287175761454,0.36144590908144103,0.9903388278388278,0.9285714285714286,1.71875,9.0,0.6666666666666666,0.3410287175761454,0.36144590908144103
1790,0.9860347985347985,0.9136904761904762,2.28125,10.0,0.8181818181818182,0.21702219137359063,0.25866480925542334,0.9957875457875456,0.9543650793650793,1.21875,4.0,0.8181818181818182,0.21702219137359063,0.25866480925542334
1791,0.9943681318681318,0.9494047619047619,1.375,6.0,1.0,0.23498246570061898,0.31419930376766003,0.9982142857142856,0.976190476190476,0.71875,3.0,1.0,0.23498246570061898,0.31419930376766003
1792,0.9858974358974358,0.9166666666666666,2.125,10.0,1.0,0.3897231930682361,0.39486159653411806,0.999084249084249,0.9831349206349206,0.53125,2.0,1.0,0.3897231930682361,0.39486159653411806
1793,0.9802655677655676,0.8938492063492063,2.65625,10.0,1.0,0.26541357117728426,0.25866321277994503,0.9957417582417581,0.9563492063492064,1.21875,6.0,1.0,0.26541357117728426,0.25866321277994503
1794,0.9862637362637361,0.9087301587301587,2.3125,9.0,0.8181818181818182,0.3233748386980784,0.286480070824845,0.996565934065934,0.9593253968253969,1.09375,5.0,0.8181818181818182,0.3233748386980784,0.286480070824845
1795,0.982554945054945,0.9017857142857142,2.40625,10.0,1.0,0.2794809243982105,0.28760410655243207,0.9977106227106226,0.9682539682539681,0.90625,4.0,1.0,0.2794809243982105,0.28760410655243207
1796,0.9920787545787544,0.9404761904761904,1.5625,8.0,1.0,0.2717306226649147,0.3234169069190985,0.9970695970695969,0.9672619047619048,0.90625,5.0,1.0,0.2717306226649147,0.3234169069190985
1797,0.9949175824175823,0.9523809523809523,1.28125,6.0,1.0,0.2205381337491972,0.2854490562714666,0.9969780219780219,0.9652777777777777,0.9375,4.0,1.0,0.2205381337491972,0.2854490562714666
1798,0.9631410256410255,0.8521825396825397,3.65625,13.0,0.8181818181818182,0.29232292586374375,0.3076830429783713,0.9813644688644687,0.8968253968253967,2.6875,13.0,0.8181818181818182,0.29232292586374375,0.3076830429783713
1799,0.9776556776556775,0.8908730158730158,2.71875,10.0,0.8181818181818182,0.301832709042562,0.3129286473816967,0.9907967032967033,0.929563492063492,1.875,10.0,0.8181818181818182,0.301832709042562,0.3129286473816967
1800,0.9897435897435897,0.9246031746031745,1.96875,7.0,1.0,0.22719989586729222,0.26539959665823903,0.9986263736263734,0.9791666666666667,0.625,3.0,1.0,0.22719989586729222,0.26539959665823903
1801,0.9821428571428571,0.9017857142857142,2.375,10.0,0.8181818181818182,0.2492478277029525,0.2641148111503973,0.9959249084249083,0.9543650793650793,1.34375,4.0,0.8181818181818182,0.2492478277029525,0.2641148111503973
1802,0.9952380952380951,0.9523809523809523,1.28125,6.0,1.0,0.21983186928471407,0.2894297728681957,0.9972069597069595,0.9692460317460317,0.875,5.0,1.0,0.21983186928471407,0.2894297728681957
1803,0.9869505494505493,0.9156746031746031,2.09375,8.0,1.0,0.20082662705347284,0.24718861924976407,0.9982142857142856,0.9742063492063492,0.78125,3.0,1.0,0.20082662705347284,0.24718861924976407
1804,0.982554945054945,0.9027777777777778,2.40625,10.0,1.0,0.3808301197310295,0.39041505986551467,0.9963827838827837,0.9593253968253969,1.1875,5.0,1.0,0.3808301197310295,0.39041505986551467
1805,0.9811813186813184,0.8978174603174603,2.5,10.0,1.0,0.3269299413809295,0.3137929263253451,0.9975274725274724,0.9682539682539681,0.90625,4.0,1.0,0.3269299413809295,0.3137929263253451
1806,0.9893315018315018,0.9265873015873015,1.90625,8.0,1.0,0.27147840904179876,0.2996789431207766,0.9997710622710622,0.9950396825396826,0.15625,1.0,1.0,0.27147840904179876,0.2996789431207766
1807,0.9914835164835164,0.933531746031746,1.8125,7.0,1.0,0.2658875971318373,0.2924072700839536,0.99757326007326,0.9702380952380952,0.90625,4.0,1.0,0.2658875971318373,0.2924072700839536
1808,0.9888736263736262,0.9216269841269841,2.0,8.0,1.0,0.3348525563478095,0.36429698117695825,0.9996336996336995,0.9920634920634921,0.25,1.0,1.0,0.3348525563478095,0.36429698117695825
1809,0.9918498168498168,0.9355158730158729,1.65625,7.0,1.0,0.38124957093240236,0.3906247854662012,0.9994505494505495,0.9900793650793651,0.28125,2.0,1.0,0.38124957093240236,0.3906247854662012
1810,0.9939560439560439,0.9454365079365078,1.5,6.0,0.6666666666666666,0.28287346943098807,0.3327580877070694,0.9920329670329668,0.9325396825396824,1.65625,7.0,0.6666666666666666,0.28287346943098807,0.3327580877070694
1811,0.9786630036630036,0.8859126984126984,2.84375,12.0,0.6666666666666666,0.3864173625367234,0.3461132021889504,0.9869047619047617,0.9146825396825395,2.03125,13.0,0.6666666666666666,0.3864173625367234,0.3461132021889504
1812,0.9922161172161172,0.9374999999999999,1.65625,7.0,1.0,0.3162954028771659,0.35814770143858293,0.9988553113553114,0.9821428571428571,0.53125,3.0,1.0,0.3162954028771659,0.35814770143858293
1813,0.9768772893772891,0.886904761904762,2.8125,12.0,1.0,0.3317717272311021,0.27407496406509896,0.9958791208791208,0.9593253968253969,1.15625,4.0,1.0,0.3317717272311021,0.27407496406509896
1814,0.9864010989010987,0.9176587301587302,2.21875,10.0,1.0,0.26052875846035495,0.26798006703504496,0.9974358974358973,0.9662698412698413,0.9375,4.0,1.0,0.26052875846035495,0.26798006703504496
1815,0.9915293040293041,0.9345238095238094,1.6875,7.0,1.0,0.21782096664539402,0.25599653950942985,0.998992673992674,0.9831349206349206,0.5,3.0,1.0,0.21782096664539402,0.25599653950942985
1816,0.9761446886446886,0.8849206349206349,2.78125,11.0,0.8181818181818182,0.27673973565782906,0.26366110468989373,0.9943223443223441,0.9494047619047619,1.46875,5.0,0.8181818181818182,0.27673973565782906,0.26366110468989373
1817,0.9823717948717947,0.9017857142857142,2.40625,16.0,0.6666666666666666,0.2411582804378454,0.2659127103059947,0.9821886446886448,0.9047619047619047,2.25,17.0,0.6666666666666666,0.2411582804378454,0.2659127103059947
1818,0.9898809523809522,0.9255952380952381,1.96875,8.0,0.8181818181818182,0.2558973687589473,0.2977296305504741,0.996565934065934,0.9603174603174602,1.0625,4.0,0.8181818181818182,0.2558973687589473,0.2977296305504741
1819,0.9875915750915749,0.9255952380952381,2.03125,11.0,1.0,0.17924946318627547,0.2537814580828318,0.9874999999999998,0.9484126984126985,1.4375,17.0,1.0,0.17924946318627547,0.2537814580828318
1820,0.9867216117216117,0.9166666666666666,2.15625,8.0,1.0,0.2982053346729714,0.3199521433597676,0.9992216117216116,0.9851190476190476,0.4375,2.0,1.0,0.2982053346729714,0.3199521433597676
1821,0.9775641025641023,0.886904761904762,2.75,10.0,0.8181818181818182,0.23449870643296714,0.2571866043451497,0.9915293040293041,0.931547619047619,1.84375,9.0,0.8181818181818182,0.23449870643296714,0.2571866043451497
1822,0.995970695970696,0.9603174603174602,1.03125,6.0,1.0,0.16255991332859865,0.28010459092650386,0.9954212454212452,0.9553571428571428,1.25,5.0,1.0,0.16255991332859865,0.28010459092650386
1823,0.981043956043956,0.8948412698412699,2.59375,10.0,0.8181818181818182,0.23296014317752822,0.2781670812658941,0.9909798534798533,0.931547619047619,1.71875,10.0,0.8181818181818182,0.23296014317752822,0.2781670812658941
1824,0.987912087912088,0.9216269841269841,2.0,8.0,1.0,0.2712630376261266,0.308264889978367,0.9996336996336995,0.9920634920634921,0.25,1.0,1.0,0.2712630376261266,0.308264889978367
1825,0.9927197802197801,0.933531746031746,1.71875,6.0,1.0,0.3513473789979675,0.3558342807654585,0.9972527472527473,0.9662698412698413,0.9375,3.0,1.0,0.3513473789979675,0.3558342807654585
1826,0.8215201465201464,0.7688492063492063,5.46875,55.0,0.6666666666666666,0.4683485489270806,0.3340023620826185,0.8192765567765568,0.8154761904761905,4.78125,55.0,0.6666666666666666,0.4683485489270806,0.3340023620826185
1827,0.9867216117216117,0.9176587301587302,2.15625,8.0,1.0,0.2064501681619981,0.2643297897178085,0.9980311355311355,0.9742063492063492,0.8125,3.0,1.0,0.2064501681619981,0.2643297897178085
1828,0.9877289377289376,0.9196428571428571,2.0625,9.0,0.6666666666666666,0.33034408661402614,0.34128037445513537,0.9926282051282049,0.9384920634920635,1.46875,9.0,0.6666666666666666,0.33034408661402614,0.34128037445513537
1829,0.9948717948717947,0.9513888888888888,1.28125,6.0,1.0,0.28050917528439584,0.3402545876421979,0.9978021978021977,0.9742063492063492,0.78125,5.0,1.0,0.28050917528439584,0.3402545876421979
1830,0.9751831501831502,0.8829365079365079,2.96875,17.0,0.6666666666666666,0.3825675694494207,0.32459311038001276,0.9793040293040292,0.8958333333333333,2.40625,18.0,0.6666666666666666,0.3825675694494207,0.32459311038001276
1831,0.9885073260073259,0.9186507936507936,2.1875,8.0,0.8181818181818182,0.27873587765847346,0.3016087422438772,0.9935897435897434,0.9454365079365078,1.46875,7.0,0.8181818181818182,0.27873587765847346,0.3016087422438772
1832,0.9754120879120878,0.8859126984126984,2.9375,17.0,0.6666666666666666,0.3838486814716023,0.3255491873898257,0.9804029304029303,0.9007936507936508,2.375,18.0,0.6666666666666666,0.3838486814716023,0.3255491873898257
1833,0.9798076923076922,0.8928571428571428,2.625,10.0,1.0,0.2522802060618906,0.25312930866028044,0.9958333333333333,0.9553571428571428,1.25,5.0,1.0,0.2522802060618906,0.25312930866028044
1834,0.9780219780219779,0.8898809523809524,2.75,12.0,1.0,0.29122438136439455,0.263391934992816,0.9952838827838826,0.9543650793650793,1.28125,6.0,1.0,0.29122438136439455,0.263391934992816
1835,0.9895604395604396,0.9246031746031745,2.0,8.0,1.0,0.2076463746472723,0.26672984721588777,0.9945054945054944,0.9593253968253969,1.09375,10.0,1.0,0.2076463746472723,0.26672984721588777
1836,0.99757326007326,0.9751984126984127,0.75,6.0,1.0,0.12951274850588898,0.26475637425294446,0.9921703296703295,0.9365079365079365,1.6875,6.0,1.0,0.12951274850588898,0.26475637425294446
1837,0.9836996336996336,0.9057539682539683,2.40625,11.0,1.0,0.2756700026502873,0.2915854005519953,0.9980311355311355,0.9722222222222222,0.84375,3.0,1.0,0.2756700026502873,0.2915854005519953
1838,0.9869505494505493,0.9196428571428571,2.125,10.0,0.8181818181818182,0.37808640041137204,0.3850752446841389,0.996245421245421,0.9583333333333333,1.15625,4.0,0.8181818181818182,0.37808640041137204,0.3850752446841389
1839,0.9961538461538461,0.9593253968253969,1.15625,6.0,1.0,0.15001908063277,0.2565455769397054,0.9958333333333333,0.9563492063492064,1.21875,4.0,1.0,0.15001908063277,0.2565455769397054
1840,0.985576923076923,0.9126984126984127,2.1875,10.0,0.8181818181818182,0.28656383467967633,0.3122833181662259,0.9963369963369962,0.9593253968253969,1.09375,4.0,0.8181818181818182,0.28656383467967633,0.3122833181662259
1841,0.9872710622710622,0.9156746031746031,2.125,8.0,0.8181818181818182,0.31811256512663577,0.30417646082728433,0.9987637362637363,0.9801587301587301,0.625,2.0,0.8181818181818182,0.31811256512663577,0.30417646082728433
1842,0.9818681318681316,0.9017857142857142,2.53125,10.0,0.8181818181818182,0.28023666431840594,0.28065469806758947,0.9976648351648351,0.9702380952380952,0.875,4.0,0.8181818181818182,0.28023666431840594,0.28065469806758947
1843,0.994459706959707,0.9484126984126985,1.4375,5.0,1.0,0.14203045116495616,0.24946732690868312,0.9978021978021977,0.9751984126984127,0.75,5.0,1.0,0.14203045116495616,0.24946732690868312
1844,0.987912087912088,0.9216269841269841,2.03125,8.0,1.0,0.33586197985859967,0.32842695628315777,0.9995421245421244,0.9900793650793651,0.3125,1.0,1.0,0.33586197985859967,0.32842695628315777
1845,0.9887820512820512,0.9246031746031745,2.0,8.0,1.0,0.22074575913820474,0.26039192025089225,0.999084249084249,0.9851190476190476,0.4375,3.0,1.0,0.22074575913820474,0.26039192025089225
1846,0.99253663003663,0.9384920634920635,1.65625,7.0,1.0,0.21482101024459913,0.2712130089341184,0.9971153846153845,0.9652777777777777,1.0,4.0,1.0,0.21482101024459913,0.2712130089341184
1847,0.9872252747252748,0.9146825396825395,2.15625,8.0,0.8181818181818182,0.27176565828244603,0.28091836619764166,0.9984890109890108,0.9771825396825397,0.71875,3.0,0.8181818181818182,0.27176565828244603,0.28091836619764166
1848,0.9872252747252748,0.9107142857142857,2.3125,8.0,1.0,0.2511428780460997,0.30437288695297754,0.9938644688644689,0.9573412698412698,1.125,11.0,1.0,0.2511428780460997,0.30437288695297754
1849,0.9848443223443222,0.9126984126984127,2.21875,10.0,1.0,0.3170691373318475,0.3126237327913209,0.9985805860805859,0.9771825396825397,0.71875,2.0,1.0,0.3170691373318475,0.3126237327913209
1850,0.9872710622710622,0.9166666666666666,2.21875,10.0,0.6666666666666666,0.31098127741254444,0.3216124582962859,0.9885531135531134,0.9216269841269841,1.875,11.0,0.6666666666666666,0.31098127741254444,0.3216124582962859
1851,0.989423076923077,0.9265873015873015,1.9375,8.0,1.0,0.20220088295748329,0.2829145013640128,0.9986263736263734,0.9831349206349206,0.53125,5.0,1.0,0.20220088295748329,0.2829145013640128
1852,0.9859890109890108,0.9156746031746031,2.21875,10.0,1.0,0.3272863607467689,0.3514099296652508,0.9978021978021977,0.9702380952380952,0.84375,4.0,1.0,0.3272863607467689,0.3514099296652508
1853,0.984157509157509,0.9087301587301587,2.40625,9.0,1.0,0.27460558302844507,0.3129474398529147,0.9967948717948718,0.9652777777777777,1.03125,5.0,1.0,0.27460558302844507,0.3129474398529147
1854,0.9675366300366298,0.8690476190476191,3.34375,15.0,1.0,0.3076165149802909,0.3062429675669969,0.9795329670329669,0.9255952380952381,2.0,19.0,1.0,0.3076165149802909,0.3062429675669969
1855,0.9836538461538461,0.9087301587301587,2.34375,10.0,1.0,0.2889595289708552,0.272953817322722,0.9983974358974358,0.9771825396825397,0.71875,3.0,1.0,0.2889595289708552,0.272953817322722
1856,0.9950091575091573,0.9523809523809523,1.25,6.0,1.0,0.2655403608456438,0.31125536599100634,0.9967032967032966,0.9632936507936507,0.96875,4.0,1.0,0.2655403608456438,0.31125536599100634
1857,0.9914835164835164,0.9345238095238094,1.78125,7.0,1.0,0.29799587339036815,0.33766296534780105,0.9977106227106226,0.9732142857142856,0.78125,4.0,1.0,0.29799587339036815,0.33766296534780105
1858,0.9950091575091573,0.9513888888888888,1.28125,6.0,1.0,0.30767020172031395,0.35383510086015696,0.9972985347985347,0.9682539682539681,0.875,4.0,1.0,0.30767020172031395,0.35383510086015696
1859,0.9917124542124541,0.9345238095238094,1.78125,7.0,1.0,0.21195891461216146,0.26621503449751655,0.9986263736263734,0.9791666666666667,0.59375,3.0,1.0,0.21195891461216146,0.26621503449751655
1860,0.9789377289377289,0.8918650793650793,2.65625,10.0,1.0,0.29580112298382677,0.29890497379957015,0.9956501831501829,0.9563492063492064,1.25,5.0,1.0,0.29580112298382677,0.29890497379957015
1861,0.9892399267399264,0.9255952380952381,1.90625,8.0,1.0,0.26380864815721594,0.29594669453045264,0.9998168498168497,0.9960317460317459,0.125,1.0,1.0,0.26380864815721594,0.29594669453045264
1862,0.9897435897435897,0.923611111111111,2.03125,7.0,1.0,0.2419802377915712,0.26060110602282605,0.9982600732600732,0.9742063492063492,0.75,3.0,1.0,0.2419802377915712,0.26060110602282605
1863,0.9872710622710622,0.9196428571428571,2.09375,8.0,1.0,0.3271493158049408,0.3416266925718361,0.9996336996336995,0.9920634920634921,0.25,1.0,1.0,0.3271493158049408,0.3416266925718361
1864,0.981639194139194,0.8998015873015873,2.5,10.0,1.0,0.3117893991932267,0.3021024733719235,0.9976648351648351,0.9702380952380952,0.875,4.0,1.0,0.3117893991932267,0.3021024733719235
1865,0.987912087912088,0.9126984126984127,2.1875,8.0,0.8181818181818182,0.2857265123358303,0.29320227001186183,0.9945970695970694,0.9474206349206349,1.28125,6.0,0.8181818181818182,0.2857265123358303,0.29320227001186183
1866,0.9843406593406593,0.9077380952380952,2.3125,9.0,1.0,0.2675215894968167,0.2880173778764016,0.9977106227106226,0.9722222222222222,0.8125,4.0,1.0,0.2675215894968167,0.2880173778764016
1867,0.9858516483516482,0.9246031746031745,2.03125,16.0,1.0,0.1864077925935689,0.2666546138756165,0.9810897435897434,0.927579365079365,1.78125,22.0,1.0,0.1864077925935689,0.2666546138756165
1868,0.9886446886446886,0.9255952380952381,1.9375,8.0,1.0,0.2647896478850916,0.33239482394254566,0.99757326007326,0.9702380952380952,0.875,4.0,1.0,0.2647896478850916,0.33239482394254566
1869,0.9728021978021978,0.8759920634920634,3.125,16.0,1.0,0.28286871029539956,0.28402711570950007,0.9856227106227103,0.9285714285714286,1.9375,16.0,1.0,0.28286871029539956,0.28402711570950007
1870,0.9918956043956043,0.931547619047619,1.875,6.0,1.0,0.3115774633518454,0.31284267481314104,0.991208791208791,0.9345238095238094,1.71875,7.0,1.0,0.3115774633518454,0.31284267481314104
1871,0.9922619047619047,0.939484126984127,1.5625,7.0,1.0,0.33890789286008594,0.36625803276563745,0.9990384615384613,0.984126984126984,0.46875,3.0,1.0,0.33890789286008594,0.36625803276563745
1872,0.9935897435897434,0.9434523809523809,1.5,7.0,1.0,0.2670697002648398,0.2975217458094126,0.9968406593406592,0.9642857142857143,1.03125,4.0,1.0,0.2670697002648398,0.2975217458094126
1873,0.9890567765567765,0.9255952380952381,1.875,8.0,1.0,0.3244220295402134,0.3622110147701067,0.9985347985347984,0.9781746031746031,0.65625,3.0,1.0,0.3244220295402134,0.3622110147701067
1874,0.973168498168498,0.8720238095238095,3.0625,15.0,0.6666666666666666,0.3237610053823413,0.28440131050449124,0.9828296703296703,0.9047619047619047,2.3125,16.0,0.6666666666666666,0.3237610053823413,0.28440131050449124
1875,0.9924450549450549,0.941468253968254,1.5625,6.0,1.0,0.27372422775253963,0.3368621138762698,0.9964743589743588,0.9623015873015872,1.03125,5.0,1.0,0.27372422775253963,0.3368621138762698
1876,0.9839743589743588,0.9067460317460316,2.34375,10.0,1.0,0.2724459526875306,0.26480502016958307,0.9972985347985347,0.9652777777777777,0.96875,4.0,1.0,0.2724459526875306,0.26480502016958307
1877,0.9898351648351646,0.9265873015873015,1.9375,8.0,1.0,0.3227108529911502,0.35523796284698117,0.9979395604395603,0.9732142857142856,0.75,3.0,1.0,0.3227108529911502,0.35523796284698117
1878,0.9859890109890108,0.9107142857142857,2.28125,9.0,0.8181818181818182,0.3209119069671778,0.300924462033316,0.9984890109890108,0.9791666666666667,0.65625,3.0,0.8181818181818182,0.3209119069671778,0.300924462033316
1879,0.9862179487179485,0.9166666666666666,2.25,10.0,0.8181818181818182,0.2670679940791873,0.2668561189794303,0.9970695970695969,0.9632936507936507,1.03125,4.0,0.8181818181818182,0.2670679940791873,0.2668561189794303
1880,0.9930402930402931,0.9404761904761904,1.59375,7.0,0.8181818181818182,0.17491345372402362,0.2849690228715864,0.995054945054945,0.9513888888888888,1.4375,4.0,0.8181818181818182,0.17491345372402362,0.2849690228715864
1881,0.9863553113553112,0.9146825396825395,2.21875,10.0,1.0,0.22459009051997203,0.25420312852325666,0.9973901098901098,0.9652777777777777,0.96875,4.0,1.0,0.22459009051997203,0.25420312852325666
1882,0.9771978021978021,0.8898809523809524,2.75,12.0,1.0,0.31475813251380474,0.2698119097202459,0.9961538461538461,0.9623015873015872,1.09375,4.0,1.0,0.31475813251380474,0.2698119097202459
1883,0.9867673992673991,0.9226190476190474,2.0,16.0,1.0,0.21388876743520693,0.29436134439663475,0.9824633699633698,0.927579365079365,1.78125,22.0,1.0,0.21388876743520693,0.29436134439663475
1884,0.9920329670329668,0.9365079365079365,1.65625,7.0,1.0,0.26569977064975925,0.3234588233057197,0.999267399267399,0.9871031746031746,0.40625,2.0,1.0,0.26569977064975925,0.3234588233057197
1885,0.9854395604395604,0.9097222222222221,2.34375,10.0,1.0,0.23007885017506433,0.2674204206007917,0.9964743589743588,0.9722222222222222,0.8125,8.0,1.0,0.23007885017506433,0.2674204206007917
1886,0.9832875457875456,0.9057539682539683,2.375,10.0,1.0,0.22534856333461162,0.26063946928426124,0.9975274725274724,0.9682539682539681,0.96875,4.0,1.0,0.22534856333461162,0.26063946928426124
1887,0.9863553113553112,0.9186507936507936,2.03125,10.0,0.8181818181818182,0.3410244726118905,0.36450741485336846,0.9977106227106226,0.9692460317460317,0.90625,4.0,0.8181818181818182,0.3410244726118905,0.36450741485336846
1888,0.9936355311355312,0.9444444444444444,1.5,7.0,0.8181818181818182,0.285289323691075,0.3426446618455375,0.9913461538461537,0.931547619047619,1.6875,8.0,0.8181818181818182,0.285289323691075,0.3426446618455375
1889,0.9929029304029302,0.9404761904761904,1.59375,7.0,1.0,0.4057758805923922,0.3877699557614489,0.996062271062271,0.9613095238095238,1.15625,4.0,1.0,0.4057758805923922,0.3877699557614489
1890,0.9845238095238095,0.9047619047619047,2.375,10.0,0.8181818181818182,0.39367028087442385,0.3357790516679983,0.9974358974358973,0.9672619047619048,0.9375,4.0,0.8181818181818182,0.39367028087442385,0.3357790516679983
1891,0.9844322344322343,0.9117063492063491,2.21875,10.0,1.0,0.4216358319544119,0.4108179159772059,0.9972069597069595,0.9623015873015872,1.09375,4.0,1.0,0.4216358319544119,0.4108179159772059
1892,0.9839743589743588,0.9067460317460316,2.375,12.0,0.6666666666666666,0.4568511064039382,0.42437157246394874,0.9883241758241756,0.923611111111111,1.8125,13.0,0.6666666666666666,0.4568511064039382,0.42437157246394874
1893,0.994734432234432,0.9503968253968254,1.3125,6.0,1.0,0.37379237429954826,0.38689618714977414,0.9967490842490841,0.9632936507936507,1.03125,4.0,1.0,0.37379237429954826,0.38689618714977414
1894,0.9877747252747251,0.9206349206349207,2.125,9.0,0.6666666666666666,0.3153596667042241,0.3292129591282709,0.9903388278388278,0.929563492063492,1.6875,10.0,0.6666666666666666,0.3153596667042241,0.3292129591282709
1895,0.9883241758241756,0.9265873015873015,1.9375,9.0,0.8181818181818182,0.22792931659116528,0.28698767912388595,0.9964285714285713,0.9613095238095238,1.125,4.0,0.8181818181818182,0.22792931659116528,0.28698767912388595
1896,0.9851190476190477,0.9057539682539683,2.375,9.0,0.8181818181818182,0.3112240588353876,0.2797637383661309,0.9979853479853479,0.9722222222222222,0.84375,3.0,0.8181818181818182,0.3112240588353876,0.2797637383661309
1897,0.9924450549450549,0.939484126984127,1.65625,7.0,0.8181818181818182,0.3470462855419899,0.37028155054942197,0.9945512820512821,0.9464285714285714,1.375,6.0,0.8181818181818182,0.3470462855419899,0.37028155054942197
1898,0.9843406593406593,0.9057539682539683,2.4375,10.0,1.0,0.24903535559788795,0.27816608926651964,0.9955128205128204,0.9682539682539681,0.9375,9.0,1.0,0.24903535559788795,0.27816608926651964
1899,0.9861263736263735,0.9136904761904762,2.21875,8.0,1.0,0.2992715501102658,0.31552701789481996,0.9987179487179487,0.9801587301587301,0.59375,3.0,1.0,0.2992715501102658,0.31552701789481996
1900,0.9960164835164834,0.9593253968253969,1.09375,6.0,1.0,0.3425181280172731,0.37125906400863656,0.9966117216117215,0.9662698412698413,0.96875,5.0,1.0,0.3425181280172731,0.37125906400863656
1901,0.9926282051282049,0.939484126984127,1.625,7.0,1.0,0.16513152000269338,0.2522440659048225,0.9979853479853479,0.9722222222222222,0.84375,4.0,1.0,0.16513152000269338,0.2522440659048225
1902,0.9907509157509157,0.931547619047619,1.8125,8.0,0.8181818181818182,0.15409415872422982,0.2503971377513606,0.9953754578754578,0.9563492063492064,1.3125,5.0,0.8181818181818182,0.15409415872422982,0.2503971377513606
1903,0.8466117216117216,0.7936507936507936,5.09375,46.0,0.8181818181818182,0.457521847557972,0.3463370133960293,0.842445054945055,0.8482142857142856,4.46875,52.0,0.8181818181818182,0.457521847557972,0.3463370133960293
1904,0.9963369963369962,0.9632936507936507,0.96875,6.0,1.0,0.3177813939643065,0.3588906969821533,0.995970695970696,0.9583333333333333,1.1875,5.0,1.0,0.3177813939643065,0.3588906969821533
1905,0.9959249084249083,0.9593253968253969,1.09375,5.0,1.0,0.13287751218934346,0.23465640567001547,0.9970238095238094,0.9642857142857143,1.0,4.0,1.0,0.13287751218934346,0.23465640567001547
1906,0.9872252747252748,0.9126984126984127,2.21875,8.0,0.8181818181818182,0.2705761644946477,0.3025080598113146,0.9956501831501829,0.9553571428571428,1.125,6.0,0.8181818181818182,0.2705761644946477,0.3025080598113146
1907,0.9902930402930401,0.9305555555555556,1.78125,8.0,0.8181818181818182,0.3189881197809453,0.3504175222464381,0.994734432234432,0.9513888888888888,1.28125,6.0,0.8181818181818182,0.3189881197809453,0.3504175222464381
1908,0.9890567765567765,0.9206349206349207,2.0,8.0,0.8181818181818182,0.3715281970006744,0.34772821275568366,0.9983058608058608,0.9751984126984127,0.6875,3.0,0.8181818181818182,0.3715281970006744,0.34772821275568366
1909,0.9788461538461537,0.8859126984126984,2.84375,12.0,0.6666666666666666,0.3346579538619112,0.30456303191504663,0.9867673992673991,0.9146825396825395,2.0625,13.0,0.6666666666666666,0.3346579538619112,0.30456303191504663
1910,0.9901556776556775,0.929563492063492,1.84375,7.0,1.0,0.24253918546324654,0.30724631169633815,0.999267399267399,0.988095238095238,0.375,2.0,1.0,0.24253918546324654,0.30724631169633815
1911,0.9876373626373625,0.9196428571428571,2.09375,8.0,1.0,0.3074045611664172,0.33969556382486843,0.9994963369963369,0.9900793650793651,0.3125,2.0,1.0,0.3074045611664172,0.33969556382486843
1912,0.9902930402930401,0.929563492063492,1.84375,7.0,1.0,0.19696372601362086,0.2588044449608839,0.9990384615384613,0.984126984126984,0.5,2.0,1.0,0.19696372601362086,0.2588044449608839
1913,0.9979853479853479,0.9771825396825397,0.6875,6.0,1.0,0.23185810376853666,0.31592905188426834,0.9929487179487179,0.9484126984126985,1.4375,7.0,1.0,0.23185810376853666,0.31592905188426834
1914,0.9942307692307691,0.9494047619047619,1.40625,6.0,1.0,0.3201022869233284,0.3600511434616642,0.9961996336996336,0.9603174603174602,1.125,5.0,1.0,0.3201022869233284,0.3600511434616642
1915,0.9899725274725273,0.9196428571428571,2.125,7.0,0.8181818181818182,0.22353983569006408,0.29945704545693685,0.9913461538461537,0.9325396825396824,1.71875,7.0,0.8181818181818182,0.22353983569006408,0.29945704545693685
1916,0.9831959706959705,0.9037698412698412,2.375,10.0,1.0,0.3366794378484986,0.35123702020756103,0.9981684981684982,0.9742063492063492,0.71875,4.0,1.0,0.3366794378484986,0.35123702020756103
1917,0.9965201465201465,0.9623015873015872,1.0,6.0,1.0,0.3401423496842284,0.3700711748421142,0.9964285714285713,0.9632936507936507,1.0,5.0,1.0,0.3401423496842284,0.3700711748421142
1918,0.9911630036630036,0.9305555555555556,1.84375,7.0,1.0,0.2609971632138758,0.27108475243381386,0.9979395604395603,0.9712301587301586,0.78125,3.0,1.0,0.2609971632138758,0.27108475243381386
1919,0.9880494505494504,0.9216269841269841,2.03125,8.0,1.0,0.2417541500644318,0.2729828040982415,0.9994505494505495,0.988095238095238,0.375,1.0,1.0,0.2417541500644318,0.2729828040982415
1920,0.9920787545787544,0.9345238095238094,1.71875,7.0,1.0,0.27444503347436633,0.273966475281347,0.9964285714285713,0.9613095238095238,1.125,5.0,1.0,0.27444503347436633,0.273966475281347
1921,0.9861263736263735,0.9146825396825395,2.25,8.0,1.0,0.3158483193904636,0.31485710131214556,0.9991300366300366,0.9831349206349206,0.53125,2.0,1.0,0.3158483193904636,0.31485710131214556
1922,0.9854853479853479,0.9117063492063491,2.375,10.0,0.8181818181818182,0.32219846115921236,0.3244305346118353,0.9935439560439557,0.9444444444444444,1.4375,7.0,0.8181818181818182,0.32219846115921236,0.3244305346118353
1923,0.9907509157509157,0.9345238095238094,1.75,8.0,1.0,0.19578096597105868,0.2645432309421393,0.9994505494505495,0.9910714285714285,0.25,2.0,1.0,0.19578096597105868,0.2645432309421393
1924,0.9902930402930401,0.9305555555555556,1.8125,7.0,1.0,0.21090521877396148,0.2567999584933072,0.999267399267399,0.9871031746031746,0.40625,2.0,1.0,0.21090521877396148,0.2567999584933072
1925,0.9806318681318679,0.8988095238095237,2.65625,14.0,0.8181818181818182,0.1933307721889191,0.2798740327083811,0.9878205128205128,0.927579365079365,1.875,14.0,0.8181818181818182,0.1933307721889191,0.2798740327083811
1926,0.9838369963369963,0.9087301587301587,2.4375,15.0,0.8181818181818182,0.24723277314480063,0.31166277996397945,0.9846611721611721,0.9374999999999999,1.65625,21.0,0.8181818181818182,0.24723277314480063,0.31166277996397945
1927,0.9928571428571427,0.939484126984127,1.5625,6.0,0.6666666666666666,0.33559047046195845,0.3677952352309793,0.9798534798534797,0.886904761904762,2.78125,9.0,0.6666666666666666,0.33559047046195845,0.3677952352309793
1928,0.9852106227106227,0.9107142857142857,2.25,10.0,0.8181818181818182,0.253029766438483,0.27570283552229263,0.997161172161172,0.9652777777777777,0.96875,4.0,0.8181818181818182,0.253029766438483,0.27570283552229263
1929,0.9820970695970694,0.9017857142857142,2.46875,10.0,1.0,0.26122681825754934,0.25809526884115,0.9978021978021977,0.9722222222222222,0.8125,4.0,1.0,0.26122681825754934,0.25809526884115
1930,0.9960164835164834,0.9593253968253969,1.0625,6.0,1.0,0.22787025317554818,0.3077183982155939,0.9968406593406592,0.9682539682539681,0.90625,5.0,1.0,0.22787025317554818,0.3077183982155939
1931,0.9916666666666665,0.9374999999999999,1.625,8.0,1.0,0.17204030363978,0.23929834984959983,0.9983974358974358,0.9781746031746031,0.65625,3.0,1.0,0.17204030363978,0.23929834984959983
1932,0.9899267399267396,0.9285714285714286,1.875,8.0,1.0,0.1973565830240344,0.2594361857872456,0.9989010989010987,0.9890873015873015,0.34375,5.0,1.0,0.1973565830240344,0.2594361857872456
1933,0.9908424908424909,0.9325396825396824,1.78125,8.0,1.0,0.308543263485463,0.35276209741510306,0.9984890109890108,0.9791666666666667,0.59375,4.0,1.0,0.308543263485463,0.35276209741510306
1934,0.960485347985348,0.8640873015873016,3.375,25.0,1.0,0.3237826202439172,0.2811189343798568,0.9692307692307692,0.9186507936507936,2.125,25.0,1.0,0.3237826202439172,0.2811189343798568
1935,0.9823260073260074,0.9037698412698412,2.4375,10.0,0.8181818181818182,0.3569372780192124,0.3460778088540504,0.992124542124542,0.9365079365079365,1.5,10.0,0.8181818181818182,0.3569372780192124,0.3460778088540504
1936,0.9735347985347985,0.8819444444444444,3.03125,13.0,1.0,0.2813044805668915,0.289686224805169,0.9922161172161172,0.9404761904761904,1.71875,6.0,1.0,0.2813044805668915,0.289686224805169
1937,0.9939560439560439,0.9444444444444444,1.46875,6.0,1.0,0.15014675277686554,0.2400391994948094,0.9983058608058608,0.9771825396825397,0.6875,3.0,1.0,0.15014675277686554,0.2400391994948094
1938,0.9898351648351646,0.9255952380952381,1.9375,8.0,1.0,0.2875478217762357,0.32337509422933086,0.9985347985347984,0.9801587301587301,0.53125,3.0,1.0,0.2875478217762357,0.32337509422933086
1939,0.9770146520146518,0.8888888888888888,2.875,12.0,0.8181818181818182,0.3341526866387672,0.2663697306200984,0.9951007326007326,0.9513888888888888,1.4375,4.0,0.8181818181818182,0.3341526866387672,0.2663697306200984
1940,0.9755036630036629,0.8839285714285713,3.0,13.0,0.8181818181818182,0.19907602481517772,0.2908022318953834,0.9844780219780219,0.9067460317460316,2.28125,13.0,0.8181818181818182,0.19907602481517772,0.2908022318953834
1941,0.992124542124542,0.9384920634920635,1.625,6.0,0.8181818181818182,0.2740449558407312,0.3370224779203656,0.9959249084249083,0.9573412698412698,1.125,5.0,0.8181818181818182,0.2740449558407312,0.3370224779203656
1942,0.9958333333333333,0.9573412698412698,1.1875,6.0,1.0,0.25684943288493195,0.3284247164424659,0.9966117216117215,0.9623015873015872,1.0625,4.0,1.0,0.25684943288493195,0.3284247164424659
1943,0.9964743589743588,0.9632936507936507,0.96875,6.0,1.0,0.36707404278270567,0.38353702139135276,0.9955128205128204,0.9603174603174602,1.125,5.0,1.0,0.36707404278270567,0.38353702139135276
1944,0.8524725274725274,0.8184523809523809,4.625,47.0,0.8181818181818182,0.40362751347472103,0.33496351880773695,0.8407967032967033,0.8293650793650793,4.46875,53.0,0.8181818181818182,0.40362751347472103,0.33496351880773695
1945,0.9842490842490841,0.9077380952380952,2.34375,10.0,1.0,0.29395871484665437,0.27030721584852474,0.9982600732600732,0.9742063492063492,0.78125,3.0,1.0,0.29395871484665437,0.27030721584852474
1946,0.979120879120879,0.9037698412698412,2.46875,15.0,1.0,0.22586551553636847,0.27880007356708575,0.9808608058608058,0.9424603174603173,1.65625,21.0,1.0,0.22586551553636847,0.27880007356708575
1947,0.9882783882783882,0.9226190476190474,1.9375,8.0,1.0,0.3495074956046313,0.3747537478023156,0.9982600732600732,0.9751984126984127,0.75,4.0,1.0,0.3495074956046313,0.3747537478023156
1948,0.9829212454212453,0.9047619047619047,2.40625,15.0,0.6666666666666666,0.269172429417695,0.27952436978866857,0.9836996336996336,0.9097222222222221,2.125,16.0,0.6666666666666666,0.269172429417695,0.27952436978866857
1949,0.9951465201465202,0.9513888888888888,1.3125,6.0,1.0,0.27024640993316446,0.3228235516682414,0.9971153846153845,0.9682539682539681,0.90625,5.0,1.0,0.27024640993316446,0.3228235516682414
1950,0.9930860805860805,0.9404761904761904,1.53125,7.0,1.0,0.3601394790730912,0.364843948254526,0.9962912087912087,0.9593253968253969,1.1875,4.0,1.0,0.3601394790730912,0.364843948254526
1951,0.9913919413919412,0.929563492063492,1.8125,6.0,0.8181818181818182,0.21558912113764833,0.3007446788994882,0.9907967032967033,0.9285714285714286,1.78125,7.0,0.8181818181818182,0.21558912113764833,0.3007446788994882
1952,0.9905219780219778,0.929563492063492,1.90625,8.0,1.0,0.21810230688009982,0.2510601911420938,0.9979853479853479,0.9722222222222222,0.71875,3.0,1.0,0.21810230688009982,0.2510601911420938
1953,0.9858974358974358,0.9146825396825395,2.21875,10.0,0.8181818181818182,0.32336914095094993,0.3369601745995897,0.9949175824175823,0.9533730158730157,1.21875,7.0,0.8181818181818182,0.32336914095094993,0.3369601745995897
1954,0.9843406593406593,0.9097222222222221,2.3125,10.0,0.8181818181818182,0.240554791788086,0.27732077708125624,0.9926282051282049,0.9404761904761904,1.5,10.0,0.8181818181818182,0.240554791788086,0.27732077708125624
1955,0.9929029304029302,0.9374999999999999,1.625,7.0,1.0,0.3179031819303205,0.3210038358873546,0.9969780219780219,0.9662698412698413,0.90625,4.0,1.0,0.3179031819303205,0.3210038358873546
1956,0.9738095238095238,0.8720238095238095,3.125,11.0,0.8181818181818182,0.3279486490870516,0.2834775497632285,0.9871794871794871,0.9126984126984127,2.09375,12.0,0.8181818181818182,0.3279486490870516,0.2834775497632285
1957,0.9818223443223442,0.8998015873015873,2.6875,13.0,0.8181818181818182,0.2433725120171663,0.3127163784915758,0.9854853479853479,0.9305555555555556,1.84375,19.0,0.8181818181818182,0.2433725120171663,0.3127163784915758
1958,0.9956043956043955,0.9573412698412698,1.1875,6.0,1.0,0.4054492289197851,0.40272461445989255,0.9956959706959705,0.9563492063492064,1.1875,5.0,1.0,0.4054492289197851,0.40272461445989255
1959,0.9754578754578752,0.8829365079365079,2.9375,17.0,0.6666666666666666,0.3045699635846751,0.2881200813022191,0.9787087912087912,0.8918650793650793,2.59375,18.0,0.6666666666666666,0.3045699635846751,0.2881200813022191
1960,0.9918498168498168,0.9374999999999999,1.65625,7.0,1.0,0.23960919184350687,0.3059742652878658,0.9993589743589743,0.988095238095238,0.34375,2.0,1.0,0.23960919184350687,0.3059742652878658
1961,0.9834249084249083,0.9037698412698412,2.34375,10.0,1.0,0.27693527802131374,0.2925604608341941,0.9978937728937727,0.9702380952380952,0.84375,4.0,1.0,0.27693527802131374,0.2925604608341941
1962,0.9914377289377289,0.9355158730158729,1.6875,8.0,1.0,0.2259065239772088,0.2635224875889956,0.999267399267399,0.988095238095238,0.34375,3.0,1.0,0.2259065239772088,0.2635224875889956
1963,0.9773351648351647,0.8789682539682538,2.9375,12.0,0.6666666666666666,0.2535767264577876,0.28806301298745174,0.9857600732600732,0.9097222222222221,2.1875,13.0,0.6666666666666666,0.2535767264577876,0.28806301298745174
1964,0.9609432234432234,0.861111111111111,3.4375,25.0,0.8181818181818182,0.2592652867482518,0.30252304655058315,0.9661630036630035,0.8918650793650793,2.78125,25.0,0.8181818181818182,0.2592652867482518,0.30252304655058315
1965,0.9862179487179485,0.9156746031746031,2.125,10.0,0.8181818181818182,0.32707497728274926,0.3443776679326004,0.9960164835164834,0.9563492063492064,1.1875,4.0,0.8181818181818182,0.32707497728274926,0.3443776679326004
1966,0.9941849816849815,0.9484126984126985,1.40625,6.0,1.0,0.24789480247013296,0.3057417400301104,0.9979853479853479,0.9751984126984127,0.71875,4.0,1.0,0.24789480247013296,0.3057417400301104
1967,0.9867673992673991,0.9206349206349207,2.0,10.0,1.0,0.22148867766708122,0.24191689196975466,0.9988553113553114,0.9811507936507935,0.5625,2.0,1.0,0.22148867766708122,0.24191689196975466
1968,0.9940018315018313,0.9464285714285714,1.46875,6.0,1.0,0.32241611867569364,0.34278897128935065,0.9976190476190474,0.9692460317460317,0.84375,3.0,1.0,0.32241611867569364,0.34278897128935065
1969,0.9913919413919412,0.933531746031746,1.75,7.0,1.0,0.1584350746890592,0.2511996492393896,0.9987179487179487,0.9821428571428571,0.5625,3.0,1.0,0.1584350746890592,0.2511996492393896
1970,0.9860347985347985,0.9166666666666666,2.15625,10.0,0.8181818181818182,0.31362541346860495,0.3373002174985056,0.9940018315018313,0.9494047619047619,1.3125,8.0,0.8181818181818182,0.31362541346860495,0.3373002174985056
1971,0.984157509157509,0.9057539682539683,2.4375,10.0,0.8181818181818182,0.2429596293746287,0.3053688159247116,0.9968406593406592,0.9642857142857143,1.09375,5.0,0.8181818181818182,0.2429596293746287,0.3053688159247116
1972,0.980128205128205,0.8978174603174603,2.5625,12.0,1.0,0.34501196892688535,0.28714335088626114,0.9975274725274724,0.9702380952380952,0.90625,4.0,1.0,0.34501196892688535,0.28714335088626114
1973,0.9943681318681318,0.9464285714285714,1.4375,6.0,1.0,0.21147903520125844,0.28959155442383605,0.9963369963369962,0.9593253968253969,1.15625,4.0,1.0,0.21147903520125844,0.28959155442383605
1974,0.9929945054945054,0.9384920634920635,1.625,6.0,1.0,0.18465546452795417,0.26559159618202904,0.9977106227106226,0.9712301587301586,0.78125,5.0,1.0,0.18465546452795417,0.26559159618202904
1975,0.9859432234432235,0.9146825396825395,2.28125,10.0,0.8181818181818182,0.37631802188008445,0.3728827963235317,0.996062271062271,0.9573412698412698,1.125,5.0,0.8181818181818182,0.37631802188008445,0.3728827963235317
1976,0.9799908424908426,0.8948412698412699,2.75,16.0,0.8181818181818182,0.28575348054230865,0.33188325488681963,0.9823717948717947,0.927579365079365,1.875,22.0,0.8181818181818182,0.28575348054230865,0.33188325488681963
1977,0.9877747252747251,0.9196428571428571,2.125,10.0,0.8181818181818182,0.31646045670003875,0.3434227502632021,0.9961996336996336,0.9563492063492064,1.1875,4.0,0.8181818181818182,0.31646045670003875,0.3434227502632021
1978,0.9924450549450549,0.939484126984127,1.59375,7.0,1.0,0.32790236984039145,0.3605223140636814,0.9987637362637363,0.9801587301587301,0.59375,3.0,1.0,0.32790236984039145,0.3605223140636814
1979,0.9907509157509157,0.931547619047619,1.75,7.0,1.0,0.29727283746252275,0.31513179430521493,0.9994047619047619,0.988095238095238,0.375,2.0,1.0,0.29727283746252275,0.31513179430521493
1980,0.9852564102564101,0.9107142857142857,2.34375,10.0,1.0,0.29885202477663003,0.2732136156729988,0.9971153846153845,0.9652777777777777,1.0,4.0,1.0,0.29885202477663003,0.2732136156729988
1981,0.8564560439560438,0.8184523809523809,4.625,47.0,0.8181818181818182,0.39999999999999986,0.3439150436954299,0.8435897435897434,0.8234126984126984,4.46875,53.0,0.8181818181818182,0.39999999999999986,0.3439150436954299
1982,0.994734432234432,0.9523809523809523,1.28125,6.0,1.0,0.2137461572253432,0.27988311084880724,0.9980311355311355,0.9751984126984127,0.71875,3.0,1.0,0.2137461572253432,0.27988311084880724
1983,0.9884157509157507,0.9226190476190474,2.03125,8.0,1.0,0.21223786077372997,0.2630551978688116,0.9985805860805859,0.9831349206349206,0.5,5.0,1.0,0.21223786077372997,0.2630551978688116
1984,0.9877747252747251,0.9186507936507936,2.125,8.0,1.0,0.1657291385328286,0.2587237912702534,0.9973443223443224,0.9712301587301586,0.90625,4.0,1.0,0.1657291385328286,0.2587237912702534
1985,0.9902472527472528,0.9265873015873015,1.90625,7.0,1.0,0.3243550981423642,0.32419566355377794,0.9988553113553114,0.9811507936507935,0.5625,2.0,1.0,0.3243550981423642,0.32419566355377794
1986,0.9935897435897434,0.9484126984126985,1.3125,10.0,1.0,0.10742362477253695,0.22658654960819744,0.9863553113553112,0.923611111111111,1.96875,16.0,1.0,0.10742362477253695,0.22658654960819744
1987,0.9788919413919412,0.8888888888888888,2.71875,10.0,0.8181818181818182,0.24941796160382018,0.27405217495027445,0.9937271062271062,0.9434523809523809,1.5625,7.0,0.8181818181818182,0.24941796160382018,0.27405217495027445
1988,0.9829212454212453,0.9057539682539683,2.34375,10.0,1.0,0.26308351796813845,0.30449740274116976,0.9961080586080584,0.9563492063492064,1.28125,5.0,1.0,0.26308351796813845,0.30449740274116976
1989,0.9780677655677654,0.8908730158730158,2.84375,15.0,0.6666666666666666,0.3373025345134595,0.30030340857848437,0.9832417582417582,0.9077380952380952,2.28125,16.0,0.6666666666666666,0.3373025345134595,0.30030340857848437
1990,0.9918956043956043,0.9384920634920635,1.59375,8.0,1.0,0.22807323733887822,0.2920864553575659,0.9978479853479852,0.9732142857142856,0.75,4.0,1.0,0.22807323733887822,0.2920864553575659
1991,0.9861721611721611,0.9166666666666666,2.09375,10.0,1.0,0.2280003941712777,0.25182420815909395,0.9980311355311355,0.9732142857142856,0.8125,3.0,1.0,0.2280003941712777,0.25182420815909395
1992,0.9842948717948719,0.9087301587301587,2.4375,10.0,0.8181818181818182,0.3441654708323407,0.3407867318889714,0.9956959706959705,0.9553571428571428,1.21875,4.0,0.8181818181818182,0.3441654708323407,0.3407867318889714
1993,0.992124542124542,0.9355158730158729,1.75,7.0,0.8181818181818182,0.2612760421666449,0.266120393059548,0.9943681318681318,0.9484126984126985,1.46875,5.0,0.8181818181818182,0.2612760421666449,0.266120393059548
1994,0.9836080586080587,0.9057539682539683,2.40625,9.0,1.0,0.19908306804366674,0.26717311811473304,0.9961538461538461,0.9603174603174602,1.1875,4.0,1.0,0.19908306804366674,0.26717311811473304
1995,0.9957417582417581,0.9583333333333333,1.15625,6.0,1.0,0.3426785882201091,0.3713392941100545,0.9953296703296702,0.9533730158730157,1.3125,5.0,1.0,0.3426785882201091,0.3713392941100545
1996,0.9888736263736262,0.9246031746031745,2.0,8.0,1.0,0.30117953513411755,0.31767367582832956,0.9996336996336995,0.9930555555555555,0.21875,2.0,1.0,0.30117953513411755,0.31767367582832956
1997,0.9920787545787544,0.9374999999999999,1.71875,7.0,1.0,0.34174517808870336,0.37087258904435166,0.9972527472527473,0.9682539682539681,0.9375,4.0,1.0,0.34174517808870336,0.37087258904435166
1998,0.989697802197802,0.9285714285714286,1.875,8.0,1.0,0.24370648679593288,0.2945644551833587,0.9997252747252745,0.9950396825396826,0.15625,2.0,1.0,0.24370648679593288,0.2945644551833587
1999,0.9889652014652014,0.923611111111111,1.9375,7.0,1.0,0.32555491473193277,0.3627774573659664,0.9982142857142856,0.976190476190476,0.71875,4.0,1.0,0.32555491473193277,0.3627774573659664
