iteration,media_score,awards_score,expertise_score,face_score,communication_score
0,0.11065980263001081,0.21418225310881428,0.18259156652183053,0.13394209527417558,0.35862428246516875
1,0.15137299201452808,0.2027825981518298,0.25103427097232944,0.1632897352067374,0.23152040365457538
2,0.1225474582848409,0.14503059825214634,0.27320761947841543,0.14208174938897578,0.3171325745956215
3,0.15127635853377874,0.24257414767306135,0.24005980948865072,0.15213613328169465,0.2139535510228145
4,0.09412498699158174,0.2323782558669867,0.16684897587519396,0.1639999545697106,0.34264782669652705
5,0.1477205034336906,0.286018977842379,0.22083810924107994,0.11384336706643221,0.23157904241641822
6,0.13403655577774282,0.23414258711497493,0.21314778720347521,0.1378540392132168,0.2808190306905903
7,0.11788190946826263,0.22742220000302213,0.221998444249227,0.13751355732182152,0.29518388895766673
8,0.12506332458096595,0.2803557276132338,0.15359351429915138,0.11233656049458088,0.3286508730120681
9,0.1256125134531496,0.18889050053885093,0.1968058936314831,0.11494593230582367,0.3737451600706928
10,0.1318576755561026,0.2188042170951094,0.21809668788812292,0.12036645371567842,0.31087496574498674
11,0.1260173053266443,0.22005795106790932,0.15983691218936832,0.10331666523828165,0.39077116617779634
12,0.10747058680812867,0.1196763331098122,0.2198713447281342,0.11918419102269004,0.4337975443312349
13,0.1386084064457473,0.22472256340242533,0.24232793256365487,0.1437098494894366,0.2506312480987359
14,0.12508990160194036,0.2428604496350698,0.17439623087700318,0.11981998729094685,0.33783343059503984
15,0.09405398620188687,0.2530322949337524,0.19613117563980614,0.16196288978407128,0.2948196534404834
16,0.08596360360635946,0.22996018098930865,0.26236663170746516,0.13709244465536644,0.28461713904150027
17,0.16164072820768935,0.2850760937663635,0.23450980936508342,0.1388252019614167,0.1799481666994471
18,0.1353634068624089,0.1465935221303132,0.20858246795981744,0.13525401453497224,0.37420658851248834
19,0.14552199093355478,0.22872771419972882,0.22300224018608225,0.1261001956882777,0.27664785899235633
20,0.1558924133408485,0.2518330143393118,0.18614919157040596,0.14132550699037996,0.2647998737590538
21,0.15651091236990777,0.19410301099830085,0.24549529611225013,0.11410931047111442,0.28978147004842686
22,0.11914018493447778,0.2573011611357531,0.17063550243585984,0.1263592868264232,0.3265638646674862
23,0.14802434896493832,0.19029763101874744,0.20231569200597838,0.12022849947733547,0.3391338285330004
24,0.11813340245898087,0.2070488722922461,0.190716203789022,0.13997315468443405,0.344128366775317
25,0.14385667155160087,0.21752215036295755,0.1849948329278724,0.13756748445198855,0.31605886070558065
26,0.09969957316838637,0.19699857851033029,0.2004782920968537,0.16213692439809468,0.34068663182633485
27,0.17531564550709774,0.21062316389184024,0.1821638377690645,0.13750183214728876,0.2943955206847088
28,0.10911595777318372,0.2097413037745169,0.2040122929262466,0.1462434943147248,0.33088695121132783
29,0.1300959232916201,0.22220279034375995,0.17179422968316058,0.16792538085189893,0.30798167582956054
30,0.12584911840412186,0.2642988063491698,0.20729832632638784,0.13258094393817504,0.2699728049821455
31,0.1230680897574247,0.23527411722937916,0.2518722762168652,0.14015110598961114,0.2496344108067196
32,0.11959533794561697,0.2717415364093192,0.19384068777705193,0.14908867136794285,0.26573376650006914
33,0.14797317343728686,0.2572521828323418,0.20517728615857067,0.12979554020257564,0.2598018173692249
34,0.10457018562600733,0.22874846604856125,0.2706598820393268,0.13765051847440862,0.2583709478116959
35,0.10494529605121648,0.1969699021035551,0.1437686648295599,0.13280999959292353,0.421506137422745
36,0.1574859575238053,0.18904400489764636,0.1870862119893918,0.12312948678370754,0.3432543388054489
37,0.13236547158309386,0.20773362077114252,0.19828666057902597,0.14656750990534803,0.31504673716138976
38,0.12323448853207139,0.22076509168233402,0.2577962048459117,0.14106492989921923,0.2571392850404636
39,0.13572502347912174,0.253614932397074,0.19876589985340723,0.15062742912288873,0.26126671514750816
40,0.12164203339783543,0.21398453824820288,0.23494446480171347,0.1362529108619212,0.2931760526903271
41,0.14493608929229806,0.1983457965323106,0.2808559890053933,0.14343244399573568,0.23242968117426233
42,0.10941757186267746,0.26394080245430956,0.19502305101172349,0.14558712190520898,0.28603145276608066
43,0.11788160368250677,0.18158087447631202,0.16804729368199495,0.16503265545306764,0.36745757270611856
44,0.10868379732027574,0.21347762139217744,0.16216281272440822,0.13321848956059057,0.3824572790025481
45,0.12145281022832675,0.23153732759199408,0.21237236906620127,0.15808826486241886,0.27654922825105904
46,0.13771875638906234,0.22195137026389047,0.2184173548159443,0.14297966073439516,0.27893285779670773
47,0.13820341580372575,0.19691816284682723,0.1669767384816119,0.16807435390277392,0.3298273289650611
48,0.14948468117317418,0.2090589927525942,0.20753576752885067,0.11075317214564136,0.32316738639973963
49,0.18817076676054495,0.20668021470990458,0.2554160233967132,0.18231125905839862,0.16742173607443875
50,0.15575335187177722,0.18879693494339692,0.23042436502216376,0.12802401211783487,0.29700133604482726
51,0.14926102399408514,0.23674346905393168,0.20318937039466264,0.1286435481995742,0.2821625883577465
52,0.13682163787495133,0.22675587263331515,0.18641893874417811,0.14848028139067063,0.3015232693568846
53,0.13144418743807057,0.19421051418741164,0.20428345978463053,0.13908282427152202,0.33097901431836535
54,0.1460896768087001,0.22346654053376863,0.2300440761929713,0.1474366746746037,0.2529630317899563
55,0.13367027241320284,0.28455821985033514,0.16788752897433748,0.1800601982841819,0.23382378047794247
56,0.1498816163456545,0.21095905924315544,0.2787119201585173,0.1370894043412749,0.22335799991139785
57,0.12710286444508123,0.2250688029146176,0.1804144867897478,0.1279854754037354,0.3394283704468181
58,0.15694428508524547,0.2165913854489246,0.1902782862089366,0.1198118892345905,0.3163741540223027
59,0.1318370264914786,0.23761565553558653,0.23432003351044137,0.1674649799189862,0.2287623045435073
60,0.13344794956988398,0.19921222153765875,0.2188599938064107,0.1594391621583855,0.2890406729276611
61,0.13565660303680047,0.21401633194532277,0.18518919914404391,0.135048028794675,0.33008983707915773
62,0.13416209153376074,0.14691363510679467,0.16098431233035476,0.1660903268970049,0.39184963413208485
63,0.13776462333996548,0.24088244216854174,0.21537330231336926,0.1496797807273901,0.2562998514507336
64,0.12630996602281935,0.11860518634127304,0.20611900950924736,0.12195912475863742,0.4270067133680228
65,0.11446787471309762,0.24679405420826994,0.18585180555440733,0.15090270632638336,0.3019835591978417
66,0.13368475371671887,0.2484774511776344,0.20866581055991906,0.1313080872229466,0.27786389732278116
67,0.11877859042999755,0.21343279707053767,0.20748797106878003,0.1327068399856087,0.327593801445076
68,0.1646495311971529,0.2615052811932546,0.22765938558761553,0.18820885270420407,0.1579769493177729
69,0.11432865666308575,0.274994019463814,0.19637098952848644,0.12523227850862148,0.2890740558359924
70,0.1598084235511221,0.22142032177032192,0.26433834620831376,0.15444506882482603,0.19998783964541625
71,0.13008383221823946,0.2855934348815197,0.16947620495429194,0.1425147585735134,0.2723317693724354
72,0.1343797306977458,0.24717354607815434,0.27951429510932246,0.12653698863270735,0.21239543948207004
73,0.13131189174499738,0.20791944245456204,0.17921278145678948,0.13287332522882167,0.3486825591148294
74,0.14149577380086806,0.17878975753970502,0.2111722647009373,0.1354132916587113,0.33312891229977826
75,0.1275855261716026,0.25458581922952034,0.17674982100225156,0.1410783936225333,0.3000004399740922
76,0.12472050842467769,0.18791960780080003,0.22430348340214717,0.14667595909537506,0.31638044127699994
77,0.1579853786286911,0.2118209574192208,0.2396674976488146,0.13858626437458163,0.2519399019286919
78,0.1409754605411826,0.25487348292410617,0.2496499333722769,0.1266204242567225,0.22788069890571175
79,0.11529804245432732,0.22051673852498635,0.1790865959845013,0.14260840603628785,0.3424902169998971
80,0.12597984136828247,0.28714165115229834,0.20188044207218314,0.1321219107096221,0.25287615469761393
81,0.1556151384067975,0.30936067835798753,0.18328925157174758,0.1633611695340103,0.18837376212945714
82,0.1910216213044456,0.24078517568680946,0.2524136823161385,0.14971814040701498,0.1660613802855913
83,0.1643171146058283,0.142583462238764,0.20078076591631946,0.1380486180794764,0.3542700391596118
84,0.18633264537200417,0.2567540792040658,0.2456481474430812,0.15023151554374498,0.1610336124371039
85,0.11131330445349154,0.2999629064018889,0.23734205066913994,0.16228144784532725,0.18910029063015252
86,0.12098779756071423,0.2545861873236266,0.19024743384217682,0.13784559643114294,0.2963329848423395
87,0.14414383724742036,0.2638955504034276,0.1807756272878908,0.1339274738662698,0.27725751119499137
88,0.10696661248854379,0.24432209262094004,0.1681344229533035,0.12701281035829035,0.35356406157892234
89,0.16159598565177294,0.3277224891703002,0.2060913377764499,0.1571677245740422,0.14742246282743468
90,0.10953302179531854,0.20020186494464504,0.17461985151299397,0.1453252738386448,0.3703199879083977
91,0.12663306012803732,0.2457542413499976,0.277821810629764,0.14834661590340764,0.2014442719887934
92,0.11817544219058246,0.20261228668190148,0.17272841399768307,0.12994704555762113,0.3765368115722118
93,0.15624566222222594,0.2755543305789168,0.20224492422282783,0.16115064824077494,0.20480443473525436
94,0.11566921551989909,0.2493277085844726,0.19957606580431897,0.1463955039160649,0.28903150617524437
95,0.1438539533046656,0.14193534680910502,0.23989676071054483,0.12605586776858727,0.3482580714070972
96,0.11004012091338881,0.2185376851556772,0.19882536227268133,0.1541827853303543,0.31841404632789844
97,0.11049583868915369,0.14332520813272248,0.24900082743962354,0.18988820180286503,0.3072899239356352
98,0.17082115122469885,0.18251333929835717,0.27430955286781594,0.15272138650372188,0.21963457010540607
99,0.17932494474555014,0.2808336696634661,0.26066388551136227,0.13935056812707944,0.13982693195254214
100,0.11637647879222804,0.22854826375538953,0.18177384122288515,0.14908745715646593,0.32421395907303147
101,0.12784329752466383,0.17030789432156646,0.2218579480896097,0.11382841939743062,0.36616244066672937
102,0.1403810821308191,0.26957702397388805,0.2283858352733973,0.13702629135407926,0.22462976726781625
103,0.12425727144582198,0.2161150793507401,0.2277358826874775,0.13581523985197208,0.29607652666398826
104,0.15431868166624244,0.2105496156479845,0.21299140431472868,0.14240452211467403,0.2797357762563704
105,0.12003556727033986,0.21115451321664233,0.19931394894885338,0.18226764643308707,0.28722832413107735
106,0.12488846920330866,0.2543458908338271,0.19497040409074287,0.12940037314238906,0.29639486272973226
107,0.1278600728144554,0.17069873924713802,0.22667955585075195,0.1434677254917228,0.3312939065959318
108,0.1449542884319806,0.26099108749295613,0.21529576312289864,0.12891027717515835,0.24984858377700622
109,0.12327415860589916,0.1998098391643917,0.233110380059857,0.1430604470858509,0.3007451750840012
110,0.2643229735266301,0.2575628017610878,0.3106354712309985,0.1674787534812836,0.0
111,0.11946520357561054,0.2004237380330211,0.2101285130981232,0.12124284872837662,0.3487396965648687
112,0.1184381204775146,0.27865957381190304,0.18455391397588025,0.12005084789007353,0.2982975438446285
113,0.14949339073450335,0.1491914543981778,0.18915108250336135,0.1294294053808171,0.3827346669831405
114,0.12130769263837204,0.28378412700432687,0.20434705846665938,0.13836846251574544,0.2521926593748963
115,0.11059906107936045,0.23898181472931262,0.19433106555253807,0.12614911120694927,0.32993894743183966
116,0.15738141897485397,0.2823172337300809,0.22321808014647931,0.18004170728361915,0.1570415598649667
117,0.12021205145394884,0.21457123106122972,0.18195676632570124,0.18201580480097374,0.30124414635814656
118,0.12278135897809103,0.25557673118870694,0.2058463312800564,0.12054366706788035,0.2952519114852654
119,0.11427170274896348,0.23049410659241606,0.1772824431335424,0.14705221665588072,0.3308995308691973
120,0.15914387247173878,0.17764737542843334,0.19386755829961066,0.15888977189028772,0.3104514219099295
121,0.122454276152532,0.2278169463833369,0.2775414470591176,0.14480316618777506,0.22738416421723842
122,0.11376726242838309,0.26824509061269863,0.20411276800360248,0.14915922265371076,0.26471565630160504
123,0.11368624201259421,0.2530893674379281,0.16907362114411187,0.13983665236479095,0.3243141170405749
124,0.14375406358676968,0.20509470609605238,0.16964532526287682,0.13135282312211607,0.35015308193218514
125,0.12321612026172304,0.17322052990632508,0.2059471237518312,0.16521729619896228,0.3323989298811584
126,0.14143910362506,0.15874648732081933,0.1854775502331369,0.14471934984890877,0.3696175089720749
127,0.1254755438200626,0.2578906752192326,0.1600837212863211,0.15388294236899838,0.3026671173053854
128,0.10479391078194336,0.20909286324306725,0.2376145990924735,0.1559309070877166,0.2925677197947994
129,0.16039955688533333,0.20359011801194324,0.1990335783645135,0.12086377340068925,0.31611297333752075
130,0.13166458626142183,0.24223879016247793,0.21751388776346633,0.13019341275995922,0.27838932305267466
131,0.13775400467731974,0.15678027816998633,0.17182805225723502,0.14358798274610762,0.3900496821493512
132,0.15408160986359432,0.1734384178581945,0.18486097237174876,0.1473466397173937,0.3402723601890687
133,0.15114538632408644,0.26243791373276637,0.20080600446253694,0.13360600197159045,0.2520046935090197
134,0.13144801161962144,0.21242604304045487,0.25913914249660736,0.14615445672066382,0.2508323461226524
135,0.1390757930786973,0.17471911446801097,0.20331371427038458,0.13519675743161136,0.34769462075129576
136,0.14327476841855408,0.1964615402421709,0.1818397901747225,0.15083825122784023,0.32758564993671224
137,0.12287838687871626,0.15896037241095243,0.22586786763909455,0.11951329839672878,0.37278007467450797
138,0.12007170426428447,0.25255315265003425,0.22861934189653368,0.11174528776718537,0.2870105134219622
139,0.11431613987508123,0.19080378579918952,0.20311474228559184,0.13687444593048578,0.35489088610965164
140,0.12356602149103123,0.203824609732785,0.23838872701221972,0.12930181362453713,0.30491882813942683
141,0.13470272010964443,0.19285322140103608,0.2131226286422069,0.1257647262671295,0.3335567035799831
142,0.1577602331779085,0.23943319755912487,0.2128048819576996,0.12463663120834653,0.2653650560969205
143,0.15905028906820176,0.24629023169181394,0.19551682662667622,0.16682949973411834,0.2323131528791897
144,0.11265678114678519,0.24037709069015203,0.217198830460816,0.16678585213384178,0.2629814455684051
145,0.12270204554790089,0.22745141401499386,0.17047072078629885,0.14451883345339392,0.33485698619741244
146,0.1388122657353644,0.1813335505792456,0.2248678834657374,0.14263408020842616,0.3123522200112265
147,0.1645622880003162,0.19135954239970965,0.20634382496582393,0.1652824508069073,0.27245189382724305
148,0.1080214967533011,0.25800743026576733,0.20310444840911748,0.1832426498217837,0.24762397475003042
149,0.19509079433501955,0.18799723712796226,0.2656141128653002,0.16830566931677216,0.1829921863549458
150,0.13409368765079255,0.21475908344489136,0.24487522137022724,0.14119948217224632,0.2650725253618425
151,0.11596633528647016,0.20886424749087296,0.1536211625275239,0.157974111166085,0.36357414352904793
152,0.1659941572438989,0.21058426584993914,0.19595404545360015,0.1926328222228363,0.23483470922972552
153,0.18415066455735193,0.2661656776424461,0.2387976372752601,0.15155145495563213,0.15933456556930978
154,0.11488025834259791,0.17313148959661012,0.35658036601368953,0.1308367061233239,0.22457117992377856
155,0.10893111360195927,0.16077505841428844,0.23207253404759454,0.1345903424039615,0.36363095153219627
156,0.13247474787426483,0.2121095173071715,0.22243374873193336,0.15698806313328162,0.27599392295334885
157,0.157938818005791,0.31314750403063224,0.1944807790508241,0.18744720439316467,0.14698569451958798
158,0.13549571489215761,0.1615073918135154,0.2840188792290719,0.16661632003562915,0.2523616940296259
159,0.15647324376183538,0.162765215069592,0.22775577651546358,0.16326857985812931,0.2897371847949797
160,0.1431563009128764,0.17875371180079197,0.2002822676723905,0.1522007924826494,0.3256069271312918
161,0.1289661511598541,0.2525491502973011,0.2100191603238317,0.16107568761989202,0.24738985059912116
162,0.1301976072165635,0.2329208950887903,0.2689911880105206,0.11714050938081146,0.2507498003033143
163,0.13369960304770692,0.26443824052747306,0.23988055379125858,0.18106950249740045,0.18091210013616096
164,0.10456445171972004,0.22244941387492148,0.19605106963326446,0.1533861736221495,0.3235488911499445
165,0.11226179670425658,0.20655808591970232,0.2502972561125214,0.14004823220439902,0.2908346290591206
166,0.14738825268545747,0.29685822712292753,0.22416406515963622,0.1901172391497866,0.14147221588219216
167,0.141371158116691,0.14468708138205824,0.2699943016083422,0.11609885485875962,0.32784860403414906
168,0.13289375091653433,0.2820797958267303,0.20871507261122493,0.17994856764532505,0.1963628130001855
169,0.13881023933196626,0.19591312119855728,0.2555567662939062,0.16668728922346882,0.2430325839521014
170,0.13193626439238107,0.12403315959249683,0.2539935606394012,0.14408674259621718,0.34595027277950374
171,0.14088354347868426,0.16492499316445886,0.20837180248354545,0.1566622670900568,0.32915739378325465
172,0.10084375527961449,0.23689143769932272,0.20119021644653917,0.12285530966433189,0.3382192809101918
173,0.12834905664448998,0.23383527524611653,0.19892493688346308,0.12864945518841073,0.31024127603751966
174,0.11898833611489552,0.17949898692641295,0.1990666096567542,0.13140642544035866,0.3710396418615787
175,0.15680153205309322,0.2035124165872582,0.24836237671176198,0.12655245938728843,0.2647712152605982
176,0.11801004032282088,0.1791743845320348,0.21629470940249487,0.1771151384393658,0.30940572730328364
177,0.11372543915455222,0.22055702608811764,0.15410133986050126,0.15636140855126865,0.3552547863455602
178,0.151632360514246,0.22525098925491258,0.19024006612745117,0.11658153006554423,0.316295054037846
179,0.1764010319598889,0.26194267666746196,0.24037467695702344,0.14888370172419804,0.17239791269142762
180,0.1336135489260327,0.2783677013250647,0.22747180232633246,0.13429403344877217,0.22625291397379804
181,0.12803495485604194,0.20753021899355123,0.208434034149487,0.12295280915296901,0.33304798284795084
182,0.12619401840373776,0.20728529380774116,0.19435997835036103,0.12146830366240695,0.35069240577575306
183,0.16874659567242759,0.19329805935894515,0.22298600265654392,0.1884406573620424,0.22652868495004103
184,0.16784443374599617,0.2071882314372414,0.2255805074620014,0.15601720166030678,0.24336962569445425
185,0.14069907324680578,0.16136811174550328,0.19199673703224565,0.11404530346749231,0.39189077450795295
186,0.11119129661986339,0.30598599115506236,0.19788021051138044,0.17422231785946118,0.21072018385423255
187,0.12421936469994718,0.20671563918364366,0.25168762625158697,0.1422177295387672,0.275159640326055
188,0.1319820094645809,0.19351962707857887,0.2301847186317997,0.17561564422788653,0.268698000597154
189,0.1680473882974629,0.2547610204615024,0.17425857039554082,0.1513027564079697,0.25163026443752423
190,0.14945975791300323,0.1875407289170824,0.16439331576892602,0.13576108948972818,0.3628451079112602
191,0.13772113645022135,0.29725423532065953,0.23046876135786853,0.1541935769107713,0.18036228996047918
192,0.13556319456987168,0.23448807650564185,0.21566246100486847,0.15082530960481738,0.2634609583148007
193,0.15221665067483872,0.2001210413528989,0.2045281450947378,0.1565125454343369,0.2866216174431877
194,0.13999465845377326,0.24883919283497768,0.19183119937295914,0.15395954509769383,0.26537540424059614
195,0.10694299564361182,0.24623882104442082,0.1866955524434331,0.12433864604258571,0.3357839848259486
196,0.16535681098139796,0.29015676702642273,0.23463150198585012,0.15335166841047698,0.1565032515958522
197,0.1336346655917287,0.24156419358609976,0.1717715676277825,0.13304258633250376,0.31998698686188504
198,0.16248870312360522,0.22904559335078023,0.24380530735339848,0.19437882685870053,0.1702815693135155
199,0.10785379655767756,0.201891350952095,0.19053731515922923,0.14181872599818826,0.3578988113328099
200,0.1434160891808715,0.29837887782039413,0.2283070331437551,0.17284720688287372,0.1570507929721055
201,0.1313717109928375,0.21394868876460618,0.1660628766807815,0.17682717384404598,0.3117895497177288
202,0.1342647798331373,0.22437231896469423,0.22763655338500074,0.13315361907329662,0.2805727287438711
203,0.11208990987861134,0.11442142978151124,0.23674761505854788,0.12770280040515072,0.4090382448761789
204,0.12837981394761216,0.2214852463330271,0.22692214681489703,0.1282032357955327,0.295009557108931
205,0.13062262537078637,0.27319680214009723,0.224074752015798,0.1270689898483521,0.2450368306249663
206,0.13938511452325106,0.28432597668300924,0.17179783115998076,0.12664763695095355,0.2778434406828055
207,0.11297866380339905,0.1890049109798021,0.23346868912812355,0.12901933483928582,0.3355284012493896
208,0.12528056446356506,0.22304455365307618,0.16795967305657852,0.13394220567065698,0.3497730031561233
209,0.14760075859140773,0.13944182654161855,0.21738132460989235,0.1288408019428522,0.3667352883142292
210,0.12484347153136861,0.19202854906143377,0.19853092947977982,0.14504996272217502,0.3395470872052428
211,0.1150023587418914,0.19111449641008982,0.18695624202802405,0.14484096651953873,0.362085936300456
212,0.10708052816392005,0.19987129897878428,0.1744159342689429,0.1530611144608642,0.36557112412748866
213,0.13818568125967168,0.21137564853623028,0.20046703424891527,0.11364557606588466,0.33632605988929826
214,0.11250528361811046,0.23638342736860746,0.1437151047637839,0.15105652471250539,0.35633965953699276
215,0.12233204990639632,0.15957989417837726,0.263176267822573,0.13805846460091084,0.31685332349174267
216,0.10122056463202429,0.2732665856402356,0.18907457075587228,0.14935279288377878,0.2870854860880891
217,0.13930031399653436,0.24485011540887375,0.16500187271142797,0.1345920314971994,0.3162556663859644
218,0.11176496769013904,0.1929254122031118,0.18609093618460046,0.12545552087658735,0.3837631630455614
219,0.14990788047672643,0.16304511792876988,0.21893622899774354,0.15320507224239152,0.3149057003543686
220,0.10548276902842535,0.2584735039245711,0.1845772551509078,0.1376754638504875,0.31379100804560817
221,0.1004540381560574,0.2313047353711656,0.16409654454206005,0.12465018472438909,0.379494497206328
222,0.10779089357726929,0.24116756917118856,0.23708347670003432,0.1375793954904163,0.27637866506109143
223,0.11476645826638501,0.22932694505344917,0.1939145665749264,0.125568978013544,0.3364230520916954
224,0.09808846494484456,0.3172041335858611,0.1831338035387445,0.17405955517249905,0.22751404275805087
225,0.11657851347036192,0.22226345903195308,0.2208112219040621,0.13660802300212596,0.303738782591497
226,0.10574755229356977,0.19213172443384482,0.18974003587703744,0.13240110441694053,0.3799795829786074
227,0.11960906791866685,0.24759254684722312,0.24937645595072516,0.16368301281923978,0.21973891646414512
228,0.1443214079549691,0.21155621529637508,0.22292311059132738,0.14087635597996784,0.2803229101773607
229,0.18095281952263712,0.1818418265918627,0.2408692593193409,0.13776814793156245,0.25856794663459676
230,0.13728737333305155,0.21232335003353284,0.1654058169298942,0.12287174547719132,0.3621117142263301
231,0.11950595945268523,0.2693904528747048,0.2190872419795026,0.1443960940205885,0.24762025167251878
232,0.12069283868277773,0.24146779108674765,0.19485083762134606,0.16038099243623735,0.2826075401728912
233,0.13143175614064379,0.30915078084735453,0.23690911023144712,0.1772795487496678,0.1452288040308868
234,0.18827881922829698,0.37100159570250146,0.2561871871186951,0.1845323979505065,0.0
235,0.13699541664485337,0.24917208573117755,0.23041697186906965,0.13362613391904393,0.24978939183585555
236,0.11418178129184854,0.24225878477082757,0.16938311006825923,0.15901121311795607,0.31516511075110853
237,0.18952834302908855,0.19709965162107854,0.24547087187300645,0.19371637651445572,0.17418475696237065
238,0.1468250694275847,0.20284372510190632,0.2286238399239585,0.14361705645905054,0.2780903090874999
239,0.12635160733293374,0.2892977541857768,0.1628309548349142,0.15717668341124594,0.26434300023512924
240,0.10508256843469012,0.28422567296860185,0.17747015396878638,0.17221260345166287,0.2610090011762588
241,0.14794417176671895,0.18776544030973955,0.2022889845046346,0.1490378381224528,0.312963565296454
242,0.10247909368285557,0.3023138121071912,0.27619613168678175,0.1395337750940461,0.17947718742912544
243,0.15258454925633216,0.18881269356679473,0.22631986952725683,0.12351252808093344,0.30877035956868276
244,0.17880927767756172,0.22558702041661777,0.24723190967990336,0.19067370959211208,0.15769808263380508
245,0.1695840678881507,0.2942767410200746,0.2011856630758589,0.18092885251344273,0.15402467550247287
246,0.11886135116344933,0.17567182737597165,0.19898439300977616,0.14465212945613867,0.36183029899466423
247,0.1193555309652262,0.20432025305337218,0.22401072671099076,0.13741808146115292,0.31489540780925795
248,0.1336351507774391,0.21961684848199256,0.19129007290841682,0.13990200706391379,0.3155559207682377
249,0.11384182026950303,0.25719202030539295,0.1827677521616096,0.13810178268126738,0.308096624582227
250,0.12993985042535752,0.21018801843910945,0.23298412269652807,0.15601290487643577,0.2708751035625691
251,0.12058404931361276,0.23331886939941127,0.193354586450264,0.15087891748589052,0.3018635773508215
252,0.11258659309456504,0.2011089349854375,0.2313680262950685,0.13678390668668275,0.3181525389382464
253,0.13430304291157275,0.23519385963755682,0.16856849413317418,0.14159261106610913,0.32034199225158705
254,0.1400167530519145,0.15145072234396584,0.2574307682596751,0.13038436404540757,0.32071739229903695
255,0.11568314973690486,0.18538670925390668,0.2255544291441616,0.1394726452121108,0.33390306665291614
256,0.15267110652836788,0.23699023460625757,0.20605612679819754,0.13640297062506093,0.2678795614421161
257,0.1435851622777845,0.15175565190883733,0.19107277228968866,0.1310638370328794,0.38252257649081006
258,0.12903429936361638,0.2941472426009557,0.15608078197989558,0.12576324750990073,0.29497442854563155
259,0.11451339602919984,0.2132408922365468,0.18720257939782942,0.15574082998465646,0.3293023023517676
260,0.15360411642204833,0.2696571201342774,0.21809170129808655,0.16744541007776545,0.19120165206782236
261,0.11969149523654823,0.188492685737531,0.2292671352440888,0.14224150757285134,0.32030717620898075
262,0.12175531539619677,0.21263861845365742,0.19812278802695368,0.13468418426337192,0.3327990938598202
263,0.13630013082368703,0.2496040577258278,0.19630828557415603,0.15865916218407874,0.2591283636922504
264,0.12036273864337248,0.275767152723943,0.20935833331819548,0.13122544360544014,0.26328633170904897
265,0.16147067724942674,0.18273805498320525,0.25413269486101386,0.15426015134554613,0.24739842156080807
266,0.15452809140987825,0.32482454065858357,0.21943038781814012,0.15040165192362512,0.15081532818977295
267,0.11921635173762823,0.23937591720281115,0.23995122337102298,0.12882873302583112,0.2726277746627065
268,0.12402515539265786,0.19501352674760014,0.22411019696460907,0.13533502860180271,0.3215160922933301
269,0.15049263701387633,0.2752909070455185,0.2751226779444629,0.152352229198545,0.14674154879759724
270,0.10815153463976372,0.20074909336305352,0.23642797315029732,0.13450371306872985,0.32016768577815574
271,0.10266907803181588,0.16166437836440262,0.2171944507463198,0.15238058001249952,0.3660915128449623
272,0.14532895159675077,0.17699173528357684,0.21853391278688142,0.17110350658795964,0.28804189374483125
273,0.15260287915700832,0.20529904787585626,0.21265286373197223,0.11844830160340067,0.3109969076317626
274,0.1045857077477132,0.2764295292328333,0.201285637191065,0.1573927716758749,0.2603063541525137
275,0.13756210738468258,0.2643013495055312,0.17702363763930115,0.1345015074852857,0.28661139798519936
276,0.14541797493763123,0.2572484559596485,0.16810219221895364,0.1261425798032911,0.30308879708047554
277,0.17506253839006833,0.19222587797434956,0.2342316658349297,0.17987590978797885,0.21860400801267368
278,0.09032795834235878,0.29166999923085635,0.1954001041598552,0.16998547269341802,0.25261646557351175
279,0.10405319926972624,0.24473563089213382,0.22920982688070188,0.13234622419259234,0.28965511876484556
280,0.1282539452970204,0.18683129459047249,0.2761097985617351,0.13935193955952543,0.2694530219912466
281,0.11554830054124364,0.2283522618158131,0.21439903615531072,0.1638384342876577,0.27786196719997475
282,0.1277729345346087,0.232234003702617,0.16317936979196473,0.10751089474541027,0.3693027972253995
283,0.12551190928328873,0.2999610845596111,0.20469143407830054,0.18042177782400384,0.18941379425479568
284,0.14838045569579,0.2508253593975131,0.1971095996107874,0.12599081166566717,0.27769377363024234
285,0.14123620952022195,0.23365042829740928,0.2098385785840422,0.11966589972738868,0.29560888387093787
286,0.10673908257923216,0.26884893533206344,0.20996935684242163,0.15413969026529273,0.26030293498099
287,0.13657861530647153,0.22574252798857464,0.22788213115260308,0.11234367136560651,0.2974530541867443
288,0.11935939510934662,0.19558157767303394,0.182323400551345,0.14137422033520144,0.361361406331073
289,0.11308420836799811,0.12584841925254864,0.21640291723720026,0.15546682883387747,0.38919762630837557
290,0.09531596162828475,0.2620820039214526,0.18274492672962486,0.148011472409152,0.31184563531148585
291,0.13615847716044388,0.1956012954854194,0.1815892540565053,0.15542946487199025,0.3312215084256412
292,0.19194404946017415,0.30481167545286975,0.31528103255037343,0.18796324253658273,0.0
293,0.0993247285731294,0.3005609303555979,0.18231677756231954,0.16700235260796478,0.25079521090098844
294,0.14218792384195544,0.21696049143959534,0.1910755705850422,0.12020948577724534,0.3295665283561617
295,0.1261376710975656,0.21574243760980136,0.25217114575149874,0.14708977088456932,0.2588589746565649
296,0.13471646589489167,0.225336035235604,0.15623200265196757,0.14042592264065046,0.34328957357688633
297,0.12060045121518893,0.24365397809988598,0.1993014638730745,0.1270779724506681,0.3093661343611826
298,0.18027647417610565,0.21290037624611305,0.23719061995915475,0.14703950192230206,0.22259302769632455
299,0.10800576176222905,0.21466041616061501,0.20444297051655302,0.1304467753634435,0.3424440761971594
300,0.13228930091629845,0.2284895705171332,0.22903557706915298,0.13560638731967742,0.2745791641777379
301,0.14355708943928966,0.19747384818878502,0.18607666539634507,0.12598300425170222,0.346909392723878
302,0.134611708604882,0.1879466460955239,0.18516041572179937,0.1514904442246578,0.3407907853531369
303,0.1360383342575439,0.2647368932367284,0.2556977391595895,0.1485953258032523,0.1949317075428859
304,0.1739228309534127,0.19708885087997102,0.23801376651634804,0.14557024440914998,0.24540430724111822
305,0.11813703378497199,0.3044985346737364,0.2426512851544041,0.1588304687103213,0.17588267767656615
306,0.116523426631118,0.27203804099613554,0.18478100330240335,0.1440152525850924,0.28264227648525075
307,0.15185418114952928,0.16890499880046037,0.2521282590611458,0.15057740011690954,0.27653516087195507
308,0.14486342506933303,0.1964192245664482,0.2220211642461208,0.13957026271509496,0.29712592340300303
309,0.1359492646786033,0.21528937871098242,0.23366654988199131,0.14268360496623392,0.27241120176218897
310,0.14264889248017237,0.28373344279486373,0.21445468565821682,0.16166182053354802,0.19750115853319902
311,0.15132485393530742,0.2653775431753026,0.22452163362152455,0.138645565105634,0.22013040416223134
312,0.15000075289232234,0.21026705674217225,0.22832235600977502,0.16988850870159178,0.2415213256541386
313,0.1364450862617319,0.217943483935274,0.1661974137170301,0.12485933125025088,0.35455468483571306
314,0.11597233725716108,0.23107737223715355,0.18442631482366315,0.13620447428903093,0.3323195013929913
315,0.12652796769927577,0.1953651533404657,0.16452134988763586,0.12900018835947694,0.3845853407131458
316,0.22114311941040687,0.2413520167644458,0.3245014224936297,0.21300344133151766,0.0
317,0.13245903447014354,0.2962633784327976,0.20085614716071762,0.1544723114902374,0.21594912844610376
318,0.15159092982030667,0.19902833598403294,0.20544799112923284,0.11469380650301154,0.3292389365634161
319,0.1321213707024024,0.23718179907189701,0.21385190669579207,0.13786272762745144,0.27898219590245693
320,0.15312092877270353,0.2848714491811013,0.23983426169983652,0.13552621589256925,0.18664714445378938
321,0.12353532426911999,0.19068764835057325,0.20788950562143996,0.143723921114504,0.3341636006443627
322,0.12539572812824565,0.2377803743284445,0.16116995614613056,0.15522341936507258,0.32043052203210665
323,0.10880882028111549,0.21813483514107934,0.1802229172476704,0.1415745605942542,0.3512588667358806
324,0.10641438108316884,0.16444724552770087,0.17828672293751163,0.1440463978276229,0.4068052526239957
325,0.13138825636103757,0.2541018596381383,0.2220484276589276,0.17316944152078637,0.2192920148211103
326,0.1345883820627293,0.2388538825956224,0.2652407224911026,0.15119272230990916,0.21012429054063658
327,0.14116133616148724,0.1831645860149856,0.18002323417325275,0.11952213056037836,0.37612871308989604
328,0.1314983146246119,0.20661121193652737,0.19947948426747925,0.11505597800852653,0.347355011162855
329,0.1563126444007731,0.24997417854295248,0.22808006879195472,0.15795392745796727,0.20767918080635236
330,0.12876674512455757,0.21074837433679708,0.21970322079043592,0.15155531923948054,0.2892263405087289
331,0.1283217354430563,0.18181065296206544,0.2111448353121424,0.12404635423379658,0.35467642204893923
332,0.14779960363842023,0.26381939344687505,0.20202644470028044,0.12535494091355906,0.2609996173008652
333,0.1327989020928415,0.25606423206007295,0.15860698863735995,0.10596638705395545,0.3465634901557701
334,0.11283840456445265,0.2428085694018613,0.1802209688281878,0.1518626045082076,0.3122694526972906
335,0.14790589983330796,0.21531024446994826,0.21604768979806943,0.13814073862843682,0.2825954272702376
336,0.12247961328717241,0.24944161239009527,0.21248829119353385,0.14552748762944587,0.27006299549975243
337,0.21115973609758248,0.23583355433007658,0.24749375351813385,0.13259153232422438,0.17292142372998268
338,0.1355123513786441,0.18736855698995977,0.19878563932717258,0.1584444507400634,0.31988900156416017
339,0.15481139263565688,0.22180203051792136,0.18430788197391249,0.1554442503970022,0.2836344444755071
340,0.14686080913599422,0.20655133482921234,0.14752657895260501,0.13513637268948117,0.36392490439270725
341,0.14024238189248367,0.32576023192351433,0.1974963721089658,0.1272713448744791,0.2092296692005571
342,0.1119001688920562,0.2186888395478344,0.2203361570743118,0.15086825741060983,0.2982065770751876
343,0.11986386817980278,0.19830928465412923,0.20239413939122694,0.12197851647779435,0.35745419129704664
344,0.1561733059599156,0.2641116473050666,0.18794473891144683,0.14396880197435766,0.24780150584921332
345,0.18564959212063825,0.3665843885030282,0.2349069856672831,0.21285903370905038,0.0
346,0.1145551212031379,0.2374260337670303,0.15350651627507672,0.1334802997601502,0.3610320289946049
347,0.1521188156973918,0.16921107987640754,0.2252352336152194,0.16075405491615016,0.29268081589483097
348,0.14477890914547217,0.20654945242653694,0.1881277608409783,0.1297596423238669,0.3307842352631459
349,0.1063983191696197,0.27895553282656455,0.17808491213552827,0.13707369113188445,0.299487544736403
350,0.11003154605582685,0.2574562902113637,0.18068030582131323,0.14125230583803583,0.31057955207346044
351,0.1412032046595166,0.23606490259115212,0.2135069626932305,0.12918309346571089,0.2800418365903898
352,0.11010982351813381,0.28988578878797844,0.18136304614494617,0.13165904451247387,0.2869822970364676
353,0.15749136498457203,0.2787583152872908,0.2220954327525836,0.1599849430546144,0.18166994392093916
354,0.17373449299145213,0.24218328242427165,0.22902779331369552,0.14404488619624153,0.21100954507433922
355,0.14700882579933966,0.16120136056428225,0.17901176739537955,0.13213684896760186,0.38064119727339685
356,0.11383455741729025,0.27198090442969025,0.1868033909069463,0.1503238553189102,0.2770572919271631
357,0.10164663470875543,0.17842984791518518,0.22736174382521893,0.14055023972015201,0.3520115338306884
358,0.14621415142954583,0.21718869528096912,0.24395937180871738,0.13426783352374955,0.2583699479570182
359,0.16156731046863626,0.22397963174850802,0.2230930161478246,0.1844533183504814,0.20690672328454984
360,0.1268284597923407,0.22493633769971233,0.21630048010648445,0.1312682760506925,0.30066644635077
361,0.14211904843058978,0.20812963706124882,0.19759947378061085,0.16022943686828953,0.291922403859261
362,0.18894375403359617,0.16685600487364177,0.2596807405568284,0.1259897721317908,0.25852972840414284
363,0.1371092139632365,0.12433976844359504,0.2362055099190239,0.12702948394501865,0.37531602372912604
364,0.1294656481156143,0.2171731701057857,0.2650811430054259,0.14952493505053896,0.2387551037226352
365,0.13535559564572772,0.2947205947525141,0.24710111517388958,0.15022629315241104,0.17259640127545775
366,0.17416073778932561,0.19803735221289348,0.23851979903288054,0.160722160643236,0.2285599503216643
367,0.12756399930246043,0.2311799811862354,0.2268368331251449,0.15253327638454736,0.2618859100016119
368,0.139849230979291,0.2474131422396023,0.23588339701863476,0.14875213328200607,0.22810209648046587
369,0.11656753041268088,0.15792395116992902,0.22780657871627308,0.1346890731177289,0.36301286658338827
370,0.1397111262412972,0.24672766881320327,0.1963597659252172,0.14040153193262742,0.27679990708765484
371,0.20055029048356254,0.1913498048812461,0.3052060118466316,0.14816421002660538,0.15472968276195434
372,0.11815647117440307,0.20418459536854955,0.17117098121673843,0.14057638555970375,0.36591156668060515
373,0.09424449547901592,0.25034453043455857,0.16743462260262346,0.13877071081826478,0.3492056406655373
374,0.13551167137801406,0.2433084266237003,0.2006755257225385,0.14391796672608942,0.2765864095496576
375,0.1571648812546561,0.2070109276228928,0.23644104246272402,0.12760527923430512,0.2717778694254218
376,0.12028413147730747,0.2731847083014408,0.20662220454236999,0.14948531385339572,0.250423641825486
377,0.12563955413358313,0.2399879960035092,0.1666270410075217,0.13436471836618036,0.33338069048920554
378,0.14568338679391488,0.16493551498418854,0.23363831081155514,0.1476114041873382,0.3081313832230032
379,0.09952809499889906,0.20811875074045627,0.13904136228685016,0.12392769197368309,0.4293841000001114
380,0.13306874896308504,0.2503944473919626,0.2503319049126498,0.1287863211443381,0.2374185775879644
381,0.1483354324591698,0.21992146958808306,0.18690424406320086,0.18795811031205992,0.2568807435774864
382,0.11604181798742629,0.24102923073250432,0.18717010872494316,0.13229971767160473,0.3234591248835215
383,0.12082411138876732,0.24118372795718296,0.1795582717713267,0.1587497269623742,0.29968416192034875
384,0.13531030986464193,0.193879498242001,0.2652980322083484,0.144620447514075,0.26089171217093365
385,0.11685856736316876,0.3014389695329108,0.1896416770186445,0.1748413985290256,0.21721938755625048
386,0.15534273014971914,0.17149413851124432,0.23123620811881482,0.12350986257774398,0.31841706064247777
387,0.1055722683880965,0.21086202520426778,0.18584804495517412,0.1423478932865204,0.3553697681659412
388,0.14882388176116496,0.1950048683868971,0.2313969880841025,0.1793173499300476,0.24545691183778784
389,0.10765976367280936,0.32440607972626817,0.24232821275115224,0.1910874643949118,0.13451847945485845
390,0.12070186368879308,0.21960636108702103,0.18418409284716922,0.13111995325388084,0.3443877291231357
391,0.09644126959172468,0.2732526374577194,0.20967044971403692,0.1579474082554508,0.2626882349810683
392,0.10575982320177316,0.2539337817838615,0.17012585211189993,0.14677699430626176,0.3234035485962038
393,0.12283858433030241,0.23927883630644303,0.16351425364180117,0.16860733650248805,0.30576098921896533
394,0.1572960736128432,0.26236749578218016,0.22166657508401874,0.12979638145384104,0.22887347406711692
395,0.16662329277788906,0.16036996605873285,0.16651555597246964,0.12068579350606418,0.38580539168484423
396,0.11463802900231278,0.21286480019802156,0.20040045461427783,0.13125836231401572,0.3408383538713722
397,0.128356759687232,0.24272165603670207,0.19830241312761332,0.1443477253682213,0.2862714457802312
398,0.14119846875854958,0.30330761054790856,0.23000289089854384,0.17945364117765042,0.14603738861734758
399,0.16898685403820624,0.24482891680679641,0.18691009898776736,0.14807622456950073,0.2511979055977292
400,0.12657849779954325,0.19016397934874382,0.25470177149671425,0.11914200984919904,0.3094137415057997
401,0.1213712086489386,0.26384319714574694,0.2320961690118976,0.16634961862213898,0.21633980657127794
402,0.126735240949626,0.1984261497327465,0.1965637626250331,0.15295022809906103,0.32532461859353345
403,0.12340594367232224,0.16529072309313889,0.23105095779528675,0.1556555439149196,0.3245968315243326
404,0.11304326377803448,0.1488463401780146,0.2193233737294092,0.12920169447259178,0.38958532784194994
405,0.1454993234689855,0.20119359432018766,0.22368620855082633,0.13076119346276338,0.2988596801972373
406,0.15621159784518904,0.19995751452643457,0.20833607566407666,0.14339312621539774,0.29210168574890205
407,0.1112266761982562,0.1735371377403514,0.14347284641983332,0.1670304369735733,0.40473290266798573
408,0.099080263634799,0.2621669133693924,0.229562670709217,0.14022950538206794,0.2689606469045237
409,0.15968721812707126,0.221655873696262,0.21342349439255512,0.15060616531630797,0.25462724846780366
410,0.145935358268693,0.20028399689045767,0.22795120118613096,0.11804228028661755,0.30778716336810086
411,0.1164958371355009,0.21257092923173534,0.21301044671702493,0.15476636250555745,0.3031564244101815
412,0.15919498800304513,0.2060859531284593,0.1644143694325817,0.12742826617218556,0.34287642326372836
413,0.11812574861055662,0.2201070548153753,0.1999733304424969,0.1427000844795779,0.31909378165199337
414,0.15987395372513197,0.2152718110563526,0.2653127986776125,0.20503046274869718,0.15451097379220585
415,0.14794972422889233,0.27990326997238874,0.18337069160180725,0.14233898746490317,0.24643732673200855
416,0.13429314040110168,0.19939401860529737,0.20523767641075066,0.12609235775928415,0.3349828068235662
417,0.12096511635095754,0.18725307344795514,0.2063554950379425,0.11021573318860906,0.37521058197453583
418,0.11518525231752921,0.2790212367484607,0.20327382355145282,0.1485336343714988,0.2539860530110583
419,0.12925946564993113,0.23795011942038458,0.18599449789603723,0.12658140811800506,0.320214508915642
420,0.12319376389919519,0.23014363807597008,0.24298269953885004,0.12630989214675956,0.27737000633922515
421,0.16055018039275765,0.12570731680867983,0.3011334051252269,0.1339210985001107,0.2786879991732251
422,0.1479055385380175,0.2751238907162318,0.26106822662297546,0.12631582595624685,0.18958651816652838
423,0.1293134704725262,0.2605139789432015,0.1754323750712599,0.13479268898464714,0.2999474865283653
424,0.13240471702002987,0.3418564266776399,0.2124413172393474,0.17141548341513207,0.14188205564785075
425,0.1345426181618131,0.2690656714024548,0.1685394095415995,0.1341464514429796,0.2937058494511531
426,0.11320100420269796,0.20924918775392765,0.26942770193396937,0.16673910998478575,0.24138299612461928
427,0.1759694233553426,0.18375916744111478,0.22999873552457384,0.19241327618477888,0.21785939749418992
428,0.1546840987994011,0.22895211428152473,0.24413620000800876,0.17215468416215318,0.2000729027489122
429,0.154890597350437,0.19953006316717822,0.2211728284730146,0.183697592405794,0.24070891860357618
430,0.12489303458262065,0.21555996235812266,0.21777458323266893,0.14131490535310356,0.3004575144734842
431,0.15575669125664215,0.24379140734512472,0.23115578393303404,0.16723609137370293,0.20206002609149615
432,0.1435316160957475,0.20477946961837817,0.2702543343939999,0.13334022664665632,0.248094353245218
433,0.12667387796764853,0.2255103009344016,0.15060493464652364,0.14706282289800537,0.3501480635534209
434,0.1511523712545178,0.1218712761289494,0.19119442451753493,0.13803926859766646,0.3977426595013314
435,0.1104986047732725,0.18603936450478564,0.24861421168113249,0.12755158148968365,0.32729623755112575
436,0.13368270395274526,0.20243274922334203,0.17929904611476838,0.12915196787401012,0.3554335328351342
437,0.1366452001384674,0.215820936176575,0.14654914714566816,0.14209760015324777,0.3588871163860417
438,0.149415984847875,0.21434811135104012,0.19828220721087622,0.1395100197604841,0.29844367682972456
439,0.13794742208637384,0.21721106294022188,0.1980692453176306,0.1273698409254369,0.31940242873033686
440,0.2001321402533475,0.18777376157977715,0.21519741765557768,0.1658876555508914,0.23100902496040618
441,0.1277407194166626,0.29872902670046897,0.21125240985631083,0.12865434232205747,0.23362350170450014
442,0.18249190172494498,0.16301492138878387,0.21221369839975662,0.11415203091812497,0.3281274475683895
443,0.1017678881519989,0.2150870417037528,0.25639872922367357,0.1406534380248049,0.2860929028957699
444,0.13729460088245618,0.18082951184754847,0.2080540542923765,0.11028384154247733,0.36353799143514154
445,0.15326450819729215,0.23031351164254937,0.21901485991204414,0.18753625395356147,0.20987086629455287
446,0.15813311199779037,0.2057212913831545,0.17088208929358759,0.14101163613848905,0.3242518711869785
447,0.1203929924926956,0.16392694483147602,0.23261972931051528,0.14997993775744345,0.3330803956078696
448,0.1293078681280433,0.26886046148909915,0.2251749767227938,0.1875880998795419,0.1890685937805219
449,0.13430628491443358,0.2661620163841085,0.18649551083999663,0.16022727648675109,0.2528089113747102
450,0.11502989150497071,0.2542694252743213,0.16388509662151277,0.17472176845093507,0.2920938181482602
451,0.11480578874690514,0.28635940197471377,0.2268668317604158,0.14561193604752445,0.2263560414704408
452,0.10941190309483513,0.20815106247597023,0.22601299398089986,0.12372729201499921,0.3326967484332955
453,0.15653317907851144,0.16828761944586515,0.19746842266066458,0.16376367263485525,0.3139471061801035
454,0.13044032596773428,0.17444409655155793,0.24733502017722392,0.14703767902864157,0.30074287827484225
455,0.16783652846525704,0.35345519245688445,0.17602959269320903,0.1686665842879933,0.1340121020966562
456,0.1310872426074454,0.27021164422410815,0.19415064453839428,0.18924621664012675,0.21530425198992528
457,0.11938533490464831,0.20959319029152612,0.17257522154938698,0.15516419409674595,0.34328205915769266
458,0.1248469566116225,0.1698440369556954,0.26618112129126786,0.12833708033341634,0.31079080480799803
459,0.13925814624582028,0.23124338382520895,0.24855385265871163,0.15020437570914988,0.23074024156110925
460,0.13318440180459779,0.28392929355416247,0.21032941897444013,0.15050521180150978,0.22205167386528982
461,0.14828481416457995,0.21987337384871516,0.21052720251173004,0.1297712941695814,0.2915433153053935
462,0.11508286166632989,0.18630946944383153,0.26462452878288467,0.15199701124949566,0.2819861288574582
463,0.11846050664533571,0.2284464065983626,0.17733857679327497,0.167399135978128,0.3083553739848989
464,0.12073312794264182,0.2322502766346205,0.21894057889899002,0.15687613310534082,0.27119988341840673
465,0.15965088946110678,0.23880169765535256,0.21033146186608917,0.12560371240191553,0.26561223861553596
466,0.1316405439786303,0.26307124518873015,0.2626699539949776,0.1259190826000559,0.216699174237606
467,0.10508127368486522,0.23070954443020353,0.20113320761962522,0.13205068435069342,0.33102528991461266
468,0.0966952232722492,0.2750246179022237,0.22120133131175895,0.14796839983107624,0.2591104276826919
469,0.12143592280255824,0.2683827055607315,0.15667992835011854,0.12967953847612662,0.3238219048104651
470,0.15783732778140427,0.23055382689436377,0.22112255027824193,0.13692757101971867,0.25355872402627133
471,0.09271613185979567,0.16064222722391563,0.18518976427928815,0.17876424581631317,0.3826876308206874
472,0.1309230207153606,0.26121117824460915,0.16394383694094117,0.15626928741217622,0.2876526766869128
473,0.14409764770647152,0.18008574127370391,0.2543919085803361,0.13877305058408393,0.2826516518554045
474,0.12944790118438715,0.2032832508484594,0.20073779541996178,0.1412727734279673,0.32525827911922445
475,0.12066975333623299,0.20980080151378747,0.19656476713020016,0.1445471590658261,0.3284175189539534
476,0.12487820871613943,0.29591624257554594,0.18678172796247997,0.13919048738932224,0.2532333333565123
477,0.13696880736407369,0.25585624151016306,0.2560499294919108,0.16339307282779725,0.18773194880605518
478,0.128548607914838,0.2760239163230467,0.19298623733345618,0.11845931723300429,0.2839819211956548
479,0.10268995716390633,0.2012946048279799,0.26482135677653884,0.14166925337749692,0.28952482785407796
480,0.16814435161740976,0.23564094947326103,0.18449693854868998,0.13805595263410944,0.2736618077265297
481,0.1283410070036945,0.20703980115003678,0.16238212088960946,0.15202788127462005,0.35020918968203923
482,0.11928421699637155,0.2827213358641354,0.18087314417161704,0.13597958039116248,0.28114172257671344
483,0.11287718559527289,0.19007209388637297,0.21008798732183412,0.14701442345869423,0.33994830973782586
484,0.1657277375558387,0.25726209341219936,0.18774591015524517,0.1627150917971368,0.22654916707957992
485,0.16893915338147064,0.32464904558019947,0.31232169387493425,0.19409010716339567,0.0
486,0.15752316587593046,0.2315080307357118,0.21103260318846762,0.1713176879184347,0.22861851228145547
487,0.14327693980435463,0.21658729294541593,0.22249718213264397,0.1346861722764139,0.28295241284117156
488,0.13249575949005157,0.23178383614822662,0.21538648207577873,0.15882438390273484,0.2615095383832083
489,0.12273591404704033,0.18742888557155066,0.18691552099539413,0.11815900929633635,0.3847606700896786
490,0.12243223290890726,0.16742273952995343,0.1758886881819294,0.13066606503181077,0.4035902743473991
491,0.12596716788265958,0.2637359803475898,0.19657781527616308,0.1278586470935174,0.2858603894000701
492,0.13210205135299363,0.17257500882347676,0.22138661948114277,0.15035655809045326,0.3235797622519334
493,0.14543925613223133,0.25531146265345844,0.2934792394408314,0.15325946744187804,0.15251057433160087
494,0.13464325305302682,0.20276793767067725,0.1946315996199812,0.12390497012318052,0.3440522395331342
495,0.10378175499818205,0.2743165570328472,0.19492635878161327,0.14093045190446143,0.286044877282896
496,0.1417724959379455,0.19577782017586892,0.27478748898827005,0.11888091098943475,0.26878128390848066
497,0.13778381461199984,0.2503873853707376,0.20760601919924085,0.1682489295621008,0.23597385125592088
498,0.15167546920250194,0.15133913681167757,0.2180242718851526,0.15184864477563992,0.32711247732502785
499,0.2212188196133491,0.3426089133862392,0.21041281696849273,0.22575945003191894,0.0
500,0.15109819537825292,0.20187983580019003,0.21287518410234296,0.17113135538133054,0.26301542933788363
501,0.12631776119975116,0.253749861770787,0.2279223844527287,0.16028943357630845,0.23172055900042482
502,0.12352653825111855,0.22723020692306883,0.28461777872616933,0.11732479916952705,0.24730067693011626
503,0.14732928238068455,0.26370307709767166,0.19080506540994369,0.09287179807893127,0.3052907770327688
504,0.1382952913124679,0.19788150529750856,0.20635960642329568,0.12861399147090963,0.3288496054958181
505,0.12697389742679674,0.20941245016999574,0.2612465421660961,0.13547461921548384,0.2668924910216277
506,0.12739796001719664,0.2674505034327922,0.18182626804367955,0.12474486641496724,0.2985804020913643
507,0.10120333630079129,0.26385201689412896,0.22834073154865828,0.1357713622293555,0.270832553027066
508,0.09820316486460805,0.26172597997405767,0.15076159664313826,0.14405461799542985,0.3452546405227662
509,0.14744277246593618,0.19997122006426782,0.21248104266237205,0.10986026191931346,0.3302447028881105
510,0.1506688307980999,0.2057491100687365,0.2357276867000826,0.12517554474807233,0.2826788276850087
511,0.13816582345802272,0.2819738764361716,0.16809651938203035,0.13297383967911694,0.2787899410446582
512,0.1286977748222808,0.2377708529497856,0.21271509624932505,0.13617614450204052,0.28464013147656797
513,0.10306700948816251,0.27454644462826777,0.2387524986475039,0.19299997722543044,0.19063407001063534
514,0.14817904189458475,0.19737673560412392,0.16373070922771635,0.13099121074920608,0.3597223025243691
515,0.11989851141214908,0.24323463529617137,0.23375188508847097,0.132908670750033,0.2702062974531755
516,0.1626631962897108,0.18727929947436067,0.2189381534954531,0.1431607836218208,0.28795856711865464
517,0.13129357882650938,0.23569487195054412,0.17514329206265772,0.13893953410300103,0.3189287230572877
518,0.17909920815498317,0.20614998051968864,0.2636088176303275,0.1751146601142246,0.17602733358077602
519,0.11921857830819445,0.13871473165421025,0.24654338371685033,0.112831264212538,0.3826920421082069
520,0.1161772644577857,0.21782299392765064,0.21272224509964613,0.14747222597892312,0.3058052705359943
521,0.1283679590976173,0.24209820655523767,0.20416673290783374,0.14116057265671295,0.2842065287825983
522,0.12164348213810212,0.2610490504677528,0.17939071649974217,0.15006607827547364,0.2878506726189292
523,0.14045764396811874,0.20476262293116793,0.19542360333195954,0.13185629068327243,0.32749983908548147
524,0.10538656652686591,0.28676422380010574,0.17228300527675497,0.1406957350181934,0.2948704693780799
525,0.16360022771778251,0.1514694428247708,0.2612323024769583,0.1508603910031606,0.2728376359773278
526,0.08572879900834092,0.1948052531840848,0.19619228672559488,0.14242044667223341,0.3808532144097461
527,0.11178351152614971,0.2273801707752915,0.2026386889329308,0.15043686662288674,0.3077607621427412
528,0.15512057041237262,0.1729249641234009,0.21411909722574643,0.12984150290582924,0.32799386533265085
529,0.12901347514771774,0.2640143969578732,0.16597907049909788,0.15580898033451138,0.28518407706079973
530,0.12477443807891397,0.22657200975047376,0.19682363958422927,0.12635056200914563,0.3254793505772374
531,0.11112553625049071,0.18714432964044236,0.1843684146558568,0.11521829223311193,0.40214342722009827
532,0.12532851503255796,0.2048743323633072,0.17067008398536015,0.15573353227899406,0.34339353633978065
533,0.1173571534068506,0.2626684376311571,0.29046983197072035,0.13485830951180533,0.1946462674794666
534,0.13274793835915194,0.232251356292425,0.19830612045616133,0.1597278643123136,0.27696672057994803
535,0.12186425802874423,0.23856065791639763,0.25533550881965833,0.14434807265141006,0.23989150258378983
536,0.1339555150266141,0.21573130654121644,0.20108754003759244,0.13402348488552676,0.31520215350905034
537,0.13250495748485894,0.19580015717363256,0.30266889500211724,0.13040633422526898,0.23861965611412225
538,0.16891510370816493,0.15954797324052725,0.2002293403793513,0.18083702791906497,0.29047055475289163
539,0.13604966224145632,0.21589429505267008,0.21974692061104203,0.14007436403776416,0.2882347580570674
540,0.10562231919209046,0.26686661580462007,0.18778692547244152,0.13845161690000007,0.3012725226308478
541,0.14641566699820716,0.13745545255330044,0.19251959696239807,0.14781629098081348,0.375792992505281
542,0.13523553790395373,0.22455811998008687,0.1895403325746536,0.1439031707003538,0.306762838840952
543,0.1604720543338151,0.3073835245282112,0.18409660173042253,0.14847384502374664,0.19957397438380445
544,0.16104429447383092,0.2454566375803405,0.2846338087675643,0.15256850233979413,0.15629675683847014
545,0.09398488807342294,0.2474645021645107,0.20059175970116547,0.1312197092836781,0.3267391407772229
546,0.12673014853595554,0.15404790896277157,0.27943039765557426,0.10099530316212078,0.33879624168357797
547,0.14722437730586788,0.15836218248868314,0.18417736778790428,0.1260636114346374,0.38417246098290725
548,0.130458282846586,0.17779613144966197,0.19384285418602606,0.1715763217993718,0.3263264097183542
549,0.12698438046174698,0.24172326784784035,0.1865450414393674,0.1458706104597906,0.2988766997912547
550,0.18204336794534537,0.2892502331488691,0.30634757779672295,0.22235882110906258,0.0
551,0.14871654970259238,0.2140189510550457,0.1765907516585524,0.1316228672279911,0.32905088035581836
552,0.10634708428065302,0.21148942761047224,0.21939931320198772,0.13848117223747006,0.3242830026694168
553,0.13111989570022817,0.1879760228639251,0.24445475382131854,0.12320305606234386,0.3132462715521843
554,0.11294720711450724,0.24093947781069508,0.1530711291948296,0.13937895975005593,0.3536632261299122
555,0.13170155989143897,0.2751220123844482,0.19613580350771698,0.1486848981661243,0.24835572605027156
556,0.11898904961698369,0.19811641158236692,0.29354402887827435,0.1404875573610641,0.24886295256131086
557,0.1650959483715724,0.16882043523819232,0.22070033936417568,0.13171281786198352,0.31367045916407615
558,0.12803962150652187,0.20617290006773076,0.17186131681165068,0.12471410035128663,0.36921206126281003
559,0.12615219071028025,0.2506924018352701,0.19822765378205212,0.1525933392306585,0.2723344144417391
560,0.12678818670511086,0.2418956271286541,0.26548794032901524,0.14933311865697757,0.2164951271802422
561,0.12927398435490922,0.19180607729199545,0.23080550796241156,0.12855093187052544,0.3195634985201584
562,0.12752933675433914,0.14074319471473581,0.21974207450650943,0.12977801475012912,0.3822073792742865
563,0.10030150805591875,0.16595412126609788,0.2868759816239818,0.13857585366231456,0.30829253539168705
564,0.12363691944133887,0.18936254113414683,0.26207757302349194,0.16214749953669352,0.2627754668643289
565,0.1675258140255183,0.2306813401748553,0.18970902783500065,0.163037708154001,0.2490461098106247
566,0.12523797080129362,0.24774872896952416,0.18866284350471646,0.12675001896419563,0.31160043776027024
567,0.14043135316449074,0.27838182966458475,0.15134565131036265,0.14462657948357774,0.28521458637698405
568,0.12636710316510488,0.1818023574747597,0.17384526141971945,0.18106140357367112,0.33692387436674476
569,0.15055760886290953,0.2117170559515395,0.19495674296301269,0.13507798481616287,0.30769060740637527
570,0.1344741042442117,0.22279541373505365,0.17345112369541146,0.12624798531859577,0.34303137300672754
571,0.13449591684681983,0.2539148792460336,0.21152930550495538,0.15862706513571156,0.24143283326647966
572,0.11362887303513347,0.19590120840402075,0.1829479586392475,0.12750443365558012,0.380017526266018
573,0.11127050835696818,0.21564702562676402,0.2207352393944121,0.1690401212456722,0.28330710537618364
574,0.13560253605841607,0.2052507657446092,0.2009128758566734,0.16128047735185322,0.29695334498844816
575,0.1253672243226719,0.2596650153200082,0.20830254043854923,0.16110957289040786,0.24555564702836272
576,0.09806889725681502,0.2760732887972659,0.17248643014534937,0.14658967793967295,0.30678170586089687
577,0.15666215367175734,0.2907477950166395,0.23110503952361228,0.13571954501031064,0.18576546677768027
578,0.13087837034777106,0.21984797798658506,0.1769386630183027,0.140936132579642,0.33139885606769914
579,0.15853086170530728,0.4023873714047781,0.23994937927010498,0.1991323876198096,0.0
580,0.12149875086776582,0.2677987336007668,0.167175494693587,0.1480879372101658,0.2954390836277145
581,0.11479213569524574,0.24512317953572157,0.20827976871125553,0.13144747184073166,0.30035744421704536
582,0.16472148205853843,0.1980403602747052,0.19725736638198038,0.1932548492583065,0.2467259420264696
583,0.1186445696787039,0.2674189232347348,0.18417525014943337,0.1368786998448023,0.29288255709232547
584,0.13903799450630663,0.20595268134511902,0.26931975430888,0.12337238916993004,0.2623171806697643
585,0.13978122961025585,0.20978360713037306,0.16996595816836238,0.1666276338859418,0.31384157120506684
586,0.11785533909430679,0.16651468724547333,0.20466073543434019,0.14248021022567933,0.3684890280002004
587,0.13521143362779348,0.21352837009285056,0.2239599300328144,0.1946837500141472,0.2326165162323944
588,0.1526759143712866,0.17684533580493308,0.24543291586004748,0.11017649721096104,0.3148693367527716
589,0.14603132169626662,0.191576170444687,0.2376997739521016,0.1746065955150696,0.25008613839187516
590,0.2074326904897444,0.34265959333727436,0.272451554609585,0.17745616156339625,0.0
591,0.1369080365367851,0.19340563515514436,0.2604562852011596,0.15132847701145655,0.2579015660954544
592,0.17238782971283287,0.34167052662644354,0.2831399511780279,0.20280169248269567,0.0
593,0.14928943595432204,0.27385754371869403,0.240028435764097,0.1388141838997921,0.19801040066309486
594,0.11443645894792055,0.22232525321980082,0.26510743157866595,0.12294856458786362,0.27518229166574915
595,0.1679424710786933,0.21344679494374294,0.19722507231771402,0.1329817862754912,0.2884038753843585
596,0.10002154827012583,0.2127118122242305,0.2134168647406083,0.14117667830252115,0.3326730964625143
597,0.12188154577347747,0.2594758503185794,0.20051797564623094,0.15419830808923435,0.26392632017247786
598,0.21225348377423497,0.2685518691475872,0.2253612349536765,0.13580979103484347,0.15802362108965784
599,0.12421125315948506,0.21625294666492972,0.21925228856504828,0.14896761279319776,0.29131589881733905
600,0.13876023809979535,0.2508739272005339,0.1797759164977875,0.1393308639364893,0.29125905426539395
601,0.14845654231294145,0.15701058714934485,0.22405244281822714,0.11942573765279835,0.35105469006668816
602,0.11893006000033675,0.22279013517789178,0.18759492272459768,0.15295973191806256,0.3177251501791111
603,0.12991411120333657,0.2619798696192658,0.2128292400210394,0.20010581448123352,0.19517096467512474
604,0.1378652336578828,0.2396586326746622,0.16557334437512378,0.15276109641815355,0.3041416928741775
605,0.1410779936664995,0.16105515227443737,0.2382483810303734,0.14195283248212412,0.31766564054656565
606,0.12427822418527473,0.2683011521472443,0.2164364568713603,0.12853500517179176,0.2624491616243288
607,0.11641730829860747,0.2355459185560386,0.19199953915904502,0.16381585470362936,0.2922213792826795
608,0.13410926204644957,0.28437276202995004,0.20582855515961138,0.15020397803488236,0.2254854427291067
609,0.1738498256124997,0.28248931120076837,0.22423591587798591,0.15775909420728135,0.16166585310146464
610,0.11219766508868698,0.2403197529100563,0.18626685327883685,0.17346933564010758,0.2877463930823122
611,0.14752888419644195,0.21542444165221158,0.1768770131675681,0.15665346704695288,0.3035161939368254
612,0.13516413654610293,0.3251166623242529,0.22963080521315618,0.17058004602127563,0.13950834989521246
613,0.1384187694810486,0.20056883820222238,0.20492359909408062,0.12399395666280205,0.33209483655984645
614,0.15046604269075078,0.24261158064616709,0.23343302654847928,0.1631610264899715,0.21032832362463133
615,0.17065734952196204,0.350171652644142,0.1934176475531522,0.14787042632107783,0.1378829239596661
616,0.13356284183075703,0.15025458663376148,0.23768795586070704,0.1462031297708377,0.3322914859039367
617,0.13139939538969547,0.1917877891169557,0.20080583295026552,0.13246273206885315,0.3435442504742302
618,0.10150745071758956,0.23018424759212588,0.17435424905491748,0.12690020754239265,0.3670538450929743
619,0.1470445097363842,0.24735398944852785,0.21491135805847625,0.14858210430717186,0.24210803844943996
620,0.13196759919398385,0.25367658423498,0.2098375417678844,0.12946093507338804,0.2750573397297636
621,0.11090497120119068,0.25351778712154327,0.24813123336973078,0.12327228041658345,0.2641737278909519
622,0.1450149593886569,0.23569768800428909,0.254553574029611,0.1683733955683408,0.1963603830091022
623,0.1395086009362961,0.18402426453980505,0.2052193202102407,0.12329444106541189,0.34795337324824627
624,0.1898856004910452,0.12818774699059876,0.19584684801345417,0.14614169274320915,0.33993811176169275
625,0.16710778225732495,0.16432736531187112,0.25761761773735564,0.16185938319970739,0.24908785149374077
626,0.17847123812478227,0.17145618595729914,0.22224870895506116,0.12900203803927487,0.2988218289235826
627,0.16649049384541909,0.19595051855319998,0.24079684340815016,0.10500960415467525,0.29175254003855555
628,0.11548572401451429,0.19466149432461327,0.18187923665886935,0.14950566114534364,0.3584678838566594
629,0.09483115701553022,0.2321064061130784,0.18178442674910053,0.13560394525849856,0.3556740648637924
630,0.12522082266876147,0.17647240849676693,0.2135965581598991,0.12889781020006236,0.3558124004745101
631,0.12505574454130083,0.20859508272617652,0.21525614852524794,0.12529330092895907,0.3257997232783157
632,0.1636252523367188,0.17981268253392638,0.2547035181086882,0.14192565726517095,0.25993288975549583
633,0.1245276085286725,0.20777270233506118,0.16849841301095453,0.1335169135413616,0.3656843625839503
634,0.09059115888960942,0.29320385568118296,0.2179574593894496,0.14088862365985447,0.25735890237990366
635,0.11901226689447839,0.10725717915944302,0.2359586928933574,0.16904182803558224,0.36873003301713886
636,0.13638270856337728,0.15728386577103673,0.19937464948942285,0.11461527253783386,0.3923435036383293
637,0.1449122993665807,0.25432856182252933,0.2571255607218462,0.13921170627253446,0.20442187181650934
638,0.12047648767333603,0.23289030182817153,0.2158572556537227,0.13879181365094845,0.29198414119382127
639,0.12133982359283717,0.1716874984821583,0.2390102134660662,0.14877502757055658,0.31918743688838164
640,0.13129621828151358,0.21169654110082492,0.24712434603676034,0.12987939541159443,0.28000349916930667
641,0.12604682766329228,0.23211326225108844,0.17911178429749425,0.16713536633110157,0.29559275945702346
642,0.13191063247799525,0.19938715119231312,0.19458568690103376,0.16186520055027642,0.31225132887838136
643,0.13927454612140958,0.2542116238928619,0.17335147427292857,0.1365806528208587,0.29658170289194147
644,0.13897790024107803,0.25463525659544706,0.27602630455187616,0.1312183199973387,0.19914221861426024
645,0.13816202983111123,0.24981001467832642,0.14355651983844878,0.14395021991137202,0.32452121574074166
646,0.15575642529609426,0.19642778722773435,0.24014469431868254,0.12568737301978009,0.2819837201377087
647,0.13568710503396492,0.26815202117851844,0.20186739742951842,0.13354916815919188,0.2607443081988062
648,0.15934806846855828,0.13460716912519727,0.289795900485546,0.12737187895683705,0.28887698296386144
649,0.14297357134505456,0.1954134944350792,0.19087435952287485,0.14685332626808456,0.3238852484289069
650,0.1221971914980259,0.17198464747829098,0.22454696458245954,0.11990406729196242,0.3613671291492612
651,0.13592108093441593,0.1762490378139429,0.2297541398627644,0.11737987734325196,0.3406958640456249
652,0.1255506768343824,0.21454485661979006,0.18440218599532493,0.13322255318754547,0.34227972736295725
653,0.12028333728759961,0.21684620869855717,0.21124758087734785,0.1143632909835677,0.3372595821529276
654,0.15732157198559132,0.14049075009803644,0.260567664706704,0.15485621379474623,0.2867637994149219
655,0.12022001116655796,0.2402785082089431,0.18977452363810146,0.16506946418517096,0.2846574928012265
656,0.12596315660580296,0.2120773128463656,0.22396003631075287,0.1522840106333374,0.2857154836037413
657,0.13622143979446424,0.25138683506526516,0.1795903518606829,0.12812137387254968,0.30467999940703794
658,0.11979981800322148,0.1893939586057431,0.2137300954145517,0.14815899880046937,0.32891712917601423
659,0.1394184134966115,0.1903806771919591,0.20760342793481448,0.12070415824925151,0.34189332312736337
660,0.10350678997423708,0.2286051096843003,0.21500314570879567,0.1343920398295096,0.31849291480315733
661,0.13066089287153146,0.2971116095027073,0.1703728324935585,0.1410801925805875,0.2607744725516151
662,0.14824737136330385,0.2641452862263855,0.20012065069439083,0.16473949342075347,0.22274719829516626
663,0.15545572882857336,0.15731159441856912,0.25152333283074285,0.14464727803397578,0.29106206588813893
664,0.12974123493324244,0.22597486008196077,0.25869706392529657,0.1633883974629397,0.22219844359656052
665,0.1649169739701145,0.23207464470135283,0.2135320259686265,0.1798721517217861,0.20960420363812002
666,0.1740105968255391,0.3447662043878627,0.24419992767719398,0.23702327110940413,0.0
667,0.1349323429923081,0.18907986142696676,0.16191409595765813,0.1276070583428274,0.3864666412802396
668,0.12698028914009907,0.2621261872883863,0.21588144786037658,0.1543101338811764,0.2407019418299616
669,0.14930780244425382,0.21436372390680608,0.20727277278058467,0.13064995727044698,0.2984057435979086
670,0.12938184972928155,0.2443621952330344,0.24105608493987477,0.16262329012266705,0.22257657997514216
671,0.11440643303773577,0.24275822359539073,0.24538305315007355,0.12863023409189953,0.2688220561249004
672,0.10725033278716843,0.20952157298180316,0.26153052384145997,0.13417068527012377,0.28752688511944463
673,0.13189821541282368,0.24748491756136437,0.20299695268401574,0.1400591997083873,0.27756071463340887
674,0.13524936659499884,0.18315355449021423,0.21117520415945418,0.15449552169540753,0.3159263530599252
675,0.12200876250025414,0.22832737480695783,0.19237354053372044,0.15360261358130836,0.30368770857775923
676,0.12977355036149982,0.28103906586881594,0.21272722110365083,0.17109533142366098,0.2053648312423725
677,0.16867634393031683,0.30214007307352897,0.214912026404301,0.16875111818925026,0.14552043840260298
678,0.14153075237834817,0.2324161797562902,0.2259958416696504,0.14671959414381217,0.2533376320518991
679,0.15323036437826593,0.19444958289369257,0.19417914526095803,0.12882919660540643,0.32931171086167715
680,0.11426651209418104,0.21267175968208188,0.23336738697352305,0.16570270357860284,0.2739916376716113
681,0.1345084178752199,0.16930452899165294,0.16747421531192147,0.12599938087429158,0.4027134569469141
682,0.126970747368993,0.17641931932532742,0.1920430023867321,0.15233118062460899,0.35223575029433846
683,0.1348433536757167,0.17202011697440706,0.22625189043753888,0.13411968493584076,0.3327649539764967
684,0.16597153124008415,0.22035499137980846,0.2652871305959095,0.17202221144992103,0.1763641353342768
685,0.10838260249652908,0.2738982589176485,0.2123659460987049,0.1409807017132117,0.26437249077390584
686,0.10403608232442235,0.21796937284900655,0.20187090910436029,0.14611336913182268,0.3300102665903882
687,0.14693504608993788,0.17375172825957894,0.1658186918801766,0.14388016441688103,0.36961436935342556
688,0.16277884181007632,0.24726507122588187,0.24117366914353097,0.11876042419404571,0.2300219936264652
689,0.11586209009169356,0.21924814130772263,0.19920525609773673,0.1453192037588802,0.32036530874396674
690,0.1635745272634043,0.2481473733404377,0.20320280077540986,0.16949466341161032,0.2155806352091377
691,0.11143902056777805,0.24468356972905833,0.17726277955148548,0.1502330187357988,0.31638161141587945
692,0.09996559557086651,0.24704922000384696,0.2025257871323749,0.15113521560851273,0.29932418168439884
693,0.13507623231654525,0.2373324431567805,0.17573241839351686,0.13753826886980552,0.31432063726335185
694,0.13360502845047295,0.21123696885445106,0.22805774440580132,0.14105049411800796,0.28604976417126654
695,0.15037544859365998,0.22492263607859866,0.22837564338444075,0.16666734298839925,0.22965892895490136
696,0.10531517462322976,0.29352692159050714,0.18146772318085783,0.15778136757493338,0.26190881303047187
697,0.1249974311897094,0.15074812920101807,0.21213099508621358,0.14504629444077266,0.36707715008228625
698,0.17766065127793562,0.19635774377651016,0.2123757483551437,0.12543436778387132,0.2881714888065393
699,0.1315063502691526,0.18744230450281352,0.22358397429586893,0.112280810451355,0.3451865604808101
700,0.14875261689669725,0.18213225869217842,0.2570293294272856,0.1658097428924484,0.24627605209139036
701,0.1257235887611817,0.1762980009983428,0.22745790609483854,0.14555952463811317,0.3249609795075238
702,0.19687671482495464,0.24495415692887917,0.19991112367830371,0.13521884988335953,0.22303915468450294
703,0.15726076914982126,0.13747828154281488,0.1812597445994127,0.14814476901529847,0.3758564356926526
704,0.11084345208767143,0.16602095641073492,0.2279716651760927,0.139479232788514,0.355684693536987
705,0.14059323629248477,0.27932899739151434,0.20955638099446058,0.12594626807570908,0.24457511724583114
706,0.08148601297957689,0.2512854480823237,0.19142937447705083,0.14970580306092887,0.32609336140011974
707,0.13986628175700158,0.23828132784459494,0.18988215951985057,0.13175719814493203,0.30021303273362077
708,0.13543855199043123,0.29176357622633015,0.17478508409565657,0.140837132194312,0.2571756554932701
709,0.15322783670934834,0.21988888510590066,0.26362314849351626,0.137687895762523,0.22557223392871176
710,0.1716725698722355,0.17437023586772646,0.17975897645160463,0.13542899178851897,0.3387692260199145
711,0.1033006933043851,0.24125351353563998,0.2262779176802553,0.13823935379977573,0.29092852167994376
712,0.15934325468493107,0.2852594482421578,0.21684378782146352,0.18182463618202985,0.15672887306941774
713,0.1479312539439624,0.1356857736766708,0.2189843878498262,0.1462797534849893,0.3511188310445512
714,0.14086016828430595,0.19300328081419468,0.24610479487683293,0.15700792051789805,0.2630238355067684
715,0.1457124219309436,0.21617331961440445,0.21810503119756733,0.1461747145000132,0.2738345127570714
716,0.1330140021411,0.25339329644267744,0.2233688681521335,0.14211112011100518,0.2481127131530837
717,0.13399141598666642,0.2886882802986093,0.16472389736687,0.18736861005501715,0.22522779629283707
718,0.1710285529178287,0.2223209221039638,0.19859079743605626,0.15993025979723782,0.24812946774491357
719,0.12099833914293687,0.27251159405621406,0.18725208778176358,0.14492147338879643,0.27431650563028903
720,0.14835755284788812,0.281211786830916,0.23319353663490672,0.17764805369033312,0.15958906999595607
721,0.12662720412429154,0.20083539080367105,0.2364691587219075,0.14682815861380746,0.2892400877363223
722,0.13355936193766063,0.16208186835362037,0.2311238539983058,0.12594304351498417,0.347291872195429
723,0.11039728166086375,0.2589380104421857,0.19014221211620663,0.13923641842391976,0.3012860773568243
724,0.11933760805778772,0.2419029095270455,0.17664603888948457,0.11672807845271062,0.3453853650729716
725,0.11458569075450775,0.28339245272240626,0.19123031404406407,0.1408263032341645,0.26996523924485744
726,0.11660864935120493,0.20573110756724586,0.20421347889070143,0.1650548644248722,0.3083918997659756
727,0.1418487273978615,0.21167640705977342,0.1901847374552311,0.17416803850843376,0.28212208957870016
728,0.09320911373240448,0.22945501065991114,0.20265010375537243,0.1446615145596074,0.33002425729270457
729,0.11633612084236837,0.21043093686586825,0.19644972204962852,0.13192254820043758,0.3448606720416973
730,0.10253059916410895,0.26434388893066363,0.19097817540952902,0.15504813130603143,0.287099205189667
731,0.1668201005205298,0.28462035860460244,0.2391855676484291,0.14884523129698365,0.16052874192945515
732,0.1257883719102658,0.21772432560803184,0.1633447254019938,0.1472054270315459,0.34593715004816256
733,0.11721731031904319,0.20193296824503912,0.16907822090337607,0.14482549642409948,0.3669460041084422
734,0.13198486182566424,0.17239062873628067,0.2583567207006878,0.14934500691712926,0.287922781820238
735,0.11687756945777641,0.21887549695176528,0.1521708049579985,0.13558922632348527,0.37648690230897447
736,0.1320713711035325,0.2328640373347682,0.16345865166297213,0.13138681128715968,0.34021912861156745
737,0.1091967659578252,0.22510127675808514,0.19517374842385424,0.1229618667790287,0.34756634208120674
738,0.11389399488634976,0.1636523984518049,0.17447355864350111,0.14758044704368264,0.4003996009746615
739,0.13437232431629875,0.23320035981049075,0.20435213429984622,0.14429470570613723,0.28378047586722704
740,0.11886633512531047,0.21148680397396324,0.22776710896348956,0.135280852746595,0.30659889919064176
741,0.14760525958283421,0.24051327432823558,0.26150129717847775,0.11581530481573549,0.23456486409471694
742,0.15365919713235546,0.20329407597438637,0.17979860462835207,0.12010669255798716,0.34314142970691913
743,0.11105299113774796,0.2921507136871329,0.18411658381066315,0.12408473777453254,0.2885949735899235
744,0.18343482452884477,0.19448937061161892,0.2620437168861972,0.1407386575723634,0.2192934304009757
745,0.09587914304049078,0.24652110693838217,0.1541472670491396,0.142495401930966,0.3609570810410214
746,0.10895095844478023,0.22979805014219698,0.15599566490158218,0.15213966255634673,0.3531156639550939
747,0.12794499047021218,0.2495597339754995,0.2333480482436603,0.16690289216515275,0.22224433514547529
748,0.09703648593348432,0.23216759965333525,0.22832336541226847,0.1405596659319725,0.30191288306893943
749,0.16156178924869152,0.21263466554408136,0.25119691090153046,0.15999731737808126,0.21460931692761534
750,0.13531569650586833,0.22048891310528032,0.1956968964974585,0.14118978912690067,0.3073087047644922
751,0.14262090830180552,0.18685980395638943,0.2276527666496836,0.127598184808621,0.3152683362835006
752,0.13132932707618927,0.27412986048989996,0.18906379664784043,0.1562800084002351,0.2491970073858352
753,0.10837214021932551,0.23490875087762303,0.18870538435988013,0.15866431112398496,0.3093494134191863
754,0.15103345479092342,0.1319490591486101,0.1973995852097984,0.12161758410011765,0.3980003167505504
755,0.13154958974808226,0.17476445939206017,0.21424513057833008,0.14195852249988156,0.3374822977816459
756,0.1153190917836146,0.23022289798426773,0.23704238152489346,0.1910144225603195,0.2264012061469045
757,0.10404852056081343,0.15967074479116022,0.1929797873371279,0.17058902171546297,0.37271192559543537
758,0.1514955635669224,0.21067422386775286,0.24327250474950443,0.15909730072603503,0.23546040708978522
759,0.10099602888783374,0.2781779081260295,0.19976468662287405,0.1787314542001464,0.2423299221631164
760,0.14913235927831103,0.1719477670665757,0.21023824377188446,0.13653307067507434,0.33214855920815445
761,0.10322523114505103,0.2797547157694901,0.20968980361541337,0.1545064230775092,0.2528238263925362
762,0.13045947928911317,0.1629503303421122,0.22534474743993943,0.1559737204415878,0.32527172248724756
763,0.13482912464889182,0.24471388721192117,0.20279585301815092,0.14964477421442277,0.26801636090661335
764,0.13433191944855208,0.2700758864829837,0.20203421553079248,0.1501598737079512,0.2433981048297205
765,0.11224465185591156,0.24539766568192564,0.2693289632742704,0.15089979276583076,0.22212892642206158
766,0.12746916239511893,0.27815050565296395,0.20100211260750908,0.14908321335193322,0.24429500599247472
767,0.1339571057609019,0.25220384497291043,0.15814307984555895,0.1470264691721308,0.3086695002484979
768,0.17212462800865985,0.20345836772389986,0.2552536551619495,0.19174586832953214,0.17741748077595879
769,0.14663392661654498,0.2607098465941199,0.22190762972722,0.1549454891847026,0.21580310787741244
770,0.1399793042494631,0.22458946976684266,0.2125631441614648,0.1311802581358015,0.2916878236864281
771,0.10732961469066275,0.28284881111506505,0.20224156842623128,0.15056211100533656,0.25701789476270437
772,0.09854925737039019,0.19822165664548583,0.21816264059920876,0.15971442413712875,0.3253520212477864
773,0.1560777712319563,0.23704230262047046,0.19155578022626754,0.13871928327977118,0.2766048626415346
774,0.14173527032411848,0.15369208749189,0.29861214441509687,0.13170955900284076,0.2742509387660537
775,0.1180101162936542,0.2867906967656023,0.18439989173404714,0.12498238671579685,0.2858169084908994
776,0.14523190620091675,0.25615726255854165,0.2250641809045207,0.1507084966037099,0.22283815373231103
777,0.1153104351616433,0.2393449503953614,0.2898796599317384,0.12986432251973404,0.22560063199152286
778,0.13191567248144573,0.2659256119175914,0.18269592879393232,0.13317977542762913,0.2862830113794015
779,0.13755040919941333,0.23218349391661913,0.1818839686034761,0.13600859811599889,0.31237353016449254
780,0.1604271254456758,0.2768501877611181,0.21258138076581246,0.1503780545139014,0.19976325151349222
781,0.1700169768125645,0.14533281336771933,0.21999353776517053,0.11318289309734948,0.351473778957196
782,0.12307222206735564,0.2860023005241761,0.19797830799060348,0.12962371971590084,0.263323449701964
783,0.12565325513522563,0.2799563547394599,0.19728391177894328,0.19231353764613676,0.20479294070023438
784,0.170691033353994,0.1931651666454488,0.20391099699839343,0.132068231455047,0.3001645715471167
785,0.14374579898833262,0.21527731828125568,0.24247399408804549,0.13861692526583053,0.25988596337653574
786,0.12717726535161555,0.23075273580084216,0.2116945869580825,0.17528896000751593,0.25508645188194373
787,0.12055781544355261,0.2741692734968809,0.21338929542122567,0.20088783808017208,0.19099577755816866
788,0.09937061791189253,0.18943602664966316,0.2080526829623059,0.1518654603123739,0.35127521216376456
789,0.15196465767210354,0.3063094532157074,0.2729425243058512,0.13517089929209702,0.13361246551424077
790,0.10130852257385328,0.29526184884179446,0.20848667502018886,0.16992641611392872,0.2250165374502347
791,0.16628069925796019,0.23350642223512735,0.19453694881139066,0.17967658495142663,0.22599934474409517
792,0.1314881665619497,0.2672926008831189,0.17064737855874884,0.16750239550936266,0.2630694584868198
793,0.15069084385375933,0.19386710837151747,0.2188207546585131,0.13235427235241956,0.30426702076379053
794,0.15115558537822488,0.2272169276405677,0.1897644388883686,0.14713150467480157,0.28473154341803725
795,0.1275369897045667,0.2611517991195447,0.20317788830073694,0.1524369870424596,0.25569633583269213
796,0.1637202227384792,0.2586917808465512,0.267003408496088,0.16022411743106504,0.15036047048781653
797,0.15376588888406414,0.1888047939904488,0.21036323873284593,0.15007583163410443,0.29699024675853675
798,0.1319193825288315,0.2493302453341693,0.17448928475215172,0.17616953041002079,0.2680915569748266
799,0.15620075274017203,0.20812552802931697,0.15383188344938867,0.15914833841476186,0.32269349736636055
800,0.13107225443569642,0.20107572164038742,0.19655960260048588,0.14252091940538342,0.32877150191804694
801,0.1249133389603768,0.24089549215423986,0.22596604502534023,0.12433689224785895,0.28388823161218407
802,0.15854050281373772,0.17976602243000278,0.2595740969960476,0.10668817598138865,0.2954312017788232
803,0.1365046502567029,0.1868899234349556,0.18396716423233364,0.12295328650956451,0.3696849755664434
804,0.13375132486941801,0.21238466410251539,0.20962746003183705,0.1634717237663555,0.2807648272298741
805,0.13518474420507132,0.25304642437594077,0.2948476584266555,0.13829935021357428,0.17862182277875818
806,0.1559950870508682,0.22280947624552638,0.23789099210998518,0.16691268568024994,0.21639175891337017
807,0.13864519305263934,0.21930014114899968,0.19255765848788906,0.13852985606864537,0.3109671512418266
808,0.1700738934084341,0.17218945342866335,0.20103147259180626,0.17024060933269888,0.2864645712383974
809,0.1043710041925177,0.25419125137128745,0.21991029891145958,0.15276419917910103,0.2687632463456342
810,0.1162388535437162,0.23432251506645854,0.16188469124452834,0.14972524768077705,0.33782869246451985
811,0.15182621424153536,0.1910915443419757,0.19582957231978856,0.13595454996220507,0.3252981191344953
812,0.14855041191606258,0.24581914339893987,0.18732243818822603,0.16609301014171532,0.2522149963550561
813,0.14765547272023288,0.23252172442639585,0.27475689606235554,0.15072888009731372,0.1943370266937021
814,0.13475734703448186,0.2648747898108814,0.23230211391434719,0.15838665134993068,0.2096790978903588
815,0.11553329704591896,0.19775132678171456,0.17865975751958071,0.15304704810934508,0.35500857054344065
816,0.13809533694962248,0.18831869192409598,0.22466168316461899,0.16163679478958679,0.28728749317207586
817,0.14221478647487293,0.15319487978665505,0.22938658147994168,0.14187537113196028,0.33332838112657004
818,0.11594555912020059,0.2616485516867355,0.21399241415594009,0.13359395727794487,0.27481951775917873
819,0.16874632108192886,0.21178514144171914,0.26085275786016415,0.18887460478399484,0.16974117483219292
820,0.15857588030582437,0.4108754332693622,0.25077866317501574,0.1797700232497976,0.0
821,0.11642799918186819,0.2524431305213139,0.1548708425176231,0.12520116349435123,0.3510568642848436
822,0.11746555395179087,0.1820590908015604,0.2803301591459801,0.12742574242060634,0.2927194536800623
823,0.15077902520672917,0.28425933403718695,0.27169966749823854,0.14771840571447895,0.1455435675433664
824,0.1408855047742162,0.12785671673290458,0.24695528757394725,0.15075597713786085,0.3335465137810711
825,0.11269799317449543,0.2069515549273191,0.22774122842492467,0.1362075676740326,0.31640165579922813
826,0.1342730847984905,0.19168766398828319,0.17446924385617169,0.1607370109594518,0.3388329963976027
827,0.11141930715728174,0.26978803340298335,0.22514470031842748,0.12428482195626434,0.2693631371650432
828,0.10064938423178445,0.23132175659310397,0.2083556905513742,0.1643200346828738,0.2953531339408636
829,0.1353685230395222,0.19510231323147054,0.2137506274607533,0.1414187656166711,0.3143597706515828
830,0.12330305321399697,0.12329590926580683,0.22762797582088323,0.1450043353578128,0.3807687263415001
831,0.12147359421320282,0.2208782285067612,0.2381460627489825,0.11991141236501211,0.2995907021660414
832,0.17319758548553577,0.28703828076717114,0.20018445863892748,0.13865391851587122,0.20092575659249437
833,0.1254994769880231,0.21581656708610697,0.2854230611537887,0.12745747921653258,0.24580341555554863
834,0.11804995476482022,0.22898067833814623,0.25934851630730343,0.13733953830654577,0.2562813122831843
835,0.12813268932529343,0.1673284163735777,0.2354274630522136,0.14240803155402032,0.32670339969489504
836,0.1498399225630903,0.27408005607755415,0.2973970908337034,0.1273810345700648,0.15130189595558724
837,0.1173295042715059,0.2708190772529805,0.3043849690438888,0.13868386005598196,0.1687825893756429
838,0.1416806706798724,0.2770340398302708,0.2462223405984826,0.1339900875438565,0.2010728613475177
839,0.12502239749341124,0.24642320113381988,0.18996108146566698,0.11883017746271497,0.31976314244438686
840,0.1399266516842357,0.21048264132870434,0.2376056369138004,0.13555477905080132,0.2764302910224583
841,0.09717213734621938,0.3212068610256197,0.17022904871079034,0.15014606218621915,0.2612458907311516
842,0.10487705621997664,0.21605157881066622,0.17777410520906442,0.14253893237110202,0.35875832738919067
843,0.1335814055394956,0.18796890661011312,0.18678515688036587,0.13791448048027316,0.3537500504897524
844,0.14639781579438932,0.2055350970072156,0.20675051491363994,0.15584224875523497,0.2854743235295202
845,0.17100963993168608,0.18984251903700203,0.24671058439565102,0.13797317121936087,0.25446408541629995
846,0.14843698593939383,0.2029153390746188,0.23608002867698263,0.15815306942012175,0.2544145768888829
847,0.11846344787768122,0.25990145204608367,0.14758881176919578,0.15012330143071195,0.32392298687632737
848,0.16418110262050917,0.16352959189431704,0.21077171747389786,0.12341857394039148,0.33809901407088444
849,0.1772808074485495,0.36925878039874377,0.26144477119063964,0.19201564096206694,0.0
850,0.1047925173114451,0.2017743633143666,0.231719274912364,0.13868956219427966,0.32302428226754465
851,0.13695411178339736,0.30469889112596504,0.1503942038161379,0.16951788065933557,0.23843491261516403
852,0.14313124397137283,0.16890780668987465,0.23341692105480805,0.13051287814172355,0.32403115014222095
853,0.12533487650221561,0.19165218445381452,0.2909070220004054,0.148509047805711,0.24359686923785356
854,0.12825630342204436,0.24278440448237018,0.1739394995126042,0.13774621926565425,0.31727357331732703
855,0.13107249264413917,0.2081932178266251,0.19111666932770072,0.13026904431766348,0.3393485758838716
856,0.13411863547182964,0.19572899794939802,0.16622349099051714,0.10973368921522972,0.39419518637302536
857,0.11232556191648682,0.23968627572197299,0.16193894502034864,0.13288155871113774,0.3531676586300537
858,0.12748011883147597,0.29625183664786836,0.22467308587443863,0.15780880387099536,0.19378615477522187
859,0.14202105292300923,0.2035953042793842,0.16504180235563023,0.15719441279661506,0.3321474276453613
860,0.11579651608189874,0.16782040430637216,0.23982728689522448,0.138132899320637,0.3384228933958677
861,0.11974530536304072,0.2672597056746695,0.2733173326138301,0.13018720464961153,0.209490451698848
862,0.11261711641249639,0.2014589848311836,0.18008788931685313,0.1572111413684842,0.34862486807098264
863,0.13415053108940775,0.14217577297191666,0.2759450373728144,0.12363410663134713,0.32409455193451414
864,0.1303882912058594,0.20533468045884323,0.15370425175518665,0.13551818770672103,0.37505458887338966
865,0.11946616898580656,0.2614395531850782,0.1961806099032343,0.1616836178535798,0.26123005007230116
866,0.117040906989677,0.19430589637264384,0.20401654048172918,0.1169469341133866,0.36768972204256334
867,0.11970577642043136,0.25723321054941367,0.25120491244916476,0.13928855920572514,0.23256754137526509
868,0.12688837138766565,0.13601439933942414,0.20363195296383751,0.14574492444894205,0.3877203518601306
869,0.12327415669985152,0.21542686799186217,0.21357007268481268,0.143962095175415,0.30376680744805873
870,0.12260510711157552,0.24463623329995482,0.2804783477059203,0.14243378321487338,0.2098465286676761
871,0.1664895145997541,0.21947042202475794,0.25875584983035393,0.17927817282450964,0.1760060407206242
872,0.11824067985698265,0.2053629537691454,0.22864775975804305,0.1504410310204101,0.29730757559541887
873,0.13559568241426198,0.19138052180736687,0.22753025196896376,0.1533125917394967,0.29218095206991057
874,0.13007235104983841,0.19736648262313566,0.19307118687923203,0.12495813476305614,0.35453184468473764
875,0.12459088036630912,0.254503207925483,0.2621155838804467,0.17521760729936636,0.18357272052839485
876,0.12294274892534275,0.2641680814950611,0.16257412014133654,0.15129836873226368,0.29901668070599585
877,0.1278062550055874,0.25945772088315977,0.17746019707165556,0.1571765615315666,0.27809926550803066
878,0.10252500590832589,0.19638937409542523,0.18218141392286283,0.13228577194662833,0.38661843412675784
879,0.09915171607701294,0.22698919552078767,0.19783340762071724,0.13667101970671075,0.33935466107477147
880,0.13102248005834594,0.17275119492400778,0.20004265497215393,0.13866630720030435,0.35751736284518787
881,0.1372492337611229,0.1782785118325715,0.21770748896547862,0.13846293386976094,0.3283018315710661
882,0.13109084903632656,0.18958720461181636,0.192464442652707,0.11888316648009092,0.3679743372190591
883,0.14316924750817064,0.19318909196658549,0.24545218919936115,0.10742044608619981,0.3107690252396829
884,0.14551456396460358,0.1894462405066519,0.26468317712117667,0.12158259493170895,0.278773423475859
885,0.09988520122701797,0.20646945776175846,0.264697564974971,0.14168044721081166,0.2872673288254408
886,0.11493751158277382,0.2320719168737653,0.23907753703805304,0.17462557812543714,0.23928745637997076
887,0.15998926884854767,0.1743528569185923,0.23734375862875606,0.11784574074672874,0.3104683748573753
888,0.11699017066970259,0.18242715586708505,0.19926525104038761,0.13823960799391366,0.36307781442891107
889,0.1315332514156895,0.1578285492216194,0.19706520769810926,0.16233550072512623,0.3512374909394556
890,0.14352359977979187,0.2622768697542013,0.18031344782643274,0.12352272123221769,0.2903633614073563
891,0.14897551140226128,0.20221409011441385,0.18943367911695477,0.13026776291200579,0.3291089564543644
892,0.13751980409960182,0.19574686674829536,0.19580225042686272,0.12783192637982918,0.343099152345411
893,0.1496041519803212,0.21625562734485843,0.18393174133881643,0.1481926993634302,0.30201577997257373
894,0.1572065963918011,0.16598647058388244,0.20333151921895645,0.11888093627657524,0.3545944775287847
895,0.14091171309764008,0.24214167648140011,0.24594773543276174,0.13857316520166849,0.23242570978652943
896,0.13308915044516176,0.21471187594928745,0.20340232885627485,0.13496130467646977,0.313835340072806
897,0.11323214184659386,0.21158558187726248,0.20875870670393895,0.1443524397054602,0.32207112986674447
898,0.145596185399679,0.2447972785836689,0.1835117308440929,0.16979026829780156,0.2563045368747576
899,0.1429750037303487,0.19512427024348158,0.19619129250216497,0.1307970418989003,0.3349123916251044
900,0.12734541951162578,0.29641506584576993,0.20856719917484712,0.18171174168034088,0.18596057378741637
901,0.13454445164938295,0.25543063016756923,0.19517523166288023,0.14736558850730158,0.26748409801286593
902,0.12077451804082796,0.19120988820366192,0.1905048783951397,0.1658293574034283,0.3316813579569421
903,0.12390557280619878,0.2287014149762648,0.17890315181562375,0.146791371548455,0.3216984888534577
904,0.1344160900608094,0.30354729803587666,0.21198308325376386,0.13801942468186246,0.21203410396768763
905,0.1111916249765631,0.2918940120235281,0.29016283004901794,0.13498321284721115,0.1717683201036799
906,0.12011526935294312,0.1823020718690627,0.1896519515461367,0.13058093169606758,0.3773497755357899
907,0.11009218479420774,0.2484690542458892,0.21399831248127293,0.14495501808699515,0.282485430391635
908,0.10544536034281167,0.2545622955568164,0.1975660150395587,0.13661505536188528,0.30581127369892785
909,0.14327748199842477,0.2835995052462772,0.23051576021388748,0.15591434496064036,0.1866929075807702
910,0.13094169490302848,0.15824757846780882,0.20338449874569675,0.12351311854835777,0.38391310933510814
911,0.14649046405446375,0.26952455555337324,0.17659253960715554,0.14314348597270127,0.26424895481230604
912,0.14986812668983512,0.2386139952627058,0.24630939870396834,0.1565164244500043,0.2086920548934864
913,0.13067275839153236,0.24551990015339548,0.2215678238503113,0.14427379738458743,0.25796572022017344
914,0.15081552582443794,0.2227261923973673,0.23420045957786145,0.15570300733924347,0.23655481486108984
915,0.11836965302676579,0.23893277170552402,0.21009960036883782,0.1692810699759072,0.2633169049229651
916,0.11808647002397216,0.2700516149930818,0.15998339094030592,0.12041456721901116,0.33146395682362895
917,0.1350394945935387,0.17803286599053716,0.23936153633946208,0.14154111586128368,0.3060249872151783
918,0.12190571374154487,0.21365015269295165,0.2544938161973383,0.12079257060137276,0.2891577467667924
919,0.12104107654659964,0.262502206609313,0.1842249013735128,0.13563994891389228,0.29659186655668235
920,0.13375539957182128,0.2224056826437976,0.15094007722883973,0.1699661878510718,0.3229326527044695
921,0.11935283836300428,0.19921187288144873,0.20515324897500242,0.14418623720095813,0.33209580257958643
922,0.10787157921621476,0.19050759402173917,0.22255831081232863,0.12401291333297318,0.3550496026167444
923,0.08336480160574228,0.21389781462777555,0.21436505377001824,0.15173763182105707,0.33663469817540687
924,0.13291480683190623,0.1755502330329259,0.2135722729810573,0.12743241302554084,0.35053027412856963
925,0.12592682113236398,0.17612508560003368,0.16359312275380533,0.11603603016404536,0.41831894034975176
926,0.11527751712059943,0.26086402240064344,0.19886899219336868,0.12158529157480183,0.30340417671058656
927,0.12523581742279008,0.24653842495597109,0.19270003945024916,0.1619231665048168,0.273602551666173
928,0.12202781914712353,0.21945407835379757,0.21418117311099774,0.12127267697801494,0.3230642524100662
929,0.15780197406811733,0.23282658049758698,0.1993433367248419,0.108848404742891,0.30117970396656285
930,0.11730503787304095,0.23637316148912563,0.16824149635474253,0.135523130212402,0.342557174070689
931,0.08269219704118096,0.23279723050511356,0.19300281983541234,0.16441676185604595,0.32709099076224724
932,0.1226610010010716,0.24417671035488311,0.21000823655191542,0.13053091426393756,0.2926231378281922
933,0.15467398694037202,0.27850882696440016,0.2375437093994087,0.1736302633755391,0.15564321332028003
934,0.11508535071623933,0.17293721097092532,0.21883958477293147,0.15458389508061487,0.338553958459289
935,0.164080785298908,0.2413223312838244,0.2597319315127532,0.16125192864900162,0.17361302325551278
936,0.1216750267207373,0.26858562558946375,0.21708622907231578,0.1385351374179482,0.2541179811995348
937,0.12882915553691945,0.2490339286263229,0.18403137391572563,0.14681997213383013,0.291285569787202
938,0.10743054566584309,0.2747090090455947,0.18898971863210906,0.1681864826217546,0.26068424403469853
939,0.11883721978540444,0.28373060689916385,0.1670976167709702,0.14556969304804548,0.28476486349641605
940,0.1323415317062223,0.2529477594244641,0.15713049941354176,0.15186830649984043,0.3057119029559315
941,0.13102951060458132,0.3087434448602896,0.16905005868923167,0.1252087918510921,0.26596819399480526
942,0.12769673771615847,0.2892180337030281,0.1761773924125817,0.13720769859700768,0.2697001375712239
943,0.13500568858774237,0.2671833100468985,0.19984118711811213,0.16727108637040003,0.23069872787684703
944,0.11681781174675447,0.2226487084431396,0.2549094083661722,0.15015031840992007,0.25547375303401354
945,0.11467864974149503,0.2936137184269469,0.16676671956348565,0.11787457371656186,0.3070663385515105
946,0.18118652658320694,0.22785050726083847,0.2219069127541037,0.12536856892978812,0.24368748447206276
947,0.14834101187474527,0.26745901000323097,0.23878935508921992,0.1527073013257236,0.1927033217070802
948,0.136073339413989,0.28245383112290734,0.15395237503886822,0.12558907635328753,0.3019313780709479
949,0.15366979864981803,0.25981102209283136,0.22795351054468938,0.1140603874233537,0.24450528128930754
950,0.13128016988663394,0.2532920680820069,0.24109481131219535,0.14054890605685472,0.2337840446623092
951,0.10898617845044871,0.2571797066276006,0.1568950523089306,0.17856890047849816,0.29837016213452194
952,0.1706946911877062,0.24611444946372063,0.1835131309177962,0.15383125993669894,0.24584646849407804
953,0.1338197820263225,0.14011761462043468,0.19174722800694707,0.13297205428883235,0.40134332105746345
954,0.12665268248474834,0.18832418541938795,0.2156997649650332,0.1625135588930152,0.3068098082378154
955,0.11654903087260585,0.21776403654368684,0.25685047788338744,0.15323153972169867,0.2556049149786211
956,0.15080582163216366,0.2331555300349287,0.26235287831182397,0.14929265469593248,0.2043931153251512
957,0.12651605229287366,0.16210483304069237,0.25862713629179424,0.11917142453008349,0.3335805538445562
958,0.15463029639784287,0.19146734491565218,0.19834587848349128,0.13417535092478633,0.32138112927822743
959,0.1587716141346394,0.24541006884007904,0.2193124726828791,0.16089056513225866,0.21561527921014376
960,0.12106476822119237,0.21994992005055414,0.2550625752898828,0.1480032060856397,0.2559195303527309
961,0.13818882754302336,0.25030926377235874,0.18307758350840914,0.16098876154504072,0.2674355636311681
962,0.11663281345249818,0.27574492011173113,0.20523967413736502,0.16091913865349586,0.2414634536449098
963,0.12146298974495895,0.18748894780804454,0.17401843118003021,0.15448208023412124,0.3625475510328449
964,0.12419029088964413,0.2629237021521496,0.21017378025429298,0.14947232176871186,0.25323990493520143
965,0.13843894403598145,0.21389080096636437,0.23899868289470907,0.12062545072611787,0.2880461213768273
966,0.13136383767322332,0.21372132473945413,0.17283821332317006,0.14219559649358662,0.3398810277705658
967,0.12986037625269048,0.228605354934896,0.22246705045174275,0.13602451834815144,0.28304270001251935
968,0.1682768178387609,0.3164810179877316,0.23117171602435704,0.13078947340753064,0.1532809747416199
969,0.13144352754817376,0.20556657891843483,0.2188212311675367,0.16763334593500584,0.27653531643084883
970,0.16663144822113737,0.297015228758383,0.22927746524807308,0.1495965526933156,0.15747930507909091
971,0.15323117502711267,0.21468335925172197,0.20299366211606312,0.11652432232413379,0.31256748128096845
972,0.16839176625242627,0.19514538699173917,0.22989082336944072,0.146667085756756,0.25990493762963784
973,0.14587538105465653,0.27450811198458447,0.23107527279693077,0.15740946873415138,0.19113176542967678
974,0.13935733820127166,0.16461930233981348,0.16689278422175152,0.1726405127718027,0.35649006246536064
975,0.15680381000740207,0.2172315870642156,0.2549773398529886,0.16076670230255632,0.21022056077283735
976,0.14166959626535872,0.32229218173362656,0.22610121360349494,0.1479916733382029,0.161945335059317
977,0.16674712947270515,0.1442661430452563,0.28557135743200524,0.16882101565556346,0.23459435439446982
978,0.15263742030779262,0.17211475081658087,0.1913931642758026,0.11909191763811212,0.36476274696171185
979,0.10886551781135434,0.2575539055742857,0.15686200945060155,0.1313715151359751,0.34534705202778343
980,0.15547670229182328,0.21526235789776202,0.22406176531675392,0.16933635604450056,0.23586281844916013
981,0.10982268117509612,0.21180559723562517,0.27255162632599006,0.12734236416137265,0.2784777311019161
982,0.11966266545514453,0.16123301318283698,0.23564077564180655,0.13420916830136712,0.34925437741884485
983,0.13464853623893558,0.3212225993208123,0.20236237371667953,0.15754885477875116,0.18421763594482143
984,0.13684854717466338,0.18736399899315181,0.16784257052640744,0.13542687675621903,0.37251800654955836
985,0.1727250334816054,0.16638107102039004,0.2251405885741634,0.1342316441650247,0.3015216627588167
986,0.14529542298383,0.17601517247684267,0.19417042714160043,0.1542321308587634,0.33028684653896334
987,0.1185305936828509,0.21095275432225086,0.2324930009867118,0.1175944221026659,0.32042922890552056
988,0.13879381957923614,0.27169123446444476,0.17109345833855888,0.1250111388032493,0.2934103488145109
989,0.1364257633544547,0.1803930137538624,0.2711853811875049,0.13193696715808048,0.28005887454609746
990,0.18903766097609173,0.23262762129297707,0.17894467058757912,0.13573073551220163,0.2636593116311504
991,0.12403822312057385,0.14725945720627734,0.2542584195140181,0.18079533884140175,0.293648561317729
992,0.12298339644627447,0.22187464994474457,0.20242739711685798,0.14412321754006036,0.3085913389520627
993,0.11566636616473469,0.27787033096148334,0.15802446634698378,0.12142970553730112,0.3270091309894972
994,0.1560735364340252,0.22882258158672036,0.22149827298925315,0.13040574994454432,0.263199859045457
995,0.17333347874686741,0.20078369798611143,0.2541719940907363,0.16499683943716634,0.20671398973911853
996,0.10292547452242001,0.205639722605001,0.21226445179930054,0.14507784459431106,0.3340925064789673
997,0.17652100700924628,0.16972818289345123,0.2151478881025424,0.13149775099304267,0.3071051710017174
998,0.1548921357719636,0.11578134095386164,0.18890069310228982,0.1296771481666059,0.4107486820052791
999,0.18671375117613642,0.18842454128362066,0.22898146444010287,0.12710307981121302,0.2687771632889269
1000,0.15693537693591472,0.23317706222951615,0.24015974978136662,0.1983596714168825,0.1713681396363201
1001,0.09185061969267869,0.3007977448262305,0.20756334951302322,0.14205048522193214,0.25773780074613556
1002,0.1502582371069566,0.22630984490365327,0.19613954771217396,0.12193918973007078,0.3053531805471453
1003,0.12324618470430572,0.25767606701840134,0.16768520983214422,0.14697312573446633,0.30441941271068246
1004,0.20010083396040615,0.2503463008787727,0.239080386965389,0.14842648195232966,0.1620459962431025
1005,0.0990495243551801,0.18809800444459776,0.23206309787275647,0.11451083642281898,0.3662785369046467
1006,0.1732025423916311,0.12703041726287964,0.2057245421157325,0.1383750331872751,0.3556674650424817
1007,0.1669216382255,0.1949811115660721,0.2891186323787216,0.1513458576542047,0.19763276017550152
1008,0.13032243236395247,0.26757794984289235,0.18533042041117023,0.1687487674766685,0.2480204299053165
1009,0.1280689188268374,0.16214831643493968,0.2720354928826955,0.15453903423886362,0.2832082376166639
1010,0.12702445682749475,0.2718940043133948,0.1694760301160798,0.1594884905626916,0.272117018180339
1011,0.10464591412107657,0.297054331135832,0.19347131621933356,0.14794071889755164,0.2568877196262062
1012,0.12116981521709994,0.17074583862107812,0.2675335983794042,0.1279630084464295,0.3125877393359882
1013,0.1433490882766514,0.20291301161898104,0.2186431061717723,0.14032598601570725,0.2947688079168881
1014,0.12836294440255763,0.19840044657429207,0.24367359694871768,0.1395186387767437,0.29004437329768873
1015,0.11755857901718049,0.281677811965984,0.2366468601506288,0.18300135927972525,0.18111538958648152
1016,0.14812513176446226,0.2351345955451566,0.22303113691711485,0.10831251445831426,0.28539662131495197
1017,0.13382881013778888,0.2649765463003839,0.2618404460896823,0.15038879652367151,0.1889654009484732
1018,0.10804074701933988,0.2697082532305587,0.19694293792883463,0.14852201753832406,0.27678604428294273
1019,0.11264224949452405,0.1691240280859327,0.2321657165583785,0.17006242215509698,0.3160055837060678
1020,0.1171654460936305,0.2566321087937791,0.20927436137548083,0.13755425589139872,0.2793738278457109
1021,0.1241526795925458,0.2801224705645078,0.147221090639976,0.14388077197907384,0.30462298722389664
1022,0.12267978848224972,0.21187231352516872,0.18359874747341678,0.1409174679182955,0.34093168260086926
1023,0.14562867597699278,0.19175257040861965,0.23221251118889769,0.16651366032195167,0.26389258210353805
1024,0.14526765112923656,0.24875497999995824,0.1645336118779625,0.13512624642946935,0.3063175105633732
1025,0.13326756095711814,0.30614417584960907,0.21996630027820926,0.18711376122155743,0.15350820169350612
1026,0.17661177889405574,0.2075021418560213,0.20391362693883475,0.1476700017014904,0.26430245060959784
1027,0.1288742110673465,0.21719678016743765,0.2055042661758108,0.11601288763573835,0.33241185495366665
1028,0.10363571342488752,0.2605591251893483,0.217360307922793,0.14466730323899654,0.27377755022397454
1029,0.169678399617217,0.2158224560500524,0.22118168538415417,0.14053007138131993,0.25278738756725655
1030,0.1774745448278883,0.2535961913141701,0.20012309424403893,0.13291635275332284,0.2358898168605798
1031,0.12963617599544913,0.18754656167527792,0.1539794696217315,0.13983862554813412,0.3889991671594074
1032,0.10735572238047028,0.21866331289078048,0.1969229213031892,0.14749256445231096,0.3295654789732491
1033,0.1605243571677817,0.23756179231069582,0.2122720542475267,0.17004609553530975,0.21959570073868595
1034,0.10845998949162629,0.25606447513507047,0.14377440015846907,0.1414740117062098,0.35022712350862445
1035,0.15951692330142261,0.22717836300661381,0.2184146664266266,0.16054556528885308,0.23434448197648391
1036,0.1404547037088398,0.20492934947909333,0.23306937237048603,0.1672299117098029,0.25431666273177794
1037,0.11396564233590278,0.25583555948232795,0.1706833331973345,0.16540403082516755,0.2941114341592672
1038,0.1334094294537222,0.20879935966766097,0.16532589842514872,0.1331337181501201,0.35933159430334816
1039,0.13438223112525963,0.19912419021205335,0.2749510228985442,0.15386076327696088,0.23768179248718196
1040,0.11755548866055128,0.24311290642932035,0.24655336458871033,0.1267381446004444,0.26604009572097376
1041,0.12163154759544047,0.2935976881032041,0.2663383035539284,0.13209990807400424,0.1863325526734229
1042,0.11155922678573492,0.21621208553202426,0.2019431478002252,0.1523503576564524,0.3179351822255631
1043,0.1344159561179041,0.30159206090029933,0.17363129437555713,0.16684583138805573,0.22351485721818357
1044,0.09473130825928357,0.2742273692671652,0.18321592765431075,0.15159458042339938,0.296230814395841
1045,0.1328395124765163,0.23497963700376145,0.1979413358037435,0.14723983639861557,0.2869996783173632
1046,0.13185470805550262,0.1591202540807767,0.20362902730022933,0.15092612751195164,0.3544698830515397
1047,0.161649647859273,0.21371066517589016,0.32280730062695523,0.14284933464382352,0.15898305169405816
1048,0.14664713796941692,0.1833611100442935,0.18834013644876912,0.12216118310559175,0.3594904324319287
1049,0.10179615667320274,0.16612318795032224,0.22769245110915265,0.11932450374053025,0.38506370052679223
1050,0.15834648459008527,0.330419603128147,0.20278044918669233,0.15924262424976354,0.14921083884531197
1051,0.12206571699463695,0.2204783504106595,0.18527397392642958,0.1839146787715,0.2882672798967739
1052,0.13923439558875347,0.2121739375622614,0.19148455848691062,0.14257821474405208,0.31452889361802233
1053,0.1331211386166488,0.26797599869465466,0.22542863209832292,0.17556605073118126,0.1979081798591924
1054,0.12779449590290554,0.27227813146203367,0.1879579808666865,0.15646260314009008,0.2555067886282842
1055,0.11257968666135268,0.17338178776467067,0.25466532981766027,0.1739453565882349,0.28542783916808145
1056,0.1233524859399838,0.21527419543337678,0.19169203854689645,0.15277201683629726,0.31690926324344576
1057,0.13632018946173943,0.1377623564328913,0.1856881266308565,0.13436241760468734,0.4058669098698255
1058,0.1108450848742546,0.2338120247927097,0.21853554364094951,0.12162346935896903,0.3151838773331171
1059,0.18504705617612277,0.26627276635707775,0.21160365775389697,0.17450019365055397,0.16257632606234862
1060,0.13379275663641188,0.192041728547017,0.20127320312599792,0.15785204840047715,0.3150402632900961
1061,0.12027920883929956,0.25677512291843124,0.18904775136448138,0.13067507935391368,0.3032228375238741
1062,0.15618935391829145,0.1588204721329105,0.23944237331367255,0.11240873427586708,0.3331390663592584
1063,0.18788996397445973,0.22246159074166663,0.2435734534005695,0.13813537954701358,0.20793961233629057
1064,0.14256186256469797,0.2607264369163856,0.17990256893649353,0.15400712536305566,0.2628020062193673
1065,0.1754992200244848,0.21876384775832536,0.1687028011400146,0.13749686366495653,0.29953726741221887
1066,0.14681699516986838,0.18781941149377837,0.2119424546693839,0.13269410946115548,0.3207270292058139
1067,0.12245840506647743,0.15492645929125123,0.2107098290105136,0.14033804137824946,0.3715672652535083
1068,0.1836103794575754,0.20469771153362581,0.23732824835151034,0.19047017659217325,0.1838934840651152
1069,0.1712373782872636,0.18671730582714652,0.21082920046196524,0.13517299648109707,0.2960431189425275
1070,0.1358064714441614,0.1970018656975729,0.22507094954278248,0.12889710601832471,0.3132236072971586
1071,0.12626368313004518,0.21571199733881927,0.22727789139800933,0.1282511166210546,0.30249531151207154
1072,0.11831983523984457,0.17069938328222328,0.24546728513199434,0.15900155984794362,0.30651193649799413
1073,0.11582626542982913,0.2417606130725534,0.2462273289847316,0.12459106083866278,0.27159473167422316
1074,0.14998079882983034,0.26013349826191834,0.2459163655310272,0.12076301684711614,0.22320632053010803
1075,0.1767489242621112,0.2740637072684503,0.24877467378624124,0.13678117550648736,0.16363151917670996
1076,0.1266036046003924,0.20728591225287044,0.1833553620996722,0.12985598144508326,0.35289913960198166
1077,0.12629476777111567,0.2156674315974418,0.20884197779748667,0.14128591949696234,0.30790990333699364
1078,0.10926831045282981,0.2611436625101522,0.22791075903622782,0.14435901946286053,0.2573182485379296
1079,0.1378723568550161,0.15520456926682993,0.1931510365082922,0.13271951828647627,0.3810525190833855
1080,0.14264620787864238,0.2538201341727214,0.2344027549839188,0.13953856969177977,0.22959233327293774
1081,0.130557255494967,0.18872368947166876,0.19475325485318787,0.10898400080496286,0.37698179937521353
1082,0.1446117984564598,0.20548917590397994,0.22872732972148993,0.1549853070044101,0.26618638891366014
1083,0.12286750704122579,0.2029742114908263,0.1666967883146503,0.1381807643514495,0.36928072880184815
1084,0.15089901290090085,0.20391560206106338,0.19028517999704636,0.16208605580919902,0.2928141492317903
1085,0.14238561671714614,0.1434323867100599,0.27061785513304987,0.12989458137062093,0.31366956006912333
1086,0.11334841858843825,0.10949531374316203,0.2658295997345745,0.13678780962020193,0.3745388583136234
1087,0.11091727909253046,0.24156743954047255,0.15702115685803456,0.16309960373443907,0.32739452077452325
1088,0.0994332357370804,0.2682801363148297,0.1723737155751475,0.15785562988897214,0.30205728248397024
1089,0.11593772955329831,0.24436319085541203,0.18545367785564126,0.12741179687541376,0.3268336048602345
1090,0.1260922978227956,0.3045525167992991,0.21778321644369752,0.15609650740983882,0.19547546152436882
1091,0.13391397809506603,0.21368642969454554,0.24106890633828035,0.12533315567443917,0.2859975301976689
1092,0.1382560475949969,0.17387881488112683,0.1658224733500816,0.14875343774692554,0.37328922642686924
1093,0.1576117674391352,0.22646838069123834,0.17380751024840674,0.1311309150010976,0.310981426620122
1094,0.10884826152197397,0.19984887223970482,0.22763189728783945,0.15279876630403985,0.31087220264644194
1095,0.13033219825113798,0.12429872235272449,0.154112353555456,0.16315105421647844,0.42810567162420315
1096,0.15125601664624286,0.23837890516377247,0.2342921452236548,0.1738365548427035,0.20223637812362638
1097,0.16801785422742757,0.24585357402865043,0.2952854802307757,0.1442591800212066,0.14658391149193972
1098,0.10684434418637168,0.28883367580623986,0.19743116152753565,0.1684533056387087,0.23843751284114406
1099,0.12954998204089643,0.21485868161645483,0.1870946533301614,0.12650825499078716,0.3419884280217002
1100,0.11478847707839213,0.26426949710070463,0.2365405349242988,0.1591940273927673,0.2252074635038373
1101,0.1599695789634171,0.25839383108648983,0.23686296879129104,0.14514214126411107,0.19963147989469102
1102,0.13050815255582968,0.2587755556121318,0.2197772999944362,0.12431190985927991,0.2666270819783225
1103,0.1648420833462659,0.2133570400396983,0.30759093948290883,0.15027804002343242,0.16393189710769443
1104,0.09660137620727621,0.2410087354794732,0.16583252824491307,0.1536294626584191,0.34292789740991847
1105,0.13915540178965186,0.2638775046214631,0.24795730949745917,0.1588126522852804,0.19019713180614545
1106,0.13821246080010552,0.28961489474943025,0.21854749856894026,0.15430476777422086,0.19932037810730321
1107,0.2373254269378863,0.2890881473127646,0.28097168391981364,0.1926147418295355,0.0
1108,0.11676607376075673,0.24663309786507068,0.18903156477701716,0.1374482559474439,0.3101210076497116
1109,0.12047078443136316,0.2035757625851847,0.28846680982692663,0.13529256097835607,0.2521940821781695
1110,0.11832024858367124,0.29850443067392385,0.26656534393970066,0.16971812953167734,0.146891847271027
1111,0.15091482768208017,0.13962623403980062,0.23221310122348646,0.1384408990662688,0.33880493798836386
1112,0.16081533039017143,0.2423936776665305,0.19106214199719826,0.13331426722239814,0.27241458272370167
1113,0.12805569133669145,0.1667848156050881,0.2192568168523845,0.125770412366599,0.36013226383923685
1114,0.1481886445170375,0.18137013723110337,0.21072331743397474,0.15911128123399626,0.30060661958388807
1115,0.1189528061651683,0.2022010758606445,0.22597940652002654,0.1465166577638744,0.3063500536902862
1116,0.1116729060463638,0.2565815584505852,0.21564478708290752,0.17151509892447214,0.2445856494956714
1117,0.15070983472668048,0.19706496319086658,0.22152053454387344,0.14303152613461895,0.28767314140396055
1118,0.1860585052463871,0.3000657335996745,0.27415161357935713,0.23972414757458133,0.0
1119,0.12894263838652878,0.2718055235339109,0.18612663459704773,0.1595880595470207,0.2535371439354918
1120,0.11033022530967532,0.22577006708453834,0.16540884119679364,0.13942974928395865,0.3590611171250341
1121,0.1273330580825443,0.16645182963609018,0.19635138173465622,0.15764576839038053,0.35221796215632883
1122,0.14454126732491585,0.1342738636289459,0.2036480981919278,0.12243857450128347,0.39509819635292703
1123,0.10222502622127343,0.2441796851971421,0.209371385527477,0.138946661090256,0.30527724196385153
1124,0.13018384562057467,0.24497496619422093,0.2936793393931215,0.12777410349844864,0.2033877452936343
1125,0.10412512538697286,0.24454880549070138,0.16763698814629932,0.13425772455937593,0.3494313564166506
1126,0.11772601418552427,0.17212225131224407,0.1910107739036637,0.1270026604740789,0.392138300124489
1127,0.139374275030628,0.18386340500364326,0.24580678355393143,0.14274429591269974,0.2882112404990976
1128,0.1229491034216571,0.20855900834167024,0.19456627762924794,0.13674119725944542,0.3371844133479794
1129,0.13590799506587503,0.19653243155430433,0.1807364620359951,0.13049534192524836,0.356327769418577
1130,0.15541345351411534,0.23412410730631256,0.19155474445641094,0.1509648381203001,0.26794285660286105
1131,0.11909359561924537,0.33395470933429283,0.24723217214931625,0.1371878394831409,0.16253168341400465
1132,0.111780339099857,0.250340925581559,0.15075261854295874,0.1350469010019816,0.35207921577364376
1133,0.11917098298820651,0.24158712848158273,0.23791833545760427,0.13821349090416832,0.2631100621684382
1134,0.11811131066445758,0.2851463683190429,0.18093485032617984,0.11981988268232362,0.2959875880079959
1135,0.13064145908581476,0.24718667221547722,0.18600001990633247,0.1373328803341279,0.2988389684582478
1136,0.1813442533118048,0.22409152988860034,0.25644549945699807,0.12831155678412823,0.20980716055846868
1137,0.12597768656334019,0.2516708972407948,0.23629567813541488,0.16628271383513482,0.21977302422531536
1138,0.13515140420602545,0.19779886282093617,0.2226955962026969,0.16957137776828854,0.27478275900205296
1139,0.11902599954342268,0.16134406629695427,0.23557886801103534,0.12043157130094077,0.3636194948476468
1140,0.09664182997725984,0.2236292222100742,0.23012437745321276,0.14352520291503476,0.3060793674444185
1141,0.11294942853286544,0.20264112611327187,0.21281612981412062,0.1570142960753229,0.3145790194644192
1142,0.12770044443704273,0.274993205739398,0.2409608260525702,0.15217826696765197,0.20416725680333714
1143,0.11684489483660922,0.23152330908797825,0.1673814443138835,0.13995691749041497,0.34429343427111403
1144,0.13973622357794732,0.24916857404568415,0.21593997968293446,0.15294976619994485,0.2422054564934893
1145,0.10360012927650915,0.23944983991058583,0.15328096664031507,0.13998944632780955,0.3636796178447805
1146,0.1375356628863951,0.22830602191399862,0.1818681956794347,0.1287955706969083,0.32349454882326306
1147,0.1739145502797401,0.2602628474132342,0.19754775719529083,0.16019704792837777,0.20807779718335712
1148,0.10547462828823938,0.2129354588132627,0.19827629979912617,0.15314766200173358,0.33016595109763813
1149,0.11195733817442352,0.2886335490111921,0.1697908271327392,0.15248361511059472,0.2771346705710503
1150,0.13326938406255526,0.22531984437819264,0.191959110724694,0.13016725160615625,0.31928440922840196
1151,0.11934596186585249,0.21555101466620824,0.2134822488013596,0.14025870270130958,0.31136207196527
1152,0.11607804550157512,0.1877233488201044,0.23382378292063002,0.14571231365331674,0.3166625091043737
1153,0.13524698864354626,0.19774279775664597,0.2099814664044216,0.13935824754107967,0.3176704996543066
1154,0.14032193575293483,0.2157727583009727,0.21203145684180044,0.1909990680330923,0.24087478107119975
1155,0.15510451657629612,0.26418616055028327,0.2622214580512181,0.17081327097273472,0.14767459384946796
1156,0.1222539864436224,0.25348181347461496,0.2575426530338408,0.1441101903706762,0.2226113566772456
1157,0.15183968931261368,0.23958922262984497,0.17151149240657482,0.13925626444542802,0.2978033312055383
1158,0.16517012469318482,0.30073764073637527,0.20254522575699443,0.13024876324471313,0.20129824556873224
1159,0.14674256161516874,0.22329438839789367,0.20046967439641705,0.12989250223061627,0.29960087335990426
1160,0.16128551223483859,0.24578306932827418,0.22160061367823602,0.16802199879756904,0.2033088059610822
1161,0.12860734598414478,0.18135639452094668,0.23706194701051383,0.15256195888851679,0.30041235359587787
1162,0.12910413740871332,0.19387726853877196,0.27158080422086767,0.08992311597428315,0.3155146738573639
1163,0.11317625720751577,0.17934973331578669,0.19696150350041652,0.13129216157390208,0.379220344402379
1164,0.10470399902935232,0.2590791640577885,0.1798585230412918,0.11699375925151585,0.3393645546200515
1165,0.10875660993246057,0.2206149353892575,0.18698900334350746,0.17912712873545308,0.3045123225993214
1166,0.13871850808842742,0.1651951223212688,0.24550824850344513,0.12073983953873701,0.32983828154812167
1167,0.1424893153047088,0.17628450528909842,0.23451325918717295,0.13205970993681715,0.3146532102822028
1168,0.1289397945240049,0.2725845986185427,0.2520634169962367,0.1566355386972032,0.18977665116401257
1169,0.1037629239015377,0.1958048805039112,0.20347175558422914,0.15459441353710454,0.34236602647321734
1170,0.13962995170495265,0.20243820690452843,0.24997315918600682,0.1557577614515854,0.25220092075292666
1171,0.13383011861675512,0.20629950569781866,0.19551543043660807,0.13584821777102196,0.32850672747779613
1172,0.1217595408975992,0.21999109690878982,0.3214445920544942,0.1251199101835471,0.21168485995556965
1173,0.15622090878618292,0.2898830201118317,0.2598171918021255,0.15313212236653584,0.14094675693332412
1174,0.11696307084641383,0.14201535829388354,0.23933495938842286,0.1369559705214612,0.3647306409498185
1175,0.10345083107685403,0.26621323393373864,0.18461333946658023,0.14738178307573985,0.2983408124470874
1176,0.15277420516600718,0.26575425972731453,0.21467254302824373,0.17202777657836704,0.1947712155000676
1177,0.1262553391092976,0.16788719198833274,0.2036583409688773,0.16284210025870655,0.3393570276747858
1178,0.11854796567348076,0.25768368640479256,0.22078985338185952,0.1764147115745132,0.22656378296535398
1179,0.10207623176320602,0.23013938193880884,0.22235296062420887,0.1429308678832269,0.3025005577905494
1180,0.10379026237489236,0.19538744067042127,0.18645377760825407,0.14486335624597171,0.36950516310046055
1181,0.12322320140070883,0.25184870933440845,0.2188636656904701,0.1323108923030127,0.27375353127139995
1182,0.11828195329881847,0.19434169001299204,0.16387726432669605,0.17809315266466186,0.3454059396968316
1183,0.10054042869742488,0.15383966117352005,0.22348474237802832,0.14190931942819507,0.3802258483228315
1184,0.25089007191059354,0.24829925753533402,0.289734589852107,0.2110760807019656,0.0
1185,0.12676827860918913,0.2026874260947324,0.2247190236984109,0.12229979198118382,0.3235254796164838
1186,0.14290728959546478,0.20171616853435376,0.1919150203339775,0.13506513708727702,0.328396384448927
1187,0.11970319611788444,0.16676850242242233,0.23935314027192395,0.12220834830943579,0.35196681287833353
1188,0.11793061652440734,0.21246766347689264,0.22471685572359829,0.16555249695861424,0.27933236731648753
1189,0.11483213219676089,0.2536012889716319,0.24238373758684567,0.18642757629942827,0.20275526494533339
1190,0.11949382169168234,0.2540472663385138,0.17724894531757562,0.12571642319780166,0.3234935434544265
1191,0.15925289112072138,0.27948915048516515,0.2461453323180188,0.14239724233729079,0.17271538373880374
1192,0.08149099220189647,0.2658008513913048,0.15471266334176725,0.17198280133617772,0.3260126917288537
1193,0.10596695845287517,0.21151342414223975,0.26592357128684974,0.1443469030699061,0.2722491430481292
1194,0.1123035577514659,0.2903870117648434,0.24674638393635104,0.1420970879875996,0.20846595855974007
1195,0.10103824244982702,0.22998863603049893,0.18667290392115185,0.15501203805139738,0.327288179547125
1196,0.13930691624396038,0.2222032132119181,0.2167909309129414,0.1392705198177693,0.2824284198134108
1197,0.127030772670429,0.28195218668705074,0.18686774933597536,0.14525601694670642,0.25889327435983844
1198,0.13808174311627133,0.21153291578390102,0.18982292521079192,0.16501117655943745,0.29555123932959826
1199,0.10616837050254435,0.2442815985715739,0.16053906363820974,0.17136614832612485,0.31764481896154734
1200,0.12117016025429087,0.2028188285933812,0.19334935575401718,0.13781660256339695,0.34484505283491385
1201,0.11494085700289709,0.21044084369263222,0.24152444619531296,0.20003124895877344,0.23306260415038432
1202,0.12066195016148196,0.2677179099828294,0.20729403279321945,0.17123715922167487,0.23308894784079412
1203,0.1379777226570526,0.25844107481935613,0.15270910148038297,0.1433424895383888,0.3075296115048194
1204,0.19344448366111047,0.3403160621677245,0.2554888785119664,0.21075057565919866,0.0
1205,0.1253704573320017,0.22471882439480786,0.22564697118617666,0.11207504350598298,0.3121887035810308
1206,0.1385624837115892,0.24355389368995825,0.18126519938514854,0.13175916156803388,0.30485926164527005
1207,0.13133795465561568,0.22081634812367476,0.19765230366540562,0.1694097942603236,0.2807835992949804
1208,0.128041451077479,0.17899590602792487,0.18570960392150124,0.19140345893862337,0.31584958003447167
1209,0.1371680320106678,0.21851634721404778,0.17262775075731024,0.16829926176088128,0.3033886082570929
1210,0.1658636820985354,0.2582362618653271,0.23445006540113317,0.13596116978616038,0.20548882084884396
1211,0.1155795983519265,0.2461321349478349,0.18607714609850406,0.13722509939799507,0.3149860212037395
1212,0.12194894312295604,0.2516527258461419,0.17241842325897438,0.14254632433765543,0.31143358343427235
1213,0.1556425283269819,0.2713535406596719,0.21285778194842853,0.16470254465778417,0.19544360440713363
1214,0.1334354927116381,0.19756607831438522,0.2671596353736305,0.14555504402987363,0.25628374957047256
1215,0.15110540874921513,0.22147608783716607,0.25383339588101866,0.17921996022694747,0.19436514730565266
1216,0.1452740940274052,0.23162565801888021,0.20181315529616917,0.17464248115700595,0.24664461150053946
1217,0.15420399766617984,0.2759388928127812,0.22607152130312344,0.12414319614261843,0.21964239207529704
1218,0.15643041925195134,0.15381053690789584,0.26609215670209857,0.1258718576620299,0.2977950294760245
1219,0.152733928580103,0.23638856470919056,0.21593938754672368,0.13531112933929657,0.2596269898246861
1220,0.1431027957471217,0.22372934508806044,0.19101679062087487,0.15647821359058312,0.28567285495335987
1221,0.10593615088871358,0.22702859646088844,0.1664804359627334,0.10319030250554556,0.3973645141821191
1222,0.1377717704829637,0.15705898442162378,0.20951628826489851,0.14254554655128396,0.35310741027923
1223,0.09912525978356007,0.25392818384947774,0.22250962158112317,0.1347445378523842,0.2896923969334548
1224,0.131936847864704,0.18256791425780208,0.19552720661554845,0.15108790813017536,0.33888012313177
1225,0.1374576782084859,0.20070760312060573,0.19852097658912773,0.14383461197683228,0.31947913010494844
1226,0.12060518020553833,0.19942326013587708,0.20027579800452391,0.134814485603402,0.34488127605065866
1227,0.11580796009919712,0.24246566405704728,0.1703630880887513,0.13902673518336037,0.33233655257164396
1228,0.1163996920194577,0.20631497801402343,0.14009885452388987,0.1319303682745792,0.4052561071680497
1229,0.13670587593769165,0.2504392124873943,0.24864401641205205,0.15079339488885565,0.21341750027400636
1230,0.11651171174604728,0.21200537001716138,0.19213012514982425,0.11568270912787715,0.36367008395909006
1231,0.1079557947647035,0.22310652195788575,0.18045412889695886,0.14051594650173108,0.34796760787872083
1232,0.13993307018685994,0.18241214354688226,0.21250803428617962,0.14422358236410443,0.32092316961597367
1233,0.14746930305099182,0.1914397037176655,0.20424990787621974,0.1393796765235183,0.3174614088316047
1234,0.1579764468402511,0.30689615884907373,0.18719858831718422,0.15083486123702253,0.1970939447564684
1235,0.13475813514823737,0.12258473837009794,0.1925559620531116,0.13154509652445423,0.41855606790409877
1236,0.1084185501264011,0.2631905959023644,0.23484827371583195,0.14878752419152652,0.2447550560638761
1237,0.11549854459387784,0.2580528254096165,0.18812811785117428,0.15156365305202768,0.28675685909330384
1238,0.10728488789781938,0.19874369993216706,0.2044828360993896,0.15285045789624346,0.33663811817438033
1239,0.12039607228398312,0.2573163796626975,0.20463203482962963,0.1430704062414269,0.27458510698226296
1240,0.13966519796734775,0.23514875261875157,0.1769084239974085,0.1157146913259755,0.33256293409051674
1241,0.12416331899269342,0.1853288326420868,0.20900647711335085,0.13682500616641965,0.3446763650854492
1242,0.13252639781866926,0.28390888805525666,0.27102721280919234,0.13829327452952458,0.1742442267873572
1243,0.15386051810867024,0.1870142521621992,0.2566286579967939,0.1365348948937864,0.26596167683855043
1244,0.13199172901528541,0.23519848405122765,0.23896166645464645,0.13940762117147235,0.25444049930736806
1245,0.16741493670321933,0.35450392563214994,0.24453718136050687,0.2335439563041239,0.0
1246,0.11487312817449395,0.2741717818129784,0.26735558011279587,0.12389769946727033,0.21970181043246143
1247,0.24198571824856763,0.2351075901689039,0.3059919563721096,0.21691473521041885,0.0
1248,0.12357653849957752,0.23830901268787438,0.17017449570360846,0.15838292902807008,0.3095570240808695
1249,0.13709813023294473,0.260632315304698,0.2100315658914619,0.14676488452850897,0.24547310404238634
1250,0.14188331705515408,0.15684539475850023,0.23920003030947948,0.1348852177134279,0.3271860401634384
1251,0.11777569006709082,0.14277152205134422,0.21227676834052478,0.14060835230579635,0.3865676672352439
1252,0.10537254432348218,0.1802059957378178,0.2307212455565016,0.14578288508999937,0.3379173292921992
1253,0.12809084975873972,0.24139497792168954,0.19168585257797494,0.14585138717462043,0.2929769325669754
1254,0.13357575317645415,0.22193051114793275,0.21843341831428212,0.15716385532820912,0.2688964620331219
1255,0.10345605562589208,0.23822871939860826,0.21684062070852367,0.1481223911697985,0.2933522130971775
1256,0.14384189093130462,0.2036597790420875,0.23901987442122985,0.1531746472629394,0.2603038083424387
1257,0.12707836975108883,0.2650278940985861,0.17355679030698143,0.13795450379972587,0.2963824420436179
1258,0.10328823322050966,0.18357012972824865,0.21543245512530965,0.12206733940530269,0.37564184252062954
1259,0.09012927896734886,0.3040058734154442,0.21661300228503988,0.17987210237216986,0.20937974295999717
1260,0.10772656507393813,0.19594238506765843,0.23357076170601393,0.13042205458595496,0.33233823356643455
1261,0.14570549224975152,0.14314908960535774,0.2004500882100633,0.16756826220183965,0.3431270677329877
1262,0.10989009532372739,0.19715717538296476,0.19045887946386883,0.13541928105930967,0.36707456877012923
1263,0.15432670095382992,0.29192874766419713,0.26979984586113864,0.14562754644509893,0.13831715907573533
1264,0.10194233956418146,0.24235709635564984,0.18849881194212123,0.1271486642335416,0.340053087904506
1265,0.10727210321820456,0.2830287961023138,0.20414565047378166,0.14251089046809046,0.2630425597376095
1266,0.13781971605346605,0.22411902526173827,0.1928708105169188,0.13626972605342286,0.3089207221144541
1267,0.09982124176825424,0.20752269646141894,0.22851014259887242,0.12675141203410545,0.3373945071373489
1268,0.10580305723706872,0.27538661494604105,0.1727686186682911,0.1311744337703774,0.3148672753782219
1269,0.15385471545981774,0.2755697137258686,0.24520696319873966,0.17281274716571007,0.15255586044986394
1270,0.13321633713763817,0.18687594612909045,0.18085613196165093,0.1297720441036258,0.3692795406679946
1271,0.18418480250475996,0.21301671874280254,0.22830551829992576,0.2078258182515476,0.16666714220096424
1272,0.1224131142416063,0.2985896417248767,0.18304587590711685,0.1614949310387728,0.23445643708762742
1273,0.11801022437274385,0.25043667238193446,0.18767445585248957,0.1285943469337361,0.31528430045909617
1274,0.1410374623467292,0.23161928858810885,0.2169079746375934,0.14479299469115084,0.26564227973641785
1275,0.13077327754435403,0.2079128608766981,0.237873172452258,0.16407224932060963,0.2593684398060802
1276,0.11951438747509426,0.1538779050235082,0.2195281582229524,0.12796003857290325,0.3791195107055418
1277,0.11034337831097904,0.2568704773332492,0.21991444697395202,0.14385626461858003,0.26901543276323975
1278,0.15983288061654052,0.24556753152121252,0.22643193848974977,0.14126928228489882,0.22689836708759842
1279,0.12663087964160175,0.21327032591437595,0.1582486248632554,0.14816121783902408,0.3536889517417428
1280,0.1011933426883619,0.2530852321632367,0.17036529645103038,0.1371008921059425,0.33825523659142853
1281,0.12316311886913782,0.19891573734433626,0.23527358289238723,0.16656524804265369,0.2760823128514849
1282,0.13552813521172713,0.21659913144781082,0.1913842261574075,0.1528495862769739,0.30363892090608063
1283,0.15303383946383672,0.15936998194027577,0.23539663715092887,0.13279149484928968,0.31940804659566896
1284,0.1691131968700483,0.1576588671113057,0.21798924293663327,0.14981077065426573,0.305427922427747
1285,0.1110257886710563,0.1720493957998929,0.19617311392259992,0.1497511339888372,0.3710005676176136
1286,0.1460562761828233,0.24612844120460012,0.18670478713507124,0.12706764691791805,0.2940428485595873
1287,0.13668878343369997,0.23782916606299,0.19046071287693178,0.14678843939316172,0.2882328982332166
1288,0.1451475636095182,0.17132518422584306,0.20874101329233372,0.1348656652739305,0.3399205735983744
1289,0.13417029323612475,0.19258627009488194,0.2230006747047014,0.15473999017411996,0.295502771790172
1290,0.1418442519165658,0.17651937678447235,0.22730592800495422,0.12621619129736697,0.3281142519966406
1291,0.15790144008294704,0.15568538589216746,0.20010553038935355,0.15028826190729977,0.3360193817282322
1292,0.13117450884242746,0.2585668665124494,0.2914195464465162,0.13222353332137768,0.18661554487722937
1293,0.10841161287470748,0.25352364795908044,0.23292201133552337,0.12948052961068937,0.27566219821999943
1294,0.14245780205128325,0.2707020776946363,0.187489917150327,0.1647449411090997,0.2346052619946537
1295,0.12189562166488824,0.21061122395257947,0.15610138793530623,0.1465919202128087,0.3647998462344176
1296,0.13111470427849495,0.23469822170975788,0.18007276753526008,0.12282802949742853,0.33128627697905855
1297,0.12395389571585114,0.2858955439061432,0.24212260486588544,0.1710955954148082,0.17693236009731203
1298,0.13418094111624648,0.1875681724821614,0.22207241615457116,0.16822242433184575,0.28795604591517526
1299,0.10303966450872812,0.245041234691936,0.21497655789595285,0.12208214431244216,0.314860398590941
1300,0.1298829644650768,0.14833476705618076,0.2683569070779943,0.12848118462555747,0.32494417677519066
1301,0.1112828329830833,0.27809594096288365,0.19148648390533507,0.15956392859632157,0.25957081355237643
1302,0.13265004537624328,0.19287129286544594,0.23272884339707708,0.11867487738693129,0.3230749409743024
1303,0.11680698701358165,0.25686761560491667,0.22491560210424796,0.13985822500973108,0.26155157026752274
1304,0.10659377214063788,0.22198349379873336,0.20717145860280542,0.1476124893157436,0.31663878614207963
1305,0.10883422536783675,0.23808352673045866,0.1931952325665805,0.14432468858803546,0.3155623267470888
1306,0.1656571221058361,0.24399023762051844,0.19595125444831007,0.16783749683212892,0.22656388899320645
1307,0.11747755075858428,0.2525446281788571,0.2286329041039155,0.17335706207467222,0.2279878548839708
1308,0.16525475276301624,0.2789707924902665,0.2092503728110732,0.14496189361053702,0.20156218832510697
1309,0.16729117001624108,0.23868254567027916,0.20876349250672932,0.16510019670558318,0.22016259510116726
1310,0.13247581250725168,0.2553587597899698,0.2742590968186263,0.1243871962097163,0.21351913467443598
1311,0.1261069267000832,0.324881854792597,0.19384828794924577,0.1443206501775651,0.21084228038050876
1312,0.13539712267013307,0.2669559323761676,0.17252279826737324,0.13723495324070673,0.28788919344561925
1313,0.12136044460590335,0.2034678184165131,0.22981974885532552,0.14883983924760505,0.296512148874653
1314,0.15975527888233418,0.26345588124380376,0.20897237825475654,0.13578993708348308,0.23202652453562236
1315,0.12212557850224919,0.2338127179866438,0.1568433022814107,0.10563055157962273,0.3815878496500736
1316,0.11853652722804754,0.17027417599335595,0.22093762192027888,0.15371788647508983,0.3365337883832277
1317,0.13223012126041528,0.22033312588863246,0.2652730677860266,0.15426520575584604,0.22789847930907964
1318,0.1070934483105344,0.264980293850598,0.2015461954157402,0.17250625809131695,0.25387380433181034
1319,0.12297316932400656,0.25104867141120807,0.2519912664419882,0.1517147627748299,0.22227213004796725
1320,0.14124195767661002,0.13647462824963477,0.17400275680604982,0.10306694264273354,0.44521371462497183
1321,0.14194594844549785,0.18720014973615373,0.18882294138814626,0.14781173858095806,0.33421922184924413
1322,0.15204003382330378,0.3013996891482425,0.2121848045772291,0.18677337154135334,0.1476021009098713
1323,0.13368697148345735,0.2832027650054373,0.17079362677220705,0.13835833393027053,0.27395830280862776
1324,0.1792865061837312,0.16822527197432555,0.2881437649792768,0.13092733976133858,0.23341711710132781
1325,0.12648382660072213,0.1523718469093703,0.1868048944309874,0.15357931244863637,0.3807601196102837
1326,0.15631443280882967,0.25721783557130473,0.24139512650644387,0.15955945880704475,0.18551314630637689
1327,0.15859552952884112,0.18698277181955342,0.24952018496887404,0.11260831097364955,0.29229320270908177
1328,0.10996291345564067,0.16795170127924727,0.17415773871435972,0.1473472594027155,0.40058038714803695
1329,0.18185198310951917,0.2191056381761934,0.2366635591266515,0.12280214800622653,0.23957667158140936
1330,0.13295525246874335,0.24793221130704396,0.25325739146319765,0.17409479327468455,0.19176035148633058
1331,0.12557629926122413,0.2232314126151996,0.15984084947127794,0.14357868900657003,0.34777274964572824
1332,0.13619926242276767,0.1666979383983303,0.2615712439497522,0.13189362793423481,0.3036379272949152
1333,0.1411157316941719,0.27573472242935987,0.17754145124196827,0.12471550454307472,0.28089259009142503
1334,0.16544266847980696,0.13633990067909796,0.19712234753356572,0.1069258332376897,0.3941692500698396
1335,0.12424366306100579,0.18204921877136823,0.2505717277489379,0.12525486580536818,0.31788052461331995
1336,0.1959657370381959,0.19797023825216553,0.26778137175197586,0.1654722971632609,0.17281035579440182
1337,0.11551688926421591,0.250056728180066,0.20026068999843993,0.15356426975303566,0.28060142280424255
1338,0.12488851710800637,0.2332191631696679,0.2391411696935025,0.13989797247063807,0.26285317755818527
1339,0.14361045372529366,0.17773859040674378,0.21267856870260107,0.13737968538713613,0.32859270177822536
1340,0.12663713806425053,0.2933603474092339,0.2369751609285231,0.1685445499454994,0.17448280365249294
1341,0.12754050779046452,0.19915278033363537,0.18580898971393114,0.17566226080859498,0.3118354613533739
1342,0.13806893242581578,0.24154200195365533,0.23808469726337533,0.14697505845271497,0.23532930990443857
1343,0.12398572363720221,0.2839746431778382,0.20673806142885173,0.1538371822070162,0.2314643895490917
1344,0.1492802257608732,0.26710981297630376,0.2095961262844975,0.2158709544412812,0.15814288053704445
1345,0.15164338697066987,0.21103442202615613,0.18892451240949049,0.15076967796196186,0.29762800063172173
1346,0.13618495830821617,0.16516841467334525,0.17924791250181749,0.12673364822623182,0.3926650662903892
1347,0.14410211225330954,0.20891617998436487,0.22455100602456735,0.16809878105417095,0.25433192068358723
1348,0.11403798459388599,0.1931092158276473,0.17696550513619935,0.13045448068553628,0.38543281375673094
1349,0.131920724006887,0.22346269612682593,0.205797673636365,0.12169764716443923,0.31712125906548283
1350,0.1069975367948403,0.27564338054441323,0.19903880176524882,0.1715751907352423,0.24674509016025536
1351,0.10855859773693205,0.16963156207547797,0.225379039118799,0.13811949296356538,0.35831130810522566
1352,0.14951395553707786,0.26765424206660177,0.22335144144210356,0.16386950081537496,0.19561086013884182
1353,0.11669917509798754,0.22535925553989813,0.27545006991644205,0.1604653864241923,0.22202611302147998
1354,0.13190581761001247,0.22276340021292146,0.1841617990739207,0.12524302254041664,0.3359259605627288
1355,0.14556405016015128,0.24631380465053282,0.2312697315354929,0.13867194065883487,0.23818047299498823
1356,0.11450024739787697,0.22802755555434912,0.24665354084323363,0.1810715249606274,0.22974713124391277
1357,0.13010128795059117,0.23938114225696458,0.28306685843109175,0.14895936875009017,0.19849134261126236
1358,0.1128915432640931,0.23775873041749987,0.25189727259985906,0.15733165780769806,0.24012079591084998
1359,0.11608573169893714,0.2093905922958625,0.2096696330687828,0.1581177534582913,0.30673628947812637
1360,0.12655378114334612,0.23390034432657777,0.15403936511115587,0.155719802559095,0.3297867068598252
1361,0.11759595683066378,0.18155173876988173,0.21274172751423256,0.14434398750135072,0.3437665893838712
1362,0.12804924235211446,0.19080279818960416,0.23376995763483874,0.13973743485565784,0.3076405669677847
1363,0.11623163374450599,0.1844710257948352,0.16044310326323577,0.11478964263793913,0.4240645945594839
1364,0.10912465682147833,0.2760650317231698,0.1950071217560709,0.142332831661352,0.2774703580379288
1365,0.11350858782618635,0.19937522993185786,0.27477861823226163,0.14395347110289658,0.26838409290679754
1366,0.09455016122856537,0.24916338871514054,0.19234802870712195,0.17823241432941733,0.28570600701975474
1367,0.14567617751875064,0.1782376240425623,0.22312290273543078,0.14826357672930685,0.30469971897394943
1368,0.1348209714391906,0.28763540763316675,0.21686591571853536,0.16252851113016184,0.19814919407894546
1369,0.14023517722365855,0.25568081875271814,0.21027080416336083,0.1500340920030757,0.24377910785718668
1370,0.14030073946972182,0.23220199147300088,0.17059300173216055,0.1410042935206744,0.3158999738044423
1371,0.08763461711897351,0.23193320456710023,0.21295998314054143,0.13699746064913382,0.3304747345242509
1372,0.0935516033957866,0.2469478956475841,0.16541227175663334,0.1536596326389312,0.3404285965610649
1373,0.11945394442840367,0.17312935900060888,0.23116934332095576,0.15416803668886256,0.3220793165611691
1374,0.1784604206666368,0.2708981491270462,0.24168461868320631,0.16252030636956044,0.14643650515355022
1375,0.16258227493324393,0.19506463676626537,0.19185326976718683,0.1748502682002361,0.2756495503330677
1376,0.1419200614664294,0.16558504166088903,0.2580101752914583,0.14883198820341223,0.2856527333778111
1377,0.11397020427915862,0.2555514374042378,0.2432627264093937,0.186978822766338,0.20023680914087194
1378,0.1428229699641254,0.21736364724389032,0.2629295261764312,0.14040471455058082,0.23647914206497225
1379,0.15536968539919535,0.16337288225659835,0.17055796674554471,0.13613587597161272,0.3745635896270488
1380,0.13772873416573406,0.21733061097196943,0.19410440943504123,0.1540246076276717,0.29681163779958364
1381,0.1315975378433115,0.17212527999174274,0.24577365552683098,0.15782168994143245,0.29268183669668235
1382,0.12106572809418442,0.2394931768872162,0.24982398806638076,0.13107518273255286,0.2585419242196659
1383,0.1737034601040681,0.18868685033320734,0.20100456332205643,0.15360389841368338,0.2830012278269847
1384,0.11142957614203276,0.30384651603716717,0.18408136853189816,0.1289676299844132,0.27167490930448884
1385,0.1133103830579205,0.15071720024335672,0.22932314119853706,0.12216685640647486,0.38448241909371084
1386,0.15466948973417458,0.2576421173585297,0.17038859270566653,0.12273348166354997,0.29456631853807913
1387,0.15603474321408964,0.2486278849502503,0.2376779139870724,0.12009563173095351,0.23756382611763424
1388,0.11925782708792032,0.2069396439120257,0.2206330435902881,0.14762301822613594,0.3055464671836299
1389,0.16113357590382157,0.27434598254208914,0.22505107365067567,0.17954340884674605,0.15992595905666748
1390,0.1180087358266447,0.23715902789157484,0.19236278574650476,0.13996985026525327,0.3124996002700223
1391,0.11532760767543773,0.27237105010394563,0.1703096320782608,0.1384016472450787,0.3035900628972772
1392,0.17074482660414744,0.2854702447484588,0.19690571826072137,0.14470937787382585,0.20216983251284654
1393,0.11235249552212313,0.2115215984423088,0.22523819015417434,0.12028043897581095,0.3306072769055827
1394,0.15099853452335138,0.2701106736842426,0.23918240993537113,0.14538179202329915,0.19432658983373577
1395,0.16356499115571174,0.2701619246023385,0.21606417743032,0.13558887005897735,0.2146200367526524
1396,0.1292984471508483,0.2227169261428198,0.2172430295661195,0.14439348543484753,0.28634811170536495
1397,0.11351501254091939,0.18203961254199896,0.22734819985977842,0.12682593590323057,0.35027123915407277
1398,0.08926792958754853,0.21071804545646114,0.2011441195670081,0.1338096830753844,0.36506022231359775
1399,0.1388788749220223,0.23298423256636927,0.17055563825691808,0.15022544972232074,0.3073558045323695
1400,0.11295447591482755,0.2736702594175875,0.2581770809985661,0.13904797598866134,0.21615020768035753
1401,0.1711600515435738,0.3020254271767553,0.16558956351792,0.1631146734553164,0.19811028430643443
1402,0.10033448718529571,0.19331245753215673,0.19743026773916866,0.15714994919851322,0.3517728383448656
1403,0.13045921820056922,0.24023927523256158,0.17805951203768652,0.1286227385708437,0.322619255958339
1404,0.11302334154008573,0.20994354878527888,0.21307896642507912,0.14019047820249148,0.3237636650470647
1405,0.14299031071694593,0.1579523742878156,0.17694573137916894,0.16031277612457911,0.36179880749149046
1406,0.15276991430860273,0.18552199282967954,0.24164235366925516,0.14139393488324026,0.27867180430922234
1407,0.11217954585404974,0.2554553545621966,0.20891708547276835,0.15498787522996046,0.26846013888102477
1408,0.12338392372582115,0.2479581125572004,0.18347281283518915,0.13896866672284522,0.30621648415894415
1409,0.1438093203502786,0.209931688764083,0.20383103483793868,0.16708864230556,0.2753393137421397
1410,0.14559406480054224,0.1660391517011777,0.2003027110866323,0.1269469423829753,0.36111713002867246
1411,0.13013524165933188,0.19533464255740549,0.22667269822285804,0.16334958093957228,0.2845078366208323
1412,0.13573644580277877,0.20928632623306054,0.18670058538431683,0.14234541479792517,0.3259312277819186
1413,0.1213672646525437,0.2083426922574614,0.19667476344264506,0.12089152364543825,0.3527237560019116
1414,0.12434046333831418,0.23379392111977454,0.19302397448618142,0.13220729551639268,0.3166343455393371
1415,0.14303416751474293,0.20352322904335535,0.19806940421904018,0.13494583698180132,0.3204273622410602
1416,0.12769063117972196,0.25473669114205955,0.18548421314810584,0.16584022417577468,0.26624824035433786
1417,0.10081963567545782,0.21521542149432585,0.19968453644542117,0.1290195403102156,0.3552608660745797
1418,0.1468089492931245,0.29528390144698213,0.1833910099908169,0.18253804425594858,0.19197809501312776
1419,0.16611788599862923,0.1837853411886585,0.24919880016820828,0.17402230761575246,0.22687566502875164
1420,0.12776147097984147,0.2009297304200667,0.17359150812670615,0.13476242340540376,0.362954867067982
1421,0.12652306791667825,0.25199945494718995,0.23357832224443506,0.12007324882055155,0.26782590607114515
1422,0.12825468408098242,0.18164599854943284,0.2098065361148483,0.14629512200524578,0.33399765924949054
1423,0.16033163699754707,0.2302623772380643,0.24211296087193757,0.1311199038812965,0.2361731210111545
1424,0.1442622922666134,0.25461871814189496,0.17564389135133324,0.13990873556702663,0.2855663626731316
1425,0.14319252315412917,0.23207466090104695,0.1970305535314977,0.14364399593684216,0.2840582664764841
1426,0.1223418536686994,0.14503296887825814,0.21488196594775774,0.14603826362617822,0.3717049478791066
1427,0.14230358502373341,0.19923130291195645,0.19419734403095812,0.13185316767157818,0.3324146003617737
1428,0.12092761216340216,0.2614151588826644,0.21853416857008434,0.15799534917167898,0.2411277112121702
1429,0.10974617353774518,0.2577420926129839,0.19746351682167482,0.12696264144615582,0.3080855755814403
1430,0.10177705320294306,0.15898139137620693,0.2675976190570293,0.13344382323241002,0.33820011313141063
1431,0.10065212193498756,0.2718044217451597,0.2293067887345006,0.13280014017036162,0.2654365274149904
1432,0.13417562500128868,0.19265332278229255,0.21493318007976897,0.10228579677818096,0.35595207535846873
1433,0.12756071921141882,0.2189843006909402,0.2519872794583959,0.12255310377566792,0.2789145968635771
1434,0.10992577536715212,0.22692668196082924,0.1970382695509415,0.16116005397118785,0.3049492191498891
1435,0.15444771122548592,0.15981977103750125,0.19357008535010234,0.11746933610103114,0.3746930962858793
1436,0.12642399359272635,0.22930046310746532,0.1787791585707937,0.16151532115736086,0.3039810635716538
1437,0.15112084916417645,0.11935232871748178,0.2110317176159613,0.1276525921686727,0.3908425123337078
1438,0.14848587850083997,0.2200641693878164,0.2110009481928485,0.1498881853049645,0.2705608186135307
1439,0.1562992663573942,0.2501163368000375,0.24223477729405674,0.14972922341557263,0.20162039613293886
1440,0.1129342892835083,0.2094245404148906,0.21729791762517867,0.12199221642545634,0.33835103625096613
1441,0.19481866130327546,0.32893504562265896,0.2742673696943831,0.2019789233796826,0.0
1442,0.1518838382912602,0.20275177558294027,0.20086612599810172,0.15113993184999408,0.2933583282777038
1443,0.10597193060454804,0.22041753711309323,0.24338405346185069,0.150884830556145,0.27934164826436303
1444,0.12269429240552367,0.2372990173914939,0.17917302338661395,0.14755953376908035,0.31327413304728824
1445,0.12165915932086646,0.25136307813256553,0.17224238085863988,0.14475400269329025,0.30998137899463785
1446,0.08744869597016462,0.1434988965328451,0.1985790586668299,0.15600338082080456,0.4144699680093557
1447,0.12617829493414226,0.1678158175864911,0.23436555677843096,0.1497024730257319,0.3219378576752039
1448,0.13405331715525215,0.2006336784352032,0.20338570518482696,0.13390876774442384,0.3280185314802938
1449,0.14119707174130006,0.1992928164328279,0.1626056354889576,0.1056776392708165,0.391226837066098
1450,0.13487303981893667,0.2722448652812069,0.18885484101251424,0.1800648150600089,0.22396243882733327
1451,0.10889642242823433,0.25046348499452864,0.19102220777537918,0.13484957671407588,0.31476830808778206
1452,0.17602987380601745,0.34655397751705713,0.26217317445280175,0.21524297422412356,0.0
1453,0.10837665980842133,0.21781545789417742,0.18898111541744908,0.14742253718251136,0.3374042296974408
1454,0.1544404453293153,0.26069014940578655,0.2692568367736429,0.1713312360961785,0.14428133239507676
1455,0.12854455609911034,0.22943362814358684,0.24286956796852918,0.14150993458236985,0.2576423132064039
1456,0.11629225669782427,0.19545357463263394,0.22618677834750867,0.1388408229836011,0.3232265673384319
1457,0.12730179436514183,0.2725246122488072,0.17252790024843817,0.15537976084462324,0.2722659322929895
1458,0.12564979230197199,0.24995005246822732,0.19141459234061253,0.12531302409555187,0.30767253879363626
1459,0.11007954332924537,0.22475522996834432,0.21782666582275134,0.15851162923587628,0.2888269316437826
1460,0.11958594315978069,0.19678827829254786,0.23853803913486857,0.14754903032642816,0.2975387090863748
1461,0.11949257465257296,0.2069347012370538,0.20838517222478065,0.13228133413582427,0.3329062177497685
1462,0.1596694761332915,0.16947360389593305,0.25962726433138605,0.1498892525049695,0.2613404031344199
1463,0.14623947354543684,0.24237174381833926,0.18465737324966455,0.132450950068061,0.2942804593184984
1464,0.12236790183603757,0.1861598737071752,0.24582396459603295,0.11526984506939499,0.33037841479135927
1465,0.12478057149164631,0.164618615064518,0.22351575637086818,0.13585490644668158,0.35123015062628593
1466,0.12599117615704647,0.26158327165197914,0.13506797150487368,0.14704191185388754,0.3303156688322132
1467,0.12951829357411093,0.2840586107395656,0.2488822928759709,0.1480000296299106,0.189540773180442
1468,0.1367122991042564,0.2918209507148147,0.17371374985595361,0.17104059373881203,0.22671240658616323
1469,0.12295628963466926,0.22506804235950048,0.14419935398854947,0.1503320668554768,0.3574442471618041
1470,0.12897025173678167,0.23575086245517554,0.249206294281625,0.18160578098894978,0.20446681053746796
1471,0.14415445995462098,0.23124680283371213,0.20518849156619548,0.15241464330027626,0.26699560234519526
1472,0.12832207375668403,0.16429944640765834,0.22943103045743143,0.17959784699354256,0.29834960238468367
1473,0.15214324686730746,0.15398065175497722,0.2967848746574384,0.14304372094392637,0.2540475057763505
1474,0.11761281070448418,0.28228053242539836,0.21347688351157124,0.12320577513815888,0.2634239982203873
1475,0.14155929226200695,0.2729155964188721,0.28355906264003444,0.1562042874646625,0.14576176121442422
1476,0.10158192124528573,0.27976443500004056,0.2166745785661391,0.1611109912483863,0.2408680739401483
1477,0.16437330766369226,0.28681289086606354,0.20313218824506693,0.14676608421747572,0.19891552900770154
1478,0.12185815245195424,0.2066175440042703,0.172157032961576,0.13217344958577026,0.3671938209964292
1479,0.14147550513403243,0.20575750710231466,0.23565155464736734,0.13302576562852453,0.2840896674877611
1480,0.12152883010403961,0.15066894005074796,0.2951361423847575,0.15135319767306452,0.28131288978739033
1481,0.16681229658659064,0.2436904486625446,0.1933658964389087,0.17474028533481403,0.22139107297714206
1482,0.1948960738573499,0.36607229868370683,0.25722893241243655,0.18180269504650667,0.0
1483,0.13756103349200158,0.2003478699852517,0.18670369511982213,0.11785834745784053,0.3575290539450841
1484,0.11233602415417246,0.18343364343078025,0.16420518730096317,0.12706676895876373,0.4129583761553204
1485,0.1269856210609724,0.18404363833578816,0.24039382437316645,0.1598665491266092,0.28871036710346387
1486,0.15706875954460509,0.20257758068522339,0.27929380099187584,0.13956644914367414,0.22149340963462144
1487,0.09616245947808368,0.21856524409100553,0.19848504813216672,0.1286048373843012,0.3581824109144429
1488,0.13269692872234629,0.17878465598697638,0.2032427630602621,0.14505174699878565,0.3402239052316295
1489,0.13774296600603878,0.20662645068485777,0.28155750044495637,0.14818568552137698,0.22588739734277
1490,0.15785939484447056,0.24957309084553767,0.27919514636766574,0.16180981569940503,0.15156255224292095
1491,0.1526377775191205,0.2256903506608063,0.19037543567212803,0.18621574397484827,0.24508069217309697
1492,0.12296801956633494,0.2165508791500773,0.19267853595064344,0.12755505630531383,0.3402475090276305
1493,0.13403743848032415,0.2609798798267642,0.21082166080026501,0.13567615704249597,0.2584848638501506
1494,0.12251270775254051,0.12053694385061171,0.2704961972312342,0.1210819825394359,0.36537216862617766
1495,0.17074868303438157,0.2054852452304649,0.18124493764570865,0.1050707155883604,0.3374504185010845
1496,0.13111002800483715,0.25060414757068344,0.25241912872879113,0.16761100434091689,0.1982556913547714
1497,0.10031252558282952,0.22568955742017238,0.22260014553754381,0.145596044895385,0.30580172656406934
1498,0.11096269935994403,0.20577889278363265,0.17533300126594736,0.14051465129842236,0.3674107552920536
1499,0.11518409057813628,0.19817104695093563,0.1817238047609879,0.14947772462650666,0.35544333308343357
1500,0.10877694657886146,0.24437731415669012,0.1951520593877836,0.14565931861422673,0.3060343612624381
1501,0.13184467205806522,0.2797916800160067,0.17622577447546725,0.17158102780437912,0.24055684564608162
1502,0.16838746762319434,0.26954937577462473,0.22027350553600059,0.1304676919837156,0.2113219590824647
1503,0.11981498575074698,0.273184275716415,0.21215986298206346,0.1368599300835999,0.25798094546717465
1504,0.14260836007689076,0.2554942255774553,0.19952334854229078,0.162912352130893,0.2394617136724701
1505,0.12973794105523026,0.18797881212960396,0.2557311831721578,0.16223983739035902,0.264312226252649
1506,0.12971237031899563,0.2595605827405262,0.248657278005977,0.14541887815242727,0.2166508907820741
1507,0.16453821030669755,0.3068592636803118,0.2117770360632693,0.16451691815829583,0.15230857179142554
1508,0.11316975237280902,0.29148175926444686,0.21735200703016797,0.1711757784141203,0.20682070291845586
1509,0.12378655274561051,0.22176577555105714,0.20936065635685783,0.12715168245008204,0.3179353328963925
1510,0.14516796127518253,0.20396828450503884,0.2521479627904845,0.13867320479657372,0.26004258663272045
1511,0.12901711945783495,0.2398246673441298,0.2247814022328543,0.13350996106722843,0.2728668498979525
1512,0.11316885371590438,0.2615440198389025,0.21566450107014867,0.1586858346705754,0.25093679070446906
1513,0.16808092552653953,0.28945761434639516,0.24554868853788325,0.1499251230679662,0.14698764852121593
1514,0.1638736778757388,0.3193029950463032,0.17133930730187102,0.1552794516404722,0.19020456813561462
1515,0.14532980585541083,0.265608116209867,0.21229957795010704,0.17478234357476025,0.2019801564098549
1516,0.11161897685064352,0.1855141859921688,0.18482497511518833,0.16396603775815563,0.3540758242838439
1517,0.1109886804974816,0.19188333971365568,0.22002473754400942,0.14651281011528774,0.33059043212956557
1518,0.1361051511040968,0.2113847788597756,0.178764718085773,0.14061912662084664,0.3331262253295081
1519,0.11944379778056845,0.22389500093714526,0.17248119008653973,0.1078959921907264,0.3762840190050202
1520,0.15662234210036763,0.31779537695677956,0.23050990407055263,0.15680814975239052,0.13826422711990977
1521,0.10687411913979178,0.1829822722350489,0.23027622625611033,0.11768888095438829,0.36217850141466074
1522,0.118588062139488,0.22404844987485142,0.21260269806176277,0.13160939940525698,0.3131513905186409
1523,0.11765462758659638,0.24216642336628183,0.22025115228211417,0.14461427667723822,0.2753135200877694
1524,0.13556951131545106,0.20392091407691082,0.21525573948204746,0.13737548817392953,0.3078783469516612
1525,0.15143607831321598,0.2645336414391732,0.24609725842311228,0.14251634766852167,0.19541667415597697
1526,0.12109228681037613,0.25314433466589964,0.1806397814433665,0.12715198243159062,0.317971614648767
1527,0.11138883490391563,0.1703707056474413,0.20669096989170174,0.13394691745719045,0.37760257209975095
1528,0.1271966754482863,0.22356810200092994,0.23804678289948106,0.15890530285446153,0.2522831367968411
1529,0.13321327228579335,0.23049130928068032,0.1887075936075107,0.14217883775341678,0.30540898707259895
1530,0.10011885933622011,0.26406784043828924,0.2164519939568709,0.1259733431075979,0.29338796316102184
1531,0.12735484481202425,0.18140731924567427,0.26856377237693346,0.11166196193652221,0.3110121016288457
1532,0.16058427635035627,0.20471975048998725,0.24514065457834597,0.1430286954523773,0.24652662312893323
1533,0.11358597364185885,0.22041262978079101,0.18442341901550685,0.14085689225754763,0.3407210853042956
1534,0.14896747287803927,0.23163594702319065,0.21451644014366325,0.11068120382763795,0.2941989361274689
1535,0.11982066258393427,0.23224564771736456,0.20758361115682625,0.1267893247487468,0.31356075379312826
1536,0.16098161308023218,0.28199933931775,0.21068319492031912,0.17704171511646172,0.16929413756523687
1537,0.14358567984265402,0.2723053075500006,0.24706300235530226,0.15278676138409003,0.18425924886795308
1538,0.13052566765695572,0.2704729533296488,0.19236876758318322,0.15697551027060178,0.24965710115961057
1539,0.12511571983521477,0.20209320187883698,0.2083104819314113,0.15511415132058565,0.3093664450339514
1540,0.1265363226825444,0.3101856409800685,0.2127356950924961,0.16233632188040423,0.18820601936448672
1541,0.1510132971008696,0.2646011970902751,0.24988400008139755,0.16369706712343426,0.17080443860402345
1542,0.14140853918480875,0.18964972899042903,0.18247055399936205,0.1595383394239559,0.3269328384014442
1543,0.14675123984608096,0.23211879080122452,0.3097649069815385,0.11158859335509734,0.19977646901605867
1544,0.1363706156793532,0.19031525970355986,0.21913546817580445,0.14019506919844535,0.31398358724283715
1545,0.1212991069518763,0.21637930393203417,0.21818098630772728,0.14429225488860484,0.29984834791975745
1546,0.11702080972571853,0.27249310031050805,0.14546182125163,0.13598378456372717,0.3290404841484162
1547,0.09782108245877526,0.25757686463211005,0.14286286951752286,0.12532924299369133,0.37640994039790066
1548,0.1492550673528138,0.1439834224859423,0.197355139986508,0.15343088969303753,0.3559754804816984
1549,0.13819112750610432,0.21801824697871927,0.2720992720616772,0.15831833402344048,0.21337301943005874
1550,0.15827199268675268,0.18350450948155725,0.25817076382792953,0.18173096555091128,0.21832176845284915
1551,0.16301625294162067,0.22341683385016917,0.15668718584896912,0.14634752452772734,0.31053220283151356
1552,0.13724760702873637,0.12944203223031045,0.20584875905772007,0.12620966403720416,0.40125193764602896
1553,0.12182506302875366,0.2508495477231625,0.22626322217669612,0.1513995683547273,0.24966259871666036
1554,0.11479506837015466,0.2530150252272191,0.17465322620798257,0.13369806871095488,0.3238386114836888
1555,0.13468735102568874,0.21700885652040533,0.2096931619273558,0.14286888743983917,0.295741743086711
1556,0.16306708625076147,0.25205961877989236,0.2814494363918715,0.14181702208047728,0.1616068364969974
1557,0.127870707512163,0.23813794632502217,0.23360268605370504,0.14531487849964703,0.25507378160946265
1558,0.1465000608590869,0.23408640943004902,0.19295062766828444,0.12904113994684657,0.29742176209573296
1559,0.11823573722564847,0.26828460263871884,0.17913572023413887,0.14612893883070632,0.28821500107078746
1560,0.12085307073472785,0.26690965364146163,0.21058322740480137,0.11862914633344497,0.2830249018855643
1561,0.14401735624033143,0.16973113466395817,0.19475616841273766,0.13351574486186302,0.3579795958211099
1562,0.11352462309317851,0.20280301664561493,0.22080015478048673,0.13990972590397477,0.32296247957674507
1563,0.14306706599846486,0.2764306857064637,0.21934598133607186,0.17647356384389082,0.18468270311510887
1564,0.13199169841502148,0.2322866618103384,0.1814549735103626,0.13093825197650472,0.32332841428777265
1565,0.13713941836007307,0.22147073117164318,0.24116442865522464,0.15617920276436925,0.24404621904868987
1566,0.13826581488150266,0.26116104053063877,0.23709332836584732,0.1701740356815931,0.19330578054041822
1567,0.13651974687994828,0.26085298698675535,0.20768996159425554,0.14242140129498843,0.2525159032440524
1568,0.1549190423421928,0.11754354956134407,0.22791443829032912,0.12127641176394055,0.3783465580421935
1569,0.14747074633574817,0.2502225603293405,0.17937685496450537,0.14917627056454633,0.2737535678058596
1570,0.1022159487203025,0.26676405935581776,0.19712215610095593,0.13676714306259014,0.29713069276033377
1571,0.13402619114333136,0.22579457397873243,0.24938143542226324,0.1727206995917245,0.21807709986394858
1572,0.13098955068017745,0.21756523451680726,0.22158771003272196,0.12228526364811372,0.3075722411221796
1573,0.1314342613092028,0.24233631639734143,0.17340119905455764,0.12101923735545411,0.3318089858834441
1574,0.130050389933601,0.20632243366864042,0.2208839562073177,0.12106498096811495,0.3216782392223261
1575,0.12825351808456012,0.17447248619041195,0.21358491130128424,0.1414266863710408,0.3422623980527027
1576,0.1349166729633828,0.2190298783508788,0.25871745653201283,0.14090640795222215,0.24642958420150357
1577,0.11975908478548919,0.24790426454745873,0.18248989352738024,0.13369417338311868,0.3161525837565531
1578,0.12982280211119268,0.18711484629756076,0.19335841069385573,0.134188393182245,0.3555155477151457
1579,0.12892565583861282,0.10922795905725063,0.23339968467301228,0.145400233259869,0.38304646717125534
1580,0.11631749896183348,0.1990226736654232,0.1916297554838131,0.15249675897601625,0.34053331291291394
1581,0.1253246378981165,0.2511283537983087,0.2445922875138342,0.14076460990296966,0.23819011088677094
1582,0.13209202581730697,0.25823656882055734,0.1637353691500475,0.16275008584483264,0.28318595036725563
1583,0.16004675447989053,0.22617686121407815,0.2217960511133269,0.17732963422247713,0.21465069897022732
1584,0.10833231250292924,0.17443425652771782,0.2017398662807865,0.16055233667738103,0.3549412280111854
1585,0.13383412129126723,0.20250105114798495,0.3002441048830362,0.14455093920947723,0.2188697834682344
1586,0.11204519191355886,0.21751089221817882,0.2501373015557668,0.1488176775969837,0.2714889367155118
1587,0.10792218572747378,0.19846054453503953,0.2193329675380618,0.1497763444532381,0.3245079577461868
1588,0.14199305681145918,0.23767518551409592,0.23647228894441244,0.14275031892698828,0.2411091498030442
1589,0.10019969182677743,0.19864263110034044,0.19026294446282313,0.16392627727335776,0.3469684553367013
1590,0.14472957317858065,0.16702052692021618,0.23345043808103172,0.17938444230723172,0.27541501951293973
1591,0.1308261551823232,0.2822220703946736,0.23000636336756622,0.13846273888072272,0.21848267217471426
1592,0.15836529765235602,0.18074958662464552,0.18896826116039256,0.14628523277387698,0.325631621788729
1593,0.13175888410905218,0.283595051982626,0.1787344447215147,0.1510419130008755,0.25486970618593147
1594,0.10914002210317415,0.2158207228706606,0.22909328062615442,0.15766010057777016,0.2882858738222407
1595,0.13186933923120997,0.2460509588663833,0.28013107761270956,0.15933131583969576,0.18261730845000143
1596,0.14141648470919976,0.1398074963061757,0.22197355812607833,0.14726246304331533,0.3495399978152309
1597,0.14692141908380818,0.23481631521286148,0.2088089410090151,0.1235819142070647,0.2858714104872505
1598,0.16133755907751252,0.2721300483522937,0.24488610973715558,0.13720055651467808,0.18444572631835998
1599,0.1097596841619078,0.2377446270184514,0.1659303746475371,0.14480755737298293,0.3417577567991207
1600,0.12162312396760858,0.23921364966595235,0.18001693540928657,0.1459596477219592,0.3131866432351934
1601,0.11925260619850439,0.20061987869551512,0.2647423932797222,0.1334611399677255,0.28192398185853274
1602,0.12900186552192713,0.19829712724253076,0.21656370745382564,0.13068899860777075,0.32544830117394574
1603,0.13357711937727085,0.22404811313606537,0.2005386262903605,0.1375286393200778,0.3043075018762254
1604,0.1319583599280371,0.24018596002130888,0.1494079232428639,0.12016704537880099,0.35828071142898926
1605,0.10630014817504409,0.23284707737669091,0.15966377546876306,0.1376471902683948,0.3635418087111072
1606,0.13808218462166955,0.2857881039491753,0.2422863300005093,0.1729153017834274,0.16092807964521832
1607,0.14244776250499322,0.27008923158397746,0.16222492697182006,0.14752034374327586,0.2777177351959334
1608,0.14684885710828297,0.1881374642455945,0.18794783441016547,0.1302014561796194,0.3468643880563376
1609,0.17617900192755978,0.17283431263992688,0.20481899787813213,0.14097776143887808,0.3051899261155031
1610,0.17034322847069686,0.23815839563268343,0.2420798210257546,0.15718153910071764,0.1922370157701475
1611,0.11542646956624324,0.19847444407570125,0.18602139990321004,0.12683505423972036,0.3732426322151251
1612,0.17351828063897023,0.21914467726911113,0.199117775265452,0.14127502815250817,0.2669442386739584
1613,0.14141800509157287,0.2369974339351369,0.19802287670382568,0.1572858549542632,0.26627582931520144
1614,0.1611956760335078,0.2469082694897121,0.2280884061378522,0.19772463361500767,0.16608301472392029
1615,0.13390820578874188,0.2389417414942156,0.23777120061392787,0.15742444722549317,0.2319544048776215
1616,0.13623696108235497,0.21205423557494377,0.21786054890895173,0.11527453628061102,0.31857371815313834
1617,0.13418665128985344,0.23664512376050875,0.2710320321769721,0.134718313817977,0.22341787895468868
1618,0.12604482714550808,0.29104053820121434,0.1927669658984489,0.1528442089441932,0.23730345981063558
1619,0.14501934618909182,0.17226506269964462,0.20837373015473196,0.1350665531810558,0.3392753077754759
1620,0.1304123812314856,0.1888703767791669,0.19640553764454644,0.11766055190429717,0.3666511524405038
1621,0.1294152743288668,0.24253118718258515,0.1736458619492633,0.1546559426188424,0.29975173392044235
1622,0.15311103938380202,0.18940748357757553,0.21683363066315112,0.13381654768823512,0.30683129868723624
1623,0.15621257585155857,0.30585280816464705,0.2080232943070129,0.19006124358052445,0.13985007809625702
1624,0.12824097738699106,0.1748547803275459,0.20081990530053284,0.10325658705774991,0.3928277499271803
1625,0.1596884157295255,0.1456780669419597,0.2123146790496364,0.12495010453327192,0.35736873374560635
1626,0.1021955731531896,0.19161693650650807,0.1810794833033254,0.1563372726671843,0.36877073436979263
1627,0.16561224940456562,0.2531295754505032,0.25933873730673274,0.15637282030451424,0.1655466175336841
1628,0.15559869642096935,0.22369873113533104,0.3046176268336839,0.1578752749569038,0.15820967065311192
1629,0.1212345685104912,0.23537134281018274,0.28180474425788826,0.16602487605537913,0.1955644683660586
1630,0.13035608375886237,0.25831160956655363,0.19840435581792706,0.13467221871189397,0.27825573214476307
1631,0.13800892264455486,0.19107366850832763,0.1657806281041451,0.12733539274372085,0.37780138799925156
1632,0.1535088499131757,0.2647927260463222,0.21198706846032347,0.16305947400110718,0.2066518815790714
1633,0.1810391500393163,0.18769348332293923,0.2597755251264387,0.1371637917445744,0.23432804976673136
1634,0.1232026400347078,0.19624475430711577,0.23804976474100534,0.13574759721361804,0.3067552437035531
1635,0.14303308149095653,0.23398036361394497,0.2663841012004816,0.10409816975448064,0.25250428394013613
1636,0.20969497461687508,0.15931865863338432,0.23028332937380752,0.15051144421623616,0.2501915931596969
1637,0.12451333583038973,0.13119765566346245,0.27439261634811485,0.12589989719792927,0.3439964949601037
1638,0.11211997282323875,0.2717157444387543,0.24048167862462017,0.14258991262816642,0.23309269148522044
1639,0.13764014048266532,0.21351394598219645,0.1765600786535263,0.12313932585895979,0.34914650902265204
1640,0.1543506139221629,0.16559182366611236,0.21115204242292906,0.13709643944804753,0.33180908054074815
1641,0.1283284479595668,0.21670473389317427,0.23389450992900424,0.17074362696257622,0.25032868125567853
1642,0.12874292645388766,0.21464410813197457,0.18371517792317435,0.16972557268432614,0.30317221480663725
1643,0.12940894981906756,0.2232951589696621,0.19721374490614257,0.13218775045461223,0.31789439585051554
1644,0.1329009151091922,0.1728018606571135,0.23728446500328385,0.13152782994718043,0.32548492928323
1645,0.14426747623229552,0.1859234143170823,0.23157299787198218,0.14995697364284388,0.2882791379357962
1646,0.11522246706038418,0.18009274219075624,0.1786725574649684,0.13791633714158463,0.3880958961423066
1647,0.11678507570273994,0.18081144142998015,0.23108069658713223,0.11540571879974128,0.35591706748040647
1648,0.13106583499203353,0.17261964643902272,0.19011997100067607,0.16133066324561215,0.3448638843226555
1649,0.11808454117128869,0.149939380153565,0.23402258805353307,0.12689017023064542,0.37106332039096784
1650,0.1232965110182817,0.20100177709760234,0.1921277378547746,0.13210991836734953,0.3514640556619918
1651,0.10736880999055837,0.22531984926608323,0.20479612992781895,0.12395116487526746,0.338564045940272
1652,0.1379504768638174,0.15667565300150488,0.21639487952104716,0.1270656146989482,0.3619133759146824
1653,0.15613326587806273,0.2181181021714959,0.19327275841542704,0.17520092724051092,0.2572749462945034
1654,0.1312615138365581,0.21868612491817743,0.18108319928786493,0.1668693933345341,0.3020997686228655
1655,0.1638757886230663,0.29068811816075574,0.22425784407935495,0.13685188546758145,0.18432636366924163
1656,0.1636884804329453,0.18494660016028433,0.24692283113775026,0.15681526160651468,0.24762682666250557
1657,0.12660316333766083,0.22877386998678212,0.19880773151401887,0.13107755691018588,0.3147376782513523
1658,0.16497470565042957,0.2261616738809417,0.23135003362051287,0.13785506872465236,0.23965851812346342
1659,0.12411005919453709,0.1969088664595814,0.26364343027824855,0.11584660705526624,0.2994910370123667
1660,0.12233589261705766,0.20108135426498408,0.20840287571654448,0.16440877512580004,0.30377110227561377
1661,0.18138879421474227,0.20469045595064336,0.2578741934029359,0.1757998862430248,0.18024667018865353
1662,0.15081703606303593,0.26879243640543965,0.16225498093762114,0.12053068529646492,0.29760486129743846
1663,0.09455684613767674,0.2249359202555875,0.2535417009662988,0.1739527592015642,0.25301277343887274
1664,0.15174167199677327,0.2233964132605081,0.24044666578474133,0.13037521617563513,0.254040032782342
1665,0.15973281838134967,0.13403633876345136,0.2937377832447913,0.10949408155151043,0.30299897805889736
1666,0.13473505637729472,0.22347752395622933,0.22064397287459359,0.13053968006002378,0.29060376673185867
1667,0.13552823991635712,0.22175223202000843,0.21577622466618487,0.1214582464900598,0.30548505690738975
1668,0.15293275163022482,0.21979127130731244,0.27920167255012085,0.1456769246318754,0.2023973798804665
1669,0.11874121434426863,0.17610220205082922,0.2654833051248553,0.1466482325282333,0.29302504595181356
1670,0.11654677344413157,0.23648311455677923,0.20094178104557242,0.14757223125060148,0.2984560997029155
1671,0.14161555248912167,0.1968085469467228,0.21429658703973667,0.1432447751283823,0.30403453839603656
1672,0.15930542155624855,0.21958134462139914,0.2067987035654088,0.15064600523497812,0.2636685250219653
1673,0.12238012702785579,0.3016187538637364,0.19184122055357417,0.197067666546262,0.18709223200857183
1674,0.13615966268518917,0.27478455107277777,0.2081366420399734,0.18275380779996367,0.19816533640209594
1675,0.12957088174265563,0.2058494645519687,0.161227505060947,0.13537635433691084,0.36797579430751787
1676,0.15011242993410565,0.23780738132067586,0.2248932863621975,0.18336360134872604,0.203823301034295
1677,0.1709923284433562,0.1613871788283702,0.2520154698329346,0.1399039416888278,0.2757010812065112
1678,0.15187698478229672,0.21397305314037238,0.20873957787914343,0.1664543661169459,0.2589560180812417
1679,0.11659096904832328,0.3244241420065676,0.15943460266595813,0.12694850414891937,0.27260178213023156
1680,0.15381664133091463,0.2194415665070698,0.23854208232162136,0.12432653843420877,0.2638731714061854
1681,0.10785595135261145,0.20755945205638088,0.21066131863759818,0.17029886177370082,0.30362441617970864
1682,0.12478732248742196,0.22656550262332115,0.17571606334221063,0.16043490510302977,0.3124962064440163
1683,0.11069379485831983,0.26320537249417947,0.1703554868202198,0.14748252370354434,0.30826282212373646
1684,0.12473521972089399,0.25410149596105347,0.22339242182540153,0.17891300321404954,0.21885785927860138
1685,0.13117975995817832,0.2798374574715454,0.1992139980759037,0.15744755387101328,0.23232123062335935
1686,0.10496529539885525,0.22716705997765244,0.18823865055626332,0.14879997044157095,0.3308290236256579
1687,0.1503417308680796,0.20594289605155786,0.2598464497224139,0.11858450122979615,0.2652844221281525
1688,0.11177708356830685,0.2604089033463135,0.2153203513671526,0.1917767483829085,0.22071691333531843
1689,0.15434252669629583,0.30786185703115104,0.21186785694813112,0.1697906839824305,0.15613707534199134
1690,0.14409790405463044,0.18369731436359593,0.2224627796953491,0.1390662017493192,0.31067580013710533
1691,0.12556100475881732,0.20361322588637015,0.1748009536215102,0.12844499507888033,0.36757982065442196
1692,0.11547388641624079,0.17179117308548678,0.2273658704299097,0.11561156531059373,0.36975750475776903
1693,0.10700110882465624,0.21158199374039707,0.20700333431083567,0.14003397047148486,0.334379592652626
1694,0.11507420068543472,0.17149131538203594,0.2105998460562953,0.13251793515616092,0.37031670272007305
1695,0.16234767911024486,0.258597613828628,0.20224340728383966,0.1615995829751257,0.21521171680216186
1696,0.1876014437925872,0.13060286555274844,0.23437354375519182,0.15277434669401413,0.2946478002054584
1697,0.12606362642914656,0.22282911198421576,0.18699575099218818,0.14648468975151877,0.31762682084293087
1698,0.13119061350130493,0.2018173797022097,0.1713070588921497,0.0981075186662011,0.3975774292381345
1699,0.13038069198802052,0.25488764796557933,0.17126148316173834,0.17533218802978323,0.2681379888548785
1700,0.1615335986289462,0.14969506809597116,0.1791822518301913,0.13171516926787005,0.3778739121770213
1701,0.10862904892382172,0.23061123941150574,0.21263216355863268,0.13281462635138463,0.31531292175465525
1702,0.14348015857639174,0.27033109156231777,0.25456814000524935,0.17608970572158697,0.15553090413445406
1703,0.11900170045850676,0.23395037558337853,0.18131614401267876,0.14373226280353743,0.3219995171418986
1704,0.11810121573071768,0.16575262204951896,0.2893009886366355,0.14761698177696564,0.2792281918061622
1705,0.12216152065364483,0.2381575571299952,0.2486468129218397,0.1206644962685714,0.27036961302594875
1706,0.11788589336916142,0.2649702539240573,0.24760327254516723,0.1570947487819669,0.21244583137964718
1707,0.11807536085074065,0.15524561708524126,0.25602923575384157,0.13483383776750948,0.33581594854266716
1708,0.1278521857785143,0.1827134754867736,0.2117651111358718,0.1457441127078945,0.33192511489094567
1709,0.11224318917410787,0.23471877993015408,0.18761469518728222,0.14663738758359474,0.31878594812486116
1710,0.12778316804047574,0.19564755378738147,0.25976635520519414,0.13883828830704148,0.27796463465990706
1711,0.1434016777508128,0.2021189255771535,0.20841466059791683,0.14899028716910392,0.297074448905013
1712,0.10815542881457153,0.23485748351474278,0.2483904918377945,0.13100944661994765,0.27758714921294364
1713,0.13702553672226772,0.27013777704894837,0.19663005960758922,0.14778534606004926,0.24842128056114537
1714,0.1897221513587399,0.2612534624106677,0.23290712564334592,0.15471269390484754,0.16140456668239903
1715,0.15926278583369438,0.20409272242521115,0.2088207118076193,0.16069400580601803,0.2671297741274571
1716,0.1180939581483216,0.23613819916369555,0.17939820541518928,0.12965524081255297,0.3367143964602406
1717,0.1481561084587705,0.12259227151859482,0.24007265600554287,0.14515294377625473,0.344026020240837
1718,0.12638759005786926,0.21940094879393532,0.2084680212804696,0.1251170507898439,0.32062638907788205
1719,0.11033943571235601,0.15221740247011825,0.19983945157259694,0.15605087680659954,0.3815528334383292
1720,0.14200420150176005,0.20801600530712955,0.216500623273181,0.125835883328936,0.3076432865889934
1721,0.11557053606865318,0.2429257860261426,0.1657590763316033,0.1587020796370739,0.3170425219365271
1722,0.12872247360420008,0.23356324940431863,0.24144699368489775,0.13987723665263063,0.256390046653953
1723,0.1625213510637923,0.1587298752076031,0.213075030872534,0.16530731903994586,0.30036642381612466
1724,0.12554428683684132,0.2548435142690449,0.19177901249427676,0.1277985925463429,0.3000345938534942
1725,0.09747450754650672,0.2561711998112005,0.18182022837650214,0.12133119470094343,0.3432028695648473
1726,0.13787110064305372,0.22634104313367434,0.20605112198123446,0.11880804434874047,0.31092868989329703
1727,0.1538282847741108,0.15150040244206112,0.2109545744649818,0.10173943967601123,0.381977298642835
1728,0.12358271654715294,0.19236931695736081,0.1654175975086277,0.13563122017027354,0.382999148816585
1729,0.14440026011693388,0.21465129581837755,0.2005663009171984,0.15303440754083839,0.2873477356066518
1730,0.14583625199717906,0.19985874923449748,0.19236058835368536,0.13584129348599333,0.32610311692864485
1731,0.11525387644916844,0.18509515557852632,0.21979629365906916,0.1803416338665548,0.29951304044668137
1732,0.11765245578561827,0.16740811302349592,0.24122887563149045,0.14694535028556693,0.32676520527382846
1733,0.14377484387778555,0.2622477220061128,0.18644066432707293,0.131760478651393,0.2757762911376357
1734,0.16669240234433413,0.25307621501961286,0.2171947050356037,0.1454411681520044,0.21759550944844477
1735,0.12518576675161983,0.19350800260523746,0.21050271165572623,0.12090872003530583,0.34989479895211056
1736,0.101106188660213,0.19869586728711228,0.2255639239597982,0.12003786040525563,0.3545961596876207
1737,0.18189154053629764,0.2249583429908528,0.22493459476788738,0.12302969637086637,0.2451858253340957
1738,0.13084441818003026,0.2718081080725112,0.19034128854753993,0.1343199226207827,0.2726862625791358
1739,0.17591870243810315,0.21622513525267725,0.29889660927064615,0.14493622831657105,0.16402332472200243
1740,0.10479144505175,0.28388395032341623,0.2315694618836293,0.12444790104745326,0.2553072416937512
1741,0.13047582229466173,0.25705472998251566,0.2221322094001419,0.15607924196761383,0.23425799635506697
1742,0.1288815513505064,0.2737641276839335,0.22763929160769678,0.1523370672490242,0.21737796210883906
1743,0.10904977411752521,0.17205006204370155,0.1741042630380027,0.13210925887393868,0.4126866419268319
1744,0.14705696276098543,0.26230942523727374,0.2124937617567385,0.15514893797862836,0.22299091226637394
1745,0.1188598126446879,0.19126303926059787,0.21839543107012507,0.1589489183754059,0.31253279864918326
1746,0.16390533553228967,0.13320535845338782,0.1844210505909958,0.14659792992572976,0.3718703254975969
1747,0.1026209709107121,0.22813544591573798,0.17416358051218628,0.12631678324256423,0.3687632194187994
1748,0.11942724603576738,0.20047269841080986,0.17390149684730433,0.13664944328640385,0.3695491154197146
1749,0.16196062108892018,0.3715641330434168,0.24455351484721075,0.22192173102045218,0.0
1750,0.14861413649728103,0.24700239889942022,0.2869157095992847,0.1276946086160736,0.18977314638794043
1751,0.1303907387840691,0.23547149572295334,0.18770608464639482,0.11493440566740834,0.33149727517917443
1752,0.13793547271666456,0.13784503784101085,0.21846423912584764,0.15695970627752986,0.348795544038947
1753,0.20473607815962255,0.2676430981666395,0.20775210093087856,0.1675015135056713,0.15236720923718802
1754,0.12861789423719291,0.23787061822970776,0.17141652159826828,0.11658541069705648,0.3455095552377746
1755,0.10659682134754829,0.16710364926709906,0.24389225223874753,0.11882456388876914,0.36358271325783603
1756,0.15396112224668182,0.15629744878647914,0.23433482466178152,0.15048635361247173,0.30492025069258577
1757,0.1496617453856172,0.16845036073620268,0.17026561492904224,0.1388389322684414,0.37278334668069646
1758,0.11893888268320192,0.2652630026968967,0.22787759676687802,0.13279212204302923,0.2551283958099942
1759,0.0943484366333907,0.26154358189105564,0.163512802267574,0.13067233067607512,0.34992284853190453
1760,0.12795493355082924,0.18865020736318278,0.18336708215373898,0.10907207938734816,0.3909556975449008
1761,0.10517476927814232,0.27397146847596726,0.15549866289670786,0.14770023109703442,0.3176548682521483
1762,0.13181885340836838,0.26111809936786723,0.1750585978092539,0.1699056232682875,0.262098826146223
1763,0.13854982884066994,0.22700085565908468,0.1870519914119142,0.14595079939562827,0.3014465246927029
1764,0.1236572531866047,0.2290190317627325,0.2195344117327618,0.13691064073874656,0.29087866257915423
1765,0.1414485834738006,0.21724287505379983,0.22027815715738117,0.150016940447725,0.27101344386729337
1766,0.24336500295222058,0.23059804832553438,0.2737259180359712,0.2523110306862738,0.0
1767,0.11612575505969987,0.20325956683297286,0.16963598505440142,0.12507111404857854,0.3859075790043473
1768,0.14786602926911308,0.18488372987043192,0.20388138116173124,0.12927081946366625,0.3340980402350575
1769,0.10832870091880818,0.25725521895996073,0.20887044387025366,0.1536496890559504,0.271895947195027
1770,0.16282266555050048,0.17811799204782203,0.2207511168703769,0.13111905378011515,0.3071891717511855
1771,0.12354397830881829,0.19985000310755843,0.21430608911127033,0.1593351374539513,0.30296479201840154
1772,0.11057171117919352,0.2985705242050342,0.30344153739317276,0.14994137005986907,0.13747485716273045
1773,0.1321565513575182,0.1475480218102068,0.267599370888122,0.11544193633008774,0.33725411961406515
1774,0.14541512878677842,0.22741375488535173,0.1792290176978959,0.13347309001056876,0.3144690086194053
1775,0.11919774181683317,0.2722855640003674,0.17037811871238637,0.13612925673555237,0.30200931873486075
1776,0.15720037460281622,0.23094564924918157,0.19377389637984876,0.16334908237604853,0.2547309973921048
1777,0.1453468689050959,0.1787426513832691,0.2499340001527818,0.1654893857041386,0.2604870938547145
1778,0.19840371970463458,0.23053121283107908,0.22511192946618447,0.17344631728526838,0.17250682071283344
1779,0.14097517032454424,0.19857735138488739,0.16279772023225184,0.1341462721820745,0.36350348587624215
1780,0.13178390922596409,0.15637234684884074,0.16569721229586692,0.13186623267823336,0.4142802989510948
1781,0.14546285895366493,0.2237195798434151,0.20122786845197155,0.14666985745318148,0.2829198352977669
1782,0.15213740400161135,0.2779006003074902,0.2107919325473578,0.1497591747191356,0.20941088842440495
1783,0.18315009620322437,0.24828712594641333,0.1873837735371235,0.13996471727480145,0.24121428703843747
1784,0.16892210705881136,0.2503356035484631,0.1951356064744403,0.14235928447847596,0.24324739843980936
1785,0.1402029840322636,0.12086799850675815,0.27375825875236487,0.15265069558586522,0.31252006312274805
1786,0.11612907752025378,0.2564748376769696,0.2036391911966538,0.18163866275095467,0.24211823085516807
1787,0.14228987477092866,0.21590291151688482,0.19041647850813528,0.11921087856633385,0.3321798566377172
1788,0.15785516206883268,0.20035472208364405,0.24877479874255756,0.15501749363807932,0.2379978234668864
1789,0.14989321177751863,0.14736409434792372,0.20906844970663166,0.132228335086485,0.36144590908144103
1790,0.1527574510777966,0.21531090389216687,0.25866480925542334,0.13873145323540803,0.23453538253920506
1791,0.14304858346982677,0.20329192908264943,0.19494877898055732,0.1445114046993064,0.31419930376766003
1792,0.10697199614249948,0.19009911635308574,0.18902984011836185,0.11903745085193493,0.39486159653411806
1793,0.11871678722588798,0.25866321277994503,0.2577217755788406,0.14857642718546998,0.2163217972298566
1794,0.11618650489747184,0.286480070824845,0.1746760442171466,0.1474500315363424,0.27520734852419426
1795,0.10751038964739769,0.22583912200864376,0.22629723363802945,0.1527491481534971,0.28760410655243207
1796,0.1410031063062653,0.1907489731062789,0.2124484044133589,0.13238260925499853,0.3234169069190985
1797,0.15940519157958788,0.22482001060313206,0.18568070651718285,0.14464503502863074,0.2854490562714666
1798,0.09911341718012186,0.22742511315757777,0.3076830429783713,0.15472511988800622,0.21105330679592277
1799,0.09866259286548353,0.18793255423711694,0.2379877071395843,0.16248849837611853,0.3129286473816967
1800,0.12838956418198313,0.26539959665823903,0.19467990397575757,0.16333058390861313,0.24820035127540702
1801,0.11620772066235288,0.21336910943062082,0.24713999327045816,0.1591683654861709,0.2641148111503973
1802,0.1449827709159198,0.2204861617741614,0.18116408047109106,0.16393721397063218,0.2894297728681957
1803,0.12533590500703481,0.24718861924976407,0.23300219043746306,0.1742507814662288,0.22022250383950934
1804,0.0890617774959397,0.18691695459436083,0.1867517540599618,0.14685445398422287,0.39041505986551467
1805,0.1010255520808771,0.2340951913518073,0.2155768530133124,0.1355094772286582,0.3137929263253451
1806,0.1275795644381123,0.23606026140012284,0.19493381435109478,0.14174741668989357,0.2996789431207766
1807,0.12536228730527613,0.24053652848196497,0.17879604906688723,0.16289786506191795,0.2924072700839536
1808,0.11953137339643286,0.20312929699694648,0.1909092575157852,0.12213309091387715,0.36429698117695825
1809,0.11903116669765468,0.19263300336181347,0.17566723774432377,0.12204380673000698,0.3906247854662012
1810,0.15677106481339542,0.16026084550669886,0.20867864700842462,0.14153135496441166,0.3327580877070694
1811,0.12112031497361389,0.15697941272141122,0.2470954790794112,0.12869159103661315,0.3461132021889504
1812,0.11981664521978355,0.19329254798809792,0.18082745424964028,0.14791565110389532,0.35814770143858293
1813,0.10427233609817772,0.27407496406509896,0.2412065553411947,0.1298418002862712,0.25060434420925737
1814,0.14714820153260355,0.2251479509234828,0.2371363612716497,0.12258741923721896,0.26798006703504496
1815,0.13896149197030533,0.2529139438132671,0.1957904627668842,0.15633756194011342,0.25599653950942985
1816,0.10560009501117948,0.2384764107767958,0.26366110468989373,0.156030037159906,0.23623235236222503
1817,0.17269144801139652,0.14246295855159066,0.2659127103059947,0.16426645321809014,0.254666429912928
1818,0.15479196444979748,0.20749990292143142,0.22271915090756825,0.11725935117072891,0.2977296305504741
1819,0.1617794152044736,0.2537814580828318,0.23584327351030593,0.19054094648856004,0.15805490671382866
1820,0.11208327212011875,0.22915052397671806,0.1929572657763023,0.1458567947670933,0.3199521433597676
1821,0.10342705038046998,0.21030714276595874,0.2571866043451497,0.1793235964030464,0.24975560610537506
1822,0.14774429665057226,0.19310548255525403,0.20117536573779546,0.1778702641298744,0.28010459092650386
1823,0.14681023681618177,0.19729502249550765,0.2781670812658941,0.13941466909954653,0.23831299032287004
1824,0.12381338034277638,0.21904917812947322,0.2083174507052231,0.1405551008441603,0.308264889978367
1825,0.1392676577761601,0.2198394087335253,0.1742384645146405,0.11082018821021573,0.3558342807654585
1826,0.17133389129235324,0.3001719123809217,0.3340023620826185,0.19449183424410638,0.0
1827,0.11997305942332467,0.2643297897178085,0.2093338567977262,0.17680185649567629,0.22956143756546435
1828,0.13884710912879678,0.1610413416034396,0.22389166885187767,0.13493950596075055,0.34128037445513537
1829,0.13167351371498726,0.19422098718499242,0.1803382449692438,0.15351266648857861,0.3402545876421979
1830,0.1617801477662475,0.13199913537828267,0.26669067434469756,0.11493693213075946,0.32459311038001276
1831,0.1382414006334559,0.3016087422438772,0.16833582299880603,0.15405483753850133,0.23775919658535954
1832,0.15271066336477107,0.13303123363909664,0.26637515334597545,0.12233376226033114,0.3255491873898257
1833,0.10783601649344635,0.25312930866028044,0.2524126444133441,0.16602388047560834,0.2205981499573208
1834,0.11347267141385362,0.263391934992816,0.26139828249186864,0.1409151379039492,0.22082197319751273
1835,0.16999478272792165,0.26672984721588777,0.23709334010774835,0.13894135611690484,0.18724067383153734
1836,0.18216196682509017,0.18566867981427732,0.19921412052206716,0.16819885858562086,0.26475637425294446
1837,0.13191770053123217,0.2915854005519953,0.22482213080278785,0.13024729814362415,0.22142746997036053
1838,0.1138690069318798,0.16885837873980664,0.20396795552154717,0.1282294141226276,0.3850752446841389
1839,0.17640566537220972,0.21406700533296105,0.20439695804371852,0.14858479431140525,0.2565455769397054
1840,0.12284165059491108,0.19465762752381668,0.23099859917361218,0.139218804541434,0.3122833181662259
1841,0.12053572815830332,0.25487982173603363,0.18476289252445327,0.1356450967539256,0.30417646082728433
1842,0.11423679046191602,0.28065469806758947,0.21145226213714108,0.14564487737888093,0.24801137195447237
1843,0.16069857114254993,0.24946732690868312,0.22154789867379493,0.1695752716070532,0.19871093166791876
1844,0.11429092584071791,0.23950403364614212,0.1814312662877011,0.1363468179422812,0.32842695628315777
1845,0.1480494839071244,0.26039192025089225,0.22790332745554304,0.1415776365237732,0.22207763186266707
1846,0.15967605538949942,0.21191104758125742,0.22428644860692373,0.13291343948820103,0.2712130089341184
1847,0.13140084136480468,0.28091836619764166,0.20241852254660583,0.13271632949397227,0.2525459403969755
1848,0.15439214297165677,0.30437288695297754,0.22119855207007233,0.14155936153816642,0.178477056467127
1849,0.11952667577566542,0.2201523866098765,0.2257584492647263,0.12193875555841077,0.3126237327913209
1850,0.15442149987633053,0.15132059828597796,0.23387818040998637,0.1387672631314193,0.3216124582962859
1851,0.14171181013792525,0.2829145013640128,0.21818594011472883,0.15878699924089815,0.19840074914243497
1852,0.12162529606923826,0.1980436307189395,0.2122332507081337,0.11668789283843783,0.3514099296652508
1853,0.09818883072117301,0.2243553516613078,0.18933119894313608,0.1751771788214683,0.3129474398529147
1854,0.125150143314831,0.3062429675669969,0.24756528992314852,0.17513835350676404,0.14590324568825952
1855,0.12001520074986287,0.23823675003667477,0.2332891971260308,0.13550503476470951,0.272953817322722
1856,0.15332368177413305,0.2215148144318156,0.17696907031173228,0.13693706749131276,0.31125536599100634
1857,0.11525990374469189,0.21133497134738308,0.17421526236578927,0.1615268971943348,0.33766296534780105
1858,0.1446491357308061,0.1995072489506201,0.17279616261978062,0.12921235183863622,0.35383510086015696
1859,0.14819131897296245,0.26621503449751655,0.20946393440329983,0.14582922372095683,0.23030048840526438
1860,0.09850469101236561,0.21798172204174388,0.23101386565059934,0.153594747495721,0.29890497379957015
1861,0.1322637142926325,0.23318546693006,0.2027721626180953,0.13583196162875952,0.29594669453045264
1862,0.12391495597057761,0.2603890128729595,0.18832061016684995,0.1667743149667868,0.26060110602282605
1863,0.11679852958991693,0.22194796533063438,0.19307694813664203,0.12654986437097077,0.3416266925718361
1864,0.10408387370021648,0.2446091658851042,0.20918306033958564,0.14002142670317014,0.3021024733719235
1865,0.14332802750751555,0.29320227001186183,0.18240592415091797,0.13140279217365136,0.24966098615605334
1866,0.10501541854883478,0.24373930696822252,0.20200410990378426,0.1612237867027569,0.2880173778764016
1867,0.19156370713371032,0.2666546138756165,0.2265492824211679,0.1584717027389125,0.15676069383059268
1868,0.109096580839652,0.19504749300003296,0.19625081767491448,0.1672102845428547,0.33239482394254566
1869,0.13093646522331237,0.2574072394381997,0.28402711570950007,0.1517740398351983,0.17585513979378953
1870,0.15804449435633264,0.24294605686278165,0.16118401638753438,0.12498275758021028,0.31284267481314104
1871,0.12200132869625874,0.20319591366440554,0.17180021155812597,0.13674451331557239,0.36625803276563745
1872,0.14448185090850454,0.23601310432300723,0.17390880068707779,0.1480744982719977,0.2975217458094126
1873,0.11330898887980967,0.1838023802840769,0.1986631989956882,0.1420144170703186,0.3622110147701067
1874,0.11974135206395785,0.16110076914995392,0.28440131050449124,0.15727737609491757,0.2774791921866794
1875,0.1223584701830516,0.17929693766874621,0.19571175760621629,0.1657707206657161,0.3368621138762698
1876,0.1256056885385009,0.2233655761409123,0.24805238003326988,0.13817133511773372,0.26480502016958307
1877,0.1311814215861882,0.20611746364859396,0.19591296911785705,0.11155018280037969,0.35523796284698117
1878,0.11338237364738006,0.2595314914502729,0.1834642812545346,0.14269739161449643,0.300924462033316
1879,0.1448686418388268,0.22425474110207197,0.24242313695809134,0.1215973611215795,0.2668561189794303
1880,0.15268895927251694,0.2849690228715864,0.18259604076993827,0.177258273095533,0.20248770399042543
1881,0.14306540552700908,0.22668955173556476,0.25420312852325666,0.14463954921300484,0.23140236500116454
1882,0.10059603076619228,0.25568308995793726,0.23188406657871927,0.14202490297690537,0.2698119097202459
1883,0.18326717531911993,0.29436134439663475,0.21258303932096873,0.15627459640070304,0.15351384456257358
1884,0.1273867435462749,0.20939106201915988,0.18897956852657868,0.15078380260226673,0.3234588233057197
1885,0.1455246350967908,0.2674204206007917,0.24761900448674048,0.14817983155951295,0.1912561082561641
1886,0.11505342275706074,0.26063946928426124,0.23041531094460074,0.1722722955756335,0.2216195014384439
1887,0.10933507316856084,0.18388081000949213,0.2060048214525768,0.13627188051600175,0.36450741485336846
1888,0.13513571775023087,0.15606816884877683,0.19660671032354712,0.1695447412319077,0.3426446618455375
1889,0.12204583178807285,0.21511798453474712,0.1453331415317544,0.1297330863839766,0.3877699557614489
1890,0.11589213406559898,0.2610560887692136,0.18289585306779949,0.10437687242938963,0.3357790516679983
1891,0.09546480849244436,0.17242141508985528,0.18807078187913473,0.13322507856135968,0.4108179159772059
1892,0.12479741459420171,0.13036598119206988,0.20405398073802036,0.11641105101175932,0.42437157246394874
1893,0.13546004579406257,0.19895451413149343,0.15646917625018578,0.12222007667448417,0.38689618714977414
1894,0.14861437745934125,0.16032098688691052,0.22846687422384113,0.1333848023016362,0.3292129591282709
1895,0.12510588528222505,0.19552197941799113,0.22697697917169665,0.16540747700420116,0.28698767912388595
1896,0.11581360669573218,0.2797637383661309,0.18901955468573933,0.13955480920083468,0.2758482910515629
1897,0.14442880943768574,0.16134290400924828,0.20324159222157295,0.12070514378207103,0.37028155054942197
1898,0.1412651661069285,0.27816608926651964,0.24635158853242434,0.14708257990850504,0.18713457618562251
1899,0.10880621310470086,0.23410875716031293,0.1911624952241549,0.15039551661601136,0.31552701789481996
1900,0.13427211359362945,0.19433991555054975,0.1591353957642598,0.14099351108292452,0.37125906400863656
1901,0.13931318191619524,0.2522440659048225,0.19855826603690213,0.179562792045556,0.23032169409652423
1902,0.1515971816857613,0.22188240489296499,0.2503971377513606,0.17135573895212375,0.20476753671778933
1903,0.171239076221014,0.3463370133960293,0.2681048736493917,0.21431903673356503,0.0
1904,0.135152117787403,0.17703720882170715,0.17726267548467184,0.15165730092406488,0.3588906969821533
1905,0.16407506659052282,0.21386997794091797,0.21791237248373826,0.16948617731480542,0.23465640567001547
1906,0.14434877763557954,0.3025080598113146,0.1918398903937562,0.12852324972334045,0.23278002243600932
1907,0.12568411063693338,0.1693600944753881,0.2090765376440346,0.14546173499720585,0.3504175222464381
1908,0.11124311493855026,0.23803588574465356,0.16656021106893465,0.13643257549217788,0.34772821275568366
1909,0.13370805538901492,0.15959034578611528,0.262765945015909,0.1393726218939142,0.30456303191504663
1910,0.12192882070421028,0.21402328103528515,0.19886626787456033,0.15793531868960614,0.30724631169633815
1911,0.11351588094231317,0.21400671675834018,0.19151205953344647,0.14126977894103182,0.33969556382486843
1912,0.13354440394253012,0.22323164752595417,0.21644577051997238,0.16797373305065946,0.2588044449608839
1913,0.16367007409120232,0.19005622253061766,0.17168918568508693,0.1586554658088248,0.31592905188426834
1914,0.14019009175042524,0.17196445508585712,0.19502506476798784,0.13276924493406564,0.3600511434616642
1915,0.16804175343821132,0.29945704545693685,0.17766884826126264,0.142519480455494,0.21231287238809518
1916,0.10109160910644538,0.21710269871668825,0.19891411393347697,0.13165455803582837,0.35123702020756103
1917,0.1406613835548762,0.18402387325106856,0.16574956213439493,0.13949400621754615,0.3700711748421142
1918,0.1358350170336669,0.25941382917312406,0.1863117222031514,0.1473546791562438,0.27108475243381386
1919,0.13158372862123927,0.2729828040982415,0.20675351833186406,0.14753919634654486,0.24114075260211038
1920,0.14750677792711117,0.26325604145583614,0.18141157415219347,0.13385913118351217,0.273966475281347
1921,0.10998973092703015,0.24306705838308623,0.19264939499209324,0.1394367143856448,0.31485710131214556
1922,0.14307342317855357,0.1752832425715068,0.23666869596777093,0.12054410367033351,0.3244305346118353
1923,0.14786932663013824,0.2645432309421393,0.2185002847605663,0.1542401903843324,0.21484696728282376
1924,0.12950196824819926,0.2429457310529191,0.20570691984075445,0.16504542236482003,0.2567999584933072
1925,0.15773382402028413,0.21679135338607847,0.2798740327083811,0.14739239998708706,0.19820838989816933
1926,0.15720127175279475,0.31166277996397945,0.21195360660842083,0.17096760471722158,0.14821473695758333
1927,0.18569160383293884,0.12534981439381762,0.17641230505232838,0.14475104148993603,0.3677952352309793
1928,0.12886058410204151,0.20711710416035814,0.2436949435365907,0.14462453267871694,0.27570283552229263
1929,0.11146438187704447,0.25809526884115,0.23030056317268643,0.15792220899418083,0.24221757711493816
1930,0.14741243964229458,0.20621672837218016,0.18167857732912485,0.15697385644080644,0.3077183982155939
1931,0.15060390370367796,0.233311943732556,0.23929834984959983,0.163375944476432,0.21340985823773415
1932,0.14855884353844256,0.2594361857872456,0.22928842605713112,0.15276286494954025,0.2099536796676405
1933,0.12836644565862784,0.19105193594061445,0.2015095343276284,0.12630998665802617,0.35276209741510306
1934,0.15092372313390304,0.2807723757421018,0.2811189343798568,0.14559047313675713,0.14159449360738124
1935,0.11386142554718216,0.17071079064509123,0.2323908301555558,0.13695914479812044,0.3460778088540504
1936,0.09672825585686676,0.289686224805169,0.25096601547827674,0.1712372035897741,0.19138230026991335
1937,0.16184613541070383,0.2400391994948094,0.22475123199377753,0.1630804882008634,0.21028294489984586
1938,0.1389887726086676,0.22039881665878694,0.19970138625145248,0.11753593025176204,0.32337509422933086
1939,0.11261786937629154,0.24190962132208518,0.2587969913772,0.12030578730432485,0.2663697306200984
1940,0.13591688057019558,0.2040997359404137,0.2908022318953834,0.16454510702221556,0.20463604457179177
1941,0.1228030969472668,0.17670520607033416,0.19647792984304524,0.16699128921898826,0.3370224779203656
1942,0.1557359396184126,0.1955053497402929,0.18718751396774846,0.13314648023108003,0.3284247164424659
1943,0.13591212779907264,0.19091931978668208,0.15387515004921923,0.13575638097367318,0.38353702139135276
1944,0.20992797714441683,0.33496351880773695,0.2569222607852068,0.1981862432626395,0.0
1945,0.13021668582903628,0.239657487507929,0.2370146540668735,0.12280395674763658,0.27030721584852474
1946,0.1579248824389176,0.27880007356708575,0.23413268420109842,0.1866861623049208,0.1424561974879773
1947,0.10557663122109506,0.18500831241917423,0.19167105659623562,0.1429902519611794,0.3747537478023156
1948,0.16058334616265854,0.1442964654045274,0.25506184492017886,0.16053397372396652,0.27952436978866857
1949,0.1367511202122453,0.21229965329834088,0.16983800132917706,0.15828767349199546,0.3228235516682414
1950,0.11968979138091973,0.21522579128201969,0.15152122965200931,0.14871923943052548,0.364843948254526
1951,0.12395963679152275,0.17601047466444197,0.1922353279752111,0.20704988166933594,0.3007446788994882
1952,0.16326412987324468,0.2510601911420938,0.22019472774145976,0.1276847166867054,0.23779623455649632
1953,0.12797295928611258,0.17825605612662918,0.22472439587588525,0.1320864141117833,0.3369601745995897
1954,0.12713456164238274,0.18332792591568078,0.24295661881278682,0.16926011654789355,0.27732077708125624
1955,0.14133635566029917,0.2379477550778057,0.17730621580464367,0.12240583756989691,0.3210038358873546
1956,0.11367316634321782,0.1868088253391499,0.2804967747802974,0.13554368377410653,0.2834775497632285
1957,0.13300130439208624,0.3127163784915758,0.20778042716556844,0.20118945035143887,0.14531243959933055
1958,0.13447312563853447,0.16187738772797697,0.1752708541142825,0.12565401805931356,0.40272461445989255
1959,0.17501167589500738,0.14129103315834643,0.2881200813022191,0.13141230915430865,0.2641649004901184
1960,0.13145953291263057,0.2138303306338876,0.19917232276783417,0.1495635483977818,0.3059742652878658
1961,0.11074579271800405,0.22459493143004156,0.22131224674642125,0.15078656827133913,0.2925604608341941
1962,0.14898142792444974,0.23261589862363702,0.21681487577597178,0.13806531008694584,0.2635224875889956
1963,0.14056122583436537,0.18328755249127174,0.28806301298745174,0.14936285844546907,0.23872535024144206
1964,0.166553453673001,0.22710959682354273,0.30252304655058315,0.15087174755233668,0.15294215540053646
1965,0.11964455964371994,0.18105245336830503,0.21915982070877418,0.13576549834660037,0.3443776679326004
1966,0.13702849537087428,0.21820566120495602,0.18235004037274258,0.15667406302131662,0.3057417400301104
1967,0.1369918500895337,0.22952801904242764,0.23929942782135827,0.15226381107692563,0.24191689196975466
1968,0.1379646661449061,0.2184190880484962,0.17100167774324054,0.1298255967740066,0.34278897128935065
1969,0.14258896291261727,0.2511996492393896,0.22102663111319237,0.1781934997428531,0.20699125699194762
1970,0.11830977158194139,0.17498237103297118,0.21951248923579686,0.1498951506507849,0.3373002174985056
1971,0.12820748884901234,0.3053688159247116,0.21611099876260276,0.1517983920423265,0.19851430442134682
1972,0.10580935999253775,0.27035077614475256,0.21501185743242893,0.12168465554401953,0.28714335088626114
1973,0.16575959535620352,0.2161479631767931,0.1990227395295593,0.12947814751360792,0.28959155442383605
1974,0.16169008120921816,0.26559159618202904,0.2168767027055604,0.14598218652680472,0.20985943337638763
1975,0.12175628024768287,0.17371119700421161,0.2152762146165105,0.11637351180806327,0.3728827963235317
1976,0.15323190982043536,0.33188325488681963,0.2109934853843347,0.16228236297282117,0.14160898693558918
1977,0.14001305216036197,0.19603366796423569,0.2148074780868173,0.10572305152538303,0.3434227502632021
1978,0.11964677835985348,0.2034288708565143,0.17007237036436457,0.14632966635558622,0.3605223140636814
1979,0.12440494883605534,0.2335046244260464,0.1850337258755797,0.14192490655710352,0.31513179430521493
1980,0.13720853687742532,0.23313567952937903,0.24307671718593726,0.1133654507342597,0.2732136156729988
1981,0.21010988144649753,0.3439150436954299,0.24559935313474535,0.2003757217233271,0.0
1982,0.14632085655300395,0.22698996776386432,0.19225791433621364,0.15454815049811077,0.27988311084880724
1983,0.14836590949479256,0.2630551978688116,0.23539222435427556,0.14551516011834248,0.20767150816377786
1984,0.12503924048304701,0.2587237912702534,0.21948838968700218,0.1920961902505386,0.20465238830915863
1985,0.12199797269715233,0.23798188551740415,0.17676262817639363,0.1390618500552719,0.32419566355377794
1986,0.20196137295236744,0.22658654960819744,0.22516388982570362,0.16931218950623642,0.17697599810749512
1987,0.11815735871532718,0.2355455187581735,0.27405217495027445,0.1571336604827627,0.2151112870934621
1988,0.10183528015513392,0.21037944779656947,0.21666490844633002,0.16662296086079686,0.30449740274116976
1989,0.15544504306792545,0.14195609630397032,0.2683478586782454,0.13394759337137455,0.30030340857848437
1990,0.14199811248863664,0.20011497643078857,0.22183518688108472,0.14396526884192432,0.2920864553575659
1991,0.13723805069238273,0.21986763706927048,0.2423083518572745,0.1487617522219785,0.25182420815909395
1992,0.12445463227681197,0.18654783120376886,0.23129600352719892,0.11691480110324878,0.3407867318889714
1993,0.13921889237309268,0.26451762802377443,0.16440326106584918,0.16573982547773566,0.266120393059548
1994,0.1145073801298732,0.26717311811473304,0.2234867282854524,0.18595108584829345,0.20888168762164797
1995,0.1487410853850168,0.17260102058387358,0.17961179268678337,0.1277068072342717,0.3713392941100545
1996,0.12818831377651896,0.2329160917387292,0.19038920511543664,0.1308327135409856,0.31767367582832956
1997,0.11129850529336867,0.19237566660831346,0.16348950604168802,0.16196373301227818,0.37087258904435166
1998,0.12693296299963305,0.22367261964163196,0.20361616857297576,0.1512137936024005,0.2945644551833587
1999,0.10750193199867314,0.19148085573121254,0.182735802056918,0.15550395284722995,0.3627774573659664
