scenario,spearman,kendall_tau_b,mean_abs_rank_shift,max_abs_rank_shift,top_k_jaccard,l1_from_equal,max_weight,family,varied_component,target_weight
0,0.9777930402930401,0.8829365079365079,2.875,10.0,0.8181818181818182,0.16419097301754706,0.25655193985962327,dirichlet_10,,
1,0.9700091575091574,0.8551587301587301,3.65625,13.0,0.8181818181818182,0.2770182600050102,0.28090331478741387,dirichlet_10,,
2,0.989606227106227,0.9246031746031745,2.0625,6.0,1.0,0.13027150322468878,0.2610340847334703,dirichlet_10,,
3,0.968223443223443,0.8779761904761905,3.125,20.0,1.0,0.3050895490217679,0.3006307976048445,dirichlet_10,,
4,0.9827380952380951,0.9007936507936508,2.59375,13.0,1.0,0.19572593029122234,0.25624855216179115,dirichlet_10,,
5,0.9537087912087912,0.8253968253968252,4.15625,18.0,0.6666666666666666,0.28683028728703674,0.31804697636151413,dirichlet_10,,
6,0.9341117216117215,0.7817460317460316,5.34375,17.0,0.8181818181818182,0.3262542323467266,0.2773852594997593,dirichlet_10,,
7,0.9384615384615382,0.7876984126984127,5.0625,18.0,0.5384615384615384,0.3290756979398971,0.3016032321285674,dirichlet_10,,
8,0.9797161172161171,0.8968253968253967,2.6875,13.0,0.8181818181818182,0.21652576668592205,0.2783351518838429,dirichlet_10,,
9,0.9961080586080584,0.9573412698412698,1.15625,4.0,0.8181818181818182,0.09705624509132785,0.23143541303346765,dirichlet_10,,
10,0.9133699633699633,0.8234126984126984,4.09375,40.0,0.6666666666666666,0.3152212732592336,0.3099573000580658,dirichlet_10,,
11,0.9759157509157508,0.8938492063492063,2.625,17.0,0.6666666666666666,0.20725164591444445,0.2505893281842283,dirichlet_10,,
12,0.9819139194139193,0.8998015873015873,2.65625,11.0,0.6666666666666666,0.39274265258612057,0.35829333184090845,dirichlet_10,,
13,0.9692765567765567,0.8799603174603174,2.71875,22.0,0.8181818181818182,0.24674466665484393,0.2800898838812145,dirichlet_10,,
14,0.9877289377289376,0.9166666666666666,2.1875,7.0,0.8181818181818182,0.19973532706551828,0.2749486321267047,dirichlet_10,,
15,0.9891941391941391,0.9196428571428571,2.15625,7.0,1.0,0.19870260362427508,0.2529986291044369,dirichlet_10,,
16,0.9847069597069595,0.8988095238095237,2.53125,10.0,0.6666666666666666,0.32916317996364636,0.3363079246625885,dirichlet_10,,
17,0.9770146520146518,0.8730158730158729,3.15625,11.0,0.6666666666666666,0.35135926829982134,0.29674565581522,dirichlet_10,,
18,0.9917582417582417,0.9573412698412698,1.21875,14.0,0.8181818181818182,0.08757709143808573,0.22137647998694146,dirichlet_10,,
19,0.8936355311355312,0.7261904761904762,6.34375,26.0,0.42857142857142855,0.3838829274123944,0.3919414637061972,dirichlet_10,,
20,0.9946886446886447,0.9563492063492064,1.1875,9.0,1.0,0.1107410855040368,0.24393719469601619,dirichlet_10,,
21,0.9926739926739926,0.9355158730158729,1.65625,6.0,0.8181818181818182,0.22732089188369436,0.30152425318842785,dirichlet_10,,
22,0.9964285714285713,0.9563492063492064,1.15625,4.0,1.0,0.09249703643516735,0.22213495986111076,dirichlet_10,,
23,0.984157509157509,0.9017857142857142,2.5625,8.0,0.8181818181818182,0.3270942991327861,0.3117722002878251,dirichlet_10,,
24,0.9941849816849815,0.9603174603174602,1.0625,11.0,1.0,0.0985751399478639,0.22533455936132377,dirichlet_10,,
25,0.9881410256410256,0.9176587301587302,2.21875,7.0,1.0,0.15419784524692304,0.24810651550309348,dirichlet_10,,
26,0.9967948717948718,0.9623015873015872,1.03125,4.0,1.0,0.11561012639596357,0.23451424520044725,dirichlet_10,,
27,0.990934065934066,0.927579365079365,1.9375,6.0,0.8181818181818182,0.21587385862079145,0.26753626029301386,dirichlet_10,,
28,0.9903846153846152,0.9246031746031745,2.03125,6.0,1.0,0.1596026224980384,0.24851360421480978,dirichlet_10,,
29,0.9425366300366299,0.816468253968254,4.4375,20.0,0.5384615384615384,0.26863125249107456,0.32214325089987,dirichlet_10,,
30,0.981639194139194,0.8898809523809524,2.75,10.0,0.8181818181818182,0.19665812543345979,0.27638337619522746,dirichlet_10,,
31,0.9738553113553112,0.8829365079365079,3.0,17.0,0.6666666666666666,0.26582512758329585,0.2823241827322639,dirichlet_10,,
32,0.991208791208791,0.9355158730158729,1.625,11.0,0.6666666666666666,0.21253034242431496,0.30471449908812337,dirichlet_10,,
33,0.994459706959707,0.9503968253968254,1.4375,6.0,0.8181818181818182,0.11589844179924741,0.2455886158951741,dirichlet_10,,
34,0.9863095238095235,0.9186507936507936,2.21875,10.0,0.8181818181818182,0.23172576275459944,0.24869046950857965,dirichlet_10,,
35,0.9750915750915751,0.8859126984126984,2.90625,18.0,0.6666666666666666,0.18409280889955695,0.2920464044497785,dirichlet_10,,
36,0.9864468864468864,0.9156746031746031,2.09375,15.0,1.0,0.16253611453421465,0.2573353963609472,dirichlet_10,,
37,0.9688186813186811,0.8660714285714285,3.34375,14.0,0.8181818181818182,0.22769336577920202,0.2658292517509,dirichlet_10,,
38,0.9939102564102563,0.9444444444444444,1.53125,6.0,1.0,0.2176931803377829,0.2551290304923201,dirichlet_10,,
39,0.9899267399267396,0.9246031746031745,1.96875,8.0,0.6666666666666666,0.18443315435978316,0.25111758934851824,dirichlet_10,,
40,0.976098901098901,0.8779761904761905,2.9375,12.0,0.8181818181818182,0.18203505058621708,0.2910175252931085,dirichlet_10,,
41,0.9832417582417582,0.8988095238095237,2.46875,10.0,0.8181818181818182,0.20514230619954077,0.26497666263243286,dirichlet_10,,
42,0.9495879120879118,0.8224206349206349,4.46875,22.0,0.8181818181818182,0.332035762658084,0.2841660781940998,dirichlet_10,,
43,0.9795787545787544,0.8849206349206349,3.0,10.0,0.8181818181818182,0.19725423142066922,0.2751315325178466,dirichlet_10,,
44,0.9816849816849815,0.8968253968253967,2.59375,10.0,0.8181818181818182,0.16972233409139562,0.27785320883582876,dirichlet_10,,
45,0.9936813186813186,0.9434523809523809,1.46875,7.0,0.8181818181818182,0.11316844558884634,0.23618452725045816,dirichlet_10,,
46,0.9895146520146519,0.9226190476190474,1.96875,7.0,0.6666666666666666,0.17719682840697748,0.24974545876963541,dirichlet_10,,
47,0.9312728937728937,0.7966269841269841,4.875,24.0,0.5384615384615384,0.35822478283037346,0.3202491391513494,dirichlet_10,,
48,0.9874084249084248,0.929563492063492,1.875,13.0,0.6666666666666666,0.11342326275431974,0.25416321138585024,dirichlet_10,,
49,0.9967948717948718,0.9623015873015872,1.03125,4.0,1.0,0.05217356354760633,0.22606392448546608,dirichlet_10,,
50,0.9926739926739926,0.9374999999999999,1.65625,6.0,0.8181818181818182,0.10763594620206557,0.2271538302998254,dirichlet_10,,
51,0.9755952380952378,0.8878968253968254,2.8125,21.0,1.0,0.2625911195814058,0.28547214199887344,dirichlet_10,,
52,0.9872252747252748,0.9325396825396824,1.71875,15.0,1.0,0.17050914932922698,0.24399538021509035,dirichlet_10,,
53,0.9740384615384614,0.8680555555555555,3.34375,10.0,0.8181818181818182,0.23984405745960427,0.25838581553965223,dirichlet_10,,
54,0.9688644688644688,0.8561507936507935,3.5,11.0,0.8181818181818182,0.36250451135693795,0.27395155971789603,dirichlet_10,,
55,0.9880494505494504,0.9186507936507936,2.125,8.0,0.8181818181818182,0.11921250411925993,0.25960625205963,dirichlet_10,,
56,0.968543956043956,0.8551587301587301,3.46875,13.0,0.5384615384615384,0.2534957665990938,0.2681079144588838,dirichlet_10,,
57,0.9862179487179485,0.9027777777777778,2.40625,7.0,0.6666666666666666,0.24572465380229405,0.2623023984955277,dirichlet_10,,
58,0.9710164835164833,0.9007936507936508,2.5,22.0,0.6666666666666666,0.19420557704816765,0.2558577378109158,dirichlet_10,,
59,0.9766025641025641,0.8799603174603174,2.96875,11.0,0.8181818181818182,0.20195033434548998,0.25271021438139135,dirichlet_10,,
60,0.9672619047619048,0.8640873015873016,3.40625,22.0,0.8181818181818182,0.33971517055702166,0.36007007663533197,dirichlet_10,,
61,0.9966575091575092,0.9623015873015872,1.0625,4.0,1.0,0.10875066137694847,0.21507786937545204,dirichlet_10,,
62,0.9819597069597068,0.9097222222222221,2.21875,17.0,0.6666666666666666,0.1769674882506577,0.26346550874922664,dirichlet_10,,
63,0.9964285714285713,0.9543650793650793,1.1875,4.0,1.0,0.08543397898442273,0.22906764756866876,dirichlet_10,,
64,0.9539377289377288,0.8244047619047619,4.34375,15.0,0.8181818181818182,0.24985211108988659,0.3241618604748214,dirichlet_10,,
65,0.9740384615384614,0.8968253968253967,2.46875,19.0,1.0,0.26900173876729583,0.25497006055654936,dirichlet_10,,
66,0.9331043956043955,0.7926587301587301,4.9375,25.0,0.42857142857142855,0.3130017361900651,0.33267203822860597,dirichlet_10,,
67,0.9409340659340657,0.8402777777777777,3.90625,35.0,0.6666666666666666,0.26815542933286535,0.31851537436878813,dirichlet_10,,
68,0.9968406593406592,0.9642857142857143,0.96875,6.0,1.0,0.11114942315801493,0.2548389129218982,dirichlet_10,,
69,0.9215201465201466,0.7648809523809523,5.875,18.0,0.6666666666666666,0.40862012087619937,0.35177305689825317,dirichlet_10,,
70,0.9738553113553112,0.8680555555555555,3.3125,10.0,0.8181818181818182,0.3183301677807612,0.2911734408360704,dirichlet_10,,
71,0.967948717948718,0.8501984126984127,3.71875,13.0,0.8181818181818182,0.3867734477724816,0.337135987285277,dirichlet_10,,
72,0.9553113553113551,0.8234126984126984,4.3125,13.0,0.5384615384615384,0.2789746248295103,0.33948731241475516,dirichlet_10,,
73,0.9787545787545786,0.8809523809523809,3.09375,8.0,0.6666666666666666,0.24383222217018097,0.2657903624338571,dirichlet_10,,
74,0.9280219780219781,0.8730158730158729,3.28125,36.0,0.8181818181818182,0.2539948045958035,0.2546606461318805,dirichlet_10,,
75,0.9936813186813186,0.9404761904761904,1.5625,6.0,0.8181818181818182,0.15868771632381035,0.25009177903748625,dirichlet_10,,
76,0.9884157509157507,0.9216269841269841,2.03125,11.0,0.6666666666666666,0.12136359835404642,0.26068179917702317,dirichlet_10,,
77,0.9885989010989011,0.9186507936507936,2.125,7.0,0.8181818181818182,0.1600819345035312,0.24447482066546797,dirichlet_10,,
78,0.9697344322344321,0.8878968253968254,2.6875,25.0,0.8181818181818182,0.3085632972500034,0.3240595580854803,dirichlet_10,,
79,0.974587912087912,0.875,3.0,17.0,0.6666666666666666,0.2994317643691272,0.2859308200852669,dirichlet_10,,
80,0.9914835164835164,0.9285714285714286,1.90625,7.0,0.6666666666666666,0.13339638165396106,0.2666981908269805,dirichlet_10,,
81,0.9809981684981685,0.8988095238095237,2.46875,18.0,1.0,0.23963088312848366,0.2955842255359389,dirichlet_10,,
82,0.9768772893772891,0.8779761904761905,2.84375,14.0,0.8181818181818182,0.23436810734114208,0.26254676710083724,dirichlet_10,,
83,0.9845695970695969,0.8998015873015873,2.5625,8.0,0.8181818181818182,0.24491452298736707,0.3115355721826147,dirichlet_10,,
84,0.9839743589743588,0.9057539682539683,2.53125,8.0,1.0,0.219804024067798,0.26606677145787383,dirichlet_10,,
85,0.9491300366300366,0.8492063492063492,3.5625,27.0,0.5384615384615384,0.25588632455330096,0.3113927002608236,dirichlet_10,,
86,0.9460164835164834,0.8144841269841269,4.625,17.0,0.6666666666666666,0.30504361597631036,0.28077693419042127,dirichlet_10,,
87,0.9736263736263735,0.8680555555555555,3.1875,12.0,0.8181818181818182,0.22527373969019368,0.2640865577160015,dirichlet_10,,
88,0.9868131868131866,0.9087301587301587,2.3125,7.0,1.0,0.15957283510198905,0.23556898598076495,dirichlet_10,,
89,0.9709249084249083,0.8720238095238095,3.21875,14.0,0.6666666666666666,0.2530940130111973,0.265949637716821,dirichlet_10,,
90,0.9803113553113553,0.8898809523809524,2.875,9.0,0.8181818181818182,0.25710712090058563,0.2951425790688575,dirichlet_10,,
91,0.9494963369963368,0.8601190476190476,3.34375,25.0,0.6666666666666666,0.24384290093014788,0.27491529116396907,dirichlet_10,,
92,0.9787545787545786,0.8849206349206349,2.8125,12.0,0.8181818181818182,0.27890183853962025,0.30745607283608134,dirichlet_10,,
93,0.9119505494505493,0.7460317460317459,5.6875,20.0,0.5384615384615384,0.4109806959824983,0.34271646401863914,dirichlet_10,,
94,0.9899267399267396,0.9305555555555556,1.8125,8.0,1.0,0.19201336423926738,0.24263332501922394,dirichlet_10,,
95,0.9559065934065932,0.8273809523809523,3.96875,19.0,0.5384615384615384,0.32779374119990456,0.29587570959430964,dirichlet_10,,
96,0.9922161172161172,0.9374999999999999,1.625,7.0,0.6666666666666666,0.18297693589935313,0.2736082290408484,dirichlet_10,,
97,0.8933608058608057,0.7390873015873016,5.875,35.0,0.42857142857142855,0.43197050450243557,0.3631859452200878,dirichlet_10,,
98,0.9916666666666665,0.9305555555555556,1.84375,6.0,1.0,0.17207441631907594,0.2728748591187602,dirichlet_10,,
99,0.9869505494505493,0.9087301587301587,2.3125,7.0,0.8181818181818182,0.26835722894590813,0.273072751811594,dirichlet_10,,
100,0.9631868131868131,0.8482142857142856,3.8125,15.0,0.5384615384615384,0.23330435030359548,0.3143367699387724,dirichlet_10,,
101,0.9923992673992673,0.933531746031746,1.65625,6.0,1.0,0.19070486131942216,0.29122897669846864,dirichlet_10,,
102,0.9846153846153846,0.9067460317460316,2.40625,9.0,1.0,0.15380136652161697,0.2417704566705573,dirichlet_10,,
103,0.9652472527472526,0.8571428571428571,3.40625,19.0,0.5384615384615384,0.21086753512691878,0.3025836349376321,dirichlet_10,,
104,0.9820054945054942,0.8888888888888888,2.71875,9.0,0.8181818181818182,0.20883151678635364,0.28118525343653117,dirichlet_10,,
105,0.9550824175824174,0.8363095238095238,3.78125,21.0,0.5384615384615384,0.30586145107965423,0.2785639346162274,dirichlet_10,,
106,0.9833791208791208,0.8958333333333333,2.71875,8.0,0.8181818181818182,0.2577513180713,0.32887565903564997,dirichlet_10,,
107,0.9538003663003661,0.8472222222222222,3.65625,24.0,0.6666666666666666,0.30640012460836086,0.2850603069511096,dirichlet_10,,
108,0.9755036630036629,0.8809523809523809,2.875,15.0,0.5384615384615384,0.26951680133479466,0.2587592396085915,dirichlet_10,,
109,0.9614468864468863,0.876984126984127,3.0625,23.0,0.6666666666666666,0.2434921074009549,0.27276097946097516,dirichlet_10,,
110,0.9628205128205128,0.8521825396825397,3.6875,20.0,0.6666666666666666,0.2175652641529999,0.3087826320764999,dirichlet_10,,
111,0.9946886446886447,0.9494047619047619,1.40625,6.0,0.8181818181818182,0.13396666154531275,0.2303058953504776,dirichlet_10,,
112,0.9641025641025641,0.8640873015873016,3.4375,20.0,0.8181818181818182,0.3109293387669333,0.2924907512494269,dirichlet_10,,
113,0.9663919413919413,0.853174603174603,3.53125,14.0,0.8181818181818182,0.26787936145557545,0.3137881948906551,dirichlet_10,,
114,0.9708333333333332,0.8591269841269842,3.5625,10.0,1.0,0.20901217930303503,0.2708619977298823,dirichlet_10,,
115,0.986492673992674,0.9117063492063491,2.21875,8.0,0.8181818181818182,0.196854278970999,0.26127803711314096,dirichlet_10,,
116,0.9819139194139193,0.9186507936507936,2.125,19.0,1.0,0.2154382571554667,0.27833732739818595,dirichlet_10,,
117,0.9814560439560439,0.9206349206349207,2.0625,16.0,1.0,0.18584781773008943,0.24675009752587498,dirichlet_10,,
118,0.9672161172161171,0.8809523809523809,2.9375,23.0,1.0,0.2833208313519403,0.2809397676680492,dirichlet_10,,
119,0.9501373626373624,0.8640873015873016,3.25,25.0,0.6666666666666666,0.2508559035627954,0.2720777829465856,dirichlet_10,,
120,0.9941849816849815,0.9454365079365078,1.4375,6.0,1.0,0.17891858178426795,0.2584256339080828,dirichlet_10,,
121,0.9944139194139194,0.9484126984126985,1.46875,6.0,1.0,0.1534297567868212,0.25095031969289966,dirichlet_10,,
122,0.9829670329670329,0.9057539682539683,2.34375,16.0,0.8181818181818182,0.21013433565117534,0.2604954555919557,dirichlet_10,,
123,0.9569139194139193,0.8452380952380951,3.84375,27.0,0.8181818181818182,0.3338539674535019,0.29019785426972156,dirichlet_10,,
124,0.9755494505494504,0.9017857142857142,2.40625,19.0,0.8181818181818182,0.18985246614774146,0.2849004388373631,dirichlet_10,,
125,0.9925824175824175,0.9345238095238094,1.71875,6.0,1.0,0.17386018811953183,0.25582776472692537,dirichlet_10,,
126,0.9804029304029303,0.8849206349206349,2.875,11.0,0.8181818181818182,0.21484944984991833,0.28565307717361016,dirichlet_10,,
127,0.9936813186813186,0.9434523809523809,1.4375,6.0,0.6666666666666666,0.24011181908116902,0.31408449232049795,dirichlet_10,,
128,0.9701007326007325,0.8849206349206349,2.84375,20.0,1.0,0.2602680718966393,0.2773168305002497,dirichlet_10,,
129,0.9907967032967033,0.929563492063492,1.90625,7.0,0.8181818181818182,0.1759585081727116,0.25080460589478687,dirichlet_10,,
130,0.9819139194139193,0.8978174603174603,2.46875,13.0,0.8181818181818182,0.20188888322276285,0.26833203003006895,dirichlet_10,,
131,0.9939102564102563,0.9563492063492064,1.15625,12.0,1.0,0.10579227522318319,0.2514644148973517,dirichlet_10,,
132,0.9945512820512821,0.9484126984126985,1.375,6.0,1.0,0.16677551348856456,0.24213010409199895,dirichlet_10,,
133,0.9858516483516482,0.9047619047619047,2.40625,8.0,0.6666666666666666,0.19977441876914948,0.25237177043329606,dirichlet_10,,
134,0.9778846153846155,0.8799603174603174,2.84375,12.0,0.6666666666666666,0.1763068398681592,0.2694504730045575,dirichlet_10,,
135,0.9649267399267399,0.8492063492063492,3.78125,15.0,0.8181818181818182,0.308080207270087,0.3320385166720568,dirichlet_10,,
136,0.9720238095238095,0.8700396825396826,3.375,12.0,1.0,0.1677481893718553,0.2523648970195226,dirichlet_10,,
137,0.9961080586080584,0.9553571428571428,1.25,4.0,1.0,0.12197558670774974,0.24167866957199616,dirichlet_10,,
138,0.9932692307692307,0.9355158730158729,1.6875,5.0,1.0,0.14413508850547196,0.23627449274670623,dirichlet_10,,
139,0.973168498168498,0.865079365079365,3.25,13.0,0.8181818181818182,0.24627010577493902,0.26981019712374904,dirichlet_10,,
140,0.9548076923076921,0.8442460317460317,3.75,25.0,0.42857142857142855,0.2519376027886202,0.258913210594624,dirichlet_10,,
141,0.954029304029304,0.8253968253968252,4.375,13.0,0.6666666666666666,0.34658809774024546,0.32848323249529576,dirichlet_10,,
142,0.9360347985347984,0.8432539682539681,3.6875,36.0,1.0,0.3412854731281185,0.291597396362632,dirichlet_10,,
143,0.9593406593406594,0.8353174603174602,3.96875,14.0,0.6666666666666666,0.2502387706869494,0.29591736031842475,dirichlet_10,,
144,0.9499084249084248,0.8144841269841269,4.375,16.0,0.5384615384615384,0.30920399838961854,0.2798845375688164,dirichlet_10,,
145,0.9808608058608058,0.8908730158730158,2.6875,11.0,0.8181818181818182,0.2344506727591001,0.27754631132136287,dirichlet_10,,
146,0.9908882783882783,0.9265873015873015,2.0,5.0,1.0,0.17496534983046597,0.24830896317583115,dirichlet_10,,
147,0.9826007326007324,0.8958333333333333,2.6875,8.0,0.8181818181818182,0.21095261678829214,0.29931318352786096,dirichlet_10,,
148,0.9902930402930401,0.9285714285714286,1.96875,10.0,0.8181818181818182,0.11598994430051204,0.2518081807607513,dirichlet_10,,
149,0.9758241758241757,0.8978174603174603,2.53125,19.0,0.6666666666666666,0.21235183673170163,0.26207162953438956,dirichlet_10,,
150,0.9836080586080587,0.8998015873015873,2.59375,8.0,1.0,0.1588325874362429,0.23669152553291703,dirichlet_10,,
151,0.9880494505494504,0.9176587301587302,2.1875,8.0,1.0,0.32181407893629566,0.3608136319543475,dirichlet_10,,
152,0.9928113553113552,0.9345238095238094,1.65625,6.0,0.6666666666666666,0.09969156520999953,0.24870967454997905,dirichlet_10,,
153,0.9200091575091573,0.8035714285714285,4.3125,38.0,0.6666666666666666,0.329048435402583,0.33441495126695775,dirichlet_10,,
154,0.9772893772893773,0.8878968253968254,2.8125,10.0,0.8181818181818182,0.19246784818984838,0.27418059566336117,dirichlet_10,,
155,0.9775183150183149,0.8878968253968254,2.8125,17.0,0.5384615384615384,0.1552259859444924,0.2643819986236929,dirichlet_10,,
156,0.9353479853479852,0.8025793650793651,4.625,33.0,0.8181818181818182,0.35283783607534536,0.33517765685755513,dirichlet_10,,
157,0.9641941391941392,0.8581349206349206,3.5,22.0,0.5384615384615384,0.3785149162869329,0.33536707061861415,dirichlet_10,,
158,0.9794413919413918,0.886904761904762,2.78125,11.0,1.0,0.19600698186322008,0.25893784848695667,dirichlet_10,,
159,0.9934523809523808,0.9424603174603173,1.46875,9.0,0.6666666666666666,0.11116460022892097,0.23658601642661153,dirichlet_10,,
160,0.9752747252747251,0.8740079365079364,3.1875,11.0,0.8181818181818182,0.260133045289633,0.2856128807911239,dirichlet_10,,
161,0.9616300366300365,0.8452380952380951,4.0625,13.0,1.0,0.20156450162055764,0.2778540242521103,dirichlet_10,,
162,0.9962912087912087,0.9603174603174602,1.125,6.0,1.0,0.07337866281416605,0.22046225964975313,dirichlet_10,,
163,0.9945054945054944,0.9474206349206349,1.4375,5.0,1.0,0.13956785648407852,0.2474648609096403,dirichlet_10,,
164,0.9915293040293041,0.931547619047619,1.8125,6.0,1.0,0.20250515960711626,0.2467590188169729,dirichlet_10,,
165,0.9921703296703295,0.933531746031746,1.8125,6.0,1.0,0.18476284948307667,0.26308366884496664,dirichlet_10,,
166,0.9983974358974358,0.9781746031746031,0.59375,4.0,0.8181818181818182,0.07755765698050812,0.23738516149839603,dirichlet_10,,
167,0.9373626373626371,0.8273809523809523,4.21875,23.0,0.5384615384615384,0.3145146624712971,0.27389017058796206,dirichlet_10,,
168,0.9773809523809522,0.8789682539682538,3.03125,11.0,1.0,0.21826497581708512,0.2663852333195762,dirichlet_10,,
169,0.9779761904761904,0.8928571428571428,2.625,17.0,0.5384615384615384,0.2700622064145832,0.31269784367443626,dirichlet_10,,
170,0.9945054945054944,0.9494047619047619,1.3125,6.0,0.6666666666666666,0.2315645478547314,0.3157822739273657,dirichlet_10,,
171,0.9863553113553112,0.9117063492063491,2.125,14.0,1.0,0.16295283097096555,0.2530570330636945,dirichlet_10,,
172,0.990934065934066,0.933531746031746,1.71875,11.0,0.8181818181818182,0.10074269741788705,0.2498239169367765,dirichlet_10,,
173,0.9846153846153846,0.8988095238095237,2.53125,8.0,0.8181818181818182,0.26612772591791434,0.2721442455884313,dirichlet_10,,
174,0.8855311355311355,0.7371031746031745,5.84375,39.0,0.42857142857142855,0.4274284244321447,0.36943668345264175,dirichlet_10,,
175,0.9980769230769231,0.9732142857142856,0.78125,4.0,1.0,0.07961504854570345,0.2398075242728517,dirichlet_10,,
176,0.9821428571428571,0.8948412698412699,2.6875,8.0,0.8181818181818182,0.2738274060205924,0.2585765850888973,dirichlet_10,,
177,0.9956959706959705,0.9573412698412698,1.1875,6.0,1.0,0.16368711106813152,0.2590589728941617,dirichlet_10,,
178,0.9627289377289376,0.8353174603174602,4.03125,12.0,0.8181818181818182,0.29479813504736524,0.2508678424653475,dirichlet_10,,
179,0.9816849816849815,0.9077380952380952,2.25,17.0,0.5384615384615384,0.1527455098549516,0.24292442767500383,dirichlet_10,,
180,0.9636446886446887,0.8501984126984127,3.71875,14.0,0.6666666666666666,0.21738567462358807,0.2978628062131134,dirichlet_10,,
181,0.9380952380952382,0.7956349206349206,4.96875,15.0,0.8181818181818182,0.2675974588729527,0.29603501282212236,dirichlet_10,,
182,0.9847985347985345,0.9057539682539683,2.46875,8.0,0.8181818181818182,0.33604090827586497,0.328637888138101,dirichlet_10,,
183,0.942124542124542,0.8313492063492064,4.125,31.0,0.6666666666666666,0.4016620594410495,0.3041658693448661,dirichlet_10,,
184,0.9904761904761904,0.9265873015873015,1.96875,8.0,0.6666666666666666,0.14990570363820266,0.257785631122013,dirichlet_10,,
185,0.9889194139194138,0.9176587301587302,2.125,7.0,0.8181818181818182,0.17836352586208262,0.2891817629310413,dirichlet_10,,
186,0.989423076923077,0.9285714285714286,1.875,8.0,0.8181818181818182,0.16007262988464172,0.24303288768903805,dirichlet_10,,
187,0.9690476190476188,0.8591269841269842,3.34375,16.0,1.0,0.17913908045706203,0.27889882106389813,dirichlet_10,,
188,0.980128205128205,0.8988095238095237,2.5,18.0,0.6666666666666666,0.2746327583099785,0.31114808539603883,dirichlet_10,,
189,0.9854395604395604,0.9057539682539683,2.4375,8.0,0.8181818181818182,0.25032721331032254,0.28851431423228224,dirichlet_10,,
190,0.99253663003663,0.9424603174603173,1.5625,7.0,0.8181818181818182,0.1593537521528548,0.24974740003010426,dirichlet_10,,
191,0.9887820512820512,0.9166666666666666,2.09375,8.0,0.6666666666666666,0.18961780722658558,0.25641412807318326,dirichlet_10,,
192,0.9779304029304028,0.8918650793650793,2.6875,16.0,0.6666666666666666,0.20100585990521233,0.27654255708974107,dirichlet_10,,
193,0.9905677655677654,0.929563492063492,1.8125,8.0,0.6666666666666666,0.12100975995680596,0.24585316215999767,dirichlet_10,,
194,0.965201465201465,0.8472222222222222,3.75,12.0,1.0,0.22931716305229913,0.2924063011523478,dirichlet_10,,
195,0.9817765567765566,0.8948412698412699,2.53125,8.0,1.0,0.19402190235861763,0.23320683020211846,dirichlet_10,,
196,0.9770146520146518,0.8779761904761905,3.0625,11.0,1.0,0.17655140114967036,0.25786705848669583,dirichlet_10,,
197,0.9853937728937727,0.9077380952380952,2.46875,9.0,0.8181818181818182,0.2749547840393212,0.28120597874272446,dirichlet_10,,
198,0.9972985347985347,0.9751984126984127,0.6875,6.0,1.0,0.11860936623002297,0.25797631098958407,dirichlet_10,,
199,0.9618131868131866,0.8571428571428571,3.3125,22.0,0.5384615384615384,0.1996515482287723,0.29208572498274693,dirichlet_10,,
200,0.9614926739926739,0.8759920634920634,3.09375,26.0,0.8181818181818182,0.2174795950413628,0.28719337196428696,dirichlet_10,,
201,0.9743131868131867,0.8680555555555555,3.28125,10.0,0.8181818181818182,0.30438876996856334,0.3183170822635706,dirichlet_10,,
202,0.9708333333333332,0.8759920634920634,3.21875,16.0,0.8181818181818182,0.17686139247279295,0.2863970271248213,dirichlet_10,,
203,0.9839285714285714,0.8958333333333333,2.59375,9.0,0.5384615384615384,0.17744715366843827,0.2874876187505927,dirichlet_10,,
204,0.9792582417582417,0.8948412698412699,2.59375,15.0,0.5384615384615384,0.2222931617634041,0.24636885971911038,dirichlet_10,,
205,0.9796703296703295,0.8839285714285713,3.03125,9.0,0.8181818181818182,0.3300826046079251,0.3650413023039625,dirichlet_10,,
206,0.9733974358974357,0.8670634920634921,3.15625,12.0,0.6666666666666666,0.19045704815275605,0.29522852407637795,dirichlet_10,,
207,0.9761904761904759,0.8740079365079364,3.21875,10.0,0.8181818181818182,0.1982758220730803,0.27381523246277206,dirichlet_10,,
208,0.9853479853479853,0.9037698412698412,2.40625,10.0,0.5384615384615384,0.43955061230266623,0.41860818166134656,dirichlet_10,,
209,0.989697802197802,0.9285714285714286,1.90625,11.0,1.0,0.20257892490309265,0.27095199496832534,dirichlet_10,,
210,0.9733058608058607,0.8670634920634921,3.28125,12.0,0.8181818181818182,0.188032919030447,0.28069884114078014,dirichlet_10,,
211,0.9780219780219779,0.8918650793650793,2.75,14.0,1.0,0.2627648058785267,0.2665561814943644,dirichlet_10,,
212,0.9711996336996336,0.8680555555555555,3.1875,19.0,0.5384615384615384,0.1846478771073604,0.27905762068261164,dirichlet_10,,
213,0.9123168498168497,0.7648809523809523,5.5625,31.0,0.6666666666666666,0.39861882902588025,0.3333228862833564,dirichlet_10,,
214,0.9623626373626373,0.8412698412698413,4.09375,11.0,1.0,0.22306341761755183,0.24640953492708573,dirichlet_10,,
215,0.9864010989010987,0.9126984126984127,2.125,13.0,0.6666666666666666,0.2190479218382687,0.263694121182689,dirichlet_10,,
216,0.9860805860805859,0.9226190476190474,2.125,13.0,1.0,0.18102288107336323,0.2529104512309321,dirichlet_10,,
217,0.9828296703296703,0.8958333333333333,2.59375,10.0,0.8181818181818182,0.2519858070542157,0.29366506773209533,dirichlet_10,,
218,0.9524267399267398,0.8194444444444444,4.375,18.0,0.8181818181818182,0.2997248461139584,0.3370528812989654,dirichlet_10,,
219,0.9373626373626371,0.810515873015873,4.40625,27.0,0.42857142857142855,0.2747237288937924,0.3150097150303801,dirichlet_10,,
220,0.9470238095238094,0.8194444444444444,4.09375,22.0,0.6666666666666666,0.3079614690586644,0.28657273299533575,dirichlet_10,,
221,0.9793040293040292,0.8849206349206349,2.84375,10.0,0.8181818181818182,0.19879537402373185,0.2619674625058707,dirichlet_10,,
222,0.9854853479853479,0.9077380952380952,2.28125,9.0,0.6666666666666666,0.250470421923746,0.3003032416396538,dirichlet_10,,
223,0.9299450549450547,0.7867063492063491,4.9375,23.0,0.5384615384615384,0.34939085700758893,0.3489388021356398,dirichlet_10,,
224,0.9733974358974357,0.8680555555555555,3.3125,12.0,0.6666666666666666,0.2716804748032799,0.3070607759797607,dirichlet_10,,
225,0.9949633699633698,0.9494047619047619,1.375,6.0,1.0,0.20214216196261525,0.28975428345375115,dirichlet_10,,
226,0.9888278388278388,0.9365079365079365,1.59375,17.0,0.8181818181818182,0.09913961542526042,0.24210834818577104,dirichlet_10,,
227,0.9472985347985347,0.8710317460317459,3.21875,30.0,0.8181818181818182,0.25133444114233483,0.25729557933862385,dirichlet_10,,
228,0.9883699633699633,0.9265873015873015,1.78125,15.0,0.6666666666666666,0.12974555961356268,0.23945170674394747,dirichlet_10,,
229,0.9565934065934064,0.8323412698412698,4.21875,12.0,0.6666666666666666,0.3443650330078296,0.33398401212972867,dirichlet_10,,
230,0.9898809523809522,0.923611111111111,2.0,8.0,0.8181818181818182,0.24285604781139233,0.2847536900664699,dirichlet_10,,
231,0.970054945054945,0.853174603174603,3.3125,14.0,0.6666666666666666,0.29201830798552114,0.28394254245453504,dirichlet_10,,
232,0.9735347985347985,0.8789682539682538,3.09375,20.0,1.0,0.23112740734934886,0.2685610281884334,dirichlet_10,,
233,0.985668498168498,0.9047619047619047,2.4375,7.0,1.0,0.16398943892708817,0.23980955551142163,dirichlet_10,,
234,0.9475274725274725,0.8115079365079365,4.625,13.0,0.5384615384615384,0.2861278192892854,0.34306390964464273,dirichlet_10,,
235,0.9822802197802197,0.8948412698412699,2.75,8.0,0.8181818181818182,0.20212586523990253,0.25932766598008666,dirichlet_10,,
236,0.9894688644688644,0.9186507936507936,2.0625,6.0,1.0,0.2686183714348422,0.33113678194077656,dirichlet_10,,
237,0.9815934065934065,0.8988095238095237,2.625,15.0,0.8181818181818182,0.26300738615645713,0.32936058503846427,dirichlet_10,,
238,0.9791666666666665,0.886904761904762,2.75,9.0,1.0,0.23526758819857999,0.24861414600086665,dirichlet_10,,
239,0.9872710622710622,0.9156746031746031,2.1875,13.0,0.8181818181818182,0.19746511128108168,0.2987325556405408,dirichlet_10,,
240,0.9630036630036629,0.8730158730158729,3.1875,25.0,1.0,0.2927388794724195,0.2803528043376262,dirichlet_10,,
241,0.9692307692307692,0.875,3.1875,20.0,1.0,0.3176312229343542,0.28337378539324765,dirichlet_10,,
242,0.9521978021978021,0.8690476190476191,3.09375,25.0,0.6666666666666666,0.22260832002741948,0.27316364523655834,dirichlet_10,,
243,0.9938644688644689,0.9434523809523809,1.625,6.0,0.8181818181818182,0.12365590806811819,0.24513798284425478,dirichlet_10,,
244,0.9849358974358972,0.931547619047619,1.8125,16.0,1.0,0.16082044205303742,0.23607384883380847,dirichlet_10,,
245,0.9947802197802197,0.9494047619047619,1.34375,6.0,0.8181818181818182,0.12063003001539233,0.23582711849812632,dirichlet_10,,
246,0.9876373626373625,0.9107142857142857,2.1875,8.0,0.8181818181818182,0.19780594010248756,0.2618768604034924,dirichlet_10,,
247,0.9945512820512821,0.9474206349206349,1.375,6.0,1.0,0.14986718510687336,0.2637420447226463,dirichlet_10,,
248,0.9908424908424909,0.923611111111111,1.90625,6.0,1.0,0.14178917988998818,0.25185590584930956,dirichlet_10,,
249,0.9851648351648351,0.9156746031746031,2.09375,15.0,0.6666666666666666,0.14780255438725076,0.22993921623024258,dirichlet_10,,
250,0.9848901098901098,0.9057539682539683,2.4375,7.0,1.0,0.17025918728254638,0.2747447384636637,dirichlet_10,,
251,0.9892399267399264,0.9226190476190474,1.90625,11.0,0.6666666666666666,0.2578733250224945,0.31342960957690225,dirichlet_10,,
252,0.9735347985347985,0.8690476190476191,3.3125,12.0,0.8181818181818182,0.2940321673355412,0.33002749438255924,dirichlet_10,,
253,0.9855311355311354,0.9255952380952381,1.90625,17.0,1.0,0.18702321764342708,0.23948633679149325,dirichlet_10,,
254,0.9403846153846154,0.820436507936508,4.03125,30.0,0.6666666666666666,0.2987956091354372,0.3168392340590449,dirichlet_10,,
255,0.9842490842490841,0.9037698412698412,2.4375,13.0,0.5384615384615384,0.1652095721902881,0.26331809103291637,dirichlet_10,,
256,0.9070512820512819,0.761904761904762,5.625,29.0,0.5384615384615384,0.36083467325366286,0.3541129599407781,dirichlet_10,,
257,0.9974358974358973,0.9682539682539681,0.84375,4.0,1.0,0.11217967822704722,0.23532250167057484,dirichlet_10,,
258,0.8941849816849816,0.8115079365079365,4.5,40.0,0.8181818181818182,0.36408891307383606,0.3000258499507544,dirichlet_10,,
259,0.989102564102564,0.9226190476190474,1.90625,11.0,0.8181818181818182,0.14659431704056045,0.24723842495778553,dirichlet_10,,
260,0.968543956043956,0.8700396825396826,3.09375,20.0,0.6666666666666666,0.2135548428160305,0.278129423991515,dirichlet_10,,
261,0.9806776556776557,0.8958333333333333,2.78125,10.0,0.6666666666666666,0.345668293807664,0.31658202834013766,dirichlet_10,,
262,0.9437728937728936,0.8055555555555556,4.78125,17.0,0.8181818181818182,0.2631021049191162,0.33155105245955807,dirichlet_10,,
263,0.9897435897435897,0.9305555555555556,1.78125,10.0,0.6666666666666666,0.13391266512137434,0.24696895889828568,dirichlet_10,,
264,0.9911630036630036,0.9355158730158729,1.65625,6.0,1.0,0.14662929843599565,0.23791515427330287,dirichlet_10,,
265,0.9750457875457875,0.8730158730158729,3.15625,12.0,0.8181818181818182,0.33113428806512135,0.3148992373887086,dirichlet_10,,
266,0.9675366300366298,0.8581349206349206,3.375,14.0,0.8181818181818182,0.2181512032714712,0.3090756016357356,dirichlet_10,,
267,0.9953754578754578,0.9513888888888888,1.25,6.0,1.0,0.16160091239338054,0.2722057616243914,dirichlet_10,,
268,0.9904304029304027,0.9226190476190474,2.0,6.0,1.0,0.17174079681737778,0.24196599260317483,dirichlet_10,,
269,0.994642857142857,0.9454365079365078,1.4375,4.0,1.0,0.12824473075077825,0.23432630542495245,dirichlet_10,,
270,0.9964285714285713,0.9613095238095238,1.0,4.0,1.0,0.11138495980117769,0.2317599129083621,dirichlet_10,,
271,0.9881410256410256,0.9285714285714286,1.8125,15.0,1.0,0.17183755415164434,0.2859187770758221,dirichlet_10,,
272,0.9949175824175823,0.9503968253968254,1.40625,5.0,0.8181818181818182,0.09851973958943311,0.22799286319331938,dirichlet_10,,
273,0.9847985347985345,0.9027777777777778,2.53125,7.0,1.0,0.14304550293174187,0.24611065418684433,dirichlet_10,,
274,0.9890109890109888,0.9216269841269841,2.0625,10.0,0.6666666666666666,0.18235740852095916,0.25363540107307825,dirichlet_10,,
275,0.996062271062271,0.9543650793650793,1.15625,6.0,0.8181818181818182,0.09443019847145923,0.2199548656789859,dirichlet_10,,
276,0.972985347985348,0.863095238095238,3.4375,12.0,0.8181818181818182,0.22667209586806103,0.2807067232925709,dirichlet_10,,
277,0.970054945054945,0.8779761904761905,3.0,21.0,0.5384615384615384,0.21883819388534578,0.2607676596542666,dirichlet_10,,
278,0.9955128205128204,0.9543650793650793,1.3125,6.0,1.0,0.14793157721608127,0.24226822540074977,dirichlet_10,,
279,0.9705128205128204,0.8660714285714285,3.34375,16.0,0.8181818181818182,0.2902050970756185,0.2835890206095986,dirichlet_10,,
280,0.9943681318681318,0.9434523809523809,1.46875,7.0,0.8181818181818182,0.08159571744170485,0.24079785872085233,dirichlet_10,,
281,0.9833333333333332,0.8998015873015873,2.65625,9.0,0.8181818181818182,0.25429835149270397,0.3171844593631973,dirichlet_10,,
282,0.9956959706959705,0.9563492063492064,1.1875,5.0,1.0,0.14498546341395602,0.2310001110936455,dirichlet_10,,
283,0.9957875457875456,0.9573412698412698,1.1875,6.0,1.0,0.15371963284296639,0.25755175380434836,dirichlet_10,,
284,0.9719322344322343,0.8988095238095237,2.65625,19.0,0.8181818181818182,0.21090505502798818,0.2543600098214853,dirichlet_10,,
285,0.9693223443223442,0.861111111111111,3.46875,14.0,0.6666666666666666,0.30313808083891575,0.30355055818357446,dirichlet_10,,
286,0.9659798534798534,0.8581349206349206,3.4375,19.0,0.5384615384615384,0.22676249162089068,0.29000648980610705,dirichlet_10,,
287,0.9570054945054945,0.8402777777777777,3.8125,14.0,0.6666666666666666,0.33898967043330525,0.29070437953530137,dirichlet_10,,
288,0.9820512820512819,0.8938492063492063,2.78125,10.0,0.8181818181818182,0.1549098820866657,0.2757145424537445,dirichlet_10,,
289,0.9496794871794871,0.8462301587301587,3.5625,33.0,1.0,0.24647620902597162,0.29179788474184093,dirichlet_10,,
290,0.9712912087912088,0.8640873015873016,3.40625,12.0,1.0,0.1540748857215194,0.26663511414631563,dirichlet_10,,
291,0.9869505494505493,0.9126984126984127,2.34375,8.0,0.8181818181818182,0.2767506552081714,0.29765719496332815,dirichlet_10,,
292,0.983562271062271,0.8988095238095237,2.59375,11.0,0.8181818181818182,0.19470487134187506,0.28515849074017635,dirichlet_10,,
293,0.9796703296703295,0.8908730158730158,2.875,14.0,0.6666666666666666,0.193813985199362,0.28435328682013566,dirichlet_10,,
294,0.9892399267399264,0.9503968253968254,1.40625,16.0,0.8181818181818182,0.13127937583367133,0.23171010380761609,dirichlet_10,,
295,0.8620421245421244,0.7142857142857142,6.375,42.0,0.5384615384615384,0.43983531502132883,0.40364772499496926,dirichlet_10,,
296,0.9354395604395603,0.8283730158730159,4.0625,37.0,1.0,0.33396893527498783,0.29134386451411515,dirichlet_10,,
297,0.9828296703296703,0.8998015873015873,2.59375,10.0,0.8181818181818182,0.26564145223190677,0.2763085435859738,dirichlet_10,,
298,0.9805860805860805,0.8898809523809524,2.90625,8.0,1.0,0.17270879730370275,0.25016727219020995,dirichlet_10,,
299,0.9826007326007324,0.8978174603174603,2.5625,11.0,0.8181818181818182,0.21398496171074038,0.2630708940562823,dirichlet_10,,
300,0.9713827838827838,0.8700396825396826,3.15625,18.0,0.8181818181818182,0.2388006463335031,0.261254607029659,dirichlet_10,,
301,0.9315934065934063,0.8313492063492064,3.875,36.0,0.6666666666666666,0.3452865470445691,0.31318453486197273,dirichlet_10,,
302,0.9944139194139194,0.9474206349206349,1.4375,6.0,1.0,0.14407544930454044,0.25297847859261013,dirichlet_10,,
303,0.9754120879120878,0.8740079365079364,3.21875,12.0,0.8181818181818182,0.30389622802512006,0.3519481140125601,dirichlet_10,,
304,0.9808608058608058,0.8829365079365079,2.84375,7.0,0.6666666666666666,0.22622827792811093,0.2894864068548032,dirichlet_10,,
305,0.9646520146520144,0.8452380952380951,3.71875,14.0,0.8181818181818182,0.3035709935187517,0.2853361370095032,dirichlet_10,,
306,0.9738095238095238,0.8948412698412699,2.46875,24.0,1.0,0.2062656391246147,0.2563227475299139,dirichlet_10,,
307,0.9439560439560438,0.8144841269841269,4.375,22.0,0.5384615384615384,0.24973542770699253,0.3248677138534962,dirichlet_10,,
308,0.9615384615384615,0.8373015873015872,3.875,14.0,0.8181818181818182,0.22920304779122655,0.30104900865527007,dirichlet_10,,
309,0.9726648351648349,0.876984126984127,3.15625,18.0,0.5384615384615384,0.33935997684699404,0.2870567437231594,dirichlet_10,,
310,0.943131868131868,0.8174603174603173,4.40625,26.0,0.6666666666666666,0.27884580821152755,0.3394229041057637,dirichlet_10,,
311,0.9823260073260074,0.9017857142857142,2.46875,17.0,1.0,0.21876885349738417,0.26459667964500405,dirichlet_10,,
312,0.984157509157509,0.8988095238095237,2.5,7.0,0.8181818181818182,0.18917154753220283,0.29046011404801386,dirichlet_10,,
313,0.9635531135531133,0.8591269841269842,3.625,19.0,0.6666666666666666,0.34187581994218896,0.3075930216509907,dirichlet_10,,
314,0.9543498168498167,0.8402777777777777,3.8125,23.0,0.5384615384615384,0.31033609066478646,0.3186351956034444,dirichlet_10,,
315,0.9179487179487179,0.7797619047619048,5.34375,27.0,0.5384615384615384,0.30749637578609024,0.3485532475523509,dirichlet_10,,
316,0.9838369963369963,0.8958333333333333,2.59375,10.0,1.0,0.1892149416905926,0.26723431513982127,dirichlet_10,,
317,0.9915293040293041,0.9325396825396824,1.8125,7.0,0.8181818181818182,0.18319002311870192,0.2862239058331946,dirichlet_10,,
318,0.9793956043956044,0.8819444444444444,2.9375,10.0,0.6666666666666666,0.278030492855725,0.27755629590911984,dirichlet_10,,
319,0.9506868131868131,0.8293650793650793,4.0625,26.0,0.8181818181818182,0.25516747900996173,0.32758373950498093,dirichlet_10,,
320,0.9721611721611721,0.9047619047619047,2.25,26.0,1.0,0.20960130497086826,0.24501325000707247,dirichlet_10,,
321,0.9917124542124541,0.933531746031746,1.6875,7.0,0.6666666666666666,0.16427267210297924,0.23648327011940054,dirichlet_10,,
322,0.8956501831501831,0.8253968253968252,4.125,38.0,0.6666666666666666,0.2857598811444987,0.2936878386848705,dirichlet_10,,
323,0.9879578754578754,0.9196428571428571,2.0,9.0,0.8181818181818182,0.18566532345852027,0.2580413639977718,dirichlet_10,,
324,0.9743589743589743,0.8680555555555555,3.34375,10.0,0.6666666666666666,0.33499618703917144,0.30869817865921134,dirichlet_10,,
325,0.9359432234432234,0.7886904761904762,5.0625,14.0,0.5384615384615384,0.3886258735753902,0.36140378080929003,dirichlet_10,,
326,0.8944597069597069,0.7341269841269841,6.46875,33.0,0.6666666666666666,0.4532330462329329,0.3933084732064266,dirichlet_10,,
327,0.9616758241758241,0.8382936507936508,4.0,12.0,0.8181818181818182,0.24936247152308788,0.31275370032423094,dirichlet_10,,
328,0.9391941391941391,0.8144841269841269,4.5,32.0,1.0,0.3211331952202734,0.3038133362415707,dirichlet_10,,
329,0.9941391941391939,0.9494047619047619,1.375,6.0,1.0,0.22596453334254357,0.2853293899599205,dirichlet_10,,
330,0.9945054945054944,0.9454365079365078,1.4375,5.0,1.0,0.08415684172931168,0.23557003559219197,dirichlet_10,,
331,0.9766483516483515,0.8789682539682538,3.0625,10.0,0.8181818181818182,0.3495893997779369,0.3747946998889684,dirichlet_10,,
332,0.9636446886446887,0.8462301587301587,3.78125,15.0,0.8181818181818182,0.28325395622710003,0.3032219491444095,dirichlet_10,,
333,0.9949175824175823,0.9484126984126985,1.3125,5.0,0.8181818181818182,0.13570049936307832,0.23857517314226778,dirichlet_10,,
334,0.9793498168498168,0.8978174603174603,2.625,18.0,0.6666666666666666,0.17018027492472404,0.2806194657751592,dirichlet_10,,
335,0.9961538461538461,0.9593253968253969,1.09375,6.0,1.0,0.183515926756304,0.2654497065991424,dirichlet_10,,
336,0.969139194139194,0.875,3.0,22.0,1.0,0.2682944274546051,0.26129360177413485,dirichlet_10,,
337,0.9981227106227105,0.9742063492063492,0.6875,5.0,1.0,0.06943553424622112,0.21570285306061754,dirichlet_10,,
338,0.9664835164835164,0.875,3.03125,25.0,0.8181818181818182,0.25788660302620475,0.28091740223681283,dirichlet_10,,
339,0.9479395604395603,0.8313492063492064,4.1875,25.0,0.42857142857142855,0.27021765593095426,0.27027532775174745,dirichlet_10,,
340,0.9927197802197801,0.9345238095238094,1.71875,6.0,1.0,0.190923116144531,0.25640845432251347,dirichlet_10,,
341,0.9893772893772893,0.9196428571428571,2.0,7.0,0.8181818181818182,0.2222689815145681,0.28905654115794194,dirichlet_10,,
342,0.9665750915750916,0.861111111111111,3.4375,17.0,0.5384615384615384,0.24926673915545527,0.28033857745995033,dirichlet_10,,
343,0.9920787545787544,0.939484126984127,1.46875,10.0,0.6666666666666666,0.12571384464244195,0.24132084236438223,dirichlet_10,,
344,0.9796245421245421,0.8938492063492063,2.59375,16.0,0.6666666666666666,0.16648620802724357,0.277675173574841,dirichlet_10,,
345,0.9948717948717947,0.9474206349206349,1.34375,6.0,0.8181818181818182,0.19980432369642454,0.29597285377167204,dirichlet_10,,
346,0.9964743589743588,0.9692460317460317,0.875,9.0,1.0,0.07709137040334718,0.2280183389958773,dirichlet_10,,
347,0.9068681318681316,0.75,5.8125,31.0,0.6666666666666666,0.4215002612660824,0.30945651457422607,dirichlet_10,,
348,0.9838827838827837,0.9007936507936508,2.53125,10.0,0.8181818181818182,0.13069351503091314,0.26028756296004857,dirichlet_10,,
349,0.9885989010989011,0.9255952380952381,1.9375,8.0,1.0,0.19254591596364617,0.24134708399950278,dirichlet_10,,
350,0.9936355311355312,0.9404761904761904,1.5,6.0,0.8181818181818182,0.10989042148367922,0.23176235534672868,dirichlet_10,,
351,0.9563186813186811,0.8373015873015872,4.0,18.0,0.6666666666666666,0.2955508472270485,0.2800010625406708,dirichlet_10,,
352,0.9607142857142856,0.8521825396825397,3.46875,23.0,0.5384615384615384,0.2901503069627721,0.2900044012650234,dirichlet_10,,
353,0.9812271062271061,0.8948412698412699,2.78125,8.0,1.0,0.15804455033261805,0.26158381676252235,dirichlet_10,,
354,0.991620879120879,0.927579365079365,1.90625,5.0,1.0,0.17261665542965832,0.24277272247687798,dirichlet_10,,
355,0.9775641025641023,0.9146825396825395,2.28125,23.0,1.0,0.19888656209766814,0.29249942996153994,dirichlet_10,,
356,0.9911172161172159,0.9305555555555556,1.875,6.0,0.8181818181818182,0.11730652574381173,0.2372981583639855,dirichlet_10,,
357,0.9911630036630036,0.9285714285714286,1.96875,5.0,0.8181818181818182,0.12756681992112673,0.2553735000566317,dirichlet_10,,
358,0.9850274725274725,0.9017857142857142,2.375,10.0,0.6666666666666666,0.1514778331390679,0.26896786585719235,dirichlet_10,,
359,0.9491300366300366,0.8333333333333334,3.875,28.0,0.6666666666666666,0.28772422949272103,0.29654217557443974,dirichlet_10,,
360,0.9896520146520146,0.9196428571428571,2.125,6.0,1.0,0.2015319260425157,0.252989593930186,dirichlet_10,,
361,0.9873626373626372,0.9156746031746031,2.15625,11.0,0.6666666666666666,0.16157257266153519,0.2647588955247025,dirichlet_10,,
362,0.9174450549450549,0.8333333333333334,3.625,44.0,0.8181818181818182,0.3009849553528829,0.27927531920628157,dirichlet_10,,
363,0.9843864468864468,0.9057539682539683,2.3125,13.0,0.6666666666666666,0.19902962534937482,0.25191083631488237,dirichlet_10,,
364,0.9538461538461538,0.8392857142857143,3.96875,24.0,0.8181818181818182,0.3668846563551361,0.30704128437150785,dirichlet_10,,
365,0.9816849816849815,0.8948412698412699,2.5625,14.0,0.8181818181818182,0.1559174828851489,0.2758353757788775,dirichlet_10,,
366,0.9872710622710622,0.9077380952380952,2.3125,7.0,0.8181818181818182,0.21366727342535566,0.28159884660040085,dirichlet_10,,
367,0.9743589743589743,0.8730158730158729,3.0625,16.0,0.8181818181818182,0.34158392483822053,0.34710976101741636,dirichlet_10,,
368,0.9761446886446886,0.8859126984126984,2.96875,11.0,1.0,0.2656229328132188,0.302949268512859,dirichlet_10,,
369,0.9488553113553111,0.8571428571428571,3.40625,28.0,0.6666666666666666,0.258972875015092,0.28367648064750367,dirichlet_10,,
370,0.9824175824175824,0.8968253968253967,2.71875,9.0,0.6666666666666666,0.27842400910845755,0.2517040506278209,dirichlet_10,,
371,0.9768772893772891,0.8849206349206349,2.78125,18.0,0.5384615384615384,0.19840793765296919,0.2615335663483219,dirichlet_10,,
372,0.9350274725274724,0.7886904761904762,5.1875,18.0,0.6666666666666666,0.42753827569528363,0.35540400150836415,dirichlet_10,,
373,0.9536630036630035,0.8442460317460317,3.75,25.0,0.6666666666666666,0.228195596210622,0.3140977981053109,dirichlet_10,,
374,0.9789377289377289,0.8898809523809524,2.90625,12.0,1.0,0.21556733340634787,0.2550952230956601,dirichlet_10,,
375,0.9945970695970694,0.9494047619047619,1.4375,6.0,0.8181818181818182,0.17985281752618953,0.2733250429136797,dirichlet_10,,
376,0.954029304029304,0.8244047619047619,4.21875,20.0,0.5384615384615384,0.30793170479204685,0.30257866891325186,dirichlet_10,,
377,0.9741300366300365,0.8759920634920634,3.3125,9.0,0.6666666666666666,0.34789438119683347,0.33044563457930065,dirichlet_10,,
378,0.9672161172161171,0.8482142857142856,3.6875,13.0,0.8181818181818182,0.29610330468721713,0.31427034286098593,dirichlet_10,,
379,0.9838369963369963,0.8988095238095237,2.59375,8.0,0.8181818181818182,0.25703084752145366,0.25389093034464894,dirichlet_10,,
380,0.9501373626373624,0.8134920634920635,4.34375,15.0,0.5384615384615384,0.3067614212480163,0.309278415063672,dirichlet_10,,
381,0.9616300366300365,0.853174603174603,3.53125,22.0,0.5384615384615384,0.23184399369059738,0.2794014361557418,dirichlet_10,,
382,0.9821428571428571,0.8948412698412699,2.78125,9.0,0.8181818181818182,0.15400599514621416,0.2494586871391767,dirichlet_10,,
383,0.963598901098901,0.853174603174603,3.625,22.0,0.5384615384615384,0.34464123077511527,0.2971352829156896,dirichlet_10,,
384,0.983150183150183,0.9097222222222221,2.3125,14.0,0.6666666666666666,0.13499156946129706,0.2674957847306485,dirichlet_10,,
385,0.9332417582417581,0.7936507936507936,4.78125,26.0,0.6666666666666666,0.3000375702560444,0.3475920435500802,dirichlet_10,,
386,0.9524725274725272,0.8492063492063492,3.75,28.0,0.8181818181818182,0.3129647753769761,0.2987924475684694,dirichlet_10,,
387,0.9601190476190475,0.8363095238095238,4.03125,12.0,0.8181818181818182,0.23077033283600096,0.2980533978583814,dirichlet_10,,
388,0.9063186813186811,0.740079365079365,6.03125,18.0,0.42857142857142855,0.5127665429739519,0.32840742996818223,dirichlet_10,,
389,0.9476190476190476,0.8134920634920635,4.34375,18.0,0.6666666666666666,0.27670024858434905,0.3383501242921745,dirichlet_10,,
390,0.9683150183150182,0.863095238095238,3.46875,18.0,0.8181818181818182,0.2761411323394797,0.3089991135589495,dirichlet_10,,
391,0.9789377289377289,0.9087301587301587,2.3125,16.0,0.8181818181818182,0.20488337854615277,0.2576938226137632,dirichlet_10,,
392,0.9902014652014651,0.9216269841269841,2.0,7.0,0.6666666666666666,0.17176256876732895,0.26063044272578295,dirichlet_10,,
393,0.9714285714285714,0.8640873015873016,3.4375,10.0,0.8181818181818182,0.2507443513604067,0.3068411277759802,dirichlet_10,,
394,0.9743131868131867,0.8799603174603174,2.90625,16.0,0.5384615384615384,0.24907573858868162,0.2537364886352445,dirichlet_10,,
395,0.9964743589743588,0.9623015873015872,1.0625,4.0,1.0,0.1139579134750538,0.2327286791426866,dirichlet_10,,
396,0.9819139194139193,0.8948412698412699,2.71875,12.0,0.5384615384615384,0.19620310053713258,0.26227318811429473,dirichlet_10,,
397,0.9291666666666665,0.7797619047619048,5.40625,20.0,0.8181818181818182,0.33992330841572355,0.36996165420786176,dirichlet_10,,
398,0.9955586080586079,0.9533730158730157,1.3125,5.0,1.0,0.06642967590047075,0.21532505687452452,dirichlet_10,,
399,0.9844780219780219,0.9007936507936508,2.40625,9.0,0.8181818181818182,0.19185822615173445,0.2689820362012594,dirichlet_10,,
400,0.9901098901098901,0.9246031746031745,1.9375,9.0,0.6666666666666666,0.20082970322722316,0.27580695423545654,dirichlet_10,,
401,0.9684523809523808,0.8720238095238095,3.03125,17.0,0.5384615384615384,0.2292039533918848,0.26206165927980396,dirichlet_10,,
402,0.9680860805860806,0.8710317460317459,3.1875,23.0,0.5384615384615384,0.20276897770486377,0.255223015180699,dirichlet_10,,
403,0.9799908424908426,0.9136904761904762,2.25,22.0,0.8181818181818182,0.19820865570457508,0.2991043278522876,dirichlet_10,,
404,0.9957875457875456,0.9603174603174602,1.15625,5.0,1.0,0.08165185623546858,0.23268759361563499,dirichlet_10,,
405,0.93246336996337,0.8184523809523809,4.15625,31.0,0.5384615384615384,0.2812741570168684,0.30944001704767105,dirichlet_10,,
406,0.9939102564102563,0.9464285714285714,1.40625,7.0,1.0,0.1386650867770466,0.2607733413652149,dirichlet_10,,
407,0.9725732600732598,0.8680555555555555,3.21875,18.0,0.8181818181818182,0.25970908986796026,0.2652806868267774,dirichlet_10,,
408,0.9863095238095235,0.9136904761904762,2.125,8.0,1.0,0.24785035986361711,0.30809768372538554,dirichlet_10,,
409,0.9898351648351646,0.9216269841269841,1.96875,7.0,0.8181818181818182,0.1561174854334385,0.2690442300360495,dirichlet_10,,
410,0.9937728937728937,0.9444444444444444,1.59375,5.0,0.8181818181818182,0.12563462753767296,0.2396960809126548,dirichlet_10,,
411,0.9908424908424909,0.929563492063492,1.9375,7.0,1.0,0.1758446626384746,0.25689569039723686,dirichlet_10,,
412,0.973260073260073,0.886904761904762,2.65625,21.0,0.8181818181818182,0.2209149074814702,0.25662895683898435,dirichlet_10,,
413,0.978617216117216,0.8849206349206349,3.0,13.0,0.6666666666666666,0.20973297320415796,0.2862396422276704,dirichlet_10,,
414,0.9475274725274725,0.8234126984126984,4.28125,23.0,0.5384615384615384,0.26013789589591757,0.3100766743784216,dirichlet_10,,
415,0.994642857142857,0.9474206349206349,1.40625,6.0,0.8181818181818182,0.1092261466405827,0.23072783418874032,dirichlet_10,,
416,0.9649725274725274,0.8680555555555555,3.09375,24.0,0.8181818181818182,0.17033448222808453,0.2851672411140422,dirichlet_10,,
417,0.9648809523809523,0.8462301587301587,3.75,13.0,0.5384615384615384,0.28737469841238267,0.25506682600380365,dirichlet_10,,
418,0.9727564102564101,0.8759920634920634,3.03125,18.0,0.5384615384615384,0.22781224000756203,0.27395489721098054,dirichlet_10,,
419,0.9863553113553112,0.9107142857142857,2.34375,8.0,0.8181818181818182,0.228468363726768,0.28058102136120827,dirichlet_10,,
420,0.9723901098901099,0.8710317460317459,3.1875,14.0,0.8181818181818182,0.18627305171578712,0.2752405882074771,dirichlet_10,,
421,0.9878663003663003,0.9226190476190474,1.90625,13.0,1.0,0.15188819415719854,0.26123956843226104,dirichlet_10,,
422,0.963598901098901,0.8452380952380951,3.8125,17.0,0.8181818181818182,0.3187243322143132,0.2813662995763564,dirichlet_10,,
423,0.9835164835164832,0.8988095238095237,2.59375,9.0,1.0,0.24613271733670403,0.2804828899914804,dirichlet_10,,
424,0.9631410256410255,0.8680555555555555,3.125,23.0,0.6666666666666666,0.26473190385036643,0.2700569761574239,dirichlet_10,,
425,0.9966117216117215,0.9623015873015872,1.0,4.0,1.0,0.07713461046817194,0.22579052869420724,dirichlet_10,,
426,0.8972985347985347,0.810515873015873,4.46875,40.0,0.8181818181818182,0.4542491304189442,0.34838339877570695,dirichlet_10,,
427,0.9838827838827837,0.8998015873015873,2.5625,8.0,0.6666666666666666,0.2993285945576406,0.2612290082278826,dirichlet_10,,
428,0.9679029304029303,0.8591269841269842,3.46875,16.0,0.6666666666666666,0.23374223458036897,0.31359207865167577,dirichlet_10,,
429,0.989606227106227,0.9226190476190474,1.96875,10.0,0.6666666666666666,0.15759344784037382,0.24003640712489946,dirichlet_10,,
430,0.966712454212454,0.8730158730158729,3.15625,26.0,0.8181818181818182,0.2860889016691142,0.34304445083455715,dirichlet_10,,
431,0.9640109890109889,0.8571428571428571,3.5625,16.0,0.8181818181818182,0.24611663215426036,0.29685547411831364,dirichlet_10,,
432,0.9734432234432235,0.8829365079365079,2.84375,17.0,0.5384615384615384,0.19636785989165143,0.26222222548038676,dirichlet_10,,
433,0.9551282051282051,0.8244047619047619,4.375,13.0,1.0,0.25137049390067906,0.29286041293668597,dirichlet_10,,
434,0.9732142857142856,0.886904761904762,2.78125,21.0,0.6666666666666666,0.21139758126208802,0.2722780295444375,dirichlet_10,,
435,0.9613095238095238,0.8323412698412698,3.9375,13.0,0.6666666666666666,0.37239872081254244,0.35480233587748466,dirichlet_10,,
436,0.9851648351648351,0.9107142857142857,2.375,10.0,0.8181818181818182,0.26857203409527153,0.2847426749228013,dirichlet_10,,
437,0.9874084249084248,0.9246031746031745,1.9375,15.0,0.8181818181818182,0.14897460119186698,0.2541975727075891,dirichlet_10,,
438,0.9938186813186812,0.9444444444444444,1.5,7.0,1.0,0.1517972178486202,0.2693771096979816,dirichlet_10,,
439,0.9810897435897434,0.9374999999999999,1.625,18.0,1.0,0.12939465436256756,0.23820443853445722,dirichlet_10,,
440,0.9783424908424907,0.8849206349206349,2.875,11.0,0.8181818181818182,0.20062335401215112,0.27219464221037326,dirichlet_10,,
441,0.9973901098901098,0.9692460317460317,0.875,4.0,1.0,0.06766973156032532,0.22343442086143267,dirichlet_10,,
442,0.9833791208791208,0.9017857142857142,2.59375,9.0,0.8181818181818182,0.22372521009007051,0.2741689331644224,dirichlet_10,,
443,0.9899725274725273,0.9216269841269841,2.0,7.0,0.8181818181818182,0.22100527960933422,0.27936714202631086,dirichlet_10,,
444,0.9815018315018316,0.8928571428571428,2.8125,9.0,0.6666666666666666,0.2458628646414569,0.2656396339819722,dirichlet_10,,
445,0.959569597069597,0.8333333333333334,4.09375,12.0,0.6666666666666666,0.28041175890126246,0.32075772896696997,dirichlet_10,,
446,0.9951465201465202,0.9533730158730157,1.21875,6.0,0.8181818181818182,0.11109912111311765,0.22824534458668497,dirichlet_10,,
447,0.9807692307692307,0.8928571428571428,2.625,10.0,0.8181818181818182,0.24951005207085838,0.26931871312267647,dirichlet_10,,
448,0.9762362637362636,0.876984126984127,3.1875,9.0,0.8181818181818182,0.21662309314756747,0.30831154657378373,dirichlet_10,,
449,0.9967032967032966,0.9583333333333333,1.09375,4.0,0.8181818181818182,0.06252359063544902,0.2211864021947737,dirichlet_10,,
450,0.9734890109890109,0.8690476190476191,3.46875,10.0,1.0,0.20821758971774584,0.24667247132765233,dirichlet_10,,
451,0.981318681318681,0.8998015873015873,2.5,16.0,0.6666666666666666,0.23683264343652558,0.2736278738713073,dirichlet_10,,
452,0.9958791208791208,0.9563492063492064,1.15625,5.0,0.8181818181818182,0.10040958165964278,0.23523380366786362,dirichlet_10,,
453,0.9863553113553112,0.9047619047619047,2.46875,7.0,1.0,0.24825173259914818,0.25374605180468623,dirichlet_10,,
454,0.981043956043956,0.8988095238095237,2.59375,14.0,0.8181818181818182,0.19056722044117064,0.2817129722492698,dirichlet_10,,
455,0.985576923076923,0.9156746031746031,2.15625,12.0,0.6666666666666666,0.18024086084859922,0.24763885861006735,dirichlet_10,,
456,0.9739010989010988,0.8690476190476191,3.375,11.0,0.6666666666666666,0.2566831274365139,0.2785502046680954,dirichlet_10,,
457,0.9602106227106225,0.8313492063492064,4.21875,13.0,0.6666666666666666,0.3793811018644539,0.28032196158363265,dirichlet_10,,
458,0.9828296703296703,0.8988095238095237,2.53125,11.0,0.6666666666666666,0.15931805727357343,0.2647766404951111,dirichlet_10,,
459,0.9830128205128205,0.9117063492063491,2.15625,15.0,0.6666666666666666,0.15654825572687742,0.25253699289139964,dirichlet_10,,
460,0.996062271062271,0.9583333333333333,1.125,6.0,1.0,0.26151037379022257,0.33075518689511124,dirichlet_10,,
461,0.9698260073260072,0.861111111111111,3.5,11.0,0.6666666666666666,0.3446273369987027,0.30798183321638906,dirichlet_10,,
462,0.99253663003663,0.9374999999999999,1.59375,6.0,0.8181818181818182,0.15965259922095157,0.25691755143729794,dirichlet_10,,
463,0.9819597069597068,0.8948412698412699,2.5625,12.0,0.6666666666666666,0.30944810772616577,0.3003947304317641,dirichlet_10,,
464,0.9903388278388278,0.929563492063492,1.90625,7.0,0.8181818181818182,0.12204867076613651,0.2547345611707356,dirichlet_10,,
465,0.9864010989010987,0.9176587301587302,2.09375,16.0,1.0,0.18810618195718629,0.2909813879387763,dirichlet_10,,
466,0.9149267399267397,0.753968253968254,5.96875,19.0,0.6666666666666666,0.39019349472253273,0.296795674112902,dirichlet_10,,
467,0.9656135531135531,0.8492063492063492,3.8125,11.0,0.6666666666666666,0.3654266611423943,0.3319141941711731,dirichlet_10,,
468,0.9780219780219779,0.9027777777777778,2.59375,16.0,0.8181818181818182,0.20132934405999126,0.2683064028774104,dirichlet_10,,
469,0.9643315018315018,0.8462301587301587,3.78125,14.0,0.8181818181818182,0.23863010635761703,0.2868397408497726,dirichlet_10,,
470,0.9488553113553111,0.8144841269841269,4.375,18.0,0.5384615384615384,0.28244452520554,0.28578236055527745,dirichlet_10,,
471,0.9640109890109889,0.865079365079365,3.25,25.0,0.42857142857142855,0.21863329205728801,0.2535955365951984,dirichlet_10,,
472,0.9967948717948718,0.9642857142857143,1.0,6.0,0.8181818181818182,0.17929511413056184,0.2896475570652809,dirichlet_10,,
473,0.9972069597069595,0.9632936507936507,0.96875,4.0,1.0,0.09872658936324169,0.2274231498507582,dirichlet_10,,
474,0.9941849816849815,0.9454365079365078,1.46875,7.0,1.0,0.12456939635940503,0.26228469817970246,dirichlet_10,,
475,0.994734432234432,0.9494047619047619,1.375,6.0,1.0,0.0809388851371195,0.21870236877089605,dirichlet_10,,
476,0.99775641025641,0.9722222222222222,0.75,4.0,1.0,0.0877603351723154,0.2346559262700777,dirichlet_10,,
477,0.9168040293040292,0.7906746031746031,4.96875,29.0,0.3333333333333333,0.27588801401105256,0.27382223842969095,dirichlet_10,,
478,0.9944139194139194,0.9484126984126985,1.4375,6.0,0.8181818181818182,0.2087225458295003,0.2946399711266446,dirichlet_10,,
479,0.9917124542124541,0.929563492063492,1.8125,7.0,0.6666666666666666,0.1478294643740639,0.2628414823966118,dirichlet_10,,
480,0.9888736263736262,0.927579365079365,1.84375,10.0,0.6666666666666666,0.11209622620758497,0.25032843139020955,dirichlet_10,,
481,0.9955586080586079,0.9533730158730157,1.21875,6.0,1.0,0.22756743717092717,0.29239725976948816,dirichlet_10,,
482,0.9938644688644689,0.9454365079365078,1.46875,7.0,1.0,0.1413671947904307,0.2549384869259893,dirichlet_10,,
483,0.9710622710622709,0.8720238095238095,3.25,14.0,0.8181818181818182,0.23837118597654305,0.2621515112976283,dirichlet_10,,
484,0.9559981684981683,0.8720238095238095,3.03125,28.0,0.6666666666666666,0.2166149995817001,0.28755938790908636,dirichlet_10,,
485,0.9286172161172159,0.7867063492063491,4.84375,27.0,0.6666666666666666,0.34785471209619934,0.34919493198933854,dirichlet_10,,
486,0.9664835164835164,0.8680555555555555,3.1875,21.0,0.5384615384615384,0.22711440565803018,0.26505694105046973,dirichlet_10,,
487,0.9903846153846152,0.9642857142857143,1.03125,16.0,1.0,0.10007655189996995,0.21672380102098246,dirichlet_10,,
488,0.9613553113553113,0.9007936507936508,2.5,23.0,0.8181818181818182,0.18949179934451632,0.2547806875163614,dirichlet_10,,
489,0.981043956043956,0.9007936507936508,2.5,16.0,0.6666666666666666,0.18830274685149437,0.2789068721828285,dirichlet_10,,
490,0.9758699633699633,0.8878968253968254,2.90625,13.0,1.0,0.24149283719791442,0.2672233976160096,dirichlet_10,,
491,0.9951465201465202,0.9533730158730157,1.25,6.0,1.0,0.14151570354710316,0.257586124153267,dirichlet_10,,
492,0.9809523809523808,0.8898809523809524,2.875,7.0,1.0,0.18441814718248206,0.2619062787172011,dirichlet_10,,
493,0.9778846153846155,0.8819444444444444,2.84375,10.0,0.8181818181818182,0.3003302505798866,0.34291540444582863,dirichlet_10,,
494,0.9747252747252746,0.8839285714285713,2.96875,17.0,0.6666666666666666,0.2350904992909863,0.27698459368081196,dirichlet_10,,
495,0.9848443223443222,0.9255952380952381,1.90625,15.0,0.8181818181818182,0.11933562739583678,0.23223714683918306,dirichlet_10,,
496,0.9630036630036629,0.8402777777777777,3.65625,17.0,0.8181818181818182,0.23434213827837064,0.3171710691391853,dirichlet_10,,
497,0.9319139194139194,0.7867063492063491,5.3125,24.0,0.8181818181818182,0.40015446524679016,0.3383197728781229,dirichlet_10,,
498,0.96510989010989,0.8452380952380951,3.84375,11.0,0.6666666666666666,0.3178042425120054,0.2940382273815648,dirichlet_10,,
499,0.9927197802197801,0.9355158730158729,1.6875,6.0,1.0,0.18189378308467313,0.2587118245951845,dirichlet_10,,
500,0.9846153846153846,0.8998015873015873,2.625,7.0,1.0,0.1784513145831577,0.2433501671840152,dirichlet_10,,
501,0.974679487179487,0.8670634920634921,3.375,11.0,0.8181818181818182,0.2492087723866577,0.27533894399363756,dirichlet_10,,
502,0.976098901098901,0.8779761904761905,3.125,11.0,0.8181818181818182,0.21712804137542938,0.2646115092524068,dirichlet_10,,
503,0.9930860805860805,0.9404761904761904,1.5625,7.0,1.0,0.17808733640430946,0.2721632265992345,dirichlet_10,,
504,0.9820054945054942,0.8948412698412699,2.5625,10.0,0.6666666666666666,0.19639887267366812,0.2646228945428296,dirichlet_10,,
505,0.9789835164835163,0.8799603174603174,2.90625,8.0,0.8181818181818182,0.30942135884986327,0.3065827320245718,dirichlet_10,,
506,0.9853479853479853,0.9037698412698412,2.4375,9.0,0.8181818181818182,0.21021921503062643,0.2689776736905337,dirichlet_10,,
507,0.9952380952380951,0.9543650793650793,1.21875,6.0,1.0,0.16938173270525234,0.27045310340917583,dirichlet_10,,
508,0.9774725274725273,0.8779761904761905,3.03125,11.0,1.0,0.19533247448615024,0.24802168849259826,dirichlet_10,,
509,0.9628205128205128,0.8849206349206349,2.8125,28.0,0.8181818181818182,0.2770229873139542,0.30532853133999144,dirichlet_10,,
510,0.9943681318681318,0.9464285714285714,1.5,5.0,0.8181818181818182,0.12124719159335737,0.23217546577999576,dirichlet_10,,
511,0.9662087912087911,0.853174603174603,3.65625,18.0,1.0,0.28122000093007204,0.2553230925304314,dirichlet_10,,
512,0.9849358974358972,0.9007936507936508,2.40625,12.0,0.5384615384615384,0.154013310967832,0.27700665548391606,dirichlet_10,,
513,0.9844322344322343,0.9037698412698412,2.34375,10.0,0.8181818181818182,0.29269737652944705,0.3203333435679313,dirichlet_10,,
514,0.903525641025641,0.7420634920634921,6.03125,25.0,0.5384615384615384,0.45107041074605525,0.4003723758511053,dirichlet_10,,
515,0.9752289377289376,0.8660714285714285,3.34375,8.0,0.5384615384615384,0.2571884198079745,0.2892834906680496,dirichlet_10,,
516,0.9171245421245419,0.7797619047619048,5.28125,29.0,0.3333333333333333,0.3124079827536461,0.2879205040064229,dirichlet_10,,
517,0.9806318681318679,0.9037698412698412,2.40625,17.0,0.8181818181818182,0.19359816386850878,0.2635703175683202,dirichlet_10,,
518,0.989697802197802,0.927579365079365,1.875,8.0,1.0,0.18160843554750053,0.2624390515323225,dirichlet_10,,
519,0.9800824175824175,0.8978174603174603,2.53125,18.0,0.6666666666666666,0.27124161916121814,0.3104064210584607,dirichlet_10,,
520,0.9863553113553112,0.9057539682539683,2.34375,7.0,0.8181818181818182,0.19410727839361394,0.2693903725278508,dirichlet_10,,
521,0.8982142857142855,0.7321428571428571,6.25,32.0,0.42857142857142855,0.5878380196916498,0.3956881592982316,dirichlet_10,,
522,0.9790750915750913,0.8809523809523809,2.90625,10.0,0.8181818181818182,0.22748755552792493,0.24809599664922707,dirichlet_10,,
523,0.9908424908424909,0.931547619047619,1.84375,9.0,0.6666666666666666,0.12527021497742663,0.25867286800632466,dirichlet_10,,
524,0.9930860805860805,0.9374999999999999,1.6875,7.0,1.0,0.14178647445563117,0.26057221561415406,dirichlet_10,,
525,0.9766483516483515,0.8799603174603174,3.0625,9.0,0.6666666666666666,0.3171013595095553,0.2810813693757174,dirichlet_10,,
526,0.9744505494505493,0.8700396825396826,3.28125,10.0,0.8181818181818182,0.21621934358871409,0.2530746767895254,dirichlet_10,,
527,0.9952380952380951,0.9523809523809523,1.25,6.0,0.8181818181818182,0.11976584196243784,0.22580597645864808,dirichlet_10,,
528,0.9333333333333331,0.8134920634920635,4.25,36.0,0.8181818181818182,0.24273133306592481,0.31488337638775993,dirichlet_10,,
529,0.9767857142857141,0.9166666666666666,2.125,18.0,0.8181818181818182,0.14321450969999025,0.24342037652916554,dirichlet_10,,
530,0.9754578754578752,0.8740079365079364,2.9375,14.0,0.8181818181818182,0.255856846965571,0.27665154023570726,dirichlet_10,,
531,0.9981684981684982,0.9742063492063492,0.75,4.0,1.0,0.07861774134894389,0.23930887067447196,dirichlet_10,,
532,0.988186813186813,0.9136904761904762,2.125,8.0,0.6666666666666666,0.14229822396891664,0.2412808417380318,dirichlet_10,,
533,0.9932234432234431,0.941468253968254,1.5,6.0,1.0,0.13307977339612212,0.2571625132375249,dirichlet_10,,
534,0.9873168498168498,0.9156746031746031,2.25,8.0,0.6666666666666666,0.24501593068001512,0.24895586053362098,dirichlet_10,,
535,0.965201465201465,0.8472222222222222,3.84375,12.0,1.0,0.22960311158799818,0.2714694382232461,dirichlet_10,,
536,0.9929029304029302,0.9374999999999999,1.6875,6.0,0.6666666666666666,0.1231017158461474,0.2524555686508785,dirichlet_10,,
537,0.9441391941391941,0.8253968253968252,4.1875,27.0,0.8181818181818182,0.2582327427535249,0.3237633695417082,dirichlet_10,,
538,0.9859890109890108,0.9265873015873015,1.78125,17.0,1.0,0.15616889339799409,0.23795267261450384,dirichlet_10,,
539,0.9842032967032966,0.8968253968253967,2.6875,7.0,1.0,0.1576389598966639,0.23685251823657819,dirichlet_10,,
540,0.9629578754578755,0.8382936507936508,4.0,12.0,0.8181818181818182,0.27702153469141066,0.25938313536033636,dirichlet_10,,
541,0.9832875457875456,0.9107142857142857,2.21875,17.0,1.0,0.17303424982568952,0.23257187115311548,dirichlet_10,,
542,0.9473443223443221,0.8154761904761905,4.46875,19.0,0.8181818181818182,0.3093148783731353,0.33531333961153165,dirichlet_10,,
543,0.981639194139194,0.8958333333333333,2.75,9.0,0.6666666666666666,0.31378117489015467,0.27534026235827336,dirichlet_10,,
544,0.9373168498168496,0.8075396825396824,4.625,23.0,0.5384615384615384,0.2890920631928142,0.3237149308090129,dirichlet_10,,
545,0.9866300366300367,0.9057539682539683,2.46875,7.0,0.6666666666666666,0.23383089979345123,0.26172487115523024,dirichlet_10,,
546,0.8678113553113552,0.7569444444444444,5.59375,51.0,0.5384615384615384,0.372749430003922,0.386374715001961,dirichlet_10,,
547,0.9861263736263735,0.9057539682539683,2.34375,11.0,0.6666666666666666,0.17267054801376724,0.2518761247971386,dirichlet_10,,
548,0.9849358974358972,0.9077380952380952,2.40625,10.0,0.8181818181818182,0.21844051685940352,0.2686704268583758,dirichlet_10,,
549,0.9652472527472526,0.8779761904761905,2.78125,25.0,1.0,0.286536122009097,0.27548347618804236,dirichlet_10,,
550,0.9866300366300367,0.9166666666666666,2.15625,9.0,1.0,0.26850866246571503,0.2677345423100641,dirichlet_10,,
551,0.9785714285714285,0.8849206349206349,2.75,12.0,0.8181818181818182,0.22883523594471994,0.2753748316286614,dirichlet_10,,
552,0.973580586080586,0.8700396825396826,3.15625,13.0,0.6666666666666666,0.2180438308001582,0.2753794296900374,dirichlet_10,,
553,0.880631868131868,0.738095238095238,6.09375,32.0,0.3333333333333333,0.38543507721055226,0.31212322016433014,dirichlet_10,,
554,0.9765567765567765,0.8839285714285713,2.875,17.0,0.5384615384615384,0.2092111818428204,0.2652797660762973,dirichlet_10,,
555,0.9456959706959704,0.8482142857142856,3.8125,27.0,1.0,0.36580818973003615,0.32278735781224316,dirichlet_10,,
556,0.9887362637362638,0.9156746031746031,2.1875,6.0,1.0,0.23276995246530616,0.2665402005587072,dirichlet_10,,
557,0.9922161172161172,0.9374999999999999,1.65625,6.0,0.8181818181818182,0.15939248281710014,0.24173707344621478,dirichlet_10,,
558,0.9674908424908424,0.8492063492063492,3.78125,12.0,0.8181818181818182,0.3124621383763997,0.3152500549953016,dirichlet_10,,
559,0.9290293040293038,0.8402777777777777,3.78125,34.0,0.8181818181818182,0.26795513196849907,0.2986366786347489,dirichlet_10,,
560,0.9456501831501831,0.8214285714285714,4.25,25.0,0.42857142857142855,0.27558218407058166,0.2851244009219991,dirichlet_10,,
561,0.9867216117216117,0.9136904761904762,2.25,11.0,0.6666666666666666,0.16199780396798952,0.271373415131687,dirichlet_10,,
562,0.9975274725274724,0.9682539682539681,0.84375,4.0,1.0,0.08502734016326197,0.2361636979683595,dirichlet_10,,
563,0.9964743589743588,0.9632936507936507,1.0625,4.0,1.0,0.09366730110256943,0.23030794720129497,dirichlet_10,,
564,0.935576923076923,0.8581349206349206,3.46875,29.0,1.0,0.3100877372980181,0.2571850111605386,dirichlet_10,,
565,0.9739926739926739,0.8670634920634921,3.375,12.0,0.8181818181818182,0.2819323611142813,0.262156462409393,dirichlet_10,,
566,0.9677197802197802,0.8710317460317459,3.15625,22.0,0.5384615384615384,0.23188764220012645,0.24221587204037162,dirichlet_10,,
567,0.9982600732600732,0.9821428571428571,0.5625,6.0,1.0,0.10190223119656333,0.24685818158779962,dirichlet_10,,
568,0.9665750915750916,0.8511904761904763,3.875,10.0,0.6666666666666666,0.23175887707484866,0.27454633929251954,dirichlet_10,,
569,0.9170787545787544,0.7748015873015873,5.28125,27.0,0.5384615384615384,0.4319804222175578,0.32740391763476906,dirichlet_10,,
570,0.9851190476190477,0.9107142857142857,2.46875,9.0,0.8181818181818182,0.22941463573908438,0.2685528985368349,dirichlet_10,,
571,0.98264652014652,0.8978174603174603,2.625,9.0,0.8181818181818182,0.2952865199928024,0.30800756473754465,dirichlet_10,,
572,0.9934523809523808,0.9404761904761904,1.65625,5.0,1.0,0.18288619791165642,0.23480508143238352,dirichlet_10,,
573,0.9802197802197802,0.8859126984126984,2.75,12.0,0.6666666666666666,0.2448730177231058,0.25778029113380124,dirichlet_10,,
574,0.9802197802197802,0.8968253968253967,2.59375,17.0,0.8181818181818182,0.14876123219981044,0.2743806160999053,dirichlet_10,,
575,0.9584706959706959,0.8621031746031745,3.25,26.0,0.8181818181818182,0.24726596776786655,0.28091835962410167,dirichlet_10,,
576,0.9746336996336994,0.8908730158730158,2.78125,21.0,0.5384615384615384,0.20921076951219467,0.24383202381941504,dirichlet_10,,
577,0.983150183150183,0.9037698412698412,2.5625,10.0,0.6666666666666666,0.3068480771262478,0.2982255533588736,dirichlet_10,,
578,0.9766941391941392,0.876984126984127,2.96875,11.0,0.8181818181818182,0.27508044755956274,0.29559619083356714,dirichlet_10,,
579,0.9853021978021977,0.9067460317460316,2.15625,15.0,0.8181818181818182,0.16471406363718585,0.25180900493987574,dirichlet_10,,
580,0.9704670329670327,0.8601190476190476,3.53125,12.0,1.0,0.21597275805725938,0.2803513957312512,dirichlet_10,,
581,0.9880494505494504,0.9146825396825395,2.21875,7.0,0.8181818181818182,0.2581419575199614,0.28445766120339266,dirichlet_10,,
582,0.9788461538461537,0.8918650793650793,2.78125,14.0,0.6666666666666666,0.16341960825284163,0.2817098041264209,dirichlet_10,,
583,0.9818223443223442,0.8938492063492063,2.71875,8.0,1.0,0.16771896352994195,0.24542767198535306,dirichlet_10,,
584,0.9704670329670327,0.8591269841269842,3.5625,15.0,0.6666666666666666,0.22982919949361527,0.31009346162784623,dirichlet_10,,
585,0.9464743589743588,0.806547619047619,4.65625,16.0,0.6666666666666666,0.37993788830882325,0.3267038304306787,dirichlet_10,,
586,0.9890109890109888,0.9186507936507936,2.0625,8.0,0.8181818181818182,0.26193100292525284,0.2970501353267448,dirichlet_10,,
587,0.9828754578754578,0.8988095238095237,2.59375,9.0,0.8181818181818182,0.2778875445357286,0.3389437722678643,dirichlet_10,,
588,0.9940934065934065,0.9444444444444444,1.375,7.0,1.0,0.14419112464593445,0.2505260381826881,dirichlet_10,,
589,0.9789835164835163,0.9047619047619047,2.28125,18.0,0.8181818181818182,0.19238629075576366,0.2726221044328426,dirichlet_10,,
590,0.9656593406593406,0.8660714285714285,3.375,20.0,0.8181818181818182,0.27556889378856897,0.283543983536066,dirichlet_10,,
591,0.9898351648351646,0.9444444444444444,1.5,14.0,1.0,0.13643769391168184,0.22953388609924516,dirichlet_10,,
592,0.9824175824175824,0.9186507936507936,2.0625,18.0,0.8181818181818182,0.1688703274790454,0.25459939965202877,dirichlet_10,,
593,0.9902930402930401,0.9246031746031745,1.96875,6.0,0.8181818181818182,0.2368722402194669,0.2818498447534621,dirichlet_10,,
594,0.9949633699633698,0.9533730158730157,1.25,6.0,0.8181818181818182,0.12857055401671497,0.24555563176356213,dirichlet_10,,
595,0.9965201465201465,0.9623015873015872,1.03125,6.0,1.0,0.128969781634866,0.24725318754874637,dirichlet_10,,
596,0.9942765567765566,0.9494047619047619,1.375,6.0,1.0,0.23434099794023733,0.28112783317020823,dirichlet_10,,
597,0.9826923076923074,0.9265873015873015,1.75,19.0,1.0,0.16355769359541136,0.2584967966446076,dirichlet_10,,
598,0.9766941391941392,0.8968253968253967,2.71875,17.0,1.0,0.24345947853429425,0.27150596135301824,dirichlet_10,,
599,0.9775641025641023,0.8839285714285713,2.96875,10.0,0.8181818181818182,0.1639320942693506,0.2545994947247022,dirichlet_10,,
600,0.9967490842490841,0.9613095238095238,1.09375,4.0,1.0,0.11114726803011565,0.23480155000728986,dirichlet_10,,
601,0.9936355311355312,0.941468253968254,1.46875,6.0,0.8181818181818182,0.2489621411180555,0.3244810705590278,dirichlet_10,,
602,0.9869047619047617,0.9146825396825395,2.25,8.0,1.0,0.18447287815915422,0.26381391712815,dirichlet_10,,
603,0.9526556776556776,0.8452380952380951,3.625,26.0,0.6666666666666666,0.22246792037791496,0.3112339601889575,dirichlet_10,,
604,0.973076923076923,0.8799603174603174,3.0625,17.0,0.6666666666666666,0.19484690947693917,0.2974234547384696,dirichlet_10,,
605,0.9905677655677654,0.933531746031746,1.78125,11.0,0.8181818181818182,0.13901504636632986,0.2476409046712065,dirichlet_10,,
606,0.902518315018315,0.8313492063492064,4.25,37.0,1.0,0.3471359173627887,0.3087070592303969,dirichlet_10,,
607,0.9687271062271061,0.8601190476190476,3.28125,18.0,0.8181818181818182,0.25178291137797204,0.26921827956747113,dirichlet_10,,
608,0.9842490842490841,0.9196428571428571,2.15625,15.0,1.0,0.21092183742730583,0.2783030364826519,dirichlet_10,,
609,0.9283882783882783,0.7936507936507936,4.6875,34.0,0.8181818181818182,0.296814225645975,0.34837223234982645,dirichlet_10,,
610,0.9842490842490841,0.9027777777777778,2.5,11.0,1.0,0.16273088351809478,0.24706801233179165,dirichlet_10,,
611,0.9951465201465202,0.9503968253968254,1.34375,5.0,1.0,0.12374342435899868,0.23323729655789394,dirichlet_10,,
612,0.9776556776556775,0.8829365079365079,2.90625,10.0,0.8181818181818182,0.22979582268901294,0.2730696892389077,dirichlet_10,,
613,0.935989010989011,0.8214285714285714,4.28125,29.0,0.5384615384615384,0.3649531420965408,0.29302868796674136,dirichlet_10,,
614,0.9848901098901098,0.8988095238095237,2.53125,7.0,0.8181818181818182,0.2491628841874491,0.260413972059412,dirichlet_10,,
615,0.9878205128205128,0.9146825396825395,2.25,9.0,0.8181818181818182,0.24031612616234987,0.3145995606833525,dirichlet_10,,
616,0.9843864468864468,0.9077380952380952,2.28125,14.0,0.6666666666666666,0.23785543121204408,0.27169492139833495,dirichlet_10,,
617,0.9791666666666665,0.8849206349206349,3.0,9.0,0.8181818181818182,0.22699480343181833,0.27553667613857585,dirichlet_10,,
618,0.9657967032967032,0.9067460317460316,2.34375,22.0,0.8181818181818182,0.17039944826398717,0.24968748623996068,dirichlet_10,,
619,0.9513736263736263,0.8283730158730159,4.09375,23.0,0.6666666666666666,0.29434928809581773,0.3395817730267599,dirichlet_10,,
620,0.9843864468864468,0.9047619047619047,2.40625,10.0,1.0,0.1559541048134756,0.23989073935405444,dirichlet_10,,
621,0.9778846153846155,0.8829365079365079,2.78125,14.0,0.8181818181818182,0.20043280615262207,0.2642229280618443,dirichlet_10,,
622,0.9772893772893773,0.8799603174603174,3.09375,9.0,0.8181818181818182,0.2502063935871901,0.29581640586311814,dirichlet_10,,
623,0.9791666666666665,0.8849206349206349,2.875,9.0,0.8181818181818182,0.2594612062907963,0.2844307504501031,dirichlet_10,,
624,0.9774267399267399,0.886904761904762,2.8125,16.0,0.8181818181818182,0.1718628333936842,0.2859314166968421,dirichlet_10,,
625,0.9464743589743588,0.8144841269841269,4.71875,14.0,0.6666666666666666,0.3812059791673905,0.3110278699566646,dirichlet_10,,
626,0.9840201465201464,0.9077380952380952,2.21875,16.0,0.6666666666666666,0.1955149467895655,0.26075341955751025,dirichlet_10,,
627,0.9413003663003662,0.8343253968253967,3.65625,30.0,0.6666666666666666,0.36670949557125854,0.3190545176631481,dirichlet_10,,
628,0.9934523809523808,0.941468253968254,1.59375,6.0,1.0,0.19664218214513887,0.2642789003453511,dirichlet_10,,
629,0.9828754578754578,0.9077380952380952,2.34375,18.0,1.0,0.22084271248066076,0.3032066034907457,dirichlet_10,,
630,0.9947802197802197,0.9503968253968254,1.3125,6.0,0.8181818181818182,0.17801580667758055,0.273450866916488,dirichlet_10,,
631,0.9614010989010988,0.8551587301587301,3.5625,25.0,0.8181818181818182,0.3213746309307526,0.3511260529574897,dirichlet_10,,
632,0.9663003663003663,0.8571428571428571,3.34375,16.0,0.6666666666666666,0.23790938432016548,0.2823038118250031,dirichlet_10,,
633,0.9674450549450548,0.8621031746031745,3.28125,23.0,0.6666666666666666,0.29473064131779436,0.2833908712191601,dirichlet_10,,
634,0.950091575091575,0.8283730158730159,4.03125,27.0,0.42857142857142855,0.3332572479508611,0.3087135101390577,dirichlet_10,,
635,0.9836080586080587,0.8978174603174603,2.59375,8.0,0.8181818181818182,0.1805649488232325,0.2500761264596316,dirichlet_10,,
636,0.9975274725274724,0.9712301587301586,0.78125,6.0,1.0,0.11613331029238541,0.2512023136982124,dirichlet_10,,
637,0.988095238095238,0.9146825396825395,2.21875,7.0,0.8181818181818182,0.18446388709708572,0.28844320310148824,dirichlet_10,,
638,0.9629578754578755,0.8422619047619047,4.0,11.0,0.5384615384615384,0.2682816556358464,0.33093420936595724,dirichlet_10,,
639,0.8980769230769231,0.8144841269841269,4.21875,45.0,0.6666666666666666,0.3462729265159964,0.3175234712993724,dirichlet_10,,
640,0.9741300366300365,0.876984126984127,3.15625,13.0,0.8181818181818182,0.23030484150925645,0.3003844358424217,dirichlet_10,,
641,0.9245421245421246,0.8234126984126984,4.28125,30.0,0.8181818181818182,0.3468854285761538,0.284497984767076,dirichlet_10,,
642,0.9870879120879119,0.9186507936507936,2.0625,10.0,0.6666666666666666,0.17861722655657666,0.25296867022497577,dirichlet_10,,
643,0.9758241758241757,0.875,3.125,11.0,0.8181818181818182,0.29560677001272195,0.3038568487564364,dirichlet_10,,
644,0.9694597069597068,0.8918650793650793,2.71875,23.0,0.6666666666666666,0.19478739710098233,0.27655353519519027,dirichlet_10,,
645,0.9416208791208789,0.8115079365079365,4.4375,29.0,0.8181818181818182,0.3589191928954397,0.3285334853061035,dirichlet_10,,
646,0.9845695970695969,0.9206349206349207,2.0,14.0,1.0,0.18303997352310336,0.25021660657584466,dirichlet_10,,
647,0.9861263736263735,0.9196428571428571,2.09375,12.0,1.0,0.1856283961475205,0.25448363510513133,dirichlet_10,,
648,0.9211538461538461,0.7688492063492063,5.625,21.0,0.6666666666666666,0.3277838301769087,0.3445829181103753,dirichlet_10,,
649,0.9595238095238093,0.8382936507936508,3.90625,19.0,0.5384615384615384,0.2949717360314049,0.3199527532109015,dirichlet_10,,
650,0.9920329670329668,0.933531746031746,1.75,7.0,1.0,0.17555315977958416,0.24591332679201136,dirichlet_10,,
651,0.9957875457875456,0.9553571428571428,1.28125,5.0,1.0,0.10955981805343401,0.23627610988259914,dirichlet_10,,
652,0.9956959706959705,0.9523809523809523,1.25,4.0,1.0,0.09076155693387766,0.21573914296793342,dirichlet_10,,
653,0.9940934065934065,0.9474206349206349,1.4375,6.0,0.6666666666666666,0.1523661508964907,0.2354762639357933,dirichlet_10,,
654,0.9847069597069595,0.9126984126984127,2.1875,15.0,1.0,0.14294963406184596,0.23616717153772845,dirichlet_10,,
655,0.9930402930402931,0.9404761904761904,1.65625,7.0,1.0,0.16837683971703993,0.2504469414136187,dirichlet_10,,
656,0.9861263736263735,0.9107142857142857,2.1875,13.0,0.8181818181818182,0.1744658414355729,0.28314949684088997,dirichlet_10,,
657,0.9969780219780219,0.976190476190476,0.71875,9.0,1.0,0.0700994940060729,0.22298431909624195,dirichlet_10,,
658,0.930631868131868,0.7797619047619048,5.21875,20.0,0.8181818181818182,0.3527837620473575,0.37639188102367876,dirichlet_10,,
659,0.9919871794871794,0.939484126984127,1.5,10.0,0.6666666666666666,0.1618701893003234,0.27810588549125603,dirichlet_10,,
660,0.9846611721611721,0.9107142857142857,2.15625,16.0,0.6666666666666666,0.27319292893233516,0.29926277175210997,dirichlet_10,,
661,0.9900641025641025,0.9196428571428571,2.0625,6.0,1.0,0.14805417032205093,0.2515923007699737,dirichlet_10,,
662,0.9950091575091573,0.9503968253968254,1.25,6.0,0.6666666666666666,0.10559717783582581,0.22239291316970886,dirichlet_10,,
663,0.9575549450549449,0.8273809523809523,4.25,15.0,0.6666666666666666,0.29392680089655887,0.2783941317079138,dirichlet_10,,
664,0.9677197802197802,0.9097222222222221,2.40625,23.0,0.6666666666666666,0.17579209351900726,0.2460125349241996,dirichlet_10,,
665,0.98264652014652,0.9047619047619047,2.34375,17.0,0.8181818181818182,0.2216728995343865,0.2984366276546716,dirichlet_10,,
666,0.9767399267399265,0.8918650793650793,2.84375,14.0,1.0,0.25854252502753255,0.27910392467429035,dirichlet_10,,
667,0.9829670329670329,0.8988095238095237,2.4375,12.0,0.8181818181818182,0.17745590133167685,0.27637691742005804,dirichlet_10,,
668,0.9886904761904761,0.9186507936507936,2.21875,7.0,0.8181818181818182,0.2183275048587301,0.26701808919115,dirichlet_10,,
669,0.9658882783882782,0.8501984126984127,3.75,15.0,0.5384615384615384,0.26265357288733077,0.3105526453488041,dirichlet_10,,
670,0.9399725274725275,0.8700396825396826,3.15625,34.0,1.0,0.29151799054799526,0.28872126527902875,dirichlet_10,,
671,0.9906593406593405,0.931547619047619,1.78125,8.0,1.0,0.21807798103092177,0.2539088712274292,dirichlet_10,,
672,0.9674908424908424,0.8472222222222222,3.78125,11.0,0.6666666666666666,0.3357061408355124,0.28311100853516147,dirichlet_10,,
673,0.9952838827838826,0.9533730158730157,1.21875,7.0,0.8181818181818182,0.09572862645677116,0.2292190790967237,dirichlet_10,,
674,0.9126373626373625,0.7599206349206349,5.5625,26.0,0.5384615384615384,0.33200977333440074,0.3102493698619151,dirichlet_10,,
675,0.9695970695970695,0.8591269841269842,3.4375,18.0,0.8181818181818182,0.2666245334868328,0.2701536323126484,dirichlet_10,,
676,0.9743589743589743,0.8730158730158729,3.0,18.0,0.5384615384615384,0.28140729775486373,0.27978549438827555,dirichlet_10,,
677,0.9869047619047617,0.929563492063492,1.84375,13.0,0.8181818181818182,0.11098765689995191,0.23369351035183597,dirichlet_10,,
678,0.947069597069597,0.8224206349206349,4.25,24.0,0.42857142857142855,0.27458477273931026,0.2927704552520075,dirichlet_10,,
679,0.966712454212454,0.8561507936507935,3.5,13.0,0.6666666666666666,0.25787909494934247,0.25423919085135227,dirichlet_10,,
680,0.9659798534798534,0.861111111111111,3.4375,14.0,1.0,0.31986665986615365,0.28723831926213594,dirichlet_10,,
681,0.9957417582417581,0.9543650793650793,1.3125,4.0,1.0,0.08755256788449209,0.22123247684038216,dirichlet_10,,
682,0.9833333333333332,0.8928571428571428,2.71875,8.0,0.6666666666666666,0.1790100775591106,0.28526555430457623,dirichlet_10,,
683,0.9528846153846153,0.8244047619047619,4.0625,22.0,0.5384615384615384,0.2998364077271889,0.278344949607317,dirichlet_10,,
684,0.9866300366300367,0.9166666666666666,2.21875,10.0,0.6666666666666666,0.20595376125108844,0.25962940242912824,dirichlet_10,,
685,0.9951923076923076,0.9503968253968254,1.28125,4.0,1.0,0.09927286589340317,0.22142906969717047,dirichlet_10,,
686,0.9912545787545786,0.927579365079365,1.90625,6.0,1.0,0.2015853413562939,0.2582154017300148,dirichlet_10,,
687,0.9815934065934065,0.8908730158730158,2.65625,10.0,0.8181818181818182,0.2069352743729612,0.2682483165976111,dirichlet_10,,
688,0.9934981684981684,0.9444444444444444,1.46875,8.0,0.8181818181818182,0.10610054692079254,0.23124041429856762,dirichlet_10,,
689,0.9934523809523808,0.9384920634920635,1.5625,5.0,1.0,0.09874589111324261,0.2293621016515679,dirichlet_10,,
690,0.9621336996336997,0.8521825396825397,3.53125,18.0,0.6666666666666666,0.26743648307267687,0.281995144984678,dirichlet_10,,
691,0.9973443223443224,0.9682539682539681,0.8125,6.0,0.8181818181818182,0.105717578252853,0.24986644286875107,dirichlet_10,,
692,0.9983516483516482,0.9781746031746031,0.59375,4.0,1.0,0.048508944899749634,0.21700364564961624,dirichlet_10,,
693,0.9653388278388276,0.8839285714285713,2.84375,23.0,0.8181818181818182,0.24394900272846728,0.27301068810415907,dirichlet_10,,
694,0.9995421245421244,0.9920634920634921,0.25,2.0,1.0,0.04385030282530364,0.2094728335082422,dirichlet_10,,
695,0.9772893772893773,0.8839285714285713,2.75,15.0,0.8181818181818182,0.2261952194306097,0.26174885695022354,dirichlet_10,,
696,0.9616758241758241,0.8462301587301587,3.75,20.0,0.5384615384615384,0.25786124549095346,0.30099302010959905,dirichlet_10,,
697,0.9609890109890108,0.8363095238095238,3.875,15.0,0.5384615384615384,0.3093110483298762,0.29043794149184865,dirichlet_10,,
698,0.9922619047619047,0.9365079365079365,1.6875,6.0,0.8181818181818182,0.18012750220516466,0.24762960033993553,dirichlet_10,,
699,0.9808150183150182,0.9176587301587302,2.03125,16.0,0.8181818181818182,0.12348671960052279,0.24709263886203067,dirichlet_10,,
700,0.9864010989010987,0.9117063492063491,2.1875,13.0,0.6666666666666666,0.15232051160897533,0.2617347996415298,dirichlet_10,,
701,0.947069597069597,0.8174603174603173,4.34375,20.0,0.6666666666666666,0.289367178869173,0.31956742904314667,dirichlet_10,,
702,0.987912087912088,0.9156746031746031,2.25,8.0,0.8181818181818182,0.21272170796058043,0.2765747941790981,dirichlet_10,,
703,0.9955128205128204,0.9573412698412698,1.1875,6.0,0.6666666666666666,0.1456575392256595,0.25545585845093394,dirichlet_10,,
704,0.9951923076923076,0.9543650793650793,1.28125,6.0,1.0,0.13455271655620435,0.26473549589541645,dirichlet_10,,
705,0.9780219780219779,0.8908730158730158,2.59375,16.0,0.6666666666666666,0.16706547232265578,0.27076986797269964,dirichlet_10,,
706,0.9290293040293038,0.7896825396825398,5.0,33.0,0.8181818181818182,0.37704277447621243,0.317184706873992,dirichlet_10,,
707,0.9892399267399264,0.9265873015873015,1.84375,8.0,1.0,0.1701095507274977,0.23980779438932812,dirichlet_10,,
708,0.9561355311355311,0.861111111111111,3.5,24.0,1.0,0.3371700185538009,0.3042584197065783,dirichlet_10,,
709,0.9954212454212452,0.9523809523809523,1.25,6.0,1.0,0.261455969484783,0.3307279847423915,dirichlet_10,,
710,0.9435439560439559,0.8849206349206349,2.875,34.0,0.8181818181818182,0.2224266639488229,0.26328073209061503,dirichlet_10,,
711,0.9873168498168498,0.9166666666666666,2.1875,8.0,1.0,0.17799645179750326,0.2604625553589544,dirichlet_10,,
712,0.9836538461538461,0.8968253968253967,2.59375,8.0,1.0,0.2002243509206071,0.2544087072555448,dirichlet_10,,
713,0.9656593406593406,0.8700396825396826,3.03125,21.0,0.6666666666666666,0.23542100343905534,0.2719483900229538,dirichlet_10,,
714,0.9819139194139193,0.8958333333333333,2.65625,11.0,0.6666666666666666,0.19856428862236636,0.27383686626331927,dirichlet_10,,
715,0.9907509157509157,0.9265873015873015,1.9375,7.0,1.0,0.16129163982849906,0.24747886353436957,dirichlet_10,,
716,0.9795329670329669,0.9246031746031745,1.9375,22.0,1.0,0.17968208001524785,0.26467439726413244,dirichlet_10,,
717,0.9853937728937727,0.9186507936507936,1.9375,16.0,0.6666666666666666,0.13686684741204075,0.23560036878456964,dirichlet_10,,
718,0.9623168498168497,0.8412698412698413,4.15625,10.0,0.8181818181818182,0.22359484755974837,0.2567768133234183,dirichlet_10,,
719,0.9362637362637362,0.798611111111111,4.75,27.0,0.42857142857142855,0.3268065141068556,0.3634032570534277,dirichlet_10,,
720,0.995054945054945,0.9503968253968254,1.28125,5.0,1.0,0.14379847789540473,0.24040349345736842,dirichlet_10,,
721,0.9742673992673992,0.8730158730158729,3.34375,10.0,1.0,0.19550978891489293,0.2444027633830742,dirichlet_10,,
722,0.9624999999999999,0.8799603174603174,2.8125,31.0,0.8181818181818182,0.245463742627413,0.30118813720308807,dirichlet_10,,
723,0.9718864468864467,0.875,3.0,18.0,0.5384615384615384,0.16949209039079438,0.27553185822813464,dirichlet_10,,
724,0.9869047619047617,0.9146825396825395,2.21875,8.0,1.0,0.19894107328411947,0.2638383535469455,dirichlet_10,,
725,0.9931776556776557,0.941468253968254,1.53125,8.0,0.6666666666666666,0.14008719857809282,0.2545701778658456,dirichlet_10,,
726,0.9814560439560439,0.9057539682539683,2.4375,16.0,1.0,0.224701822978179,0.2683866058859481,dirichlet_10,,
727,0.9614926739926739,0.8402777777777777,3.78125,20.0,0.8181818181818182,0.26777369114677996,0.3126414301548377,dirichlet_10,,
728,0.9929487179487179,0.9374999999999999,1.6875,6.0,0.6666666666666666,0.15559231731914433,0.24462149641884018,dirichlet_10,,
729,0.9972069597069595,0.9662698412698413,0.90625,5.0,1.0,0.10508227806025125,0.22723572973210016,dirichlet_10,,
730,0.8838827838827836,0.7083333333333333,7.0625,23.0,0.5384615384615384,0.3945901441443814,0.31249205003087605,dirichlet_10,,
731,0.9655677655677655,0.8521825396825397,3.40625,17.0,0.8181818181818182,0.23036822061977413,0.31518411030988713,dirichlet_10,,
732,0.9861721611721611,0.9077380952380952,2.3125,10.0,0.8181818181818182,0.18481032586391932,0.26586980265481464,dirichlet_10,,
733,0.9983058608058608,0.9811507936507935,0.5625,6.0,1.0,0.10011097693121479,0.2451721320394627,dirichlet_10,,
734,0.97760989010989,0.8759920634920634,3.09375,10.0,0.8181818181818182,0.2046600997143254,0.28577699038956544,dirichlet_10,,
735,0.9871794871794871,0.9434523809523809,1.5625,18.0,1.0,0.13011390812336296,0.2480825521401255,dirichlet_10,,
736,0.9768772893772891,0.8839285714285713,2.90625,15.0,0.6666666666666666,0.26709756342812924,0.28884740009939475,dirichlet_10,,
737,0.9857600732600732,0.9117063492063491,2.34375,8.0,0.8181818181818182,0.22178847450730924,0.27997391024398954,dirichlet_10,,
738,0.9777930402930401,0.886904761904762,2.78125,13.0,0.8181818181818182,0.3034223446294344,0.32991176935944116,dirichlet_10,,
739,0.9790750915750913,0.8888888888888888,2.84375,10.0,0.8181818181818182,0.1527580216770162,0.25385644154723375,dirichlet_10,,
740,0.98507326007326,0.9196428571428571,1.96875,16.0,0.8181818181818182,0.18464078359752886,0.2523617690210681,dirichlet_10,,
741,0.912087912087912,0.7728174603174602,5.3125,27.0,0.42857142857142855,0.37150244907752605,0.29255114468010585,dirichlet_10,,
742,0.9565934065934064,0.8680555555555555,3.15625,26.0,0.6666666666666666,0.27365363515588115,0.27543751409313494,dirichlet_10,,
743,0.9907509157509157,0.9265873015873015,1.96875,8.0,0.8181818181818182,0.14883686035338703,0.2460271261325081,dirichlet_10,,
744,0.9942307692307691,0.9474206349206349,1.40625,7.0,1.0,0.24725642361780997,0.2937577661505604,dirichlet_10,,
745,0.9662087912087911,0.8680555555555555,3.15625,22.0,0.8181818181818182,0.25570093273402145,0.2786470244400704,dirichlet_10,,
746,0.9683608058608056,0.8541666666666666,3.59375,11.0,0.8181818181818182,0.22151140266247163,0.2943196508671154,dirichlet_10,,
747,0.9968406593406592,0.9603174603174602,1.09375,4.0,0.8181818181818182,0.07499149703493974,0.22989167496383234,dirichlet_10,,
748,0.9778846153846155,0.8928571428571428,2.46875,18.0,0.8181818181818182,0.2263549823199811,0.26754414144980027,dirichlet_10,,
749,0.9766483516483515,0.8849206349206349,2.84375,15.0,0.6666666666666666,0.17427954790816877,0.28713977395408435,dirichlet_10,,
750,0.9945512820512821,0.9454365079365078,1.40625,5.0,1.0,0.12784138942798998,0.23837682963968881,dirichlet_10,,
751,0.9563644688644688,0.8402777777777777,3.78125,24.0,0.42857142857142855,0.33993162326187265,0.2989939246084854,dirichlet_10,,
752,0.9820970695970694,0.8998015873015873,2.5625,9.0,1.0,0.20130746622833562,0.24345505509562634,dirichlet_10,,
753,0.9461080586080586,0.810515873015873,4.59375,21.0,0.5384615384615384,0.33517349268268015,0.32126696529108084,dirichlet_10,,
754,0.9949175824175823,0.9494047619047619,1.40625,6.0,1.0,0.09802267747768895,0.22289451543078284,dirichlet_10,,
755,0.9862179487179485,0.9047619047619047,2.34375,7.0,0.8181818181818182,0.25783413769957597,0.2717335484657445,dirichlet_10,,
756,0.990613553113553,0.9265873015873015,1.75,11.0,0.6666666666666666,0.18679712966604176,0.2573395205787363,dirichlet_10,,
757,0.9635531135531133,0.8501984126984127,3.53125,22.0,0.5384615384615384,0.26201449857714143,0.29367963185419016,dirichlet_10,,
758,0.9931776556776557,0.9424603174603173,1.53125,6.0,1.0,0.11929541985055461,0.22967165906367534,dirichlet_10,,
759,0.967032967032967,0.8621031746031745,3.3125,21.0,0.8181818181818182,0.20443376400065943,0.2984028678073427,dirichlet_10,,
760,0.944642857142857,0.8878968253968254,2.8125,29.0,1.0,0.24022344715736665,0.26231988920383204,dirichlet_10,,
761,0.9882326007326007,0.9226190476190474,1.96875,9.0,0.8181818181818182,0.2054054861196515,0.25815947671292844,dirichlet_10,,
762,0.9882783882783882,0.9146825396825395,2.21875,7.0,0.8181818181818182,0.16771113939557156,0.28061002257101353,dirichlet_10,,
763,0.9656135531135531,0.8591269841269842,3.46875,17.0,0.5384615384615384,0.2236330210013013,0.3036706905627549,dirichlet_10,,
764,0.9411630036630035,0.8075396825396824,5.03125,14.0,0.8181818181818182,0.2717968944705073,0.2871738236888113,dirichlet_10,,
765,0.9956959706959705,0.9543650793650793,1.21875,6.0,1.0,0.12952038220432865,0.25093278650870193,dirichlet_10,,
766,0.9180402930402929,0.7708333333333333,5.375,27.0,0.5384615384615384,0.35201420202566525,0.3760071010128326,dirichlet_10,,
767,0.9924908424908423,0.9345238095238094,1.6875,5.0,0.8181818181818182,0.17272770870113707,0.24629683077217648,dirichlet_10,,
768,0.9712454212454211,0.875,2.9375,18.0,0.8181818181818182,0.2519376362129707,0.2785516779275383,dirichlet_10,,
769,0.9858058608058609,0.9047619047619047,2.4375,8.0,0.8181818181818182,0.1716390391959747,0.2742145373301694,dirichlet_10,,
770,0.974679487179487,0.8779761904761905,3.0,17.0,0.8181818181818182,0.2662480262978586,0.2868098147352718,dirichlet_10,,
771,0.991025641025641,0.9265873015873015,2.0,6.0,1.0,0.13879754688444063,0.23690412011626139,dirichlet_10,,
772,0.9719322344322343,0.8878968253968254,2.84375,17.0,0.6666666666666666,0.2191829046614498,0.2623164369295124,dirichlet_10,,
773,0.9606684981684981,0.8402777777777777,3.96875,15.0,0.8181818181818182,0.29873562599852127,0.3086678147693467,dirichlet_10,,
774,0.9567765567765567,0.8333333333333334,4.03125,19.0,0.5384615384615384,0.2392676338495419,0.31816383674623766,dirichlet_10,,
775,0.9574633699633699,0.8482142857142856,3.5,25.0,0.8181818181818182,0.3640478539762451,0.31488732560901694,dirichlet_10,,
776,0.891712454212454,0.7658730158730158,5.5,48.0,0.6666666666666666,0.4251365633434073,0.4125682816717037,dirichlet_10,,
777,0.9943681318681318,0.9494047619047619,1.375,6.0,1.0,0.12496782370537224,0.23532582900517465,dirichlet_10,,
778,0.9789377289377289,0.8918650793650793,2.8125,12.0,1.0,0.25349743013715564,0.2666462105915122,dirichlet_10,,
779,0.9787545787545786,0.8789682539682538,2.96875,8.0,0.8181818181818182,0.26217940028576137,0.2947304577545104,dirichlet_10,,
780,0.9590659340659341,0.8482142857142856,3.65625,20.0,0.5384615384615384,0.25134313268270037,0.3104687437103151,dirichlet_10,,
781,0.9838827838827837,0.9117063492063491,2.21875,13.0,0.6666666666666666,0.1325934147412993,0.26513834425315563,dirichlet_10,,
782,0.9900183150183148,0.929563492063492,1.875,7.0,0.8181818181818182,0.14713376384380672,0.24247264691013146,dirichlet_10,,
783,0.9441849816849816,0.8075396825396824,4.65625,18.0,0.5384615384615384,0.33032917701459874,0.27226688025498863,dirichlet_10,,
784,0.963690476190476,0.8462301587301587,3.5625,17.0,0.8181818181818182,0.2454524616771465,0.32272623083857316,dirichlet_10,,
785,0.966712454212454,0.8690476190476191,3.21875,26.0,0.8181818181818182,0.29892206970379576,0.3286127579057328,dirichlet_10,,
786,0.9863553113553112,0.9077380952380952,2.46875,7.0,1.0,0.1435865335323382,0.24932111827314876,dirichlet_10,,
787,0.9918956043956043,0.9355158730158729,1.71875,6.0,0.8181818181818182,0.12716851013324085,0.23695329652587765,dirichlet_10,,
788,0.966117216117216,0.8482142857142856,3.65625,13.0,0.6666666666666666,0.2510566078886179,0.26139165173085993,dirichlet_10,,
789,0.9103479853479851,0.7916666666666666,4.96875,34.0,1.0,0.4070119944122895,0.30590340484159556,dirichlet_10,,
790,0.9904304029304027,0.9265873015873015,1.875,9.0,0.6666666666666666,0.12038859857379608,0.25875858722316497,dirichlet_10,,
791,0.9796245421245421,0.8878968253968254,2.9375,9.0,0.8181818181818182,0.30713345628595967,0.3333704139670006,dirichlet_10,,
792,0.9646062271062269,0.8482142857142856,3.84375,13.0,1.0,0.19854102919086378,0.28012232581819274,dirichlet_10,,
793,0.9934523809523808,0.9434523809523809,1.53125,7.0,1.0,0.14520496896912496,0.23555275457828628,dirichlet_10,,
794,0.9781135531135531,0.8819444444444444,3.03125,9.0,0.8181818181818182,0.3202149902083542,0.3002743442896008,dirichlet_10,,
795,0.9592490842490841,0.8938492063492063,2.71875,24.0,0.8181818181818182,0.20254371141675437,0.2473972095218699,dirichlet_10,,
796,0.9836080586080587,0.8988095238095237,2.53125,11.0,1.0,0.22862562935086922,0.2824542974519185,dirichlet_10,,
797,0.9828296703296703,0.8928571428571428,2.6875,8.0,0.6666666666666666,0.17020977435338258,0.26602553852467015,dirichlet_10,,
798,0.9711996336996336,0.861111111111111,3.46875,12.0,1.0,0.19714987246197932,0.2577739721299649,dirichlet_10,,
799,0.9698717948717948,0.8581349206349206,3.5625,11.0,0.8181818181818182,0.28222977565924584,0.27381431056400896,dirichlet_10,,
800,0.9445512820512818,0.8174603174603173,4.34375,26.0,0.42857142857142855,0.28425927060752154,0.30400343729098805,dirichlet_10,,
801,0.9798534798534797,0.8978174603174603,2.59375,15.0,0.6666666666666666,0.17728205635383135,0.2629756219409839,dirichlet_10,,
802,0.9344780219780219,0.8263888888888888,3.84375,36.0,0.8181818181818182,0.2680479520852018,0.3034251220866641,dirichlet_10,,
803,0.9134615384615383,0.7509920634920634,5.90625,22.0,0.8181818181818182,0.3651175502428796,0.33379262615118754,dirichlet_10,,
804,0.997161172161172,0.9692460317460317,0.875,6.0,1.0,0.21826158626444672,0.30913079313222336,dirichlet_10,,
805,0.9412087912087912,0.798611111111111,4.9375,13.0,0.6666666666666666,0.33606114557168953,0.29940937658913835,dirichlet_10,,
806,0.9533882783882782,0.8273809523809523,4.21875,22.0,0.5384615384615384,0.2553053387021529,0.32452208091553597,dirichlet_10,,
807,0.9919871794871794,0.9305555555555556,1.8125,6.0,1.0,0.1779055232680468,0.2321361655443715,dirichlet_10,,
808,0.987912087912088,0.9136904761904762,2.34375,7.0,0.8181818181818182,0.18628068911298673,0.2655256106378178,dirichlet_10,,
809,0.9895604395604396,0.9186507936507936,2.125,7.0,0.8181818181818182,0.24077411731769663,0.2906189841208806,dirichlet_10,,
810,0.9872710622710622,0.9097222222222221,2.34375,8.0,0.8181818181818182,0.24987643246218147,0.3249382162310907,dirichlet_10,,
811,0.9883699633699633,0.927579365079365,1.875,13.0,1.0,0.16938670874111195,0.2699159859437877,dirichlet_10,,
812,0.9834706959706958,0.8968253968253967,2.6875,10.0,0.8181818181818182,0.18660391918778593,0.2856907310658262,dirichlet_10,,
813,0.9878205128205128,0.9186507936507936,2.0625,11.0,0.6666666666666666,0.13930782392537994,0.2687779787397781,dirichlet_10,,
814,0.9842490842490841,0.9047619047619047,2.28125,15.0,1.0,0.16465989886739088,0.24474277785196197,dirichlet_10,,
815,0.9632783882783881,0.8472222222222222,3.75,17.0,0.6666666666666666,0.2354610483414592,0.2835203439260829,dirichlet_10,,
816,0.9733058608058607,0.8660714285714285,3.5,9.0,1.0,0.2176602199549526,0.290052390369567,dirichlet_10,,
817,0.9701007326007325,0.8958333333333333,2.59375,24.0,0.8181818181818182,0.18600653376962986,0.2762583280070506,dirichlet_10,,
818,0.9414835164835165,0.861111111111111,3.21875,36.0,1.0,0.2616756278641375,0.26537592074163974,dirichlet_10,,
819,0.966712454212454,0.8521825396825397,3.53125,19.0,0.5384615384615384,0.27274200637140145,0.2912102547940406,dirichlet_10,,
820,0.9978021978021977,0.976190476190476,0.75,4.0,1.0,0.07092448637967369,0.22085117409339128,dirichlet_10,,
821,0.9586996336996336,0.8521825396825397,3.59375,18.0,0.5384615384615384,0.2764380450138358,0.2525374264636307,dirichlet_10,,
822,0.990705128205128,0.9255952380952381,1.90625,6.0,0.8181818181818182,0.1841510787212679,0.2706684515890517,dirichlet_10,,
823,0.9418956043956044,0.861111111111111,3.1875,34.0,0.8181818181818182,0.20981615909628298,0.2816133853492553,dirichlet_10,,
824,0.9931776556776557,0.9444444444444444,1.53125,6.0,0.6666666666666666,0.19877386638660094,0.26713218474382805,dirichlet_10,,
825,0.9893315018315018,0.9265873015873015,1.84375,12.0,0.6666666666666666,0.11337100586748611,0.2566855029337429,dirichlet_10,,
826,0.9895604395604396,0.9255952380952381,1.96875,10.0,0.6666666666666666,0.11757763831774987,0.25878881915887486,dirichlet_10,,
827,0.9959249084249083,0.9543650793650793,1.21875,4.0,1.0,0.07821233677702427,0.23507236130640158,dirichlet_10,,
828,0.9774267399267399,0.8799603174603174,3.09375,9.0,0.8181818181818182,0.23386888291345553,0.30009008959777783,dirichlet_10,,
829,0.9939102564102563,0.9444444444444444,1.53125,5.0,1.0,0.11261111205275695,0.22963738334209033,dirichlet_10,,
830,0.9923992673992673,0.9345238095238094,1.6875,6.0,1.0,0.23149165344888895,0.28183159372439026,dirichlet_10,,
831,0.9939560439560439,0.9434523809523809,1.53125,6.0,1.0,0.19703407361529032,0.2538140467414259,dirichlet_10,,
832,0.8903846153846153,0.7291666666666666,6.25,30.0,0.5384615384615384,0.3375007605389049,0.351798100068885,dirichlet_10,,
833,0.9259615384615385,0.7956349206349206,4.8125,34.0,0.8181818181818182,0.4026628648440457,0.35914983036996057,dirichlet_10,,
834,0.9773809523809522,0.8918650793650793,2.65625,18.0,0.6666666666666666,0.17087763721266458,0.2771200700896855,dirichlet_10,,
835,0.977701465201465,0.8928571428571428,2.875,14.0,0.8181818181818182,0.18447935639479313,0.26799578162301696,dirichlet_10,,
836,0.9761904761904759,0.8859126984126984,2.90625,15.0,0.8181818181818182,0.2930968275958259,0.30272070641297016,dirichlet_10,,
837,0.9915293040293041,0.931547619047619,1.78125,6.0,0.8181818181818182,0.2004413004169807,0.2580976933204477,dirichlet_10,,
838,0.9967490842490841,0.9632936507936507,1.0,6.0,0.8181818181818182,0.21268593811980824,0.30634296905990416,dirichlet_10,,
839,0.9601190476190475,0.8521825396825397,3.625,21.0,0.5384615384615384,0.22890347222457766,0.3059129980815838,dirichlet_10,,
840,0.9663461538461537,0.8601190476190476,3.46875,20.0,0.5384615384615384,0.3458119330141042,0.31696803231160575,dirichlet_10,,
841,0.9660256410256408,0.8591269841269842,3.375,22.0,1.0,0.2728711852902629,0.2702421992052098,dirichlet_10,,
842,0.9514652014652013,0.8492063492063492,3.71875,23.0,0.6666666666666666,0.29563680873813547,0.2807010185336583,dirichlet_10,,
843,0.975686813186813,0.8898809523809524,2.84375,18.0,1.0,0.2727688276130519,0.270117597097657,dirichlet_10,,
844,0.9860805860805859,0.9107142857142857,2.15625,12.0,0.6666666666666666,0.2865668157332657,0.3241963032226496,dirichlet_10,,
845,0.9762362637362636,0.8779761904761905,3.0,13.0,0.8181818181818182,0.3005261395200808,0.31597021705095907,dirichlet_10,,
846,0.9804029304029303,0.9047619047619047,2.375,15.0,0.6666666666666666,0.1698181889439447,0.2482871788288985,dirichlet_10,,
847,0.9722069597069596,0.876984126984127,3.09375,13.0,0.8181818181818182,0.26722801427651255,0.28614107062745897,dirichlet_10,,
848,0.9872252747252748,0.9077380952380952,2.46875,7.0,0.6666666666666666,0.16588685714246898,0.27691590361308277,dirichlet_10,,
849,0.9238095238095237,0.7996031746031745,4.8125,36.0,0.42857142857142855,0.3466625774747829,0.36094103142005085,dirichlet_10,,
850,0.9375915750915751,0.810515873015873,4.4375,33.0,0.8181818181818182,0.3391315905619393,0.3273333217634549,dirichlet_10,,
851,0.9875457875457875,0.9117063492063491,2.25,8.0,0.8181818181818182,0.1660139943495691,0.2526311184464413,dirichlet_10,,
852,0.9880494505494504,0.9156746031746031,2.125,8.0,0.8181818181818182,0.2774107837470158,0.3046850532601228,dirichlet_10,,
853,0.9957417582417581,0.9563492063492064,1.15625,6.0,0.6666666666666666,0.24188854468336535,0.32094427234168266,dirichlet_10,,
854,0.9788461538461537,0.8998015873015873,2.5,17.0,0.6666666666666666,0.1942148463307146,0.25770086774217327,dirichlet_10,,
855,0.9454670329670328,0.8075396825396824,4.78125,13.0,0.8181818181818182,0.34165459355249117,0.34504596965232837,dirichlet_10,,
856,0.9847069597069595,0.9087301587301587,2.5,9.0,0.8181818181818182,0.21449155946231094,0.26482634870169347,dirichlet_10,,
857,0.9662087912087911,0.8859126984126984,2.9375,20.0,1.0,0.23574807297430836,0.2613591996986302,dirichlet_10,,
858,0.9918040293040291,0.9285714285714286,1.84375,6.0,1.0,0.1208631623054906,0.23669899046031162,dirichlet_10,,
859,0.9298076923076922,0.7857142857142857,5.03125,23.0,0.5384615384615384,0.3747078170124311,0.33637459699590105,dirichlet_10,,
860,0.9477106227106226,0.816468253968254,4.4375,17.0,0.6666666666666666,0.31362754589560093,0.28236437243887835,dirichlet_10,,
861,0.994047619047619,0.9712301587301586,0.84375,13.0,1.0,0.07862760045062478,0.21501096393650287,dirichlet_10,,
862,0.9577380952380952,0.8244047619047619,4.34375,13.0,0.6666666666666666,0.32311089056673914,0.2970471308070361,dirichlet_10,,
863,0.9766025641025641,0.8789682539682538,3.03125,12.0,0.6666666666666666,0.26646802542425285,0.28892803339699774,dirichlet_10,,
864,0.9923076923076922,0.9345238095238094,1.71875,7.0,0.8181818181818182,0.22624545246341438,0.29571283496557466,dirichlet_10,,
865,0.9661630036630035,0.8898809523809524,2.78125,23.0,1.0,0.22293834731489748,0.26422940804964273,dirichlet_10,,
866,0.9790750915750913,0.8878968253968254,3.0,8.0,1.0,0.23655851134552333,0.308717385318508,dirichlet_10,,
867,0.9578754578754578,0.8313492063492064,4.1875,15.0,0.8181818181818182,0.2625282610514054,0.314887799456157,dirichlet_10,,
868,0.9684065934065934,0.8521825396825397,3.65625,12.0,1.0,0.26586467472250896,0.2710524975737135,dirichlet_10,,
869,0.920650183150183,0.7886904761904762,4.71875,33.0,0.8181818181818182,0.3931454304040935,0.36521554001112616,dirichlet_10,,
870,0.98003663003663,0.886904761904762,2.84375,9.0,0.8181818181818182,0.2995471690507825,0.30008567642104605,dirichlet_10,,
871,0.9990384615384613,0.984126984126984,0.46875,3.0,1.0,0.04932786864236344,0.2245715418409279,dirichlet_10,,
872,0.9804029304029303,0.8918650793650793,2.75,9.0,0.8181818181818182,0.2210334216037222,0.24407854293487716,dirichlet_10,,
873,0.9784340659340658,0.8998015873015873,2.53125,16.0,0.6666666666666666,0.18694193043816576,0.2729753624622767,dirichlet_10,,
874,0.9923992673992673,0.933531746031746,1.8125,6.0,1.0,0.1484462368600825,0.24040398984369654,dirichlet_10,,
875,0.9956959706959705,0.9563492063492064,1.125,6.0,0.8181818181818182,0.10678348491062983,0.2399853015822432,dirichlet_10,,
876,0.9357600732600732,0.7896825396825398,5.0625,15.0,0.5384615384615384,0.3473066181689041,0.32242613186824925,dirichlet_10,,
877,0.9883699633699633,0.9206349206349207,2.125,10.0,0.6666666666666666,0.145585228087919,0.263016559247933,dirichlet_10,,
878,0.953205128205128,0.8224206349206349,4.34375,17.0,0.6666666666666666,0.27026040903620463,0.28161361648407823,dirichlet_10,,
879,0.9788003663003663,0.8878968253968254,2.78125,15.0,1.0,0.209629257131921,0.24379943099689022,dirichlet_10,,
880,0.9832417582417582,0.9007936507936508,2.4375,11.0,0.6666666666666666,0.19262195521841868,0.2555421846870805,dirichlet_10,,
881,0.9770146520146518,0.886904761904762,2.71875,18.0,0.6666666666666666,0.24755018808775434,0.26662076205697516,dirichlet_10,,
882,0.9246336996336996,0.8194444444444444,4.15625,40.0,0.6666666666666666,0.36778592596398224,0.32955988970403904,dirichlet_10,,
883,0.9768315018315018,0.8779761904761905,3.09375,14.0,0.6666666666666666,0.22515269412611197,0.28709498917656695,dirichlet_10,,
884,0.9839743589743588,0.8988095238095237,2.5625,7.0,0.8181818181818182,0.2405177203465732,0.29800325779404085,dirichlet_10,,
885,0.9170787545787544,0.7668650793650794,5.5625,25.0,0.42857142857142855,0.34490214512038125,0.35142748593542805,dirichlet_10,,
886,0.9660256410256408,0.8779761904761905,2.96875,20.0,0.6666666666666666,0.2332984140528423,0.2524651397129527,dirichlet_10,,
887,0.9863553113553112,0.9087301587301587,2.40625,8.0,1.0,0.16834638624478782,0.23742688623031372,dirichlet_10,,
888,0.9843864468864468,0.8998015873015873,2.46875,10.0,0.8181818181818182,0.21859019144160377,0.28844499090340325,dirichlet_10,,
889,0.929532967032967,0.7867063492063491,5.03125,27.0,0.42857142857142855,0.3146458438484303,0.35732292192421516,dirichlet_10,,
890,0.9830128205128205,0.8968253968253967,2.59375,8.0,1.0,0.18533632808020634,0.24253327180454184,dirichlet_10,,
891,0.9766941391941392,0.9166666666666666,2.125,19.0,1.0,0.17524161609553057,0.2529961206544481,dirichlet_10,,
892,0.9938186813186812,0.9494047619047619,1.3125,8.0,0.8181818181818182,0.30113428726284164,0.3505671436314208,dirichlet_10,,
893,0.9956501831501829,0.9573412698412698,1.1875,6.0,0.6666666666666666,0.13939033345281404,0.2546258127221946,dirichlet_10,,
894,0.9595238095238093,0.8551587301587301,3.40625,22.0,0.5384615384615384,0.2253505897313687,0.28284187841988645,dirichlet_10,,
895,0.9736263736263735,0.8819444444444444,3.0,19.0,0.5384615384615384,0.2330062749503226,0.29383316814093263,dirichlet_10,,
896,0.9572344322344322,0.8373015873015872,4.0625,14.0,0.6666666666666666,0.32512149183088246,0.3255451040841434,dirichlet_10,,
897,0.9878663003663003,0.9146825396825395,2.21875,7.0,1.0,0.22662189259303803,0.26131042064079707,dirichlet_10,,
898,0.9868589743589743,0.9126984126984127,2.34375,8.0,0.8181818181818182,0.24217535807491428,0.30621637932088447,dirichlet_10,,
899,0.9870879120879119,0.9146825396825395,2.1875,10.0,0.6666666666666666,0.17741265303806986,0.2576198807534011,dirichlet_10,,
900,0.9859890109890108,0.9146825396825395,2.1875,10.0,0.8181818181818182,0.23655654389650393,0.2665849389874741,dirichlet_10,,
901,0.9653846153846153,0.8452380952380951,3.71875,13.0,0.8181818181818182,0.24870096919406579,0.29527763475850577,dirichlet_10,,
902,0.9956501831501829,0.9563492063492064,1.15625,6.0,1.0,0.1695312342465552,0.28278152595255185,dirichlet_10,,
903,0.9491758241758241,0.8432539682539681,3.90625,23.0,0.8181818181818182,0.3425955123370051,0.3132296593316083,dirichlet_10,,
904,0.9849358974358972,0.9087301587301587,2.34375,12.0,0.6666666666666666,0.1735378283438706,0.25234533659102276,dirichlet_10,,
905,0.9733516483516482,0.8799603174603174,3.0625,14.0,1.0,0.30336779515946277,0.2783517436025098,dirichlet_10,,
906,0.9754578754578752,0.8789682539682538,2.90625,15.0,0.5384615384615384,0.252892062768483,0.2716948156344548,dirichlet_10,,
907,0.9720238095238095,0.8581349206349206,3.53125,10.0,0.5384615384615384,0.22963914460162563,0.285483966948236,dirichlet_10,,
908,0.9681776556776556,0.8521825396825397,3.53125,12.0,0.8181818181818182,0.17734086617263878,0.28867043308631934,dirichlet_10,,
909,0.9702380952380951,0.861111111111111,3.375,15.0,0.8181818181818182,0.24848672737704156,0.3132462498721704,dirichlet_10,,
910,0.9854853479853479,0.9067460317460316,2.40625,7.0,0.8181818181818182,0.1588724696284586,0.24809226142399562,dirichlet_10,,
911,0.9858516483516482,0.9087301587301587,2.375,8.0,0.8181818181818182,0.19706071270491501,0.28210482995890157,dirichlet_10,,
912,0.9500457875457874,0.8244047619047619,4.0625,24.0,0.5384615384615384,0.27651963418748404,0.2919571221443266,dirichlet_10,,
913,0.9355311355311355,0.7867063492063491,5.0625,16.0,0.5384615384615384,0.3354170480178472,0.3545309576349471,dirichlet_10,,
914,0.9982600732600732,0.9732142857142856,0.8125,3.0,0.8181818181818182,0.04478270730784667,0.22102070964043855,dirichlet_10,,
915,0.972069597069597,0.8660714285714285,3.21875,14.0,0.5384615384615384,0.30215661226261753,0.30826072052456716,dirichlet_10,,
916,0.9698717948717948,0.8700396825396826,3.25,12.0,1.0,0.2505131315513308,0.2587261465897837,dirichlet_10,,
917,0.9851190476190477,0.9097222222222221,2.34375,10.0,0.6666666666666666,0.21203515594207295,0.26688933445854585,dirichlet_10,,
918,0.9621336996336997,0.861111111111111,3.15625,21.0,0.6666666666666666,0.3267153823446029,0.29548551192522415,dirichlet_10,,
919,0.955540293040293,0.8402777777777777,3.71875,22.0,0.5384615384615384,0.25535936600317344,0.28867673258548354,dirichlet_10,,
920,0.9649725274725274,0.8422619047619047,3.9375,12.0,0.6666666666666666,0.323434020620264,0.28137913890629024,dirichlet_10,,
921,0.9981227106227105,0.9771825396825397,0.625,6.0,1.0,0.09973902322487141,0.24145825435540558,dirichlet_10,,
922,0.9608516483516483,0.8541666666666666,3.4375,27.0,1.0,0.28359557857188356,0.28754841679239457,dirichlet_10,,
923,0.9538461538461538,0.8422619047619047,3.78125,25.0,0.6666666666666666,0.34011544460857557,0.28830446657690384,dirichlet_10,,
924,0.9862179487179485,0.9206349206349207,1.9375,16.0,0.6666666666666666,0.13850644659100628,0.23186718528595396,dirichlet_10,,
925,0.9580128205128204,0.8333333333333334,4.34375,12.0,1.0,0.2746826443232563,0.25449694590472693,dirichlet_10,,
926,0.9869963369963369,0.9146825396825395,2.1875,9.0,0.6666666666666666,0.23277053120982658,0.2504910347549274,dirichlet_10,,
927,0.9614010989010988,0.8373015873015872,3.96875,14.0,0.8181818181818182,0.24418076474306485,0.32209038237153237,dirichlet_10,,
928,0.9868589743589743,0.9136904761904762,2.15625,9.0,0.6666666666666666,0.19193658701484906,0.2551306499904109,dirichlet_10,,
929,0.9796245421245421,0.8908730158730158,2.65625,12.0,0.6666666666666666,0.23620045994319144,0.2793360084869077,dirichlet_10,,
930,0.9781135531135531,0.8888888888888888,2.65625,15.0,0.5384615384615384,0.26873467756091785,0.3192413411196667,dirichlet_10,,
931,0.9842948717948719,0.9107142857142857,2.1875,17.0,1.0,0.21129154449209644,0.29253599521155704,dirichlet_10,,
932,0.9893315018315018,0.9216269841269841,2.0,8.0,0.8181818181818182,0.2864842820072538,0.28224776671328944,dirichlet_10,,
933,0.9763736263736262,0.876984126984127,3.03125,11.0,0.6666666666666666,0.21671338256889536,0.2831486183316315,dirichlet_10,,
934,0.9709249084249083,0.8968253968253967,2.53125,19.0,0.6666666666666666,0.18556917406890802,0.24944899647287197,dirichlet_10,,
935,0.9624542124542124,0.8501984126984127,3.5625,19.0,0.6666666666666666,0.25169633446441975,0.28926900298060687,dirichlet_10,,
936,0.9933150183150181,0.9384920634920635,1.5625,6.0,0.6666666666666666,0.10998604960843805,0.23371881958720073,dirichlet_10,,
937,0.9675366300366298,0.8680555555555555,3.25,12.0,0.8181818181818182,0.25948150219337696,0.27105853509893707,dirichlet_10,,
938,0.9369505494505492,0.8184523809523809,4.21875,36.0,1.0,0.28649582322142275,0.3094837996069679,dirichlet_10,,
939,0.921062271062271,0.7767857142857142,5.28125,24.0,0.5384615384615384,0.29259815197150085,0.3462990759857503,dirichlet_10,,
940,0.9628663003663003,0.8968253968253967,2.59375,23.0,1.0,0.22666481637002928,0.24334523114834283,dirichlet_10,,
941,0.9938644688644689,0.9444444444444444,1.46875,6.0,0.6666666666666666,0.11077404660480539,0.2300117014685529,dirichlet_10,,
942,0.9845695970695969,0.9156746031746031,2.15625,17.0,1.0,0.2184328505039134,0.2947556470757241,dirichlet_10,,
943,0.9964285714285713,0.9632936507936507,0.96875,6.0,0.8181818181818182,0.2292006639998536,0.3146003319999269,dirichlet_10,,
944,0.961080586080586,0.8353174603174602,3.78125,18.0,0.8181818181818182,0.2872385864012421,0.294238664354211,dirichlet_10,,
945,0.987912087912088,0.9196428571428571,2.03125,11.0,0.8181818181818182,0.20530796616118843,0.3026539830805942,dirichlet_10,,
946,0.8998626373626373,0.7490079365079365,6.15625,34.0,1.0,0.38520005221431797,0.3271512735173687,dirichlet_10,,
947,0.9768772893772891,0.8789682539682538,3.09375,12.0,0.6666666666666666,0.31607083268038016,0.2844474749706476,dirichlet_10,,
948,0.9902930402930401,0.9265873015873015,1.90625,8.0,0.8181818181818182,0.22022813740720162,0.2818037008003433,dirichlet_10,,
949,0.974771062271062,0.8888888888888888,2.84375,13.0,0.8181818181818182,0.23172695152690603,0.25768323074999966,dirichlet_10,,
950,0.9803113553113553,0.8928571428571428,2.71875,16.0,0.8181818181818182,0.2765691484891841,0.3284064345260852,dirichlet_10,,
951,0.984981684981685,0.9077380952380952,2.5,9.0,0.8181818181818182,0.24383176228322853,0.2903022125685843,dirichlet_10,,
952,0.9624999999999999,0.8551587301587301,3.625,18.0,0.6666666666666666,0.29109568158374677,0.3262817993866967,dirichlet_10,,
953,0.9554029304029303,0.8353174603174602,3.9375,24.0,0.42857142857142855,0.3018163736344468,0.3063511162753027,dirichlet_10,,
954,0.9480311355311353,0.8303571428571428,3.90625,27.0,0.42857142857142855,0.2800001985326776,0.27435437591586054,dirichlet_10,,
955,0.9913919413919412,0.931547619047619,1.84375,7.0,0.8181818181818182,0.2429919410957303,0.26250096192380135,dirichlet_10,,
956,0.9190018315018313,0.7678571428571428,5.65625,20.0,0.6666666666666666,0.4050145882560913,0.40250729412804565,dirichlet_10,,
957,0.9589285714285712,0.8511904761904763,3.6875,23.0,0.8181818181818182,0.28274427200799546,0.2991417390584043,dirichlet_10,,
958,0.9851648351648351,0.933531746031746,1.6875,19.0,0.8181818181818182,0.1265607002961977,0.24301534268334926,dirichlet_10,,
959,0.916025641025641,0.761904761904762,5.46875,27.0,0.42857142857142855,0.4004187773722597,0.3371525510019729,dirichlet_10,,
960,0.9690476190476188,0.8581349206349206,3.28125,16.0,0.8181818181818182,0.20002325580373825,0.3000116279018691,dirichlet_10,,
961,0.9758241758241757,0.875,3.1875,12.0,0.5384615384615384,0.3659696468131842,0.33292559202863525,dirichlet_10,,
962,0.991620879120879,0.9325396825396824,1.75,7.0,1.0,0.1729199581208999,0.26382367543830576,dirichlet_10,,
963,0.984065934065934,0.9027777777777778,2.4375,12.0,0.8181818181818182,0.16143365406288085,0.2738375119289671,dirichlet_10,,
964,0.9887820512820512,0.923611111111111,1.8125,12.0,0.6666666666666666,0.22802741704435436,0.2994069138338222,dirichlet_10,,
965,0.9949175824175823,0.9533730158730157,1.1875,7.0,0.8181818181818182,0.10647910998819773,0.23744086569735445,dirichlet_10,,
966,0.8612637362637362,0.6934523809523809,6.9375,35.0,0.3333333333333333,0.5342773350413056,0.4388467645436689,dirichlet_10,,
967,0.961996336996337,0.8482142857142856,3.6875,19.0,0.5384615384615384,0.4098738226041041,0.3554814511031225,dirichlet_10,,
968,0.978617216117216,0.8849206349206349,2.8125,10.0,0.8181818181818182,0.3073953036965761,0.353697651848288,dirichlet_10,,
969,0.9621336996336997,0.8670634920634921,3.125,23.0,0.8181818181818182,0.22359711759734607,0.30426560127660063,dirichlet_10,,
970,0.9504578754578755,0.8918650793650793,2.65625,27.0,1.0,0.2297741992312197,0.25264752921673067,dirichlet_10,,
971,0.9724358974358972,0.8670634920634921,3.1875,13.0,0.8181818181818182,0.19027621351462817,0.2912393515119709,dirichlet_10,,
972,0.9857142857142855,0.9087301587301587,2.40625,7.0,1.0,0.15752483888629173,0.23808184749629813,dirichlet_10,,
973,0.9404304029304029,0.8015873015873015,5.15625,14.0,0.8181818181818182,0.33417371748171815,0.2852073521923938,dirichlet_10,,
974,0.9913919413919412,0.929563492063492,1.84375,9.0,0.6666666666666666,0.09798875434072382,0.24758830135142318,dirichlet_10,,
975,0.9001373626373625,0.7331349206349206,6.5,17.0,0.6666666666666666,0.3367400588475824,0.3547558516798554,dirichlet_10,,
976,0.9711996336996336,0.8670634920634921,3.375,13.0,0.8181818181818182,0.2101582073744398,0.30119458642465785,dirichlet_10,,
977,0.9928571428571427,0.9355158730158729,1.6875,6.0,0.6666666666666666,0.12002352358593649,0.2576643343452849,dirichlet_10,,
978,0.9847069597069595,0.9126984126984127,2.3125,10.0,0.8181818181818182,0.13928634435205678,0.2626511182611635,dirichlet_10,,
979,0.9957875457875456,0.9553571428571428,1.15625,7.0,1.0,0.09602130089314304,0.22477238357389107,dirichlet_10,,
980,0.9728937728937728,0.865079365079365,3.4375,10.0,0.8181818181818182,0.19254288094003222,0.26363330673805146,dirichlet_10,,
981,0.9351648351648351,0.7936507936507936,4.8125,20.0,0.6666666666666666,0.3016478886373303,0.35082394431866515,dirichlet_10,,
982,0.9739468864468862,0.8680555555555555,3.34375,10.0,0.8181818181818182,0.20317439995298017,0.27333524941017856,dirichlet_10,,
983,0.9916666666666665,0.9305555555555556,1.75,7.0,0.6666666666666666,0.2714304907995777,0.31801341743612355,dirichlet_10,,
984,0.9822344322344321,0.8998015873015873,2.34375,13.0,0.6666666666666666,0.2599412621169121,0.3047407867952606,dirichlet_10,,
985,0.9555860805860806,0.8452380952380951,3.59375,26.0,0.6666666666666666,0.30437388296044876,0.30889701297950123,dirichlet_10,,
986,0.972985347985348,0.8640873015873016,3.4375,12.0,1.0,0.23579087763859155,0.27224301791031574,dirichlet_10,,
987,0.9454212454212454,0.8035714285714285,4.6875,17.0,0.6666666666666666,0.3363825595694887,0.2659237239742666,dirichlet_10,,
988,0.9904761904761904,0.931547619047619,1.875,8.0,0.8181818181818182,0.22521819293489936,0.27798443130369765,dirichlet_10,,
989,0.9792124542124542,0.8819444444444444,3.0625,8.0,1.0,0.1919822928142212,0.25838129250810704,dirichlet_10,,
990,0.9815476190476189,0.8918650793650793,2.71875,14.0,0.6666666666666666,0.21561491765294524,0.2463595657492632,dirichlet_10,,
991,0.979120879120879,0.8948412698412699,2.65625,18.0,0.5384615384615384,0.1647744157503579,0.25717504085700843,dirichlet_10,,
992,0.9848901098901098,0.9007936507936508,2.5625,7.0,0.8181818181818182,0.22496684746553477,0.2794171394492093,dirichlet_10,,
993,0.9910714285714285,0.931547619047619,1.71875,11.0,0.6666666666666666,0.13913423797049843,0.23351241206476733,dirichlet_10,,
994,0.9667582417582417,0.8640873015873016,3.34375,13.0,0.8181818181818182,0.25878132174186685,0.2649507155330854,dirichlet_10,,
995,0.9983058608058608,0.9732142857142856,0.71875,3.0,0.8181818181818182,0.04833496895943795,0.21483714297289772,dirichlet_10,,
996,0.968223443223443,0.853174603174603,3.625,12.0,1.0,0.24485317666083808,0.2659786291386765,dirichlet_10,,
997,0.9716117216117215,0.8690476190476191,3.125,20.0,0.8181818181818182,0.2587017254009033,0.2968080551229237,dirichlet_10,,
998,0.9920329670329668,0.931547619047619,1.75,6.0,1.0,0.1123711793840316,0.2323032528061407,dirichlet_10,,
999,0.9908424908424909,0.9325396825396824,1.78125,7.0,0.8181818181818182,0.19074832239227382,0.27135012029071315,dirichlet_10,,
1000,0.5727106227106227,0.4246031746031746,12.59375,51.0,0.1111111111111111,0.7460171387853602,0.4869366514865417,dirichlet_1,,
1001,0.9443681318681317,0.8392857142857143,3.78125,30.0,0.6666666666666666,0.24048733512758977,0.31135280574182195,dirichlet_1,,
1002,0.7654304029304029,0.6091269841269841,8.8125,59.0,0.3333333333333333,0.8260167799989225,0.6130083899994613,dirichlet_1,,
1003,0.8683608058608058,0.6984126984126984,7.1875,23.0,0.6666666666666666,0.6393073975324071,0.4662159874336697,dirichlet_1,,
1004,0.6279304029304028,0.4484126984126984,12.375,52.0,0.25,0.8527908460841186,0.44674331983231425,dirichlet_1,,
1005,0.8562271062271061,0.6825396825396824,7.15625,24.0,0.6666666666666666,0.6621120672791649,0.3842805771856911,dirichlet_1,,
1006,0.9074175824175824,0.8095238095238094,4.40625,43.0,0.6666666666666666,0.4072242682508051,0.32923753353125934,dirichlet_1,,
1007,0.6977106227106227,0.554563492063492,9.5625,58.0,0.25,0.8044812105830208,0.5172680515408843,dirichlet_1,,
1008,0.9093864468864469,0.7569444444444444,6.15625,23.0,0.6666666666666666,0.7850602961566294,0.4710365549828262,dirichlet_1,,
1009,0.7846153846153846,0.6150793650793651,8.65625,47.0,0.5384615384615384,0.8389079186167672,0.530934812793102,dirichlet_1,,
1010,0.7177655677655677,0.5853174603174602,8.90625,60.0,0.25,1.1243050650115651,0.4961206731100499,dirichlet_1,,
1011,0.8728021978021977,0.8283730158730159,4.375,44.0,1.0,0.37290809093020527,0.29833745363423125,dirichlet_1,,
1012,0.3548534798534798,0.24503968253968253,16.21875,60.0,0.17647058823529413,0.9272823591895007,0.6298224787279083,dirichlet_1,,
1013,0.6977564102564102,0.5109126984126984,11.125,45.0,0.3333333333333333,0.9054355993915393,0.6527177996957697,dirichlet_1,,
1014,0.9579670329670328,0.8283730158730159,4.25,16.0,0.8181818181818182,0.3556062318789166,0.32086499072252134,dirichlet_1,,
1015,0.8537087912087912,0.7271825396825397,6.3125,42.0,0.8181818181818182,0.7087156586287306,0.47262316622427786,dirichlet_1,,
1016,0.8869505494505494,0.7658730158730158,5.65625,47.0,0.5384615384615384,0.4568456984876095,0.3784111539131038,dirichlet_1,,
1017,0.6662087912087911,0.49503968253968256,11.03125,50.0,0.17647058823529413,0.6936373869052099,0.45395491506298846,dirichlet_1,,
1018,0.8984890109890109,0.7341269841269841,6.375,23.0,0.8181818181818182,0.32829060396966286,0.3216418649924581,dirichlet_1,,
1019,0.7625915750915749,0.6240079365079365,8.28125,51.0,0.3333333333333333,0.6134994770378508,0.4198828603146579,dirichlet_1,,
1020,0.8568223443223443,0.6934523809523809,7.03125,27.0,0.6666666666666666,0.6889341778321584,0.5444670889160792,dirichlet_1,,
1021,0.9530677655677654,0.8273809523809523,4.09375,16.0,0.6666666666666666,0.46287613614089185,0.4190293540937592,dirichlet_1,,
1022,0.9122252747252746,0.7609126984126984,5.625,32.0,0.42857142857142855,0.6911319672838299,0.45071090526981705,dirichlet_1,,
1023,0.8427197802197801,0.6646825396825397,7.9375,30.0,0.42857142857142855,0.4288873743790406,0.41444368718952024,dirichlet_1,,
1024,0.9320512820512818,0.804563492063492,4.84375,21.0,0.8181818181818182,0.48848079415198953,0.3950542358115572,dirichlet_1,,
1025,0.781135531135531,0.6091269841269841,8.875,28.0,0.6666666666666666,0.8049236334249065,0.6024618167124531,dirichlet_1,,
1026,0.9032051282051281,0.7460317460317459,6.0625,31.0,0.6666666666666666,0.5096115145866302,0.32971814345265976,dirichlet_1,,
1027,0.8093406593406592,0.6626984126984127,7.5625,48.0,0.42857142857142855,0.6168915606851965,0.4471752984825103,dirichlet_1,,
1028,0.9439102564102564,0.8015873015873015,4.75,13.0,0.5384615384615384,0.3400528592729214,0.334813262567032,dirichlet_1,,
1029,0.8498626373626372,0.6636904761904762,7.84375,25.0,0.3333333333333333,1.182749466897767,0.7913747334488834,dirichlet_1,,
1030,0.9229853479853479,0.7787698412698412,5.28125,22.0,0.42857142857142855,0.5224199006884338,0.343654829827427,dirichlet_1,,
1031,0.4730311355311355,0.3640873015873015,13.4375,60.0,0.17647058823529413,0.8275915126283535,0.5903118053707709,dirichlet_1,,
1032,0.9015109890109889,0.7361111111111112,6.15625,31.0,0.42857142857142855,0.6001934869766875,0.3948639434171232,dirichlet_1,,
1033,0.9088827838827838,0.7926587301587301,5.0,41.0,0.8181818181818182,0.5293297796481917,0.35118870745325026,dirichlet_1,,
1034,0.8969322344322341,0.7331349206349206,6.6875,25.0,0.6666666666666666,0.750113249992434,0.42641091551242,dirichlet_1,,
1035,0.8789835164835165,0.7053571428571428,7.0,26.0,0.5384615384615384,0.4564915400613904,0.3889529203189785,dirichlet_1,,
1036,0.8722527472527472,0.7291666666666666,6.1875,47.0,0.6666666666666666,0.5646819241163192,0.3676960260707527,dirichlet_1,,
1037,0.9193681318681318,0.7797619047619048,5.1875,24.0,0.6666666666666666,0.8625840031756422,0.6305957676031884,dirichlet_1,,
1038,0.8210164835164834,0.6428571428571428,8.53125,26.0,0.5384615384615384,0.6521409521108359,0.46201534423059626,dirichlet_1,,
1039,0.4751373626373625,0.32837301587301587,15.09375,51.0,0.17647058823529413,0.7470857716245018,0.4115412750745752,dirichlet_1,,
1040,0.7612179487179486,0.6220238095238095,8.09375,58.0,0.3333333333333333,0.6493900390999339,0.4892866369628204,dirichlet_1,,
1041,0.7668956043956043,0.6220238095238095,8.1875,58.0,0.3333333333333333,0.6618062831281778,0.4995932404516326,dirichlet_1,,
1042,0.749587912087912,0.566468253968254,9.96875,48.0,0.25,0.7082927536400194,0.5541463768200097,dirichlet_1,,
1043,0.9055402930402929,0.7559523809523808,6.0,31.0,0.6666666666666666,0.6837141774413087,0.521077561920724,dirichlet_1,,
1044,0.7758241758241757,0.6329365079365079,8.59375,59.0,0.6666666666666666,0.9641775503840738,0.6153844194812493,dirichlet_1,,
1045,0.8922161172161172,0.7261904761904762,6.34375,30.0,0.42857142857142855,0.8031407660263274,0.5850971601833315,dirichlet_1,,
1046,0.5628205128205128,0.39285714285714285,14.375,42.0,0.17647058823529413,0.7973364584808622,0.44846078151159685,dirichlet_1,,
1047,0.8243131868131868,0.6716269841269841,7.59375,37.0,0.3333333333333333,0.4643167255190832,0.3360131250198387,dirichlet_1,,
1048,0.8335622710622711,0.6646825396825397,7.875,39.0,0.6666666666666666,0.5513681599451671,0.41685906502465303,dirichlet_1,,
1049,0.6906593406593405,0.5337301587301587,9.875,54.0,0.3333333333333333,0.681081465003071,0.4087566736755954,dirichlet_1,,
1050,0.8172619047619046,0.6587301587301587,7.46875,42.0,0.3333333333333333,0.5755705697719254,0.3040554340002021,dirichlet_1,,
1051,0.8466117216117216,0.7172619047619047,6.375,42.0,0.8181818181818182,0.5953746604497545,0.3576954462365839,dirichlet_1,,
1052,0.9415293040293038,0.808531746031746,4.5,22.0,0.42857142857142855,0.48253008341907055,0.3145067406987733,dirichlet_1,,
1053,0.9354395604395603,0.7867063492063491,5.46875,17.0,0.8181818181818182,0.3957572195871399,0.309771353963591,dirichlet_1,,
1054,0.4979395604395604,0.35615079365079366,14.40625,53.0,0.1111111111111111,1.160294654349807,0.7801473271749035,dirichlet_1,,
1055,0.8853937728937726,0.753968253968254,5.78125,48.0,0.8181818181818182,0.45972160825610703,0.34430782985494696,dirichlet_1,,
1056,0.8210622710622709,0.6398809523809523,7.84375,37.0,0.25,0.7426893314895523,0.5713446657447762,dirichlet_1,,
1057,0.9721611721611721,0.8690476190476191,3.375,12.0,0.8181818181818182,0.3103234435698165,0.3211630788638483,dirichlet_1,,
1058,0.9603021978021976,0.8363095238095238,4.0625,18.0,0.6666666666666666,0.5213624419474976,0.3615974854807462,dirichlet_1,,
1059,0.9276098901098899,0.7936507936507936,4.96875,24.0,0.6666666666666666,0.8366923338221017,0.5967392787434567,dirichlet_1,,
1060,0.3720238095238094,0.2658730158730158,16.375,53.0,0.1111111111111111,0.8875540594712942,0.6437770297356472,dirichlet_1,,
1061,0.9109432234432233,0.75,5.9375,28.0,0.42857142857142855,0.5778796251250566,0.4177340048834142,dirichlet_1,,
1062,0.7681776556776556,0.5753968253968254,9.875,33.0,0.25,0.907817495791289,0.4463667448182488,dirichlet_1,,
1063,0.7652014652014651,0.6001984126984127,9.0,43.0,0.42857142857142855,0.7781118002343663,0.4727368730662478,dirichlet_1,,
1064,0.8953296703296701,0.738095238095238,5.9375,36.0,0.3333333333333333,0.44589664363397696,0.3326547741774003,dirichlet_1,,
1065,0.7095238095238094,0.6061507936507936,8.125,55.0,0.3333333333333333,0.6117596671222986,0.3689566398341627,dirichlet_1,,
1066,0.6629120879120879,0.5416666666666666,9.40625,59.0,0.3333333333333333,0.801892538183751,0.4082517239763483,dirichlet_1,,
1067,0.3421245421245421,0.23115079365079363,16.40625,60.0,0.17647058823529413,1.0057982398000773,0.5861465943853659,dirichlet_1,,
1068,0.9701923076923077,0.8551587301587301,3.625,11.0,0.6666666666666666,0.9615931508751949,0.6807965754375974,dirichlet_1,,
1069,0.7434523809523809,0.560515873015873,10.0,42.0,0.25,0.5297254854403151,0.3992127235912117,dirichlet_1,,
1070,0.5556776556776557,0.3918650793650793,13.5625,48.0,0.17647058823529413,0.9025891797318325,0.6512945898659163,dirichlet_1,,
1071,0.9688644688644688,0.8601190476190476,3.65625,16.0,0.6666666666666666,0.4526626827822157,0.32983803788961485,dirichlet_1,,
1072,0.7900641025641024,0.613095238095238,8.9375,51.0,0.5384615384615384,0.6443870567749073,0.4806332041306949,dirichlet_1,,
1073,0.8207875457875458,0.7470238095238095,5.75,49.0,0.42857142857142855,0.47754277372050535,0.3059215922115009,dirichlet_1,,
1074,0.9402014652014651,0.7867063492063491,5.15625,18.0,0.6666666666666666,0.6634162774434551,0.49011493014731244,dirichlet_1,,
1075,0.8224816849816848,0.6329365079365079,8.4375,29.0,0.42857142857142855,0.46881926874946345,0.32002023421039266,dirichlet_1,,
1076,0.8323717948717948,0.7093253968253967,7.0625,39.0,0.6666666666666666,0.6776697171425675,0.45536168801809934,dirichlet_1,,
1077,0.6056776556776556,0.43650793650793646,12.9375,50.0,0.3333333333333333,0.9282113179931945,0.6641056589965971,dirichlet_1,,
1078,0.9917582417582417,0.939484126984127,1.53125,11.0,0.6666666666666666,0.2673071633848783,0.3331526763566363,dirichlet_1,,
1079,0.6885531135531134,0.5099206349206349,11.5625,38.0,0.42857142857142855,0.6701196824514788,0.460485345657582,dirichlet_1,,
1080,0.8098443223443222,0.6309523809523809,8.875,33.0,0.5384615384615384,0.44059876222143746,0.4200047776631903,dirichlet_1,,
1081,0.6667582417582417,0.4930555555555555,11.71875,48.0,0.17647058823529413,0.6399122545690199,0.34807445485703614,dirichlet_1,,
1082,0.722161172161172,0.5525793650793651,9.875,52.0,0.3333333333333333,0.8727621768777006,0.6363810884388503,dirichlet_1,,
1083,0.7795787545787545,0.6031746031746031,9.0625,34.0,0.42857142857142855,0.7303966326582843,0.43128265704704205,dirichlet_1,,
1084,0.9346153846153845,0.7916666666666666,5.1875,18.0,0.6666666666666666,0.2726083697530206,0.29715481491922263,dirichlet_1,,
1085,0.7968406593406593,0.6349206349206349,8.09375,44.0,0.6666666666666666,0.7059203743391647,0.3883971212580056,dirichlet_1,,
1086,0.8300824175824175,0.6448412698412698,8.5,25.0,0.5384615384615384,0.5571715772795307,0.4485340317358128,dirichlet_1,,
1087,0.7387362637362637,0.5674603174603174,9.75,43.0,0.6666666666666666,0.9342033612445252,0.6671016806222626,dirichlet_1,,
1088,0.7922161172161171,0.6011904761904762,8.90625,38.0,0.3333333333333333,0.623687479572496,0.4828954738495826,dirichlet_1,,
1089,0.8441849816849816,0.6676587301587301,7.875,23.0,0.5384615384615384,0.45509274641902586,0.36970704610159294,dirichlet_1,,
1090,0.9811813186813184,0.8918650793650793,2.59375,12.0,0.8181818181818182,0.24318758372632182,0.25660728023079044,dirichlet_1,,
1091,0.6611263736263735,0.5128968253968254,10.90625,61.0,0.25,1.1455722729503668,0.7727861364751833,dirichlet_1,,
1092,0.8546245421245421,0.7261904761904762,6.28125,46.0,0.5384615384615384,0.6447966032312857,0.48044868293055354,dirichlet_1,,
1093,0.8226190476190475,0.6865079365079364,7.25,41.0,0.6666666666666666,0.8154692310809394,0.569013271701226,dirichlet_1,,
1094,0.8067307692307691,0.626984126984127,8.53125,39.0,0.25,0.9980654878595254,0.5055406518758734,dirichlet_1,,
1095,0.88489010989011,0.7242063492063492,6.625,39.0,0.5384615384615384,0.5522531771461703,0.4618050503292981,dirichlet_1,,
1096,0.7030219780219779,0.5347222222222222,10.03125,52.0,0.3333333333333333,0.8919353727917843,0.6180731360019966,dirichlet_1,,
1097,0.7216575091575091,0.5476190476190476,10.28125,43.0,0.5384615384615384,0.8033801515198151,0.40642063499026354,dirichlet_1,,
1098,0.7851190476190474,0.5952380952380952,9.4375,38.0,0.3333333333333333,0.7150792505738228,0.5575396252869114,dirichlet_1,,
1099,0.8994963369963368,0.7509920634920634,6.0625,39.0,0.5384615384615384,0.48625213020333913,0.4405285465098522,dirichlet_1,,
1100,0.7878663003663002,0.5932539682539683,9.21875,32.0,0.3333333333333333,0.796714776590877,0.5636298612633313,dirichlet_1,,
1101,0.47976190476190467,0.3551587301587301,13.9375,52.0,0.1111111111111111,0.9223026945867758,0.4751133523752021,dirichlet_1,,
1102,0.8355311355311353,0.6686507936507936,7.53125,47.0,0.5384615384615384,0.5574942647058347,0.40467513475357164,dirichlet_1,,
1103,0.8877747252747252,0.7202380952380951,6.5625,21.0,0.5384615384615384,0.4950536848773354,0.35398475889014397,dirichlet_1,,
1104,0.7397435897435898,0.6140873015873015,8.3125,57.0,0.3333333333333333,0.5320387218916767,0.41528998194196753,dirichlet_1,,
1105,0.9102564102564101,0.7480158730158729,5.875,28.0,0.42857142857142855,0.5398497803094557,0.4074225599998556,dirichlet_1,,
1106,0.9087912087912088,0.751984126984127,6.03125,19.0,0.6666666666666666,0.3946518663958426,0.30939266001224347,dirichlet_1,,
1107,0.8387820512820512,0.6666666666666666,7.8125,27.0,0.6666666666666666,0.552735642097165,0.3980197814489717,dirichlet_1,,
1108,0.7864010989010988,0.6517857142857142,7.5625,54.0,0.5384615384615384,0.7640694694677943,0.5026180783738292,dirichlet_1,,
1109,0.916300366300366,0.7817460317460316,5.0,40.0,0.8181818181818182,0.34375283310111443,0.34612065568122513,dirichlet_1,,
1110,0.9597069597069594,0.8660714285714285,3.28125,25.0,0.8181818181818182,0.2544628449037457,0.28851210112312115,dirichlet_1,,
1111,0.9871794871794871,0.9087301587301587,2.28125,7.0,1.0,0.29680422951430296,0.3110515884390244,dirichlet_1,,
1112,0.6907509157509157,0.5009920634920634,11.25,46.0,0.25,0.9502970289454167,0.6751485144727083,dirichlet_1,,
1113,0.8596153846153846,0.6875,7.09375,31.0,0.42857142857142855,0.6313761787276131,0.39365530213326827,dirichlet_1,,
1114,0.9458791208791207,0.8214285714285714,4.53125,22.0,0.8181818181818182,0.6340652127740019,0.48953079815600054,dirichlet_1,,
1115,0.8856684981684981,0.7083333333333333,6.65625,23.0,0.42857142857142855,0.44723916436763556,0.3311334062898558,dirichlet_1,,
1116,0.7793956043956042,0.6339285714285714,7.96875,57.0,0.42857142857142855,0.6240869304173995,0.48757207138560815,dirichlet_1,,
1117,0.8902472527472527,0.7321428571428571,6.25,32.0,0.6666666666666666,0.6051964287115909,0.5025982143557953,dirichlet_1,,
1118,0.8258699633699633,0.6537698412698413,7.84375,38.0,0.6666666666666666,0.5726173463415004,0.45934406983209886,dirichlet_1,,
1119,0.48278388278388273,0.3630952380952381,13.34375,60.0,0.1111111111111111,0.8430512742907866,0.6215256371453933,dirichlet_1,,
1120,0.7794413919413918,0.6359126984126984,7.6875,58.0,0.3333333333333333,0.5991264775013413,0.4558188302707514,dirichlet_1,,
1121,0.8313644688644688,0.6706349206349206,7.3125,35.0,0.3333333333333333,0.5108350006243757,0.36625861559755724,dirichlet_1,,
1122,0.9755494505494504,0.8700396825396826,3.25,10.0,0.6666666666666666,0.22469268162374575,0.2990547211860662,dirichlet_1,,
1123,0.7064560439560439,0.554563492063492,10.28125,60.0,0.3333333333333333,1.162781090787158,0.781390545393579,dirichlet_1,,
1124,0.8607600732600731,0.6984126984126984,7.1875,34.0,0.6666666666666666,0.7832069053473323,0.5916034526736662,dirichlet_1,,
1125,0.9159798534798533,0.7549603174603174,5.75,29.0,0.42857142857142855,0.5458960898649395,0.38598572281188864,dirichlet_1,,
1126,0.46936813186813175,0.3432539682539682,14.09375,53.0,0.1111111111111111,0.9083159640577734,0.5272910889434071,dirichlet_1,,
1127,0.868727106227106,0.6924603174603174,7.28125,24.0,0.6666666666666666,0.6974007329946086,0.4393482021596965,dirichlet_1,,
1128,0.7673076923076922,0.5962301587301587,8.9375,47.0,0.5384615384615384,0.841210206612109,0.4150931675789691,dirichlet_1,,
1129,0.8686813186813186,0.7390873015873016,5.9375,45.0,0.6666666666666666,0.5255712429213699,0.38991299212601377,dirichlet_1,,
1130,0.8245421245421245,0.7063492063492063,6.6875,58.0,0.5384615384615384,0.5316123514115035,0.4658061757057518,dirichlet_1,,
1131,0.7785256410256408,0.6438492063492063,8.1875,57.0,0.5384615384615384,0.7775330184503012,0.4135654695169012,dirichlet_1,,
1132,0.9368131868131868,0.8005952380952381,4.78125,23.0,0.6666666666666666,0.5428421538692585,0.43840911831421603,dirichlet_1,,
1133,0.8386446886446887,0.6577380952380952,8.03125,26.0,0.5384615384615384,0.5675912122017208,0.35954862140063876,dirichlet_1,,
1134,0.908150183150183,0.8551587301587301,3.65625,39.0,0.8181818181818182,0.27635253931464965,0.26276410353973706,dirichlet_1,,
1135,0.6280677655677654,0.4861111111111111,11.15625,60.0,0.25,0.7704056459435197,0.5846400175840955,dirichlet_1,,
1136,0.8354853479853479,0.7033730158730158,6.9375,44.0,0.8181818181818182,0.7888265661892474,0.4210736275504845,dirichlet_1,,
1137,0.8431776556776556,0.6954365079365079,6.84375,38.0,0.3333333333333333,0.48740730672303156,0.3583208454937842,dirichlet_1,,
1138,0.8556776556776555,0.6944444444444444,7.5625,27.0,0.6666666666666666,0.7993642032643486,0.46375007178864097,dirichlet_1,,
1139,0.9765109890109889,0.8819444444444444,2.90625,15.0,0.6666666666666666,0.3661048467083313,0.34980816498857875,dirichlet_1,,
1140,0.7328296703296702,0.5406746031746031,10.75,33.0,0.25,0.6154269994307084,0.400224957981081,dirichlet_1,,
1141,0.7001373626373626,0.554563492063492,9.8125,61.0,0.25,1.027022567518631,0.7135112837593155,dirichlet_1,,
1142,0.8907509157509156,0.7162698412698413,6.65625,25.0,0.42857142857142855,0.8513079122902837,0.6143209230165407,dirichlet_1,,
1143,0.8320970695970696,0.6418650793650794,8.21875,31.0,0.3333333333333333,0.8790754899866469,0.5350701704616885,dirichlet_1,,
1144,0.7140567765567765,0.5466269841269841,10.28125,46.0,0.5384615384615384,0.7888518115124546,0.4518360639385201,dirichlet_1,,
1145,0.6020604395604395,0.4781746031746032,10.75,59.0,0.25,0.9741427064241457,0.49373252656356803,dirichlet_1,,
1146,0.966117216117216,0.8511904761904763,3.75,18.0,0.6666666666666666,0.7448023068438332,0.5724011534219166,dirichlet_1,,
1147,0.7278388278388278,0.5674603174603174,9.625,51.0,0.5384615384615384,0.5936851575390085,0.4706776725215103,dirichlet_1,,
1148,0.83768315018315,0.6547619047619048,7.75,26.0,0.6666666666666666,0.7497612140253362,0.4040224267764979,dirichlet_1,,
1149,0.8498626373626372,0.6785714285714285,7.1875,39.0,0.25,0.5777617527635364,0.3738665257093235,dirichlet_1,,
1150,0.955448717948718,0.8313492063492064,4.15625,24.0,0.8181818181818182,0.35097415161766415,0.3106822990198359,dirichlet_1,,
1151,0.8826923076923076,0.7103174603174602,6.59375,32.0,0.5384615384615384,0.43358972401460166,0.4069669368162929,dirichlet_1,,
1152,0.7219780219780219,0.5386904761904762,10.6875,50.0,0.3333333333333333,0.8342445205661188,0.6171222602830594,dirichlet_1,,
1153,0.8342032967032965,0.689484126984127,6.90625,49.0,0.6666666666666666,0.6561756486904402,0.41477207807934185,dirichlet_1,,
1154,0.9219780219780219,0.7728174603174602,5.34375,23.0,0.8181818181818182,0.6044697194385183,0.44762180957074543,dirichlet_1,,
1155,0.8603021978021977,0.6954365079365079,7.28125,27.0,0.6666666666666666,0.6836479966878684,0.5418239983439341,dirichlet_1,,
1156,0.5075091575091574,0.376984126984127,13.46875,60.0,0.3333333333333333,0.8311361967758901,0.615568098387945,dirichlet_1,,
1157,0.8081959706959706,0.6349206349206349,8.1875,47.0,0.5384615384615384,0.833973367386307,0.510568777499254,dirichlet_1,,
1158,0.9655219780219779,0.8551587301587301,3.59375,17.0,0.8181818181818182,0.8823140230204874,0.6411570115102437,dirichlet_1,,
1159,0.8611263736263736,0.6805555555555556,7.34375,27.0,0.6666666666666666,0.5597916485923529,0.40730588712921617,dirichlet_1,,
1160,0.734569597069597,0.560515873015873,9.75,45.0,0.3333333333333333,0.627713088950771,0.4610113771231755,dirichlet_1,,
1161,0.9124999999999999,0.7748015873015873,5.21875,40.0,0.5384615384615384,0.5224083204082486,0.36291564365719253,dirichlet_1,,
1162,0.7720695970695969,0.5912698412698413,9.625,49.0,0.5384615384615384,0.793464398917847,0.520000950528005,dirichlet_1,,
1163,0.823076923076923,0.6468253968253967,7.8125,29.0,0.6666666666666666,0.6852073489476843,0.49100822542584094,dirichlet_1,,
1164,0.8424908424908424,0.6686507936507936,7.53125,39.0,0.25,0.6659709693623386,0.409482169000652,dirichlet_1,,
1165,0.752014652014652,0.5654761904761905,10.40625,32.0,0.42857142857142855,0.7216755190517108,0.4663445457684158,dirichlet_1,,
1166,0.669047619047619,0.49503968253968256,11.78125,46.0,0.3333333333333333,0.8695824715716463,0.6347912357858231,dirichlet_1,,
1167,0.7944139194139193,0.685515873015873,6.9375,57.0,0.5384615384615384,0.6147115827414131,0.43148709022552006,dirichlet_1,,
1168,0.6861263736263735,0.5099206349206349,11.40625,46.0,0.25,0.8834581840250716,0.6417290920125358,dirichlet_1,,
1169,0.9827838827838826,0.8998015873015873,2.5625,11.0,0.8181818181818182,0.9262876409146942,0.663143820457347,dirichlet_1,,
1170,0.9061813186813185,0.7668650793650794,5.375,43.0,0.8181818181818182,0.4174744093615397,0.335998967303942,dirichlet_1,,
1171,0.9907509157509157,0.9305555555555556,1.78125,7.0,1.0,0.13351992397079887,0.2260297538007614,dirichlet_1,,
1172,0.9699633699633698,0.865079365079365,3.4375,13.0,0.6666666666666666,0.5459766262429742,0.43839501802887404,dirichlet_1,,
1173,0.5725274725274724,0.4176587301587301,12.46875,51.0,0.1111111111111111,0.9212672765177705,0.4829885205105587,dirichlet_1,,
1174,0.8572802197802195,0.7162698412698413,6.78125,47.0,0.6666666666666666,0.5550266316308625,0.4397724246328112,dirichlet_1,,
1175,0.8046703296703297,0.6418650793650794,8.15625,43.0,0.25,0.4932917770205065,0.4148768461228446,dirichlet_1,,
1176,0.7304487179487178,0.564484126984127,9.96875,41.0,0.5384615384615384,0.7607478706837802,0.45953097355031336,dirichlet_1,,
1177,0.9363095238095237,0.7956349206349206,4.8125,24.0,0.5384615384615384,0.3697555753944028,0.3092853983986598,dirichlet_1,,
1178,0.6994505494505494,0.5049603174603174,11.125,47.0,0.25,0.7097683601577771,0.43201562033879565,dirichlet_1,,
1179,0.7897893772893773,0.6111111111111112,8.71875,31.0,0.6666666666666666,0.7571786048645839,0.5467582856805163,dirichlet_1,,
1180,0.8152014652014651,0.6299603174603174,8.34375,35.0,0.6666666666666666,0.7307868206534369,0.5653934103267184,dirichlet_1,,
1181,0.22115384615384612,0.15873015873015872,17.84375,60.0,0.1111111111111111,1.1818957379906632,0.7909478689953315,dirichlet_1,,
1182,0.9053571428571427,0.751984126984127,6.46875,19.0,0.6666666666666666,0.6234450202359288,0.5117225101179644,dirichlet_1,,
1183,0.5056776556776557,0.37103174603174605,13.21875,60.0,0.25,0.894598323868162,0.647299161934081,dirichlet_1,,
1184,0.9288919413919412,0.7797619047619048,5.25,16.0,0.5384615384615384,0.4083763724996392,0.28716291885944273,dirichlet_1,,
1185,0.844139194139194,0.6686507936507936,7.71875,37.0,0.25,0.8703478704711787,0.4780360887273929,dirichlet_1,,
1186,0.8301739926739926,0.7023809523809523,6.84375,45.0,0.6666666666666666,0.7953855538356704,0.5286213361497195,dirichlet_1,,
1187,0.5315476190476189,0.36607142857142855,14.15625,54.0,0.17647058823529413,1.1053329125632751,0.7301298594494006,dirichlet_1,,
1188,0.8418040293040292,0.6587301587301587,7.65625,26.0,0.6666666666666666,0.6786110922745936,0.3712108076585706,dirichlet_1,,
1189,0.784157509157509,0.6031746031746031,9.1875,49.0,0.42857142857142855,0.7166470372417896,0.5456154649342788,dirichlet_1,,
1190,0.8540293040293039,0.6944444444444444,7.09375,48.0,0.5384615384615384,0.6535026560767632,0.382067953567188,dirichlet_1,,
1191,0.44075091575091574,0.3194444444444444,14.625,61.0,0.25,1.062434830046369,0.7312174150231846,dirichlet_1,,
1192,0.6267857142857143,0.47916666666666663,11.3125,57.0,0.3333333333333333,0.7051793832196847,0.5525896916098423,dirichlet_1,,
1193,0.910989010989011,0.7529761904761905,5.78125,26.0,0.5384615384615384,0.6388855841164475,0.4919025982140433,dirichlet_1,,
1194,0.9179487179487179,0.7658730158730158,5.90625,17.0,0.8181818181818182,0.31683861385044715,0.27900122136864586,dirichlet_1,,
1195,0.8451007326007326,0.7212301587301587,6.59375,47.0,0.8181818181818182,0.7616305782902784,0.4286277044730906,dirichlet_1,,
1196,0.7695970695970695,0.6180555555555556,8.375,58.0,0.25,0.6388124319485847,0.5194062159742924,dirichlet_1,,
1197,0.9518772893772892,0.8670634920634921,3.3125,29.0,0.6666666666666666,0.2901042179464447,0.2812973510411745,dirichlet_1,,
1198,0.743131868131868,0.6378968253968254,7.75,58.0,0.3333333333333333,0.6364772781801589,0.4096788511416704,dirichlet_1,,
1199,0.9386904761904761,0.8115079365079365,4.4375,26.0,0.6666666666666666,0.33228184071118305,0.29824330233746144,dirichlet_1,,
1200,0.5813644688644688,0.4454365079365079,11.78125,60.0,0.17647058823529413,0.9911027818534393,0.5250068971597275,dirichlet_1,,
1201,0.6949633699633698,0.5486111111111112,9.90625,61.0,0.3333333333333333,1.0979806660170572,0.7485231142073989,dirichlet_1,,
1202,0.8416666666666666,0.6746031746031745,7.65625,30.0,0.6666666666666666,0.7514568744534521,0.575728437226726,dirichlet_1,,
1203,0.8688644688644689,0.6934523809523809,7.15625,21.0,0.5384615384615384,0.6474010879383085,0.4978293941172235,dirichlet_1,,
1204,0.7771520146520146,0.6011904761904762,9.15625,47.0,0.5384615384615384,0.7852422491302065,0.4062505916805127,dirichlet_1,,
1205,0.8680402930402928,0.7242063492063492,6.25,42.0,0.42857142857142855,0.4366265521302003,0.3774328011218223,dirichlet_1,,
1206,0.9755494505494504,0.8730158730158729,3.34375,10.0,0.8181818181818182,0.3778276937932129,0.3529209622369024,dirichlet_1,,
1207,0.6135531135531135,0.44047619047619047,12.75,52.0,0.25,1.1266455354450748,0.7633227677225375,dirichlet_1,,
1208,0.7944139194139193,0.6259920634920635,8.375,51.0,0.42857142857142855,0.6597049711364474,0.5298524855682237,dirichlet_1,,
1209,0.9729395604395603,0.8660714285714285,3.53125,9.0,1.0,0.4382696137800011,0.41913480689000054,dirichlet_1,,
1210,0.7552197802197802,0.5684523809523809,10.21875,39.0,0.42857142857142855,0.7050269197751029,0.5525134598875515,dirichlet_1,,
1211,0.7374999999999999,0.5476190476190476,10.5,33.0,0.25,0.8190783871051884,0.42262201245508196,dirichlet_1,,
1212,0.7633699633699632,0.6031746031746031,8.875,53.0,0.25,0.6637071309926651,0.5294765533081914,dirichlet_1,,
1213,0.9148351648351647,0.7549603174603174,6.03125,18.0,0.8181818181818182,0.3319401565464695,0.2886659428508455,dirichlet_1,,
1214,0.48447802197802187,0.3640873015873015,14.15625,58.0,0.3333333333333333,0.9871763643242205,0.6530557105868341,dirichlet_1,,
1215,0.8359890109890109,0.6845238095238095,7.65625,51.0,0.6666666666666666,0.709113056499649,0.5214240782915589,dirichlet_1,,
1216,0.8407967032967033,0.6636904761904762,7.59375,32.0,0.42857142857142855,0.5431244763814422,0.3898697924487463,dirichlet_1,,
1217,0.8270604395604395,0.6845238095238095,7.5625,55.0,0.6666666666666666,0.6853172870595161,0.5107804838714289,dirichlet_1,,
1218,0.6163003663003663,0.46825396825396826,11.375,58.0,0.3333333333333333,0.727160709699772,0.5635803548498861,dirichlet_1,,
1219,0.7780677655677656,0.6150793650793651,8.53125,50.0,0.25,0.6344944010064318,0.5122468056441942,dirichlet_1,,
1220,0.7237179487179487,0.5515873015873015,10.5,45.0,0.5384615384615384,1.0000866350414621,0.4527008223430425,dirichlet_1,,
1221,0.9376831501831501,0.806547619047619,4.65625,19.0,0.8181818181818182,0.4559029252971532,0.34058039856079037,dirichlet_1,,
1222,0.662591575091575,0.4970238095238095,10.875,44.0,0.1111111111111111,0.7512235031205627,0.47971919828642523,dirichlet_1,,
1223,0.7679029304029303,0.6051587301587301,9.09375,56.0,0.3333333333333333,0.9216364405535659,0.6320691196766322,dirichlet_1,,
1224,0.9663003663003663,0.8571428571428571,3.4375,12.0,0.8181818181818182,0.4249116623158872,0.35524137007476947,dirichlet_1,,
1225,0.6552655677655678,0.492063492063492,11.28125,43.0,0.6666666666666666,1.1980726825377002,0.7990363412688499,dirichlet_1,,
1226,0.8831501831501831,0.7361111111111112,6.40625,33.0,0.6666666666666666,0.6959568325836633,0.5125217121722495,dirichlet_1,,
1227,0.30050366300366294,0.21626984126984125,16.6875,56.0,0.1111111111111111,0.9791918318229353,0.6524125196369527,dirichlet_1,,
1228,0.8875915750915748,0.7103174603174602,6.8125,23.0,0.5384615384615384,0.47283633508354705,0.43641816754177354,dirichlet_1,,
1229,0.8400641025641025,0.691468253968254,7.0,39.0,0.3333333333333333,0.4619981407967023,0.33027628845557316,dirichlet_1,,
1230,0.7533424908424907,0.5912698412698413,9.09375,54.0,0.42857142857142855,0.6324802974954824,0.5077868294348857,dirichlet_1,,
1231,0.9924908424908423,0.9384920634920635,1.65625,7.0,0.8181818181818182,0.5484436877132615,0.4742218438566307,dirichlet_1,,
1232,0.7722527472527473,0.6111111111111112,8.65625,53.0,0.3333333333333333,0.92629703292797,0.5016055941163451,dirichlet_1,,
1233,0.799084249084249,0.6021825396825397,9.28125,34.0,0.3333333333333333,0.7025195977781664,0.5364277115820258,dirichlet_1,,
1234,0.7972069597069595,0.6468253968253967,7.75,56.0,0.3333333333333333,0.8289247939380523,0.41335903950397,dirichlet_1,,
1235,0.9344322344322342,0.7976190476190477,4.875,31.0,0.6666666666666666,0.42293483010997207,0.36802788637759926,dirichlet_1,,
1236,0.857142857142857,0.7182539682539683,6.65625,39.0,0.6666666666666666,0.7050699076905694,0.5203201258334172,dirichlet_1,,
1237,0.9214285714285712,0.7569444444444444,5.6875,21.0,0.5384615384615384,0.4705049378651087,0.3800099043782764,dirichlet_1,,
1238,0.7835622710622709,0.6676587301587301,7.375,60.0,0.42857142857142855,0.8661471338754398,0.45727095815926666,dirichlet_1,,
1239,0.7733974358974358,0.6378968253968254,8.4375,59.0,0.6666666666666666,0.8582539593080908,0.5701436129579582,dirichlet_1,,
1240,0.9699175824175824,0.8640873015873016,3.46875,14.0,0.6666666666666666,0.48774811793421846,0.37732148386765757,dirichlet_1,,
1241,0.8133241758241758,0.679563492063492,7.0,51.0,0.6666666666666666,0.6185848850000659,0.38651219926588576,dirichlet_1,,
1242,0.9565018315018314,0.8293650793650793,4.125,18.0,0.6666666666666666,0.5225133625140542,0.3654683014745757,dirichlet_1,,
1243,0.7275183150183149,0.5357142857142857,10.8125,41.0,0.3333333333333333,0.558198355520966,0.37336015106507686,dirichlet_1,,
1244,0.8141483516483516,0.6190476190476191,8.875,33.0,0.3333333333333333,0.8078732295799148,0.4488420310488497,dirichlet_1,,
1245,0.7197802197802197,0.5724206349206349,9.3125,59.0,0.3333333333333333,0.8382744693948977,0.6191372346974487,dirichlet_1,,
1246,0.9056776556776556,0.7708333333333333,5.21875,41.0,0.8181818181818182,0.35501288579741586,0.3763803269164583,dirichlet_1,,
1247,0.7244963369963369,0.5714285714285714,9.78125,47.0,0.25,0.5587385159241576,0.47909023596350925,dirichlet_1,,
1248,0.3304945054945055,0.24206349206349204,16.5625,54.0,0.1111111111111111,0.9667685083624246,0.6833842541812122,dirichlet_1,,
1249,0.499587912087912,0.36011904761904756,14.46875,54.0,0.1111111111111111,1.18300712395491,0.7915035619774551,dirichlet_1,,
1250,0.8682234432234431,0.7142857142857142,6.5,38.0,0.3333333333333333,0.508923931265906,0.37962537643660327,dirichlet_1,,
1251,0.6635989010989011,0.5238095238095237,10.125,59.0,0.25,0.9085698100260726,0.6433141087397239,dirichlet_1,,
1252,0.9169413919413918,0.7668650793650794,5.46875,20.0,0.6666666666666666,0.49386115997912894,0.3543048670125487,dirichlet_1,,
1253,0.7717948717948717,0.6021825396825397,9.28125,35.0,0.6666666666666666,0.9954743293610663,0.697737164680533,dirichlet_1,,
1254,0.919139194139194,0.7648809523809523,5.59375,18.0,0.5384615384615384,0.541536107252597,0.36468419492774323,dirichlet_1,,
1255,0.7854395604395604,0.5982142857142857,9.15625,47.0,0.42857142857142855,0.7495449978126589,0.547018283904483,dirichlet_1,,
1256,0.8953296703296701,0.7996031746031745,4.4375,47.0,0.8181818181818182,0.39518104657928277,0.2984040273869538,dirichlet_1,,
1257,0.8077838827838828,0.6577380952380952,7.78125,57.0,0.3333333333333333,0.6276108253806184,0.5138054126903091,dirichlet_1,,
1258,0.7956043956043954,0.617063492063492,8.84375,27.0,0.6666666666666666,0.7517702554513194,0.5758851277256597,dirichlet_1,,
1259,0.7508699633699633,0.6200396825396824,8.25,59.0,0.5384615384615384,0.6873610493152928,0.3915614166302402,dirichlet_1,,
1260,0.977701465201465,0.8779761904761905,3.0,10.0,0.6666666666666666,0.4614417375455343,0.4184658550134397,dirichlet_1,,
1261,0.9081043956043956,0.75,6.0625,30.0,0.8181818181818182,0.3860696741944921,0.30000172957898597,dirichlet_1,,
1262,0.43708791208791203,0.3214285714285714,15.09375,53.0,0.25,0.9097843876313061,0.654892193815653,dirichlet_1,,
1263,0.8867216117216116,0.728174603174603,6.5,22.0,0.6666666666666666,0.515884672393947,0.45794233619697355,dirichlet_1,,
1264,0.9470238095238094,0.8075396825396824,4.6875,18.0,0.6666666666666666,0.4880860302001306,0.36218346088397607,dirichlet_1,,
1265,0.6170787545787545,0.45535714285714285,12.125,51.0,0.17647058823529413,0.6915206214251441,0.39403608598162493,dirichlet_1,,
1266,0.7643772893772893,0.5942460317460317,9.34375,35.0,0.6666666666666666,1.0431104871303942,0.7215552435651971,dirichlet_1,,
1267,0.41923076923076913,0.30357142857142855,15.25,53.0,0.1111111111111111,0.8752254217450762,0.637612710872538,dirichlet_1,,
1268,0.7175366300366299,0.5625,10.125,59.0,0.3333333333333333,1.0650395553371466,0.7325197776685732,dirichlet_1,,
1269,0.9346611721611721,0.8055555555555556,4.5625,27.0,0.42857142857142855,0.31197966415390693,0.2833883174160215,dirichlet_1,,
1270,0.9123168498168497,0.7748015873015873,5.34375,27.0,0.6666666666666666,0.7774844451262282,0.5361188900632766,dirichlet_1,,
1271,0.9436813186813185,0.8075396825396824,4.75,20.0,0.6666666666666666,0.4947687115926297,0.43730366561154,dirichlet_1,,
1272,0.6309523809523809,0.4613095238095237,12.34375,52.0,0.25,0.905186198894989,0.6525930994474944,dirichlet_1,,
1273,0.7545329670329669,0.6378968253968254,7.625,55.0,0.3333333333333333,0.5658430558637185,0.3869141103000344,dirichlet_1,,
1274,0.6700091575091575,0.492063492063492,11.75,35.0,0.3333333333333333,1.0313981755936905,0.5929155635842928,dirichlet_1,,
1275,0.857142857142857,0.677579365079365,7.15625,33.0,0.42857142857142855,0.4600352371677823,0.3563484868263614,dirichlet_1,,
1276,0.806959706959707,0.6517857142857142,7.875,55.0,0.3333333333333333,0.7890438184898734,0.48340750678965205,dirichlet_1,,
1277,0.7122710622710622,0.5287698412698413,10.34375,51.0,0.25,0.7270413848462624,0.5635206924231312,dirichlet_1,,
1278,0.7081043956043954,0.5813492063492063,8.9375,58.0,0.3333333333333333,0.7947960051815031,0.4411470194937861,dirichlet_1,,
1279,0.7999542124542124,0.6369047619047619,8.15625,46.0,0.25,0.7311851035605683,0.5151583415104136,dirichlet_1,,
1280,0.7815934065934065,0.6299603174603174,8.375,59.0,0.3333333333333333,0.7855338911451479,0.5927669455725739,dirichlet_1,,
1281,0.9061355311355311,0.8055555555555556,4.5625,36.0,1.0,0.3858763918118455,0.29985185768131895,dirichlet_1,,
1282,0.8902930402930401,0.7271825396825397,6.34375,24.0,0.6666666666666666,0.5890491284424564,0.4556263015453542,dirichlet_1,,
1283,0.6753205128205126,0.5476190476190476,9.71875,59.0,0.3333333333333333,0.6907556425656527,0.4950039534043451,dirichlet_1,,
1284,0.9148351648351647,0.7807539682539683,5.3125,39.0,0.5384615384615384,0.41676273307168077,0.39995984578450366,dirichlet_1,,
1285,0.9758699633699633,0.876984126984127,3.15625,10.0,0.8181818181818182,0.2494808145610042,0.2916683102456039,dirichlet_1,,
1286,0.7829212454212453,0.6091269841269841,9.21875,31.0,0.5384615384615384,0.6441156761570025,0.3714213203248003,dirichlet_1,,
1287,0.7620421245421244,0.5922619047619048,8.90625,41.0,0.25,0.7325122466757371,0.4268327791596897,dirichlet_1,,
1288,0.8177197802197802,0.6418650793650794,7.71875,41.0,0.25,0.5498763007059475,0.4429801266411924,dirichlet_1,,
1289,0.8768772893772893,0.7351190476190476,6.0625,35.0,0.3333333333333333,0.3695892561708337,0.2591643272144321,dirichlet_1,,
1290,0.763003663003663,0.6101190476190476,8.78125,49.0,0.5384615384615384,0.5959404005458325,0.41036578656661704,dirichlet_1,,
1291,0.7975274725274725,0.6091269841269841,9.34375,32.0,0.3333333333333333,0.654837956809323,0.5102431666631309,dirichlet_1,,
1292,0.6849816849816849,0.5386904761904762,9.78125,58.0,0.25,0.8464550285606707,0.5545763340155353,dirichlet_1,,
1293,0.8143315018315017,0.6299603174603174,8.6875,26.0,0.42857142857142855,0.45987992923221727,0.31053450711341907,dirichlet_1,,
1294,0.8326923076923075,0.6666666666666666,7.28125,39.0,0.3333333333333333,0.5159918218448731,0.43780357505422224,dirichlet_1,,
1295,0.9190018315018313,0.7599206349206349,5.71875,22.0,0.6666666666666666,0.511559634730564,0.3898585185780237,dirichlet_1,,
1296,0.8236263736263736,0.6418650793650794,8.0,38.0,0.3333333333333333,0.4821239238887709,0.3943935764802391,dirichlet_1,,
1297,0.9198260073260072,0.7876984126984127,4.9375,30.0,0.5384615384615384,0.3068037583932735,0.3534018791966367,dirichlet_1,,
1298,0.8378205128205126,0.6547619047619048,8.34375,27.0,0.5384615384615384,0.6620660236550922,0.3978850174663633,dirichlet_1,,
1299,0.7750915750915751,0.6537698412698413,7.5625,45.0,0.3333333333333333,0.5583669489005253,0.34017417526181154,dirichlet_1,,
1300,0.6684523809523809,0.5287698412698413,10.0,58.0,0.25,0.8903903233418554,0.5077101112302387,dirichlet_1,,
1301,0.9303571428571428,0.7926587301587301,4.84375,29.0,0.42857142857142855,0.5861470058639537,0.430751846462165,dirichlet_1,,
1302,0.8167582417582416,0.6259920634920635,8.5625,31.0,0.3333333333333333,0.7866302749040605,0.4031776060660948,dirichlet_1,,
1303,0.806547619047619,0.6696428571428571,7.875,58.0,0.5384615384615384,0.652701974261564,0.526350987130782,dirichlet_1,,
1304,0.7699633699633698,0.6220238095238095,8.84375,58.0,0.42857142857142855,0.7954379381991056,0.5977189690995528,dirichlet_1,,
1305,0.9520604395604395,0.8333333333333334,4.03125,15.0,0.8181818181818182,0.5224881049938033,0.4612440524969016,dirichlet_1,,
1306,0.8451465201465201,0.6617063492063492,7.90625,29.0,0.42857142857142855,0.7307177436848531,0.39366053664361034,dirichlet_1,,
1307,0.7925824175824175,0.6557539682539681,7.875,60.0,0.42857142857142855,0.7382513836128118,0.5691256918064059,dirichlet_1,,
1308,0.6089743589743588,0.44047619047619047,12.8125,53.0,0.25,1.0947958314620279,0.747397915731014,dirichlet_1,,
1309,0.9393772893772893,0.7956349206349206,4.78125,23.0,0.5384615384615384,0.3463249074273955,0.33049856942601935,dirichlet_1,,
1310,0.8302655677655676,0.6716269841269841,7.125,41.0,0.3333333333333333,0.45778396004508504,0.3370665855912195,dirichlet_1,,
1311,0.8919871794871795,0.794642857142857,4.65625,47.0,0.5384615384615384,0.3759542340854779,0.3133160776250575,dirichlet_1,,
1312,0.8018772893772893,0.6259920634920635,8.59375,40.0,0.6666666666666666,0.7973986116349486,0.5986993058174743,dirichlet_1,,
1313,0.8075091575091574,0.6091269841269841,9.0625,29.0,0.25,0.7619865581697012,0.4631539377601423,dirichlet_1,,
1314,0.846153846153846,0.689484126984127,7.6875,26.0,0.6666666666666666,0.7816553937888501,0.4762250481199378,dirichlet_1,,
1315,0.8570512820512819,0.6845238095238095,7.125,26.0,0.6666666666666666,0.6846485762618958,0.3900640776915718,dirichlet_1,,
1316,0.9078296703296703,0.7509920634920634,5.78125,22.0,0.42857142857142855,0.4699367652488461,0.3698570902754615,dirichlet_1,,
1317,0.8095695970695969,0.6408730158730158,8.375,43.0,0.3333333333333333,0.8639809850562908,0.5496445792148368,dirichlet_1,,
1318,0.7964743589743589,0.6329365079365079,8.625,35.0,0.6666666666666666,0.9217144216389006,0.6608572108194503,dirichlet_1,,
1319,0.8469780219780219,0.677579365079365,7.4375,39.0,0.25,0.7890486808035215,0.4506788897581028,dirichlet_1,,
1320,0.7458333333333333,0.5615079365079365,10.28125,49.0,0.42857142857142855,0.9532366967074741,0.5802644064163257,dirichlet_1,,
1321,0.9557692307692306,0.8333333333333334,4.0,20.0,0.8181818181818182,0.4610796858549686,0.37067629259428947,dirichlet_1,,
1322,0.8513736263736262,0.683531746031746,7.375,33.0,0.6666666666666666,0.7860701948429908,0.5930350974214953,dirichlet_1,,
1323,0.9549450549450548,0.8253968253968252,4.3125,14.0,0.6666666666666666,0.5734273946263226,0.3955042878515623,dirichlet_1,,
1324,0.6999084249084249,0.5347222222222222,10.4375,38.0,0.6666666666666666,1.1395226081694474,0.7697613040847237,dirichlet_1,,
1325,0.8487637362637362,0.6765873015873016,7.1875,39.0,0.3333333333333333,0.5285916018658342,0.42392757315050933,dirichlet_1,,
1326,0.8482600732600731,0.6964285714285714,6.90625,43.0,0.6666666666666666,0.5687781543572406,0.42398244936984103,dirichlet_1,,
1327,0.8019230769230768,0.7470238095238095,5.53125,54.0,0.5384615384615384,0.43481248042725246,0.3306983432120802,dirichlet_1,,
1328,0.9277472527472526,0.7936507936507936,5.03125,34.0,0.6666666666666666,0.3706803329021622,0.3849550053762732,dirichlet_1,,
1329,0.951694139194139,0.8442460317460317,3.8125,26.0,0.42857142857142855,0.36263446569039653,0.37835993608599583,dirichlet_1,,
1330,0.9657509157509158,0.8452380952380951,3.9375,16.0,0.6666666666666666,0.43849421372973546,0.3269859713608333,dirichlet_1,,
1331,0.9444139194139192,0.8214285714285714,4.28125,30.0,0.6666666666666666,0.43154981556144045,0.3129683103639185,dirichlet_1,,
1332,0.5224358974358974,0.3908730158730158,13.25,55.0,0.25,0.8275822389682667,0.6137911194841333,dirichlet_1,,
1333,0.8324633699633699,0.6944444444444444,6.6875,50.0,0.6666666666666666,0.5132909111397888,0.4474675580222238,dirichlet_1,,
1334,0.9698260073260072,0.8591269841269842,3.5,11.0,0.8181818181818182,0.2546314181660046,0.2731400236276539,dirichlet_1,,
1335,0.966437728937729,0.8492063492063492,3.71875,13.0,0.8181818181818182,0.48996471169072464,0.4239707141254781,dirichlet_1,,
1336,0.8667124542124541,0.6884920634920635,7.09375,25.0,0.42857142857142855,0.6640487120939342,0.440715377313341,dirichlet_1,,
1337,0.9651556776556776,0.8422619047619047,3.875,15.0,0.6666666666666666,0.6460953241772867,0.49680359841192645,dirichlet_1,,
1338,0.8447802197802197,0.683531746031746,6.90625,41.0,0.3333333333333333,0.47971928204031383,0.35093034474873575,dirichlet_1,,
1339,0.9476190476190476,0.810515873015873,4.53125,17.0,0.6666666666666666,0.4343247784318506,0.37457825088794827,dirichlet_1,,
1340,0.8902930402930401,0.7420634920634921,5.875,39.0,0.6666666666666666,0.6124224099723181,0.4050159330105024,dirichlet_1,,
1341,0.8745421245421243,0.751984126984127,5.65625,49.0,0.6666666666666666,0.6108216927367351,0.3806768537790614,dirichlet_1,,
1342,0.9738095238095238,0.8809523809523809,2.96875,18.0,0.5384615384615384,0.21860681244863192,0.24383446341734835,dirichlet_1,,
1343,0.7238095238095238,0.5694444444444444,9.65625,59.0,0.25,0.9041768570755979,0.652088428537799,dirichlet_1,,
1344,0.8577380952380952,0.6865079365079364,7.3125,24.0,0.6666666666666666,0.6303435550218273,0.48266702017755847,dirichlet_1,,
1345,0.9419871794871794,0.8015873015873015,4.9375,17.0,0.8181818181818182,0.46326366092364496,0.3831175159395932,dirichlet_1,,
1346,0.658470695970696,0.49107142857142855,11.34375,50.0,0.25,0.6442914353694776,0.5221457176847387,dirichlet_1,,
1347,0.7737637362637363,0.6041666666666666,8.6875,43.0,0.25,0.6411373419019746,0.3448467967278968,dirichlet_1,,
1348,0.6142857142857142,0.47420634920634924,11.34375,61.0,0.25,1.1235698478388776,0.7617849239194389,dirichlet_1,,
1349,0.9494047619047619,0.8144841269841269,4.40625,15.0,0.6666666666666666,0.29401703485530506,0.29968307691152785,dirichlet_1,,
1350,0.7934065934065934,0.6765873015873016,7.4375,56.0,0.6666666666666666,0.8625707741588154,0.4521421619288204,dirichlet_1,,
1351,0.7118589743589743,0.5297619047619048,10.3125,42.0,0.3333333333333333,0.659076198215301,0.4122988229631138,dirichlet_1,,
1352,0.836080586080586,0.6517857142857142,7.875,38.0,0.5384615384615384,0.5929622837444622,0.496481141872231,dirichlet_1,,
1353,0.8799450549450549,0.7341269841269841,6.375,40.0,0.6666666666666666,0.7257621343551452,0.4009052190778323,dirichlet_1,,
1354,0.9437728937728936,0.8134920634920635,4.75,23.0,0.8181818181818182,0.583937564216015,0.310677916338101,dirichlet_1,,
1355,0.8766941391941391,0.7549603174603174,5.6875,39.0,0.8181818181818182,0.5813345768654309,0.4518586557382969,dirichlet_1,,
1356,0.9690476190476188,0.8591269841269842,3.59375,12.0,0.6666666666666666,0.3552298864965454,0.3178133304245927,dirichlet_1,,
1357,0.6771978021978021,0.5049603174603174,10.5,49.0,0.6666666666666666,1.0460491904190243,0.5563750698251516,dirichlet_1,,
1358,0.8857142857142856,0.7182539682539683,6.375,34.0,0.3333333333333333,0.4549926038740021,0.3059806464101623,dirichlet_1,,
1359,0.6907509157509157,0.5724206349206349,8.84375,54.0,0.3333333333333333,0.6634279571694998,0.38249843313101317,dirichlet_1,,
1360,0.8066391941391939,0.6319444444444444,8.34375,46.0,0.5384615384615384,0.904469117074436,0.5415794963975554,dirichlet_1,,
1361,0.8497710622710621,0.683531746031746,7.25,36.0,0.42857142857142855,0.7261465838485011,0.4764743716264654,dirichlet_1,,
1362,0.8937728937728936,0.7460317460317459,6.21875,38.0,0.6666666666666666,0.5277417213002409,0.43501087770593566,dirichlet_1,,
1363,0.9672161172161171,0.875,3.0625,24.0,0.5384615384615384,0.5367116581210916,0.46835582906054574,dirichlet_1,,
1364,0.8666666666666665,0.6845238095238095,7.375,28.0,0.5384615384615384,0.5286750165094184,0.46433750825470915,dirichlet_1,,
1365,0.8366300366300365,0.6408730158730158,8.3125,30.0,0.42857142857142855,0.6146701054367079,0.5073350527183539,dirichlet_1,,
1366,0.8309065934065933,0.6994047619047619,6.5625,48.0,0.6666666666666666,0.6612780091982244,0.44879659787121556,dirichlet_1,,
1367,0.7174908424908424,0.617063492063492,8.3125,57.0,0.3333333333333333,0.6077266132176293,0.39776666618052453,dirichlet_1,,
1368,0.9808608058608058,0.8928571428571428,2.84375,11.0,0.8181818181818182,0.2107706406256304,0.28332760906622967,dirichlet_1,,
1369,0.293040293040293,0.2123015873015873,17.3125,54.0,0.1111111111111111,0.9985386346113324,0.6992693173056662,dirichlet_1,,
1370,0.804532967032967,0.6140873015873015,9.15625,30.0,0.25,0.7750188815749661,0.4498479973785579,dirichlet_1,,
1371,0.4604853479853479,0.3492063492063492,13.65625,60.0,0.1111111111111111,0.893482967590523,0.6368747141632055,dirichlet_1,,
1372,0.976007326007326,0.876984126984127,3.25,8.0,1.0,0.17949117857971286,0.23774683664488688,dirichlet_1,,
1373,0.7732142857142856,0.6071428571428571,9.03125,35.0,0.6666666666666666,1.0167090106214758,0.7083545053107378,dirichlet_1,,
1374,0.6918498168498167,0.5277777777777777,10.375,52.0,0.17647058823529413,0.5194280074236342,0.45564112428471437,dirichlet_1,,
1375,0.9805860805860805,0.8988095238095237,2.5,17.0,0.6666666666666666,0.218795317162574,0.24821147868854213,dirichlet_1,,
1376,0.9472069597069597,0.8144841269841269,4.4375,16.0,0.6666666666666666,0.37773050315202195,0.3112931570862101,dirichlet_1,,
1377,0.9168498168498168,0.7589285714285715,5.96875,18.0,0.6666666666666666,0.3532831238565066,0.27251583326439627,dirichlet_1,,
1378,0.8672619047619047,0.7430555555555555,5.71875,48.0,0.8181818181818182,0.4978400199106191,0.39738857516790854,dirichlet_1,,
1379,0.8688644688644689,0.738095238095238,6.28125,38.0,0.8181818181818182,0.6183243781036284,0.41936793311474174,dirichlet_1,,
1380,0.9489010989010987,0.8154761904761905,4.5625,17.0,0.8181818181818182,0.2973757343160315,0.3061479081996467,dirichlet_1,,
1381,0.5498626373626373,0.4166666666666667,12.21875,60.0,0.17647058823529413,0.7554747837806804,0.5467938436854869,dirichlet_1,,
1382,0.8875915750915748,0.7192460317460317,6.75,24.0,0.42857142857142855,0.48443895362272377,0.4060521429689107,dirichlet_1,,
1383,0.6474358974358974,0.5406746031746031,9.375,59.0,0.3333333333333333,0.7453056110011076,0.42589361454113905,dirichlet_1,,
1384,0.9103937728937728,0.8015873015873015,4.5625,41.0,0.8181818181818182,0.4394246601418851,0.3422252709868687,dirichlet_1,,
1385,0.8563186813186812,0.7242063492063492,6.5625,41.0,0.6666666666666666,0.722389603654583,0.46117846530632883,dirichlet_1,,
1386,0.7267857142857141,0.5892857142857142,8.78125,59.0,0.3333333333333333,0.6775752666114854,0.4000415418643906,dirichlet_1,,
1387,0.6635989010989011,0.5257936507936508,10.28125,59.0,0.3333333333333333,0.7518066588461048,0.4846878932779846,dirichlet_1,,
1388,0.9330586080586081,0.7976190476190477,4.8125,24.0,0.5384615384615384,0.2543953365754629,0.3206371211454519,dirichlet_1,,
1389,0.5558608058608058,0.42261904761904756,12.1875,60.0,0.17647058823529413,0.8132933057934871,0.5162865551508778,dirichlet_1,,
1390,0.9380036630036628,0.7867063492063491,5.09375,23.0,0.8181818181818182,0.3736022750384649,0.348720993783264,dirichlet_1,,
1391,0.9366300366300364,0.7787698412698412,5.1875,18.0,0.6666666666666666,0.4660788238474157,0.3689951318181665,dirichlet_1,,
1392,0.801602564102564,0.6220238095238095,8.40625,30.0,0.6666666666666666,0.6661637620383452,0.38684318803538287,dirichlet_1,,
1393,0.9214743589743588,0.7628968253968254,5.75,18.0,0.6666666666666666,0.35676307840652255,0.29890764415523247,dirichlet_1,,
1394,0.8428571428571427,0.683531746031746,7.59375,42.0,0.6666666666666666,0.7322200844782653,0.5661100422391326,dirichlet_1,,
1395,0.7581043956043955,0.6031746031746031,8.875,57.0,0.5384615384615384,0.8248829072104273,0.49149308186643154,dirichlet_1,,
1396,0.9143772893772893,0.7549603174603174,5.75,21.0,0.5384615384615384,0.3853325914740141,0.39266629573700707,dirichlet_1,,
1397,0.7514652014652015,0.5783730158730158,9.125,41.0,0.25,0.6615939905783945,0.3823864228187632,dirichlet_1,,
1398,0.8093864468864468,0.685515873015873,7.46875,46.0,0.6666666666666666,0.8119741641042918,0.482842555145543,dirichlet_1,,
1399,0.8665293040293038,0.6994047619047619,7.0625,25.0,0.6666666666666666,0.6800509114641937,0.45292518103452023,dirichlet_1,,
1400,0.7561813186813185,0.5853174603174602,9.34375,46.0,0.3333333333333333,0.5585007165560738,0.4792503582780368,dirichlet_1,,
1401,0.8358058608058607,0.6924603174603174,7.0,52.0,0.42857142857142855,0.7720330472343124,0.41422560327064967,dirichlet_1,,
1402,0.8224358974358974,0.6547619047619048,8.09375,49.0,0.5384615384615384,0.6729069767408963,0.46979388097213987,dirichlet_1,,
1403,0.7476190476190474,0.5654761904761905,9.84375,34.0,0.5384615384615384,0.8181398970259093,0.44569314594452564,dirichlet_1,,
1404,0.5549450549450549,0.4166666666666667,12.375,60.0,0.25,0.8553485528624735,0.6276742764312367,dirichlet_1,,
1405,0.9649725274725274,0.8482142857142856,3.6875,13.0,0.6666666666666666,0.25598710360020266,0.267485183375278,dirichlet_1,,
1406,0.20650183150183146,0.14682539682539683,17.84375,61.0,0.1111111111111111,1.2083247392378111,0.8041623696189056,dirichlet_1,,
1407,0.9706043956043956,0.8541666666666666,3.53125,10.0,0.8181818181818182,0.4772862192547266,0.4068059022236069,dirichlet_1,,
1408,0.8586996336996335,0.683531746031746,7.375,28.0,0.6666666666666666,0.5956451155100799,0.45121144506013994,dirichlet_1,,
1409,0.9134157509157508,0.7609126984126984,5.875,30.0,0.42857142857142855,0.5653091034241381,0.4199139941371968,dirichlet_1,,
1410,0.6273809523809524,0.45634920634920634,12.40625,43.0,0.25,0.7964352708174218,0.5982176354087109,dirichlet_1,,
1411,0.510576923076923,0.3759920634920635,13.6875,53.0,0.17647058823529413,0.7892899079822769,0.5946449539911384,dirichlet_1,,
1412,0.8113095238095237,0.675595238095238,7.65625,50.0,0.6666666666666666,0.9558611723943443,0.48796565619498466,dirichlet_1,,
1413,0.7200091575091574,0.5436507936507936,10.28125,32.0,0.6666666666666666,0.8947801259246997,0.6473900629623498,dirichlet_1,,
1414,0.8320512820512819,0.675595238095238,7.1875,46.0,0.5384615384615384,0.7401536901600029,0.4292991370484662,dirichlet_1,,
1415,0.9650183150183149,0.8472222222222222,3.84375,15.0,0.8181818181818182,0.6434441762415508,0.517582247054969,dirichlet_1,,
1416,0.7917124542124542,0.6527777777777778,7.6875,59.0,0.3333333333333333,0.7266402771345981,0.49178565617900616,dirichlet_1,,
1417,0.9395604395604396,0.7906746031746031,5.0,18.0,0.8181818181818182,0.4036631291036027,0.3664058834637169,dirichlet_1,,
1418,0.8718864468864468,0.7956349206349206,4.8125,46.0,0.8181818181818182,0.5349405474792776,0.32766175940448217,dirichlet_1,,
1419,0.8768772893772893,0.6964285714285714,7.0625,27.0,0.5384615384615384,0.4807807293024624,0.4403903646512312,dirichlet_1,,
1420,0.9157051282051281,0.7579365079365079,5.84375,22.0,0.5384615384615384,0.32191041657934416,0.3609552082896721,dirichlet_1,,
1421,0.907875457875458,0.7509920634920634,6.0625,21.0,0.5384615384615384,0.479581582216614,0.36215362099486,dirichlet_1,,
1422,0.7079212454212453,0.5277777777777777,10.28125,49.0,0.25,0.7071099688365517,0.42068619312553895,dirichlet_1,,
1423,0.8784340659340659,0.7807539682539683,5.0,51.0,0.6666666666666666,0.3757722659790388,0.3698575659863803,dirichlet_1,,
1424,0.8638278388278388,0.6934523809523809,7.3125,30.0,0.6666666666666666,0.45682472902184607,0.3394124280238687,dirichlet_1,,
1425,0.6635989010989011,0.513888888888889,10.9375,61.0,0.25,1.2336598065736462,0.8168299032868229,dirichlet_1,,
1426,0.9924450549450549,0.933531746031746,1.75,6.0,0.8181818181818182,0.543590914727991,0.4717954573639955,dirichlet_1,,
1427,0.8343406593406593,0.6686507936507936,7.71875,36.0,0.42857142857142855,0.482525543077,0.392212086013384,dirichlet_1,,
1428,0.9275641025641025,0.7817460317460316,5.25,19.0,0.6666666666666666,0.46892823955019836,0.3792723836153839,dirichlet_1,,
1429,0.9438186813186812,0.8095238095238094,4.59375,16.0,0.6666666666666666,0.4277101606708888,0.30330206824642525,dirichlet_1,,
1430,0.6832875457875457,0.5069444444444444,10.5,41.0,0.6666666666666666,0.9918316710893087,0.5572813997972559,dirichlet_1,,
1431,0.7427655677655677,0.5634920634920635,9.625,52.0,0.3333333333333333,0.79436066153758,0.59718033076879,dirichlet_1,,
1432,0.6008699633699632,0.45238095238095233,11.8125,59.0,0.42857142857142855,0.863044329255786,0.6108304012172395,dirichlet_1,,
1433,0.9899725274725273,0.9216269841269841,2.0625,6.0,1.0,0.2527737069899212,0.27105764861429354,dirichlet_1,,
1434,0.4975732600732601,0.36507936507936506,13.65625,60.0,0.3333333333333333,0.8364887096678999,0.6182443548339498,dirichlet_1,,
1435,0.7478021978021978,0.5753968253968254,10.1875,49.0,0.5384615384615384,0.8448344881034957,0.5052078416626126,dirichlet_1,,
1436,0.6630494505494504,0.5287698412698413,10.28125,57.0,0.25,0.6169197383633257,0.5035922188118596,dirichlet_1,,
1437,0.6822344322344323,0.4930555555555555,11.875,34.0,0.25,0.6743917130519351,0.4170281060957326,dirichlet_1,,
1438,0.8787545787545786,0.7152777777777777,6.90625,22.0,0.6666666666666666,0.6732840468019858,0.3992668571161061,dirichlet_1,,
1439,0.9209249084249084,0.7658730158730158,5.75,24.0,0.42857142857142855,0.6882589810544537,0.3838678311891292,dirichlet_1,,
1440,0.44482600732600724,0.30753968253968256,15.4375,53.0,0.17647058823529413,0.9727905010731767,0.48536063148565467,dirichlet_1,,
1441,0.8601190476190474,0.6825396825396824,7.375,28.0,0.6666666666666666,0.60205388008323,0.3969341638351809,dirichlet_1,,
1442,0.9286172161172159,0.7777777777777778,5.5625,16.0,0.6666666666666666,0.35857543082456034,0.3433329691144907,dirichlet_1,,
1443,0.6828754578754578,0.49801587301587297,11.5,45.0,0.25,0.6840055303614906,0.43880671763811196,dirichlet_1,,
1444,0.7858974358974359,0.6140873015873015,8.6875,32.0,0.6666666666666666,1.0481520611636357,0.7240760305818178,dirichlet_1,,
1445,0.683562271062271,0.503968253968254,11.25,45.0,0.42857142857142855,0.5947621674075636,0.4973810837037819,dirichlet_1,,
1446,0.8067765567765566,0.6299603174603174,8.46875,47.0,0.5384615384615384,0.8410435896996082,0.44854731056767805,dirichlet_1,,
1447,0.7154761904761904,0.5446428571428571,9.8125,44.0,0.25,0.7264010734162529,0.39110344479250125,dirichlet_1,,
1448,0.9578754578754578,0.8422619047619047,3.8125,18.0,0.6666666666666666,0.4493711904073891,0.3383055355556778,dirichlet_1,,
1449,0.9355311355311355,0.7757936507936507,5.25,17.0,0.6666666666666666,0.5049353156746301,0.3735973594740826,dirichlet_1,,
1450,0.7989468864468864,0.6190476190476191,9.0,42.0,0.5384615384615384,0.6398028795201514,0.4281443876228545,dirichlet_1,,
1451,0.8787545787545786,0.7242063492063492,6.59375,33.0,0.6666666666666666,0.884713042880562,0.49155549279947647,dirichlet_1,,
1452,0.6583333333333332,0.5,11.625,40.0,0.42857142857142855,1.0975788021378938,0.748789401068947,dirichlet_1,,
1453,0.9167582417582416,0.7589285714285715,5.78125,20.0,0.6666666666666666,0.8545869917513753,0.6173454315928465,dirichlet_1,,
1454,0.8244047619047619,0.6587301587301587,7.9375,37.0,0.6666666666666666,0.9811157093633827,0.4937094978375406,dirichlet_1,,
1455,0.743635531135531,0.550595238095238,10.46875,42.0,0.25,0.6618080264602573,0.5309040132301286,dirichlet_1,,
1456,0.9083791208791206,0.7688492063492063,5.59375,29.0,0.6666666666666666,0.5739033339659885,0.4769159301793577,dirichlet_1,,
1457,0.9048076923076922,0.7440476190476191,6.0625,21.0,0.6666666666666666,0.5473392144646079,0.32761628496841183,dirichlet_1,,
1458,0.9186355311355311,0.876984126984127,3.40625,39.0,1.0,0.281499335483504,0.28444921152415936,dirichlet_1,,
1459,0.6690018315018313,0.49007936507936506,11.46875,50.0,0.17647058823529413,0.5657118466433761,0.42849279025829806,dirichlet_1,,
1460,0.7096611721611721,0.5803571428571428,8.90625,59.0,0.3333333333333333,0.7782898394069013,0.39493960594393185,dirichlet_1,,
1461,0.5128663003663003,0.37400793650793646,13.46875,51.0,0.17647058823529413,0.9840368819328997,0.6227391431861798,dirichlet_1,,
1462,0.9171703296703295,0.761904761904762,5.5625,21.0,0.6666666666666666,0.36012991610688594,0.3596470200284548,dirichlet_1,,
1463,0.8242216117216117,0.7420634920634921,6.03125,54.0,0.8181818181818182,0.636318051850172,0.3760870721493257,dirichlet_1,,
1464,0.7237179487179487,0.5724206349206349,9.4375,59.0,0.25,0.8793152653079767,0.6396576326539882,dirichlet_1,,
1465,0.8425824175824175,0.691468253968254,6.875,47.0,0.3333333333333333,0.42659025349819246,0.41329512674909613,dirichlet_1,,
1466,0.6319139194139193,0.494047619047619,11.3125,52.0,0.1111111111111111,0.6337664218400212,0.4669006829804787,dirichlet_1,,
1467,0.9513278388278387,0.816468253968254,4.375,14.0,0.6666666666666666,0.4342403028676413,0.36983743996704277,dirichlet_1,,
1468,0.7167582417582417,0.5634920634920635,9.5625,56.0,0.3333333333333333,0.9315804955160903,0.5620949106724508,dirichlet_1,,
1469,0.8787545787545786,0.7688492063492063,5.25,50.0,0.6666666666666666,0.6102532333305478,0.3481647322793427,dirichlet_1,,
1470,0.8603021978021977,0.7083333333333333,6.8125,40.0,0.6666666666666666,0.7763319094210961,0.40034665019321336,dirichlet_1,,
1471,0.7575549450549449,0.5793650793650793,9.9375,37.0,0.5384615384615384,0.5674309498793082,0.3966497865912329,dirichlet_1,,
1472,0.8223901098901097,0.6537698412698413,8.03125,36.0,0.6666666666666666,0.6780728099825655,0.395275838326865,dirichlet_1,,
1473,0.8070054945054944,0.6706349206349206,7.1875,49.0,0.3333333333333333,0.6097045332932863,0.3885374311944379,dirichlet_1,,
1474,0.9591575091575091,0.8333333333333334,4.21875,14.0,0.8181818181818182,0.270389703806611,0.2793558625123168,dirichlet_1,,
1475,0.7579212454212454,0.6309523809523809,8.0625,59.0,0.3333333333333333,0.8127435885280163,0.44888727980399645,dirichlet_1,,
1476,0.9053113553113553,0.7410714285714286,6.21875,22.0,0.42857142857142855,0.6325521836746765,0.36169798732966546,dirichlet_1,,
1477,0.9600732600732599,0.8323412698412698,4.125,14.0,0.8181818181818182,0.324329108996554,0.2955993836332358,dirichlet_1,,
1478,0.8556318681318681,0.6805555555555556,7.5,24.0,0.6666666666666666,0.9829354217672539,0.691467710883627,dirichlet_1,,
1479,0.8759615384615382,0.7073412698412699,6.46875,38.0,0.3333333333333333,0.5492759155811529,0.38053912059054024,dirichlet_1,,
1480,0.8706959706959706,0.6825396825396824,7.1875,22.0,0.42857142857142855,0.49290877851417125,0.35134415128360263,dirichlet_1,,
1481,0.8200549450549449,0.6448412698412698,8.25,29.0,0.5384615384615384,0.5750462532955519,0.36511068963718096,dirichlet_1,,
1482,0.8943223443223443,0.7450396825396824,6.3125,34.0,0.6666666666666666,0.6177108615976372,0.45104056908488543,dirichlet_1,,
1483,0.9064102564102564,0.7688492063492063,5.375,35.0,0.3333333333333333,0.49382869603096274,0.4063361492938151,dirichlet_1,,
1484,0.9361721611721611,0.7807539682539683,5.25,18.0,0.8181818181818182,0.6028510728344914,0.4145311542195036,dirichlet_1,,
1485,0.831227106227106,0.6488095238095237,8.40625,33.0,0.3333333333333333,1.0408052681895446,0.49054498328771584,dirichlet_1,,
1486,0.725091575091575,0.5367063492063492,10.75,33.0,0.3333333333333333,1.041509392064705,0.6961166127376571,dirichlet_1,,
1487,0.7625457875457874,0.6180555555555556,8.375,40.0,0.3333333333333333,0.5970080885598106,0.3435285169933298,dirichlet_1,,
1488,0.9544413919413919,0.8174603174603173,4.34375,16.0,0.8181818181818182,0.5739666063125419,0.43240940460248156,dirichlet_1,,
1489,0.8828754578754578,0.7291666666666666,6.28125,29.0,0.3333333333333333,0.5298728518581036,0.3555276625971412,dirichlet_1,,
1490,0.894230769230769,0.7291666666666666,6.25,24.0,0.42857142857142855,0.7779512111799296,0.5758027342811285,dirichlet_1,,
1491,0.7261446886446885,0.5466269841269841,10.1875,47.0,0.25,0.5040526153368459,0.42403770035798755,dirichlet_1,,
1492,0.9418498168498167,0.8154761904761905,4.59375,23.0,0.8181818181818182,0.5915259170245835,0.3215499449492341,dirichlet_1,,
1493,0.7858974358974359,0.6309523809523809,8.625,56.0,0.3333333333333333,0.7931369519567737,0.5885050257302816,dirichlet_1,,
1494,0.7376373626373626,0.5863095238095237,9.0625,57.0,0.42857142857142855,0.7856247057137912,0.49760294371646485,dirichlet_1,,
1495,0.8523351648351648,0.7192460317460317,6.28125,47.0,0.5384615384615384,0.6829510143738732,0.4323152396069975,dirichlet_1,,
1496,0.7684065934065933,0.6200396825396824,8.46875,59.0,0.3333333333333333,0.7790295157001212,0.5644862497244908,dirichlet_1,,
1497,0.6144688644688644,0.45436507936507936,12.40625,46.0,0.3333333333333333,0.7550063329923031,0.42710688151912873,dirichlet_1,,
1498,0.8048992673992673,0.6319444444444444,8.625,48.0,0.5384615384615384,0.5888301267641365,0.3997553604838326,dirichlet_1,,
1499,0.55764652014652,0.42261904761904756,12.84375,56.0,0.3333333333333333,0.862817371732264,0.5994486395140824,dirichlet_1,,
1500,0.47477106227106225,0.3492063492063492,13.96875,53.0,0.17647058823529413,0.7621832081588754,0.5810916040794376,dirichlet_1,,
1501,0.9068681318681316,0.7589285714285715,5.8125,28.0,0.8181818181818182,0.676019174440593,0.4547379037116571,dirichlet_1,,
1502,0.6796703296703296,0.5307539682539683,10.625,60.0,0.3333333333333333,1.1591899049165262,0.779594952458263,dirichlet_1,,
1503,0.8266483516483515,0.6408730158730158,8.875,24.0,0.5384615384615384,0.6923799321591035,0.42809916234078943,dirichlet_1,,
1504,0.9565018315018314,0.8343253968253967,4.34375,13.0,0.6666666666666666,0.4557927967551314,0.4210215416657646,dirichlet_1,,
1505,0.908241758241758,0.7906746031746031,5.03125,41.0,0.8181818181818182,0.3991482839334572,0.3569244944007244,dirichlet_1,,
1506,0.7418498168498167,0.5694444444444444,9.53125,38.0,0.6666666666666666,0.890480618294051,0.6324181201170541,dirichlet_1,,
1507,0.7875,0.5912698412698413,8.96875,37.0,0.42857142857142855,0.5929048607596603,0.3590063139075571,dirichlet_1,,
1508,0.8756410256410256,0.7430555555555555,5.96875,43.0,0.6666666666666666,0.5796530715696744,0.47584244878906246,dirichlet_1,,
1509,0.7512362637362636,0.6299603174603174,8.0,58.0,0.42857142857142855,0.5231307658154698,0.4390355591904836,dirichlet_1,,
1510,0.8783882783882783,0.7123015873015873,6.625,32.0,0.42857142857142855,0.6478422754136453,0.4431277708801451,dirichlet_1,,
1511,0.8470238095238094,0.7083333333333333,6.46875,47.0,0.6666666666666666,0.6107245406862802,0.39229745898118806,dirichlet_1,,
1512,0.92014652014652,0.7638888888888887,5.65625,23.0,0.42857142857142855,0.5374442009416693,0.396506182559021,dirichlet_1,,
1513,0.8544413919413919,0.6765873015873016,7.59375,25.0,0.5384615384615384,0.6240073712597057,0.36039412099771484,dirichlet_1,,
1514,0.9123626373626372,0.7450396825396824,5.96875,19.0,0.5384615384615384,0.35868329195027326,0.3644651284523338,dirichlet_1,,
1515,0.8712912087912087,0.6984126984126984,6.9375,32.0,0.3333333333333333,0.46912097910962863,0.3693922566716556,dirichlet_1,,
1516,0.5799450549450549,0.39880952380952384,13.46875,52.0,0.25,0.8896672763760174,0.4620642592788175,dirichlet_1,,
1517,0.8862637362637362,0.7321428571428571,6.375,32.0,0.6666666666666666,0.6788778919738316,0.5175242310284238,dirichlet_1,,
1518,0.6073717948717948,0.42757936507936506,13.25,44.0,0.17647058823529413,0.7364183490086635,0.5674221870734386,dirichlet_1,,
1519,0.8221153846153846,0.683531746031746,7.1875,44.0,0.6666666666666666,0.7593687381957035,0.5583614506582025,dirichlet_1,,
1520,0.92014652014652,0.7718253968253969,5.21875,27.0,0.3333333333333333,0.34584883534452004,0.2957573312957913,dirichlet_1,,
1521,0.6505036630036629,0.4811507936507936,12.3125,51.0,0.3333333333333333,0.8333325527906921,0.6166662763953461,dirichlet_1,,
1522,0.8919871794871795,0.8025793650793651,4.8125,41.0,1.0,0.47816839698020874,0.35801932729120434,dirichlet_1,,
1523,0.9335164835164834,0.816468253968254,4.4375,34.0,0.8181818181818182,0.4520750740548034,0.3072030681671625,dirichlet_1,,
1524,0.954532967032967,0.8353174603174602,4.03125,17.0,0.6666666666666666,0.5540541420770395,0.38839257465276467,dirichlet_1,,
1525,0.8364468864468864,0.6924603174603174,6.90625,45.0,0.6666666666666666,0.655443790808347,0.5003769477266922,dirichlet_1,,
1526,0.9927197802197801,0.9365079365079365,1.59375,6.0,0.8181818181818182,0.3308392966479484,0.3654196483239742,dirichlet_1,,
1527,0.7497252747252746,0.5823412698412698,9.46875,42.0,0.17647058823529413,0.5976844237608046,0.4326768447186635,dirichlet_1,,
1528,0.8031593406593405,0.6319444444444444,8.65625,28.0,0.6666666666666666,0.759297186273321,0.5175013082044259,dirichlet_1,,
1529,0.883562271062271,0.7172619047619047,6.53125,24.0,0.6666666666666666,0.6529836142735688,0.45773730436888427,dirichlet_1,,
1530,0.842948717948718,0.7648809523809523,5.25,55.0,0.6666666666666666,0.4845227715354295,0.3613312970905354,dirichlet_1,,
1531,0.859157509157509,0.683531746031746,7.34375,26.0,0.6666666666666666,0.7231931150088662,0.5072616312293584,dirichlet_1,,
1532,0.3564102564102563,0.251984126984127,16.3125,53.0,0.1111111111111111,0.7991227712168183,0.5966826991497919,dirichlet_1,,
1533,0.9461080586080586,0.8115079365079365,4.4375,20.0,0.5384615384615384,0.46025279666829844,0.328094292827755,dirichlet_1,,
1534,0.8941391941391941,0.8144841269841269,4.21875,48.0,0.6666666666666666,0.31224891441243596,0.30349196334315076,dirichlet_1,,
1535,0.9563644688644688,0.8303571428571428,4.375,14.0,0.6666666666666666,0.6074443311869824,0.37930331089997255,dirichlet_1,,
1536,0.8004120879120878,0.6934523809523809,6.90625,49.0,0.3333333333333333,0.5288822721360746,0.32460289822739,dirichlet_1,,
1537,0.821153846153846,0.6468253968253967,8.21875,28.0,0.6666666666666666,0.6767050859709778,0.4977129603466444,dirichlet_1,,
1538,0.7896978021978022,0.6041666666666666,8.625,49.0,0.42857142857142855,0.6237248377724386,0.39469709645132706,dirichlet_1,,
1539,0.8876373626373626,0.728174603174603,6.875,21.0,0.6666666666666666,0.8753234358867619,0.6376617179433809,dirichlet_1,,
1540,0.9257326007326007,0.7738095238095237,5.46875,18.0,0.5384615384615384,0.6906525251838136,0.5440010400852668,dirichlet_1,,
1541,0.8560439560439559,0.7123015873015873,6.34375,40.0,0.3333333333333333,0.4378349788508896,0.3121593391483721,dirichlet_1,,
1542,0.7889652014652014,0.6428571428571428,8.03125,57.0,0.5384615384615384,0.7063814259136125,0.45451337768268407,dirichlet_1,,
1543,0.9833791208791208,0.8998015873015873,2.53125,13.0,1.0,0.3359758379668615,0.3177064072611438,dirichlet_1,,
1544,0.9566391941391941,0.8283730158730159,4.28125,15.0,0.6666666666666666,0.24877595926303347,0.3144851735389015,dirichlet_1,,
1545,0.7250457875457874,0.5982142857142857,8.71875,59.0,0.3333333333333333,0.5890394119635881,0.4806151124890299,dirichlet_1,,
1546,0.8362179487179485,0.685515873015873,6.84375,51.0,0.42857142857142855,0.7221434596133389,0.3811705289474821,dirichlet_1,,
1547,0.8594780219780219,0.689484126984127,6.875,38.0,0.25,0.5991755762066591,0.34605850413931827,dirichlet_1,,
1548,0.7730311355311354,0.613095238095238,8.46875,50.0,0.3333333333333333,0.6806926927361446,0.3760356004742868,dirichlet_1,,
1549,0.8927655677655677,0.7460317460317459,5.71875,37.0,0.3333333333333333,0.357707764864814,0.30840431656901784,dirichlet_1,,
1550,0.8528388278388277,0.679563492063492,7.3125,27.0,0.6666666666666666,0.5836214012622865,0.3467002880736726,dirichlet_1,,
1551,0.7977564102564102,0.6567460317460317,7.8125,50.0,0.8181818181818182,0.6276456527939962,0.3496053177981756,dirichlet_1,,
1552,0.9842490842490841,0.9097222222222221,2.1875,13.0,0.6666666666666666,0.17620133189428774,0.24331782659080722,dirichlet_1,,
1553,0.8757326007326006,0.7152777777777777,6.71875,33.0,0.42857142857142855,1.01588079807069,0.7079403990353451,dirichlet_1,,
1554,0.4374999999999999,0.2996031746031746,15.1875,59.0,0.17647058823529413,0.8932502784183501,0.5684614228191892,dirichlet_1,,
1555,0.6248626373626374,0.46924603174603174,11.75,51.0,0.1111111111111111,0.7500709093151505,0.43259545956326334,dirichlet_1,,
1556,0.9042124542124542,0.7390873015873016,5.96875,26.0,0.5384615384615384,0.4365558282324794,0.3476910917817656,dirichlet_1,,
1557,0.7816849816849817,0.6071428571428571,8.71875,39.0,0.42857142857142855,0.5560221031697804,0.47801105158489016,dirichlet_1,,
1558,0.7939560439560439,0.6408730158730158,7.84375,49.0,0.3333333333333333,0.5487160826369948,0.3450549165745342,dirichlet_1,,
1559,0.4956959706959706,0.35416666666666663,14.28125,51.0,0.17647058823529413,0.7601219843276471,0.47403206266816345,dirichlet_1,,
1560,0.9031593406593406,0.7589285714285715,5.6875,28.0,0.6666666666666666,0.5887342694809964,0.4943671347404982,dirichlet_1,,
1561,0.633058608058608,0.48908730158730157,10.84375,59.0,0.25,0.7547724825507045,0.5773862412753523,dirichlet_1,,
1562,0.7911172161172161,0.6567460317460317,7.625,58.0,0.3333333333333333,0.6411612341162402,0.4757803166999753,dirichlet_1,,
1563,0.7766483516483516,0.5882936507936508,8.84375,44.0,0.3333333333333333,0.5920207040228115,0.45744230443104145,dirichlet_1,,
1564,0.8286172161172161,0.6378968253968254,8.59375,24.0,0.42857142857142855,0.4909794819070985,0.3342213911551223,dirichlet_1,,
1565,0.9684981684981685,0.865079365079365,3.34375,20.0,0.5384615384615384,0.3615987502817574,0.299640446802508,dirichlet_1,,
1566,0.9338827838827839,0.7976190476190477,4.96875,26.0,0.6666666666666666,0.3788757998881396,0.29572953117924655,dirichlet_1,,
1567,0.8964285714285715,0.751984126984127,5.59375,32.0,0.3333333333333333,0.39611328982572425,0.29899723958750085,dirichlet_1,,
1568,0.8952380952380952,0.7956349206349206,4.46875,46.0,0.8181818181818182,0.4112054029802037,0.2924343034253952,dirichlet_1,,
1569,0.9266941391941391,0.7817460317460316,5.1875,29.0,0.42857142857142855,0.44835794681834235,0.3466289579823085,dirichlet_1,,
1570,0.8904761904761903,0.7222222222222222,6.4375,23.0,0.6666666666666666,0.5129168224631862,0.3089082209917086,dirichlet_1,,
1571,0.8537087912087912,0.6617063492063492,7.6875,29.0,0.42857142857142855,0.6582659770505994,0.466669788376354,dirichlet_1,,
1572,0.6529304029304028,0.47916666666666663,12.15625,36.0,0.3333333333333333,0.9554997250584204,0.5012377859210776,dirichlet_1,,
1573,0.8095238095238094,0.6121031746031745,8.96875,33.0,0.3333333333333333,1.0228051393624926,0.7112523336503459,dirichlet_1,,
1574,0.8623168498168496,0.6964285714285714,7.03125,39.0,0.25,0.8153034260200553,0.523500728801608,dirichlet_1,,
1575,0.8397893772893772,0.6517857142857142,8.03125,29.0,0.42857142857142855,0.6450433683148049,0.5001634125568752,dirichlet_1,,
1576,0.650595238095238,0.4613095238095237,12.53125,42.0,0.3333333333333333,0.6723209276325128,0.43815942377872774,dirichlet_1,,
1577,0.6251373626373625,0.43650793650793646,13.0,42.0,0.25,0.7481208649275739,0.40079421595743603,dirichlet_1,,
1578,0.5805860805860805,0.40674603174603174,14.0,46.0,0.3333333333333333,0.7562326026070285,0.41894031474575605,dirichlet_1,,
1579,0.7961996336996336,0.6140873015873015,8.5,39.0,0.3333333333333333,0.5670503475795686,0.40637251644454414,dirichlet_1,,
1580,0.783974358974359,0.6964285714285714,6.65625,54.0,0.3333333333333333,0.5412859781627171,0.32608481361894226,dirichlet_1,,
1581,0.7765567765567766,0.6210317460317459,8.65625,41.0,0.6666666666666666,0.9871518944526606,0.6697911778934446,dirichlet_1,,
1582,0.9655677655677655,0.8422619047619047,3.84375,13.0,0.8181818181818182,0.37326624246465673,0.30458386542591326,dirichlet_1,,
1583,0.79757326007326,0.6140873015873015,8.71875,40.0,0.25,0.8561872791380171,0.4975973241025015,dirichlet_1,,
1584,0.8780219780219778,0.7142857142857142,7.15625,21.0,0.8181818181818182,0.3443029508998402,0.26015333848518984,dirichlet_1,,
1585,0.9250915750915749,0.8134920634920635,4.34375,38.0,0.8181818181818182,0.4139240568332318,0.3504555811679849,dirichlet_1,,
1586,0.9578754578754578,0.8353174603174602,3.84375,24.0,0.8181818181818182,0.3710525829879031,0.2896064671755238,dirichlet_1,,
1587,0.91753663003663,0.7658730158730158,5.96875,16.0,0.8181818181818182,0.31539613051961074,0.3525896644682985,dirichlet_1,,
1588,0.827014652014652,0.6577380952380952,7.96875,34.0,0.6666666666666666,0.8080026568718938,0.5821058089774019,dirichlet_1,,
1589,0.8366758241758241,0.6468253968253967,8.3125,31.0,0.42857142857142855,0.8209048813842454,0.4832138462781901,dirichlet_1,,
1590,0.7712912087912086,0.5863095238095237,9.625,38.0,0.42857142857142855,0.7182556821031016,0.5591278410515508,dirichlet_1,,
1591,0.921657509157509,0.8115079365079365,4.46875,37.0,0.6666666666666666,0.3937913882955998,0.30968289812781713,dirichlet_1,,
1592,0.9262820512820512,0.7767857142857142,5.4375,17.0,0.5384615384615384,0.5200033525690384,0.3708775761242596,dirichlet_1,,
1593,0.9668956043956043,0.861111111111111,3.4375,17.0,0.6666666666666666,0.2922799139064989,0.28778637704969234,dirichlet_1,,
1594,0.9669871794871795,0.853174603174603,3.84375,11.0,1.0,0.23177638132062728,0.259160084900416,dirichlet_1,,
1595,0.8867673992673992,0.7152777777777777,6.59375,34.0,0.42857142857142855,0.6832970736572352,0.4038662153162715,dirichlet_1,,
1596,0.8609890109890109,0.6904761904761905,7.09375,25.0,0.6666666666666666,0.6411510060160156,0.4450143432258974,dirichlet_1,,
1597,0.7772435897435898,0.6160714285714285,8.75,45.0,0.25,0.4778652394321889,0.42375502991256025,dirichlet_1,,
1598,0.9758699633699633,0.8700396825396826,3.125,11.0,0.6666666666666666,0.7468311749448824,0.5734155874724413,dirichlet_1,,
1599,0.8595695970695971,0.7331349206349206,6.375,55.0,0.5384615384615384,0.552177831068128,0.4614067807035075,dirichlet_1,,
1600,0.7079212454212453,0.5515873015873015,9.9375,45.0,0.1111111111111111,0.6641518457385331,0.38160301139202946,dirichlet_1,,
1601,0.6909798534798535,0.513888888888889,11.125,54.0,0.25,0.8917245199009213,0.6458622599504606,dirichlet_1,,
1602,0.9490842490842489,0.820436507936508,4.40625,23.0,0.6666666666666666,1.31131896153979,0.855659480769895,dirichlet_1,,
1603,0.687087912087912,0.5089285714285714,10.75,52.0,0.25,0.9344971338481445,0.6672485669240722,dirichlet_1,,
1604,0.7339285714285714,0.6279761904761905,8.0,58.0,0.3333333333333333,0.618390177197725,0.46094878262396644,dirichlet_1,,
1605,0.9206959706959705,0.8224206349206349,4.15625,40.0,0.8181818181818182,0.44494391372699205,0.30177878767461747,dirichlet_1,,
1606,0.8346153846153845,0.691468253968254,6.78125,41.0,0.3333333333333333,0.4621236866707127,0.3420422934454045,dirichlet_1,,
1607,0.8299908424908424,0.6527777777777778,7.9375,44.0,0.5384615384615384,0.539540901167663,0.35217772556395305,dirichlet_1,,
1608,0.9304029304029304,0.7827380952380952,5.3125,18.0,0.5384615384615384,0.5300194895526391,0.42520881421748563,dirichlet_1,,
1609,0.958653846153846,0.8253968253968252,4.28125,12.0,0.6666666666666666,0.4732167875552091,0.35803128214666513,dirichlet_1,,
1610,0.9104395604395604,0.7430555555555555,6.09375,20.0,0.6666666666666666,0.4783363089344347,0.31478964049865565,dirichlet_1,,
1611,0.701510989010989,0.5446428571428571,10.25,60.0,0.25,1.1102661177430047,0.7551330588715024,dirichlet_1,,
1612,0.9366758241758242,0.8055555555555556,4.8125,18.0,0.6666666666666666,0.6642143186616327,0.5050888875517163,dirichlet_1,,
1613,0.9314560439560439,0.7867063492063491,5.25,21.0,0.6666666666666666,0.44517353019811245,0.3322810225506232,dirichlet_1,,
1614,0.7922161172161171,0.6259920634920635,8.6875,34.0,0.6666666666666666,0.9504027239635215,0.6620885811368292,dirichlet_1,,
1615,0.8086996336996336,0.6091269841269841,8.875,31.0,0.3333333333333333,0.7298986708316437,0.5349591735254628,dirichlet_1,,
1616,0.8123168498168497,0.6309523809523809,8.5625,32.0,0.3333333333333333,0.5902282508692365,0.45105348461474726,dirichlet_1,,
1617,0.9500457875457874,0.8482142857142856,3.46875,31.0,0.8181818181818182,0.37382205491403486,0.34001449865421784,dirichlet_1,,
1618,0.8559523809523809,0.7242063492063492,6.28125,45.0,0.6666666666666666,0.5099765909127154,0.31921819216020564,dirichlet_1,,
1619,0.8629120879120877,0.679563492063492,7.53125,27.0,0.42857142857142855,0.5227541199447552,0.42025827997644755,dirichlet_1,,
1620,0.8598901098901098,0.7638888888888887,5.59375,42.0,0.8181818181818182,0.5292117771470662,0.34683347243943147,dirichlet_1,,
1621,0.7924908424908425,0.6081349206349206,8.5625,31.0,0.6666666666666666,0.7282323617393046,0.49583298367501244,dirichlet_1,,
1622,0.9895146520146519,0.9255952380952381,1.9375,8.0,0.8181818181818182,0.3084174684076111,0.34030991385137094,dirichlet_1,,
1623,0.7218406593406592,0.5218253968253969,11.03125,32.0,0.25,0.8244558450181466,0.49703346394038167,dirichlet_1,,
1624,0.8965201465201464,0.7440476190476191,6.0,29.0,0.42857142857142855,0.35871673716872443,0.3405281040548695,dirichlet_1,,
1625,0.9233516483516483,0.8025793650793651,4.59375,34.0,0.8181818181818182,0.42200861870949663,0.30634909472084076,dirichlet_1,,
1626,0.8888278388278387,0.7123015873015873,6.46875,29.0,0.3333333333333333,0.46724965740053626,0.3457536371989621,dirichlet_1,,
1627,0.8131868131868131,0.6378968253968254,8.5,25.0,0.5384615384615384,0.7335179420517413,0.5667589710258707,dirichlet_1,,
1628,0.6956043956043955,0.5297619047619048,10.5625,37.0,0.6666666666666666,1.0777707993113759,0.7388853996556879,dirichlet_1,,
1629,0.9731227106227104,0.8700396825396826,3.25,13.0,0.6666666666666666,0.3821604280765636,0.2808121737052058,dirichlet_1,,
1630,0.8767857142857143,0.691468253968254,7.0625,27.0,0.42857142857142855,0.583220332360235,0.43714719436871236,dirichlet_1,,
1631,0.6762362637362637,0.4970238095238095,11.59375,37.0,0.3333333333333333,1.059931382825708,0.6456914030122342,dirichlet_1,,
1632,0.8142399267399267,0.6696428571428571,7.46875,50.0,0.6666666666666666,0.7577070316479376,0.43183834472346827,dirichlet_1,,
1633,0.9223901098901098,0.7688492063492063,5.59375,16.0,0.6666666666666666,0.4116734612495891,0.30957311392433673,dirichlet_1,,
1634,0.8387820512820512,0.7132936507936508,6.53125,44.0,0.8181818181818182,0.7596493267092024,0.48330029524126095,dirichlet_1,,
1635,0.859065934065934,0.7202380952380951,6.3125,43.0,0.8181818181818182,0.7930001808336267,0.4813956817999198,dirichlet_1,,
1636,0.6370421245421244,0.503968253968254,10.25,60.0,0.25,0.966225191277295,0.5957537229906898,dirichlet_1,,
1637,0.912591575091575,0.7767857142857142,5.1875,34.0,0.6666666666666666,0.5551072422728599,0.3658073980982515,dirichlet_1,,
1638,0.8861721611721612,0.7142857142857142,6.71875,24.0,0.6666666666666666,0.41356483434742325,0.2920480770293195,dirichlet_1,,
1639,0.6915750915750914,0.5535714285714286,9.8125,59.0,0.25,0.6448119577078726,0.48754103353018236,dirichlet_1,,
1640,0.8416208791208791,0.6636904761904762,8.125,30.0,0.5384615384615384,0.671180676553863,0.43347176066442555,dirichlet_1,,
1641,0.9942307692307691,0.9424603174603173,1.5,6.0,1.0,0.1582827979216415,0.2444473131549272,dirichlet_1,,
1642,0.9091117216117215,0.7867063492063491,4.8125,34.0,0.5384615384615384,0.35351812602114013,0.3395842491643794,dirichlet_1,,
1643,0.7602564102564101,0.5962301587301587,9.25,51.0,0.5384615384615384,0.6683171732285309,0.39799669102252905,dirichlet_1,,
1644,0.8913919413919413,0.7916666666666666,4.78125,41.0,0.8181818181818182,0.4008702945186014,0.3170342597894081,dirichlet_1,,
1645,0.8458333333333332,0.7033730158730158,7.0,55.0,0.42857142857142855,0.580537461663159,0.4863669648510037,dirichlet_1,,
1646,0.76753663003663,0.6587301587301587,7.375,60.0,0.42857142857142855,0.8567852182164739,0.4417875083743044,dirichlet_1,,
1647,0.680540293040293,0.5793650793650793,8.65625,58.0,0.3333333333333333,0.6445156914305353,0.40049010222954573,dirichlet_1,,
1648,0.93003663003663,0.7847222222222222,5.25,19.0,0.5384615384615384,0.7329498888053856,0.5664749444026927,dirichlet_1,,
1649,0.7468406593406591,0.6101190476190476,8.28125,56.0,0.3333333333333333,0.5907002151087194,0.4341970779677391,dirichlet_1,,
1650,0.7494505494505495,0.6001984126984127,8.875,60.0,0.3333333333333333,0.9396740255971597,0.6667639706662216,dirichlet_1,,
1651,0.8041666666666666,0.6944444444444444,7.0625,56.0,0.6666666666666666,0.7724063935787608,0.4264428818208706,dirichlet_1,,
1652,0.9667582417582417,0.8561507936507935,3.5625,12.0,0.8181818181818182,0.31650270324253094,0.3173430841219095,dirichlet_1,,
1653,0.8744963369963369,0.7132936507936508,7.25,23.0,0.6666666666666666,1.1642496597303762,0.782124829865188,dirichlet_1,,
1654,0.8930860805860804,0.7271825396825397,6.375,21.0,0.5384615384615384,0.582009263228625,0.38762828280642564,dirichlet_1,,
1655,0.8518772893772892,0.7023809523809523,7.03125,33.0,0.3333333333333333,0.3764621014676422,0.324183120450296,dirichlet_1,,
1656,0.9016483516483516,0.7490079365079365,5.84375,36.0,0.8181818181818182,0.4096746123641506,0.4048373061820753,dirichlet_1,,
1657,0.8469322344322343,0.6974206349206349,6.9375,47.0,0.6666666666666666,0.6308797718091793,0.3934166056905216,dirichlet_1,,
1658,0.9163461538461537,0.7827380952380952,5.125,38.0,0.6666666666666666,0.3633193114035046,0.3816596557017523,dirichlet_1,,
1659,0.7064560439560439,0.5228174603174603,11.0625,35.0,0.25,0.8856090679311619,0.5535603644164798,dirichlet_1,,
1660,0.7145604395604395,0.5744047619047619,9.1875,59.0,0.42857142857142855,0.6921457631062213,0.4897271294774619,dirichlet_1,,
1661,0.9807692307692307,0.8849206349206349,2.8125,10.0,0.8181818181818182,0.21351329820545192,0.28696546805516737,dirichlet_1,,
1662,0.9428571428571427,0.8253968253968252,4.25,18.0,0.8181818181818182,0.8752024428399865,0.6376012214199933,dirichlet_1,,
1663,0.37912087912087905,0.28075396825396826,15.25,55.0,0.1111111111111111,0.9229494283193775,0.6614747141596887,dirichlet_1,,
1664,0.9308150183150181,0.7847222222222222,5.1875,20.0,0.5384615384615384,0.3330522482787158,0.354949852828136,dirichlet_1,,
1665,0.7722985347985348,0.5942460317460317,9.6875,29.0,0.5384615384615384,0.5199646671838434,0.44979591346776193,dirichlet_1,,
1666,0.7253663003663002,0.5347222222222222,10.71875,34.0,0.3333333333333333,0.9995616143570802,0.5210521074787756,dirichlet_1,,
1667,0.8468864468864469,0.6617063492063492,7.9375,26.0,0.5384615384615384,0.6666844850043976,0.5161676228288525,dirichlet_1,,
1668,0.7431776556776555,0.5753968253968254,9.78125,35.0,0.6666666666666666,1.076577047620627,0.7382885238103134,dirichlet_1,,
1669,0.7641025641025639,0.5843253968253969,9.4375,47.0,0.5384615384615384,0.6562042685739518,0.4023622637887342,dirichlet_1,,
1670,0.7772893772893772,0.6388888888888888,8.0,58.0,0.3333333333333333,0.6187312912552516,0.49631234372450556,dirichlet_1,,
1671,0.7659340659340659,0.5962301587301587,9.625,32.0,0.5384615384615384,0.6394046357916423,0.3785733063713243,dirichlet_1,,
1672,0.9438644688644688,0.8283730158730159,4.21875,18.0,0.8181818181818182,1.268773424267787,0.8343867121338936,dirichlet_1,,
1673,0.9711080586080585,0.8601190476190476,3.46875,10.0,0.8181818181818182,0.2383428037899405,0.2781882467144133,dirichlet_1,,
1674,0.8040750915750915,0.6597222222222221,7.9375,40.0,0.6666666666666666,0.8668635680521606,0.588238085816105,dirichlet_1,,
1675,0.8417582417582417,0.6716269841269841,7.46875,47.0,0.5384615384615384,0.767959773655394,0.42806810668921086,dirichlet_1,,
1676,0.6530219780219779,0.4970238095238095,11.15625,49.0,0.25,0.7939449027855188,0.45318628591954296,dirichlet_1,,
1677,0.9750915750915751,0.8730158730158729,3.1875,9.0,0.8181818181818182,0.328999230246945,0.27196476913583784,dirichlet_1,,
1678,0.9478479853479852,0.820436507936508,4.28125,15.0,0.6666666666666666,0.3365917542306508,0.3418338815761556,dirichlet_1,,
1679,0.8975732600732599,0.7311507936507937,6.34375,20.0,0.5384615384615384,0.5166156530338074,0.39543440386747924,dirichlet_1,,
1680,0.8800824175824176,0.728174603174603,6.5625,33.0,0.6666666666666666,0.7126798214677597,0.5433196766474699,dirichlet_1,,
1681,0.8978937728937728,0.8124999999999999,4.53125,42.0,0.8181818181818182,0.4233872522168513,0.3223553921488626,dirichlet_1,,
1682,0.7726190476190474,0.5892857142857142,8.9375,31.0,0.6666666666666666,0.7306945548846218,0.40519307119670833,dirichlet_1,,
1683,0.9740384615384614,0.8710317460317459,3.09375,13.0,0.8181818181818182,0.8204094687297803,0.6102047343648901,dirichlet_1,,
1684,0.9092032967032965,0.7470238095238095,6.03125,23.0,0.8181818181818182,0.34935620001142276,0.3487666854479468,dirichlet_1,,
1685,0.5834706959706959,0.4027777777777778,13.34375,54.0,0.17647058823529413,0.9658952852647648,0.5533920840571929,dirichlet_1,,
1686,0.7438644688644687,0.5724206349206349,10.0,51.0,0.5384615384615384,0.6631749808004286,0.4720185225286402,dirichlet_1,,
1687,0.7824175824175823,0.7152777777777777,6.1875,52.0,0.42857142857142855,0.48119228186419305,0.32611400476275654,dirichlet_1,,
1688,0.7561813186813185,0.6121031746031745,8.375,49.0,0.3333333333333333,0.6508870996932568,0.38370543713985855,dirichlet_1,,
1689,0.8764194139194138,0.7003968253968254,7.0625,23.0,0.6666666666666666,0.5785208424912334,0.3612337490884901,dirichlet_1,,
1690,0.6887362637362637,0.5367063492063492,9.96875,57.0,0.3333333333333333,0.6287867316365965,0.5143933658182983,dirichlet_1,,
1691,0.8613095238095237,0.75,5.4375,48.0,0.6666666666666666,0.5661231429224122,0.3879223403868054,dirichlet_1,,
1692,0.9625457875457873,0.8442460317460317,3.6875,19.0,0.5384615384615384,0.6558256354471863,0.524817511223647,dirichlet_1,,
1693,0.5533882783882783,0.41964285714285715,12.5,60.0,0.1111111111111111,0.9342926004847747,0.5947946160270138,dirichlet_1,,
1694,0.8723443223443221,0.7569444444444444,5.59375,52.0,0.6666666666666666,0.4852223463642889,0.40360343889684974,dirichlet_1,,
1695,0.9258241758241756,0.7738095238095237,5.625,23.0,0.42857142857142855,0.6122139282939498,0.39399296678809936,dirichlet_1,,
1696,0.804120879120879,0.6071428571428571,9.0625,30.0,0.25,0.9224694419682882,0.6083775880730595,dirichlet_1,,
1697,0.7103937728937728,0.5575396825396826,10.125,60.0,0.3333333333333333,1.1455728678322774,0.7727864339161387,dirichlet_1,,
1698,0.5808150183150182,0.4186507936507936,13.28125,44.0,0.3333333333333333,0.9750830886158824,0.6875415443079411,dirichlet_1,,
1699,0.906639194139194,0.7470238095238095,5.84375,31.0,0.42857142857142855,1.1758174732470188,0.7879087366235094,dirichlet_1,,
1700,0.7976648351648351,0.675595238095238,7.5,55.0,0.6666666666666666,0.9323404500681638,0.43345875706465964,dirichlet_1,,
1701,0.6251831501831501,0.45535714285714285,12.34375,53.0,0.25,1.1550458693037835,0.7775229346518917,dirichlet_1,,
1702,0.9446886446886447,0.810515873015873,4.5625,20.0,0.5384615384615384,0.5003241251423732,0.3049893913379888,dirichlet_1,,
1703,0.8307692307692307,0.6666666666666666,7.78125,38.0,0.6666666666666666,0.8816727891832408,0.5277539263259133,dirichlet_1,,
1704,0.7480311355311354,0.5793650793650793,9.21875,44.0,0.6666666666666666,0.8788811303737145,0.6148119718069481,dirichlet_1,,
1705,0.8740384615384615,0.6974206349206349,6.9375,36.0,0.3333333333333333,0.6180100693267392,0.3962554075920999,dirichlet_1,,
1706,0.8465659340659341,0.6686507936507936,7.59375,39.0,0.5384615384615384,0.5670413014628286,0.4835206507314142,dirichlet_1,,
1707,0.8401556776556777,0.6557539682539681,8.125,26.0,0.5384615384615384,0.542629143988848,0.3446483093140877,dirichlet_1,,
1708,0.9830586080586079,0.8998015873015873,2.5,12.0,0.8181818181818182,0.42381678010659896,0.36301507455093923,dirichlet_1,,
1709,0.9531593406593406,0.8353174603174602,3.84375,26.0,0.42857142857142855,0.245634493505719,0.2790676706149278,dirichlet_1,,
1710,0.8984432234432234,0.7648809523809523,5.59375,45.0,0.6666666666666666,0.4508740844299716,0.42543704221498574,dirichlet_1,,
1711,0.6361263736263736,0.49503968253968256,11.21875,52.0,0.17647058823529413,0.6068442464681211,0.5034221232340605,dirichlet_1,,
1712,0.9306776556776555,0.7867063492063491,5.15625,20.0,0.5384615384615384,0.3528754147233959,0.30368549952630836,dirichlet_1,,
1713,0.8622252747252745,0.6815476190476191,7.40625,27.0,0.6666666666666666,0.6368418594428533,0.49089092579152716,dirichlet_1,,
1714,0.7848901098901098,0.6140873015873015,9.1875,49.0,0.5384615384615384,0.5520371104299449,0.4469401337189292,dirichlet_1,,
1715,0.5858058608058607,0.44742063492063494,11.65625,60.0,0.25,0.7677689761203081,0.5838844880601541,dirichlet_1,,
1716,0.7185897435897435,0.5436507936507936,10.4375,36.0,0.5384615384615384,0.7799511800343042,0.5416554454988661,dirichlet_1,,
1717,0.8726190476190476,0.7341269841269841,6.3125,33.0,0.8181818181818182,0.5696030060283404,0.3787552931173395,dirichlet_1,,
1718,0.4154304029304029,0.28869047619047616,15.6875,52.0,0.17647058823529413,0.8443739040963179,0.5467750789838772,dirichlet_1,,
1719,0.9492673992673992,0.8184523809523809,4.71875,18.0,0.6666666666666666,0.5469304174971628,0.3385677593532046,dirichlet_1,,
1720,0.9572802197802196,0.8333333333333334,4.21875,13.0,1.0,0.2542163333473877,0.26606234062289635,dirichlet_1,,
1721,0.9343406593406592,0.804563492063492,4.84375,23.0,0.8181818181818182,0.6889490642530064,0.5343876276683884,dirichlet_1,,
1722,0.6871336996336995,0.5297619047619048,10.59375,46.0,0.1111111111111111,0.6713155868477079,0.417199383808071,dirichlet_1,,
1723,0.7311813186813186,0.5704365079365079,9.8125,59.0,0.3333333333333333,0.9849631663538211,0.6924815831769106,dirichlet_1,,
1724,0.9099358974358973,0.7638888888888887,5.625,26.0,0.6666666666666666,0.5755196786707888,0.4658824688326265,dirichlet_1,,
1725,0.2564102564102564,0.18551587301587302,17.03125,61.0,0.1111111111111111,1.0400677061457533,0.7182123901221741,dirichlet_1,,
1726,0.9261446886446886,0.806547619047619,4.53125,34.0,0.5384615384615384,0.31931520028761384,0.31391528178865985,dirichlet_1,,
1727,0.8770604395604396,0.7142857142857142,6.90625,30.0,0.6666666666666666,0.43628973158682105,0.41814486579341054,dirichlet_1,,
1728,0.8684523809523808,0.7033730158730158,6.84375,27.0,0.6666666666666666,0.49358723964426415,0.4370718690498429,dirichlet_1,,
1729,0.8885073260073261,0.7321428571428571,6.0,37.0,0.42857142857142855,0.42732979392726045,0.40558555520670914,dirichlet_1,,
1730,0.8895146520146519,0.7876984126984127,4.90625,43.0,0.6666666666666666,0.5009211476451129,0.3351899233481461,dirichlet_1,,
1731,0.945238095238095,0.8055555555555556,4.4375,18.0,0.5384615384615384,0.2801143017361991,0.3322001982993917,dirichlet_1,,
1732,0.9241300366300365,0.8015873015873015,4.71875,36.0,0.5384615384615384,0.29924682051581664,0.34962341025790833,dirichlet_1,,
1733,0.8780677655677654,0.7599206349206349,5.59375,41.0,0.8181818181818182,0.5351383466524093,0.42089410701497726,dirichlet_1,,
1734,0.6001831501831502,0.431547619047619,12.9375,54.0,0.25,0.9747872620647228,0.6873936310323614,dirichlet_1,,
1735,0.9380036630036628,0.806547619047619,4.5,27.0,0.6666666666666666,0.28482924503285967,0.3352983018349856,dirichlet_1,,
1736,0.8500457875457873,0.7182539682539683,6.21875,48.0,0.6666666666666666,0.5854388093315994,0.41085726239243153,dirichlet_1,,
1737,0.943635531135531,0.8055555555555556,4.5625,18.0,0.5384615384615384,0.329619076814036,0.32526858922347057,dirichlet_1,,
1738,0.8107142857142856,0.6309523809523809,8.53125,48.0,0.42857142857142855,0.658614675508455,0.5161233823823232,dirichlet_1,,
1739,0.9713827838827838,0.863095238095238,3.59375,11.0,0.8181818181818182,0.5457762575675364,0.3853262231389174,dirichlet_1,,
1740,0.9711080586080585,0.8700396825396826,3.25,13.0,0.8181818181818182,0.49254131193452333,0.3791312596400513,dirichlet_1,,
1741,0.6977564102564102,0.5188492063492063,10.9375,52.0,0.3333333333333333,0.9306443364563901,0.6653221682281951,dirichlet_1,,
1742,0.7265109890109889,0.5634920634920635,9.78125,45.0,0.17647058823529413,0.8749764008604582,0.593310538190678,dirichlet_1,,
1743,0.9271520146520144,0.7767857142857142,5.625,16.0,1.0,0.4002014998800752,0.3817718377244187,dirichlet_1,,
1744,0.9730311355311354,0.8660714285714285,3.4375,10.0,0.6666666666666666,0.5643231252795825,0.461984639558364,dirichlet_1,,
1745,0.7238553113553112,0.5406746031746031,10.4375,53.0,0.42857142857142855,0.8139446101174673,0.6069723050587336,dirichlet_1,,
1746,0.7673534798534798,0.5972222222222222,9.5625,38.0,0.6666666666666666,1.0124185371937218,0.7062092685968608,dirichlet_1,,
1747,0.5663461538461537,0.4047619047619047,13.4375,47.0,0.25,1.1358240058409448,0.7679120029204722,dirichlet_1,,
1748,0.8945970695970694,0.7321428571428571,6.59375,21.0,0.6666666666666666,0.6854451872175356,0.5427225936087678,dirichlet_1,,
1749,0.7746336996336995,0.6240079365079365,8.84375,60.0,0.3333333333333333,0.8714358825769184,0.6357179412884592,dirichlet_1,,
1750,0.849496336996337,0.7132936507936508,6.59375,41.0,0.6666666666666666,0.7183464054403955,0.5152463683860872,dirichlet_1,,
1751,0.8722527472527472,0.6994047619047619,7.1875,21.0,0.6666666666666666,0.5112697293405143,0.3791923692825956,dirichlet_1,,
1752,0.9423534798534796,0.8055555555555556,4.78125,17.0,0.8181818181818182,0.42367783032756356,0.35636130930803656,dirichlet_1,,
1753,0.9780677655677654,0.8819444444444444,2.9375,13.0,0.8181818181818182,0.34346158702770446,0.3186451601109485,dirichlet_1,,
1754,0.7484432234432234,0.6517857142857142,7.5625,59.0,0.3333333333333333,0.6925130248728988,0.3901297025897616,dirichlet_1,,
1755,0.813598901098901,0.6369047619047619,9.1875,27.0,0.5384615384615384,0.5082586979047256,0.3734717186688443,dirichlet_1,,
1756,0.8228937728937729,0.6557539682539681,8.09375,35.0,0.6666666666666666,0.8448111642851643,0.6224055821425822,dirichlet_1,,
1757,0.9798076923076922,0.8928571428571428,2.65625,15.0,0.8181818181818182,0.2946031337678986,0.30542876341949693,dirichlet_1,,
1758,0.9391941391941391,0.810515873015873,4.71875,25.0,0.8181818181818182,0.6522502856457426,0.445279190045637,dirichlet_1,,
1759,0.7984890109890109,0.6765873015873016,7.4375,60.0,0.42857142857142855,0.8124377960691918,0.5541202261320483,dirichlet_1,,
1760,0.9930860805860805,0.939484126984127,1.625,6.0,0.6666666666666666,0.3869970733599264,0.39349853667996315,dirichlet_1,,
1761,0.6639194139194139,0.49007936507936506,11.71875,51.0,0.25,0.9384893350032106,0.6692446675016052,dirichlet_1,,
1762,0.7584249084249083,0.5873015873015873,9.21875,53.0,0.42857142857142855,0.7199629547596277,0.5599814773798137,dirichlet_1,,
1763,0.879624542124542,0.7113095238095238,7.0625,24.0,0.6666666666666666,0.351839932632787,0.36335853672759605,dirichlet_1,,
1764,0.9794413919413918,0.8898809523809524,2.90625,9.0,0.6666666666666666,0.6457872933632969,0.5228936466816484,dirichlet_1,,
1765,0.7138736263736263,0.5406746031746031,10.3125,41.0,0.42857142857142855,0.6256206591384553,0.5128103295692277,dirichlet_1,,
1766,0.9608058608058607,0.8601190476190476,3.40625,24.0,0.5384615384615384,0.24016062911748573,0.26225485361257345,dirichlet_1,,
1767,0.5702838827838826,0.3978174603174603,13.5625,52.0,0.17647058823529413,0.6332282415283278,0.47585120263811576,dirichlet_1,,
1768,0.7461080586080585,0.5694444444444444,10.0,33.0,0.5384615384615384,0.6700951176203938,0.44797180480610127,dirichlet_1,,
1769,0.7418498168498167,0.5823412698412698,9.375,43.0,0.17647058823529413,0.676637075702349,0.4178354687377692,dirichlet_1,,
1770,0.8356227106227104,0.6746031746031745,7.03125,39.0,0.6666666666666666,0.6918979139842194,0.4671067778825461,dirichlet_1,,
1771,0.7740842490842489,0.5942460317460317,9.8125,30.0,0.42857142857142855,0.48477729963009075,0.4423886498150453,dirichlet_1,,
1772,0.8839743589743587,0.7390873015873016,5.9375,45.0,0.42857142857142855,0.5913318903793913,0.3880565883093558,dirichlet_1,,
1773,0.8770146520146519,0.7093253968253967,6.59375,32.0,0.42857142857142855,0.4671622555886727,0.4162189829115204,dirichlet_1,,
1774,0.808974358974359,0.6150793650793651,9.0625,32.0,0.42857142857142855,0.8046564942397509,0.4114212756127923,dirichlet_1,,
1775,0.963598901098901,0.8591269841269842,3.5,17.0,0.8181818181818182,0.6862162206794657,0.5356384503011098,dirichlet_1,,
1776,0.8261446886446885,0.6607142857142857,7.84375,44.0,0.42857142857142855,0.5588978730687065,0.4590202432358712,dirichlet_1,,
1777,0.7150183150183149,0.5595238095238095,9.875,44.0,0.3333333333333333,0.5868266399688298,0.4252309440865078,dirichlet_1,,
1778,0.8472527472527472,0.7083333333333333,6.78125,44.0,0.6666666666666666,0.6565367096001989,0.5240437900624489,dirichlet_1,,
1779,0.7763736263736262,0.6369047619047619,7.96875,58.0,0.42857142857142855,0.6104464081096529,0.48770705800874936,dirichlet_1,,
1780,0.9668040293040292,0.8442460317460317,3.6875,12.0,0.6666666666666666,0.7003965681357377,0.5501982840678689,dirichlet_1,,
1781,0.8175824175824175,0.7103174603174602,6.59375,58.0,0.6666666666666666,0.5233540909584948,0.44313308626514797,dirichlet_1,,
1782,0.6815934065934066,0.5248015873015873,10.125,53.0,0.3333333333333333,0.6837238742173364,0.4247990731048398,dirichlet_1,,
1783,0.7932234432234432,0.6666666666666666,7.59375,54.0,0.6666666666666666,0.9155944476240123,0.4520249059844429,dirichlet_1,,
1784,0.9183150183150182,0.8214285714285714,4.09375,36.0,0.6666666666666666,0.2873750019930531,0.32443370909080077,dirichlet_1,,
1785,0.5542582417582417,0.4246031746031746,12.0,60.0,0.17647058823529413,0.9920307070609187,0.559448921085196,dirichlet_1,,
1786,0.8822344322344321,0.7767857142857142,5.125,49.0,0.6666666666666666,0.5573336393485363,0.33588253007400587,dirichlet_1,,
1787,0.9631410256410255,0.8373015873015872,4.03125,11.0,0.6666666666666666,0.398361249955888,0.29434799185915994,dirichlet_1,,
1788,0.9858516483516482,0.9077380952380952,2.375,8.0,0.8181818181818182,0.19044454346380113,0.2695804634275579,dirichlet_1,,
1789,0.8243131868131868,0.6309523809523809,8.40625,26.0,0.3333333333333333,0.7160922455310861,0.49344162926380736,dirichlet_1,,
1790,0.7848443223443222,0.6101190476190476,9.0625,51.0,0.5384615384615384,0.6365971602607169,0.48193677058268436,dirichlet_1,,
1791,0.7623168498168498,0.5833333333333334,9.875,34.0,0.5384615384615384,0.4671711317538092,0.34899698409118374,dirichlet_1,,
1792,0.9760531135531133,0.875,3.15625,10.0,0.8181818181818182,0.38603136454191483,0.33717409085086486,dirichlet_1,,
1793,0.741712454212454,0.6041666666666666,8.625,58.0,0.42857142857142855,0.7024364137509074,0.5434603004615459,dirichlet_1,,
1794,0.4692307692307691,0.33134920634920634,15.15625,54.0,0.17647058823529413,1.3758407836971414,0.8879203918485706,dirichlet_1,,
1795,0.9930402930402931,0.9404761904761904,1.53125,8.0,0.8181818181818182,0.17152886165043202,0.285764430825216,dirichlet_1,,
1796,0.8856227106227105,0.7123015873015873,6.875,26.0,0.5384615384615384,0.7177875983835853,0.4710206289752007,dirichlet_1,,
1797,0.8577838827838827,0.6974206349206349,7.0625,33.0,0.6666666666666666,0.7946873375866214,0.5036250918258243,dirichlet_1,,
1798,0.8963827838827838,0.7460317460317459,6.0625,31.0,0.6666666666666666,0.7604615865286335,0.41851128860224596,dirichlet_1,,
1799,0.7813186813186812,0.6587301587301587,7.8125,60.0,0.42857142857142855,0.6860242632887172,0.5408737939816948,dirichlet_1,,
1800,0.7363553113553113,0.5525793650793651,10.25,41.0,0.3333333333333333,0.634243798430387,0.5087311399822269,dirichlet_1,,
1801,0.6558150183150182,0.5079365079365079,10.46875,59.0,0.3333333333333333,0.6937740094681689,0.5468870047340845,dirichlet_1,,
1802,0.928205128205128,0.7886904761904762,5.09375,23.0,0.6666666666666666,0.7894180510188438,0.5250723155761486,dirichlet_1,,
1803,0.7496336996336994,0.6121031746031745,9.1875,60.0,0.6666666666666666,1.1226893626728878,0.662183932614189,dirichlet_1,,
1804,0.9115842490842491,0.7906746031746031,5.0,37.0,0.8181818181818182,0.4714629922287764,0.4357314961143882,dirichlet_1,,
1805,0.8095695970695969,0.6428571428571428,8.1875,46.0,0.42857142857142855,0.585103595391613,0.4695140372919328,dirichlet_1,,
1806,0.8608516483516483,0.689484126984127,7.0625,32.0,0.3333333333333333,0.44218001822718744,0.3521603601933947,dirichlet_1,,
1807,0.8992216117216117,0.7509920634920634,5.78125,32.0,0.3333333333333333,0.47723660545433894,0.32847596585646843,dirichlet_1,,
1808,0.8714285714285713,0.7212301587301587,6.3125,36.0,0.3333333333333333,0.521199865616643,0.35880388291687043,dirichlet_1,,
1809,0.9072344322344321,0.7559523809523808,5.78125,35.0,0.8181818181818182,0.412004564261534,0.35119672406665187,dirichlet_1,,
1810,0.824587912087912,0.6418650793650794,8.625,26.0,0.5384615384615384,0.4034595627612564,0.38479158662829827,dirichlet_1,,
1811,0.7907051282051281,0.6001984126984127,9.4375,31.0,0.3333333333333333,0.677711555812617,0.4709952927452961,dirichlet_1,,
1812,0.7408882783882783,0.5595238095238095,10.40625,45.0,0.42857142857142855,0.8257025686097442,0.5245118745368228,dirichlet_1,,
1813,0.8728937728937727,0.6984126984126984,6.9375,30.0,0.5384615384615384,0.46930608510017924,0.4013918023798409,dirichlet_1,,
1814,0.9615842490842489,0.8402777777777777,4.0,15.0,0.8181818181818182,0.3815139673782305,0.3819289722972024,dirichlet_1,,
1815,0.7587454212454212,0.5773809523809523,9.71875,41.0,0.42857142857142855,0.4822862388936664,0.4406309197525304,dirichlet_1,,
1816,0.7494963369963369,0.5744047619047619,9.5625,42.0,0.42857142857142855,0.564939386373336,0.48246969318666794,dirichlet_1,,
1817,0.9525641025641026,0.8373015873015872,3.9375,24.0,0.42857142857142855,0.33446901055378253,0.28502302859371853,dirichlet_1,,
1818,0.8744963369963369,0.7301587301587301,5.9375,42.0,0.5384615384615384,0.41950926629949237,0.37994453368144876,dirichlet_1,,
1819,0.7687728937728937,0.6259920634920635,8.09375,57.0,0.5384615384615384,0.7353925372571629,0.48247954363549883,dirichlet_1,,
1820,0.9159340659340658,0.7688492063492063,5.625,30.0,0.6666666666666666,0.5504910476930097,0.4752455238465048,dirichlet_1,,
1821,0.7043956043956043,0.5238095238095237,11.0,42.0,0.3333333333333333,0.6738245285099058,0.47762919716944924,dirichlet_1,,
1822,0.954029304029304,0.8244047619047619,4.3125,17.0,1.0,0.26824534636477126,0.3027377311002465,dirichlet_1,,
1823,0.7329212454212454,0.6537698412698413,7.15625,58.0,0.3333333333333333,0.5865439979496545,0.3560040279949364,dirichlet_1,,
1824,0.6872710622710622,0.501984126984127,11.53125,43.0,0.3333333333333333,0.708269638453134,0.48258666599787087,dirichlet_1,,
1825,0.8522435897435896,0.6607142857142857,7.71875,29.0,0.42857142857142855,0.8469502194781642,0.5161532523867733,dirichlet_1,,
1826,0.9752747252747251,0.8799603174603174,3.03125,14.0,0.8181818181818182,0.30195261296290776,0.2799164684915639,dirichlet_1,,
1827,0.8716117216117214,0.7261904761904762,6.59375,49.0,0.42857142857142855,0.5300689796251277,0.4650344898125639,dirichlet_1,,
1828,0.8768772893772893,0.7172619047619047,6.96875,30.0,0.6666666666666666,0.6990929618084976,0.5495464809042487,dirichlet_1,,
1829,0.8166666666666665,0.6488095238095237,7.8125,44.0,0.5384615384615384,0.7611820012084608,0.4486574872361001,dirichlet_1,,
1830,0.8627747252747251,0.689484126984127,7.5625,24.0,0.6666666666666666,0.4302608633831464,0.306927925480816,dirichlet_1,,
1831,0.6732600732600732,0.49801587301587297,10.9375,41.0,0.6666666666666666,1.0208754487938987,0.7104377243969493,dirichlet_1,,
1832,0.9606684981684981,0.8422619047619047,3.84375,15.0,0.8181818181818182,0.35201044946562743,0.295915037679844,dirichlet_1,,
1833,0.49152930402930395,0.35912698412698413,13.65625,60.0,0.17647058823529413,0.91274521803721,0.6563726090186051,dirichlet_1,,
1834,0.7579212454212454,0.5625,10.375,35.0,0.3333333333333333,0.7952763289404132,0.5976381644702066,dirichlet_1,,
1835,0.6978937728937727,0.5426587301587301,10.4375,60.0,0.3333333333333333,1.1865058894735618,0.793252944736781,dirichlet_1,,
1836,0.8932692307692306,0.7886904761904762,4.9375,44.0,0.8181818181818182,0.534408820475333,0.3498069220761665,dirichlet_1,,
1837,0.8173992673992673,0.6488095238095237,7.9375,40.0,0.3333333333333333,0.5657813200186266,0.4002034464136468,dirichlet_1,,
1838,0.9439102564102564,0.8035714285714285,4.59375,17.0,0.5384615384615384,0.42168867997238935,0.37364819986627995,dirichlet_1,,
1839,0.7806776556776555,0.6418650793650794,7.90625,58.0,0.42857142857142855,0.8985153062684879,0.4699761341595827,dirichlet_1,,
1840,0.948489010989011,0.8134920634920635,4.53125,17.0,0.6666666666666666,0.7677311790326369,0.5451219333886084,dirichlet_1,,
1841,0.9668498168498166,0.8511904761904763,3.59375,16.0,0.5384615384615384,0.24398595854955551,0.2835748440623805,dirichlet_1,,
1842,0.9429487179487178,0.804563492063492,4.6875,16.0,0.6666666666666666,0.41090041791807796,0.30302169197619117,dirichlet_1,,
1843,0.3181318681318681,0.2331349206349206,16.5,56.0,0.1111111111111111,0.9447796360569714,0.6723898180284856,dirichlet_1,,
1844,0.7009157509157508,0.5188492063492063,11.25,34.0,0.3333333333333333,0.8574850955470433,0.440983919138582,dirichlet_1,,
1845,0.7416666666666666,0.5763888888888888,9.5,54.0,0.3333333333333333,0.6666381726434714,0.48470455580766386,dirichlet_1,,
1846,0.899587912087912,0.7301587301587301,6.28125,26.0,0.42857142857142855,0.6682479153242792,0.37168232455572764,dirichlet_1,,
1847,0.7690018315018313,0.6051587301587301,9.09375,42.0,0.3333333333333333,0.7921552844899531,0.5045313604667886,dirichlet_1,,
1848,0.9488553113553111,0.8234126984126984,4.3125,20.0,0.8181818181818182,0.485615836311607,0.3209553443752,dirichlet_1,,
1849,0.8744963369963369,0.7222222222222222,6.34375,33.0,0.3333333333333333,0.41705501546668766,0.33423770039564454,dirichlet_1,,
1850,0.9037545787545787,0.8095238095238094,4.5,39.0,1.0,0.44722905460690887,0.34417003038788435,dirichlet_1,,
1851,0.9186355311355311,0.7569444444444444,5.71875,21.0,0.6666666666666666,0.42320099011451995,0.3988262507406774,dirichlet_1,,
1852,0.8432234432234431,0.7222222222222222,6.46875,57.0,0.6666666666666666,0.6028612265688739,0.47005241360408145,dirichlet_1,,
1853,0.6188186813186813,0.4394841269841269,13.1875,41.0,0.3333333333333333,0.7403812820043223,0.43448962738999747,dirichlet_1,,
1854,0.723168498168498,0.5595238095238095,9.90625,44.0,0.25,0.7644288511092909,0.4007260292209281,dirichlet_1,,
1855,0.9673076923076922,0.8660714285714285,3.46875,13.0,0.8181818181818182,0.3402742223519567,0.3202410377800544,dirichlet_1,,
1856,0.39500915750915744,0.28869047619047616,14.90625,60.0,0.1111111111111111,0.9561614015370637,0.6780807007685319,dirichlet_1,,
1857,0.8693223443223442,0.7222222222222222,6.78125,40.0,0.6666666666666666,0.7277081744948657,0.45549655074079143,dirichlet_1,,
1858,0.5741758241758241,0.4375,11.875,59.0,0.17647058823529413,0.8119057014774337,0.5059805611661159,dirichlet_1,,
1859,0.963507326007326,0.8472222222222222,3.65625,14.0,0.8181818181818182,0.4895507228519258,0.44477536142596297,dirichlet_1,,
1860,0.664102564102564,0.47718253968253965,11.71875,51.0,0.17647058823529413,0.8172562081315369,0.532790650406161,dirichlet_1,,
1861,0.8404304029304028,0.6924603174603174,6.96875,37.0,0.3333333333333333,0.35556097301490625,0.33556541183764316,dirichlet_1,,
1862,0.8124084249084248,0.6418650793650794,8.25,35.0,0.42857142857142855,0.5244780039849352,0.4249065936440195,dirichlet_1,,
1863,0.8735805860805859,0.751984126984127,5.875,32.0,0.42857142857142855,0.44422655992191096,0.28549290016815126,dirichlet_1,,
1864,0.8251373626373625,0.6299603174603174,8.5,29.0,0.3333333333333333,0.7563585393227826,0.5044468306022147,dirichlet_1,,
1865,0.9122252747252746,0.7628968253968254,5.46875,24.0,0.6666666666666666,0.570245221876313,0.4449527552780367,dirichlet_1,,
1866,0.9290293040293038,0.7936507936507936,4.9375,34.0,0.6666666666666666,0.4808435543662126,0.4016612207623769,dirichlet_1,,
1867,0.9529304029304028,0.8263888888888888,4.4375,15.0,0.8181818181818182,0.2917611315784641,0.32857068322784977,dirichlet_1,,
1868,0.4545329670329669,0.308531746031746,15.8125,52.0,0.17647058823529413,0.984154696355045,0.45027209572602905,dirichlet_1,,
1869,0.8046703296703297,0.6349206349206349,8.125,38.0,0.6666666666666666,0.7308941066013581,0.5120856456419499,dirichlet_1,,
1870,0.9005036630036629,0.7371031746031745,6.125,21.0,0.6666666666666666,0.5670045346137444,0.32725719834003636,dirichlet_1,,
1871,0.9923076923076922,0.9355158730158729,1.75,7.0,1.0,0.5811330868738719,0.490566543436936,dirichlet_1,,
1872,0.8078754578754578,0.6666666666666666,7.625,50.0,0.8181818181818182,0.6037395684197183,0.34628464101704065,dirichlet_1,,
1873,0.7697344322344322,0.5982142857142857,8.75,41.0,0.25,1.018847600457521,0.7094238002287605,dirichlet_1,,
1874,0.9320512820512818,0.7787698412698412,5.21875,19.0,0.6666666666666666,0.6146936980737612,0.4751124548897222,dirichlet_1,,
1875,0.8511904761904762,0.6617063492063492,7.875,29.0,0.42857142857142855,0.6997693720193748,0.4266527165989566,dirichlet_1,,
1876,0.966437728937729,0.8640873015873016,3.34375,22.0,0.5384615384615384,0.47725255336562594,0.4223381570432253,dirichlet_1,,
1877,0.39491758241758235,0.28075396825396826,15.5625,51.0,0.1111111111111111,1.095993731606323,0.7479968658031615,dirichlet_1,,
1878,0.9098901098901097,0.7470238095238095,6.03125,21.0,0.6666666666666666,0.4025843788229449,0.2787454567009871,dirichlet_1,,
1879,0.7972527472527471,0.617063492063492,9.25,29.0,0.5384615384615384,0.6307623946853461,0.4529886628528555,dirichlet_1,,
1880,0.8567307692307692,0.6944444444444444,7.15625,37.0,0.6666666666666666,0.9121466064946817,0.435377673770143,dirichlet_1,,
1881,0.654441391941392,0.4930555555555555,11.34375,48.0,0.3333333333333333,0.6958563328297079,0.526264317061585,dirichlet_1,,
1882,0.8404304029304028,0.6438492063492063,8.09375,27.0,0.3333333333333333,0.5022476353155578,0.38008522807229633,dirichlet_1,,
1883,0.8947802197802196,0.7589285714285715,5.90625,40.0,0.8181818181818182,0.6315592027760335,0.39616624962491964,dirichlet_1,,
1884,0.7764194139194137,0.6299603174603174,8.5625,58.0,0.42857142857142855,0.6644638790592012,0.4776245184229537,dirichlet_1,,
1885,0.8336996336996336,0.6626984126984127,7.875,48.0,0.5384615384615384,0.6867665781946255,0.4180285458297197,dirichlet_1,,
1886,0.9681776556776556,0.8511904761904763,3.5625,11.0,0.6666666666666666,0.6455081728694326,0.4879454148274723,dirichlet_1,,
1887,0.98507326007326,0.9027777777777778,2.46875,7.0,1.0,0.41698632676131686,0.4084931633806584,dirichlet_1,,
1888,0.9365384615384614,0.8015873015873015,4.84375,18.0,0.8181818181818182,0.4237577526785963,0.37576754112494665,dirichlet_1,,
1889,0.351007326007326,0.25396825396825395,16.0625,55.0,0.1111111111111111,0.9015814795144987,0.6507907397572493,dirichlet_1,,
1890,0.9273809523809523,0.7827380952380952,5.28125,21.0,0.6666666666666666,0.8609396196417112,0.5891993857676866,dirichlet_1,,
1891,0.9392857142857141,0.7896825396825398,5.15625,18.0,0.8181818181818182,0.6974619914397329,0.5259568623433949,dirichlet_1,,
1892,0.7192765567765567,0.5386904761904762,10.84375,51.0,0.3333333333333333,0.7778247512622387,0.5889123756311193,dirichlet_1,,
1893,0.779212454212454,0.6587301587301587,8.0,60.0,0.6666666666666666,0.8545479353328325,0.5667011176331153,dirichlet_1,,
1894,0.9577380952380952,0.8462301587301587,3.75,17.0,0.8181818181818182,0.7620716698123291,0.5810358349061645,dirichlet_1,,
1895,0.9387362637362635,0.7926587301587301,5.125,19.0,0.8181818181818182,1.010034120729233,0.7050170603646164,dirichlet_1,,
1896,0.8103479853479852,0.6279761904761905,8.25,30.0,0.6666666666666666,0.7333329182727496,0.4034566034692021,dirichlet_1,,
1897,0.8592948717948716,0.6716269841269841,7.40625,30.0,0.42857142857142855,0.4714807174633231,0.4167686149919037,dirichlet_1,,
1898,0.8722069597069595,0.7172619047619047,6.4375,47.0,0.6666666666666666,0.49320962138729424,0.32983661693364164,dirichlet_1,,
1899,0.8364468864468864,0.6785714285714285,7.6875,31.0,0.6666666666666666,0.7661272401943932,0.5693262049812053,dirichlet_1,,
1900,0.8544871794871794,0.6904761904761905,7.40625,24.0,0.6666666666666666,0.6620505997017023,0.5040075346020763,dirichlet_1,,
1901,0.7678113553113551,0.613095238095238,9.0,58.0,0.3333333333333333,0.8609301432738156,0.6304650716369077,dirichlet_1,,
1902,0.8197344322344321,0.6398809523809523,8.03125,40.0,0.25,0.8804114025231378,0.5391691349136192,dirichlet_1,,
1903,0.5916666666666666,0.42063492063492064,13.375,53.0,0.3333333333333333,1.0858401157247335,0.7429200578623667,dirichlet_1,,
1904,0.8393315018315018,0.6984126984126984,6.46875,51.0,0.5384615384615384,0.49462031803111983,0.4086624564934332,dirichlet_1,,
1905,0.779624542124542,0.6011904761904762,9.5625,31.0,0.5384615384615384,0.7639447994198871,0.5372837455144224,dirichlet_1,,
1906,0.7978479853479853,0.6279761904761905,8.6875,40.0,0.6666666666666666,0.7566917070638852,0.5783458535319427,dirichlet_1,,
1907,0.8493131868131867,0.7242063492063492,6.5,45.0,0.8181818181818182,0.7408445630577548,0.41620831521977114,dirichlet_1,,
1908,0.7759157509157509,0.6359126984126984,8.34375,52.0,0.6666666666666666,0.6134916006472083,0.39263322268927625,dirichlet_1,,
1909,0.9158424908424907,0.7817460317460316,5.1875,33.0,0.42857142857142855,0.339228984918892,0.3492113663425556,dirichlet_1,,
1910,0.9712454212454211,0.876984126984127,3.03125,22.0,1.0,0.21704012193612904,0.27645379181421326,dirichlet_1,,
1911,0.7375457875457875,0.5674603174603174,9.8125,51.0,0.42857142857142855,0.7149086842561686,0.41700292370508035,dirichlet_1,,
1912,0.8922619047619046,0.7509920634920634,5.71875,39.0,0.6666666666666666,0.4332314971169625,0.3990125827622915,dirichlet_1,,
1913,0.8560897435897435,0.673611111111111,7.53125,26.0,0.3333333333333333,0.6816557978543915,0.3747182056891368,dirichlet_1,,
1914,0.5084706959706959,0.37103174603174605,14.25,51.0,0.3333333333333333,0.8623292492195469,0.539234423934828,dirichlet_1,,
1915,0.7402930402930402,0.5357142857142857,10.59375,30.0,0.25,0.678391861841809,0.3700087005640034,dirichlet_1,,
1916,0.6956959706959707,0.5486111111111112,10.0625,60.0,0.3333333333333333,0.9893167370393241,0.6946583685196621,dirichlet_1,,
1917,0.8793040293040291,0.7202380952380951,6.5625,34.0,0.6666666666666666,0.5346793688908063,0.4035866871733993,dirichlet_1,,
1918,0.7139194139194138,0.554563492063492,9.875,58.0,0.42857142857142855,0.8096605438089287,0.5444166094046828,dirichlet_1,,
1919,0.9185439560439559,0.7678571428571428,5.6875,18.0,0.6666666666666666,0.5184859425988175,0.3828298445876809,dirichlet_1,,
1920,0.6978937728937727,0.5376984126984127,9.75,43.0,0.25,0.7626103397964945,0.39186813265842835,dirichlet_1,,
1921,0.8175824175824175,0.6587301587301587,7.78125,52.0,0.5384615384615384,0.6110025229662368,0.4020091614699243,dirichlet_1,,
1922,0.569642857142857,0.4126984126984126,13.34375,48.0,0.25,1.0729930215023449,0.6680072027911571,dirichlet_1,,
1923,0.9345695970695971,0.798611111111111,4.875,25.0,0.8181818181818182,0.7281593309733909,0.5091380335572947,dirichlet_1,,
1924,0.9118131868131867,0.7628968253968254,5.5,30.0,0.42857142857142855,0.39604916751942676,0.3847102762420035,dirichlet_1,,
1925,0.7921703296703295,0.6825396825396824,7.40625,53.0,0.6666666666666666,0.7702801158627756,0.4060423263943272,dirichlet_1,,
1926,0.8755494505494505,0.7093253968253967,6.65625,31.0,0.6666666666666666,0.5012911914537621,0.4306326992349731,dirichlet_1,,
1927,0.843131868131868,0.7509920634920634,5.90625,45.0,0.6666666666666666,0.5995152791092724,0.44293713830920683,dirichlet_1,,
1928,0.43891941391941386,0.31746031746031744,14.59375,60.0,0.1111111111111111,0.981550730152641,0.6907753650763204,dirichlet_1,,
1929,0.5008241758241758,0.3412698412698412,14.78125,54.0,0.1111111111111111,1.0446413170966014,0.5425796458784237,dirichlet_1,,
1930,0.8850732600732599,0.7142857142857142,6.53125,30.0,0.42857142857142855,0.5293789388076108,0.40331883307174116,dirichlet_1,,
1931,0.7268315018315017,0.566468253968254,9.25,52.0,0.3333333333333333,0.6902876594552696,0.487600981902027,dirichlet_1,,
1932,0.7918956043956044,0.6240079365079365,8.40625,48.0,0.6666666666666666,0.7124954761869929,0.4371110848313523,dirichlet_1,,
1933,0.592445054945055,0.4236111111111111,13.0625,45.0,0.17647058823529413,0.902736833235905,0.6513684166179524,dirichlet_1,,
1934,0.8335164835164836,0.6924603174603174,6.75,45.0,0.3333333333333333,0.5111043293494859,0.315468517900624,dirichlet_1,,
1935,0.931547619047619,0.7857142857142857,5.25,22.0,0.6666666666666666,0.5416542678051439,0.4708271339025719,dirichlet_1,,
1936,0.7767857142857142,0.6051587301587301,8.90625,35.0,0.6666666666666666,0.9798171257120647,0.6899085628560323,dirichlet_1,,
1937,0.8092032967032966,0.6498015873015873,8.125,34.0,0.6666666666666666,0.7885759360605279,0.592925365243802,dirichlet_1,,
1938,0.8544871794871794,0.7599206349206349,5.34375,49.0,0.6666666666666666,0.48318837531826747,0.3653861676880136,dirichlet_1,,
1939,0.8455586080586079,0.7073412698412699,6.71875,44.0,0.6666666666666666,0.8012719257975615,0.5156992524317591,dirichlet_1,,
1940,0.8629578754578754,0.75,5.75,49.0,0.8181818181818182,0.659864276261489,0.38055818192842383,dirichlet_1,,
1941,0.7582417582417581,0.5823412698412698,9.53125,45.0,0.3333333333333333,0.9432955992901758,0.5860548728248197,dirichlet_1,,
1942,0.7342490842490842,0.5654761904761905,10.28125,50.0,0.42857142857142855,0.6237091116273525,0.46382870376378854,dirichlet_1,,
1943,0.8567765567765567,0.691468253968254,7.125,37.0,0.3333333333333333,0.5642717643239279,0.43442455183607964,dirichlet_1,,
1944,0.9904761904761904,0.9265873015873015,1.9375,7.0,0.8181818181818182,0.135948085495064,0.26783973781849024,dirichlet_1,,
1945,0.8949633699633699,0.7331349206349206,6.3125,34.0,0.42857142857142855,0.7551191607476747,0.42920747251660235,dirichlet_1,,
1946,0.5562728937728937,0.4027777777777778,13.78125,48.0,0.25,1.0668940007953784,0.7259648524904776,dirichlet_1,,
1947,0.8047161172161171,0.6329365079365079,8.375,29.0,0.6666666666666666,0.7074233343912343,0.5268665758783531,dirichlet_1,,
1948,0.8770604395604396,0.7003968253968254,7.1875,23.0,0.6666666666666666,0.6388393817462383,0.3383486107312264,dirichlet_1,,
1949,0.852106227106227,0.7083333333333333,6.875,50.0,0.5384615384615384,0.5317280181964044,0.4658640090982021,dirichlet_1,,
1950,0.6291666666666665,0.44146825396825395,12.53125,51.0,0.17647058823529413,0.8289500618529624,0.5087083029687562,dirichlet_1,,
1951,0.9533882783882782,0.8253968253968252,4.28125,16.0,0.5384615384615384,0.41545967325590666,0.31861261586313494,dirichlet_1,,
1952,0.793543956043956,0.6408730158730158,7.9375,41.0,0.3333333333333333,0.4955334363828863,0.35547900106113695,dirichlet_1,,
1953,0.9563186813186811,0.8263888888888888,4.25,19.0,0.6666666666666666,0.4126503685073415,0.3357363695449843,dirichlet_1,,
1954,0.9161630036630036,0.7569444444444444,5.65625,23.0,0.42857142857142855,0.7186722139163886,0.5252600809021372,dirichlet_1,,
1955,0.6933608058608057,0.5406746031746031,10.15625,50.0,0.25,0.5833008321452842,0.4916504160726421,dirichlet_1,,
1956,0.7197344322344322,0.5515873015873015,9.9375,40.0,0.6666666666666666,0.9273515710942457,0.6619674108917717,dirichlet_1,,
1957,0.9021062271062271,0.7390873015873016,5.96875,34.0,0.3333333333333333,0.5415712688112457,0.3790803850663468,dirichlet_1,,
1958,0.8566849816849816,0.683531746031746,7.21875,25.0,0.6666666666666666,0.5664285905980397,0.3783689433861807,dirichlet_1,,
1959,0.6687728937728936,0.494047619047619,11.625,45.0,0.25,0.7349430093752192,0.5537666895131147,dirichlet_1,,
1960,0.3611263736263736,0.25,16.03125,60.0,0.17647058823529413,1.0490327112388975,0.7245163556194487,dirichlet_1,,
1961,0.9434523809523809,0.798611111111111,4.8125,18.0,0.5384615384615384,0.3121729605891819,0.2897210153217043,dirichlet_1,,
1962,0.7874084249084249,0.6468253968253967,7.84375,58.0,0.3333333333333333,0.5815374120862528,0.48810780222703526,dirichlet_1,,
1963,0.7987179487179485,0.6408730158730158,8.25,44.0,0.3333333333333333,0.6439329898418741,0.3998868147872024,dirichlet_1,,
1964,0.808150183150183,0.6051587301587301,8.96875,29.0,0.25,0.5482333729364315,0.46233681539137494,dirichlet_1,,
1965,0.9347069597069597,0.8055555555555556,4.84375,33.0,0.6666666666666666,0.4743683093180334,0.43718415465901667,dirichlet_1,,
1966,0.869047619047619,0.7390873015873016,6.25,38.0,0.8181818181818182,0.6048308471008117,0.390758667068895,dirichlet_1,,
1967,0.8799908424908425,0.7073412698412699,6.90625,27.0,0.5384615384615384,0.49533023159266276,0.4287855799075297,dirichlet_1,,
1968,0.7143315018315017,0.5257936507936508,11.1875,34.0,0.3333333333333333,0.5857506635079277,0.4147512435202793,dirichlet_1,,
1969,0.7973443223443222,0.6091269841269841,9.5,30.0,0.42857142857142855,0.6973501229082164,0.41126378749024894,dirichlet_1,,
1970,0.9844322344322343,0.9067460317460316,2.5,9.0,0.8181818181818182,0.2718423527592677,0.2713109483172107,dirichlet_1,,
1971,0.9098443223443222,0.7589285714285715,5.65625,23.0,0.6666666666666666,0.5397762256870795,0.42871511694491304,dirichlet_1,,
1972,0.7174908424908424,0.566468253968254,9.28125,58.0,0.25,0.7410282730870834,0.5445223389387661,dirichlet_1,,
1973,0.8743131868131867,0.6954365079365079,7.09375,25.0,0.42857142857142855,0.6317341820717086,0.3881794039830245,dirichlet_1,,
1974,0.8443681318681319,0.6716269841269841,7.8125,32.0,0.42857142857142855,0.8569312748753672,0.501857702638616,dirichlet_1,,
1975,0.916025641025641,0.7718253968253969,5.375,25.0,0.6666666666666666,0.8433425828311707,0.564656079128928,dirichlet_1,,
1976,0.81007326007326,0.6537698412698413,7.75,42.0,0.3333333333333333,0.5522082153813087,0.3630339054365175,dirichlet_1,,
1977,0.9786630036630036,0.8829365079365079,2.90625,9.0,0.8181818181818182,0.3568231052490489,0.32827707876448675,dirichlet_1,,
1978,0.8873168498168498,0.7192460317460317,6.59375,21.0,0.5384615384615384,0.5577288616254574,0.38595677852377186,dirichlet_1,,
1979,0.8245421245421245,0.6418650793650794,8.0625,32.0,0.3333333333333333,0.6017017201638278,0.44929152478317386,dirichlet_1,,
1980,0.8739468864468863,0.7152777777777777,6.53125,44.0,0.6666666666666666,0.5789962960149316,0.38757882391315795,dirichlet_1,,
1981,0.7131868131868131,0.5535714285714286,10.15625,59.0,0.3333333333333333,1.0772626072145055,0.7386313036072527,dirichlet_1,,
1982,0.7695054945054944,0.5902777777777777,9.9375,35.0,0.42857142857142855,0.5087876262674673,0.32078656112851034,dirichlet_1,,
1983,0.9415293040293038,0.806547619047619,4.65625,17.0,0.6666666666666666,0.5020901671573377,0.4494884969903526,dirichlet_1,,
1984,0.7830128205128205,0.5922619047619048,9.125,40.0,0.3333333333333333,0.5044371116450137,0.4296142472837771,dirichlet_1,,
1985,0.9127747252747251,0.7579365079365079,5.75,28.0,0.42857142857142855,0.7724640761329326,0.5152838469929114,dirichlet_1,,
1986,0.7441849816849817,0.6339285714285714,7.96875,60.0,0.3333333333333333,0.8046114155576799,0.49397796583852105,dirichlet_1,,
1987,0.8259157509157509,0.6458333333333334,8.09375,40.0,0.25,0.6448138992627426,0.4468929719138905,dirichlet_1,,
1988,0.8937728937728936,0.7450396825396824,6.0,30.0,0.3333333333333333,0.31999060615640573,0.28818630052020267,dirichlet_1,,
1989,0.9497710622710621,0.8373015873015872,3.96875,26.0,0.42857142857142855,0.39927774101787117,0.39963887050893554,dirichlet_1,,
1990,0.770558608058608,0.5962301587301587,9.3125,43.0,0.6666666666666666,0.9188535216508955,0.4937056562546867,dirichlet_1,,
1991,0.983150183150183,0.8988095238095237,2.65625,9.0,0.8181818181818182,0.5298655486466901,0.4649327743233451,dirichlet_1,,
1992,0.9326465201465199,0.7876984126984127,5.28125,23.0,0.6666666666666666,0.5942718902928852,0.4193953067267865,dirichlet_1,,
1993,0.7121336996336995,0.5902777777777777,8.6875,59.0,0.3333333333333333,0.716491007521503,0.532350276231641,dirichlet_1,,
1994,0.7090201465201464,0.5446428571428571,10.03125,58.0,0.25,0.9392305709031915,0.6696152854515958,dirichlet_1,,
1995,0.8071886446886446,0.6458333333333334,8.34375,29.0,0.6666666666666666,0.7696242649644017,0.5848121324822008,dirichlet_1,,
1996,0.7305860805860805,0.5823412698412698,9.0,52.0,0.3333333333333333,0.5577320220920788,0.4247267811604033,dirichlet_1,,
1997,0.9293498168498168,0.7956349206349206,4.6875,30.0,0.42857142857142855,0.4345368866022463,0.32464598041800374,dirichlet_1,,
1998,0.7526556776556775,0.5882936507936508,9.25,58.0,0.3333333333333333,0.8046627215992423,0.6023313607996211,dirichlet_1,,
1999,0.8125457875457873,0.6249999999999999,8.40625,40.0,0.5384615384615384,0.6596533973234501,0.5298266986617249,dirichlet_1,,
2000,0.19015567765567762,0.14186507936507936,18.0,60.0,0.1111111111111111,1.2423873631979099,0.821193681598955,dirichlet_0.2,,
2001,0.5127747252747252,0.3829365079365079,13.5625,59.0,0.42857142857142855,0.9613982344085267,0.612823791835966,dirichlet_0.2,,
2002,0.7032051282051281,0.5287698412698413,10.15625,34.0,0.6666666666666666,0.975145325244777,0.5854611848568397,dirichlet_0.2,,
2003,0.6719780219780218,0.5218253968253969,10.8125,61.0,0.25,1.2781099023520257,0.8390549511760129,dirichlet_0.2,,
2004,0.4376831501831502,0.30952380952380953,15.625,54.0,0.25,1.5217598179687812,0.9608799089843906,dirichlet_0.2,,
2005,0.534981684981685,0.3888888888888889,13.9375,48.0,0.25,1.1934294386377404,0.7591035624128433,dirichlet_0.2,,
2006,0.6703754578754578,0.4990079365079365,10.6875,42.0,0.6666666666666666,1.1991596746418196,0.7483313516295936,dirichlet_0.2,,
2007,0.7668498168498167,0.5912698412698413,9.125,30.0,0.6666666666666666,0.7373200422288385,0.5686600211144194,dirichlet_0.2,,
2008,0.8703754578754579,0.6904761904761905,7.5,24.0,0.6666666666666666,0.5071263501249329,0.3691858954759002,dirichlet_0.2,,
2009,0.5238095238095237,0.38194444444444436,14.03125,48.0,0.17647058823529413,1.385709343361055,0.8928546716805275,dirichlet_0.2,,
2010,0.6138278388278388,0.46924603174603174,12.3125,44.0,0.5384615384615384,0.8802855552189637,0.5210590671265396,dirichlet_0.2,,
2011,0.4382326007326007,0.33035714285714285,14.0,60.0,0.1111111111111111,1.1149712391200515,0.6641658841238839,dirichlet_0.2,,
2012,0.5586538461538462,0.4047619047619047,12.625,41.0,0.6666666666666666,1.373872580397527,0.8869362901987635,dirichlet_0.2,,
2013,0.4149725274725275,0.2946428571428571,16.0625,54.0,0.17647058823529413,1.583975523122098,0.9919877615610491,dirichlet_0.2,,
2014,0.7941849816849816,0.6706349206349206,7.5,54.0,0.6666666666666666,0.9858810306240023,0.5082410463576092,dirichlet_0.2,,
2015,0.7836996336996336,0.6309523809523809,8.5625,60.0,0.3333333333333333,0.8596171666484651,0.6298085833242324,dirichlet_0.2,,
2016,0.056227106227106215,0.03968253968253968,20.1875,62.0,0.1111111111111111,1.5831864584236157,0.9915932292118078,dirichlet_0.2,,
2017,0.6107142857142855,0.46230158730158727,11.6875,50.0,0.1111111111111111,0.779797288914535,0.4003708657941156,dirichlet_0.2,,
2018,0.9181318681318681,0.7767857142857142,5.34375,22.0,0.6666666666666666,0.6813302522244842,0.48775518355587344,dirichlet_0.2,,
2019,0.5390567765567765,0.39384920634920634,13.75,48.0,0.25,1.167608858245364,0.5794785823853007,dirichlet_0.2,,
2020,0.7486721611721611,0.5734126984126984,9.84375,36.0,0.5384615384615384,0.7838747895987477,0.5805164960964629,dirichlet_0.2,,
2021,0.7157967032967032,0.5416666666666666,9.96875,34.0,0.6666666666666666,0.7958985257898332,0.510452113626127,dirichlet_0.2,,
2022,0.08695054945054943,0.06646825396825395,19.9375,62.0,0.1111111111111111,1.4776915640712083,0.9388457820356041,dirichlet_0.2,,
2023,0.568040293040293,0.42559523809523814,13.25,44.0,0.3333333333333333,1.2682585325402294,0.8341292662701145,dirichlet_0.2,,
2024,0.621062271062271,0.4751984126984127,11.8125,61.0,0.25,1.5345098214485162,0.9672549107242581,dirichlet_0.2,,
2025,0.8249542124542124,0.7053571428571428,6.78125,51.0,0.8181818181818182,0.8288619624655968,0.47816323906321484,dirichlet_0.2,,
2026,0.6543498168498167,0.5059523809523809,11.15625,61.0,0.25,1.380628588542978,0.8903142942714891,dirichlet_0.2,,
2027,0.758150183150183,0.6240079365079365,8.875,60.0,0.6666666666666666,1.1988742606486817,0.6351665449597367,dirichlet_0.2,,
2028,0.6463827838827838,0.5059523809523809,10.21875,58.0,0.25,0.9170900941006397,0.5360168012650666,dirichlet_0.2,,
2029,0.21387362637362636,0.1527777777777778,17.4375,61.0,0.1111111111111111,1.2844904267583428,0.8422452133791715,dirichlet_0.2,,
2030,0.6938644688644687,0.5188492063492063,11.40625,49.0,0.5384615384615384,1.126862612734175,0.5258634841940583,dirichlet_0.2,,
2031,0.7234432234432233,0.5595238095238095,9.75,50.0,0.25,0.4953941926714175,0.4476970963357087,dirichlet_0.2,,
2032,0.6571886446886446,0.49503968253968256,11.09375,38.0,0.6666666666666666,1.3599119903499046,0.8799559951749524,dirichlet_0.2,,
2033,0.6512362637362638,0.4871031746031746,11.09375,43.0,0.6666666666666666,1.2798235136299088,0.8399117568149543,dirichlet_0.2,,
2034,0.6315018315018314,0.4871031746031746,11.53125,61.0,0.25,1.4791116266223465,0.9395558133111733,dirichlet_0.2,,
2035,0.7820054945054944,0.6051587301587301,9.15625,34.0,0.6666666666666666,0.7783332192229817,0.488431630330811,dirichlet_0.2,,
2036,0.8810897435897433,0.7261904761904762,6.53125,35.0,0.6666666666666666,1.0792964679200603,0.7396482339600302,dirichlet_0.2,,
2037,0.6400641025641025,0.494047619047619,11.375,61.0,0.25,1.4709374057466478,0.9354687028733238,dirichlet_0.2,,
2038,0.7280677655677655,0.5634920634920635,10.0,41.0,0.6666666666666666,0.9038210940971723,0.506754975899569,dirichlet_0.2,,
2039,0.1885989010989011,0.13789682539682538,18.875,62.0,0.1111111111111111,1.3305869378594806,0.8652934689297402,dirichlet_0.2,,
2040,0.5078296703296703,0.36011904761904756,14.4375,53.0,0.3333333333333333,1.3174964342867277,0.8587482171433638,dirichlet_0.2,,
2041,0.7628663003663003,0.6249999999999999,8.65625,54.0,0.6666666666666666,1.1927776284228717,0.5610864354231685,dirichlet_0.2,,
2042,0.7189102564102563,0.5416666666666666,10.0,32.0,0.6666666666666666,1.4119473262655537,0.9059736631327768,dirichlet_0.2,,
2043,0.616941391941392,0.4484126984126984,12.5,53.0,0.25,1.1713630538577389,0.7856815269288693,dirichlet_0.2,,
2044,0.8214743589743589,0.6448412698412698,7.875,40.0,0.25,0.5495807685351349,0.4197704551092268,dirichlet_0.2,,
2045,0.16314102564102562,0.11011904761904762,18.6875,61.0,0.1111111111111111,1.182366322165871,0.7911831610829355,dirichlet_0.2,,
2046,0.8684981684981684,0.6805555555555556,7.65625,24.0,0.5384615384615384,0.5843409059738994,0.43415772809784775,dirichlet_0.2,,
2047,0.7173534798534799,0.5753968253968254,9.15625,60.0,0.3333333333333333,1.0254520238869873,0.5690700167130047,dirichlet_0.2,,
2048,0.5505494505494505,0.43452380952380953,11.65625,59.0,0.25,1.1784740282956143,0.5410038191618951,dirichlet_0.2,,
2049,0.7711996336996336,0.6428571428571428,8.25,57.0,0.6666666666666666,1.167434844063839,0.5133230806108939,dirichlet_0.2,,
2050,0.7214743589743589,0.5714285714285714,9.3125,54.0,0.25,0.7820128679627424,0.5087634553992185,dirichlet_0.2,,
2051,0.31543040293040286,0.23214285714285715,16.40625,55.0,0.1111111111111111,1.1477399485719495,0.7093858850005724,dirichlet_0.2,,
2052,0.20247252747252747,0.1527777777777778,17.75,60.0,0.1111111111111111,1.2942214058127444,0.8471107029063722,dirichlet_0.2,,
2053,0.758058608058608,0.5912698412698413,9.1875,38.0,0.6666666666666666,1.0941456804933467,0.5635881290596174,dirichlet_0.2,,
2054,0.7534798534798535,0.6339285714285714,8.15625,58.0,0.5384615384615384,0.7720238115032428,0.46765146324519347,dirichlet_0.2,,
2055,0.6813644688644688,0.5148809523809523,10.1875,39.0,0.6666666666666666,1.1860162748904468,0.7398991118837265,dirichlet_0.2,,
2056,0.8318223443223443,0.6954365079365079,6.96875,51.0,0.8181818181818182,0.5634155012325723,0.39865512868498254,dirichlet_0.2,,
2057,0.6805860805860805,0.5327380952380952,10.59375,60.0,0.3333333333333333,1.1138536861171084,0.7569268430585543,dirichlet_0.2,,
2058,0.4530219780219779,0.3214285714285714,15.40625,54.0,0.17647058823529413,1.4168450155865,0.90842250779325,dirichlet_0.2,,
2059,0.7132783882783882,0.5486111111111112,9.90625,37.0,0.6666666666666666,1.1081149216772217,0.7136784606861576,dirichlet_0.2,,
2060,0.453937728937729,0.3204365079365079,15.4375,54.0,0.17647058823529413,1.52274072380741,0.9613703619037051,dirichlet_0.2,,
2061,0.38369963369963367,0.2470238095238095,17.0625,54.0,0.1111111111111111,1.1864868043271122,0.5918310377234274,dirichlet_0.2,,
2062,0.5679945054945055,0.4156746031746032,12.53125,42.0,0.6666666666666666,1.424990240571527,0.9124951202857634,dirichlet_0.2,,
2063,0.7864926739926739,0.5823412698412698,9.21875,33.0,0.3333333333333333,0.8510968598277822,0.5281026908756687,dirichlet_0.2,,
2064,0.6178113553113552,0.47420634920634924,11.84375,61.0,0.25,1.5328297587786817,0.9664148793893408,dirichlet_0.2,,
2065,0.5398809523809524,0.376984126984127,14.34375,52.0,0.17647058823529413,0.7669737039400353,0.4520569244550097,dirichlet_0.2,,
2066,0.9112637362637361,0.7728174603174602,5.4375,28.0,0.6666666666666666,0.7979774621979316,0.5704439120890268,dirichlet_0.2,,
2067,0.6205128205128204,0.4751984126984127,11.84375,61.0,0.25,1.5620720424229033,0.9810360212114516,dirichlet_0.2,,
2068,0.4617673992673991,0.3273809523809524,15.1875,54.0,0.25,1.4637636281413837,0.9318818140706918,dirichlet_0.2,,
2069,0.72257326007326,0.5436507936507936,10.9375,49.0,0.5384615384615384,1.076927509298217,0.5601097433133275,dirichlet_0.2,,
2070,0.7103479853479854,0.564484126984127,9.40625,59.0,0.3333333333333333,1.01545193775199,0.5875748916469044,dirichlet_0.2,,
2071,0.663690476190476,0.4851190476190476,11.9375,42.0,0.17647058823529413,1.0131340725777027,0.6436395690256106,dirichlet_0.2,,
2072,0.28356227106227105,0.20039682539682538,17.59375,60.0,0.1111111111111111,1.1968945374065496,0.7984472687032748,dirichlet_0.2,,
2073,0.41602564102564094,0.31746031746031744,14.28125,60.0,0.1111111111111111,1.125849640413035,0.687374112694213,dirichlet_0.2,,
2074,0.22788461538461535,0.1607142857142857,18.0625,56.0,0.1111111111111111,1.1513440294323316,0.698010210437144,dirichlet_0.2,,
2075,0.5542582417582417,0.40178571428571425,12.625,42.0,0.6666666666666666,1.5247521136115763,0.9623760568057881,dirichlet_0.2,,
2076,0.689606227106227,0.5049603174603174,11.65625,49.0,0.42857142857142855,1.0823154005073328,0.6093793726203588,dirichlet_0.2,,
2077,0.4841117216117215,0.3412698412698412,15.0,54.0,0.17647058823529413,1.4280063967618937,0.9140031983809468,dirichlet_0.2,,
2078,0.23699633699633696,0.15773809523809523,17.59375,61.0,0.17647058823529413,1.140993634063776,0.6756829417161666,dirichlet_0.2,,
2079,0.5475274725274724,0.38690476190476186,13.90625,53.0,0.3333333333333333,1.285508914537655,0.8427544572688276,dirichlet_0.2,,
2080,0.6803113553113552,0.5049603174603174,11.40625,51.0,0.3333333333333333,0.742636904577462,0.5302187062121498,dirichlet_0.2,,
2081,0.6164377289377289,0.4702380952380952,11.84375,61.0,0.25,1.4043427013855703,0.9021713506927852,dirichlet_0.2,,
2082,0.9040750915750914,0.7341269841269841,6.5,22.0,0.42857142857142855,0.7892648468688241,0.4233935865600587,dirichlet_0.2,,
2083,0.4069597069597069,0.2946428571428571,15.25,61.0,0.3333333333333333,1.018907346813893,0.696724879919696,dirichlet_0.2,,
2084,0.8427655677655675,0.6507936507936508,7.8125,28.0,0.3333333333333333,1.3645980122740844,0.8822990061370422,dirichlet_0.2,,
2085,0.7208333333333333,0.5525793650793651,10.0,38.0,0.6666666666666666,1.3306556470579407,0.8653278235289704,dirichlet_0.2,,
2086,0.44386446886446884,0.31746031746031744,15.40625,53.0,0.17647058823529413,1.4570948434586777,0.9285474217293388,dirichlet_0.2,,
2087,0.626602564102564,0.4811507936507936,11.75,61.0,0.25,1.5454854292610456,0.9727427146305228,dirichlet_0.2,,
2088,0.4955128205128205,0.3759920634920635,12.71875,60.0,0.1111111111111111,1.1809365263472462,0.5536565379128675,dirichlet_0.2,,
2089,0.43397435897435893,0.3005952380952381,15.4375,60.0,0.17647058823529413,1.032406258279195,0.5302657872155571,dirichlet_0.2,,
2090,0.13905677655677653,0.10416666666666667,18.8125,62.0,0.1111111111111111,1.4309852296785812,0.9154926148392906,dirichlet_0.2,,
2091,0.643543956043956,0.4781746031746032,11.5625,44.0,0.6666666666666666,1.1680973396283207,0.7840486698141602,dirichlet_0.2,,
2092,0.6929487179487178,0.5317460317460316,10.21875,39.0,0.6666666666666666,1.1845952526816061,0.6992574718137659,dirichlet_0.2,,
2093,0.6346153846153846,0.4861111111111111,11.59375,61.0,0.3333333333333333,1.5101931065197485,0.9550965532598741,dirichlet_0.2,,
2094,0.9034798534798534,0.7430555555555555,6.15625,22.0,0.6666666666666666,1.33487338220242,0.8674366911012099,dirichlet_0.2,,
2095,0.829532967032967,0.6537698412698413,8.59375,25.0,0.6666666666666666,1.3560826025794301,0.878041301289715,dirichlet_0.2,,
2096,0.4755036630036629,0.3323412698412698,15.125,54.0,0.17647058823529413,1.4922460239563615,0.9461230119781807,dirichlet_0.2,,
2097,0.0684065934065934,0.0496031746031746,20.0625,62.0,0.1111111111111111,1.5411743403722797,0.9705871701861399,dirichlet_0.2,,
2098,0.04189560439560439,0.031746031746031744,20.40625,62.0,0.1111111111111111,1.593037432179739,0.9965187160898695,dirichlet_0.2,,
2099,0.7288003663003662,0.5555555555555555,10.03125,45.0,0.5384615384615384,1.0382459033572695,0.5691958961509757,dirichlet_0.2,,
2100,0.41799450549450545,0.29662698412698413,16.0,54.0,0.17647058823529413,1.5668383116017826,0.9834191558008911,dirichlet_0.2,,
2101,0.7103937728937728,0.5476190476190476,9.875,37.0,0.6666666666666666,1.1171674454448037,0.7585837227224018,dirichlet_0.2,,
2102,0.5703754578754577,0.4156746031746032,12.59375,45.0,0.6666666666666666,1.5647046432665297,0.9823523216332648,dirichlet_0.2,,
2103,0.8841117216117216,0.7291666666666666,6.46875,35.0,0.6666666666666666,0.8266224189827034,0.4345561118487714,dirichlet_0.2,,
2104,0.633562271062271,0.4851190476190476,11.5625,61.0,0.25,1.441980597294357,0.9209902986471784,dirichlet_0.2,,
2105,0.6132783882783882,0.4533730158730158,12.1875,44.0,0.6666666666666666,1.2382325299756278,0.819116264987814,dirichlet_0.2,,
2106,0.6794413919413919,0.5079365079365079,10.5,41.0,0.6666666666666666,1.5841364022370072,0.9920682011185036,dirichlet_0.2,,
2107,0.5772893772893772,0.42757936507936506,12.59375,42.0,0.6666666666666666,1.5052209835802377,0.9526104917901189,dirichlet_0.2,,
2108,0.43754578754578755,0.31051587301587297,15.6875,54.0,0.1111111111111111,1.459073934528699,0.9295369672643495,dirichlet_0.2,,
2109,0.6335164835164835,0.5486111111111112,9.1875,57.0,0.3333333333333333,0.7920329838023751,0.377756876997344,dirichlet_0.2,,
2110,0.5794413919413919,0.43650793650793646,12.375,57.0,0.17647058823529413,0.8607381842164596,0.43003644918988765,dirichlet_0.2,,
2111,0.597664835164835,0.443452380952381,11.84375,51.0,0.1111111111111111,0.7698141938607133,0.4892066479853082,dirichlet_0.2,,
2112,0.7694139194139193,0.6398809523809523,8.34375,54.0,0.5384615384615384,1.0831648344145433,0.5350319497818513,dirichlet_0.2,,
2113,0.7007326007326007,0.5416666666666666,10.28125,59.0,0.25,1.1415868363889636,0.7605519949655459,dirichlet_0.2,,
2114,0.6275183150183149,0.4801587301587301,11.75,61.0,0.25,1.5338498064845403,0.9669249032422701,dirichlet_0.2,,
2115,0.6263736263736264,0.46924603174603174,12.0,47.0,0.42857142857142855,0.969719219461108,0.6848596097305539,dirichlet_0.2,,
2116,0.6497252747252746,0.5089285714285714,10.5,59.0,0.3333333333333333,0.8964181467275938,0.4899528742003216,dirichlet_0.2,,
2117,0.7466117216117215,0.5843253968253969,9.34375,41.0,0.6666666666666666,1.0780219751317457,0.7189597993290697,dirichlet_0.2,,
2118,0.4338369963369963,0.33730158730158727,13.8125,61.0,0.1111111111111111,0.8755355710554351,0.6377677855277175,dirichlet_0.2,,
2119,0.6515109890109889,0.488095238095238,10.84375,58.0,0.25,1.184711283823615,0.7154993997143382,dirichlet_0.2,,
2120,0.4319597069597069,0.30753968253968256,15.8125,54.0,0.1111111111111111,1.5044409837651254,0.9522204918825627,dirichlet_0.2,,
2121,0.41918498168498164,0.2876984126984127,15.625,51.0,0.17647058823529413,1.218581188364027,0.8092905941820135,dirichlet_0.2,,
2122,0.5497252747252747,0.39880952380952384,13.59375,47.0,0.25,1.1699669939537463,0.6230064751370475,dirichlet_0.2,,
2123,0.44867216117216113,0.31746031746031744,15.4375,54.0,0.25,1.4967750385352883,0.9483875192676442,dirichlet_0.2,,
2124,0.687087912087912,0.5148809523809523,10.3125,40.0,0.6666666666666666,1.138313287078242,0.5345135418393306,dirichlet_0.2,,
2125,0.22834249084249084,0.15773809523809523,18.15625,55.0,0.1111111111111111,1.1960972800406042,0.6905306679294574,dirichlet_0.2,,
2126,0.8402930402930402,0.6785714285714285,7.59375,38.0,0.6666666666666666,0.9420456544767717,0.4387731310809192,dirichlet_0.2,,
2127,0.3016941391941392,0.21825396825396823,17.09375,62.0,0.17647058823529413,1.2261566071604255,0.8130783035802128,dirichlet_0.2,,
2128,0.6256868131868132,0.47916666666666663,11.75,61.0,0.25,1.5516876978505725,0.9758438489252862,dirichlet_0.2,,
2129,0.8027930402930402,0.6021825396825397,8.875,32.0,0.3333333333333333,1.5162325100921192,0.9581162550460596,dirichlet_0.2,,
2130,0.7877289377289376,0.6101190476190476,8.96875,39.0,0.3333333333333333,1.1783739722050044,0.5276360820551897,dirichlet_0.2,,
2131,0.6891025641025641,0.5535714285714286,9.40625,58.0,0.25,0.8770556106834533,0.5386335819741764,dirichlet_0.2,,
2132,0.5982600732600732,0.4503968253968254,12.0625,60.0,0.25,0.8719589493567854,0.6162764556987286,dirichlet_0.2,,
2133,0.8105769230769231,0.6785714285714285,7.09375,55.0,0.6666666666666666,0.7349694086673757,0.385855866686317,dirichlet_0.2,,
2134,0.7318223443223443,0.566468253968254,9.625,37.0,0.6666666666666666,1.2565001147501484,0.8282500573750743,dirichlet_0.2,,
2135,0.42367216117216117,0.28869047619047616,15.375,60.0,0.17647058823529413,0.9768412797934858,0.5931001515838593,dirichlet_0.2,,
2136,0.4188644688644688,0.31051587301587297,15.21875,60.0,0.3333333333333333,1.1425775226168946,0.6954159385295676,dirichlet_0.2,,
2137,0.4421245421245421,0.3134920634920635,15.625,54.0,0.17647058823529413,1.5245748014029186,0.9622874007014591,dirichlet_0.2,,
2138,0.11158424908424909,0.07837301587301587,19.25,62.0,0.1111111111111111,1.3521512745979227,0.8760756372989613,dirichlet_0.2,,
2139,0.09505494505494504,0.0625,19.625,62.0,0.1111111111111111,1.3710351360553705,0.8855175680276853,dirichlet_0.2,,
2140,0.5457875457875456,0.3829365079365079,14.09375,53.0,0.3333333333333333,1.2354295521333796,0.8177147760666896,dirichlet_0.2,,
2141,0.3103021978021978,0.22123015873015872,17.25,60.0,0.1111111111111111,1.1222838515064812,0.7611419257532406,dirichlet_0.2,,
2142,0.043223443223443216,0.03075396825396825,20.40625,62.0,0.1111111111111111,1.5968527311847605,0.9984263655923802,dirichlet_0.2,,
2143,0.8524267399267398,0.6785714285714285,7.5625,37.0,0.3333333333333333,1.2540082313322138,0.8270041156661069,dirichlet_0.2,,
2144,0.6720238095238095,0.5089285714285714,10.5625,54.0,0.25,0.8857787922448489,0.5972686163202059,dirichlet_0.2,,
2145,0.5266941391941391,0.38492063492063494,14.03125,48.0,0.3333333333333333,1.1069929789400097,0.7223480576296909,dirichlet_0.2,,
2146,0.06483516483516483,0.04761904761904762,20.15625,62.0,0.1111111111111111,1.5482811804700685,0.9741405902350343,dirichlet_0.2,,
2147,0.7002747252747252,0.5416666666666666,9.75,54.0,0.25,0.7799817033358454,0.5545124159745783,dirichlet_0.2,,
2148,0.6859432234432233,0.5267857142857143,10.65625,41.0,0.6666666666666666,1.1897495118139525,0.7948747559069763,dirichlet_0.2,,
2149,0.05659340659340659,0.041666666666666664,20.21875,62.0,0.1111111111111111,1.551447025897598,0.9757235129487989,dirichlet_0.2,,
2150,0.7295787545787545,0.5684523809523809,9.75,41.0,0.6666666666666666,1.0917973530924252,0.7455416020850052,dirichlet_0.2,,
2151,0.597481684981685,0.43650793650793646,11.96875,50.0,0.6666666666666666,1.1970588057087352,0.6217639267272782,dirichlet_0.2,,
2152,0.38108974358974357,0.2648809523809524,16.0,53.0,0.17647058823529413,1.3124015267162503,0.8562007633581252,dirichlet_0.2,,
2153,0.8463369963369962,0.6726190476190477,7.90625,33.0,0.42857142857142855,0.9983460338293835,0.4563970629643389,dirichlet_0.2,,
2154,0.7652472527472527,0.5704365079365079,9.9375,33.0,0.25,1.3113652669924587,0.8556826334962293,dirichlet_0.2,,
2155,0.5832417582417582,0.42063492063492064,12.5625,45.0,0.6666666666666666,1.3764071129720472,0.8882035564860236,dirichlet_0.2,,
2156,0.9473901098901097,0.8115079365079365,4.40625,21.0,0.5384615384615384,0.4320811428279178,0.3281020078316249,dirichlet_0.2,,
2157,0.5698717948717947,0.3978174603174603,13.90625,38.0,0.17647058823529413,1.5650388591103135,0.9825194295551567,dirichlet_0.2,,
2158,0.4972985347985347,0.3492063492063492,14.84375,54.0,0.17647058823529413,1.3838746507004318,0.891937325350216,dirichlet_0.2,,
2159,0.6859890109890109,0.513888888888889,10.3125,33.0,0.6666666666666666,1.0004557889498238,0.700227894474912,dirichlet_0.2,,
2160,0.5312271062271062,0.36706349206349204,14.6875,48.0,0.17647058823529413,1.1690436144715526,0.7845218072357764,dirichlet_0.2,,
2161,0.5633699633699633,0.40773809523809523,12.5625,41.0,0.6666666666666666,1.351769707390004,0.875884853695002,dirichlet_0.2,,
2162,0.7939102564102564,0.6190476190476191,8.71875,40.0,0.25,1.1450674307889719,0.5993060555317629,dirichlet_0.2,,
2163,0.7946886446886446,0.6121031746031745,8.59375,41.0,0.25,1.4730566020570413,0.9365283010285207,dirichlet_0.2,,
2164,0.660668498168498,0.494047619047619,10.84375,40.0,0.6666666666666666,1.3517171152213554,0.8758585576106778,dirichlet_0.2,,
2165,0.7456501831501832,0.5654761904761905,10.0,49.0,0.5384615384615384,0.7040472726649107,0.4414906469190811,dirichlet_0.2,,
2166,0.578525641025641,0.42261904761904756,12.21875,42.0,0.6666666666666666,1.4595095456873584,0.9297547728436792,dirichlet_0.2,,
2167,0.22463369963369964,0.15575396825396826,18.1875,55.0,0.1111111111111111,1.1930393317785393,0.5901985637742677,dirichlet_0.2,,
2168,0.6943681318681318,0.5238095238095237,10.375,41.0,0.6666666666666666,1.0840917192398531,0.523887326300016,dirichlet_0.2,,
2169,0.629624542124542,0.492063492063492,10.6875,59.0,0.25,0.9222444273121144,0.4671069168392578,dirichlet_0.2,,
2170,0.6249542124542123,0.45535714285714285,12.5,46.0,0.25,1.0989614556662453,0.5190014658345334,dirichlet_0.2,,
2171,0.17188644688644686,0.12896825396825395,19.03125,62.0,0.1111111111111111,1.304739528802135,0.8523697644010676,dirichlet_0.2,,
2172,0.421474358974359,0.2976190476190476,15.90625,54.0,0.17647058823529413,1.5646456773513546,0.9823228386756773,dirichlet_0.2,,
2173,0.5774725274725274,0.4265873015873015,12.71875,42.0,0.6666666666666666,1.4783102563407087,0.9391551281703544,dirichlet_0.2,,
2174,0.6887820512820512,0.5198412698412698,10.15625,37.0,0.6666666666666666,1.1575848772611845,0.7613838255720898,dirichlet_0.2,,
2175,0.6547161172161171,0.5049603174603174,11.15625,61.0,0.25,1.395438024214945,0.8977190121074724,dirichlet_0.2,,
2176,0.0618131868131868,0.04563492063492063,20.1875,62.0,0.1111111111111111,1.5539307306767505,0.9769653653383752,dirichlet_0.2,,
2177,0.7571428571428571,0.5585317460317459,10.0,33.0,0.25,1.2759336286636302,0.8379668143318152,dirichlet_0.2,,
2178,0.7288461538461538,0.5863095238095237,8.9375,61.0,0.3333333333333333,1.153858668036617,0.5511337418112776,dirichlet_0.2,,
2179,0.9327380952380953,0.798611111111111,5.03125,27.0,0.8181818181818182,1.564621797305936,0.982310898652968,dirichlet_0.2,,
2180,0.6315476190476189,0.4652777777777778,11.625,54.0,0.25,1.1654491570415217,0.7615029157668349,dirichlet_0.2,,
2181,0.6013278388278387,0.431547619047619,13.21875,48.0,0.3333333333333333,1.0466524725316804,0.7233262362658401,dirichlet_0.2,,
2182,0.7976190476190476,0.6249999999999999,8.59375,40.0,0.3333333333333333,1.3158146231853085,0.8579073115926542,dirichlet_0.2,,
2183,0.9527472527472527,0.820436507936508,4.5,13.0,0.5384615384615384,1.5305601334756815,0.9652800667378406,dirichlet_0.2,,
2184,0.7116300366300365,0.5575396825396826,9.5,60.0,0.3333333333333333,1.1054628600634586,0.5856520524213954,dirichlet_0.2,,
2185,0.6399725274725273,0.492063492063492,11.46875,61.0,0.25,1.4314064720448978,0.915703236022449,dirichlet_0.2,,
2186,0.8705128205128205,0.7857142857142857,4.9375,45.0,0.8181818181818182,0.5829262026585177,0.307398436034094,dirichlet_0.2,,
2187,0.7123168498168497,0.5783730158730158,9.28125,61.0,0.25,0.9500922649425281,0.6231485036099124,dirichlet_0.2,,
2188,0.8835164835164834,0.7172619047619047,6.6875,33.0,0.42857142857142855,1.0336173844354946,0.7168086922177472,dirichlet_0.2,,
2189,0.7727564102564101,0.5962301587301587,9.09375,31.0,0.6666666666666666,1.3125921597130796,0.8562960798565399,dirichlet_0.2,,
2190,0.9179487179487179,0.7757936507936507,5.3125,21.0,0.6666666666666666,1.3049232864582971,0.8524616432291485,dirichlet_0.2,,
2191,0.2752289377289377,0.19444444444444445,17.4375,55.0,0.1111111111111111,1.1533570760337688,0.7571870944969926,dirichlet_0.2,,
2192,0.6238095238095238,0.4503968253968254,12.15625,53.0,0.25,1.1373101970415858,0.7686550985207928,dirichlet_0.2,,
2193,0.6695054945054945,0.5208333333333333,10.78125,61.0,0.25,1.2219388910316282,0.8109694455158142,dirichlet_0.2,,
2194,0.13424908424908424,0.0992063492063492,19.40625,62.0,0.1111111111111111,1.4124928637688852,0.9062464318844426,dirichlet_0.2,,
2195,0.6158424908424908,0.46924603174603174,11.875,61.0,0.25,1.4825596598672806,0.9412798299336403,dirichlet_0.2,,
2196,0.6591575091575091,0.49603174603174605,11.09375,38.0,0.6666666666666666,1.3459858196605419,0.8729929098302709,dirichlet_0.2,,
2197,0.701510989010989,0.5515873015873015,9.875,61.0,0.3333333333333333,1.095967353790836,0.7426062655032742,dirichlet_0.2,,
2198,0.7397435897435898,0.5615079365079365,9.375,43.0,0.25,0.7848422672385631,0.443997573512708,dirichlet_0.2,,
2199,0.783974358974359,0.6051587301587301,9.0,40.0,0.25,1.4860019508190296,0.9430009754095149,dirichlet_0.2,,
2200,0.5756410256410256,0.42063492063492064,12.5,44.0,0.6666666666666666,1.5418453624531516,0.9709226812265757,dirichlet_0.2,,
2201,0.07042124542124541,0.05257936507936508,20.0625,62.0,0.1111111111111111,1.52435029330928,0.9621751466546401,dirichlet_0.2,,
2202,0.8294871794871794,0.7063492063492063,6.71875,47.0,0.5384615384615384,0.7997948942031589,0.44267334538698283,dirichlet_0.2,,
2203,0.8199175824175824,0.6805555555555556,7.28125,46.0,0.6666666666666666,0.9090520027853441,0.5666080061746223,dirichlet_0.2,,
2204,0.46103479853479845,0.31249999999999994,15.5,51.0,0.17647058823529413,0.7857916245403183,0.435639754918582,dirichlet_0.2,,
2205,0.513507326007326,0.3640873015873015,14.25,48.0,0.1111111111111111,1.046384225032347,0.7231921125161733,dirichlet_0.2,,
2206,0.434065934065934,0.306547619047619,15.6875,54.0,0.25,1.5181318182432006,0.9590659091216003,dirichlet_0.2,,
2207,0.7592032967032967,0.6071428571428571,9.09375,41.0,0.6666666666666666,1.023571087678092,0.6774346493196931,dirichlet_0.2,,
2208,0.8086080586080585,0.6488095238095237,7.90625,45.0,0.3333333333333333,0.7696334504567542,0.5118693816029647,dirichlet_0.2,,
2209,0.6987637362637361,0.5436507936507936,10.34375,40.0,0.6666666666666666,1.1301113192538905,0.7650556596269452,dirichlet_0.2,,
2210,0.21785714285714283,0.15178571428571427,18.3125,55.0,0.1111111111111111,1.199904004678771,0.6842976888216206,dirichlet_0.2,,
2211,0.6487179487179486,0.4851190476190476,11.5,45.0,0.5384615384615384,1.1114662603455039,0.7557331301727519,dirichlet_0.2,,
2212,0.2355311355311355,0.1636904761904762,18.03125,55.0,0.1111111111111111,1.186528356352683,0.5024268252535924,dirichlet_0.2,,
2213,0.605540293040293,0.4513888888888889,11.96875,42.0,0.6666666666666666,1.5264956107075198,0.96324780535376,dirichlet_0.2,,
2214,0.04647435897435897,0.03273809523809523,20.375,62.0,0.1111111111111111,1.5946947278221573,0.9973473639110786,dirichlet_0.2,,
2215,0.17834249084249082,0.12797619047619047,19.03125,62.0,0.1111111111111111,1.3449831192366046,0.8724915596183024,dirichlet_0.2,,
2216,0.6089743589743588,0.4325396825396825,12.875,54.0,0.17647058823529413,1.0283600833172537,0.7141800416586268,dirichlet_0.2,,
2217,0.5518772893772893,0.40079365079365076,12.65625,42.0,0.6666666666666666,1.553061570532432,0.9765307852662161,dirichlet_0.2,,
2218,0.6558608058608058,0.5059523809523809,11.28125,61.0,0.3333333333333333,1.4296384490775165,0.9148192245387583,dirichlet_0.2,,
2219,0.07197802197802197,0.05158730158730158,20.0,62.0,0.1111111111111111,1.5275557937012223,0.963777896850611,dirichlet_0.2,,
2220,0.32188644688644685,0.23809523809523808,15.65625,61.0,0.1111111111111111,0.9826772857837003,0.69133864289185,dirichlet_0.2,,
2221,0.6373626373626373,0.492063492063492,11.375,61.0,0.25,1.3932803893934596,0.8966401946967297,dirichlet_0.2,,
2222,0.6908882783882784,0.5476190476190476,10.03125,61.0,0.3333333333333333,1.1519554279423236,0.7572060138696531,dirichlet_0.2,,
2223,0.829120879120879,0.6537698412698413,7.84375,29.0,0.6666666666666666,0.671507577912078,0.37098111171722103,dirichlet_0.2,,
2224,0.5916666666666666,0.4305555555555555,12.1875,46.0,0.6666666666666666,1.1963568592570255,0.7089094526121505,dirichlet_0.2,,
2225,0.791025641025641,0.6180555555555556,8.3125,41.0,0.25,1.563447011953289,0.9817235059766446,dirichlet_0.2,,
2226,0.5260073260073259,0.3829365079365079,14.0,48.0,0.25,1.1959345033504962,0.6606062529425184,dirichlet_0.2,,
2227,0.4938644688644688,0.3680555555555556,13.625,61.0,0.3333333333333333,0.9218194604410049,0.6609097302205024,dirichlet_0.2,,
2228,0.5934523809523808,0.42559523809523814,13.25,51.0,0.3333333333333333,1.0704252637429954,0.7352126318714977,dirichlet_0.2,,
2229,0.5893772893772893,0.4246031746031746,13.59375,52.0,0.3333333333333333,1.1753832755390539,0.743445592568003,dirichlet_0.2,,
2230,0.31703296703296696,0.2232142857142857,16.65625,54.0,0.1111111111111111,1.1164824006034257,0.5830882084966961,dirichlet_0.2,,
2231,0.6485805860805859,0.5009920634920634,11.21875,61.0,0.25,1.4371940653649982,0.918597032682499,dirichlet_0.2,,
2232,0.531456043956044,0.375,14.09375,54.0,0.25,1.3328628878100193,0.8664314439050096,dirichlet_0.2,,
2233,0.6358516483516483,0.4801587301587301,11.6875,40.0,0.6666666666666666,1.3335497526534124,0.8667748763267061,dirichlet_0.2,,
2234,0.7301739926739926,0.5585317460317459,9.625,44.0,0.25,0.9837177347347268,0.6918588673673634,dirichlet_0.2,,
2235,0.12953296703296702,0.09623015873015874,19.1875,60.0,0.1111111111111111,1.347897580133991,0.8739487900669953,dirichlet_0.2,,
2236,0.6532051282051281,0.48908730158730157,11.625,44.0,0.6666666666666666,1.1466882508937026,0.7733441254468513,dirichlet_0.2,,
2237,0.7154761904761904,0.5515873015873015,10.625,44.0,0.6666666666666666,1.042670996226549,0.7213354981132746,dirichlet_0.2,,
2238,0.8710164835164834,0.7341269841269841,6.125,50.0,0.5384615384615384,0.6213467804982894,0.40215208311451683,dirichlet_0.2,,
2239,0.6086996336996336,0.4652777777777778,11.875,61.0,0.25,1.3560959306777352,0.8780479653388675,dirichlet_0.2,,
2240,0.2615842490842491,0.18551587301587302,17.78125,54.0,0.1111111111111111,1.1793281957960748,0.7779265367723863,dirichlet_0.2,,
2241,0.6558608058608058,0.5099206349206349,10.9375,61.0,0.25,1.3132380212279615,0.8566190106139807,dirichlet_0.2,,
2242,0.5914835164835164,0.4672619047619047,10.8125,59.0,0.25,1.0199889006869205,0.5340390512626576,dirichlet_0.2,,
2243,0.9214285714285712,0.7857142857142857,5.125,24.0,0.6666666666666666,1.062658552808779,0.7313292764043896,dirichlet_0.2,,
2244,0.6072802197802197,0.46230158730158727,11.84375,61.0,0.25,1.3389393861514407,0.8694696930757204,dirichlet_0.2,,
2245,0.6829212454212454,0.5148809523809523,10.59375,47.0,0.6666666666666666,1.0505598378843584,0.6314167088870626,dirichlet_0.2,,
2246,0.3729395604395604,0.25,16.75,53.0,0.17647058823529413,0.942316797622354,0.5440597824536803,dirichlet_0.2,,
2247,0.4761904761904761,0.35416666666666663,14.46875,51.0,0.3333333333333333,0.9516839225771766,0.6255898078298602,dirichlet_0.2,,
2248,0.7751373626373625,0.6200396825396824,8.84375,58.0,0.3333333333333333,0.8671088811127018,0.6335544405563508,dirichlet_0.2,,
2249,0.8166666666666665,0.6200396825396824,8.59375,31.0,0.3333333333333333,0.7880360511460457,0.503395232348399,dirichlet_0.2,,
2250,0.5005494505494505,0.3611111111111111,14.53125,49.0,0.17647058823529413,1.0642000142694974,0.7321000071347487,dirichlet_0.2,,
2251,0.7137820512820512,0.5486111111111112,9.96875,50.0,0.5384615384615384,0.9730454826689752,0.4865962390234076,dirichlet_0.2,,
2252,0.597664835164835,0.44742063492063494,12.4375,42.0,0.6666666666666666,1.3865711234674614,0.8932855617337306,dirichlet_0.2,,
2253,0.8875915750915748,0.7192460317460317,6.59375,31.0,0.42857142857142855,1.3279460388416628,0.8639730194208314,dirichlet_0.2,,
2254,0.6619047619047618,0.5049603174603174,10.65625,40.0,0.6666666666666666,1.3764452845328683,0.8882226422664342,dirichlet_0.2,,
2255,0.6964743589743589,0.5307539682539683,10.46875,39.0,0.6666666666666666,1.1249187187118386,0.7624593593559192,dirichlet_0.2,,
2256,0.7570970695970696,0.5565476190476191,9.9375,33.0,0.25,1.0102640177576816,0.5478707473442487,dirichlet_0.2,,
2257,0.7854395604395604,0.6279761904761905,8.6875,33.0,0.6666666666666666,0.9571184622318949,0.45439209230456945,dirichlet_0.2,,
2258,0.7953754578754578,0.6448412698412698,7.8125,49.0,0.25,0.49896797868869025,0.44948398934434514,dirichlet_0.2,,
2259,0.725091575091575,0.5704365079365079,10.0,60.0,0.3333333333333333,1.090174715174143,0.7450873575870716,dirichlet_0.2,,
2260,0.7478479853479854,0.5763888888888888,9.5,39.0,0.6666666666666666,0.8043629674309059,0.49632456174432327,dirichlet_0.2,,
2261,0.7592490842490842,0.5962301587301587,9.09375,49.0,0.25,0.9560779030044253,0.5907871443680833,dirichlet_0.2,,
2262,0.8339285714285714,0.7162698412698413,6.5,56.0,0.5384615384615384,0.7267720836802176,0.39213713836162667,dirichlet_0.2,,
2263,0.575595238095238,0.4236111111111111,12.5625,42.0,0.6666666666666666,1.5979309454886317,0.9989654727443159,dirichlet_0.2,,
2264,0.3711538461538461,0.26884920634920634,15.78125,61.0,0.1111111111111111,1.142478196236952,0.7712390981184759,dirichlet_0.2,,
2265,0.6656593406593406,0.5178571428571429,11.03125,61.0,0.3333333333333333,1.3059757885678183,0.8529878942839091,dirichlet_0.2,,
2266,0.35219780219780217,0.25297619047619047,15.8125,52.0,0.1111111111111111,1.5501234879841466,0.9750617439920733,dirichlet_0.2,,
2267,0.7333333333333333,0.5585317460317459,9.5,46.0,0.5384615384615384,0.940043815664694,0.5120175827971597,dirichlet_0.2,,
2268,0.6904304029304028,0.5277777777777777,10.15625,39.0,0.6666666666666666,1.1809270847505764,0.7149472978301601,dirichlet_0.2,,
2269,0.569642857142857,0.44940476190476186,11.40625,60.0,0.25,1.1919166394103944,0.6259699468952014,dirichlet_0.2,,
2270,0.7003663003663003,0.5376984126984127,10.4375,39.0,0.6666666666666666,1.1847259280540414,0.7923629640270207,dirichlet_0.2,,
2271,0.9620421245421245,0.8472222222222222,3.96875,12.0,0.6666666666666666,0.37077273948280814,0.30898209843823854,dirichlet_0.2,,
2272,0.7185897435897435,0.5436507936507936,11.03125,49.0,0.5384615384615384,1.0976034917391577,0.5564806515638195,dirichlet_0.2,,
2273,0.646565934065934,0.47619047619047616,12.0625,45.0,0.25,1.1049980109089799,0.6966134319970826,dirichlet_0.2,,
2274,0.9140567765567765,0.7410714285714286,6.125,21.0,0.5384615384615384,1.4558841280149433,0.9279420640074717,dirichlet_0.2,,
2275,0.12632783882783882,0.09424603174603174,18.9375,62.0,0.1111111111111111,1.4712938952789352,0.9356469476394677,dirichlet_0.2,,
2276,0.5149267399267399,0.3492063492063492,14.75,51.0,0.17647058823529413,0.7779579914695501,0.44114888999047486,dirichlet_0.2,,
2277,0.7438644688644687,0.5823412698412698,9.625,58.0,0.3333333333333333,1.0068230787240138,0.6961218257716935,dirichlet_0.2,,
2278,0.6515567765567765,0.5029761904761905,11.21875,61.0,0.25,1.3897557839725927,0.8948778919862964,dirichlet_0.2,,
2279,0.5348901098901098,0.3829365079365079,14.0,54.0,0.17647058823529413,1.3390913237370652,0.8695456618685325,dirichlet_0.2,,
2280,0.756547619047619,0.6091269841269841,8.96875,51.0,0.6666666666666666,1.1922088195233513,0.6324607886401419,dirichlet_0.2,,
2281,0.6695054945054945,0.5029761904761905,10.65625,53.0,0.25,1.0909809593163753,0.6729813920278991,dirichlet_0.2,,
2282,0.08978937728937728,0.06547619047619047,19.75,62.0,0.1111111111111111,1.41533159788397,0.9076657989419851,dirichlet_0.2,,
2283,0.6201923076923077,0.47420634920634924,11.84375,61.0,0.25,1.588522065402113,0.9942610327010566,dirichlet_0.2,,
2284,0.4034340659340659,0.3005952380952381,15.375,60.0,0.3333333333333333,1.1920553148579747,0.7090295769426961,dirichlet_0.2,,
2285,0.702014652014652,0.554563492063492,10.3125,51.0,0.6666666666666666,0.7968432087219259,0.3865110921172513,dirichlet_0.2,,
2286,0.6695512820512819,0.5079365079365079,10.625,40.0,0.6666666666666666,1.3017319275433628,0.8508659637716812,dirichlet_0.2,,
2287,0.5586538461538462,0.40674603174603174,12.5625,42.0,0.6666666666666666,1.4921367438234994,0.9460683719117498,dirichlet_0.2,,
2288,0.621062271062271,0.4751984126984127,11.8125,61.0,0.25,1.543069340035142,0.971534670017571,dirichlet_0.2,,
2289,0.38745421245421235,0.2569444444444445,16.8125,51.0,0.1111111111111111,1.031191205612201,0.4579674000034662,dirichlet_0.2,,
2290,0.3533424908424908,0.25496031746031744,15.8125,55.0,0.1111111111111111,1.0452960550401644,0.4773844842332697,dirichlet_0.2,,
2291,0.5434981684981685,0.3958333333333333,13.78125,48.0,0.25,1.2705890081459874,0.8352945040729937,dirichlet_0.2,,
2292,0.5630952380952381,0.42757936507936506,13.15625,44.0,0.5384615384615384,0.905516491722876,0.555652307941999,dirichlet_0.2,,
2293,0.28108974358974353,0.21031746031746032,16.5,61.0,0.1111111111111111,1.1730978568195962,0.7865489284097982,dirichlet_0.2,,
2294,0.6949633699633698,0.5367063492063492,10.5,41.0,0.6666666666666666,1.1563737903563651,0.7781868951781825,dirichlet_0.2,,
2295,0.7399725274725274,0.560515873015873,10.0,35.0,0.5384615384615384,1.4654472318332075,0.9327236159166038,dirichlet_0.2,,
2296,0.7244963369963369,0.5932539682539683,8.8125,60.0,0.3333333333333333,1.1321137426502519,0.484494626252143,dirichlet_0.2,,
2297,0.42696886446886445,0.30357142857142855,15.875,54.0,0.17647058823529413,1.5326301636455593,0.9663150818227796,dirichlet_0.2,,
2298,0.8423076923076923,0.6726190476190477,7.65625,35.0,0.6666666666666666,0.8676560700442973,0.6338280350221487,dirichlet_0.2,,
2299,0.4668040293040292,0.31845238095238093,15.21875,54.0,0.17647058823529413,1.1224332966145933,0.7390692145086697,dirichlet_0.2,,
2300,0.6588827838827839,0.5128968253968254,10.75,61.0,0.25,1.254714916624926,0.827357458312463,dirichlet_0.2,,
2301,0.06726190476190476,0.0496031746031746,20.0625,62.0,0.1111111111111111,1.5261748032814046,0.9630874016407024,dirichlet_0.2,,
2302,0.43708791208791203,0.308531746031746,15.59375,54.0,0.17647058823529413,1.5169341278446875,0.9584670639223436,dirichlet_0.2,,
2303,0.7621794871794871,0.6349206349206349,8.125,60.0,0.42857142857142855,0.9347801121759546,0.584502488861278,dirichlet_0.2,,
2304,0.7108516483516483,0.550595238095238,10.0625,57.0,0.25,1.1195033221463737,0.7010582561018108,dirichlet_0.2,,
2305,0.2658424908424908,0.18551587301587302,17.5625,55.0,0.1111111111111111,1.1293682459272845,0.6345534284367412,dirichlet_0.2,,
2306,0.44075091575091574,0.31646825396825395,15.46875,53.0,0.17647058823529413,1.4708279740337404,0.9354139870168702,dirichlet_0.2,,
2307,0.3033424908424908,0.21726190476190477,16.6875,61.0,0.1111111111111111,1.1240958818959053,0.7620479409479526,dirichlet_0.2,,
2308,0.6696428571428571,0.501984126984127,10.40625,38.0,0.6666666666666666,1.0649053347117796,0.711604955528772,dirichlet_0.2,,
2309,0.7903846153846154,0.6309523809523809,8.03125,50.0,0.42857142857142855,0.7379097113774297,0.5266323132378599,dirichlet_0.2,,
2310,0.6482600732600732,0.49801587301587297,11.3125,61.0,0.25,1.3877984426135925,0.8938992213067962,dirichlet_0.2,,
2311,0.6669871794871793,0.5109126984126984,11.28125,40.0,0.6666666666666666,1.2442513675614277,0.8221256837807138,dirichlet_0.2,,
2312,0.8152472527472526,0.6815476190476191,7.40625,50.0,0.8181818181818182,0.9630991518715435,0.5217155826486765,dirichlet_0.2,,
2313,0.44913003663003653,0.3194444444444444,15.4375,54.0,0.1111111111111111,1.4210232840282315,0.9105116420141158,dirichlet_0.2,,
2314,0.6333791208791208,0.46924603174603174,11.6875,50.0,0.5384615384615384,1.0812174764841316,0.5365320057947235,dirichlet_0.2,,
2315,0.5536630036630036,0.40079365079365076,13.4375,46.0,0.17647058823529413,1.0535693437664253,0.49984686412834267,dirichlet_0.2,,
2316,0.2075091575091575,0.14484126984126983,18.4375,56.0,0.1111111111111111,1.1978595755829808,0.6777689030000965,dirichlet_0.2,,
2317,0.5688186813186813,0.42063492063492064,12.84375,56.0,0.42857142857142855,1.193231964869576,0.5156226528366955,dirichlet_0.2,,
2318,0.570650183150183,0.4097222222222222,12.5,41.0,0.6666666666666666,1.2994388129105592,0.8497194064552795,dirichlet_0.2,,
2319,0.4687271062271062,0.3224206349206349,15.125,54.0,0.1111111111111111,1.193336401731822,0.7966682008659111,dirichlet_0.2,,
2320,0.6210164835164834,0.4751984126984127,11.78125,61.0,0.25,1.59216280534378,0.99608140267189,dirichlet_0.2,,
2321,0.7489010989010988,0.5793650793650793,9.59375,43.0,0.25,1.0965184493045952,0.6123983442380603,dirichlet_0.2,,
2322,0.875274725274725,0.7232142857142857,6.625,33.0,0.6666666666666666,0.8076476738512492,0.4488428999324112,dirichlet_0.2,,
2323,0.8672619047619047,0.7113095238095238,6.875,37.0,0.6666666666666666,1.392023656527288,0.8960118282636441,dirichlet_0.2,,
2324,0.681639194139194,0.5089285714285714,11.65625,49.0,0.5384615384615384,1.1946864648169084,0.5537566864046917,dirichlet_0.2,,
2325,0.6524725274725274,0.4841269841269841,11.0625,42.0,0.6666666666666666,1.2678111433542172,0.8339055716771085,dirichlet_0.2,,
2326,0.7749542124542124,0.6557539682539681,7.84375,60.0,0.42857142857142855,0.7047553360962848,0.5523776680481424,dirichlet_0.2,,
2327,0.8286630036630036,0.7053571428571428,6.59375,49.0,0.6666666666666666,0.6086189082264912,0.34923247264676543,dirichlet_0.2,,
2328,0.5616758241758241,0.43650793650793646,11.90625,58.0,0.17647058823529413,0.7390271705259513,0.49479593707353847,dirichlet_0.2,,
2329,0.5365384615384615,0.4176587301587301,11.8125,60.0,0.25,1.1928116371160984,0.5184396645048127,dirichlet_0.2,,
2330,0.6355769230769229,0.488095238095238,11.5625,61.0,0.25,1.4859554053902901,0.942977702695145,dirichlet_0.2,,
2331,0.6182234432234431,0.46924603174603174,11.5,50.0,0.1111111111111111,0.912743015884411,0.5836458902673887,dirichlet_0.2,,
2332,0.7230769230769231,0.5734126984126984,9.84375,60.0,0.42857142857142855,1.068127413020628,0.7340637065103139,dirichlet_0.2,,
2333,0.653617216117216,0.5029761904761905,11.1875,61.0,0.25,1.3538968101483038,0.876948405074152,dirichlet_0.2,,
2334,0.8119963369963369,0.7063492063492063,6.59375,60.0,0.6666666666666666,0.7345322126144759,0.4295285636697545,dirichlet_0.2,,
2335,0.6550366300366299,0.5009920634920634,10.78125,60.0,0.25,1.0073693008434124,0.703684650421706,dirichlet_0.2,,
2336,0.2799450549450549,0.1984126984126984,17.4375,61.0,0.1111111111111111,1.2260551415958976,0.8130275707979487,dirichlet_0.2,,
2337,0.7862637362637362,0.6101190476190476,8.96875,40.0,0.25,1.145650980864966,0.5364145365766627,dirichlet_0.2,,
2338,0.6415750915750915,0.48214285714285715,11.1875,41.0,0.6666666666666666,1.4439739509804244,0.9219869754902121,dirichlet_0.2,,
2339,0.19299450549450545,0.13789682539682538,18.78125,60.0,0.1111111111111111,1.2616257826863673,0.8308128913431837,dirichlet_0.2,,
2340,0.6777930402930402,0.5089285714285714,10.40625,38.0,0.6666666666666666,1.5952943346510076,0.9976471673255036,dirichlet_0.2,,
2341,0.7336080586080586,0.5654761904761905,9.5625,50.0,0.6666666666666666,0.9786297535549048,0.5641136934313878,dirichlet_0.2,,
2342,0.0451007326007326,0.03373015873015873,20.375,62.0,0.1111111111111111,1.5866688118367014,0.9933344059183506,dirichlet_0.2,,
2343,0.5457875457875456,0.3968253968253968,13.65625,47.0,0.3333333333333333,1.163350976068345,0.5721723180382965,dirichlet_0.2,,
2344,0.654441391941392,0.5337301587301587,9.84375,61.0,0.25,0.8062274094260519,0.5975635731279146,dirichlet_0.2,,
2345,0.5725274725274724,0.3968253968253968,14.0,38.0,0.17647058823529413,0.7643345623231397,0.4070966831378421,dirichlet_0.2,,
2346,0.22326007326007324,0.15476190476190477,18.25,55.0,0.1111111111111111,1.5971771878734247,0.9985885939367123,dirichlet_0.2,,
2347,0.8764194139194138,0.7371031746031745,6.1875,50.0,0.5384615384615384,0.6258147463462097,0.4025065234715046,dirichlet_0.2,,
2348,0.07092490842490842,0.05357142857142857,20.03125,62.0,0.1111111111111111,1.511869804650391,0.9559349023251954,dirichlet_0.2,,
2349,0.7088827838827838,0.5436507936507936,10.15625,56.0,0.25,1.0548542203231368,0.6662285813884262,dirichlet_0.2,,
2350,0.7640109890109889,0.6378968253968254,8.375,57.0,0.5384615384615384,1.1605205499412492,0.5063422612955746,dirichlet_0.2,,
2351,0.8874084249084248,0.7420634920634921,5.875,38.0,0.3333333333333333,1.1565413850381812,0.7782706925190905,dirichlet_0.2,,
2352,0.44404761904761897,0.2946428571428571,16.0,54.0,0.1111111111111111,1.1935303929076202,0.6909414296972319,dirichlet_0.2,,
2353,0.5630494505494504,0.4047619047619047,12.78125,45.0,0.6666666666666666,1.4765387662754341,0.9382693831377169,dirichlet_0.2,,
2354,0.37289377289377285,0.27480158730158727,16.15625,60.0,0.17647058823529413,1.064299004881396,0.732149502440698,dirichlet_0.2,,
2355,0.6211080586080585,0.45238095238095233,12.625,46.0,0.17647058823529413,1.160026874534338,0.7542179436689206,dirichlet_0.2,,
2356,0.503617216117216,0.3630952380952381,14.65625,49.0,0.25,1.1738695942247885,0.7603533846972454,dirichlet_0.2,,
2357,0.7340659340659339,0.5912698412698413,9.0,61.0,0.3333333333333333,1.1240478578665956,0.5754500541673967,dirichlet_0.2,,
2358,0.8052197802197801,0.6468253968253967,7.84375,52.0,0.3333333333333333,0.8491142403656444,0.4603950322580697,dirichlet_0.2,,
2359,0.6663003663003663,0.5228174603174603,10.75,61.0,0.3333333333333333,1.2447473855865303,0.8223736927932651,dirichlet_0.2,,
2360,0.7798076923076922,0.6507936507936508,8.0625,54.0,0.6666666666666666,1.0444592517542415,0.5160632330979554,dirichlet_0.2,,
2361,0.8382783882783882,0.6577380952380952,7.53125,37.0,0.25,1.5561184885032315,0.9780592442516157,dirichlet_0.2,,
2362,0.5533424908424908,0.39384920634920634,13.6875,53.0,0.3333333333333333,1.2563133175366221,0.8281566587683109,dirichlet_0.2,,
2363,0.758150183150183,0.6051587301587301,9.125,41.0,0.6666666666666666,1.0624940678622488,0.68770324444027,dirichlet_0.2,,
2364,0.7379578754578754,0.5942460317460317,8.875,60.0,0.3333333333333333,1.1191569723415618,0.5481670170304126,dirichlet_0.2,,
2365,0.6698717948717948,0.5218253968253969,10.5625,61.0,0.25,1.263055593162493,0.8315277965812464,dirichlet_0.2,,
2366,0.4402930402930402,0.3115079365079365,15.59375,54.0,0.25,1.5133768796242528,0.9566884398121263,dirichlet_0.2,,
2367,0.579532967032967,0.4325396825396825,12.59375,42.0,0.6666666666666666,1.5860655603580678,0.9930327801790338,dirichlet_0.2,,
2368,0.7856227106227106,0.6527777777777778,8.0,57.0,0.6666666666666666,1.010853391799195,0.5436231668578662,dirichlet_0.2,,
2369,0.4967490842490842,0.3571428571428571,14.65625,49.0,0.25,1.1911443172431044,0.7955721586215521,dirichlet_0.2,,
2370,0.07234432234432234,0.05158730158730158,19.96875,62.0,0.1111111111111111,1.4923947944260347,0.9461973972130173,dirichlet_0.2,,
2371,0.3051282051282051,0.22718253968253968,16.0625,61.0,0.1111111111111111,1.184362480951591,0.7744766090296187,dirichlet_0.2,,
2372,0.49308608058608056,0.3640873015873015,13.5,60.0,0.1111111111111111,1.0741029409849934,0.6522774432346627,dirichlet_0.2,,
2373,0.14757326007326005,0.10813492063492063,18.78125,60.0,0.1111111111111111,1.2886214070342272,0.8443107035171138,dirichlet_0.2,,
2374,0.8470238095238094,0.6845238095238095,7.03125,38.0,0.42857142857142855,0.694837659301196,0.38367729581110654,dirichlet_0.2,,
2375,0.6498168498168497,0.5198412698412698,10.28125,61.0,0.25,0.9009845791880593,0.6504922895940296,dirichlet_0.2,,
2376,0.8307234432234432,0.6934523809523809,6.96875,47.0,0.6666666666666666,0.6482973485632832,0.39878131473156786,dirichlet_0.2,,
2377,0.7837454212454212,0.6031746031746031,9.03125,40.0,0.25,1.1443176700195852,0.7013035742885463,dirichlet_0.2,,
2378,0.8233058608058607,0.677579365079365,7.6875,47.0,0.6666666666666666,0.9814693000547995,0.47977059427042934,dirichlet_0.2,,
2379,0.6383699633699632,0.46031746031746035,12.09375,45.0,0.3333333333333333,0.7206917780496832,0.4599115667578926,dirichlet_0.2,,
2380,0.8196886446886446,0.6249999999999999,8.46875,29.0,0.3333333333333333,1.0713819828116122,0.7356909914058062,dirichlet_0.2,,
2381,0.29922161172161166,0.20833333333333334,17.125,55.0,0.1111111111111111,1.1936399315534025,0.7968199657767012,dirichlet_0.2,,
2382,0.45352564102564097,0.3214285714285714,15.34375,54.0,0.1111111111111111,1.3913260113119978,0.8956630056559989,dirichlet_0.2,,
2383,0.6874999999999999,0.5267857142857143,10.65625,41.0,0.6666666666666666,1.2103514594169367,0.8051757297084683,dirichlet_0.2,,
2384,0.7321428571428571,0.5674603174603174,9.65625,37.0,0.6666666666666666,1.1295030847967158,0.6513389579626054,dirichlet_0.2,,
2385,0.2576007326007326,0.19146825396825395,16.8125,61.0,0.1111111111111111,1.139234267845921,0.7696171339229605,dirichlet_0.2,,
2386,0.6328754578754578,0.46031746031746035,12.71875,35.0,0.3333333333333333,0.8644022959371216,0.6149261080495915,dirichlet_0.2,,
2387,0.5940934065934065,0.431547619047619,13.0,46.0,0.17647058823529413,1.1267490479830697,0.7633745239915349,dirichlet_0.2,,
2388,0.8455586080586079,0.7410714285714286,6.09375,42.0,0.8181818181818182,0.6215576364114929,0.4684464901907188,dirichlet_0.2,,
2389,0.7940018315018315,0.5982142857142857,9.03125,33.0,0.3333333333333333,0.6972960148705483,0.5486480074352741,dirichlet_0.2,,
2390,0.869642857142857,0.6924603174603174,7.15625,26.0,0.6666666666666666,0.5719317415113715,0.3758228596867188,dirichlet_0.2,,
2391,0.7830128205128205,0.6498015873015873,8.09375,52.0,0.6666666666666666,0.9842318486354643,0.5323932379991617,dirichlet_0.2,,
2392,0.7459249084249083,0.6011904761904762,9.25,60.0,0.6666666666666666,1.1280751337411903,0.6826543269532815,dirichlet_0.2,,
2393,0.5647893772893773,0.40773809523809523,12.75,45.0,0.6666666666666666,1.4797994252989581,0.939899712649479,dirichlet_0.2,,
2394,0.552106227106227,0.40079365079365076,12.625,42.0,0.6666666666666666,1.4740187697255702,0.9370093848627851,dirichlet_0.2,,
2395,0.12989926739926738,0.09424603174603174,19.625,62.0,0.1111111111111111,1.4138898136065992,0.9069449068032995,dirichlet_0.2,,
2396,0.7080128205128204,0.5615079365079365,9.4375,60.0,0.3333333333333333,1.1506450677015998,0.5741737129767963,dirichlet_0.2,,
2397,0.6996794871794871,0.5257936507936508,11.34375,49.0,0.5384615384615384,1.127504419197186,0.5560803483385143,dirichlet_0.2,,
2398,0.8339285714285714,0.6418650793650794,8.1875,25.0,0.25,0.6408268382109248,0.45699629572014616,dirichlet_0.2,,
2399,0.692032967032967,0.5307539682539683,10.875,44.0,0.6666666666666666,1.1169710059845879,0.758485502992294,dirichlet_0.2,,
2400,0.6030677655677655,0.4513888888888889,12.25,41.0,0.6666666666666666,1.357905673327029,0.8789528366635143,dirichlet_0.2,,
2401,0.682554945054945,0.513888888888889,10.375,41.0,0.6666666666666666,1.5085027403426277,0.9542513701713139,dirichlet_0.2,,
2402,0.7715201465201464,0.6944444444444444,6.59375,58.0,0.5384615384615384,0.5321673801786588,0.3908809099746896,dirichlet_0.2,,
2403,0.7098443223443223,0.5367063492063492,10.71875,36.0,0.42857142857142855,0.7922672430027637,0.3925882207612832,dirichlet_0.2,,
2404,0.5400641025641024,0.3888888888888889,13.90625,54.0,0.17647058823529413,1.3429376111128246,0.8714688055564122,dirichlet_0.2,,
2405,0.7319139194139193,0.564484126984127,9.90625,40.0,0.6666666666666666,0.8012693929081741,0.5886698695490284,dirichlet_0.2,,
2406,0.6163003663003663,0.4732142857142857,11.625,61.0,0.25,1.2717920395689948,0.8358960197844975,dirichlet_0.2,,
2407,0.5989926739926739,0.4533730158730158,11.8125,61.0,0.25,1.2438253370809966,0.8219126685404984,dirichlet_0.2,,
2408,0.6736263736263736,0.5059523809523809,10.34375,39.0,0.6666666666666666,1.543628737147806,0.9718143685739028,dirichlet_0.2,,
2409,0.2018315018315018,0.14583333333333334,18.4375,56.0,0.1111111111111111,1.142193522857992,0.7326366239721244,dirichlet_0.2,,
2410,0.6931318681318681,0.5317460317460316,10.1875,39.0,0.6666666666666666,1.4870780628438434,0.9435390314219217,dirichlet_0.2,,
2411,0.4031593406593406,0.30158730158730157,14.625,60.0,0.1111111111111111,1.0903327922345292,0.7041174348741696,dirichlet_0.2,,
2412,0.1621336996336996,0.1111111111111111,18.875,62.0,0.1111111111111111,1.2561962458403504,0.8280981229201752,dirichlet_0.2,,
2413,0.7434065934065934,0.564484126984127,9.84375,41.0,0.25,1.1406749565506733,0.6203936048335853,dirichlet_0.2,,
2414,0.766529304029304,0.5982142857142857,9.0,32.0,0.6666666666666666,1.0025547911841193,0.5302535801236741,dirichlet_0.2,,
2415,0.5167124542124543,0.3571428571428571,14.6875,46.0,0.17647058823529413,0.9022209699325232,0.5975565750113863,dirichlet_0.2,,
2416,0.8758241758241756,0.691468253968254,7.1875,26.0,0.42857142857142855,1.4111471449218675,0.9055735724609337,dirichlet_0.2,,
2417,0.7039835164835164,0.513888888888889,11.375,41.0,0.25,0.6145032706487579,0.3206867624732541,dirichlet_0.2,,
2418,0.3323260073260073,0.22123015873015872,17.0,60.0,0.17647058823529413,1.1155781398107427,0.5665434230080295,dirichlet_0.2,,
2419,0.6496794871794871,0.5009920634920634,11.25,61.0,0.25,1.4169771099523711,0.9084885549761855,dirichlet_0.2,,
2420,0.3566391941391941,0.2569444444444445,16.09375,62.0,0.17647058823529413,1.0204589620456144,0.7102294810228073,dirichlet_0.2,,
2421,0.8369963369963368,0.6448412698412698,8.15625,30.0,0.42857142857142855,0.8362032515030569,0.4301219422565121,dirichlet_0.2,,
2422,0.09519230769230769,0.0625,19.65625,62.0,0.1111111111111111,1.3920459563159127,0.8960229781579563,dirichlet_0.2,,
2423,0.6581043956043955,0.5109126984126984,11.21875,61.0,0.3333333333333333,1.3904691238295384,0.895234561914769,dirichlet_0.2,,
2424,0.6449175824175823,0.5575396825396826,9.0625,60.0,0.25,0.7998269838455083,0.4410230627029619,dirichlet_0.2,,
2425,0.41272893772893765,0.2926587301587301,16.09375,54.0,0.17647058823529413,1.5923597483036853,0.9961798741518426,dirichlet_0.2,,
2426,0.4841117216117215,0.34226190476190477,14.78125,54.0,0.17647058823529413,1.2926131426221332,0.8463065713110667,dirichlet_0.2,,
2427,0.8874999999999998,0.7162698412698413,6.71875,26.0,0.42857142857142855,1.0196870244362715,0.6930701839874918,dirichlet_0.2,,
2428,0.614606227106227,0.4662698412698412,11.59375,61.0,0.25,1.2091908242633314,0.8045954121316656,dirichlet_0.2,,
2429,0.6294871794871794,0.4861111111111111,11.59375,61.0,0.25,1.493705987923945,0.9468529939619724,dirichlet_0.2,,
2430,0.596474358974359,0.4384920634920635,12.40625,44.0,0.6666666666666666,1.2876038819763487,0.8438019409881744,dirichlet_0.2,,
2431,0.623580586080586,0.4781746031746032,11.78125,61.0,0.25,1.5588755381578652,0.9794377690789324,dirichlet_0.2,,
2432,0.8353479853479853,0.6636904761904762,7.90625,29.0,0.6666666666666666,0.8597960056112595,0.5683631801292454,dirichlet_0.2,,
2433,0.6135531135531135,0.4732142857142857,11.53125,60.0,0.25,0.8319762395817063,0.5798504520203949,dirichlet_0.2,,
2434,0.5608974358974358,0.41369047619047616,12.96875,57.0,0.42857142857142855,1.1997805704471007,0.512437659533537,dirichlet_0.2,,
2435,0.612591575091575,0.4444444444444444,12.65625,41.0,0.3333333333333333,1.031958129000902,0.5859250314519046,dirichlet_0.2,,
2436,0.602518315018315,0.42261904761904756,13.34375,45.0,0.3333333333333333,1.2675370356518485,0.8337685178259242,dirichlet_0.2,,
2437,0.7414377289377289,0.5585317460317459,9.75,34.0,0.5384615384615384,0.7843132170331928,0.3863024511606689,dirichlet_0.2,,
2438,0.16643772893772893,0.11607142857142858,18.9375,62.0,0.1111111111111111,1.2970775214146504,0.8485387607073253,dirichlet_0.2,,
2439,0.373992673992674,0.2698412698412698,16.0,61.0,0.25,1.0910734792510524,0.7455367396255262,dirichlet_0.2,,
2440,0.7829212454212453,0.6488095238095237,8.09375,52.0,0.6666666666666666,0.9945888593779981,0.5358329279475008,dirichlet_0.2,,
2441,0.07216117216117215,0.05158730158730158,19.9375,62.0,0.1111111111111111,1.5306371860265355,0.9653185930132677,dirichlet_0.2,,
2442,0.4937271062271062,0.3492063492063492,14.65625,54.0,0.1111111111111111,1.248569881783995,0.8242849408919976,dirichlet_0.2,,
2443,0.8576007326007326,0.689484126984127,7.28125,37.0,0.3333333333333333,1.0965705868539426,0.7482852934269713,dirichlet_0.2,,
2444,0.9618131868131866,0.8392857142857143,4.125,11.0,0.8181818181818182,0.49420629979646735,0.44710314989823374,dirichlet_0.2,,
2445,0.7383241758241758,0.6071428571428571,8.625,57.0,0.42857142857142855,0.8507345467690126,0.5213845401786046,dirichlet_0.2,,
2446,0.6841117216117215,0.550595238095238,9.46875,61.0,0.25,0.8215923666528584,0.6107961833264292,dirichlet_0.2,,
2447,0.7465201465201464,0.5446428571428571,10.46875,32.0,0.25,1.0492257586214142,0.7246128793107071,dirichlet_0.2,,
2448,0.8922161172161172,0.7321428571428571,6.28125,24.0,0.6666666666666666,0.6611163880946345,0.4227846659924119,dirichlet_0.2,,
2449,0.6262820512820512,0.4533730158730158,12.59375,37.0,0.3333333333333333,1.011426486987815,0.4558060957149553,dirichlet_0.2,,
2450,0.7117216117216116,0.5515873015873015,9.46875,58.0,0.25,0.7703871412667892,0.5851935706333946,dirichlet_0.2,,
2451,0.5220238095238094,0.37996031746031744,14.0625,48.0,0.17647058823529413,1.1998109442633553,0.5827462788556951,dirichlet_0.2,,
2452,0.6985347985347985,0.5148809523809523,11.375,51.0,0.42857142857142855,1.0008691678602997,0.6412080035061214,dirichlet_0.2,,
2453,0.5722069597069597,0.4325396825396825,12.28125,61.0,0.42857142857142855,0.9223900327121016,0.6398713129485761,dirichlet_0.2,,
2454,0.31501831501831495,0.23115079365079363,16.4375,55.0,0.1111111111111111,1.171517709537133,0.7857588547685664,dirichlet_0.2,,
2455,0.7575091575091574,0.5595238095238095,9.6875,42.0,0.25,0.5915821180914039,0.4947246263550038,dirichlet_0.2,,
2456,0.6248626373626374,0.4781746031746032,11.8125,61.0,0.25,1.580038890359036,0.990019445179518,dirichlet_0.2,,
2457,0.2458791208791208,0.1746031746031746,17.96875,55.0,0.1111111111111111,1.3632394938106214,0.8816197469053106,dirichlet_0.2,,
2458,0.2294413919413919,0.1617063492063492,17.8125,62.0,0.1111111111111111,1.2398143248795457,0.8199071624397728,dirichlet_0.2,,
2459,0.5234432234432234,0.380952380952381,14.03125,48.0,0.17647058823529413,1.4331531660602916,0.9165765830301458,dirichlet_0.2,,
2460,0.6629578754578753,0.49603174603174605,10.46875,39.0,0.6666666666666666,1.1941541845767079,0.6052953536053451,dirichlet_0.2,,
2461,0.4866758241758241,0.34424603174603174,14.71875,54.0,0.17647058823529413,1.2837779783493362,0.841888989174668,dirichlet_0.2,,
2462,0.6605311355311354,0.5,10.71875,40.0,0.6666666666666666,1.3797015495467824,0.8898507747733911,dirichlet_0.2,,
2463,0.7487637362637362,0.6111111111111112,9.25,60.0,0.6666666666666666,1.1804359489410003,0.6734543644333353,dirichlet_0.2,,
2464,0.4591117216117216,0.33035714285714285,15.15625,49.0,0.17647058823529413,1.3254874414031679,0.8627437207015838,dirichlet_0.2,,
2465,0.07197802197802197,0.05059523809523809,20.03125,62.0,0.1111111111111111,1.529106192411461,0.9645530962057305,dirichlet_0.2,,
2466,0.6926282051282051,0.5188492063492063,10.625,41.0,0.6666666666666666,0.9112036059388199,0.5703627538818723,dirichlet_0.2,,
2467,0.44404761904761897,0.31845238095238093,15.375,53.0,0.17647058823529413,1.433123623562067,0.9165618117810336,dirichlet_0.2,,
2468,0.7177197802197801,0.5357142857142857,10.6875,50.0,0.5384615384615384,0.8122131422683864,0.491360656119087,dirichlet_0.2,,
2469,0.7142399267399266,0.5386904761904762,10.6875,35.0,0.42857142857142855,0.7695963561259105,0.5104008208335805,dirichlet_0.2,,
2470,0.4591117216117216,0.31746031746031744,15.09375,51.0,0.17647058823529413,0.7289294439019998,0.46699168618884096,dirichlet_0.2,,
2471,0.6233058608058607,0.47718253968253965,11.84375,61.0,0.25,1.5722870833717826,0.9861435416858912,dirichlet_0.2,,
2472,0.6434981684981684,0.4702380952380952,11.53125,54.0,0.17647058823529413,0.9324476183388529,0.6662238091694264,dirichlet_0.2,,
2473,0.6076465201465201,0.43353174603174605,12.71875,53.0,0.25,1.1871446345942487,0.7935723172971243,dirichlet_0.2,,
2474,0.66753663003663,0.5198412698412698,11.03125,61.0,0.3333333333333333,1.3449336133833776,0.8724668066916889,dirichlet_0.2,,
2475,0.77257326007326,0.6329365079365079,8.65625,59.0,0.6666666666666666,0.9752575271492732,0.6145322684781876,dirichlet_0.2,,
2476,0.37229853479853475,0.26686507936507936,15.9375,53.0,0.17647058823529413,0.824514151606196,0.612257075803098,dirichlet_0.2,,
2477,0.7121794871794871,0.5386904761904762,10.65625,36.0,0.42857142857142855,1.0519329960096235,0.7259664980048117,dirichlet_0.2,,
2478,0.6882326007326006,0.5297619047619048,10.78125,39.0,0.6666666666666666,1.197899410243766,0.7989497051218828,dirichlet_0.2,,
2479,0.5335164835164835,0.4097222222222222,12.125,60.0,0.17647058823529413,1.1567835100673909,0.5143003460826402,dirichlet_0.2,,
2480,0.4906593406593405,0.3462301587301587,14.875,54.0,0.25,1.3775914787630967,0.8887957393815483,dirichlet_0.2,,
2481,0.4123626373626373,0.2986111111111111,15.0,52.0,0.1111111111111111,1.001976434835098,0.4801646262997119,dirichlet_0.2,,
2482,0.5253205128205128,0.35912698412698413,14.84375,40.0,0.1111111111111111,0.7999816572984266,0.4420210490251541,dirichlet_0.2,,
2483,0.7184981684981684,0.5446428571428571,10.0625,31.0,0.6666666666666666,0.8982468050027359,0.48444896979316987,dirichlet_0.2,,
2484,0.5505494505494505,0.39285714285714285,13.90625,54.0,0.3333333333333333,0.9375348105960124,0.46861452196361186,dirichlet_0.2,,
2485,0.38205128205128197,0.244047619047619,17.03125,54.0,0.1111111111111111,1.171743750486565,0.5729352082715709,dirichlet_0.2,,
2486,0.6737637362637362,0.5238095238095237,10.21875,59.0,0.25,1.1893049566531166,0.6651749735454889,dirichlet_0.2,,
2487,0.4842032967032967,0.34523809523809523,14.84375,54.0,0.1111111111111111,1.310442291086588,0.855221145543294,dirichlet_0.2,,
2488,0.7737637362637363,0.5942460317460317,9.25,51.0,0.5384615384615384,0.6828054682622144,0.4732753282912153,dirichlet_0.2,,
2489,0.6177655677655678,0.4732142857142857,11.875,61.0,0.25,1.5692118289067842,0.9846059144533922,dirichlet_0.2,,
2490,0.40178571428571425,0.2986111111111111,15.5625,59.0,0.17647058823529413,0.9841350115196461,0.692067505759823,dirichlet_0.2,,
2491,0.8062271062271061,0.6259920634920635,8.4375,29.0,0.6666666666666666,0.8531760451711831,0.4940821618462568,dirichlet_0.2,,
2492,0.2605769230769231,0.19345238095238093,16.875,58.0,0.1111111111111111,1.1037948695617859,0.751897434780893,dirichlet_0.2,,
2493,0.21666666666666662,0.15376984126984128,18.28125,62.0,0.1111111111111111,1.308950253299447,0.8544751266497236,dirichlet_0.2,,
2494,0.6714743589743589,0.503968253968254,11.0625,46.0,0.5384615384615384,1.184723321897197,0.6984682011286077,dirichlet_0.2,,
2495,0.6768772893772893,0.5228174603174603,10.71875,60.0,0.25,1.2497057552596067,0.8248528776298033,dirichlet_0.2,,
2496,0.9344780219780219,0.7886904761904762,5.1875,21.0,0.6666666666666666,0.5141242299960884,0.4570621149980443,dirichlet_0.2,,
2497,0.7117216117216116,0.5525793650793651,10.21875,37.0,0.6666666666666666,1.105486550146817,0.7527432750734084,dirichlet_0.2,,
2498,0.4859432234432233,0.3253968253968254,15.25,54.0,0.1111111111111111,1.1332988992761266,0.6810770123328859,dirichlet_0.2,,
2499,0.5467490842490842,0.39980158730158727,13.6875,48.0,0.17647058823529413,1.1087841454228826,0.5525081330910144,dirichlet_0.2,,
2500,0.6201923076923077,0.47420634920634924,11.84375,61.0,0.25,1.5873596351259893,0.9936798175629947,dirichlet_0.2,,
2501,0.6818681318681319,0.5119047619047619,10.375,41.0,0.6666666666666666,1.1816409445921898,0.7389184437028243,dirichlet_0.2,,
2502,0.4538919413919413,0.35119047619047616,13.625,60.0,0.1111111111111111,1.0113344282537946,0.6243169072494356,dirichlet_0.2,,
2503,0.5295787545787545,0.38194444444444436,13.9375,48.0,0.25,1.177671950299571,0.6662160663454151,dirichlet_0.2,,
2504,0.6391483516483516,0.494047619047619,11.1875,61.0,0.25,1.2323782700802148,0.8161891350401074,dirichlet_0.2,,
2505,0.7394230769230767,0.5674603174603174,9.75,38.0,0.6666666666666666,1.0715815653728538,0.6909438734392694,dirichlet_0.2,,
2506,0.6733516483516483,0.5059523809523809,10.71875,47.0,0.6666666666666666,1.0673310022442088,0.6347888385545081,dirichlet_0.2,,
2507,0.7108974358974358,0.5585317460317459,10.1875,60.0,0.42857142857142855,1.1733423869237098,0.7866711934618549,dirichlet_0.2,,
2508,0.14519230769230768,0.10714285714285714,19.375,62.0,0.1111111111111111,1.371343199328975,0.8856715996644875,dirichlet_0.2,,
2509,0.5288461538461537,0.3948412698412699,13.375,50.0,0.3333333333333333,0.8595058600275194,0.6082728322481266,dirichlet_0.2,,
2510,0.6945054945054945,0.5158730158730158,11.625,33.0,0.42857142857142855,1.0132813403515917,0.6620893587852984,dirichlet_0.2,,
2511,0.6288461538461538,0.4811507936507936,11.6875,61.0,0.25,1.4995305866172612,0.9497652933086306,dirichlet_0.2,,
2512,0.21886446886446884,0.1527777777777778,18.28125,55.0,0.1111111111111111,1.1992324011465818,0.6262904077078768,dirichlet_0.2,,
2513,0.23447802197802192,0.1636904761904762,18.0625,55.0,0.1111111111111111,1.1797867162979998,0.5358416370198916,dirichlet_0.2,,
2514,0.6755952380952379,0.5654761904761905,9.15625,57.0,0.3333333333333333,0.6973401380049025,0.41738731826536996,dirichlet_0.2,,
2515,0.511492673992674,0.3462301587301587,14.625,54.0,0.17647058823529413,1.0703793717961447,0.674785979083003,dirichlet_0.2,,
2516,0.9037087912087911,0.7490079365079365,6.375,26.0,0.6666666666666666,1.3398855449831135,0.8699427724915568,dirichlet_0.2,,
2517,0.6794413919413919,0.5307539682539683,10.34375,61.0,0.25,1.1691076328745453,0.7845538164372727,dirichlet_0.2,,
2518,0.7551739926739925,0.5833333333333334,9.71875,51.0,0.5384615384615384,0.6335122789169036,0.4701016501484529,dirichlet_0.2,,
2519,0.8343406593406593,0.6696428571428571,7.5,35.0,0.3333333333333333,0.6769127165578159,0.4243862845856227,dirichlet_0.2,,
2520,0.6207417582417581,0.4861111111111111,10.75,59.0,0.25,0.9844188578220501,0.44924315522885516,dirichlet_0.2,,
2521,0.5988095238095238,0.4464285714285714,12.25,42.0,0.6666666666666666,1.5517367231797474,0.9758683615898737,dirichlet_0.2,,
2522,0.5984432234432233,0.43452380952380953,12.96875,42.0,0.3333333333333333,1.0901930306367749,0.5447982862073159,dirichlet_0.2,,
2523,0.5915293040293039,0.431547619047619,12.46875,44.0,0.6666666666666666,1.3359654804228058,0.867982740211403,dirichlet_0.2,,
2524,0.6587912087912087,0.492063492063492,10.9375,53.0,0.25,1.1056928258364171,0.7078230701209582,dirichlet_0.2,,
2525,0.2977106227106227,0.1904761904761905,17.40625,60.0,0.17647058823529413,1.1712189539986992,0.5927715770778095,dirichlet_0.2,,
2526,0.58507326007326,0.443452380952381,12.34375,42.0,0.6666666666666666,1.5909493636931618,0.9954746818465809,dirichlet_0.2,,
2527,0.564606227106227,0.4176587301587301,12.84375,42.0,0.6666666666666666,1.5808397787893647,0.9904198893946823,dirichlet_0.2,,
2528,0.1085164835164835,0.07738095238095238,19.5,61.0,0.1111111111111111,1.4408384096358593,0.9204192048179296,dirichlet_0.2,,
2529,0.17806776556776555,0.12896825396825395,17.96875,61.0,0.1111111111111111,1.354407559367566,0.8772037796837829,dirichlet_0.2,,
2530,0.6080128205128205,0.5049603174603174,9.96875,60.0,0.3333333333333333,0.8168894270951353,0.47070526539844704,dirichlet_0.2,,
2531,0.7923076923076922,0.6140873015873015,8.75,38.0,0.6666666666666666,0.7900973061270327,0.5950486530635163,dirichlet_0.2,,
2532,0.47724358974358966,0.34226190476190477,14.90625,49.0,0.25,1.2248048378757892,0.8124024189378944,dirichlet_0.2,,
2533,0.7240384615384615,0.5942460317460317,8.875,60.0,0.3333333333333333,1.1596429872660987,0.49352972751298363,dirichlet_0.2,,
2534,0.6761904761904761,0.5089285714285714,10.25,39.0,0.6666666666666666,1.5084036694861496,0.9542018347430747,dirichlet_0.2,,
2535,0.7471153846153845,0.5654761904761905,9.40625,32.0,0.6666666666666666,1.2567701258484467,0.8283850629242234,dirichlet_0.2,,
2536,0.5923992673992673,0.43551587301587297,12.375,40.0,0.6666666666666666,1.4700536753988214,0.9350268376994105,dirichlet_0.2,,
2537,0.7802197802197802,0.6299603174603174,8.625,45.0,0.6666666666666666,1.1216858800568843,0.6357871052077162,dirichlet_0.2,,
2538,0.7498168498168496,0.6140873015873015,9.09375,60.0,0.6666666666666666,1.1132888568207255,0.6562863825415598,dirichlet_0.2,,
2539,0.6468406593406592,0.5009920634920634,11.0625,61.0,0.25,1.340352319198103,0.8701761595990515,dirichlet_0.2,,
2540,0.5956501831501831,0.43452380952380953,11.96875,50.0,0.6666666666666666,1.1948871941009316,0.6272993369127414,dirichlet_0.2,,
2541,0.5779304029304028,0.4246031746031746,12.34375,42.0,0.6666666666666666,1.4069598238052934,0.9034799119026468,dirichlet_0.2,,
2542,0.767124542124542,0.6111111111111112,8.53125,53.0,0.42857142857142855,0.7929686860989282,0.5478681883835511,dirichlet_0.2,,
2543,0.21167582417582417,0.15674603174603174,17.34375,61.0,0.1111111111111111,1.2142766907704883,0.8071383453852441,dirichlet_0.2,,
2544,0.7755036630036629,0.6011904761904762,8.65625,42.0,0.25,0.9074541782859467,0.5493562526277536,dirichlet_0.2,,
2545,0.2274267399267399,0.15873015873015872,18.1875,55.0,0.1111111111111111,1.1956213702873013,0.7942886316400585,dirichlet_0.2,,
2546,0.682554945054945,0.513888888888889,10.375,41.0,0.6666666666666666,1.4694890678222476,0.9347445339111238,dirichlet_0.2,,
2547,0.7244047619047619,0.5813492063492063,9.0625,61.0,0.3333333333333333,1.1788178056998297,0.56464787812272,dirichlet_0.2,,
2548,0.6631868131868132,0.513888888888889,10.71875,56.0,0.5384615384615384,0.8827188970464278,0.44826166497850783,dirichlet_0.2,,
2549,0.5621336996336996,0.4156746031746032,12.9375,43.0,0.6666666666666666,1.5958173351423053,0.9979086675711527,dirichlet_0.2,,
2550,0.7244047619047619,0.5446428571428571,9.96875,35.0,0.6666666666666666,0.7958774613243,0.4039302891429446,dirichlet_0.2,,
2551,0.7653388278388278,0.6011904761904762,8.96875,36.0,0.6666666666666666,1.0267861423033857,0.4933949053957134,dirichlet_0.2,,
2552,0.42742673992673985,0.2867063492063492,16.03125,54.0,0.17647058823529413,1.092162215236102,0.5029067651527769,dirichlet_0.2,,
2553,0.5503663003663003,0.4037698412698412,12.8125,51.0,0.1111111111111111,0.8917477994071088,0.43191178700658994,dirichlet_0.2,,
2554,0.6178113553113552,0.47420634920634924,11.84375,61.0,0.25,1.535994696833637,0.9679973484168186,dirichlet_0.2,,
2555,0.8324175824175823,0.6626984126984127,8.125,40.0,0.42857142857142855,0.8362856782462114,0.5417835074022727,dirichlet_0.2,,
2556,0.5228937728937729,0.380952380952381,14.0625,48.0,0.17647058823529413,1.5183107375491944,0.9591553687745972,dirichlet_0.2,,
2557,0.5270146520146519,0.3759920634920635,14.15625,54.0,0.17647058823529413,1.379602661527819,0.8898013307639092,dirichlet_0.2,,
2558,0.6632783882783883,0.49503968253968256,10.6875,54.0,0.25,0.8046469955637164,0.5370045571192011,dirichlet_0.2,,
2559,0.682051282051282,0.5099206349206349,10.375,34.0,0.6666666666666666,1.0130518062811051,0.5628050255417236,dirichlet_0.2,,
2560,0.4798992673992674,0.35119047619047616,14.78125,51.0,0.25,1.3421759639336828,0.8710879819668413,dirichlet_0.2,,
2561,0.4378205128205128,0.3134920634920635,15.40625,51.0,0.1111111111111111,1.0952055157844507,0.7070689860115066,dirichlet_0.2,,
2562,0.5835164835164834,0.46825396825396826,10.96875,60.0,0.25,0.7579466869372575,0.5060517543634128,dirichlet_0.2,,
2563,0.4118131868131868,0.2926587301587301,16.09375,54.0,0.17647058823529413,1.5958188493590149,0.9979094246795076,dirichlet_0.2,,
2564,0.6977106227106227,0.5277777777777777,10.125,38.0,0.6666666666666666,1.223173812847612,0.8115869064238059,dirichlet_0.2,,
2565,0.45306776556776557,0.3382936507936508,14.65625,59.0,0.42857142857142855,1.1901947761702432,0.6704531609652539,dirichlet_0.2,,
2566,0.7296703296703296,0.560515873015873,10.03125,47.0,0.3333333333333333,1.179606295195802,0.6569521352076828,dirichlet_0.2,,
2567,0.41034798534798533,0.2916666666666667,16.125,54.0,0.17647058823529413,1.5969651271058707,0.9984825635529353,dirichlet_0.2,,
2568,0.9392399267399266,0.8055555555555556,4.90625,23.0,0.6666666666666666,0.6857077145842607,0.45198723645481054,dirichlet_0.2,,
2569,0.6869963369963369,0.5218253968253969,11.125,40.0,0.5384615384615384,1.4080789751857294,0.9040394875928647,dirichlet_0.2,,
2570,0.6810897435897435,0.5218253968253969,10.15625,58.0,0.25,0.869359868989291,0.616764993624918,dirichlet_0.2,,
2571,0.9548992673992674,0.8432539682539681,3.8125,25.0,0.42857142857142855,0.8034508973133646,0.6017254486566823,dirichlet_0.2,,
2572,0.7752289377289378,0.5932539682539683,9.78125,29.0,0.5384615384615384,1.3011048481789307,0.8505524240894653,dirichlet_0.2,,
2573,0.8316849816849816,0.6408730158730158,8.15625,29.0,0.3333333333333333,0.9681503915826357,0.641966178374841,dirichlet_0.2,,
2574,0.9179029304029305,0.7688492063492063,5.4375,27.0,0.42857142857142855,0.5964021712827438,0.34673532642326216,dirichlet_0.2,,
2575,0.5172161172161172,0.3571428571428571,14.65625,50.0,0.17647058823529413,0.9329031749301111,0.6664515874650555,dirichlet_0.2,,
2576,0.6250457875457874,0.4801587301587301,11.78125,61.0,0.25,1.5687896544759417,0.9843948272379708,dirichlet_0.2,,
2577,0.7971611721611721,0.689484126984127,7.28125,57.0,0.6666666666666666,0.8961152696708976,0.43610876766792167,dirichlet_0.2,,
2578,0.0797161172161172,0.0615079365079365,19.9375,62.0,0.1111111111111111,1.4987052654600796,0.9493526327300397,dirichlet_0.2,,
2579,0.8602106227106227,0.6865079365079364,7.75,28.0,0.42857142857142855,0.8786254014162362,0.4874155637803907,dirichlet_0.2,,
2580,0.7398351648351648,0.5456349206349206,10.34375,34.0,0.25,1.0882321671350612,0.7023815078039252,dirichlet_0.2,,
2581,0.7070970695970695,0.5535714285714286,10.34375,60.0,0.3333333333333333,1.210239359860533,0.8051196799302666,dirichlet_0.2,,
2582,0.7818681318681318,0.5962301587301587,9.0,41.0,0.25,1.052504697147153,0.5822301241474269,dirichlet_0.2,,
2583,0.7033424908424908,0.5287698412698413,11.1875,45.0,0.42857142857142855,0.7900670692226901,0.5155046994966423,dirichlet_0.2,,
2584,0.43754578754578755,0.3115079365079365,15.6875,54.0,0.1111111111111111,1.470231628150004,0.935115814075002,dirichlet_0.2,,
2585,0.7016483516483515,0.5753968253968254,9.03125,58.0,0.3333333333333333,0.8018721530298899,0.5113253726468124,dirichlet_0.2,,
2586,0.3253205128205128,0.22023809523809523,16.75,60.0,0.17647058823529413,1.1198288956697477,0.6108459246693835,dirichlet_0.2,,
2587,0.9135073260073258,0.7738095238095237,5.5625,27.0,0.6666666666666666,0.7420145593792891,0.4672229488472304,dirichlet_0.2,,
2588,0.4492216117216117,0.3134920634920635,14.9375,59.0,0.17647058823529413,1.0216747121118086,0.4965990549295392,dirichlet_0.2,,
2589,0.7658882783882783,0.6121031746031745,9.28125,44.0,0.6666666666666666,0.9018581570410715,0.6509290785205358,dirichlet_0.2,,
2590,0.5872252747252746,0.42757936507936506,12.34375,43.0,0.6666666666666666,1.4230099671005132,0.9115049835502568,dirichlet_0.2,,
2591,0.7032051282051281,0.5376984126984127,9.875,44.0,0.25,0.7772486557260584,0.4849260273697684,dirichlet_0.2,,
2592,0.659065934065934,0.5079365079365079,11.25,61.0,0.3333333333333333,1.3914609968549243,0.8957304984274622,dirichlet_0.2,,
2593,0.5680860805860805,0.4107142857142857,13.375,48.0,0.3333333333333333,1.052251333703377,0.6779036250636469,dirichlet_0.2,,
2594,0.5496336996336996,0.4305555555555555,11.59375,59.0,0.25,1.1378271455347209,0.5124040436344959,dirichlet_0.2,,
2595,0.7675824175824175,0.6428571428571428,8.15625,57.0,0.5384615384615384,0.9108190298332266,0.49374591727377365,dirichlet_0.2,,
2596,0.6930860805860806,0.5317460317460316,10.0625,39.0,0.6666666666666666,1.181187519121701,0.7075109634023051,dirichlet_0.2,,
2597,0.7227564102564101,0.5704365079365079,9.9375,60.0,0.3333333333333333,1.1443141591007788,0.7721570795503894,dirichlet_0.2,,
2598,0.8913003663003664,0.7321428571428571,6.34375,33.0,0.42857142857142855,0.8222549200242508,0.5413166551189966,dirichlet_0.2,,
2599,0.5850274725274724,0.4265873015873015,13.125,47.0,0.25,1.1186749262733717,0.5596948875360335,dirichlet_0.2,,
2600,0.4543956043956044,0.3273809523809524,15.28125,52.0,0.17647058823529413,1.3372108001948986,0.8686054000974492,dirichlet_0.2,,
2601,0.45906593406593404,0.33928571428571425,14.21875,52.0,0.1111111111111111,1.4770383843475567,0.9385191921737784,dirichlet_0.2,,
2602,0.7095238095238094,0.566468253968254,9.625,61.0,0.3333333333333333,1.040088712499188,0.7072818657227922,dirichlet_0.2,,
2603,0.288507326007326,0.20238095238095236,17.09375,55.0,0.1111111111111111,1.1069812467961027,0.6263363677921315,dirichlet_0.2,,
2604,0.5019230769230769,0.3482142857142857,14.46875,54.0,0.17647058823529413,1.1690865663590961,0.7845432831795481,dirichlet_0.2,,
2605,0.6789377289377289,0.5049603174603174,10.5625,42.0,0.6666666666666666,1.564496104907691,0.9822480524538456,dirichlet_0.2,,
2606,0.7123168498168497,0.5615079365079365,9.90625,60.0,0.3333333333333333,1.1114427403464622,0.7557213701732312,dirichlet_0.2,,
2607,0.7590659340659339,0.5902777777777777,8.8125,42.0,0.25,0.7972514754147647,0.3744260583290934,dirichlet_0.2,,
2608,0.8608974358974357,0.7063492063492063,6.9375,40.0,0.5384615384615384,0.8319465297428995,0.4271208456775417,dirichlet_0.2,,
2609,0.6197344322344321,0.45238095238095233,11.84375,44.0,0.6666666666666666,1.2991588542691688,0.8495794271345842,dirichlet_0.2,,
2610,0.4563644688644688,0.32440476190476186,15.34375,54.0,0.17647058823529413,1.4859702616363157,0.9429851308181578,dirichlet_0.2,,
2611,0.7371794871794871,0.566468253968254,9.4375,43.0,0.25,0.96312275106025,0.6815613755301251,dirichlet_0.2,,
2612,0.576510989010989,0.42857142857142855,12.75,43.0,0.6666666666666666,1.4973319969446686,0.9486659984723343,dirichlet_0.2,,
2613,0.8141483516483516,0.6359126984126984,8.21875,41.0,0.25,1.4132275758634611,0.9066137879317305,dirichlet_0.2,,
2614,0.7527014652014651,0.6021825396825397,9.0625,59.0,0.3333333333333333,0.8512640439415394,0.6256320219707697,dirichlet_0.2,,
2615,0.672069597069597,0.5238095238095237,10.40625,60.0,0.25,0.9896093033391136,0.6948046516695568,dirichlet_0.2,,
2616,0.8303113553113552,0.7063492063492063,6.75,50.0,0.8181818181818182,0.603893925396002,0.3091346527206537,dirichlet_0.2,,
2617,0.8173992673992673,0.6765873015873016,7.59375,50.0,0.6666666666666666,0.9732205112956318,0.4623230795598632,dirichlet_0.2,,
2618,0.7238553113553112,0.5585317460317459,9.9375,57.0,0.3333333333333333,1.067305908706458,0.6896803596984654,dirichlet_0.2,,
2619,0.44230769230769224,0.31646825396825395,15.40625,53.0,0.17647058823529413,1.4635050497494297,0.9317525248747148,dirichlet_0.2,,
2620,0.40077838827838824,0.2857142857142857,15.4375,61.0,0.3333333333333333,0.988544687790188,0.6942723438950941,dirichlet_0.2,,
2621,0.483974358974359,0.3640873015873015,14.09375,59.0,0.42857142857142855,1.1132504729601211,0.6360511188586255,dirichlet_0.2,,
2622,0.6246794871794871,0.47718253968253965,11.46875,61.0,0.25,1.2386569193602242,0.8193284596801121,dirichlet_0.2,,
2623,0.6856227106227106,0.5198412698412698,10.53125,46.0,0.17647058823529413,0.7998257936576171,0.4765739372721954,dirichlet_0.2,,
2624,0.5242216117216116,0.37996031746031744,14.03125,48.0,0.25,1.195159581948225,0.6139682642617664,dirichlet_0.2,,
2625,0.4757783882783882,0.32936507936507936,14.90625,54.0,0.1111111111111111,1.2683609277494667,0.8341804638747334,dirichlet_0.2,,
2626,0.5954212454212454,0.43353174603174605,12.21875,45.0,0.6666666666666666,1.3659913659918086,0.8829956829959044,dirichlet_0.2,,
2627,0.6342032967032966,0.48908730158730157,11.5,61.0,0.25,1.4217384056585032,0.9108692028292515,dirichlet_0.2,,
2628,0.7794413919413918,0.6319444444444444,8.5625,46.0,0.6666666666666666,1.1248056495382515,0.6284618115132939,dirichlet_0.2,,
2629,0.6694139194139193,0.5079365079365079,11.09375,46.0,0.5384615384615384,1.1524830818073788,0.7196884249333196,dirichlet_0.2,,
2630,0.06909340659340658,0.0496031746031746,19.9375,62.0,0.1111111111111111,1.5530826431178422,0.9765413215589209,dirichlet_0.2,,
2631,0.7370421245421245,0.5823412698412698,9.59375,60.0,0.3333333333333333,1.0245135887811858,0.7122567943905929,dirichlet_0.2,,
2632,0.8647893772893772,0.7013888888888888,6.96875,37.0,0.6666666666666666,1.0523676542489684,0.7261838271244841,dirichlet_0.2,,
2633,0.5538461538461538,0.4047619047619047,13.1875,57.0,0.3333333333333333,1.1971800642378936,0.5285024792625763,dirichlet_0.2,,
2634,0.1656135531135531,0.123015873015873,18.15625,62.0,0.1111111111111111,1.3867492547120586,0.8933746273560292,dirichlet_0.2,,
2635,0.6263278388278388,0.4801587301587301,11.71875,61.0,0.25,1.548008767438803,0.9740043837194015,dirichlet_0.2,,
2636,0.687591575091575,0.5396825396825397,10.53125,60.0,0.3333333333333333,1.215054060146998,0.807527030073499,dirichlet_0.2,,
2637,0.5624084249084248,0.40674603174603174,12.625,45.0,0.6666666666666666,1.5627390043079123,0.9813695021539561,dirichlet_0.2,,
2638,0.4530219780219779,0.2996031746031746,15.875,54.0,0.1111111111111111,1.1601411966625153,0.6538773207877618,dirichlet_0.2,,
2639,0.2869505494505494,0.1954365079365079,17.21875,53.0,0.17647058823529413,0.9201947276587079,0.6355432676108523,dirichlet_0.2,,
2640,0.503021978021978,0.35119047619047616,14.40625,54.0,0.17647058823529413,1.1337863778573603,0.7668931889286802,dirichlet_0.2,,
2641,0.6709249084249083,0.5188492063492063,11.0,61.0,0.3333333333333333,1.2784794099891204,0.8392397049945601,dirichlet_0.2,,
2642,0.7618589743589742,0.628968253968254,8.5,56.0,0.5384615384615384,1.1498223280138056,0.5092711797469694,dirichlet_0.2,,
2643,0.708562271062271,0.5416666666666666,9.90625,38.0,0.6666666666666666,1.5573651921957774,0.9786825960978887,dirichlet_0.2,,
2644,0.7934523809523808,0.6587301587301587,7.3125,56.0,0.5384615384615384,0.7700904491559628,0.4900308176134661,dirichlet_0.2,,
2645,0.05054945054945054,0.03571428571428571,20.34375,62.0,0.1111111111111111,1.5777067779503848,0.9888533889751924,dirichlet_0.2,,
2646,0.6989926739926738,0.5277777777777777,10.21875,39.0,0.6666666666666666,1.157187409886548,0.7078105340919025,dirichlet_0.2,,
2647,0.597481684981685,0.44742063492063494,12.3125,41.0,0.6666666666666666,1.3957267138190352,0.8978633569095177,dirichlet_0.2,,
2648,0.5635989010989011,0.4107142857142857,13.375,46.0,0.17647058823529413,1.0707438518665586,0.569820786211735,dirichlet_0.2,,
2649,0.9148809523809524,0.7559523809523808,5.84375,19.0,0.6666666666666666,0.5046683017962645,0.33835154894552105,dirichlet_0.2,,
2650,0.5091575091575091,0.38789682539682535,12.5,60.0,0.1111111111111111,1.1875358683058002,0.539630089584241,dirichlet_0.2,,
2651,0.4572802197802197,0.3353174603174603,14.09375,60.0,0.17647058823529413,0.8241193016055276,0.6120596508027638,dirichlet_0.2,,
2652,0.23923992673992672,0.1736111111111111,17.4375,57.0,0.1111111111111111,1.0843111538518926,0.7421555769259462,dirichlet_0.2,,
2653,0.8415293040293039,0.6884920634920635,7.5625,51.0,0.5384615384615384,0.6373726077250144,0.5186863038625071,dirichlet_0.2,,
2654,0.6201923076923077,0.47420634920634924,11.84375,61.0,0.25,1.5999012180560115,0.9999506090280057,dirichlet_0.2,,
2655,0.6876373626373626,0.5367063492063492,10.59375,60.0,0.3333333333333333,1.2703399340312513,0.8351699670156256,dirichlet_0.2,,
2656,0.5866758241758241,0.42063492063492064,13.125,52.0,0.3333333333333333,1.1778878237549721,0.7889439118774861,dirichlet_0.2,,
2657,0.37632783882783877,0.24503968253968253,17.0,54.0,0.1111111111111111,1.136800621924106,0.5151315836157765,dirichlet_0.2,,
2658,0.9196886446886445,0.7767857142857142,5.34375,30.0,0.8181818181818182,0.6916696496741881,0.370634609434175,dirichlet_0.2,,
2659,0.8972985347985347,0.7509920634920634,6.03125,34.0,0.6666666666666666,1.0614563762385365,0.7307281881192683,dirichlet_0.2,,
2660,0.3259615384615384,0.23214285714285715,16.3125,55.0,0.1111111111111111,1.5895869306790131,0.9947934653395065,dirichlet_0.2,,
2661,0.7623168498168498,0.628968253968254,8.75,60.0,0.5384615384615384,0.8810109888052746,0.6162264707432209,dirichlet_0.2,,
2662,0.8212912087912088,0.728174603174603,6.25,57.0,0.6666666666666666,0.7920901375091925,0.413106115709736,dirichlet_0.2,,
2663,0.7377289377289377,0.564484126984127,10.28125,33.0,0.5384615384615384,0.7281381752332283,0.47465981471643115,dirichlet_0.2,,
2664,0.1125915750915751,0.07539682539682539,19.34375,61.0,0.1111111111111111,1.3245146701453927,0.8622573350726963,dirichlet_0.2,,
2665,0.6704212454212454,0.4970238095238095,10.96875,53.0,0.25,1.009738926474082,0.704869463237041,dirichlet_0.2,,
2666,0.8713369963369964,0.7023809523809523,7.25,27.0,0.42857142857142855,0.9651589967251564,0.5467349823104957,dirichlet_0.2,,
2667,0.7632783882783882,0.5863095238095237,10.09375,33.0,0.5384615384615384,0.7791434189796624,0.4943399988942229,dirichlet_0.2,,
2668,0.8398351648351646,0.6577380952380952,7.5,37.0,0.25,1.5168478494442645,0.9584239247221322,dirichlet_0.2,,
2669,0.6411172161172161,0.4930555555555555,11.46875,61.0,0.3333333333333333,1.4860596278380203,0.9430298139190101,dirichlet_0.2,,
2670,0.4450091575091575,0.32440476190476186,14.375,52.0,0.1111111111111111,0.9260051506967462,0.5200254291352865,dirichlet_0.2,,
2671,0.0477106227106227,0.03472222222222222,20.25,62.0,0.1111111111111111,1.5922443687629688,0.9961221843814843,dirichlet_0.2,,
2672,0.7078296703296703,0.5416666666666666,9.90625,38.0,0.6666666666666666,1.1255322504517753,0.7596078652111146,dirichlet_0.2,,
2673,0.9479395604395603,0.8194444444444444,4.46875,18.0,0.8181818181818182,0.4894735370146929,0.4059381623021866,dirichlet_0.2,,
2674,0.7957875457875456,0.6140873015873015,8.625,31.0,0.6666666666666666,0.8275688113076098,0.5334118730769731,dirichlet_0.2,,
2675,0.6893772893772893,0.5168650793650793,10.1875,35.0,0.6666666666666666,1.0209539427635148,0.5887193206805973,dirichlet_0.2,,
2676,0.6323717948717947,0.46924603174603174,11.59375,45.0,0.6666666666666666,1.1154588214619219,0.757729410730961,dirichlet_0.2,,
2677,0.6801282051282052,0.5347222222222222,10.125,61.0,0.25,1.1262813086342016,0.7631406543171007,dirichlet_0.2,,
2678,0.23791208791208784,0.17559523809523808,16.9375,61.0,0.1111111111111111,1.1951128643927769,0.7975564321963885,dirichlet_0.2,,
2679,0.6933150183150182,0.5327380952380952,10.1875,39.0,0.6666666666666666,1.4213565868372866,0.9106782934186434,dirichlet_0.2,,
2680,0.8547161172161171,0.691468253968254,7.34375,37.0,0.6666666666666666,0.8632606966734526,0.6130515552308088,dirichlet_0.2,,
2681,0.7522435897435897,0.5873015873015873,8.84375,51.0,0.25,0.6751086208263627,0.4963742119801755,dirichlet_0.2,,
2682,0.635485347985348,0.47420634920634924,11.78125,38.0,0.6666666666666666,1.3768806163750615,0.8884403081875308,dirichlet_0.2,,
2683,0.12559523809523807,0.09027777777777778,19.25,59.0,0.1111111111111111,1.3267480929941144,0.8633740464970573,dirichlet_0.2,,
2684,0.8141483516483516,0.6418650793650794,8.5625,38.0,0.6666666666666666,0.8033310686665182,0.6016655343332591,dirichlet_0.2,,
2685,0.6726648351648351,0.49603174603174605,11.96875,34.0,0.42857142857142855,1.5887171297097027,0.9943585648548513,dirichlet_0.2,,
2686,0.6778388278388278,0.5069444444444444,10.5625,41.0,0.6666666666666666,1.2864731904091296,0.8432365952045647,dirichlet_0.2,,
2687,0.6702838827838827,0.5515873015873015,9.5625,61.0,0.25,0.8098031452661401,0.5827694968419737,dirichlet_0.2,,
2688,0.6853479853479852,0.513888888888889,10.40625,39.0,0.6666666666666666,1.5245967467583412,0.9622983733791707,dirichlet_0.2,,
2689,0.5816849816849816,0.42063492063492064,12.40625,42.0,0.6666666666666666,1.4579394463285444,0.9289697231642722,dirichlet_0.2,,
2690,0.7635073260073258,0.6031746031746031,9.28125,51.0,0.5384615384615384,0.6915244476391474,0.3939528016655466,dirichlet_0.2,,
2691,0.7592948717948718,0.5873015873015873,9.3125,35.0,0.6666666666666666,0.9294436498293989,0.6647218249146994,dirichlet_0.2,,
2692,0.8157051282051282,0.7103174603174602,6.46875,54.0,0.5384615384615384,0.799795709778431,0.443014814140125,dirichlet_0.2,,
2693,0.3236263736263736,0.2331349206349206,16.375,55.0,0.1111111111111111,1.1532306976043267,0.7766153488021633,dirichlet_0.2,,
2694,0.9508241758241758,0.8144841269841269,4.65625,15.0,0.6666666666666666,1.446918431687505,0.9234592158437526,dirichlet_0.2,,
2695,0.9349816849816848,0.7976190476190477,4.96875,26.0,0.6666666666666666,0.5631130265644807,0.43845271584128,dirichlet_0.2,,
2696,0.8044871794871793,0.6626984126984127,7.40625,54.0,0.5384615384615384,0.804527227572239,0.48256590114645515,dirichlet_0.2,,
2697,0.5816849816849816,0.42559523809523814,13.09375,46.0,0.17647058823529413,1.5217087347585205,0.9608543673792602,dirichlet_0.2,,
2698,0.779624542124542,0.5992063492063492,9.25,40.0,0.25,1.1904935389307996,0.5055318698032345,dirichlet_0.2,,
2699,0.6881410256410255,0.5357142857142857,9.875,60.0,0.3333333333333333,1.1903320998176186,0.6321596792144856,dirichlet_0.2,,
2700,0.6913003663003662,0.5416666666666666,10.15625,60.0,0.3333333333333333,0.9785725487221332,0.6892862743610666,dirichlet_0.2,,
2701,0.6411172161172161,0.4930555555555555,11.46875,61.0,0.3333333333333333,1.4845877418789044,0.9422938709394523,dirichlet_0.2,,
2702,0.6647893772893773,0.5079365079365079,10.65625,58.0,0.25,0.9379347542150784,0.6685123900002424,dirichlet_0.2,,
2703,0.8408882783882783,0.6696428571428571,7.8125,27.0,0.6666666666666666,0.7086357601037223,0.5170011592724185,dirichlet_0.2,,
2704,0.6539377289377288,0.494047619047619,10.75,58.0,0.25,1.1987246299486574,0.7070560960586452,dirichlet_0.2,,
2705,0.22619047619047614,0.15674603174603174,18.125,60.0,0.1111111111111111,1.14557647314966,0.7727882365748301,dirichlet_0.2,,
2706,0.16314102564102562,0.10615079365079365,18.59375,61.0,0.1111111111111111,1.1918447937426855,0.7522168007514176,dirichlet_0.2,,
2707,0.4816849816849817,0.3402777777777778,15.09375,54.0,0.17647058823529413,1.4684987888115602,0.9342493944057799,dirichlet_0.2,,
2708,0.9676739926739927,0.8561507936507935,3.46875,15.0,0.6666666666666666,0.25823712158350715,0.26616343129128767,dirichlet_0.2,,
2709,0.7077380952380952,0.5486111111111112,9.9375,55.0,0.5384615384615384,1.0281848482754736,0.48739911984832723,dirichlet_0.2,,
2710,0.7385073260073259,0.5714285714285714,9.65625,54.0,0.25,0.9235603097017832,0.6157673149897948,dirichlet_0.2,,
2711,0.8486721611721612,0.6686507936507936,7.9375,32.0,0.42857142857142855,0.9150135994350901,0.4737626144202884,dirichlet_0.2,,
2712,0.7496336996336994,0.6001984126984127,8.9375,60.0,0.3333333333333333,0.9692606912003019,0.6282466674358905,dirichlet_0.2,,
2713,0.36071428571428565,0.24900793650793648,16.0,54.0,0.1111111111111111,0.7836559441831845,0.5421495036395205,dirichlet_0.2,,
2714,0.5563644688644689,0.40079365079365076,13.5,54.0,0.17647058823529413,1.3111447547920148,0.8555723773960074,dirichlet_0.2,,
2715,0.6020604395604395,0.44047619047619047,12.03125,44.0,0.6666666666666666,1.1821287388673907,0.7910643694336953,dirichlet_0.2,,
2716,0.7213369963369962,0.550595238095238,9.71875,43.0,0.25,0.8721407280287043,0.6360703640143522,dirichlet_0.2,,
2717,0.6369047619047619,0.49107142857142855,11.40625,61.0,0.25,1.2567670258201056,0.8283835129100527,dirichlet_0.2,,
2718,0.316529304029304,0.22916666666666666,17.125,55.0,0.1111111111111111,1.0190697421211359,0.7095348710605679,dirichlet_0.2,,
2719,0.5508699633699633,0.4047619047619047,13.5,47.0,0.3333333333333333,1.1350703364241128,0.4843624013471899,dirichlet_0.2,,
2720,0.5788461538461538,0.40575396825396826,13.71875,38.0,0.17647058823529413,1.00802860399017,0.6946964630729324,dirichlet_0.2,,
2721,0.40599816849816844,0.2738095238095238,15.875,51.0,0.17647058823529413,0.9293795010063315,0.616169638403248,dirichlet_0.2,,
2722,0.352014652014652,0.2251984126984127,17.3125,54.0,0.1111111111111111,1.1721643663464345,0.5241874010042396,dirichlet_0.2,,
2723,0.6248626373626374,0.4781746031746032,11.8125,61.0,0.25,1.553816228869009,0.9769081144345045,dirichlet_0.2,,
2724,0.6195054945054945,0.4662698412698412,11.90625,40.0,0.6666666666666666,1.3713544110058844,0.8856772055029422,dirichlet_0.2,,
2725,0.6407509157509158,0.47619047619047616,10.875,40.0,0.6666666666666666,1.3033972031046597,0.8516986015523299,dirichlet_0.2,,
2726,0.9152014652014652,0.7718253968253969,5.5,30.0,0.8181818181818182,0.7413701307829084,0.3778903727464734,dirichlet_0.2,,
2727,0.7613553113553112,0.5992063492063492,8.8125,58.0,0.3333333333333333,0.7306614381968826,0.5653307190984413,dirichlet_0.2,,
2728,0.4195970695970695,0.29662698412698413,15.9375,54.0,0.17647058823529413,1.5662173436416968,0.9831086718208484,dirichlet_0.2,,
2729,0.6884157509157509,0.5416666666666666,10.03125,61.0,0.3333333333333333,1.14757521679739,0.7737876083986951,dirichlet_0.2,,
2730,0.8814102564102563,0.7132936507936508,6.6875,33.0,0.3333333333333333,0.6924036195256142,0.3986616410639948,dirichlet_0.2,,
2731,0.4793956043956043,0.3323412698412698,14.8125,54.0,0.1111111111111111,1.1805484206561903,0.7902742103280951,dirichlet_0.2,,
2732,0.7823717948717949,0.6527777777777778,8.0,57.0,0.6666666666666666,1.0008145866870826,0.5327218094578805,dirichlet_0.2,,
2733,0.6233058608058607,0.47718253968253965,11.84375,61.0,0.25,1.5857416451616064,0.9928708225808033,dirichlet_0.2,,
2734,0.8832417582417581,0.7172619047619047,7.0,26.0,0.5384615384615384,1.4110792515957407,0.9055396257978703,dirichlet_0.2,,
2735,0.5905219780219779,0.44246031746031744,12.3125,56.0,0.42857142857142855,0.7835816004032063,0.5207695658348775,dirichlet_0.2,,
2736,0.4524725274725275,0.3253968253968254,15.28125,52.0,0.17647058823529413,1.339292352676358,0.8696461763381791,dirichlet_0.2,,
2737,0.2637820512820513,0.1984126984126984,16.5625,61.0,0.1111111111111111,1.127227088372101,0.7636135441860505,dirichlet_0.2,,
2738,0.4299450549450549,0.30357142857142855,15.8125,54.0,0.17647058823529413,1.5036083859424196,0.9518041929712097,dirichlet_0.2,,
2739,0.6714285714285714,0.503968253968254,10.375,38.0,0.6666666666666666,1.051717817606264,0.7014305656190492,dirichlet_0.2,,
2740,0.54757326007326,0.39384920634920634,13.75,54.0,0.42857142857142855,0.9530998067887297,0.45808574671273,dirichlet_0.2,,
2741,0.7284340659340659,0.5813492063492063,9.15625,57.0,0.3333333333333333,1.005279604551712,0.5956339341460293,dirichlet_0.2,,
2742,0.8120879120879121,0.6438492063492063,8.46875,46.0,0.42857142857142855,0.8140793723920952,0.5608848872037432,dirichlet_0.2,,
2743,0.7970238095238095,0.6656746031746031,7.5625,50.0,0.6666666666666666,0.9365369135899064,0.5671478579178906,dirichlet_0.2,,
2744,0.7118589743589743,0.5416666666666666,10.09375,32.0,0.6666666666666666,1.0628766595833559,0.6876860048353683,dirichlet_0.2,,
2745,0.6316849816849816,0.45734126984126977,11.84375,53.0,0.25,1.105431063273831,0.7527155316369155,dirichlet_0.2,,
2746,0.23896520146520142,0.16765873015873015,17.96875,55.0,0.1111111111111111,1.1846867877616214,0.6837097397821967,dirichlet_0.2,,
2747,0.8761446886446885,0.691468253968254,6.96875,30.0,0.42857142857142855,0.794464748162289,0.3797617344848475,dirichlet_0.2,,
2748,0.5852564102564103,0.42559523809523814,12.90625,51.0,0.17647058823529413,1.501769381273777,0.9508846906368884,dirichlet_0.2,,
2749,0.6614010989010989,0.4871031746031746,11.0,52.0,0.25,1.0947850665554668,0.7059754308994625,dirichlet_0.2,,
2750,0.5261446886446886,0.3829365079365079,14.0,48.0,0.17647058823529413,1.1978249860010772,0.6321333159938749,dirichlet_0.2,,
2751,0.7015567765567764,0.550595238095238,9.9375,59.0,0.3333333333333333,0.7816142270293986,0.4729390684408847,dirichlet_0.2,,
2752,0.6034798534798533,0.46230158730158727,11.28125,61.0,0.25,1.1369614862776858,0.7410528267873397,dirichlet_0.2,,
2753,0.8910714285714285,0.7251984126984126,6.8125,23.0,0.5384615384615384,1.071329376979829,0.7356646884899146,dirichlet_0.2,,
2754,0.7078754578754578,0.5803571428571428,9.1875,61.0,0.3333333333333333,1.0925701193781385,0.6236210084571719,dirichlet_0.2,,
2755,0.7289835164835163,0.5694444444444444,9.78125,41.0,0.6666666666666666,1.0875264020153041,0.743763201007652,dirichlet_0.2,,
2756,0.5277472527472528,0.39980158730158727,12.65625,60.0,0.1111111111111111,1.0203328664605011,0.5646625627777114,dirichlet_0.2,,
2757,0.6751373626373626,0.5079365079365079,10.28125,39.0,0.6666666666666666,1.1377727406776226,0.560885426651576,dirichlet_0.2,,
2758,0.593635531135531,0.42757936507936506,13.1875,53.0,0.3333333333333333,1.1274012736082775,0.7637006368041389,dirichlet_0.2,,
2759,0.6652014652014652,0.4990079365079365,11.34375,39.0,0.6666666666666666,1.2405779411855087,0.8202889705927543,dirichlet_0.2,,
2760,0.7343406593406593,0.5744047619047619,9.625,41.0,0.6666666666666666,1.184873179910777,0.7533089171577,dirichlet_0.2,,
2761,0.7482600732600732,0.5902777777777777,9.34375,42.0,0.6666666666666666,1.0021286174419481,0.7010643087209741,dirichlet_0.2,,
2762,0.4876831501831501,0.3323412698412698,14.78125,54.0,0.17647058823529413,1.1721944789384584,0.7807325164189987,dirichlet_0.2,,
2763,0.8186813186813185,0.6507936507936508,8.09375,38.0,0.6666666666666666,1.0421441681731414,0.5828050494487332,dirichlet_0.2,,
2764,0.7498626373626374,0.5972222222222222,9.21875,45.0,0.6666666666666666,1.1997308533251099,0.6993388662941068,dirichlet_0.2,,
2765,0.6612179487179486,0.48214285714285715,11.96875,35.0,0.3333333333333333,1.0263386827015262,0.6528739320581286,dirichlet_0.2,,
2766,0.7815018315018313,0.617063492063492,8.6875,39.0,0.6666666666666666,1.0170723437453895,0.6858695302569715,dirichlet_0.2,,
2767,0.9681776556776556,0.8551587301587301,3.53125,12.0,0.6666666666666666,0.39619192202572284,0.3299717082194552,dirichlet_0.2,,
2768,0.8182234432234431,0.6210317460317459,8.40625,28.0,0.25,0.7076860598956527,0.39482782908246655,dirichlet_0.2,,
2769,0.6192307692307691,0.4454365079365079,12.53125,53.0,0.3333333333333333,1.1154023054382391,0.7577011527191195,dirichlet_0.2,,
2770,0.15389194139194137,0.10912698412698411,18.84375,61.0,0.1111111111111111,1.290829913278475,0.8454149566392375,dirichlet_0.2,,
2771,0.42504578754578753,0.3005952380952381,15.875,54.0,0.17647058823529413,1.5478534108796957,0.9739267054398477,dirichlet_0.2,,
2772,0.7640109890109889,0.626984126984127,8.625,54.0,0.6666666666666666,1.198284875058055,0.5582167868441837,dirichlet_0.2,,
2773,0.064010989010989,0.04563492063492063,20.09375,62.0,0.1111111111111111,1.5600091143175359,0.9800045571587679,dirichlet_0.2,,
2774,0.6169871794871794,0.46329365079365076,11.5,50.0,0.1111111111111111,0.7845062154111189,0.416437850489583,dirichlet_0.2,,
2775,0.8308150183150182,0.6944444444444444,6.96875,44.0,0.6666666666666666,0.8495190631714314,0.5411995764141894,dirichlet_0.2,,
2776,0.5894688644688644,0.43551587301587297,12.53125,56.0,0.3333333333333333,0.8698094784145112,0.46078611423284827,dirichlet_0.2,,
2777,0.6534798534798534,0.5009920634920634,11.75,41.0,0.5384615384615384,1.2726712115573466,0.8363356057786734,dirichlet_0.2,,
2778,0.8486721611721612,0.6577380952380952,7.78125,30.0,0.42857142857142855,0.667524114798494,0.4630800186223808,dirichlet_0.2,,
2779,0.6187728937728937,0.47420634920634924,11.8125,61.0,0.25,1.5295741283353488,0.9647870641676743,dirichlet_0.2,,
2780,0.45352564102564097,0.34424603174603174,13.625,60.0,0.1111111111111111,1.199635722136775,0.6224558500740777,dirichlet_0.2,,
2781,0.7707875457875458,0.6021825396825397,9.25,48.0,0.6666666666666666,0.7141503622973815,0.34544222671033514,dirichlet_0.2,,
2782,0.5206959706959706,0.37103174603174605,14.25,54.0,0.17647058823529413,1.4011634591798305,0.9005817295899152,dirichlet_0.2,,
2783,0.5614010989010989,0.40873015873015867,12.625,42.0,0.6666666666666666,1.5482775667467124,0.974138783373356,dirichlet_0.2,,
2784,0.6466575091575091,0.4751984126984127,11.0625,49.0,0.6666666666666666,1.0970516134072175,0.5968439038522856,dirichlet_0.2,,
2785,0.9222985347985347,0.7728174603174602,5.53125,18.0,0.5384615384615384,1.1750085465534752,0.7875042732767376,dirichlet_0.2,,
2786,0.22449633699633695,0.1626984126984127,17.46875,61.0,0.1111111111111111,1.2839445381081258,0.8419722690540629,dirichlet_0.2,,
2787,0.9529761904761903,0.8234126984126984,4.09375,20.0,0.5384615384615384,0.5356857846778335,0.4124511546426212,dirichlet_0.2,,
2788,0.29757326007326,0.21329365079365076,17.28125,61.0,0.1111111111111111,1.22082010618004,0.81041005309002,dirichlet_0.2,,
2789,0.7978479853479853,0.6200396825396824,8.6875,40.0,0.25,1.0765129195712824,0.5775449015735356,dirichlet_0.2,,
2790,0.13804945054945053,0.09623015873015874,19.0625,60.0,0.1111111111111111,1.3682076828763208,0.8841038414381605,dirichlet_0.2,,
2791,0.5533424908424908,0.4047619047619047,13.59375,47.0,0.17647058823529413,1.4900583403003353,0.9450291701501677,dirichlet_0.2,,
2792,0.07193223443223443,0.05158730158730158,20.0625,62.0,0.1111111111111111,1.5328154744481113,0.9664077372240556,dirichlet_0.2,,
2793,0.6707875457875457,0.5218253968253969,10.96875,55.0,0.5384615384615384,0.7743563682291644,0.442435680295366,dirichlet_0.2,,
2794,0.7154304029304029,0.5535714285714286,9.8125,39.0,0.6666666666666666,1.4957402789635355,0.9478701394817677,dirichlet_0.2,,
2795,0.5962454212454211,0.443452380952381,12.34375,40.0,0.6666666666666666,1.4411465421199607,0.9205732710599804,dirichlet_0.2,,
2796,0.7592490842490842,0.6220238095238095,8.4375,60.0,0.3333333333333333,0.9871141351032127,0.5985748305319855,dirichlet_0.2,,
2797,0.71007326007326,0.5446428571428571,9.9375,50.0,0.5384615384615384,1.0046286049804545,0.5096191362996362,dirichlet_0.2,,
2798,0.7814102564102563,0.6031746031746031,9.34375,33.0,0.6666666666666666,1.1610629248954392,0.7805314624477195,dirichlet_0.2,,
2799,0.40943223443223437,0.29067460317460314,16.125,54.0,0.17647058823529413,1.5960684356656918,0.998034217832846,dirichlet_0.2,,
2800,0.1692307692307692,0.12103174603174602,18.78125,56.0,0.1111111111111111,1.1936027085419154,0.7664735936990658,dirichlet_0.2,,
2801,0.5386446886446886,0.40178571428571425,13.46875,58.0,0.42857142857142855,1.1697731305748762,0.5819993501644577,dirichlet_0.2,,
2802,0.6925824175824175,0.5257936507936508,11.28125,46.0,0.5384615384615384,0.9757830906891879,0.5123299629702491,dirichlet_0.2,,
2803,0.6248626373626374,0.4781746031746032,11.8125,61.0,0.25,1.49318701281431,0.9465935064071551,dirichlet_0.2,,
2804,0.7413003663003662,0.5942460317460317,9.09375,60.0,0.3333333333333333,1.0312502746503707,0.6557275067244438,dirichlet_0.2,,
2805,0.4441849816849817,0.31845238095238093,15.375,53.0,0.17647058823529413,1.4310952145531997,0.9155476072765999,dirichlet_0.2,,
2806,0.43571428571428567,0.30952380952380953,15.71875,54.0,0.1111111111111111,1.4831711859203218,0.941585592960161,dirichlet_0.2,,
2807,0.7894688644688643,0.5912698412698413,9.53125,33.0,0.3333333333333333,0.8897533744405778,0.43940302040232077,dirichlet_0.2,,
2808,0.47046703296703285,0.3323412698412698,15.1875,54.0,0.17647058823529413,1.4820943844130512,0.9410471922065256,dirichlet_0.2,,
2809,0.7823717948717949,0.6021825396825397,9.09375,40.0,0.25,1.3476281318766836,0.8738140659383418,dirichlet_0.2,,
2810,0.6539377289377288,0.5128968253968254,10.875,61.0,0.3333333333333333,1.2780671189448995,0.8390335594724496,dirichlet_0.2,,
2811,0.5226648351648351,0.37996031746031744,14.03125,48.0,0.17647058823529413,1.1942729922032957,0.628275196181955,dirichlet_0.2,,
2812,0.7761446886446886,0.5942460317460317,8.96875,42.0,0.25,0.8315930567225365,0.465907526717665,dirichlet_0.2,,
2813,0.7183608058608058,0.5823412698412698,9.15625,61.0,0.3333333333333333,1.1917969087123614,0.5834863407788088,dirichlet_0.2,,
2814,0.2789835164835165,0.19146825396825395,17.4375,61.0,0.17647058823529413,1.0428987737375612,0.7102220280266339,dirichlet_0.2,,
2815,0.6282967032967032,0.48908730158730157,10.625,61.0,0.25,0.9942336016444779,0.6678118784698841,dirichlet_0.2,,
2816,0.7971153846153846,0.6160714285714285,8.5625,40.0,0.25,1.5380438800464122,0.9690219400232062,dirichlet_0.2,,
2817,0.7390109890109889,0.5714285714285714,9.78125,48.0,0.6666666666666666,0.7875898774844996,0.3842213681931946,dirichlet_0.2,,
2818,0.06222527472527472,0.04464285714285714,20.09375,62.0,0.1111111111111111,1.572201264879956,0.986100632439978,dirichlet_0.2,,
2819,0.6541666666666667,0.4751984126984127,12.375,51.0,0.3333333333333333,0.9614504257777869,0.6259475050302366,dirichlet_0.2,,
2820,0.636996336996337,0.47619047619047616,11.8125,44.0,0.6666666666666666,1.1926556636739105,0.7963278318369552,dirichlet_0.2,,
2821,0.595467032967033,0.42857142857142855,13.0,51.0,0.17647058823529413,1.171008454558567,0.7855042272792834,dirichlet_0.2,,
2822,0.7132326007326006,0.5555555555555555,9.875,59.0,0.25,1.0251481323692724,0.712574066184636,dirichlet_0.2,,
2823,0.7065934065934065,0.5585317460317459,10.25,50.0,0.6666666666666666,0.7989874723426524,0.3641891422593181,dirichlet_0.2,,
2824,0.6702380952380951,0.4970238095238095,10.625,47.0,0.6666666666666666,1.0861607983790842,0.6177360806570209,dirichlet_0.2,,
2825,0.3951923076923077,0.2867063492063492,15.09375,52.0,0.1111111111111111,1.5185713905360676,0.9592856952680339,dirichlet_0.2,,
2826,0.9228479853479851,0.7827380952380952,5.1875,22.0,0.6666666666666666,0.4350196552182404,0.38423148384274336,dirichlet_0.2,,
2827,0.4503663003663004,0.31746031746031744,15.40625,54.0,0.25,1.49016597943058,0.94508298971529,dirichlet_0.2,,
2828,0.7678571428571429,0.5942460317460317,9.21875,48.0,0.6666666666666666,0.7346776541968728,0.39580206879761737,dirichlet_0.2,,
2829,0.8114468864468863,0.6696428571428571,8.0625,57.0,0.6666666666666666,0.8454226327739476,0.5558652549646393,dirichlet_0.2,,
2830,0.6378205128205127,0.4781746031746032,11.5,47.0,0.1111111111111111,0.7529738322179776,0.4856636060744487,dirichlet_0.2,,
2831,0.7643315018315018,0.5853174603174602,10.0,33.0,0.5384615384615384,0.7847613469921657,0.4238743882952656,dirichlet_0.2,,
2832,0.6533882783882784,0.488095238095238,11.3125,40.0,0.6666666666666666,1.240394808574706,0.8201974042873531,dirichlet_0.2,,
2833,0.656639194139194,0.49503968253968256,11.3125,46.0,0.5384615384615384,1.1852437560620608,0.7278267509929203,dirichlet_0.2,,
2834,0.2896520146520146,0.20337301587301587,17.125,55.0,0.1111111111111111,1.0946871323189011,0.7035311070099772,dirichlet_0.2,,
2835,0.6504578754578754,0.5,11.3125,61.0,0.3333333333333333,1.4341729379740373,0.9170864689870187,dirichlet_0.2,,
2836,0.6901556776556776,0.5218253968253969,10.34375,37.0,0.6666666666666666,1.1282028452057242,0.7303992496145255,dirichlet_0.2,,
2837,0.7340659340659339,0.5773809523809523,9.8125,60.0,0.3333333333333333,1.0617483375422245,0.7308741687711121,dirichlet_0.2,,
2838,0.6490842490842491,0.492063492063492,11.3125,59.0,0.42857142857142855,0.7996389909126789,0.5809470470320739,dirichlet_0.2,,
2839,0.5228937728937729,0.380952380952381,14.0625,48.0,0.17647058823529413,1.199490960964031,0.7537047282465855,dirichlet_0.2,,
2840,0.6219322344322343,0.47718253968253965,11.78125,61.0,0.25,1.5937900397278493,0.9968950198639246,dirichlet_0.2,,
2841,0.8602106227106227,0.6875,7.40625,28.0,0.6666666666666666,1.051671742619384,0.725835871309692,dirichlet_0.2,,
2842,0.4158424908424908,0.2946428571428571,16.03125,54.0,0.17647058823529413,1.5746742639760898,0.987337131988045,dirichlet_0.2,,
2843,0.2665750915750915,0.19345238095238093,16.75,61.0,0.1111111111111111,1.2229779166016328,0.8114889583008164,dirichlet_0.2,,
2844,0.12934981684981686,0.09226190476190475,19.125,61.0,0.1111111111111111,1.38626788689242,0.89313394344621,dirichlet_0.2,,
2845,0.04656593406593406,0.03373015873015873,20.34375,62.0,0.1111111111111111,1.589810995657867,0.9949054978289334,dirichlet_0.2,,
2846,0.17925824175824173,0.13095238095238093,18.59375,57.0,0.1111111111111111,1.1226884818632628,0.7601399184063937,dirichlet_0.2,,
2847,0.8565934065934065,0.7271825396825397,6.0,49.0,0.8181818181818182,0.5018756510465626,0.36811139262920634,dirichlet_0.2,,
2848,0.11181318681318679,0.07936507936507936,19.5,61.0,0.1111111111111111,1.4310146685219962,0.9155073342609982,dirichlet_0.2,,
2849,0.21840659340659338,0.15178571428571427,18.28125,56.0,0.1111111111111111,1.1881895382676069,0.6699017627528255,dirichlet_0.2,,
2850,0.3571886446886447,0.26884920634920634,15.21875,59.0,0.1111111111111111,0.9748576228484439,0.687428811424222,dirichlet_0.2,,
2851,0.4545787545787545,0.3234126984126984,15.3125,54.0,0.3333333333333333,1.4696893620368867,0.9348446810184434,dirichlet_0.2,,
2852,0.7526556776556775,0.6121031746031745,9.09375,60.0,0.6666666666666666,1.0902918971529971,0.6632790300398937,dirichlet_0.2,,
2853,0.7258699633699633,0.564484126984127,9.96875,35.0,0.6666666666666666,1.1416648047192817,0.7708324023596409,dirichlet_0.2,,
2854,0.8005494505494505,0.6458333333333334,8.40625,57.0,0.5384615384615384,0.8426085695681319,0.5917988870181384,dirichlet_0.2,,
2855,0.657967032967033,0.49603174603174605,11.21875,44.0,0.6666666666666666,1.1548836311275799,0.7774418155637899,dirichlet_0.2,,
2856,0.3305860805860806,0.24107142857142858,16.6875,61.0,0.17647058823529413,1.1766197964514369,0.7883098982257184,dirichlet_0.2,,
2857,0.7084706959706959,0.5634920634920635,9.4375,60.0,0.3333333333333333,1.1058800018320234,0.5842094817979434,dirichlet_0.2,,
2858,0.3296703296703296,0.2222222222222222,16.875,61.0,0.17647058823529413,1.017495221194009,0.6780296419935855,dirichlet_0.2,,
2859,0.8640567765567765,0.7043650793650793,6.90625,37.0,0.6666666666666666,0.9272439297315953,0.47662167413885065,dirichlet_0.2,,
2860,0.6642399267399267,0.49603174603174605,10.4375,39.0,0.6666666666666666,1.1947764680222124,0.5512666233340622,dirichlet_0.2,,
2861,0.48159340659340655,0.3432539682539682,14.71875,52.0,0.1111111111111111,1.1622629816239982,0.7811314908119992,dirichlet_0.2,,
2862,0.15929487179487178,0.12003968253968253,18.4375,62.0,0.1111111111111111,1.389699624856081,0.8948498124280404,dirichlet_0.2,,
2863,0.13072344322344323,0.09722222222222222,18.90625,62.0,0.1111111111111111,1.4604817336709233,0.9302408668354617,dirichlet_0.2,,
2864,0.34560439560439554,0.24206349206349204,16.5,51.0,0.1111111111111111,1.3170940249523024,0.8585470124761512,dirichlet_0.2,,
2865,0.41034798534798533,0.2916666666666667,16.125,54.0,0.17647058823529413,1.596960140457218,0.998480070228609,dirichlet_0.2,,
2866,0.7773809523809524,0.6458333333333334,8.40625,58.0,0.6666666666666666,1.1114179892240401,0.5982003409746253,dirichlet_0.2,,
2867,0.35036630036630034,0.22916666666666666,16.8125,53.0,0.17647058823529413,1.0955710943967896,0.5155555638988476,dirichlet_0.2,,
2868,0.4093406593406593,0.2876984126984127,15.84375,52.0,0.17647058823529413,0.8595702983172798,0.5704555218831616,dirichlet_0.2,,
2869,0.5273809523809523,0.37896825396825395,13.96875,51.0,0.3333333333333333,1.5920655406109683,0.9960327703054841,dirichlet_0.2,,
2870,0.6248626373626374,0.4781746031746032,11.8125,61.0,0.25,1.5467221253485928,0.9733610626742965,dirichlet_0.2,,
2871,0.19102564102564099,0.14087301587301587,17.9375,61.0,0.1111111111111111,1.2161772422223525,0.8080886211111762,dirichlet_0.2,,
2872,0.7784798534798534,0.6388888888888888,8.625,59.0,0.6666666666666666,0.9903455714326944,0.6257364294961405,dirichlet_0.2,,
2873,0.6363553113553112,0.4722222222222222,11.3125,46.0,0.6666666666666666,1.0755113883131215,0.6203535838517424,dirichlet_0.2,,
2874,0.6850274725274724,0.5257936507936508,11.21875,39.0,0.5384615384615384,0.7598600398008352,0.375099269697929,dirichlet_0.2,,
2875,0.7047161172161172,0.5515873015873015,10.28125,60.0,0.42857142857142855,1.21153702695025,0.8057685134751249,dirichlet_0.2,,
2876,0.7554029304029303,0.5932539682539683,9.09375,49.0,0.6666666666666666,0.9236077611190812,0.5744310124652923,dirichlet_0.2,,
2877,0.587591575091575,0.42857142857142855,13.0625,47.0,0.25,1.119940541664378,0.5532134877166445,dirichlet_0.2,,
2878,0.5779304029304028,0.4186507936507936,13.125,54.0,0.17647058823529413,1.2767329503593206,0.8383664751796602,dirichlet_0.2,,
2879,0.7414835164835164,0.6061507936507936,8.875,60.0,0.3333333333333333,0.9898796233048716,0.6542826998262032,dirichlet_0.2,,
2880,0.09766483516483515,0.07242063492063491,19.5,62.0,0.1111111111111111,1.4637728055365653,0.9318864027682826,dirichlet_0.2,,
2881,0.7103479853479854,0.5347222222222222,10.0625,43.0,0.17647058823529413,0.779927659402479,0.3840284471453466,dirichlet_0.2,,
2882,0.3363553113553113,0.2232142857142857,17.15625,57.0,0.17647058823529413,1.1506671379033948,0.5254624137623322,dirichlet_0.2,,
2883,0.6615384615384614,0.5089285714285714,11.25,61.0,0.3333333333333333,1.3817739796163986,0.8908869898081992,dirichlet_0.2,,
2884,0.5713369963369962,0.4216269841269841,12.6875,43.0,0.6666666666666666,1.5188983376585492,0.9594491688292746,dirichlet_0.2,,
2885,0.7621336996336996,0.5803571428571428,9.03125,41.0,0.25,0.783576850456122,0.41438655157061294,dirichlet_0.2,,
2886,0.6344322344322344,0.4503968253968254,12.46875,37.0,0.17647058823529413,0.7551398155884133,0.5717684276883779,dirichlet_0.2,,
2887,0.533974358974359,0.3829365079365079,13.9375,54.0,0.17647058823529413,1.3717696864459934,0.8858848432229968,dirichlet_0.2,,
2888,0.5226648351648351,0.35813492063492064,15.0625,43.0,0.1111111111111111,0.8271296047268983,0.5374583688015582,dirichlet_0.2,,
2889,0.5499999999999999,0.3898809523809524,13.96875,53.0,0.3333333333333333,1.266813227555574,0.8334066137777869,dirichlet_0.2,,
2890,0.6321428571428571,0.4662698412698412,11.375,46.0,0.6666666666666666,1.100583368900622,0.6278753631718584,dirichlet_0.2,,
2891,0.7409798534798534,0.6041666666666666,8.71875,60.0,0.3333333333333333,1.113247235596121,0.5901250144221578,dirichlet_0.2,,
2892,0.5774725274725274,0.4166666666666667,13.375,51.0,0.3333333333333333,1.3391072361895087,0.8695536180947543,dirichlet_0.2,,
2893,0.6234432234432233,0.4851190476190476,10.84375,60.0,0.25,1.0701136722707763,0.6445705619379641,dirichlet_0.2,,
2894,0.5782967032967031,0.45734126984126977,11.15625,59.0,0.25,1.0470667409872907,0.48614760427221204,dirichlet_0.2,,
2895,0.6969322344322344,0.5228174603174603,11.25,49.0,0.5384615384615384,1.1211097910267254,0.5100605907766484,dirichlet_0.2,,
2896,0.6195970695970695,0.47420634920634924,11.78125,61.0,0.25,1.4448714815633183,0.922435740781659,dirichlet_0.2,,
2897,0.5459706959706959,0.38690476190476186,13.75,54.0,0.17647058823529413,0.9868527800215929,0.6839995582756958,dirichlet_0.2,,
2898,0.6160714285714285,0.4871031746031746,10.75,59.0,0.25,1.0296437454160567,0.5864214877162798,dirichlet_0.2,,
2899,0.5423076923076923,0.38690476190476186,13.71875,50.0,0.3333333333333333,0.8007856157285809,0.502208859685233,dirichlet_0.2,,
2900,0.2365384615384615,0.16666666666666666,18.0,55.0,0.1111111111111111,1.1698413408364874,0.5194974881789904,dirichlet_0.2,,
2901,0.6606227106227106,0.4811507936507936,11.75,53.0,0.3333333333333333,1.020387306160791,0.7101936530803956,dirichlet_0.2,,
2902,0.8192307692307691,0.6418650793650794,8.15625,29.0,0.6666666666666666,0.5289420269541703,0.38674320321038436,dirichlet_0.2,,
2903,0.2562271062271062,0.18154761904761904,18.03125,62.0,0.1111111111111111,1.2835080090769733,0.8417540045384866,dirichlet_0.2,,
2904,0.7982142857142858,0.6121031746031745,9.125,30.0,0.5384615384615384,0.5273439087829795,0.33678381779887284,dirichlet_0.2,,
2905,0.8207417582417582,0.6259920634920635,8.53125,32.0,0.3333333333333333,1.1706612417734599,0.78533062088673,dirichlet_0.2,,
2906,0.6826007326007325,0.5307539682539683,10.75,61.0,0.3333333333333333,1.2674398493622,0.8337199246811001,dirichlet_0.2,,
2907,0.6464743589743589,0.48214285714285715,11.375,44.0,0.6666666666666666,1.141249493384374,0.770624746692187,dirichlet_0.2,,
2908,0.8510531135531135,0.675595238095238,7.75,31.0,0.42857142857142855,1.0178488452127286,0.5141313456473545,dirichlet_0.2,,
2909,0.7174450549450548,0.5456349206349206,9.65625,43.0,0.25,0.7729310256615509,0.4777077036698721,dirichlet_0.2,,
2910,0.5743131868131867,0.4246031746031746,12.59375,42.0,0.6666666666666666,1.598636335618732,0.999318167809366,dirichlet_0.2,,
2911,0.6179029304029303,0.4722222222222222,11.84375,61.0,0.25,1.4511344573848879,0.925567228692444,dirichlet_0.2,,
2912,0.7382326007326007,0.5496031746031745,10.71875,33.0,0.3333333333333333,1.3869841622530585,0.8934920811265293,dirichlet_0.2,,
2913,0.8529304029304028,0.6686507936507936,7.625,33.0,0.3333333333333333,0.7971345535816761,0.4379874164666721,dirichlet_0.2,,
2914,0.7467490842490841,0.5793650793650793,9.65625,51.0,0.3333333333333333,1.022323635054784,0.6327527944701646,dirichlet_0.2,,
2915,0.2669871794871795,0.17857142857142855,17.3125,57.0,0.1111111111111111,0.9589902054056462,0.6412353853280649,dirichlet_0.2,,
2916,0.7834706959706959,0.7093253968253967,6.53125,58.0,0.6666666666666666,0.5345517178289904,0.39567885537861996,dirichlet_0.2,,
2917,0.7790750915750915,0.6537698412698413,8.0625,57.0,0.6666666666666666,0.962122881269829,0.5094115432185629,dirichlet_0.2,,
2918,0.43617216117216107,0.3263888888888889,14.09375,60.0,0.1111111111111111,1.192171369530914,0.654511888817566,dirichlet_0.2,,
2919,0.37687728937728937,0.2648809523809524,15.84375,53.0,0.17647058823529413,0.7943219070292702,0.5268487444742858,dirichlet_0.2,,
2920,0.6656135531135531,0.5158730158730158,10.875,61.0,0.3333333333333333,1.2967083972383064,0.8483541986191532,dirichlet_0.2,,
2921,0.741712454212454,0.613095238095238,8.4375,60.0,0.3333333333333333,1.0616317616532391,0.50285127185818,dirichlet_0.2,,
2922,0.6880494505494505,0.5386904761904762,10.09375,60.0,0.25,0.91775566776431,0.6588778338821549,dirichlet_0.2,,
2923,0.44523809523809516,0.31646825396825395,15.46875,54.0,0.1111111111111111,1.4114001279505415,0.9057000639752707,dirichlet_0.2,,
2924,0.22889194139194136,0.1597222222222222,18.15625,55.0,0.1111111111111111,1.1905765025999788,0.6488861140443525,dirichlet_0.2,,
2925,0.7280677655677655,0.5625,10.03125,41.0,0.6666666666666666,0.9343950401575914,0.44054703254601896,dirichlet_0.2,,
2926,0.7378205128205128,0.5912698412698413,9.59375,60.0,0.42857142857142855,1.0839491929580822,0.706266773827319,dirichlet_0.2,,
2927,0.4575549450549451,0.3253968253968254,15.1875,52.0,0.25,1.3897915708931379,0.894895785446569,dirichlet_0.2,,
2928,0.6895604395604394,0.5367063492063492,10.375,60.0,0.25,1.0168187846671495,0.7084093923335747,dirichlet_0.2,,
2929,0.7347985347985347,0.5535714285714286,9.75,31.0,0.6666666666666666,0.8965226898748925,0.563428083261854,dirichlet_0.2,,
2930,0.6591575091575091,0.4781746031746032,11.78125,35.0,0.25,0.9518052867330007,0.5097524297659,dirichlet_0.2,,
2931,0.7263736263736262,0.566468253968254,9.8125,41.0,0.6666666666666666,1.1813522085635548,0.7595418007082751,dirichlet_0.2,,
2932,0.6764194139194137,0.5089285714285714,10.34375,37.0,0.6666666666666666,0.9970713203821434,0.6870467449833438,dirichlet_0.2,,
2933,0.6448260073260073,0.47718253968253965,11.15625,43.0,0.6666666666666666,1.3292730514305422,0.864636525715271,dirichlet_0.2,,
2934,0.7830128205128205,0.6011904761904762,9.03125,32.0,0.5384615384615384,0.7169652237864558,0.4434683992353982,dirichlet_0.2,,
2935,0.8118131868131867,0.6626984126984127,7.59375,58.0,0.3333333333333333,0.7406135390901751,0.5171980548462555,dirichlet_0.2,,
2936,0.723672161172161,0.5704365079365079,9.8125,60.0,0.3333333333333333,1.0460670051540024,0.7230335025770012,dirichlet_0.2,,
2937,0.6518772893772893,0.49107142857142855,11.53125,45.0,0.3333333333333333,0.8510428974903406,0.48399576005999967,dirichlet_0.2,,
2938,0.1354395604395604,0.09722222222222222,19.03125,57.0,0.1111111111111111,1.2641736664428378,0.8320868332214189,dirichlet_0.2,,
2939,0.8087912087912087,0.6746031746031745,7.75,56.0,0.6666666666666666,0.9435348867392921,0.5237968293402141,dirichlet_0.2,,
2940,0.23264652014652012,0.16666666666666666,17.25,61.0,0.1111111111111111,1.2661818168080643,0.8330909084040321,dirichlet_0.2,,
2941,0.41272893772893765,0.2926587301587301,16.0625,54.0,0.17647058823529413,1.587920806223957,0.9939604031119785,dirichlet_0.2,,
2942,0.6990384615384615,0.5297619047619048,10.125,38.0,0.6666666666666666,0.9726482666727951,0.6410740727017535,dirichlet_0.2,,
2943,0.8139652014652013,0.628968253968254,8.3125,29.0,0.6666666666666666,0.5873640257014775,0.4062301611869685,dirichlet_0.2,,
2944,0.7283424908424907,0.550595238095238,10.3125,49.0,0.5384615384615384,1.1150297040792057,0.5323721237849635,dirichlet_0.2,,
2945,0.5229853479853479,0.36706349206349204,14.4375,53.0,0.3333333333333333,1.2764173509133303,0.8382086754566652,dirichlet_0.2,,
2946,0.6168956043956043,0.45436507936507936,11.65625,49.0,0.6666666666666666,1.148875293175954,0.6048327352287082,dirichlet_0.2,,
2947,0.12156593406593406,0.08333333333333333,19.125,62.0,0.1111111111111111,1.4068249021168073,0.9034124510584036,dirichlet_0.2,,
2948,0.17916666666666664,0.1329365079365079,18.71875,58.0,0.1111111111111111,1.2123201722850179,0.8061600861425089,dirichlet_0.2,,
2949,0.5617216117216116,0.43353174603174605,11.8125,60.0,0.17647058823529413,1.043680604537872,0.5276464037614539,dirichlet_0.2,,
2950,0.654120879120879,0.494047619047619,10.71875,58.0,0.25,1.1728288210703808,0.698979958189498,dirichlet_0.2,,
2951,0.6951007326007325,0.5228174603174603,11.125,49.0,0.5384615384615384,1.1398926894475272,0.5025505080963417,dirichlet_0.2,,
2952,0.8272435897435897,0.6865079365079364,6.90625,41.0,0.3333333333333333,0.4912053430341957,0.3578180897143541,dirichlet_0.2,,
2953,0.7395604395604394,0.5744047619047619,9.625,49.0,0.3333333333333333,1.0588809365871181,0.6268153954090431,dirichlet_0.2,,
2954,0.5471153846153846,0.40873015873015867,12.65625,52.0,0.1111111111111111,0.8528083742800715,0.4721283152728281,dirichlet_0.2,,
2955,0.7133241758241757,0.5615079365079365,10.09375,60.0,0.42857142857142855,1.0849500811977935,0.7424750405988967,dirichlet_0.2,,
2956,0.7258241758241758,0.5555555555555555,9.84375,46.0,0.5384615384615384,1.037591284147703,0.6272452654155607,dirichlet_0.2,,
2957,0.8493131868131867,0.689484126984127,7.28125,38.0,0.42857142857142855,1.2705765938704507,0.8352882969352253,dirichlet_0.2,,
2958,0.8930860805860804,0.7490079365079365,6.125,28.0,0.8181818181818182,0.7626718946495095,0.39145790950279835,dirichlet_0.2,,
2959,0.2193223443223443,0.1488095238095238,17.78125,61.0,0.17647058823529413,1.1653715493198171,0.6922349773534845,dirichlet_0.2,,
2960,0.4906593406593405,0.3482142857142857,14.84375,54.0,0.25,1.3845156138705796,0.8922578069352898,dirichlet_0.2,,
2961,0.654120879120879,0.4811507936507936,12.34375,49.0,0.42857142857142855,1.1434062835468064,0.6285344748078563,dirichlet_0.2,,
2962,0.4543498168498168,0.31845238095238093,15.28125,54.0,0.1111111111111111,1.3645921225427982,0.882296061271399,dirichlet_0.2,,
2963,0.7131868131868131,0.5634920634920635,10.09375,60.0,0.3333333333333333,1.1352069665109519,0.7676034832554759,dirichlet_0.2,,
2964,0.7158424908424909,0.5565476190476191,10.0,41.0,0.6666666666666666,1.1675153427092824,0.7707865560944122,dirichlet_0.2,,
2965,0.7496336996336994,0.5694444444444444,9.71875,49.0,0.5384615384615384,0.7868504931666347,0.3789330481352367,dirichlet_0.2,,
2966,0.6848443223443222,0.5248015873015873,10.65625,43.0,0.6666666666666666,1.0507788675176255,0.7139420923139886,dirichlet_0.2,,
2967,0.12417582417582416,0.09027777777777778,19.28125,60.0,0.1111111111111111,1.3424176390003029,0.8712088195001515,dirichlet_0.2,,
2968,0.8456043956043955,0.675595238095238,7.59375,37.0,0.3333333333333333,1.0432297798766208,0.65019315229924,dirichlet_0.2,,
2969,0.49262820512820504,0.35119047619047616,14.6875,52.0,0.17647058823529413,1.3521803209405991,0.8760901604702995,dirichlet_0.2,,
2970,0.6655677655677654,0.513888888888889,10.9375,59.0,0.42857142857142855,0.9372084949031074,0.572731363547716,dirichlet_0.2,,
2971,0.7509615384615383,0.5952380952380952,9.09375,60.0,0.3333333333333333,0.9422884152784994,0.6711442076392498,dirichlet_0.2,,
2972,0.2829212454212454,0.20833333333333334,17.0,56.0,0.1111111111111111,1.0872488215157814,0.6716686774989331,dirichlet_0.2,,
2973,0.2218406593406593,0.1626984126984127,17.375,61.0,0.1111111111111111,1.281944878286797,0.8409724391433985,dirichlet_0.2,,
2974,0.6238553113553112,0.4811507936507936,11.59375,61.0,0.25,1.273321838613368,0.8366609193066841,dirichlet_0.2,,
2975,0.5601648351648351,0.4037698412698412,12.71875,45.0,0.6666666666666666,1.5841457602443385,0.9920728801221693,dirichlet_0.2,,
2976,0.7975274725274725,0.617063492063492,9.34375,29.0,0.5384615384615384,0.7715930902750416,0.5495881539200652,dirichlet_0.2,,
2977,0.6163003663003663,0.48313492063492064,10.875,58.0,0.17647058823529413,0.7171266300092736,0.48476409061322645,dirichlet_0.2,,
2978,0.6643315018315017,0.4990079365079365,10.9375,47.0,0.6666666666666666,1.0125856461396805,0.56831999782926,dirichlet_0.2,,
2979,0.6571886446886446,0.5119047619047619,10.96875,61.0,0.25,1.3143666631732263,0.8571833315866131,dirichlet_0.2,,
2980,0.6559981684981684,0.48313492063492064,12.25,49.0,0.42857142857142855,1.0674371238980116,0.6192619775578856,dirichlet_0.2,,
2981,0.5978479853479853,0.4384920634920635,12.28125,44.0,0.6666666666666666,1.3107064333897882,0.8553532166948942,dirichlet_0.2,,
2982,0.658150183150183,0.4990079365079365,11.71875,41.0,0.5384615384615384,0.7645275800628336,0.48083398918711145,dirichlet_0.2,,
2983,0.499587912087912,0.35912698412698413,14.40625,51.0,0.3333333333333333,1.2440752508302602,0.82203762541513,dirichlet_0.2,,
2984,0.36565934065934064,0.2698412698412698,15.1875,60.0,0.1111111111111111,1.0846628656916986,0.7245895268345911,dirichlet_0.2,,
2985,0.6841117216117215,0.5148809523809523,10.46875,41.0,0.6666666666666666,1.1534623821561854,0.6008200555309122,dirichlet_0.2,,
2986,0.19505494505494506,0.1329365079365079,18.1875,60.0,0.1111111111111111,1.0882976810916376,0.7441488405458188,dirichlet_0.2,,
2987,0.5670329670329669,0.4126984126984126,12.53125,42.0,0.6666666666666666,1.537869011314564,0.9689345056572821,dirichlet_0.2,,
2988,0.59010989010989,0.431547619047619,12.34375,51.0,0.5384615384615384,1.1799987012154272,0.5428814552766497,dirichlet_0.2,,
2989,0.4569139194139194,0.306547619047619,15.59375,52.0,0.17647058823529413,0.7990867902444981,0.4859369210631631,dirichlet_0.2,,
2990,0.5882783882783882,0.4265873015873015,12.46875,45.0,0.6666666666666666,1.3349910985147295,0.8674955492573647,dirichlet_0.2,,
2991,0.7595238095238095,0.5853174603174602,9.40625,28.0,0.6666666666666666,0.9124661279141681,0.6562330639570841,dirichlet_0.2,,
2992,0.49711538461538457,0.3492063492063492,14.8125,54.0,0.17647058823529413,1.424917946302671,0.9124589731513356,dirichlet_0.2,,
2993,0.5701923076923077,0.4097222222222222,13.25,54.0,0.17647058823529413,1.2902206402160363,0.8451103201080182,dirichlet_0.2,,
2994,0.515521978021978,0.3908730158730158,12.71875,60.0,0.1111111111111111,0.9654676720705171,0.580404122022341,dirichlet_0.2,,
2995,0.7850274725274724,0.6785714285714285,7.21875,60.0,0.42857142857142855,0.7053344716984508,0.5019758986737062,dirichlet_0.2,,
2996,0.6669871794871793,0.5079365079365079,11.0,40.0,0.6666666666666666,1.2437877847270706,0.8218938923635353,dirichlet_0.2,,
2997,0.7466117216117215,0.5892857142857142,9.5625,44.0,0.6666666666666666,1.0061946201443979,0.7030973100721989,dirichlet_0.2,,
2998,0.5206043956043955,0.39880952380952384,12.75,53.0,0.1111111111111111,0.8623947905169754,0.5777922764270236,dirichlet_0.2,,
2999,0.706043956043956,0.5376984126984127,10.46875,44.0,0.6666666666666666,1.0548604222952291,0.7274302111476145,dirichlet_0.2,,
3000,0.9324175824175823,0.7896825396825398,4.875,18.0,0.5384615384615384,0.39999999999999997,0.25,one_at_a_time,media_score,0.0
3001,0.9548534798534798,0.8353174603174602,4.0,15.0,0.6666666666666666,0.29999999999999993,0.2375,one_at_a_time,media_score,0.05
3002,0.9804487179487179,0.8918650793650793,2.65625,9.0,0.8181818181818182,0.19999999999999998,0.225,one_at_a_time,media_score,0.1
3003,0.9952838827838826,0.9503968253968254,1.3125,4.0,1.0,0.09999999999999992,0.2125,one_at_a_time,media_score,0.15000000000000002
3004,0.9999999999999998,1.0,0.0,0.0,1.0,0.0,0.2,one_at_a_time,media_score,0.2
3005,0.9917582417582417,0.9325396825396824,1.75,7.0,0.8181818181818182,0.10000000000000003,0.25,one_at_a_time,media_score,0.25
3006,0.9707875457875457,0.865079365079365,3.21875,15.0,0.8181818181818182,0.20000000000000012,0.30000000000000004,one_at_a_time,media_score,0.30000000000000004
3007,0.9485347985347984,0.8115079365079365,4.5,17.0,0.8181818181818182,0.30000000000000016,0.35000000000000003,one_at_a_time,media_score,0.35000000000000003
3008,0.9093864468864469,0.7490079365079365,5.9375,25.0,0.6666666666666666,0.40000000000000013,0.4,one_at_a_time,media_score,0.4
3009,0.8653846153846154,0.6964285714285714,7.1875,35.0,0.5384615384615384,0.5,0.45,one_at_a_time,media_score,0.45
3010,0.8305402930402929,0.6498015873015873,8.0625,39.0,0.5384615384615384,0.6000000000000001,0.5,one_at_a_time,media_score,0.5
3011,0.7815934065934065,0.5982142857142857,9.28125,46.0,0.42857142857142855,0.7000000000000002,0.55,one_at_a_time,media_score,0.55
3012,0.7377747252747252,0.5565476190476191,10.25,49.0,0.3333333333333333,0.8000000000000003,0.6000000000000001,one_at_a_time,media_score,0.6000000000000001
3013,0.6861263736263735,0.5119047619047619,11.15625,51.0,0.3333333333333333,0.9000000000000001,0.65,one_at_a_time,media_score,0.65
3014,0.6438186813186813,0.47123015873015867,12.125,51.0,0.25,1.0,0.7000000000000001,one_at_a_time,media_score,0.7000000000000001
3015,0.6143315018315018,0.443452380952381,12.6875,52.0,0.25,1.0999999999999999,0.75,one_at_a_time,media_score,0.75
3016,0.568040293040293,0.40873015873015867,13.46875,53.0,0.25,1.2000000000000002,0.8,one_at_a_time,media_score,0.8
3017,0.5130494505494505,0.36507936507936506,14.40625,54.0,0.25,1.3000000000000005,0.8500000000000001,one_at_a_time,media_score,0.8500000000000001
3018,0.48539377289377283,0.34523809523809523,14.90625,54.0,0.25,1.4000000000000001,0.9,one_at_a_time,media_score,0.9
3019,0.4477106227106226,0.31547619047619047,15.59375,54.0,0.17647058823529413,1.5,0.9500000000000001,one_at_a_time,media_score,0.9500000000000001
3020,0.4094780219780219,0.29067460317460314,16.15625,54.0,0.17647058823529413,1.5999999999999999,1.0,one_at_a_time,media_score,1.0
3021,0.8626831501831501,0.7212301587301587,6.375,36.0,0.3333333333333333,0.39999999999999997,0.25,one_at_a_time,awards_score,0.0
3022,0.9222527472527472,0.798611111111111,4.78125,29.0,0.3333333333333333,0.29999999999999993,0.2375,one_at_a_time,awards_score,0.05
3023,0.9709706959706959,0.8799603174603174,2.96875,21.0,0.5384615384615384,0.19999999999999998,0.225,one_at_a_time,awards_score,0.1
3024,0.9941391941391939,0.9484126984126985,1.375,8.0,0.6666666666666666,0.09999999999999992,0.2125,one_at_a_time,awards_score,0.15000000000000002
3025,0.9999999999999998,1.0,0.0,0.0,1.0,0.0,0.2,one_at_a_time,awards_score,0.2
3026,0.9972527472527473,0.9662698412698413,1.0,5.0,1.0,0.10000000000000003,0.25,one_at_a_time,awards_score,0.25
3027,0.9912545787545786,0.9305555555555556,1.9375,7.0,0.8181818181818182,0.20000000000000012,0.30000000000000004,one_at_a_time,awards_score,0.30000000000000004
3028,0.9799450549450549,0.8878968253968254,2.9375,12.0,0.8181818181818182,0.30000000000000016,0.35000000000000003,one_at_a_time,awards_score,0.35000000000000003
3029,0.9654304029304027,0.8501984126984127,3.9375,15.0,0.6666666666666666,0.40000000000000013,0.4,one_at_a_time,awards_score,0.4
3030,0.9425824175824175,0.810515873015873,4.9375,22.0,0.6666666666666666,0.5,0.45,one_at_a_time,awards_score,0.45
3031,0.9095238095238094,0.7599206349206349,6.125,28.0,0.6666666666666666,0.6000000000000001,0.5,one_at_a_time,awards_score,0.5
3032,0.8675824175824175,0.7083333333333333,7.40625,32.0,0.6666666666666666,0.7000000000000002,0.55,one_at_a_time,awards_score,0.55
3033,0.8260531135531135,0.6646825396825397,8.28125,35.0,0.6666666666666666,0.8000000000000003,0.6000000000000001,one_at_a_time,awards_score,0.6000000000000001
3034,0.796657509157509,0.6329365079365079,8.84375,35.0,0.6666666666666666,0.9000000000000001,0.65,one_at_a_time,awards_score,0.65
3035,0.7557234432234432,0.5922619047619048,9.5,36.0,0.6666666666666666,1.0,0.7000000000000001,one_at_a_time,awards_score,0.7000000000000001
3036,0.6978479853479853,0.5446428571428571,10.46875,38.0,0.6666666666666666,1.0999999999999999,0.75,one_at_a_time,awards_score,0.75
3037,0.679120879120879,0.5277777777777777,10.75,38.0,0.6666666666666666,1.2000000000000002,0.8,one_at_a_time,awards_score,0.8
3038,0.664010989010989,0.513888888888889,10.90625,38.0,0.6666666666666666,1.3000000000000005,0.8500000000000001,one_at_a_time,awards_score,0.8500000000000001
3039,0.6230769230769231,0.47916666666666663,11.78125,41.0,0.6666666666666666,1.4000000000000001,0.9,one_at_a_time,awards_score,0.9
3040,0.5977106227106226,0.46031746031746035,12.21875,42.0,0.6666666666666666,1.5,0.9500000000000001,one_at_a_time,awards_score,0.9500000000000001
3041,0.5207765873923031,0.3883435573724045,13.0,50.5,0.6666666666666666,1.5999999999999999,1.0,one_at_a_time,awards_score,1.0
3042,0.8384615384615383,0.6666666666666666,8.25,26.0,0.8181818181818182,0.39999999999999997,0.25,one_at_a_time,expertise_score,0.0
3043,0.9139652014652013,0.761904761904762,6.09375,16.0,0.8181818181818182,0.29999999999999993,0.2375,one_at_a_time,expertise_score,0.05
3044,0.9695054945054943,0.8581349206349206,3.71875,10.0,1.0,0.19999999999999998,0.225,one_at_a_time,expertise_score,0.1
3045,0.9900183150183148,0.9265873015873015,2.03125,6.0,1.0,0.09999999999999992,0.2125,one_at_a_time,expertise_score,0.15000000000000002
3046,0.9999999999999998,1.0,0.0,0.0,1.0,0.0,0.2,one_at_a_time,expertise_score,0.2
3047,0.9923534798534799,0.9365079365079365,1.71875,8.0,0.6666666666666666,0.10000000000000003,0.25,one_at_a_time,expertise_score,0.25
3048,0.9689102564102563,0.8700396825396826,3.21875,21.0,0.6666666666666666,0.20000000000000012,0.30000000000000004,one_at_a_time,expertise_score,0.30000000000000004
3049,0.9360347985347984,0.816468253968254,4.40625,34.0,0.6666666666666666,0.30000000000000016,0.35000000000000003,one_at_a_time,expertise_score,0.35000000000000003
3050,0.9047619047619045,0.7728174603174602,5.40625,42.0,0.5384615384615384,0.40000000000000013,0.4,one_at_a_time,expertise_score,0.4
3051,0.8627289377289376,0.7222222222222222,6.40625,52.0,0.42857142857142855,0.5,0.45,one_at_a_time,expertise_score,0.45
3052,0.8195054945054944,0.675595238095238,7.375,58.0,0.42857142857142855,0.6000000000000001,0.5,one_at_a_time,expertise_score,0.5
3053,0.7826007326007325,0.6319444444444444,8.3125,58.0,0.3333333333333333,0.7000000000000002,0.55,one_at_a_time,expertise_score,0.55
3054,0.7543498168498168,0.5992063492063492,8.96875,58.0,0.3333333333333333,0.8000000000000003,0.6000000000000001,one_at_a_time,expertise_score,0.6000000000000001
3055,0.7325091575091575,0.5783730158730158,9.53125,60.0,0.3333333333333333,0.9000000000000001,0.65,one_at_a_time,expertise_score,0.65
3056,0.7148809523809523,0.5615079365079365,9.90625,60.0,0.3333333333333333,1.0,0.7000000000000001,one_at_a_time,expertise_score,0.7000000000000001
3057,0.6962912087912088,0.5446428571428571,10.3125,60.0,0.3333333333333333,1.1,0.75,one_at_a_time,expertise_score,0.75
3058,0.6686355311355311,0.5228174603174603,10.78125,61.0,0.3333333333333333,1.2000000000000002,0.8,one_at_a_time,expertise_score,0.8
3059,0.6568223443223442,0.5069444444444444,11.125,61.0,0.25,1.3000000000000003,0.8500000000000001,one_at_a_time,expertise_score,0.8500000000000001
3060,0.6464285714285712,0.4970238095238095,11.3125,61.0,0.25,1.4000000000000001,0.9,one_at_a_time,expertise_score,0.9
3061,0.6258241758241758,0.4811507936507936,11.75,61.0,0.25,1.5,0.9500000000000001,one_at_a_time,expertise_score,0.9500000000000001
3062,0.6201923076923077,0.47420634920634924,11.84375,61.0,0.25,1.6,1.0,one_at_a_time,expertise_score,1.0
3063,0.9711538461538459,0.8551587301587301,3.5,12.0,0.6666666666666666,0.39999999999999997,0.25,one_at_a_time,face_score,0.0
3064,0.9824633699633698,0.8908730158730158,2.6875,8.0,0.8181818181818182,0.29999999999999993,0.2375,one_at_a_time,face_score,0.05
3065,0.9902014652014651,0.9246031746031745,1.90625,7.0,0.8181818181818182,0.19999999999999998,0.225,one_at_a_time,face_score,0.1
3066,0.9972985347985347,0.9672619047619048,0.90625,4.0,1.0,0.09999999999999992,0.2125,one_at_a_time,face_score,0.15000000000000002
3067,0.9999999999999998,1.0,0.0,0.0,1.0,0.0,0.2,one_at_a_time,face_score,0.2
3068,0.9945970695970694,0.941468253968254,1.4375,6.0,0.8181818181818182,0.10000000000000003,0.25,one_at_a_time,face_score,0.25
3069,0.9836080586080587,0.8918650793650793,2.6875,7.0,0.5384615384615384,0.20000000000000012,0.30000000000000004,one_at_a_time,face_score,0.30000000000000004
3070,0.9498168498168498,0.8144841269841269,4.375,17.0,0.5384615384615384,0.30000000000000016,0.35000000000000003,one_at_a_time,face_score,0.35000000000000003
3071,0.8981684981684981,0.7321428571428571,6.15625,28.0,0.5384615384615384,0.40000000000000013,0.4,one_at_a_time,face_score,0.4
3072,0.8199175824175824,0.6408730158730158,8.125,35.0,0.42857142857142855,0.5,0.45,one_at_a_time,face_score,0.45
3073,0.7241300366300365,0.560515873015873,9.75,46.0,0.3333333333333333,0.6000000000000001,0.5,one_at_a_time,face_score,0.5
3074,0.6405677655677655,0.4851190476190476,11.21875,53.0,0.25,0.7000000000000001,0.55,one_at_a_time,face_score,0.55
3075,0.5322344322344322,0.3948412698412699,13.03125,60.0,0.25,0.8000000000000003,0.6000000000000001,one_at_a_time,face_score,0.6000000000000001
3076,0.4559523809523809,0.32936507936507936,14.375,60.0,0.17647058823529413,0.9000000000000001,0.65,one_at_a_time,face_score,0.65
3077,0.3667124542124542,0.2599206349206349,15.75,60.0,0.1111111111111111,1.0000000000000002,0.7000000000000001,one_at_a_time,face_score,0.7000000000000001
3078,0.2899267399267399,0.20337301587301587,16.90625,60.0,0.1111111111111111,1.1,0.75,one_at_a_time,face_score,0.75
3079,0.23681318681318678,0.16567460317460317,17.6875,60.0,0.1111111111111111,1.2000000000000002,0.8,one_at_a_time,face_score,0.8
3080,0.18466117216117214,0.1259920634920635,18.40625,61.0,0.1111111111111111,1.3000000000000003,0.8500000000000001,one_at_a_time,face_score,0.8500000000000001
3081,0.12394688644688644,0.0873015873015873,19.25,62.0,0.1111111111111111,1.4000000000000001,0.9,one_at_a_time,face_score,0.9
3082,0.08466117216117215,0.0615079365079365,19.78125,62.0,0.1111111111111111,1.5,0.9500000000000001,one_at_a_time,face_score,0.9500000000000001
3083,0.039926739926739924,0.02876984126984127,20.40625,62.0,0.1111111111111111,1.6,1.0,one_at_a_time,face_score,1.0
3084,0.8496794871794872,0.863095238095238,4.3125,48.0,0.8181818181818182,0.39999999999999997,0.25,one_at_a_time,communication_score,0.0
3085,0.9024725274725274,0.8928571428571428,3.375,44.0,1.0,0.29999999999999993,0.2375,one_at_a_time,communication_score,0.05
3086,0.9565934065934064,0.929563492063492,2.21875,29.0,1.0,0.19999999999999998,0.225,one_at_a_time,communication_score,0.1
3087,0.9900183150183148,0.9692460317460317,0.96875,17.0,1.0,0.09999999999999992,0.2125,one_at_a_time,communication_score,0.15000000000000002
3088,0.9999999999999998,1.0,0.0,0.0,1.0,0.0,0.2,one_at_a_time,communication_score,0.2
3089,0.9990384615384613,0.994047619047619,0.1875,6.0,1.0,0.10000000000000003,0.25,one_at_a_time,communication_score,0.25
3090,0.9990384615384613,0.994047619047619,0.1875,6.0,1.0,0.20000000000000012,0.30000000000000004,one_at_a_time,communication_score,0.30000000000000004
3091,0.9990384615384613,0.994047619047619,0.1875,6.0,1.0,0.30000000000000016,0.35000000000000003,one_at_a_time,communication_score,0.35000000000000003
3092,0.9990384615384613,0.994047619047619,0.1875,6.0,1.0,0.4000000000000001,0.4,one_at_a_time,communication_score,0.4
3093,0.9990384615384613,0.994047619047619,0.1875,6.0,1.0,0.5,0.45,one_at_a_time,communication_score,0.45
3094,0.9990384615384613,0.994047619047619,0.1875,6.0,1.0,0.6000000000000001,0.5,one_at_a_time,communication_score,0.5
3095,0.9990384615384613,0.994047619047619,0.1875,6.0,1.0,0.7000000000000002,0.55,one_at_a_time,communication_score,0.55
3096,0.9990384615384613,0.994047619047619,0.1875,6.0,1.0,0.8000000000000003,0.6000000000000001,one_at_a_time,communication_score,0.6000000000000001
3097,0.9990384615384613,0.994047619047619,0.1875,6.0,1.0,0.9000000000000001,0.65,one_at_a_time,communication_score,0.65
3098,0.9990384615384613,0.994047619047619,0.1875,6.0,1.0,1.0,0.7000000000000001,one_at_a_time,communication_score,0.7000000000000001
3099,0.9990384615384613,0.994047619047619,0.1875,6.0,1.0,1.1,0.75,one_at_a_time,communication_score,0.75
3100,0.9990384615384613,0.994047619047619,0.1875,6.0,1.0,1.2000000000000002,0.8,one_at_a_time,communication_score,0.8
3101,0.9990384615384613,0.994047619047619,0.1875,6.0,1.0,1.3000000000000003,0.8500000000000001,one_at_a_time,communication_score,0.8500000000000001
3102,0.9990384615384613,0.994047619047619,0.1875,6.0,1.0,1.4,0.9,one_at_a_time,communication_score,0.9
3103,0.9990384615384613,0.994047619047619,0.1875,6.0,1.0,1.5,0.9500000000000001,one_at_a_time,communication_score,0.9500000000000001
3104,0.39884764653313287,0.33003772075225213,14.28125,30.5,0.16666666666666666,1.6,1.0,one_at_a_time,communication_score,1.0
