scenario,spearman,kendall_tau_b,mean_abs_rank_shift,max_abs_rank_shift,top_k_jaccard,l1_from_equal,max_weight,family,varied_component,target_weight
0,0.9835796387520527,0.9153439153439152,1.0,4.0,0.8181818181818182,0.16419097301754706,0.25655193985962327,dirichlet_10,,
1,0.9764641488779421,0.8994708994708994,1.1428571428571428,6.0,1.0,0.2770182600050102,0.28090331478741387,dirichlet_10,,
2,0.9917898193760263,0.947089947089947,0.6428571428571429,3.0,0.8181818181818182,0.13027150322468878,0.2610340847334703,dirichlet_10,,
3,0.9792008757525997,0.8994708994708994,1.0714285714285714,5.0,0.8181818181818182,0.3050895490217679,0.3006307976048445,dirichlet_10,,
4,0.9819376026272578,0.9153439153439152,1.0,4.0,0.8181818181818182,0.19572593029122234,0.25624855216179115,dirichlet_10,,
5,0.9578544061302682,0.8465608465608466,1.7142857142857142,5.0,1.0,0.28683028728703674,0.31804697636151413,dirichlet_10,,
6,0.9430760810071154,0.8253968253968254,1.8571428571428572,8.0,0.8181818181818182,0.3262542323467266,0.2773852594997593,dirichlet_10,,
7,0.9660645867542419,0.8677248677248677,1.5,6.0,0.8181818181818182,0.3290756979398971,0.3016032321285674,dirichlet_10,,
8,0.9759168035030105,0.8941798941798942,1.0,5.0,0.8181818181818182,0.21652576668592205,0.2783351518838429,dirichlet_10,,
9,0.9896004378762999,0.9417989417989417,0.7857142857142857,3.0,1.0,0.09705624509132785,0.23143541303346765,dirichlet_10,,
10,0.9616858237547894,0.8677248677248677,1.5714285714285714,7.0,0.8181818181818182,0.3152212732592336,0.3099573000580658,dirichlet_10,,
11,0.9896004378762999,0.9576719576719577,0.5714285714285714,5.0,1.0,0.20725164591444445,0.2505893281842283,dirichlet_10,,
12,0.9655172413793103,0.8624338624338624,1.3571428571428572,5.0,0.8181818181818182,0.39274265258612057,0.35829333184090845,dirichlet_10,,
13,0.9874110563765736,0.9259259259259259,0.8571428571428571,3.0,0.8181818181818182,0.24674466665484393,0.2800898838812145,dirichlet_10,,
14,0.9824849480021893,0.9153439153439152,1.0714285714285714,4.0,0.8181818181818182,0.19973532706551828,0.2749486321267047,dirichlet_10,,
15,0.9885057471264367,0.9259259259259259,0.8571428571428571,3.0,0.6666666666666666,0.19870260362427508,0.2529986291044369,dirichlet_10,,
16,0.983032293377121,0.91005291005291,1.0,4.0,0.8181818181818182,0.32916317996364636,0.3363079246625885,dirichlet_10,,
17,0.9523809523809524,0.8306878306878307,1.7857142857142858,6.0,1.0,0.35135926829982134,0.29674565581522,dirichlet_10,,
18,0.9983579638752054,0.9841269841269842,0.21428571428571427,1.0,1.0,0.08757709143808573,0.22137647998694146,dirichlet_10,,
19,0.9441707717569787,0.8095238095238094,2.0714285714285716,6.0,0.6666666666666666,0.3838829274123944,0.3919414637061972,dirichlet_10,,
20,0.9928845101258894,0.9576719576719577,0.5714285714285714,3.0,0.8181818181818182,0.1107410855040368,0.24393719469601619,dirichlet_10,,
21,0.9917898193760263,0.947089947089947,0.6428571428571429,2.0,1.0,0.22732089188369436,0.30152425318842785,dirichlet_10,,
22,0.9950738916256158,0.9629629629629629,0.42857142857142855,2.0,1.0,0.09249703643516735,0.22213495986111076,dirichlet_10,,
23,0.9742747673782157,0.8941798941798942,1.2142857142857142,7.0,0.8181818181818182,0.3270942991327861,0.3117722002878251,dirichlet_10,,
24,0.994526546250684,0.9629629629629629,0.42857142857142855,2.0,1.0,0.0985751399478639,0.22533455936132377,dirichlet_10,,
25,0.9857690202517788,0.9259259259259259,0.9285714285714286,4.0,0.8181818181818182,0.15419784524692304,0.24810651550309348,dirichlet_10,,
26,0.9896004378762999,0.9365079365079365,0.7857142857142857,3.0,0.8181818181818182,0.11561012639596357,0.23451424520044725,dirichlet_10,,
27,0.980295566502463,0.91005291005291,1.0714285714285714,6.0,0.8181818181818182,0.21587385862079145,0.26753626029301386,dirichlet_10,,
28,0.9874110563765736,0.9312169312169312,0.7857142857142857,4.0,0.8181818181818182,0.1596026224980384,0.24851360421480978,dirichlet_10,,
29,0.9611384783798578,0.8730158730158729,1.3571428571428572,9.0,0.6666666666666666,0.26863125249107456,0.32214325089987,dirichlet_10,,
30,0.9819376026272578,0.91005291005291,1.0,4.0,0.8181818181818182,0.19665812543345979,0.27638337619522746,dirichlet_10,,
31,0.9611384783798578,0.8624338624338624,1.5,5.0,1.0,0.26582512758329585,0.2823241827322639,dirichlet_10,,
32,0.9885057471264367,0.9312169312169312,0.7857142857142857,4.0,0.8181818181818182,0.21253034242431496,0.30471449908812337,dirichlet_10,,
33,0.9857690202517788,0.9312169312169312,0.7142857142857143,5.0,0.8181818181818182,0.11589844179924741,0.2455886158951741,dirichlet_10,,
34,0.980295566502463,0.9153439153439152,0.9285714285714286,5.0,0.8181818181818182,0.23172576275459944,0.24869046950857965,dirichlet_10,,
35,0.9715380405035577,0.8835978835978835,1.3571428571428572,5.0,0.8181818181818182,0.18409280889955695,0.2920464044497785,dirichlet_10,,
36,0.9917898193760263,0.947089947089947,0.6428571428571429,3.0,0.8181818181818182,0.16253611453421465,0.2573353963609472,dirichlet_10,,
37,0.9759168035030105,0.8888888888888887,1.2857142857142858,5.0,0.8181818181818182,0.22769336577920202,0.2658292517509,dirichlet_10,,
38,0.9874110563765736,0.9365079365079365,0.7857142857142857,5.0,0.8181818181818182,0.2176931803377829,0.2551290304923201,dirichlet_10,,
39,0.9857690202517788,0.9206349206349207,0.9285714285714286,4.0,0.8181818181818182,0.18443315435978316,0.25111758934851824,dirichlet_10,,
40,0.9775588396278051,0.8941798941798942,1.2142857142857142,5.0,1.0,0.18203505058621708,0.2910175252931085,dirichlet_10,,
41,0.9792008757525997,0.91005291005291,1.1428571428571428,5.0,1.0,0.20514230619954077,0.26497666263243286,dirichlet_10,,
42,0.9644225506294472,0.8677248677248677,1.4285714285714286,6.0,0.8181818181818182,0.332035762658084,0.2841660781940998,dirichlet_10,,
43,0.980295566502463,0.8994708994708994,1.0714285714285714,4.0,0.8181818181818182,0.19725423142066922,0.2751315325178466,dirichlet_10,,
44,0.9813902572523261,0.9047619047619047,1.1428571428571428,4.0,1.0,0.16972233409139562,0.27785320883582876,dirichlet_10,,
45,0.990695128626163,0.9417989417989417,0.7142857142857143,2.0,0.8181818181818182,0.11316844558884634,0.23618452725045816,dirichlet_10,,
46,0.9770114942528736,0.8994708994708994,1.2857142857142858,4.0,1.0,0.17719682840697748,0.24974545876963541,dirichlet_10,,
47,0.9562123700054733,0.857142857142857,1.5,9.0,0.6666666666666666,0.35822478283037346,0.3202491391513494,dirichlet_10,,
48,0.983032293377121,0.9206349206349207,0.9285714285714286,5.0,1.0,0.11342326275431974,0.25416321138585024,dirichlet_10,,
49,0.9928845101258894,0.947089947089947,0.5714285714285714,2.0,1.0,0.05217356354760633,0.22606392448546608,dirichlet_10,,
50,0.9879584017515052,0.9365079365079365,0.7857142857142857,4.0,1.0,0.10763594620206557,0.2271538302998254,dirichlet_10,,
51,0.9775588396278051,0.8994708994708994,1.1428571428571428,5.0,0.8181818181818182,0.2625911195814058,0.28547214199887344,dirichlet_10,,
52,0.9912424740010948,0.9365079365079365,0.7142857142857143,3.0,0.8181818181818182,0.17050914932922698,0.24399538021509035,dirichlet_10,,
53,0.9682539682539683,0.8783068783068783,1.3571428571428572,6.0,0.8181818181818182,0.23984405745960427,0.25838581553965223,dirichlet_10,,
54,0.9616858237547894,0.8518518518518519,1.6428571428571428,7.0,0.8181818181818182,0.36250451135693795,0.27395155971789603,dirichlet_10,,
55,0.9874110563765736,0.9259259259259259,0.7142857142857143,4.0,1.0,0.11921250411925993,0.25960625205963,dirichlet_10,,
56,0.9726327312534209,0.8677248677248677,1.4285714285714286,4.0,0.6666666666666666,0.2534957665990938,0.2681079144588838,dirichlet_10,,
57,0.9863163656267103,0.9153439153439152,0.9285714285714286,3.0,0.8181818181818182,0.24572465380229405,0.2623023984955277,dirichlet_10,,
58,0.9846743295019157,0.9206349206349207,1.0,3.0,1.0,0.19420557704816765,0.2558577378109158,dirichlet_10,,
59,0.9819376026272578,0.9047619047619047,1.0714285714285714,4.0,0.8181818181818182,0.20195033434548998,0.25271021438139135,dirichlet_10,,
60,0.9759168035030105,0.8994708994708994,1.1428571428571428,7.0,0.8181818181818182,0.33971517055702166,0.36007007663533197,dirichlet_10,,
61,0.9901477832512315,0.947089947089947,0.6428571428571429,3.0,1.0,0.10875066137694847,0.21507786937545204,dirichlet_10,,
62,0.980295566502463,0.9047619047619047,1.1428571428571428,5.0,1.0,0.1769674882506577,0.26346550874922664,dirichlet_10,,
63,0.9934318555008209,0.9523809523809524,0.5714285714285714,2.0,1.0,0.08543397898442273,0.22906764756866876,dirichlet_10,,
64,0.9611384783798578,0.857142857142857,1.4285714285714286,6.0,1.0,0.24985211108988659,0.3241618604748214,dirichlet_10,,
65,0.9737274220032841,0.8994708994708994,1.2142857142857142,5.0,1.0,0.26900173876729583,0.25497006055654936,dirichlet_10,,
66,0.9085933223864259,0.7724867724867724,2.357142857142857,12.0,0.8181818181818182,0.3130017361900651,0.33267203822860597,dirichlet_10,,
67,0.9693486590038315,0.8730158730158729,1.2857142857142858,5.0,0.8181818181818182,0.26815542933286535,0.31851537436878813,dirichlet_10,,
68,0.9939792008757526,0.9629629629629629,0.5,3.0,0.8181818181818182,0.11114942315801493,0.2548389129218982,dirichlet_10,,
69,0.9337712096332785,0.8042328042328042,2.142857142857143,7.0,0.6666666666666666,0.40862012087619937,0.35177305689825317,dirichlet_10,,
70,0.9720853858784892,0.8888888888888887,1.2857142857142858,6.0,0.8181818181818182,0.3183301677807612,0.2911734408360704,dirichlet_10,,
71,0.9737274220032841,0.8835978835978835,1.2857142857142858,6.0,1.0,0.3867734477724816,0.337135987285277,dirichlet_10,,
72,0.9731800766283524,0.8783068783068783,1.3571428571428572,4.0,0.8181818181818182,0.2789746248295103,0.33948731241475516,dirichlet_10,,
73,0.9797482211275315,0.8994708994708994,1.2142857142857142,4.0,0.6666666666666666,0.24383222217018097,0.2657903624338571,dirichlet_10,,
74,0.9917898193760263,0.9576719576719577,0.5714285714285714,4.0,1.0,0.2539948045958035,0.2546606461318805,dirichlet_10,,
75,0.9890530925013684,0.9259259259259259,0.8571428571428571,3.0,0.8181818181818182,0.15868771632381035,0.25009177903748625,dirichlet_10,,
76,0.9770114942528736,0.8994708994708994,1.2142857142857142,5.0,0.8181818181818182,0.12136359835404642,0.26068179917702317,dirichlet_10,,
77,0.9896004378762999,0.9365079365079365,0.7142857142857143,3.0,0.8181818181818182,0.1600819345035312,0.24447482066546797,dirichlet_10,,
78,0.9764641488779421,0.9047619047619047,1.1428571428571428,7.0,0.8181818181818182,0.3085632972500034,0.3240595580854803,dirichlet_10,,
79,0.9343185550082101,0.8095238095238094,2.0,9.0,0.8181818181818182,0.2994317643691272,0.2859308200852669,dirichlet_10,,
80,0.9852216748768472,0.91005291005291,0.9285714285714286,3.0,0.8181818181818182,0.13339638165396106,0.2666981908269805,dirichlet_10,,
81,0.9813902572523261,0.91005291005291,1.1428571428571428,4.0,0.8181818181818182,0.23963088312848366,0.2955842255359389,dirichlet_10,,
82,0.980295566502463,0.91005291005291,1.0714285714285714,5.0,0.8181818181818182,0.23436810734114208,0.26254676710083724,dirichlet_10,,
83,0.980295566502463,0.9312169312169312,0.9285714285714286,7.0,0.8181818181818182,0.24491452298736707,0.3115355721826147,dirichlet_10,,
84,0.9786535303776682,0.8888888888888887,1.2857142857142858,4.0,0.6666666666666666,0.219804024067798,0.26606677145787383,dirichlet_10,,
85,0.9852216748768472,0.9153439153439152,0.9285714285714286,4.0,0.8181818181818182,0.25588632455330096,0.3113927002608236,dirichlet_10,,
86,0.9545703338806788,0.8412698412698412,1.5714285714285714,7.0,0.8181818181818182,0.30504361597631036,0.28077693419042127,dirichlet_10,,
87,0.9808429118773946,0.8994708994708994,1.1428571428571428,4.0,0.8181818181818182,0.22527373969019368,0.2640865577160015,dirichlet_10,,
88,0.9841269841269842,0.9259259259259259,0.8571428571428571,5.0,0.8181818181818182,0.15957283510198905,0.23556898598076495,dirichlet_10,,
89,0.9737274220032841,0.8677248677248677,1.3571428571428572,4.0,0.8181818181818182,0.2530940130111973,0.265949637716821,dirichlet_10,,
90,0.9688013136288999,0.8677248677248677,1.4285714285714286,7.0,0.6666666666666666,0.25710712090058563,0.2951425790688575,dirichlet_10,,
91,0.980295566502463,0.9047619047619047,1.0714285714285714,5.0,0.8181818181818182,0.24384290093014788,0.27491529116396907,dirichlet_10,,
92,0.9655172413793103,0.8677248677248677,1.4285714285714286,6.0,0.8181818181818182,0.27890183853962025,0.30745607283608134,dirichlet_10,,
93,0.9425287356321838,0.8148148148148148,2.142857142857143,7.0,0.5384615384615384,0.4109806959824983,0.34271646401863914,dirichlet_10,,
94,0.9819376026272578,0.91005291005291,1.0,5.0,0.8181818181818182,0.19201336423926738,0.24263332501922394,dirichlet_10,,
95,0.9469074986316366,0.8148148148148148,1.9285714285714286,8.0,0.8181818181818182,0.32779374119990456,0.29587570959430964,dirichlet_10,,
96,0.9808429118773946,0.91005291005291,1.1428571428571428,4.0,1.0,0.18297693589935313,0.2736082290408484,dirichlet_10,,
97,0.9080459770114943,0.7724867724867724,2.357142857142857,13.0,0.8181818181818182,0.43197050450243557,0.3631859452200878,dirichlet_10,,
98,0.9852216748768472,0.9259259259259259,0.9285714285714286,4.0,0.8181818181818182,0.17207441631907594,0.2728748591187602,dirichlet_10,,
99,0.9693486590038315,0.8835978835978835,1.2857142857142858,6.0,0.8181818181818182,0.26835722894590813,0.273072751811594,dirichlet_10,,
100,0.9693486590038315,0.8835978835978835,1.2142857142857142,7.0,0.6666666666666666,0.23330435030359548,0.3143367699387724,dirichlet_10,,
101,0.990695128626163,0.9417989417989417,0.6428571428571429,3.0,0.8181818181818182,0.19070486131942216,0.29122897669846864,dirichlet_10,,
102,0.9846743295019157,0.9206349206349207,0.9285714285714286,4.0,0.8181818181818182,0.15380136652161697,0.2417704566705573,dirichlet_10,,
103,0.9660645867542419,0.8835978835978835,1.3571428571428572,8.0,0.6666666666666666,0.21086753512691878,0.3025836349376321,dirichlet_10,,
104,0.9638752052545155,0.8624338624338624,1.5714285714285714,6.0,1.0,0.20883151678635364,0.28118525343653117,dirichlet_10,,
105,0.9085933223864259,0.7936507936507936,2.5714285714285716,11.0,0.8181818181818182,0.30586145107965423,0.2785639346162274,dirichlet_10,,
106,0.9731800766283524,0.8888888888888887,1.2857142857142858,6.0,0.8181818181818182,0.2577513180713,0.32887565903564997,dirichlet_10,,
107,0.9633278598795839,0.8677248677248677,1.5714285714285714,6.0,1.0,0.30640012460836086,0.2850603069511096,dirichlet_10,,
108,0.9392446633825944,0.8359788359788359,2.0714285714285716,9.0,0.8181818181818182,0.26951680133479466,0.2587592396085915,dirichlet_10,,
109,0.9819376026272578,0.91005291005291,1.1428571428571428,4.0,1.0,0.2434921074009549,0.27276097946097516,dirichlet_10,,
110,0.9682539682539683,0.857142857142857,1.4285714285714286,5.0,0.8181818181818182,0.2175652641529999,0.3087826320764999,dirichlet_10,,
111,0.9890530925013684,0.9312169312169312,0.8571428571428571,2.0,1.0,0.13396666154531275,0.2303058953504776,dirichlet_10,,
112,0.9726327312534209,0.8783068783068783,1.3571428571428572,6.0,0.6666666666666666,0.3109293387669333,0.2924907512494269,dirichlet_10,,
113,0.9627805145046523,0.857142857142857,1.6428571428571428,6.0,1.0,0.26787936145557545,0.3137881948906551,dirichlet_10,,
114,0.9726327312534209,0.8941798941798942,1.2142857142857142,5.0,0.8181818181818182,0.20901217930303503,0.2708619977298823,dirichlet_10,,
115,0.986863711001642,0.9259259259259259,0.7142857142857143,4.0,1.0,0.196854278970999,0.26127803711314096,dirichlet_10,,
116,0.9901477832512315,0.9417989417989417,0.7142857142857143,4.0,0.8181818181818182,0.2154382571554667,0.27833732739818595,dirichlet_10,,
117,0.9863163656267103,0.9365079365079365,0.7142857142857143,5.0,0.8181818181818182,0.18584781773008943,0.24675009752587498,dirichlet_10,,
118,0.9731800766283524,0.8941798941798942,1.2142857142857142,5.0,0.8181818181818182,0.2833208313519403,0.2809397676680492,dirichlet_10,,
119,0.9764641488779421,0.9153439153439152,1.0714285714285714,7.0,0.8181818181818182,0.2508559035627954,0.2720777829465856,dirichlet_10,,
120,0.9846743295019157,0.9259259259259259,0.9285714285714286,4.0,1.0,0.17891858178426795,0.2584256339080828,dirichlet_10,,
121,0.9912424740010948,0.9417989417989417,0.7857142857142857,3.0,0.8181818181818182,0.1534297567868212,0.25095031969289966,dirichlet_10,,
122,0.9808429118773946,0.91005291005291,1.0,5.0,0.8181818181818182,0.21013433565117534,0.2604954555919557,dirichlet_10,,
123,0.9742747673782157,0.8941798941798942,1.2142857142857142,6.0,0.8181818181818182,0.3338539674535019,0.29019785426972156,dirichlet_10,,
124,0.9890530925013684,0.9259259259259259,0.8571428571428571,3.0,0.8181818181818182,0.18985246614774146,0.2849004388373631,dirichlet_10,,
125,0.9846743295019157,0.9259259259259259,0.9285714285714286,3.0,0.8181818181818182,0.17386018811953183,0.25582776472692537,dirichlet_10,,
126,0.962233169129721,0.857142857142857,1.5714285714285714,6.0,1.0,0.21484944984991833,0.28565307717361016,dirichlet_10,,
127,0.9901477832512315,0.9417989417989417,0.7142857142857143,4.0,1.0,0.24011181908116902,0.31408449232049795,dirichlet_10,,
128,0.9890530925013684,0.9259259259259259,0.8571428571428571,3.0,0.6666666666666666,0.2602680718966393,0.2773168305002497,dirichlet_10,,
129,0.986863711001642,0.9206349206349207,0.9285714285714286,3.0,0.8181818181818182,0.1759585081727116,0.25080460589478687,dirichlet_10,,
130,0.9846743295019157,0.9206349206349207,0.9285714285714286,4.0,0.8181818181818182,0.20188888322276285,0.26833203003006895,dirichlet_10,,
131,0.9928845101258894,0.9523809523809524,0.5714285714285714,3.0,0.8181818181818182,0.10579227522318319,0.2514644148973517,dirichlet_10,,
132,0.9928845101258894,0.9523809523809524,0.5714285714285714,3.0,0.8181818181818182,0.16677551348856456,0.24213010409199895,dirichlet_10,,
133,0.983032293377121,0.91005291005291,1.0,4.0,0.8181818181818182,0.19977441876914948,0.25237177043329606,dirichlet_10,,
134,0.9698960043787629,0.8941798941798942,1.3571428571428572,7.0,0.8181818181818182,0.1763068398681592,0.2694504730045575,dirichlet_10,,
135,0.9693486590038315,0.8888888888888887,1.3571428571428572,7.0,0.8181818181818182,0.308080207270087,0.3320385166720568,dirichlet_10,,
136,0.9775588396278051,0.8941798941798942,1.2857142857142858,4.0,0.8181818181818182,0.1677481893718553,0.2523648970195226,dirichlet_10,,
137,0.9879584017515052,0.9365079365079365,0.8571428571428571,3.0,0.8181818181818182,0.12197558670774974,0.24167866957199616,dirichlet_10,,
138,0.9928845101258894,0.9523809523809524,0.5714285714285714,2.0,0.8181818181818182,0.14413508850547196,0.23627449274670623,dirichlet_10,,
139,0.9677066228790366,0.8624338624338624,1.5,5.0,1.0,0.24627010577493902,0.26981019712374904,dirichlet_10,,
140,0.9113300492610837,0.8095238095238094,2.357142857142857,12.0,0.8181818181818182,0.2519376027886202,0.258913210594624,dirichlet_10,,
141,0.9573070607553366,0.8465608465608466,1.7142857142857142,7.0,0.8181818181818182,0.34658809774024546,0.32848323249529576,dirichlet_10,,
142,0.980295566502463,0.9047619047619047,1.0,5.0,0.8181818181818182,0.3412854731281185,0.291597396362632,dirichlet_10,,
143,0.9698960043787629,0.8677248677248677,1.5714285714285714,4.0,0.8181818181818182,0.2502387706869494,0.29591736031842475,dirichlet_10,,
144,0.9589490968801313,0.8253968253968254,1.7142857142857142,5.0,0.8181818181818182,0.30920399838961854,0.2798845375688164,dirichlet_10,,
145,0.9759168035030105,0.8835978835978835,1.2857142857142858,5.0,1.0,0.2344506727591001,0.27754631132136287,dirichlet_10,,
146,0.9852216748768472,0.9312169312169312,0.8571428571428571,4.0,0.8181818181818182,0.17496534983046597,0.24830896317583115,dirichlet_10,,
147,0.9835796387520527,0.91005291005291,1.0,3.0,0.8181818181818182,0.21095261678829214,0.29931318352786096,dirichlet_10,,
148,0.9786535303776682,0.8941798941798942,1.1428571428571428,5.0,0.8181818181818182,0.11598994430051204,0.2518081807607513,dirichlet_10,,
149,0.9742747673782157,0.8888888888888887,1.3571428571428572,4.0,1.0,0.21235183673170163,0.26207162953438956,dirichlet_10,,
150,0.986863711001642,0.9312169312169312,0.8571428571428571,3.0,0.8181818181818182,0.1588325874362429,0.23669152553291703,dirichlet_10,,
151,0.9835796387520527,0.9153439153439152,1.0,4.0,0.6666666666666666,0.32181407893629566,0.3608136319543475,dirichlet_10,,
152,0.9896004378762999,0.9365079365079365,0.7857142857142857,4.0,0.8181818181818182,0.09969156520999953,0.24870967454997905,dirichlet_10,,
153,0.9824849480021893,0.91005291005291,1.0714285714285714,4.0,0.8181818181818182,0.329048435402583,0.33441495126695775,dirichlet_10,,
154,0.975369458128079,0.8835978835978835,1.2857142857142858,5.0,0.8181818181818182,0.19246784818984838,0.27418059566336117,dirichlet_10,,
155,0.9698960043787629,0.8994708994708994,1.2142857142857142,8.0,0.8181818181818182,0.1552259859444924,0.2643819986236929,dirichlet_10,,
156,0.9627805145046523,0.8677248677248677,1.5,6.0,1.0,0.35283783607534536,0.33517765685755513,dirichlet_10,,
157,0.9304871373836892,0.798941798941799,2.0714285714285716,10.0,0.8181818181818182,0.3785149162869329,0.33536707061861415,dirichlet_10,,
158,0.980295566502463,0.9047619047619047,1.0714285714285714,5.0,1.0,0.19600698186322008,0.25893784848695667,dirichlet_10,,
159,0.9874110563765736,0.9259259259259259,0.8571428571428571,4.0,0.8181818181818182,0.11116460022892097,0.23658601642661153,dirichlet_10,,
160,0.9742747673782157,0.8888888888888887,1.2142857142857142,5.0,0.8181818181818182,0.260133045289633,0.2856128807911239,dirichlet_10,,
161,0.9551176792556102,0.8465608465608466,1.7142857142857142,7.0,0.8181818181818182,0.20156450162055764,0.2778540242521103,dirichlet_10,,
162,0.9939792008757526,0.9576719576719577,0.5,2.0,0.8181818181818182,0.07337866281416605,0.22046225964975313,dirichlet_10,,
163,0.986863711001642,0.9153439153439152,0.8571428571428571,3.0,0.6666666666666666,0.13956785648407852,0.2474648609096403,dirichlet_10,,
164,0.9797482211275315,0.9047619047619047,1.1428571428571428,5.0,0.8181818181818182,0.20250515960711626,0.2467590188169729,dirichlet_10,,
165,0.9863163656267103,0.9259259259259259,0.9285714285714286,4.0,0.8181818181818182,0.18476284948307667,0.26308366884496664,dirichlet_10,,
166,0.9950738916256158,0.9629629629629629,0.5,2.0,1.0,0.07755765698050812,0.23738516149839603,dirichlet_10,,
167,0.9594964422550629,0.8888888888888887,1.3571428571428572,9.0,0.8181818181818182,0.3145146624712971,0.27389017058796206,dirichlet_10,,
168,0.9781061850027366,0.8941798941798942,1.2142857142857142,4.0,0.8181818181818182,0.21826497581708512,0.2663852333195762,dirichlet_10,,
169,0.9523809523809524,0.8624338624338624,1.7142857142857142,9.0,0.8181818181818182,0.2700622064145832,0.31269784367443626,dirichlet_10,,
170,0.9852216748768472,0.9206349206349207,1.0,4.0,1.0,0.2315645478547314,0.3157822739273657,dirichlet_10,,
171,0.9835796387520527,0.9206349206349207,0.9285714285714286,5.0,1.0,0.16295283097096555,0.2530570330636945,dirichlet_10,,
172,0.9928845101258894,0.9523809523809524,0.5714285714285714,2.0,1.0,0.10074269741788705,0.2498239169367765,dirichlet_10,,
173,0.9666119321291735,0.8730158730158729,1.3571428571428572,6.0,0.8181818181818182,0.26612772591791434,0.2721442455884313,dirichlet_10,,
174,0.8905309250136835,0.7460317460317459,2.642857142857143,14.0,0.8181818181818182,0.4274284244321447,0.36943668345264175,dirichlet_10,,
175,0.994526546250684,0.9629629629629629,0.5,3.0,0.8181818181818182,0.07961504854570345,0.2398075242728517,dirichlet_10,,
176,0.9715380405035577,0.8835978835978835,1.3571428571428572,7.0,0.6666666666666666,0.2738274060205924,0.2585765850888973,dirichlet_10,,
177,0.9879584017515052,0.9365079365079365,0.8571428571428571,3.0,0.8181818181818182,0.16368711106813152,0.2590589728941617,dirichlet_10,,
178,0.9512862616310892,0.8359788359788359,1.7142857142857142,6.0,0.8181818181818182,0.29479813504736524,0.2508678424653475,dirichlet_10,,
179,0.9682539682539683,0.9047619047619047,1.2857142857142858,8.0,0.8181818181818182,0.1527455098549516,0.24292442767500383,dirichlet_10,,
180,0.9682539682539683,0.857142857142857,1.4285714285714286,5.0,0.8181818181818182,0.21738567462358807,0.2978628062131134,dirichlet_10,,
181,0.9518336070060207,0.8465608465608466,1.6428571428571428,8.0,0.8181818181818182,0.2675974588729527,0.29603501282212236,dirichlet_10,,
182,0.9764641488779421,0.9047619047619047,1.1428571428571428,7.0,0.8181818181818182,0.33604090827586497,0.328637888138101,dirichlet_10,,
183,0.922824302134647,0.7936507936507936,2.142857142857143,8.0,1.0,0.4016620594410495,0.3041658693448661,dirichlet_10,,
184,0.9879584017515052,0.9259259259259259,0.8571428571428571,4.0,0.8181818181818182,0.14990570363820266,0.257785631122013,dirichlet_10,,
185,0.9841269841269842,0.9365079365079365,0.8571428571428571,6.0,0.8181818181818182,0.17836352586208262,0.2891817629310413,dirichlet_10,,
186,0.980295566502463,0.9047619047619047,1.0714285714285714,5.0,0.8181818181818182,0.16007262988464172,0.24303288768903805,dirichlet_10,,
187,0.9792008757525997,0.8994708994708994,1.2142857142857142,4.0,0.8181818181818182,0.17913908045706203,0.27889882106389813,dirichlet_10,,
188,0.962233169129721,0.8677248677248677,1.5,8.0,0.8181818181818182,0.2746327583099785,0.31114808539603883,dirichlet_10,,
189,0.9742747673782157,0.8941798941798942,1.2142857142857142,7.0,0.6666666666666666,0.25032721331032254,0.28851431423228224,dirichlet_10,,
190,0.9841269841269842,0.9206349206349207,0.8571428571428571,5.0,0.8181818181818182,0.1593537521528548,0.24974740003010426,dirichlet_10,,
191,0.983032293377121,0.9153439153439152,1.0,5.0,0.8181818181818182,0.18961780722658558,0.25641412807318326,dirichlet_10,,
192,0.9863163656267103,0.9312169312169312,0.8571428571428571,5.0,1.0,0.20100585990521233,0.27654255708974107,dirichlet_10,,
193,0.9824849480021893,0.9153439153439152,1.1428571428571428,4.0,1.0,0.12100975995680596,0.24585316215999767,dirichlet_10,,
194,0.9731800766283524,0.8835978835978835,1.3571428571428572,5.0,0.8181818181818182,0.22931716305229913,0.2924063011523478,dirichlet_10,,
195,0.9759168035030105,0.8730158730158729,1.2857142857142858,4.0,0.6666666666666666,0.19402190235861763,0.23320683020211846,dirichlet_10,,
196,0.9792008757525997,0.8994708994708994,1.1428571428571428,4.0,0.8181818181818182,0.17655140114967036,0.25786705848669583,dirichlet_10,,
197,0.9759168035030105,0.8941798941798942,1.1428571428571428,7.0,0.6666666666666666,0.2749547840393212,0.28120597874272446,dirichlet_10,,
198,0.996168582375479,0.9735449735449735,0.35714285714285715,2.0,1.0,0.11860936623002297,0.25797631098958407,dirichlet_10,,
199,0.9534756431308156,0.8465608465608466,1.6428571428571428,8.0,0.8181818181818182,0.1996515482287723,0.29208572498274693,dirichlet_10,,
200,0.9824849480021893,0.9153439153439152,1.0,5.0,0.8181818181818182,0.2174795950413628,0.28719337196428696,dirichlet_10,,
201,0.9764641488779421,0.91005291005291,1.0714285714285714,7.0,0.8181818181818182,0.30438876996856334,0.3183170822635706,dirichlet_10,,
202,0.9759168035030105,0.8835978835978835,1.2142857142857142,5.0,0.8181818181818182,0.17686139247279295,0.2863970271248213,dirichlet_10,,
203,0.9841269841269842,0.91005291005291,0.9285714285714286,4.0,0.8181818181818182,0.17744715366843827,0.2874876187505927,dirichlet_10,,
204,0.950191570881226,0.857142857142857,1.7857142857142858,9.0,0.8181818181818182,0.2222931617634041,0.24636885971911038,dirichlet_10,,
205,0.9737274220032841,0.8994708994708994,1.2142857142857142,7.0,0.8181818181818182,0.3300826046079251,0.3650413023039625,dirichlet_10,,
206,0.9677066228790366,0.8730158730158729,1.5,6.0,1.0,0.19045704815275605,0.29522852407637795,dirichlet_10,,
207,0.9715380405035577,0.8783068783068783,1.3571428571428572,5.0,0.8181818181818182,0.1982758220730803,0.27381523246277206,dirichlet_10,,
208,0.9857690202517788,0.9206349206349207,0.9285714285714286,4.0,0.8181818181818182,0.43955061230266623,0.41860818166134656,dirichlet_10,,
209,0.9841269841269842,0.9206349206349207,0.9285714285714286,3.0,0.8181818181818182,0.20257892490309265,0.27095199496832534,dirichlet_10,,
210,0.980295566502463,0.9047619047619047,1.0714285714285714,5.0,1.0,0.188032919030447,0.28069884114078014,dirichlet_10,,
211,0.9786535303776682,0.8941798941798942,1.0714285714285714,5.0,0.8181818181818182,0.2627648058785267,0.2665561814943644,dirichlet_10,,
212,0.9381499726327313,0.8306878306878307,1.9285714285714286,10.0,0.8181818181818182,0.1846478771073604,0.27905762068261164,dirichlet_10,,
213,0.9584017515051997,0.8518518518518519,1.6428571428571428,7.0,0.8181818181818182,0.39861882902588025,0.3333228862833564,dirichlet_10,,
214,0.9600437876299945,0.8677248677248677,1.4285714285714286,7.0,0.8181818181818182,0.22306341761755183,0.24640953492708573,dirichlet_10,,
215,0.983032293377121,0.9153439153439152,1.0,5.0,0.8181818181818182,0.2190479218382687,0.263694121182689,dirichlet_10,,
216,0.9852216748768472,0.9312169312169312,0.7857142857142857,5.0,0.8181818181818182,0.18102288107336323,0.2529104512309321,dirichlet_10,,
217,0.983032293377121,0.9047619047619047,0.9285714285714286,4.0,1.0,0.2519858070542157,0.29366506773209533,dirichlet_10,,
218,0.9655172413793103,0.857142857142857,1.5,6.0,1.0,0.2997248461139584,0.3370528812989654,dirichlet_10,,
219,0.88232074438971,0.7566137566137565,2.7142857142857144,14.0,0.8181818181818182,0.2747237288937924,0.3150097150303801,dirichlet_10,,
220,0.9660645867542419,0.8888888888888887,1.2857142857142858,8.0,0.8181818181818182,0.3079614690586644,0.28657273299533575,dirichlet_10,,
221,0.9808429118773946,0.9047619047619047,1.1428571428571428,4.0,0.8181818181818182,0.19879537402373185,0.2619674625058707,dirichlet_10,,
222,0.9775588396278051,0.91005291005291,1.1428571428571428,6.0,1.0,0.250470421923746,0.3003032416396538,dirichlet_10,,
223,0.9715380405035577,0.8677248677248677,1.3571428571428572,5.0,0.8181818181818182,0.34939085700758893,0.3489388021356398,dirichlet_10,,
224,0.962233169129721,0.857142857142857,1.5,6.0,1.0,0.2716804748032799,0.3070607759797607,dirichlet_10,,
225,0.994526546250684,0.9682539682539683,0.42857142857142855,3.0,0.8181818181818182,0.20214216196261525,0.28975428345375115,dirichlet_10,,
226,0.9934318555008209,0.9523809523809524,0.5,2.0,1.0,0.09913961542526042,0.24210834818577104,dirichlet_10,,
227,0.9890530925013684,0.9417989417989417,0.7142857142857143,4.0,1.0,0.25133444114233483,0.25729557933862385,dirichlet_10,,
228,0.9764641488779421,0.91005291005291,1.0714285714285714,7.0,0.8181818181818182,0.12974555961356268,0.23945170674394747,dirichlet_10,,
229,0.9573070607553366,0.8465608465608466,1.7142857142857142,7.0,0.8181818181818182,0.3443650330078296,0.33398401212972867,dirichlet_10,,
230,0.9764641488779421,0.8994708994708994,1.0714285714285714,7.0,0.6666666666666666,0.24285604781139233,0.2847536900664699,dirichlet_10,,
231,0.9649698960043787,0.8624338624338624,1.5714285714285714,6.0,1.0,0.29201830798552114,0.28394254245453504,dirichlet_10,,
232,0.9824849480021893,0.9153439153439152,1.0,5.0,0.8181818181818182,0.23112740734934886,0.2685610281884334,dirichlet_10,,
233,0.9857690202517788,0.9259259259259259,0.7857142857142857,4.0,0.8181818181818182,0.16398943892708817,0.23980955551142163,dirichlet_10,,
234,0.9715380405035577,0.8730158730158729,1.4285714285714286,4.0,0.8181818181818182,0.2861278192892854,0.34306390964464273,dirichlet_10,,
235,0.9737274220032841,0.8994708994708994,1.2142857142857142,6.0,0.8181818181818182,0.20212586523990253,0.25932766598008666,dirichlet_10,,
236,0.9879584017515052,0.9312169312169312,0.7142857142857143,3.0,0.8181818181818182,0.2686183714348422,0.33113678194077656,dirichlet_10,,
237,0.9748221127531472,0.8941798941798942,1.1428571428571428,7.0,0.6666666666666666,0.26300738615645713,0.32936058503846427,dirichlet_10,,
238,0.9764641488779421,0.8783068783068783,1.2857142857142858,4.0,0.6666666666666666,0.23526758819857999,0.24861414600086665,dirichlet_10,,
239,0.9852216748768472,0.9259259259259259,0.9285714285714286,5.0,0.8181818181818182,0.19746511128108168,0.2987325556405408,dirichlet_10,,
240,0.9764641488779421,0.8941798941798942,1.1428571428571428,5.0,0.8181818181818182,0.2927388794724195,0.2803528043376262,dirichlet_10,,
241,0.9737274220032841,0.8835978835978835,1.1428571428571428,5.0,0.8181818181818182,0.3176312229343542,0.28337378539324765,dirichlet_10,,
242,0.975369458128079,0.8888888888888887,1.1428571428571428,6.0,0.8181818181818182,0.22260832002741948,0.27316364523655834,dirichlet_10,,
243,0.986863711001642,0.9259259259259259,0.9285714285714286,3.0,1.0,0.12365590806811819,0.24513798284425478,dirichlet_10,,
244,0.9901477832512315,0.9365079365079365,0.7142857142857143,3.0,0.6666666666666666,0.16082044205303742,0.23607384883380847,dirichlet_10,,
245,0.9885057471264367,0.9365079365079365,0.7857142857142857,4.0,1.0,0.12063003001539233,0.23582711849812632,dirichlet_10,,
246,0.9890530925013684,0.9259259259259259,0.8571428571428571,3.0,0.8181818181818182,0.19780594010248756,0.2618768604034924,dirichlet_10,,
247,0.9934318555008209,0.9523809523809524,0.6428571428571429,3.0,0.8181818181818182,0.14986718510687336,0.2637420447226463,dirichlet_10,,
248,0.9901477832512315,0.9417989417989417,0.7142857142857143,3.0,0.8181818181818182,0.14178917988998818,0.25185590584930956,dirichlet_10,,
249,0.9709906951286261,0.91005291005291,1.2142857142857142,8.0,0.8181818181818182,0.14780255438725076,0.22993921623024258,dirichlet_10,,
250,0.9863163656267103,0.9312169312169312,0.8571428571428571,4.0,0.8181818181818182,0.17025918728254638,0.2747447384636637,dirichlet_10,,
251,0.9781061850027366,0.8994708994708994,1.1428571428571428,5.0,0.8181818181818182,0.2578733250224945,0.31342960957690225,dirichlet_10,,
252,0.9704433497536945,0.8783068783068783,1.3571428571428572,7.0,0.6666666666666666,0.2940321673355412,0.33002749438255924,dirichlet_10,,
253,0.9874110563765736,0.9365079365079365,0.7857142857142857,3.0,1.0,0.18702321764342708,0.23948633679149325,dirichlet_10,,
254,0.9688013136288999,0.8783068783068783,1.4285714285714286,6.0,1.0,0.2987956091354372,0.3168392340590449,dirichlet_10,,
255,0.9813902572523261,0.9153439153439152,1.0,6.0,0.8181818181818182,0.1652095721902881,0.26331809103291637,dirichlet_10,,
256,0.9452654625068418,0.857142857142857,1.5714285714285714,11.0,0.6666666666666666,0.36083467325366286,0.3541129599407781,dirichlet_10,,
257,0.9956212370005473,0.9629629629629629,0.5,2.0,0.8181818181818182,0.11217967822704722,0.23532250167057484,dirichlet_10,,
258,0.975369458128079,0.8888888888888887,1.2857142857142858,5.0,0.8181818181818182,0.36408891307383606,0.3000258499507544,dirichlet_10,,
259,0.9917898193760263,0.9523809523809524,0.6428571428571429,3.0,1.0,0.14659431704056045,0.24723842495778553,dirichlet_10,,
260,0.9808429118773946,0.9153439153439152,1.0714285714285714,5.0,1.0,0.2135548428160305,0.278129423991515,dirichlet_10,,
261,0.9688013136288999,0.8730158730158729,1.2857142857142858,5.0,0.8181818181818182,0.345668293807664,0.31658202834013766,dirichlet_10,,
262,0.9578544061302682,0.8465608465608466,1.5714285714285714,6.0,1.0,0.2631021049191162,0.33155105245955807,dirichlet_10,,
263,0.9841269841269842,0.9153439153439152,1.0714285714285714,3.0,1.0,0.13391266512137434,0.24696895889828568,dirichlet_10,,
264,0.9824849480021893,0.91005291005291,1.0714285714285714,4.0,0.6666666666666666,0.14662929843599565,0.23791515427330287,dirichlet_10,,
265,0.9742747673782157,0.8835978835978835,1.2142857142857142,6.0,1.0,0.33113428806512135,0.3148992373887086,dirichlet_10,,
266,0.9764641488779421,0.8888888888888887,1.2857142857142858,5.0,1.0,0.2181512032714712,0.3090756016357356,dirichlet_10,,
267,0.994526546250684,0.9576719576719577,0.5,2.0,1.0,0.16160091239338054,0.2722057616243914,dirichlet_10,,
268,0.9890530925013684,0.9365079365079365,0.7142857142857143,3.0,0.8181818181818182,0.17174079681737778,0.24196599260317483,dirichlet_10,,
269,0.9923371647509577,0.9523809523809524,0.5714285714285714,3.0,0.8181818181818182,0.12824473075077825,0.23432630542495245,dirichlet_10,,
270,0.990695128626163,0.9365079365079365,0.6428571428571429,3.0,0.8181818181818182,0.11138495980117769,0.2317599129083621,dirichlet_10,,
271,0.986863711001642,0.9523809523809524,0.6428571428571429,6.0,0.8181818181818182,0.17183755415164434,0.2859187770758221,dirichlet_10,,
272,0.994526546250684,0.9523809523809524,0.5714285714285714,2.0,0.8181818181818182,0.09851973958943311,0.22799286319331938,dirichlet_10,,
273,0.9819376026272578,0.9153439153439152,1.0714285714285714,4.0,0.8181818181818182,0.14304550293174187,0.24611065418684433,dirichlet_10,,
274,0.9781061850027366,0.8994708994708994,1.1428571428571428,5.0,0.8181818181818182,0.18235740852095916,0.25363540107307825,dirichlet_10,,
275,0.9923371647509577,0.947089947089947,0.6428571428571429,2.0,1.0,0.09443019847145923,0.2199548656789859,dirichlet_10,,
276,0.9764641488779421,0.8994708994708994,1.1428571428571428,6.0,1.0,0.22667209586806103,0.2807067232925709,dirichlet_10,,
277,0.9649698960043787,0.8835978835978835,1.3571428571428572,8.0,0.6666666666666666,0.21883819388534578,0.2607676596542666,dirichlet_10,,
278,0.9956212370005473,0.9735449735449735,0.35714285714285715,3.0,0.8181818181818182,0.14793157721608127,0.24226822540074977,dirichlet_10,,
279,0.9775588396278051,0.8941798941798942,1.2857142857142858,4.0,0.6666666666666666,0.2902050970756185,0.2835890206095986,dirichlet_10,,
280,0.9863163656267103,0.9259259259259259,0.9285714285714286,4.0,0.8181818181818182,0.08159571744170485,0.24079785872085233,dirichlet_10,,
281,0.9720853858784892,0.8783068783068783,1.2857142857142858,7.0,0.6666666666666666,0.25429835149270397,0.3171844593631973,dirichlet_10,,
282,0.9841269841269842,0.9259259259259259,0.7857142857142857,5.0,0.8181818181818182,0.14498546341395602,0.2310001110936455,dirichlet_10,,
283,0.9912424740010948,0.9417989417989417,0.7142857142857143,2.0,0.8181818181818182,0.15371963284296639,0.25755175380434836,dirichlet_10,,
284,0.9879584017515052,0.9312169312169312,0.7857142857142857,4.0,0.8181818181818182,0.21090505502798818,0.2543600098214853,dirichlet_10,,
285,0.9731800766283524,0.8888888888888887,1.3571428571428572,5.0,0.6666666666666666,0.30313808083891575,0.30355055818357446,dirichlet_10,,
286,0.9195402298850575,0.8095238095238094,2.2857142857142856,11.0,0.8181818181818182,0.22676249162089068,0.29000648980610705,dirichlet_10,,
287,0.9556650246305418,0.8306878306878307,1.7857142857142858,5.0,0.8181818181818182,0.33898967043330525,0.29070437953530137,dirichlet_10,,
288,0.9835796387520527,0.9206349206349207,0.9285714285714286,4.0,0.8181818181818182,0.1549098820866657,0.2757145424537445,dirichlet_10,,
289,0.9841269841269842,0.9153439153439152,0.9285714285714286,4.0,1.0,0.24647620902597162,0.29179788474184093,dirichlet_10,,
290,0.9726327312534209,0.8783068783068783,1.4285714285714286,4.0,0.8181818181818182,0.1540748857215194,0.26663511414631563,dirichlet_10,,
291,0.9819376026272578,0.9365079365079365,0.7857142857142857,7.0,0.8181818181818182,0.2767506552081714,0.29765719496332815,dirichlet_10,,
292,0.9863163656267103,0.9206349206349207,0.9285714285714286,3.0,0.6666666666666666,0.19470487134187506,0.28515849074017635,dirichlet_10,,
293,0.9874110563765736,0.9259259259259259,0.9285714285714286,3.0,0.6666666666666666,0.193813985199362,0.28435328682013566,dirichlet_10,,
294,0.9923371647509577,0.947089947089947,0.6428571428571429,2.0,1.0,0.13127937583367133,0.23171010380761609,dirichlet_10,,
295,0.9638752052545155,0.8624338624338624,1.5714285714285714,5.0,0.8181818181818182,0.43983531502132883,0.40364772499496926,dirichlet_10,,
296,0.9813902572523261,0.91005291005291,1.0,5.0,0.8181818181818182,0.33396893527498783,0.29134386451411515,dirichlet_10,,
297,0.9715380405035577,0.8835978835978835,1.2857142857142858,6.0,0.8181818181818182,0.26564145223190677,0.2763085435859738,dirichlet_10,,
298,0.9824849480021893,0.9153439153439152,1.0714285714285714,4.0,0.8181818181818182,0.17270879730370275,0.25016727219020995,dirichlet_10,,
299,0.9786535303776682,0.8994708994708994,1.2142857142857142,4.0,1.0,0.21398496171074038,0.2630708940562823,dirichlet_10,,
300,0.9819376026272578,0.91005291005291,1.0714285714285714,4.0,0.8181818181818182,0.2388006463335031,0.261254607029659,dirichlet_10,,
301,0.9594964422550629,0.8518518518518519,1.5714285714285714,6.0,1.0,0.3452865470445691,0.31318453486197273,dirichlet_10,,
302,0.990695128626163,0.9365079365079365,0.7142857142857143,3.0,0.6666666666666666,0.14407544930454044,0.25297847859261013,dirichlet_10,,
303,0.9655172413793103,0.8518518518518519,1.5,7.0,0.6666666666666666,0.30389622802512006,0.3519481140125601,dirichlet_10,,
304,0.9841269841269842,0.91005291005291,1.0,3.0,0.8181818181818182,0.22622827792811093,0.2894864068548032,dirichlet_10,,
305,0.9698960043787629,0.8677248677248677,1.5,5.0,1.0,0.3035709935187517,0.2853361370095032,dirichlet_10,,
306,0.9901477832512315,0.947089947089947,0.7142857142857143,3.0,0.8181818181818182,0.2062656391246147,0.2563227475299139,dirichlet_10,,
307,0.9611384783798578,0.8730158730158729,1.3571428571428572,9.0,0.6666666666666666,0.24973542770699253,0.3248677138534962,dirichlet_10,,
308,0.9627805145046523,0.857142857142857,1.5,6.0,1.0,0.22920304779122655,0.30104900865527007,dirichlet_10,,
309,0.9463601532567051,0.8201058201058201,1.7857142857142858,8.0,0.8181818181818182,0.33935997684699404,0.2870567437231594,dirichlet_10,,
310,0.9490968801313627,0.8042328042328042,1.8571428571428572,6.0,0.8181818181818182,0.27884580821152755,0.3394229041057637,dirichlet_10,,
311,0.986863711001642,0.9312169312169312,0.7857142857142857,4.0,0.8181818181818182,0.21876885349738417,0.26459667964500405,dirichlet_10,,
312,0.9808429118773946,0.9206349206349207,1.0,6.0,0.8181818181818182,0.18917154753220283,0.29046011404801386,dirichlet_10,,
313,0.9709906951286261,0.8835978835978835,1.4285714285714286,6.0,0.6666666666666666,0.34187581994218896,0.3075930216509907,dirichlet_10,,
314,0.9792008757525997,0.8994708994708994,1.0714285714285714,4.0,0.8181818181818182,0.31033609066478646,0.3186351956034444,dirichlet_10,,
315,0.9463601532567051,0.8359788359788359,1.7142857142857142,10.0,0.6666666666666666,0.30749637578609024,0.3485532475523509,dirichlet_10,,
316,0.9764641488779421,0.8994708994708994,1.0714285714285714,6.0,1.0,0.1892149416905926,0.26723431513982127,dirichlet_10,,
317,0.9792008757525997,0.9153439153439152,1.0,7.0,0.8181818181818182,0.18319002311870192,0.2862239058331946,dirichlet_10,,
318,0.9551176792556102,0.8412698412698412,1.7142857142857142,6.0,0.8181818181818182,0.278030492855725,0.27755629590911984,dirichlet_10,,
319,0.9781061850027366,0.8888888888888887,1.1428571428571428,5.0,1.0,0.25516747900996173,0.32758373950498093,dirichlet_10,,
320,0.9917898193760263,0.947089947089947,0.6428571428571429,3.0,0.8181818181818182,0.20960130497086826,0.24501325000707247,dirichlet_10,,
321,0.9808429118773946,0.91005291005291,1.1428571428571428,4.0,1.0,0.16427267210297924,0.23648327011940054,dirichlet_10,,
322,0.9819376026272578,0.9047619047619047,1.0714285714285714,4.0,0.8181818181818182,0.2857598811444987,0.2936878386848705,dirichlet_10,,
323,0.9781061850027366,0.8994708994708994,1.1428571428571428,5.0,0.8181818181818182,0.18566532345852027,0.2580413639977718,dirichlet_10,,
324,0.9715380405035577,0.8835978835978835,1.2857142857142858,6.0,0.8181818181818182,0.33499618703917144,0.30869817865921134,dirichlet_10,,
325,0.9518336070060207,0.8253968253968254,1.8571428571428572,7.0,0.6666666666666666,0.3886258735753902,0.36140378080929003,dirichlet_10,,
326,0.9277504105090312,0.798941798941799,2.0714285714285716,8.0,0.8181818181818182,0.4532330462329329,0.3933084732064266,dirichlet_10,,
327,0.967159277504105,0.8677248677248677,1.5714285714285714,5.0,0.8181818181818182,0.24936247152308788,0.31275370032423094,dirichlet_10,,
328,0.9584017515051997,0.8518518518518519,1.7142857142857142,6.0,0.8181818181818182,0.3211331952202734,0.3038133362415707,dirichlet_10,,
329,0.9890530925013684,0.9365079365079365,0.6428571428571429,3.0,0.8181818181818182,0.22596453334254357,0.2853293899599205,dirichlet_10,,
330,0.9912424740010948,0.947089947089947,0.6428571428571429,3.0,1.0,0.08415684172931168,0.23557003559219197,dirichlet_10,,
331,0.9698960043787629,0.8835978835978835,1.2142857142857142,7.0,0.6666666666666666,0.3495893997779369,0.3747946998889684,dirichlet_10,,
332,0.9660645867542419,0.857142857142857,1.5,6.0,1.0,0.28325395622710003,0.3032219491444095,dirichlet_10,,
333,0.9928845101258894,0.947089947089947,0.6428571428571429,2.0,0.8181818181818182,0.13570049936307832,0.23857517314226778,dirichlet_10,,
334,0.9759168035030105,0.8941798941798942,1.2142857142857142,5.0,0.8181818181818182,0.17018027492472404,0.2806194657751592,dirichlet_10,,
335,0.9896004378762999,0.9365079365079365,0.7857142857142857,3.0,0.8181818181818182,0.183515926756304,0.2654497065991424,dirichlet_10,,
336,0.9764641488779421,0.91005291005291,1.0714285714285714,6.0,1.0,0.2682944274546051,0.26129360177413485,dirichlet_10,,
337,0.9934318555008209,0.9576719576719577,0.5,2.0,1.0,0.06943553424622112,0.21570285306061754,dirichlet_10,,
338,0.9688013136288999,0.8888888888888887,1.1428571428571428,6.0,1.0,0.25788660302620475,0.28091740223681283,dirichlet_10,,
339,0.9348659003831418,0.8412698412698412,1.6428571428571428,12.0,0.8181818181818182,0.27021765593095426,0.27027532775174745,dirichlet_10,,
340,0.9857690202517788,0.9312169312169312,0.7857142857142857,5.0,1.0,0.190923116144531,0.25640845432251347,dirichlet_10,,
341,0.975369458128079,0.9047619047619047,1.1428571428571428,5.0,1.0,0.2222689815145681,0.28905654115794194,dirichlet_10,,
342,0.9704433497536945,0.9047619047619047,1.0714285714285714,8.0,0.8181818181818182,0.24926673915545527,0.28033857745995033,dirichlet_10,,
343,0.9824849480021893,0.9206349206349207,1.0714285714285714,5.0,1.0,0.12571384464244195,0.24132084236438223,dirichlet_10,,
344,0.9655172413793103,0.8677248677248677,1.3571428571428572,7.0,0.8181818181818182,0.16648620802724357,0.277675173574841,dirichlet_10,,
345,0.9928845101258894,0.9523809523809524,0.5714285714285714,2.0,1.0,0.19980432369642454,0.29597285377167204,dirichlet_10,,
346,0.9950738916256158,0.9629629629629629,0.42857142857142855,2.0,0.8181818181818182,0.07709137040334718,0.2280183389958773,dirichlet_10,,
347,0.9627805145046523,0.857142857142857,1.5714285714285714,7.0,0.8181818181818182,0.4215002612660824,0.30945651457422607,dirichlet_10,,
348,0.9841269841269842,0.9153439153439152,0.9285714285714286,4.0,1.0,0.13069351503091314,0.26028756296004857,dirichlet_10,,
349,0.9781061850027366,0.8888888888888887,1.2142857142857142,5.0,0.6666666666666666,0.19254591596364617,0.24134708399950278,dirichlet_10,,
350,0.9890530925013684,0.9417989417989417,0.7142857142857143,4.0,1.0,0.10989042148367922,0.23176235534672868,dirichlet_10,,
351,0.9698960043787629,0.8624338624338624,1.4285714285714286,5.0,0.8181818181818182,0.2955508472270485,0.2800010625406708,dirichlet_10,,
352,0.9392446633825944,0.8306878306878307,2.0,9.0,0.8181818181818182,0.2901503069627721,0.2900044012650234,dirichlet_10,,
353,0.983032293377121,0.9206349206349207,1.0,4.0,0.8181818181818182,0.15804455033261805,0.26158381676252235,dirichlet_10,,
354,0.986863711001642,0.9312169312169312,0.7857142857142857,4.0,0.8181818181818182,0.17261665542965832,0.24277272247687798,dirichlet_10,,
355,0.9939792008757526,0.9629629629629629,0.5,3.0,0.8181818181818182,0.19888656209766814,0.29249942996153994,dirichlet_10,,
356,0.9874110563765736,0.9259259259259259,0.8571428571428571,4.0,0.8181818181818182,0.11730652574381173,0.2372981583639855,dirichlet_10,,
357,0.9874110563765736,0.9259259259259259,0.8571428571428571,3.0,0.6666666666666666,0.12756681992112673,0.2553735000566317,dirichlet_10,,
358,0.9770114942528736,0.9047619047619047,1.2142857142857142,5.0,1.0,0.1514778331390679,0.26896786585719235,dirichlet_10,,
359,0.9770114942528736,0.8835978835978835,1.2857142857142858,4.0,0.6666666666666666,0.28772422949272103,0.29654217557443974,dirichlet_10,,
360,0.9874110563765736,0.9365079365079365,0.7857142857142857,4.0,0.8181818181818182,0.2015319260425157,0.252989593930186,dirichlet_10,,
361,0.9726327312534209,0.8888888888888887,1.3571428571428572,5.0,0.8181818181818182,0.16157257266153519,0.2647588955247025,dirichlet_10,,
362,0.9885057471264367,0.9312169312169312,0.7857142857142857,3.0,0.8181818181818182,0.3009849553528829,0.27927531920628157,dirichlet_10,,
363,0.9726327312534209,0.8835978835978835,1.2857142857142858,5.0,0.8181818181818182,0.19902962534937482,0.25191083631488237,dirichlet_10,,
364,0.9616858237547894,0.8359788359788359,1.6428571428571428,5.0,0.8181818181818182,0.3668846563551361,0.30704128437150785,dirichlet_10,,
365,0.9792008757525997,0.8941798941798942,1.0714285714285714,5.0,1.0,0.1559174828851489,0.2758353757788775,dirichlet_10,,
366,0.980295566502463,0.9153439153439152,1.0,6.0,0.8181818181818182,0.21366727342535566,0.28159884660040085,dirichlet_10,,
367,0.9584017515051997,0.8518518518518519,1.5,7.0,0.8181818181818182,0.34158392483822053,0.34710976101741636,dirichlet_10,,
368,0.9720853858784892,0.8730158730158729,1.5,5.0,0.6666666666666666,0.2656229328132188,0.302949268512859,dirichlet_10,,
369,0.9731800766283524,0.8888888888888887,1.3571428571428572,5.0,1.0,0.258972875015092,0.28367648064750367,dirichlet_10,,
370,0.9704433497536945,0.8783068783068783,1.3571428571428572,7.0,0.8181818181818182,0.27842400910845755,0.2517040506278209,dirichlet_10,,
371,0.9731800766283524,0.9047619047619047,1.0714285714285714,8.0,0.8181818181818182,0.19840793765296919,0.2615335663483219,dirichlet_10,,
372,0.8894362342638205,0.7354497354497355,2.7857142857142856,10.0,0.8181818181818182,0.42753827569528363,0.35540400150836415,dirichlet_10,,
373,0.9589490968801313,0.8518518518518519,1.5,7.0,0.8181818181818182,0.228195596210622,0.3140977981053109,dirichlet_10,,
374,0.9792008757525997,0.9047619047619047,1.0714285714285714,5.0,0.8181818181818182,0.21556733340634787,0.2550952230956601,dirichlet_10,,
375,0.9879584017515052,0.9312169312169312,0.8571428571428571,3.0,1.0,0.17985281752618953,0.2733250429136797,dirichlet_10,,
376,0.9578544061302682,0.8518518518518519,1.6428571428571428,8.0,0.6666666666666666,0.30793170479204685,0.30257866891325186,dirichlet_10,,
377,0.9698960043787629,0.8783068783068783,1.4285714285714286,6.0,0.6666666666666666,0.34789438119683347,0.33044563457930065,dirichlet_10,,
378,0.9490968801313627,0.8306878306878307,1.7857142857142858,7.0,1.0,0.29610330468721713,0.31427034286098593,dirichlet_10,,
379,0.9726327312534209,0.8888888888888887,1.2857142857142858,7.0,0.8181818181818182,0.25703084752145366,0.25389093034464894,dirichlet_10,,
380,0.9660645867542419,0.8518518518518519,1.5714285714285714,5.0,0.6666666666666666,0.3067614212480163,0.309278415063672,dirichlet_10,,
381,0.916256157635468,0.8095238095238094,2.357142857142857,11.0,0.8181818181818182,0.23184399369059738,0.2794014361557418,dirichlet_10,,
382,0.9819376026272578,0.91005291005291,1.0714285714285714,4.0,0.8181818181818182,0.15400599514621416,0.2494586871391767,dirichlet_10,,
383,0.920087575259989,0.7883597883597884,2.2142857142857144,11.0,0.8181818181818182,0.34464123077511527,0.2971352829156896,dirichlet_10,,
384,0.9770114942528736,0.8994708994708994,1.2142857142857142,5.0,0.8181818181818182,0.13499156946129706,0.2674957847306485,dirichlet_10,,
385,0.960591133004926,0.8518518518518519,1.6428571428571428,6.0,1.0,0.3000375702560444,0.3475920435500802,dirichlet_10,,
386,0.9764641488779421,0.8835978835978835,1.1428571428571428,5.0,0.8181818181818182,0.3129647753769761,0.2987924475684694,dirichlet_10,,
387,0.9759168035030105,0.8888888888888887,1.2857142857142858,5.0,0.8181818181818182,0.23077033283600096,0.2980533978583814,dirichlet_10,,
388,0.9414340448823207,0.798941798941799,2.0714285714285716,6.0,0.6666666666666666,0.5127665429739519,0.32840742996818223,dirichlet_10,,
389,0.9534756431308156,0.8412698412698412,1.9285714285714286,6.0,1.0,0.27670024858434905,0.3383501242921745,dirichlet_10,,
390,0.9835796387520527,0.91005291005291,1.0714285714285714,3.0,0.6666666666666666,0.2761411323394797,0.3089991135589495,dirichlet_10,,
391,0.9901477832512315,0.9365079365079365,0.7857142857142857,2.0,0.6666666666666666,0.20488337854615277,0.2576938226137632,dirichlet_10,,
392,0.986863711001642,0.9259259259259259,0.8571428571428571,4.0,0.8181818181818182,0.17176256876732895,0.26063044272578295,dirichlet_10,,
393,0.9720853858784892,0.8783068783068783,1.3571428571428572,5.0,0.8181818181818182,0.2507443513604067,0.3068411277759802,dirichlet_10,,
394,0.9480021893814996,0.8518518518518519,1.8571428571428572,9.0,0.8181818181818182,0.24907573858868162,0.2537364886352445,dirichlet_10,,
395,0.990695128626163,0.9523809523809524,0.6428571428571429,3.0,1.0,0.1139579134750538,0.2327286791426866,dirichlet_10,,
396,0.9824849480021893,0.9153439153439152,1.0,5.0,0.8181818181818182,0.19620310053713258,0.26227318811429473,dirichlet_10,,
397,0.9425287356321838,0.8201058201058201,1.8571428571428572,7.0,1.0,0.33992330841572355,0.36996165420786176,dirichlet_10,,
398,0.9934318555008209,0.9576719576719577,0.5714285714285714,2.0,0.8181818181818182,0.06642967590047075,0.21532505687452452,dirichlet_10,,
399,0.9824849480021893,0.9153439153439152,1.0,4.0,0.8181818181818182,0.19185822615173445,0.2689820362012594,dirichlet_10,,
400,0.9874110563765736,0.9365079365079365,0.7857142857142857,5.0,1.0,0.20082970322722316,0.27580695423545654,dirichlet_10,,
401,0.9594964422550629,0.8835978835978835,1.5714285714285714,9.0,0.8181818181818182,0.2292039533918848,0.26206165927980396,dirichlet_10,,
402,0.9518336070060207,0.8783068783068783,1.5714285714285714,10.0,0.8181818181818182,0.20276897770486377,0.255223015180699,dirichlet_10,,
403,0.9901477832512315,0.9576719576719577,0.5714285714285714,5.0,0.8181818181818182,0.19820865570457508,0.2991043278522876,dirichlet_10,,
404,0.994526546250684,0.9629629629629629,0.42857142857142855,2.0,0.8181818181818182,0.08165185623546858,0.23268759361563499,dirichlet_10,,
405,0.9381499726327313,0.8253968253968254,1.9285714285714286,10.0,0.8181818181818182,0.2812741570168684,0.30944001704767105,dirichlet_10,,
406,0.9885057471264367,0.9206349206349207,0.7857142857142857,3.0,0.6666666666666666,0.1386650867770466,0.2607733413652149,dirichlet_10,,
407,0.9737274220032841,0.8994708994708994,1.2142857142857142,6.0,0.8181818181818182,0.25970908986796026,0.2652806868267774,dirichlet_10,,
408,0.9759168035030105,0.8835978835978835,1.3571428571428572,5.0,0.6666666666666666,0.24785035986361711,0.30809768372538554,dirichlet_10,,
409,0.9857690202517788,0.9206349206349207,0.9285714285714286,3.0,0.8181818181818182,0.1561174854334385,0.2690442300360495,dirichlet_10,,
410,0.9852216748768472,0.9259259259259259,0.9285714285714286,3.0,1.0,0.12563462753767296,0.2396960809126548,dirichlet_10,,
411,0.9885057471264367,0.9206349206349207,0.8571428571428571,3.0,0.6666666666666666,0.1758446626384746,0.25689569039723686,dirichlet_10,,
412,0.9896004378762999,0.9365079365079365,0.7142857142857143,3.0,0.8181818181818182,0.2209149074814702,0.25662895683898435,dirichlet_10,,
413,0.9863163656267103,0.9206349206349207,0.9285714285714286,4.0,0.8181818181818182,0.20973297320415796,0.2862396422276704,dirichlet_10,,
414,0.9447181171319102,0.857142857142857,1.5714285714285714,11.0,0.6666666666666666,0.26013789589591757,0.3100766743784216,dirichlet_10,,
415,0.9912424740010948,0.9365079365079365,0.7142857142857143,2.0,0.8181818181818182,0.1092261466405827,0.23072783418874032,dirichlet_10,,
416,0.9852216748768472,0.9206349206349207,0.7857142857142857,4.0,1.0,0.17033448222808453,0.2851672411140422,dirichlet_10,,
417,0.9742747673782157,0.8941798941798942,1.2857142857142858,5.0,0.8181818181818182,0.28737469841238267,0.25506682600380365,dirichlet_10,,
418,0.9709906951286261,0.8994708994708994,1.1428571428571428,8.0,0.6666666666666666,0.22781224000756203,0.27395489721098054,dirichlet_10,,
419,0.9764641488779421,0.9047619047619047,1.1428571428571428,7.0,0.8181818181818182,0.228468363726768,0.28058102136120827,dirichlet_10,,
420,0.9792008757525997,0.8888888888888887,1.1428571428571428,4.0,0.8181818181818182,0.18627305171578712,0.2752405882074771,dirichlet_10,,
421,0.9912424740010948,0.9417989417989417,0.7142857142857143,2.0,0.8181818181818182,0.15188819415719854,0.26123956843226104,dirichlet_10,,
422,0.9677066228790366,0.8730158730158729,1.4285714285714286,5.0,0.8181818181818182,0.3187243322143132,0.2813662995763564,dirichlet_10,,
423,0.975369458128079,0.8941798941798942,1.2857142857142858,6.0,0.6666666666666666,0.24613271733670403,0.2804828899914804,dirichlet_10,,
424,0.967159277504105,0.8783068783068783,1.5,6.0,1.0,0.26473190385036643,0.2700569761574239,dirichlet_10,,
425,0.990695128626163,0.9365079365079365,0.6428571428571429,3.0,0.8181818181818182,0.07713461046817194,0.22579052869420724,dirichlet_10,,
426,0.9709906951286261,0.8888888888888887,1.3571428571428572,5.0,0.8181818181818182,0.4542491304189442,0.34838339877570695,dirichlet_10,,
427,0.960591133004926,0.857142857142857,1.5714285714285714,5.0,1.0,0.2993285945576406,0.2612290082278826,dirichlet_10,,
428,0.9562123700054733,0.8253968253968254,1.6428571428571428,5.0,0.8181818181818182,0.23374223458036897,0.31359207865167577,dirichlet_10,,
429,0.9874110563765736,0.9365079365079365,0.7857142857142857,5.0,1.0,0.15759344784037382,0.24003640712489946,dirichlet_10,,
430,0.9808429118773946,0.9153439153439152,1.0714285714285714,6.0,0.8181818181818182,0.2860889016691142,0.34304445083455715,dirichlet_10,,
431,0.9709906951286261,0.8677248677248677,1.4285714285714286,5.0,0.8181818181818182,0.24611663215426036,0.29685547411831364,dirichlet_10,,
432,0.9644225506294472,0.8888888888888887,1.3571428571428572,8.0,0.8181818181818182,0.19636785989165143,0.26222222548038676,dirichlet_10,,
433,0.9518336070060207,0.8359788359788359,1.7857142857142858,6.0,0.8181818181818182,0.25137049390067906,0.29286041293668597,dirichlet_10,,
434,0.9731800766283524,0.8888888888888887,1.3571428571428572,5.0,1.0,0.21139758126208802,0.2722780295444375,dirichlet_10,,
435,0.9649698960043787,0.857142857142857,1.7142857142857142,5.0,0.8181818181818182,0.37239872081254244,0.35480233587748466,dirichlet_10,,
436,0.9759168035030105,0.8941798941798942,1.0,5.0,0.8181818181818182,0.26857203409527153,0.2847426749228013,dirichlet_10,,
437,0.9901477832512315,0.9365079365079365,0.7857142857142857,2.0,1.0,0.14897460119186698,0.2541975727075891,dirichlet_10,,
438,0.9841269841269842,0.9259259259259259,0.8571428571428571,6.0,0.8181818181818182,0.1517972178486202,0.2693771096979816,dirichlet_10,,
439,0.996168582375479,0.9735449735449735,0.35714285714285715,2.0,1.0,0.12939465436256756,0.23820443853445722,dirichlet_10,,
440,0.9781061850027366,0.8888888888888887,1.1428571428571428,5.0,1.0,0.20062335401215112,0.27219464221037326,dirichlet_10,,
441,0.9928845101258894,0.9523809523809524,0.5714285714285714,3.0,0.8181818181818182,0.06766973156032532,0.22343442086143267,dirichlet_10,,
442,0.980295566502463,0.9047619047619047,1.0714285714285714,5.0,0.8181818181818182,0.22372521009007051,0.2741689331644224,dirichlet_10,,
443,0.980295566502463,0.91005291005291,1.0714285714285714,6.0,0.8181818181818182,0.22100527960933422,0.27936714202631086,dirichlet_10,,
444,0.9731800766283524,0.8888888888888887,1.2857142857142858,6.0,0.8181818181818182,0.2458628646414569,0.2656396339819722,dirichlet_10,,
445,0.960591133004926,0.8518518518518519,1.7142857142857142,5.0,0.6666666666666666,0.28041175890126246,0.32075772896696997,dirichlet_10,,
446,0.9863163656267103,0.9259259259259259,0.9285714285714286,4.0,1.0,0.11109912111311765,0.22824534458668497,dirichlet_10,,
447,0.9764641488779421,0.8835978835978835,1.2142857142857142,5.0,0.8181818181818182,0.24951005207085838,0.26931871312267647,dirichlet_10,,
448,0.975369458128079,0.8994708994708994,1.2142857142857142,6.0,0.8181818181818182,0.21662309314756747,0.30831154657378373,dirichlet_10,,
449,0.996168582375479,0.9735449735449735,0.35714285714285715,2.0,1.0,0.06252359063544902,0.2211864021947737,dirichlet_10,,
450,0.9797482211275315,0.91005291005291,1.1428571428571428,4.0,0.8181818181818182,0.20821758971774584,0.24667247132765233,dirichlet_10,,
451,0.9584017515051997,0.857142857142857,1.6428571428571428,7.0,0.8181818181818182,0.23683264343652558,0.2736278738713073,dirichlet_10,,
452,0.9874110563765736,0.9312169312169312,0.8571428571428571,4.0,0.8181818181818182,0.10040958165964278,0.23523380366786362,dirichlet_10,,
453,0.9775588396278051,0.8994708994708994,1.0714285714285714,5.0,0.8181818181818182,0.24825173259914818,0.25374605180468623,dirichlet_10,,
454,0.9775588396278051,0.9047619047619047,1.0,5.0,0.8181818181818182,0.19056722044117064,0.2817129722492698,dirichlet_10,,
455,0.9819376026272578,0.91005291005291,1.1428571428571428,4.0,1.0,0.18024086084859922,0.24763885861006735,dirichlet_10,,
456,0.9666119321291735,0.8730158730158729,1.4285714285714286,6.0,0.8181818181818182,0.2566831274365139,0.2785502046680954,dirichlet_10,,
457,0.9633278598795839,0.857142857142857,1.5,6.0,0.8181818181818182,0.3793811018644539,0.28032196158363265,dirichlet_10,,
458,0.9737274220032841,0.8783068783068783,1.3571428571428572,5.0,0.8181818181818182,0.15931805727357343,0.2647766404951111,dirichlet_10,,
459,0.980295566502463,0.9047619047619047,1.2142857142857142,4.0,1.0,0.15654825572687742,0.25253699289139964,dirichlet_10,,
460,0.9923371647509577,0.947089947089947,0.6428571428571429,2.0,1.0,0.26151037379022257,0.33075518689511124,dirichlet_10,,
461,0.9600437876299945,0.8359788359788359,1.7142857142857142,7.0,0.6666666666666666,0.3446273369987027,0.30798183321638906,dirichlet_10,,
462,0.9901477832512315,0.9365079365079365,0.6428571428571429,3.0,1.0,0.15965259922095157,0.25691755143729794,dirichlet_10,,
463,0.9688013136288999,0.8677248677248677,1.3571428571428572,5.0,0.8181818181818182,0.30944810772616577,0.3003947304317641,dirichlet_10,,
464,0.9819376026272578,0.91005291005291,1.0,5.0,0.8181818181818182,0.12204867076613651,0.2547345611707356,dirichlet_10,,
465,0.986863711001642,0.9259259259259259,0.9285714285714286,4.0,0.8181818181818182,0.18810618195718629,0.2909813879387763,dirichlet_10,,
466,0.9113300492610837,0.7883597883597884,2.2857142857142856,11.0,0.5384615384615384,0.39019349472253273,0.296795674112902,dirichlet_10,,
467,0.9655172413793103,0.8677248677248677,1.4285714285714286,6.0,0.8181818181818182,0.3654266611423943,0.3319141941711731,dirichlet_10,,
468,0.9841269841269842,0.9206349206349207,0.7857142857142857,5.0,0.8181818181818182,0.20132934405999126,0.2683064028774104,dirichlet_10,,
469,0.9594964422550629,0.8465608465608466,1.5714285714285714,6.0,0.8181818181818182,0.23863010635761703,0.2868397408497726,dirichlet_10,,
470,0.9430760810071154,0.8253968253968254,2.0,8.0,0.8181818181818182,0.28244452520554,0.28578236055527745,dirichlet_10,,
471,0.918992884510126,0.8306878306878307,2.142857142857143,12.0,0.8181818181818182,0.21863329205728801,0.2535955365951984,dirichlet_10,,
472,0.9967159277504104,0.9682539682539683,0.42857142857142855,1.0,1.0,0.17929511413056184,0.2896475570652809,dirichlet_10,,
473,0.994526546250684,0.9576719576719577,0.5,2.0,1.0,0.09872658936324169,0.2274231498507582,dirichlet_10,,
474,0.990695128626163,0.9365079365079365,0.7142857142857143,3.0,0.6666666666666666,0.12456939635940503,0.26228469817970246,dirichlet_10,,
475,0.9934318555008209,0.9523809523809524,0.5714285714285714,2.0,0.8181818181818182,0.0809388851371195,0.21870236877089605,dirichlet_10,,
476,0.9956212370005473,0.9682539682539683,0.35714285714285715,2.0,1.0,0.0877603351723154,0.2346559262700777,dirichlet_10,,
477,0.8905309250136835,0.798941798941799,2.2857142857142856,16.0,0.8181818181818182,0.27588801401105256,0.27382223842969095,dirichlet_10,,
478,0.9934318555008209,0.9523809523809524,0.5714285714285714,2.0,1.0,0.2087225458295003,0.2946399711266446,dirichlet_10,,
479,0.9857690202517788,0.9206349206349207,0.9285714285714286,4.0,0.8181818181818182,0.1478294643740639,0.2628414823966118,dirichlet_10,,
480,0.9835796387520527,0.9206349206349207,1.0714285714285714,4.0,1.0,0.11209622620758497,0.25032843139020955,dirichlet_10,,
481,0.9896004378762999,0.9365079365079365,0.7857142857142857,3.0,0.8181818181818182,0.22756743717092717,0.29239725976948816,dirichlet_10,,
482,0.9912424740010948,0.9365079365079365,0.7142857142857143,3.0,0.8181818181818182,0.1413671947904307,0.2549384869259893,dirichlet_10,,
483,0.9748221127531472,0.8835978835978835,1.3571428571428572,4.0,0.8181818181818182,0.23837118597654305,0.2621515112976283,dirichlet_10,,
484,0.9726327312534209,0.8888888888888887,1.3571428571428572,5.0,0.8181818181818182,0.2166149995817001,0.28755938790908636,dirichlet_10,,
485,0.9540229885057472,0.8359788359788359,1.8571428571428572,5.0,1.0,0.34785471209619934,0.34919493198933854,dirichlet_10,,
486,0.9430760810071154,0.857142857142857,1.8571428571428572,10.0,0.8181818181818182,0.22711440565803018,0.26505694105046973,dirichlet_10,,
487,0.9999999999999998,1.0,0.0,0.0,1.0,0.10007655189996995,0.21672380102098246,dirichlet_10,,
488,0.9901477832512315,0.9312169312169312,0.7142857142857143,3.0,0.8181818181818182,0.18949179934451632,0.2547806875163614,dirichlet_10,,
489,0.9578544061302682,0.8518518518518519,1.6428571428571428,7.0,0.8181818181818182,0.18830274685149437,0.2789068721828285,dirichlet_10,,
490,0.975369458128079,0.8783068783068783,1.3571428571428572,5.0,0.6666666666666666,0.24149283719791442,0.2672233976160096,dirichlet_10,,
491,0.9917898193760263,0.947089947089947,0.6428571428571429,3.0,0.8181818181818182,0.14151570354710316,0.257586124153267,dirichlet_10,,
492,0.9797482211275315,0.9153439153439152,1.0,5.0,0.8181818181818182,0.18441814718248206,0.2619062787172011,dirichlet_10,,
493,0.9819376026272578,0.91005291005291,1.0714285714285714,4.0,0.8181818181818182,0.3003302505798866,0.34291540444582863,dirichlet_10,,
494,0.9874110563765736,0.9259259259259259,0.8571428571428571,3.0,0.6666666666666666,0.2350904992909863,0.27698459368081196,dirichlet_10,,
495,0.9901477832512315,0.9417989417989417,0.7142857142857143,4.0,0.8181818181818182,0.11933562739583678,0.23223714683918306,dirichlet_10,,
496,0.9742747673782157,0.8783068783068783,1.3571428571428572,5.0,1.0,0.23434213827837064,0.3171710691391853,dirichlet_10,,
497,0.9414340448823207,0.8253968253968254,1.8571428571428572,7.0,0.8181818181818182,0.40015446524679016,0.3383197728781229,dirichlet_10,,
498,0.9682539682539683,0.8730158730158729,1.3571428571428572,6.0,0.8181818181818182,0.3178042425120054,0.2940382273815648,dirichlet_10,,
499,0.9852216748768472,0.9259259259259259,0.8571428571428571,5.0,0.8181818181818182,0.18189378308467313,0.2587118245951845,dirichlet_10,,
500,0.9775588396278051,0.91005291005291,1.0714285714285714,5.0,0.8181818181818182,0.1784513145831577,0.2433501671840152,dirichlet_10,,
501,0.9759168035030105,0.8941798941798942,1.1428571428571428,6.0,1.0,0.2492087723866577,0.27533894399363756,dirichlet_10,,
502,0.980295566502463,0.8941798941798942,1.1428571428571428,4.0,1.0,0.21712804137542938,0.2646115092524068,dirichlet_10,,
503,0.9824849480021893,0.9153439153439152,0.8571428571428571,5.0,0.8181818181818182,0.17808733640430946,0.2721632265992345,dirichlet_10,,
504,0.9688013136288999,0.8835978835978835,1.5,6.0,1.0,0.19639887267366812,0.2646228945428296,dirichlet_10,,
505,0.9775588396278051,0.9047619047619047,1.1428571428571428,6.0,0.8181818181818182,0.30942135884986327,0.3065827320245718,dirichlet_10,,
506,0.9677066228790366,0.8730158730158729,1.4285714285714286,6.0,1.0,0.21021921503062643,0.2689776736905337,dirichlet_10,,
507,0.9863163656267103,0.9259259259259259,0.8571428571428571,4.0,0.8181818181818182,0.16938173270525234,0.27045310340917583,dirichlet_10,,
508,0.980295566502463,0.8994708994708994,1.1428571428571428,4.0,0.8181818181818182,0.19533247448615024,0.24802168849259826,dirichlet_10,,
509,0.983032293377121,0.9206349206349207,0.9285714285714286,6.0,0.8181818181818182,0.2770229873139542,0.30532853133999144,dirichlet_10,,
510,0.9852216748768472,0.9259259259259259,0.9285714285714286,3.0,1.0,0.12124719159335737,0.23217546577999576,dirichlet_10,,
511,0.9759168035030105,0.8994708994708994,1.1428571428571428,5.0,0.8181818181818182,0.28122000093007204,0.2553230925304314,dirichlet_10,,
512,0.983032293377121,0.9153439153439152,1.0,5.0,0.8181818181818182,0.154013310967832,0.27700665548391606,dirichlet_10,,
513,0.9786535303776682,0.9047619047619047,1.1428571428571428,5.0,1.0,0.29269737652944705,0.3203333435679313,dirichlet_10,,
514,0.896551724137931,0.7513227513227513,2.7857142857142856,10.0,0.8181818181818182,0.45107041074605525,0.4003723758511053,dirichlet_10,,
515,0.9786535303776682,0.8941798941798942,1.2142857142857142,4.0,0.6666666666666666,0.2571884198079745,0.2892834906680496,dirichlet_10,,
516,0.8894362342638205,0.7936507936507936,2.2857142857142856,16.0,0.8181818181818182,0.3124079827536461,0.2879205040064229,dirichlet_10,,
517,0.9824849480021893,0.9259259259259259,0.7857142857142857,5.0,0.8181818181818182,0.19359816386850878,0.2635703175683202,dirichlet_10,,
518,0.980295566502463,0.8994708994708994,1.0714285714285714,5.0,0.6666666666666666,0.18160843554750053,0.2624390515323225,dirichlet_10,,
519,0.9693486590038315,0.8888888888888887,1.2142857142857142,8.0,0.8181818181818182,0.27124161916121814,0.3104064210584607,dirichlet_10,,
520,0.9808429118773946,0.9206349206349207,1.0,6.0,0.8181818181818182,0.19410727839361394,0.2693903725278508,dirichlet_10,,
521,0.7941981390257252,0.619047619047619,3.7857142857142856,16.0,0.6666666666666666,0.5878380196916498,0.3956881592982316,dirichlet_10,,
522,0.9819376026272578,0.91005291005291,1.0714285714285714,4.0,0.8181818181818182,0.22748755552792493,0.24809599664922707,dirichlet_10,,
523,0.9950738916256158,0.9576719576719577,0.5714285714285714,2.0,0.8181818181818182,0.12527021497742663,0.25867286800632466,dirichlet_10,,
524,0.9890530925013684,0.9259259259259259,0.8571428571428571,3.0,0.6666666666666666,0.14178647445563117,0.26057221561415406,dirichlet_10,,
525,0.9682539682539683,0.8730158730158729,1.5,7.0,0.6666666666666666,0.3171013595095553,0.2810813693757174,dirichlet_10,,
526,0.9792008757525997,0.91005291005291,1.0714285714285714,5.0,0.8181818181818182,0.21621934358871409,0.2530746767895254,dirichlet_10,,
527,0.9923371647509577,0.947089947089947,0.6428571428571429,2.0,1.0,0.11976584196243784,0.22580597645864808,dirichlet_10,,
528,0.9792008757525997,0.8941798941798942,1.0714285714285714,5.0,1.0,0.24273133306592481,0.31488337638775993,dirichlet_10,,
529,0.990695128626163,0.9523809523809524,0.6428571428571429,4.0,1.0,0.14321450969999025,0.24342037652916554,dirichlet_10,,
530,0.9677066228790366,0.8783068783068783,1.2857142857142858,5.0,1.0,0.255856846965571,0.27665154023570726,dirichlet_10,,
531,0.996168582375479,0.9788359788359787,0.2857142857142857,3.0,0.8181818181818182,0.07861774134894389,0.23930887067447196,dirichlet_10,,
532,0.983032293377121,0.9047619047619047,1.0,4.0,0.8181818181818182,0.14229822396891664,0.2412808417380318,dirichlet_10,,
533,0.9874110563765736,0.9259259259259259,0.8571428571428571,3.0,0.6666666666666666,0.13307977339612212,0.2571625132375249,dirichlet_10,,
534,0.9666119321291735,0.8783068783068783,1.3571428571428572,5.0,1.0,0.24501593068001512,0.24895586053362098,dirichlet_10,,
535,0.9578544061302682,0.8518518518518519,1.6428571428571428,6.0,0.8181818181818182,0.22960311158799818,0.2714694382232461,dirichlet_10,,
536,0.9813902572523261,0.91005291005291,1.0,5.0,0.8181818181818182,0.1231017158461474,0.2524555686508785,dirichlet_10,,
537,0.9666119321291735,0.8518518518518519,1.5,5.0,0.8181818181818182,0.2582327427535249,0.3237633695417082,dirichlet_10,,
538,0.9917898193760263,0.9417989417989417,0.6428571428571429,2.0,0.8181818181818182,0.15616889339799409,0.23795267261450384,dirichlet_10,,
539,0.9770114942528736,0.9047619047619047,1.1428571428571428,5.0,0.8181818181818182,0.1576389598966639,0.23685251823657819,dirichlet_10,,
540,0.9518336070060207,0.8412698412698412,1.7857142857142858,6.0,0.8181818181818182,0.27702153469141066,0.25938313536033636,dirichlet_10,,
541,0.9917898193760263,0.947089947089947,0.6428571428571429,3.0,0.8181818181818182,0.17303424982568952,0.23257187115311548,dirichlet_10,,
542,0.9490968801313627,0.8253968253968254,2.0,6.0,1.0,0.3093148783731353,0.33531333961153165,dirichlet_10,,
543,0.9512862616310892,0.8412698412698412,1.7857142857142858,6.0,1.0,0.31378117489015467,0.27534026235827336,dirichlet_10,,
544,0.9578544061302682,0.8624338624338624,1.4285714285714286,9.0,0.6666666666666666,0.2890920631928142,0.3237149308090129,dirichlet_10,,
545,0.9863163656267103,0.9206349206349207,0.9285714285714286,3.0,0.8181818181818182,0.23383089979345123,0.26172487115523024,dirichlet_10,,
546,0.9365079365079365,0.7883597883597884,2.0,8.0,0.8181818181818182,0.372749430003922,0.386374715001961,dirichlet_10,,
547,0.9835796387520527,0.91005291005291,1.0,4.0,0.8181818181818182,0.17267054801376724,0.2518761247971386,dirichlet_10,,
548,0.9781061850027366,0.8994708994708994,1.0,5.0,0.8181818181818182,0.21844051685940352,0.2686704268583758,dirichlet_10,,
549,0.9770114942528736,0.8994708994708994,1.1428571428571428,6.0,0.8181818181818182,0.286536122009097,0.27548347618804236,dirichlet_10,,
550,0.9786535303776682,0.8941798941798942,1.0714285714285714,5.0,0.6666666666666666,0.26850866246571503,0.2677345423100641,dirichlet_10,,
551,0.9759168035030105,0.8888888888888887,1.2857142857142858,5.0,1.0,0.22883523594471994,0.2753748316286614,dirichlet_10,,
552,0.9704433497536945,0.8730158730158729,1.4285714285714286,5.0,1.0,0.2180438308001582,0.2753794296900374,dirichlet_10,,
553,0.8620689655172413,0.7566137566137565,2.642857142857143,17.0,0.8181818181818182,0.38543507721055226,0.31212322016433014,dirichlet_10,,
554,0.9731800766283524,0.9047619047619047,1.0714285714285714,8.0,0.8181818181818182,0.2092111818428204,0.2652797660762973,dirichlet_10,,
555,0.9770114942528736,0.8835978835978835,1.2142857142857142,5.0,0.6666666666666666,0.36580818973003615,0.32278735781224316,dirichlet_10,,
556,0.9846743295019157,0.9259259259259259,0.8571428571428571,4.0,0.8181818181818182,0.23276995246530616,0.2665402005587072,dirichlet_10,,
557,0.9841269841269842,0.9206349206349207,0.7857142857142857,5.0,0.8181818181818182,0.15939248281710014,0.24173707344621478,dirichlet_10,,
558,0.9584017515051997,0.8518518518518519,1.6428571428571428,5.0,0.8181818181818182,0.3124621383763997,0.3152500549953016,dirichlet_10,,
559,0.980295566502463,0.9047619047619047,1.0714285714285714,5.0,0.8181818181818182,0.26795513196849907,0.2986366786347489,dirichlet_10,,
560,0.9217296113847838,0.8201058201058201,1.8571428571428572,13.0,0.8181818181818182,0.27558218407058166,0.2851244009219991,dirichlet_10,,
561,0.9890530925013684,0.9312169312169312,0.7857142857142857,4.0,0.8181818181818182,0.16199780396798952,0.271373415131687,dirichlet_10,,
562,0.9950738916256158,0.9682539682539683,0.42857142857142855,3.0,0.8181818181818182,0.08502734016326197,0.2361636979683595,dirichlet_10,,
563,0.9917898193760263,0.947089947089947,0.5714285714285714,3.0,0.8181818181818182,0.09366730110256943,0.23030794720129497,dirichlet_10,,
564,0.9808429118773946,0.9047619047619047,1.1428571428571428,4.0,0.6666666666666666,0.3100877372980181,0.2571850111605386,dirichlet_10,,
565,0.9731800766283524,0.8888888888888887,1.2857142857142858,6.0,0.8181818181818182,0.2819323611142813,0.262156462409393,dirichlet_10,,
566,0.9217296113847838,0.8201058201058201,2.2857142857142856,11.0,0.8181818181818182,0.23188764220012645,0.24221587204037162,dirichlet_10,,
567,0.9967159277504104,0.9735449735449735,0.35714285714285715,2.0,0.8181818181818182,0.10190223119656333,0.24685818158779962,dirichlet_10,,
568,0.9682539682539683,0.8783068783068783,1.3571428571428572,6.0,0.8181818181818182,0.23175887707484866,0.27454633929251954,dirichlet_10,,
569,0.9480021893814996,0.8465608465608466,1.5714285714285714,10.0,0.6666666666666666,0.4319804222175578,0.32740391763476906,dirichlet_10,,
570,0.9781061850027366,0.8994708994708994,1.2142857142857142,5.0,0.6666666666666666,0.22941463573908438,0.2685528985368349,dirichlet_10,,
571,0.9731800766283524,0.8888888888888887,1.2857142857142858,7.0,0.8181818181818182,0.2952865199928024,0.30800756473754465,dirichlet_10,,
572,0.983032293377121,0.9206349206349207,1.0,5.0,0.8181818181818182,0.18288619791165642,0.23480508143238352,dirichlet_10,,
573,0.975369458128079,0.8835978835978835,1.2857142857142858,5.0,0.8181818181818182,0.2448730177231058,0.25778029113380124,dirichlet_10,,
574,0.9835796387520527,0.91005291005291,0.9285714285714286,4.0,1.0,0.14876123219981044,0.2743806160999053,dirichlet_10,,
575,0.9901477832512315,0.9417989417989417,0.7142857142857143,3.0,1.0,0.24726596776786655,0.28091835962410167,dirichlet_10,,
576,0.9556650246305418,0.8624338624338624,1.3571428571428572,9.0,0.8181818181818182,0.20921076951219467,0.24383202381941504,dirichlet_10,,
577,0.9698960043787629,0.8783068783068783,1.2857142857142858,5.0,0.8181818181818182,0.3068480771262478,0.2982255533588736,dirichlet_10,,
578,0.980295566502463,0.9047619047619047,1.0714285714285714,5.0,1.0,0.27508044755956274,0.29559619083356714,dirichlet_10,,
579,0.9896004378762999,0.947089947089947,0.7142857142857143,4.0,1.0,0.16471406363718585,0.25180900493987574,dirichlet_10,,
580,0.9731800766283524,0.8835978835978835,1.3571428571428572,5.0,0.8181818181818182,0.21597275805725938,0.2803513957312512,dirichlet_10,,
581,0.9890530925013684,0.9259259259259259,0.8571428571428571,3.0,0.8181818181818182,0.2581419575199614,0.28445766120339266,dirichlet_10,,
582,0.9764641488779421,0.8888888888888887,1.1428571428571428,5.0,0.8181818181818182,0.16341960825284163,0.2817098041264209,dirichlet_10,,
583,0.9863163656267103,0.9259259259259259,0.8571428571428571,4.0,0.8181818181818182,0.16771896352994195,0.24542767198535306,dirichlet_10,,
584,0.9797482211275315,0.8994708994708994,1.2142857142857142,4.0,0.6666666666666666,0.22982919949361527,0.31009346162784623,dirichlet_10,,
585,0.9469074986316366,0.8306878306878307,1.7857142857142858,6.0,0.8181818181818182,0.37993788830882325,0.3267038304306787,dirichlet_10,,
586,0.9896004378762999,0.9312169312169312,0.8571428571428571,2.0,0.8181818181818182,0.26193100292525284,0.2970501353267448,dirichlet_10,,
587,0.9764641488779421,0.8994708994708994,1.0,7.0,0.6666666666666666,0.2778875445357286,0.3389437722678643,dirichlet_10,,
588,0.9885057471264367,0.9259259259259259,0.8571428571428571,3.0,0.8181818181818182,0.14419112464593445,0.2505260381826881,dirichlet_10,,
589,0.9896004378762999,0.9312169312169312,0.8571428571428571,2.0,0.8181818181818182,0.19238629075576366,0.2726221044328426,dirichlet_10,,
590,0.9770114942528736,0.8888888888888887,1.2142857142857142,5.0,0.8181818181818182,0.27556889378856897,0.283543983536066,dirichlet_10,,
591,0.994526546250684,0.9629629629629629,0.42857142857142855,3.0,0.8181818181818182,0.13643769391168184,0.22953388609924516,dirichlet_10,,
592,0.9901477832512315,0.9417989417989417,0.7142857142857143,3.0,1.0,0.1688703274790454,0.25459939965202877,dirichlet_10,,
593,0.9874110563765736,0.9259259259259259,0.8571428571428571,3.0,0.8181818181818182,0.2368722402194669,0.2818498447534621,dirichlet_10,,
594,0.9874110563765736,0.9259259259259259,0.8571428571428571,4.0,0.8181818181818182,0.12857055401671497,0.24555563176356213,dirichlet_10,,
595,0.9934318555008209,0.9576719576719577,0.5714285714285714,3.0,0.8181818181818182,0.128969781634866,0.24725318754874637,dirichlet_10,,
596,0.9917898193760263,0.947089947089947,0.6428571428571429,3.0,0.8181818181818182,0.23434099794023733,0.28112783317020823,dirichlet_10,,
597,0.9923371647509577,0.9417989417989417,0.7142857142857143,2.0,0.8181818181818182,0.16355769359541136,0.2584967966446076,dirichlet_10,,
598,0.9885057471264367,0.9206349206349207,0.7857142857142857,3.0,0.6666666666666666,0.24345947853429425,0.27150596135301824,dirichlet_10,,
599,0.9792008757525997,0.8941798941798942,1.2142857142857142,4.0,0.8181818181818182,0.1639320942693506,0.2545994947247022,dirichlet_10,,
600,0.9928845101258894,0.947089947089947,0.6428571428571429,3.0,0.8181818181818182,0.11114726803011565,0.23480155000728986,dirichlet_10,,
601,0.9934318555008209,0.9576719576719577,0.5714285714285714,2.0,1.0,0.2489621411180555,0.3244810705590278,dirichlet_10,,
602,0.9786535303776682,0.8888888888888887,1.2857142857142858,4.0,0.6666666666666666,0.18447287815915422,0.26381391712815,dirichlet_10,,
603,0.9584017515051997,0.8518518518518519,1.5714285714285714,7.0,0.8181818181818182,0.22246792037791496,0.3112339601889575,dirichlet_10,,
604,0.9567597153804049,0.8518518518518519,1.7142857142857142,7.0,0.8181818181818182,0.19484690947693917,0.2974234547384696,dirichlet_10,,
605,0.9890530925013684,0.9312169312169312,0.8571428571428571,2.0,1.0,0.13901504636632986,0.2476409046712065,dirichlet_10,,
606,0.980295566502463,0.8994708994708994,1.0,5.0,0.6666666666666666,0.3471359173627887,0.3087070592303969,dirichlet_10,,
607,0.9824849480021893,0.9153439153439152,1.0,4.0,0.8181818181818182,0.25178291137797204,0.26921827956747113,dirichlet_10,,
608,0.983032293377121,0.9153439153439152,0.8571428571428571,5.0,0.8181818181818182,0.21092183742730583,0.2783030364826519,dirichlet_10,,
609,0.9698960043787629,0.8677248677248677,1.5,5.0,1.0,0.296814225645975,0.34837223234982645,dirichlet_10,,
610,0.9841269841269842,0.9153439153439152,0.9285714285714286,4.0,0.8181818181818182,0.16273088351809478,0.24706801233179165,dirichlet_10,,
611,0.9917898193760263,0.947089947089947,0.7142857142857143,3.0,0.8181818181818182,0.12374342435899868,0.23323729655789394,dirichlet_10,,
612,0.967159277504105,0.8624338624338624,1.5,7.0,0.6666666666666666,0.22979582268901294,0.2730696892389077,dirichlet_10,,
613,0.9386973180076628,0.8306878306878307,2.0714285714285716,9.0,0.8181818181818182,0.3649531420965408,0.29302868796674136,dirichlet_10,,
614,0.967159277504105,0.8835978835978835,1.2857142857142858,6.0,1.0,0.2491628841874491,0.260413972059412,dirichlet_10,,
615,0.9775588396278051,0.9047619047619047,1.0714285714285714,7.0,0.6666666666666666,0.24031612616234987,0.3145995606833525,dirichlet_10,,
616,0.9655172413793103,0.8783068783068783,1.5,7.0,0.8181818181818182,0.23785543121204408,0.27169492139833495,dirichlet_10,,
617,0.9731800766283524,0.8835978835978835,1.3571428571428572,5.0,0.8181818181818182,0.22699480343181833,0.27553667613857585,dirichlet_10,,
618,0.9923371647509577,0.9417989417989417,0.5714285714285714,2.0,0.8181818181818182,0.17039944826398717,0.24968748623996068,dirichlet_10,,
619,0.9573070607553366,0.8465608465608466,1.7857142857142858,6.0,1.0,0.29434928809581773,0.3395817730267599,dirichlet_10,,
620,0.9912424740010948,0.947089947089947,0.6428571428571429,3.0,0.8181818181818182,0.1559541048134756,0.23989073935405444,dirichlet_10,,
621,0.980295566502463,0.91005291005291,1.0714285714285714,5.0,1.0,0.20043280615262207,0.2642229280618443,dirichlet_10,,
622,0.9759168035030105,0.8941798941798942,1.2142857142857142,5.0,0.6666666666666666,0.2502063935871901,0.29581640586311814,dirichlet_10,,
623,0.9704433497536945,0.8783068783068783,1.3571428571428572,7.0,0.6666666666666666,0.2594612062907963,0.2844307504501031,dirichlet_10,,
624,0.980295566502463,0.8994708994708994,1.0714285714285714,5.0,1.0,0.1718628333936842,0.2859314166968421,dirichlet_10,,
625,0.9562123700054733,0.8253968253968254,1.8571428571428572,7.0,0.6666666666666666,0.3812059791673905,0.3110278699566646,dirichlet_10,,
626,0.9644225506294472,0.8624338624338624,1.4285714285714286,7.0,0.8181818181818182,0.1955149467895655,0.26075341955751025,dirichlet_10,,
627,0.9709906951286261,0.8783068783068783,1.3571428571428572,6.0,0.8181818181818182,0.36670949557125854,0.3190545176631481,dirichlet_10,,
628,0.9896004378762999,0.9576719576719577,0.5714285714285714,5.0,0.8181818181818182,0.19664218214513887,0.2642789003453511,dirichlet_10,,
629,0.986863711001642,0.9259259259259259,0.9285714285714286,4.0,0.8181818181818182,0.22084271248066076,0.3032066034907457,dirichlet_10,,
630,0.9857690202517788,0.9259259259259259,0.7857142857142857,5.0,0.8181818181818182,0.17801580667758055,0.273450866916488,dirichlet_10,,
631,0.9775588396278051,0.9153439153439152,1.0,7.0,0.8181818181818182,0.3213746309307526,0.3511260529574897,dirichlet_10,,
632,0.9567597153804049,0.8677248677248677,1.6428571428571428,8.0,0.8181818181818182,0.23790938432016548,0.2823038118250031,dirichlet_10,,
633,0.9567597153804049,0.857142857142857,1.4285714285714286,7.0,1.0,0.29473064131779436,0.2833908712191601,dirichlet_10,,
634,0.8954570333880678,0.7671957671957672,2.5714285714285716,13.0,0.8181818181818182,0.3332572479508611,0.3087135101390577,dirichlet_10,,
635,0.980295566502463,0.8941798941798942,1.2142857142857142,3.0,0.6666666666666666,0.1805649488232325,0.2500761264596316,dirichlet_10,,
636,0.9934318555008209,0.9576719576719577,0.5,2.0,1.0,0.11613331029238541,0.2512023136982124,dirichlet_10,,
637,0.983032293377121,0.9259259259259259,0.9285714285714286,6.0,0.8181818181818182,0.18446388709708572,0.28844320310148824,dirichlet_10,,
638,0.9737274220032841,0.8783068783068783,1.4285714285714286,4.0,0.6666666666666666,0.2682816556358464,0.33093420936595724,dirichlet_10,,
639,0.9677066228790366,0.8677248677248677,1.4285714285714286,5.0,1.0,0.3462729265159964,0.3175234712993724,dirichlet_10,,
640,0.9720853858784892,0.8783068783068783,1.3571428571428572,6.0,1.0,0.23030484150925645,0.3003844358424217,dirichlet_10,,
641,0.9759168035030105,0.8888888888888887,1.2857142857142858,5.0,0.8181818181818182,0.3468854285761538,0.284497984767076,dirichlet_10,,
642,0.9726327312534209,0.8835978835978835,1.2857142857142858,4.0,1.0,0.17861722655657666,0.25296867022497577,dirichlet_10,,
643,0.9759168035030105,0.91005291005291,1.0714285714285714,7.0,0.8181818181818182,0.29560677001272195,0.3038568487564364,dirichlet_10,,
644,0.9770114942528736,0.8994708994708994,1.2142857142857142,5.0,1.0,0.19478739710098233,0.27655353519519027,dirichlet_10,,
645,0.9709906951286261,0.8730158730158729,1.2857142857142858,6.0,1.0,0.3589191928954397,0.3285334853061035,dirichlet_10,,
646,0.990695128626163,0.9365079365079365,0.7142857142857143,3.0,0.6666666666666666,0.18303997352310336,0.25021660657584466,dirichlet_10,,
647,0.9863163656267103,0.9153439153439152,0.9285714285714286,3.0,0.6666666666666666,0.1856283961475205,0.25448363510513133,dirichlet_10,,
648,0.9463601532567051,0.8201058201058201,1.7857142857142858,8.0,0.8181818181818182,0.3277838301769087,0.3445829181103753,dirichlet_10,,
649,0.9386973180076628,0.7936507936507936,2.0714285714285716,8.0,0.8181818181818182,0.2949717360314049,0.3199527532109015,dirichlet_10,,
650,0.9890530925013684,0.9312169312169312,0.8571428571428571,3.0,0.8181818181818182,0.17555315977958416,0.24591332679201136,dirichlet_10,,
651,0.9934318555008209,0.9523809523809524,0.6428571428571429,3.0,0.8181818181818182,0.10955981805343401,0.23627610988259914,dirichlet_10,,
652,0.9901477832512315,0.9365079365079365,0.7142857142857143,3.0,0.6666666666666666,0.09076155693387766,0.21573914296793342,dirichlet_10,,
653,0.9846743295019157,0.9206349206349207,1.0,3.0,1.0,0.1523661508964907,0.2354762639357933,dirichlet_10,,
654,0.9917898193760263,0.947089947089947,0.6428571428571429,3.0,0.8181818181818182,0.14294963406184596,0.23616717153772845,dirichlet_10,,
655,0.9885057471264367,0.9417989417989417,0.7142857142857143,5.0,0.8181818181818182,0.16837683971703993,0.2504469414136187,dirichlet_10,,
656,0.9874110563765736,0.9417989417989417,0.7857142857142857,5.0,0.8181818181818182,0.1744658414355729,0.28314949684088997,dirichlet_10,,
657,0.996168582375479,0.9682539682539683,0.42857142857142855,2.0,1.0,0.0700994940060729,0.22298431909624195,dirichlet_10,,
658,0.9430760810071154,0.8148148148148148,2.142857142857143,6.0,1.0,0.3527837620473575,0.37639188102367876,dirichlet_10,,
659,0.9852216748768472,0.9365079365079365,0.8571428571428571,5.0,1.0,0.1618701893003234,0.27810588549125603,dirichlet_10,,
660,0.9666119321291735,0.8783068783068783,1.3571428571428572,7.0,0.8181818181818182,0.27319292893233516,0.29926277175210997,dirichlet_10,,
661,0.9846743295019157,0.9312169312169312,0.8571428571428571,5.0,0.8181818181818182,0.14805417032205093,0.2515923007699737,dirichlet_10,,
662,0.9874110563765736,0.9312169312169312,0.8571428571428571,4.0,1.0,0.10559717783582581,0.22239291316970886,dirichlet_10,,
663,0.9512862616310892,0.8412698412698412,1.7857142857142858,7.0,0.8181818181818182,0.29392680089655887,0.2783941317079138,dirichlet_10,,
664,0.9890530925013684,0.9312169312169312,0.8571428571428571,2.0,1.0,0.17579209351900726,0.2460125349241996,dirichlet_10,,
665,0.983032293377121,0.9259259259259259,0.8571428571428571,6.0,0.8181818181818182,0.2216728995343865,0.2984366276546716,dirichlet_10,,
666,0.9797482211275315,0.8835978835978835,1.2857142857142858,3.0,0.6666666666666666,0.25854252502753255,0.27910392467429035,dirichlet_10,,
667,0.9792008757525997,0.9047619047619047,1.1428571428571428,5.0,1.0,0.17745590133167685,0.27637691742005804,dirichlet_10,,
668,0.986863711001642,0.9206349206349207,0.9285714285714286,3.0,0.8181818181818182,0.2183275048587301,0.26701808919115,dirichlet_10,,
669,0.9759168035030105,0.8888888888888887,1.2142857142857142,5.0,0.8181818181818182,0.26265357288733077,0.3105526453488041,dirichlet_10,,
670,0.9874110563765736,0.9206349206349207,0.9285714285714286,3.0,0.8181818181818182,0.29151799054799526,0.28872126527902875,dirichlet_10,,
671,0.9797482211275315,0.8994708994708994,1.0,5.0,0.6666666666666666,0.21807798103092177,0.2539088712274292,dirichlet_10,,
672,0.9638752052545155,0.8624338624338624,1.5714285714285714,6.0,0.8181818181818182,0.3357061408355124,0.28311100853516147,dirichlet_10,,
673,0.9939792008757526,0.9576719576719577,0.5714285714285714,2.0,1.0,0.09572862645677116,0.2292190790967237,dirichlet_10,,
674,0.9594964422550629,0.8624338624338624,1.5714285714285714,7.0,0.8181818181818182,0.33200977333440074,0.3102493698619151,dirichlet_10,,
675,0.9731800766283524,0.8941798941798942,1.1428571428571428,6.0,0.8181818181818182,0.2666245334868328,0.2701536323126484,dirichlet_10,,
676,0.9611384783798578,0.857142857142857,1.5,8.0,0.8181818181818182,0.28140729775486373,0.27978549438827555,dirichlet_10,,
677,0.9950738916256158,0.9576719576719577,0.5,2.0,0.8181818181818182,0.11098765689995191,0.23369351035183597,dirichlet_10,,
678,0.939792008757526,0.857142857142857,1.5714285714285714,12.0,0.8181818181818182,0.27458477273931026,0.2927704552520075,dirichlet_10,,
679,0.9660645867542419,0.8518518518518519,1.5714285714285714,5.0,0.8181818181818182,0.25787909494934247,0.25423919085135227,dirichlet_10,,
680,0.9698960043787629,0.8518518518518519,1.5714285714285714,5.0,0.6666666666666666,0.31986665986615365,0.28723831926213594,dirichlet_10,,
681,0.990695128626163,0.9365079365079365,0.7142857142857143,3.0,0.6666666666666666,0.08755256788449209,0.22123247684038216,dirichlet_10,,
682,0.9841269841269842,0.9153439153439152,1.0,4.0,0.8181818181818182,0.1790100775591106,0.28526555430457623,dirichlet_10,,
683,0.9463601532567051,0.8253968253968254,1.8571428571428572,9.0,0.8181818181818182,0.2998364077271889,0.278344949607317,dirichlet_10,,
684,0.9808429118773946,0.91005291005291,1.0714285714285714,5.0,0.8181818181818182,0.20595376125108844,0.25962940242912824,dirichlet_10,,
685,0.9885057471264367,0.9259259259259259,0.7857142857142857,3.0,0.6666666666666666,0.09927286589340317,0.22142906969717047,dirichlet_10,,
686,0.9819376026272578,0.91005291005291,1.0,4.0,0.8181818181818182,0.2015853413562939,0.2582154017300148,dirichlet_10,,
687,0.9677066228790366,0.8783068783068783,1.2857142857142858,5.0,1.0,0.2069352743729612,0.2682483165976111,dirichlet_10,,
688,0.9890530925013684,0.9417989417989417,0.7142857142857143,4.0,1.0,0.10610054692079254,0.23124041429856762,dirichlet_10,,
689,0.9934318555008209,0.9523809523809524,0.5714285714285714,2.0,0.8181818181818182,0.09874589111324261,0.2293621016515679,dirichlet_10,,
690,0.9660645867542419,0.8677248677248677,1.4285714285714286,7.0,0.8181818181818182,0.26743648307267687,0.281995144984678,dirichlet_10,,
691,0.9934318555008209,0.9523809523809524,0.5714285714285714,2.0,1.0,0.105717578252853,0.24986644286875107,dirichlet_10,,
692,0.9950738916256158,0.9629629629629629,0.5,2.0,1.0,0.048508944899749634,0.21700364564961624,dirichlet_10,,
693,0.9819376026272578,0.9153439153439152,1.0,4.0,1.0,0.24394900272846728,0.27301068810415907,dirichlet_10,,
694,0.9967159277504104,0.9735449735449735,0.35714285714285715,2.0,1.0,0.04385030282530364,0.2094728335082422,dirichlet_10,,
695,0.9819376026272578,0.91005291005291,1.0714285714285714,4.0,0.8181818181818182,0.2261952194306097,0.26174885695022354,dirichlet_10,,
696,0.9600437876299945,0.8730158730158729,1.2857142857142858,9.0,0.6666666666666666,0.25786124549095346,0.30099302010959905,dirichlet_10,,
697,0.9693486590038315,0.8888888888888887,1.3571428571428572,6.0,0.8181818181818182,0.3093110483298762,0.29043794149184865,dirichlet_10,,
698,0.9896004378762999,0.9365079365079365,0.7857142857142857,3.0,0.8181818181818182,0.18012750220516466,0.24762960033993553,dirichlet_10,,
699,0.9901477832512315,0.9365079365079365,0.7857142857142857,3.0,0.8181818181818182,0.12348671960052279,0.24709263886203067,dirichlet_10,,
700,0.9857690202517788,0.9259259259259259,0.8571428571428571,5.0,0.8181818181818182,0.15232051160897533,0.2617347996415298,dirichlet_10,,
701,0.9567597153804049,0.8306878306878307,1.7142857142857142,7.0,0.8181818181818182,0.289367178869173,0.31956742904314667,dirichlet_10,,
702,0.9759168035030105,0.8994708994708994,1.1428571428571428,7.0,0.6666666666666666,0.21272170796058043,0.2765747941790981,dirichlet_10,,
703,0.9890530925013684,0.9365079365079365,0.7857142857142857,3.0,1.0,0.1456575392256595,0.25545585845093394,dirichlet_10,,
704,0.9917898193760263,0.947089947089947,0.6428571428571429,3.0,0.8181818181818182,0.13455271655620435,0.26473549589541645,dirichlet_10,,
705,0.9660645867542419,0.8677248677248677,1.3571428571428572,7.0,0.8181818181818182,0.16706547232265578,0.27076986797269964,dirichlet_10,,
706,0.9540229885057472,0.8465608465608466,1.7142857142857142,6.0,0.8181818181818182,0.37704277447621243,0.317184706873992,dirichlet_10,,
707,0.980295566502463,0.9047619047619047,1.0714285714285714,5.0,0.8181818181818182,0.1701095507274977,0.23980779438932812,dirichlet_10,,
708,0.9786535303776682,0.8888888888888887,1.1428571428571428,5.0,0.6666666666666666,0.3371700185538009,0.3042584197065783,dirichlet_10,,
709,0.9939792008757526,0.9576719576719577,0.5,2.0,0.8181818181818182,0.261455969484783,0.3307279847423915,dirichlet_10,,
710,0.9934318555008209,0.9523809523809524,0.5714285714285714,2.0,1.0,0.2224266639488229,0.26328073209061503,dirichlet_10,,
711,0.9781061850027366,0.8835978835978835,1.3571428571428572,4.0,0.6666666666666666,0.17799645179750326,0.2604625553589544,dirichlet_10,,
712,0.9841269841269842,0.9153439153439152,0.9285714285714286,4.0,0.8181818181818182,0.2002243509206071,0.2544087072555448,dirichlet_10,,
713,0.9655172413793103,0.8783068783068783,1.5,7.0,0.8181818181818182,0.23542100343905534,0.2719483900229538,dirichlet_10,,
714,0.9879584017515052,0.9259259259259259,0.8571428571428571,4.0,0.8181818181818182,0.19856428862236636,0.27383686626331927,dirichlet_10,,
715,0.9901477832512315,0.9417989417989417,0.7142857142857143,3.0,1.0,0.16129163982849906,0.24747886353436957,dirichlet_10,,
716,0.9928845101258894,0.9523809523809524,0.5714285714285714,3.0,0.8181818181818182,0.17968208001524785,0.26467439726413244,dirichlet_10,,
717,0.9688013136288999,0.8994708994708994,1.3571428571428572,8.0,0.8181818181818182,0.13686684741204075,0.23560036878456964,dirichlet_10,,
718,0.9600437876299945,0.8677248677248677,1.5,7.0,0.8181818181818182,0.22359484755974837,0.2567768133234183,dirichlet_10,,
719,0.8795840175150519,0.7248677248677248,2.642857142857143,12.0,0.8181818181818182,0.3268065141068556,0.3634032570534277,dirichlet_10,,
720,0.983032293377121,0.9206349206349207,0.7857142857142857,5.0,0.8181818181818182,0.14379847789540473,0.24040349345736842,dirichlet_10,,
721,0.9720853858784892,0.8835978835978835,1.3571428571428572,5.0,0.8181818181818182,0.19550978891489293,0.2444027633830742,dirichlet_10,,
722,0.983032293377121,0.9259259259259259,0.8571428571428571,6.0,0.8181818181818182,0.245463742627413,0.30118813720308807,dirichlet_10,,
723,0.9469074986316366,0.8518518518518519,1.7857142857142858,9.0,0.8181818181818182,0.16949209039079438,0.27553185822813464,dirichlet_10,,
724,0.9781061850027366,0.8888888888888887,1.2142857142857142,5.0,0.6666666666666666,0.19894107328411947,0.2638383535469455,dirichlet_10,,
725,0.9923371647509577,0.9629629629629629,0.5,4.0,1.0,0.14008719857809282,0.2545701778658456,dirichlet_10,,
726,0.9890530925013684,0.9259259259259259,0.8571428571428571,3.0,0.6666666666666666,0.224701822978179,0.2683866058859481,dirichlet_10,,
727,0.9742747673782157,0.8888888888888887,1.1428571428571428,6.0,1.0,0.26777369114677996,0.3126414301548377,dirichlet_10,,
728,0.9813902572523261,0.91005291005291,1.0,5.0,0.8181818181818182,0.15559231731914433,0.24462149641884018,dirichlet_10,,
729,0.9923371647509577,0.947089947089947,0.6428571428571429,2.0,1.0,0.10508227806025125,0.22723572973210016,dirichlet_10,,
730,0.9447181171319102,0.8201058201058201,2.0,8.0,0.8181818181818182,0.3945901441443814,0.31249205003087605,dirichlet_10,,
731,0.9764641488779421,0.8888888888888887,1.2857142857142858,5.0,1.0,0.23036822061977413,0.31518411030988713,dirichlet_10,,
732,0.9748221127531472,0.8888888888888887,1.1428571428571428,6.0,1.0,0.18481032586391932,0.26586980265481464,dirichlet_10,,
733,0.9956212370005473,0.9629629629629629,0.42857142857142855,2.0,1.0,0.10011097693121479,0.2451721320394627,dirichlet_10,,
734,0.9792008757525997,0.9047619047619047,1.1428571428571428,4.0,0.8181818181818182,0.2046600997143254,0.28577699038956544,dirichlet_10,,
735,0.9923371647509577,0.9523809523809524,0.6428571428571429,3.0,0.8181818181818182,0.13011390812336296,0.2480825521401255,dirichlet_10,,
736,0.9551176792556102,0.8412698412698412,1.5714285714285714,6.0,0.8181818181818182,0.26709756342812924,0.28884740009939475,dirichlet_10,,
737,0.9775588396278051,0.8994708994708994,1.2142857142857142,5.0,0.8181818181818182,0.22178847450730924,0.27997391024398954,dirichlet_10,,
738,0.9649698960043787,0.8624338624338624,1.4285714285714286,7.0,0.6666666666666666,0.3034223446294344,0.32991176935944116,dirichlet_10,,
739,0.9819376026272578,0.9047619047619047,1.0714285714285714,4.0,1.0,0.1527580216770162,0.25385644154723375,dirichlet_10,,
740,0.9857690202517788,0.9312169312169312,0.7857142857142857,5.0,1.0,0.18464078359752886,0.2523617690210681,dirichlet_10,,
741,0.9058565955117679,0.8253968253968254,2.0,15.0,0.8181818181818182,0.37150244907752605,0.29255114468010585,dirichlet_10,,
742,0.986863711001642,0.9259259259259259,0.9285714285714286,3.0,0.6666666666666666,0.27365363515588115,0.27543751409313494,dirichlet_10,,
743,0.9863163656267103,0.9259259259259259,0.7857142857142857,4.0,1.0,0.14883686035338703,0.2460271261325081,dirichlet_10,,
744,0.9928845101258894,0.947089947089947,0.6428571428571429,3.0,0.8181818181818182,0.24725642361780997,0.2937577661505604,dirichlet_10,,
745,0.9824849480021893,0.9153439153439152,1.0714285714285714,4.0,0.8181818181818182,0.25570093273402145,0.2786470244400704,dirichlet_10,,
746,0.9781061850027366,0.8994708994708994,1.1428571428571428,5.0,0.8181818181818182,0.22151140266247163,0.2943196508671154,dirichlet_10,,
747,0.9950738916256158,0.9576719576719577,0.5714285714285714,2.0,1.0,0.07499149703493974,0.22989167496383234,dirichlet_10,,
748,0.9879584017515052,0.9259259259259259,0.8571428571428571,3.0,0.8181818181818182,0.2263549823199811,0.26754414144980027,dirichlet_10,,
749,0.9682539682539683,0.8730158730158729,1.3571428571428572,6.0,0.8181818181818182,0.17427954790816877,0.28713977395408435,dirichlet_10,,
750,0.9912424740010948,0.947089947089947,0.6428571428571429,3.0,1.0,0.12784138942798998,0.23837682963968881,dirichlet_10,,
751,0.9233716475095786,0.7936507936507936,2.0,12.0,0.8181818181818182,0.33993162326187265,0.2989939246084854,dirichlet_10,,
752,0.9764641488779421,0.8783068783068783,1.3571428571428572,4.0,0.6666666666666666,0.20130746622833562,0.24345505509562634,dirichlet_10,,
753,0.9709906951286261,0.8624338624338624,1.5714285714285714,4.0,0.6666666666666666,0.33517349268268015,0.32126696529108084,dirichlet_10,,
754,0.9917898193760263,0.947089947089947,0.6428571428571429,3.0,0.8181818181818182,0.09802267747768895,0.22289451543078284,dirichlet_10,,
755,0.9813902572523261,0.9259259259259259,1.0,6.0,0.8181818181818182,0.25783413769957597,0.2717335484657445,dirichlet_10,,
756,0.980295566502463,0.9047619047619047,1.0,5.0,0.8181818181818182,0.18679712966604176,0.2573395205787363,dirichlet_10,,
757,0.916256157635468,0.7883597883597884,2.357142857142857,11.0,0.8181818181818182,0.26201449857714143,0.29367963185419016,dirichlet_10,,
758,0.9896004378762999,0.9312169312169312,0.7142857142857143,3.0,0.6666666666666666,0.11929541985055461,0.22967165906367534,dirichlet_10,,
759,0.9813902572523261,0.8994708994708994,1.0714285714285714,4.0,1.0,0.20443376400065943,0.2984028678073427,dirichlet_10,,
760,0.9890530925013684,0.9365079365079365,0.7857142857142857,3.0,1.0,0.24022344715736665,0.26231988920383204,dirichlet_10,,
761,0.980295566502463,0.8994708994708994,1.0,5.0,0.8181818181818182,0.2054054861196515,0.25815947671292844,dirichlet_10,,
762,0.9846743295019157,0.9259259259259259,0.9285714285714286,5.0,0.8181818181818182,0.16771113939557156,0.28061002257101353,dirichlet_10,,
763,0.9709906951286261,0.8994708994708994,1.1428571428571428,8.0,0.6666666666666666,0.2236330210013013,0.3036706905627549,dirichlet_10,,
764,0.9534756431308156,0.8465608465608466,1.7857142857142858,8.0,0.8181818181818182,0.2717968944705073,0.2871738236888113,dirichlet_10,,
765,0.9928845101258894,0.9523809523809524,0.5714285714285714,3.0,0.8181818181818182,0.12952038220432865,0.25093278650870193,dirichlet_10,,
766,0.9660645867542419,0.857142857142857,1.5,6.0,0.8181818181818182,0.35201420202566525,0.3760071010128326,dirichlet_10,,
767,0.9890530925013684,0.9312169312169312,0.7857142857142857,3.0,0.8181818181818182,0.17272770870113707,0.24629683077217648,dirichlet_10,,
768,0.9693486590038315,0.8783068783068783,1.2142857142857142,6.0,1.0,0.2519376362129707,0.2785516779275383,dirichlet_10,,
769,0.983032293377121,0.9153439153439152,1.0,4.0,0.8181818181818182,0.1716390391959747,0.2742145373301694,dirichlet_10,,
770,0.9737274220032841,0.8888888888888887,1.2857142857142858,5.0,0.8181818181818182,0.2662480262978586,0.2868098147352718,dirichlet_10,,
771,0.9863163656267103,0.9259259259259259,0.9285714285714286,4.0,0.8181818181818182,0.13879754688444063,0.23690412011626139,dirichlet_10,,
772,0.9874110563765736,0.9365079365079365,0.7857142857142857,5.0,1.0,0.2191829046614498,0.2623164369295124,dirichlet_10,,
773,0.9649698960043787,0.8518518518518519,1.5714285714285714,6.0,1.0,0.29873562599852127,0.3086678147693467,dirichlet_10,,
774,0.9463601532567051,0.8148148148148148,1.8571428571428572,8.0,0.8181818181818182,0.2392676338495419,0.31816383674623766,dirichlet_10,,
775,0.967159277504105,0.8730158730158729,1.4285714285714286,7.0,0.8181818181818182,0.3640478539762451,0.31488732560901694,dirichlet_10,,
776,0.9261083743842365,0.7724867724867724,2.2857142857142856,7.0,0.8181818181818182,0.4251365633434073,0.4125682816717037,dirichlet_10,,
777,0.9841269841269842,0.9206349206349207,0.7857142857142857,5.0,0.8181818181818182,0.12496782370537224,0.23532582900517465,dirichlet_10,,
778,0.9792008757525997,0.8835978835978835,1.2857142857142858,3.0,0.6666666666666666,0.25349743013715564,0.2666462105915122,dirichlet_10,,
779,0.980295566502463,0.9153439153439152,1.0,6.0,0.8181818181818182,0.26217940028576137,0.2947304577545104,dirichlet_10,,
780,0.9704433497536945,0.8941798941798942,1.1428571428571428,8.0,0.6666666666666666,0.25134313268270037,0.3104687437103151,dirichlet_10,,
781,0.9737274220032841,0.8941798941798942,1.2857142857142858,5.0,0.8181818181818182,0.1325934147412993,0.26513834425315563,dirichlet_10,,
782,0.9896004378762999,0.9365079365079365,0.7142857142857143,3.0,1.0,0.14713376384380672,0.24247264691013146,dirichlet_10,,
783,0.9644225506294472,0.8730158730158729,1.5,6.0,0.8181818181818182,0.33032917701459874,0.27226688025498863,dirichlet_10,,
784,0.9748221127531472,0.8835978835978835,1.3571428571428572,5.0,1.0,0.2454524616771465,0.32272623083857316,dirichlet_10,,
785,0.9797482211275315,0.9153439153439152,1.0714285714285714,6.0,0.8181818181818182,0.29892206970379576,0.3286127579057328,dirichlet_10,,
786,0.9786535303776682,0.9047619047619047,1.0714285714285714,4.0,0.8181818181818182,0.1435865335323382,0.24932111827314876,dirichlet_10,,
787,0.9863163656267103,0.9259259259259259,0.8571428571428571,4.0,0.8181818181818182,0.12716851013324085,0.23695329652587765,dirichlet_10,,
788,0.9682539682539683,0.8518518518518519,1.5,4.0,0.8181818181818182,0.2510566078886179,0.26139165173085993,dirichlet_10,,
789,0.9704433497536945,0.857142857142857,1.5714285714285714,5.0,0.6666666666666666,0.4070119944122895,0.30590340484159556,dirichlet_10,,
790,0.9896004378762999,0.9365079365079365,0.7857142857142857,4.0,0.8181818181818182,0.12038859857379608,0.25875858722316497,dirichlet_10,,
791,0.9748221127531472,0.8941798941798942,1.2142857142857142,7.0,0.8181818181818182,0.30713345628595967,0.3333704139670006,dirichlet_10,,
792,0.9584017515051997,0.8518518518518519,1.7142857142857142,6.0,0.8181818181818182,0.19854102919086378,0.28012232581819274,dirichlet_10,,
793,0.9863163656267103,0.9153439153439152,0.9285714285714286,3.0,0.6666666666666666,0.14520496896912496,0.23555275457828628,dirichlet_10,,
794,0.9731800766283524,0.8888888888888887,1.2857142857142858,7.0,0.6666666666666666,0.3202149902083542,0.3002743442896008,dirichlet_10,,
795,0.990695128626163,0.9523809523809524,0.6428571428571429,4.0,1.0,0.20254371141675437,0.2473972095218699,dirichlet_10,,
796,0.9824849480021893,0.9153439153439152,1.0,5.0,1.0,0.22862562935086922,0.2824542974519185,dirichlet_10,,
797,0.9797482211275315,0.8941798941798942,1.2142857142857142,4.0,0.6666666666666666,0.17020977435338258,0.26602553852467015,dirichlet_10,,
798,0.9704433497536945,0.8783068783068783,1.5,4.0,0.8181818181818182,0.19714987246197932,0.2577739721299649,dirichlet_10,,
799,0.9737274220032841,0.8888888888888887,1.2142857142857142,5.0,0.8181818181818182,0.28222977565924584,0.27381431056400896,dirichlet_10,,
800,0.8960043787629994,0.7671957671957672,2.5,14.0,0.8181818181818182,0.28425927060752154,0.30400343729098805,dirichlet_10,,
801,0.9748221127531472,0.8941798941798942,1.2142857142857142,6.0,0.8181818181818182,0.17728205635383135,0.2629756219409839,dirichlet_10,,
802,0.9874110563765736,0.9259259259259259,0.7857142857142857,3.0,1.0,0.2680479520852018,0.3034251220866641,dirichlet_10,,
803,0.9074986316365626,0.7777777777777777,2.4285714285714284,11.0,0.5384615384615384,0.3651175502428796,0.33379262615118754,dirichlet_10,,
804,0.9923371647509577,0.947089947089947,0.6428571428571429,2.0,1.0,0.21826158626444672,0.30913079313222336,dirichlet_10,,
805,0.9376026272577997,0.798941798941799,2.0714285714285716,7.0,0.8181818181818182,0.33606114557168953,0.29940937658913835,dirichlet_10,,
806,0.9151614668856047,0.7724867724867724,2.2857142857142856,11.0,0.8181818181818182,0.2553053387021529,0.32452208091553597,dirichlet_10,,
807,0.9863163656267103,0.9259259259259259,0.9285714285714286,4.0,0.8181818181818182,0.1779055232680468,0.2321361655443715,dirichlet_10,,
808,0.9863163656267103,0.9206349206349207,0.9285714285714286,3.0,0.6666666666666666,0.18628068911298673,0.2655256106378178,dirichlet_10,,
809,0.9857690202517788,0.947089947089947,0.7142857142857143,6.0,0.8181818181818182,0.24077411731769663,0.2906189841208806,dirichlet_10,,
810,0.975369458128079,0.8941798941798942,1.0714285714285714,7.0,0.6666666666666666,0.24987643246218147,0.3249382162310907,dirichlet_10,,
811,0.9890530925013684,0.9259259259259259,0.7857142857142857,3.0,0.6666666666666666,0.16938670874111195,0.2699159859437877,dirichlet_10,,
812,0.9835796387520527,0.9153439153439152,1.0,4.0,0.8181818181818182,0.18660391918778593,0.2856907310658262,dirichlet_10,,
813,0.9939792008757526,0.9523809523809524,0.6428571428571429,2.0,0.8181818181818182,0.13930782392537994,0.2687779787397781,dirichlet_10,,
814,0.9890530925013684,0.9365079365079365,0.7142857142857143,3.0,0.8181818181818182,0.16465989886739088,0.24474277785196197,dirichlet_10,,
815,0.9644225506294472,0.857142857142857,1.5714285714285714,6.0,0.8181818181818182,0.2354610483414592,0.2835203439260829,dirichlet_10,,
816,0.9726327312534209,0.8941798941798942,1.2142857142857142,5.0,0.8181818181818182,0.2176602199549526,0.290052390369567,dirichlet_10,,
817,0.9824849480021893,0.9153439153439152,1.0,5.0,0.8181818181818182,0.18600653376962986,0.2762583280070506,dirichlet_10,,
818,0.9885057471264367,0.9365079365079365,0.7142857142857143,4.0,0.8181818181818182,0.2616756278641375,0.26537592074163974,dirichlet_10,,
819,0.950191570881226,0.8253968253968254,1.7857142857142858,8.0,0.8181818181818182,0.27274200637140145,0.2912102547940406,dirichlet_10,,
820,0.996168582375479,0.9735449735449735,0.35714285714285715,2.0,1.0,0.07092448637967369,0.22085117409339128,dirichlet_10,,
821,0.9556650246305418,0.9047619047619047,1.2857142857142858,10.0,0.8181818181818182,0.2764380450138358,0.2525374264636307,dirichlet_10,,
822,0.9879584017515052,0.9259259259259259,0.8571428571428571,3.0,0.8181818181818182,0.1841510787212679,0.2706684515890517,dirichlet_10,,
823,0.990695128626163,0.9417989417989417,0.6428571428571429,3.0,1.0,0.20981615909628298,0.2816133853492553,dirichlet_10,,
824,0.983032293377121,0.91005291005291,1.0714285714285714,3.0,1.0,0.19877386638660094,0.26713218474382805,dirichlet_10,,
825,0.9737274220032841,0.8941798941798942,1.2857142857142858,5.0,0.8181818181818182,0.11337100586748611,0.2566855029337429,dirichlet_10,,
826,0.980295566502463,0.91005291005291,1.0,5.0,0.8181818181818182,0.11757763831774987,0.25878881915887486,dirichlet_10,,
827,0.994526546250684,0.9682539682539683,0.42857142857142855,3.0,0.8181818181818182,0.07821233677702427,0.23507236130640158,dirichlet_10,,
828,0.9698960043787629,0.8941798941798942,1.2857142857142858,7.0,0.8181818181818182,0.23386888291345553,0.30009008959777783,dirichlet_10,,
829,0.9912424740010948,0.9417989417989417,0.6428571428571429,2.0,1.0,0.11261111205275695,0.22963738334209033,dirichlet_10,,
830,0.9775588396278051,0.8994708994708994,1.1428571428571428,5.0,0.8181818181818182,0.23149165344888895,0.28183159372439026,dirichlet_10,,
831,0.9917898193760263,0.947089947089947,0.6428571428571429,3.0,0.8181818181818182,0.19703407361529032,0.2538140467414259,dirichlet_10,,
832,0.9403393541324575,0.8253968253968254,1.7857142857142858,10.0,0.6666666666666666,0.3375007605389049,0.351798100068885,dirichlet_10,,
833,0.9649698960043787,0.8783068783068783,1.4285714285714286,7.0,0.8181818181818182,0.4026628648440457,0.35914983036996057,dirichlet_10,,
834,0.9540229885057472,0.857142857142857,1.7142857142857142,8.0,0.8181818181818182,0.17087763721266458,0.2771200700896855,dirichlet_10,,
835,0.9775588396278051,0.8941798941798942,1.2142857142857142,5.0,0.8181818181818182,0.18447935639479313,0.26799578162301696,dirichlet_10,,
836,0.9742747673782157,0.8941798941798942,1.2142857142857142,7.0,0.6666666666666666,0.2930968275958259,0.30272070641297016,dirichlet_10,,
837,0.9879584017515052,0.9259259259259259,0.8571428571428571,3.0,0.8181818181818182,0.2004413004169807,0.2580976933204477,dirichlet_10,,
838,0.996168582375479,0.9735449735449735,0.35714285714285715,2.0,1.0,0.21268593811980824,0.30634296905990416,dirichlet_10,,
839,0.9469074986316366,0.8201058201058201,1.7857142857142858,8.0,0.8181818181818182,0.22890347222457766,0.3059129980815838,dirichlet_10,,
840,0.9649698960043787,0.8783068783068783,1.3571428571428572,8.0,0.6666666666666666,0.3458119330141042,0.31696803231160575,dirichlet_10,,
841,0.9792008757525997,0.91005291005291,1.1428571428571428,4.0,0.8181818181818182,0.2728711852902629,0.2702421992052098,dirichlet_10,,
842,0.9693486590038315,0.8994708994708994,1.0714285714285714,8.0,0.8181818181818182,0.29563680873813547,0.2807010185336583,dirichlet_10,,
843,0.9759168035030105,0.8994708994708994,1.0714285714285714,5.0,0.8181818181818182,0.2727688276130519,0.270117597097657,dirichlet_10,,
844,0.9693486590038315,0.8835978835978835,1.4285714285714286,6.0,1.0,0.2865668157332657,0.3241963032226496,dirichlet_10,,
845,0.9655172413793103,0.8677248677248677,1.4285714285714286,6.0,0.8181818181818182,0.3005261395200808,0.31597021705095907,dirichlet_10,,
846,0.9764641488779421,0.9047619047619047,1.0,7.0,0.8181818181818182,0.1698181889439447,0.2482871788288985,dirichlet_10,,
847,0.9677066228790366,0.857142857142857,1.4285714285714286,5.0,0.8181818181818182,0.26722801427651255,0.28614107062745897,dirichlet_10,,
848,0.9874110563765736,0.9259259259259259,0.8571428571428571,3.0,0.6666666666666666,0.16588685714246898,0.27691590361308277,dirichlet_10,,
849,0.8932676518883416,0.7513227513227513,2.5,11.0,0.8181818181818182,0.3466625774747829,0.36094103142005085,dirichlet_10,,
850,0.975369458128079,0.8941798941798942,1.1428571428571428,6.0,1.0,0.3391315905619393,0.3273333217634549,dirichlet_10,,
851,0.9841269841269842,0.9153439153439152,0.9285714285714286,4.0,0.8181818181818182,0.1660139943495691,0.2526311184464413,dirichlet_10,,
852,0.9874110563765736,0.9259259259259259,0.9285714285714286,3.0,0.8181818181818182,0.2774107837470158,0.3046850532601228,dirichlet_10,,
853,0.9863163656267103,0.9259259259259259,0.9285714285714286,3.0,1.0,0.24188854468336535,0.32094427234168266,dirichlet_10,,
854,0.990695128626163,0.947089947089947,0.6428571428571429,4.0,1.0,0.1942148463307146,0.25770086774217327,dirichlet_10,,
855,0.962233169129721,0.857142857142857,1.6428571428571428,6.0,0.8181818181818182,0.34165459355249117,0.34504596965232837,dirichlet_10,,
856,0.975369458128079,0.8941798941798942,1.2142857142857142,6.0,0.8181818181818182,0.21449155946231094,0.26482634870169347,dirichlet_10,,
857,0.980295566502463,0.9047619047619047,1.0714285714285714,5.0,0.8181818181818182,0.23574807297430836,0.2613591996986302,dirichlet_10,,
858,0.9917898193760263,0.947089947089947,0.6428571428571429,2.0,0.8181818181818182,0.1208631623054906,0.23669899046031162,dirichlet_10,,
859,0.9704433497536945,0.8888888888888887,1.2142857142857142,6.0,0.8181818181818182,0.3747078170124311,0.33637459699590105,dirichlet_10,,
860,0.967159277504105,0.857142857142857,1.5714285714285714,5.0,0.8181818181818182,0.31362754589560093,0.28236437243887835,dirichlet_10,,
861,0.9994526546250683,0.9947089947089945,0.07142857142857142,1.0,1.0,0.07862760045062478,0.21501096393650287,dirichlet_10,,
862,0.9518336070060207,0.8412698412698412,1.7142857142857142,6.0,0.8181818181818182,0.32311089056673914,0.2970471308070361,dirichlet_10,,
863,0.9518336070060207,0.8412698412698412,1.7857142857142858,6.0,1.0,0.26646802542425285,0.28892803339699774,dirichlet_10,,
864,0.9901477832512315,0.9365079365079365,0.7857142857142857,2.0,1.0,0.22624545246341438,0.29571283496557466,dirichlet_10,,
865,0.9824849480021893,0.9153439153439152,0.9285714285714286,5.0,0.8181818181818182,0.22293834731489748,0.26422940804964273,dirichlet_10,,
866,0.9808429118773946,0.91005291005291,1.1428571428571428,4.0,0.8181818181818182,0.23655851134552333,0.308717385318508,dirichlet_10,,
867,0.9584017515051997,0.8518518518518519,1.5714285714285714,6.0,1.0,0.2625282610514054,0.314887799456157,dirichlet_10,,
868,0.9731800766283524,0.8835978835978835,1.3571428571428572,5.0,0.8181818181818182,0.26586467472250896,0.2710524975737135,dirichlet_10,,
869,0.9469074986316366,0.8253968253968254,1.7857142857142858,7.0,1.0,0.3931454304040935,0.36521554001112616,dirichlet_10,,
870,0.9693486590038315,0.8835978835978835,1.3571428571428572,7.0,0.8181818181818182,0.2995471690507825,0.30008567642104605,dirichlet_10,,
871,0.9967159277504104,0.9735449735449735,0.35714285714285715,2.0,0.8181818181818182,0.04932786864236344,0.2245715418409279,dirichlet_10,,
872,0.9775588396278051,0.8888888888888887,1.2857142857142858,4.0,0.6666666666666666,0.2210334216037222,0.24407854293487716,dirichlet_10,,
873,0.9879584017515052,0.9259259259259259,0.8571428571428571,4.0,0.8181818181818182,0.18694193043816576,0.2729753624622767,dirichlet_10,,
874,0.9863163656267103,0.9259259259259259,0.9285714285714286,4.0,0.8181818181818182,0.1484462368600825,0.24040398984369654,dirichlet_10,,
875,0.9917898193760263,0.9576719576719577,0.5714285714285714,4.0,1.0,0.10678348491062983,0.2399853015822432,dirichlet_10,,
876,0.9704433497536945,0.8677248677248677,1.5,4.0,0.8181818181818182,0.3473066181689041,0.32242613186824925,dirichlet_10,,
877,0.9764641488779421,0.8941798941798942,1.2142857142857142,5.0,0.8181818181818182,0.145585228087919,0.263016559247933,dirichlet_10,,
878,0.9600437876299945,0.8412698412698412,1.7142857142857142,6.0,0.8181818181818182,0.27026040903620463,0.28161361648407823,dirichlet_10,,
879,0.9819376026272578,0.9206349206349207,1.0,4.0,0.8181818181818182,0.209629257131921,0.24379943099689022,dirichlet_10,,
880,0.9737274220032841,0.8783068783068783,1.3571428571428572,5.0,0.8181818181818182,0.19262195521841868,0.2555421846870805,dirichlet_10,,
881,0.9551176792556102,0.8412698412698412,1.6428571428571428,8.0,0.8181818181818182,0.24755018808775434,0.26662076205697516,dirichlet_10,,
882,0.9562123700054733,0.8465608465608466,1.6428571428571428,6.0,1.0,0.36778592596398224,0.32955988970403904,dirichlet_10,,
883,0.9846743295019157,0.9206349206349207,1.0,4.0,0.6666666666666666,0.22515269412611197,0.28709498917656695,dirichlet_10,,
884,0.975369458128079,0.8941798941798942,1.2142857142857142,5.0,0.8181818181818182,0.2405177203465732,0.29800325779404085,dirichlet_10,,
885,0.9365079365079365,0.8412698412698412,1.6428571428571428,12.0,0.6666666666666666,0.34490214512038125,0.35142748593542805,dirichlet_10,,
886,0.9879584017515052,0.9523809523809524,0.6428571428571429,5.0,1.0,0.2332984140528423,0.2524651397129527,dirichlet_10,,
887,0.9841269841269842,0.9153439153439152,0.9285714285714286,4.0,0.8181818181818182,0.16834638624478782,0.23742688623031372,dirichlet_10,,
888,0.9813902572523261,0.9153439153439152,1.0,5.0,0.8181818181818182,0.21859019144160377,0.28844499090340325,dirichlet_10,,
889,0.906951286261631,0.7460317460317459,2.4285714285714284,11.0,0.8181818181818182,0.3146458438484303,0.35732292192421516,dirichlet_10,,
890,0.9797482211275315,0.8888888888888887,1.2857142857142858,3.0,0.6666666666666666,0.18533632808020634,0.24253327180454184,dirichlet_10,,
891,0.9857690202517788,0.9365079365079365,0.7142857142857143,5.0,0.8181818181818182,0.17524161609553057,0.2529961206544481,dirichlet_10,,
892,0.9896004378762999,0.947089947089947,0.7142857142857143,4.0,1.0,0.30113428726284164,0.3505671436314208,dirichlet_10,,
893,0.9901477832512315,0.9365079365079365,0.7857142857142857,2.0,1.0,0.13939033345281404,0.2546258127221946,dirichlet_10,,
894,0.9480021893814996,0.8518518518518519,1.7857142857142858,9.0,0.8181818181818182,0.2253505897313687,0.28284187841988645,dirichlet_10,,
895,0.9644225506294472,0.8941798941798942,1.2142857142857142,8.0,0.8181818181818182,0.2330062749503226,0.29383316814093263,dirichlet_10,,
896,0.9644225506294472,0.8412698412698412,1.7142857142857142,4.0,0.6666666666666666,0.32512149183088246,0.3255451040841434,dirichlet_10,,
897,0.9770114942528736,0.8994708994708994,1.1428571428571428,6.0,0.8181818181818182,0.22662189259303803,0.26131042064079707,dirichlet_10,,
898,0.9764641488779421,0.8941798941798942,1.1428571428571428,5.0,0.6666666666666666,0.24217535807491428,0.30621637932088447,dirichlet_10,,
899,0.9813902572523261,0.91005291005291,1.0714285714285714,4.0,1.0,0.17741265303806986,0.2576198807534011,dirichlet_10,,
900,0.980295566502463,0.8994708994708994,1.0,5.0,0.8181818181818182,0.23655654389650393,0.2665849389874741,dirichlet_10,,
901,0.9704433497536945,0.8677248677248677,1.4285714285714286,5.0,1.0,0.24870096919406579,0.29527763475850577,dirichlet_10,,
902,0.990695128626163,0.9365079365079365,0.7142857142857143,3.0,0.6666666666666666,0.1695312342465552,0.28278152595255185,dirichlet_10,,
903,0.9660645867542419,0.857142857142857,1.5714285714285714,6.0,0.6666666666666666,0.3425955123370051,0.3132296593316083,dirichlet_10,,
904,0.9709906951286261,0.8994708994708994,1.1428571428571428,8.0,0.8181818181818182,0.1735378283438706,0.25234533659102276,dirichlet_10,,
905,0.9677066228790366,0.8518518518518519,1.5,5.0,0.6666666666666666,0.30336779515946277,0.2783517436025098,dirichlet_10,,
906,0.9545703338806788,0.8624338624338624,1.7142857142857142,8.0,0.8181818181818182,0.252892062768483,0.2716948156344548,dirichlet_10,,
907,0.9764641488779421,0.8888888888888887,1.1428571428571428,4.0,0.8181818181818182,0.22963914460162563,0.285483966948236,dirichlet_10,,
908,0.9731800766283524,0.8783068783068783,1.2857142857142858,5.0,1.0,0.17734086617263878,0.28867043308631934,dirichlet_10,,
909,0.980295566502463,0.9047619047619047,1.0714285714285714,4.0,0.8181818181818182,0.24848672737704156,0.3132462498721704,dirichlet_10,,
910,0.9846743295019157,0.9206349206349207,1.0,4.0,0.8181818181818182,0.1588724696284586,0.24809226142399562,dirichlet_10,,
911,0.9841269841269842,0.9153439153439152,1.0,3.0,0.8181818181818182,0.19706071270491501,0.28210482995890157,dirichlet_10,,
912,0.9436234263820471,0.8518518518518519,1.5714285714285714,11.0,0.8181818181818182,0.27651963418748404,0.2919571221443266,dirichlet_10,,
913,0.9534756431308156,0.8306878306878307,1.8571428571428572,6.0,0.6666666666666666,0.3354170480178472,0.3545309576349471,dirichlet_10,,
914,0.9950738916256158,0.9629629629629629,0.42857142857142855,2.0,1.0,0.04478270730784667,0.22102070964043855,dirichlet_10,,
915,0.9737274220032841,0.8783068783068783,1.3571428571428572,5.0,0.8181818181818182,0.30215661226261753,0.30826072052456716,dirichlet_10,,
916,0.9726327312534209,0.8730158730158729,1.4285714285714286,5.0,0.6666666666666666,0.2505131315513308,0.2587261465897837,dirichlet_10,,
917,0.9748221127531472,0.8888888888888887,1.2857142857142858,5.0,0.8181818181818182,0.21203515594207295,0.26688933445854585,dirichlet_10,,
918,0.975369458128079,0.8941798941798942,1.2142857142857142,6.0,0.8181818181818182,0.3267153823446029,0.29548551192522415,dirichlet_10,,
919,0.9184455391351943,0.8095238095238094,2.2857142857142856,11.0,0.8181818181818182,0.25535936600317344,0.28867673258548354,dirichlet_10,,
920,0.9655172413793103,0.8624338624338624,1.5714285714285714,5.0,0.8181818181818182,0.323434020620264,0.28137913890629024,dirichlet_10,,
921,0.9934318555008209,0.9523809523809524,0.5714285714285714,2.0,1.0,0.09973902322487141,0.24145825435540558,dirichlet_10,,
922,0.9764641488779421,0.8941798941798942,1.1428571428571428,5.0,0.8181818181818182,0.28359557857188356,0.28754841679239457,dirichlet_10,,
923,0.9277504105090312,0.8042328042328042,2.2142857142857144,8.0,0.8181818181818182,0.34011544460857557,0.28830446657690384,dirichlet_10,,
924,0.9704433497536945,0.91005291005291,1.2142857142857142,8.0,0.8181818181818182,0.13850644659100628,0.23186718528595396,dirichlet_10,,
925,0.9616858237547894,0.8677248677248677,1.5,7.0,0.8181818181818182,0.2746826443232563,0.25449694590472693,dirichlet_10,,
926,0.967159277504105,0.8783068783068783,1.5,6.0,1.0,0.23277053120982658,0.2504910347549274,dirichlet_10,,
927,0.9693486590038315,0.8677248677248677,1.3571428571428572,6.0,1.0,0.24418076474306485,0.32209038237153237,dirichlet_10,,
928,0.980295566502463,0.9047619047619047,1.1428571428571428,4.0,1.0,0.19193658701484906,0.2551306499904109,dirichlet_10,,
929,0.9589490968801313,0.8518518518518519,1.6428571428571428,6.0,1.0,0.23620045994319144,0.2793360084869077,dirichlet_10,,
930,0.9616858237547894,0.8941798941798942,1.3571428571428572,9.0,0.8181818181818182,0.26873467756091785,0.3192413411196667,dirichlet_10,,
931,0.9863163656267103,0.9259259259259259,0.9285714285714286,3.0,0.8181818181818182,0.21129154449209644,0.29253599521155704,dirichlet_10,,
932,0.9770114942528736,0.9047619047619047,1.0714285714285714,7.0,0.6666666666666666,0.2864842820072538,0.28224776671328944,dirichlet_10,,
933,0.962233169129721,0.8677248677248677,1.6428571428571428,6.0,1.0,0.21671338256889536,0.2831486183316315,dirichlet_10,,
934,0.9885057471264367,0.9312169312169312,0.7857142857142857,4.0,0.8181818181818182,0.18556917406890802,0.24944899647287197,dirichlet_10,,
935,0.9512862616310892,0.8359788359788359,1.7857142857142858,8.0,0.8181818181818182,0.25169633446441975,0.28926900298060687,dirichlet_10,,
936,0.9846743295019157,0.9206349206349207,1.0,4.0,1.0,0.10998604960843805,0.23371881958720073,dirichlet_10,,
937,0.9698960043787629,0.8677248677248677,1.5,5.0,0.8181818181818182,0.25948150219337696,0.27105853509893707,dirichlet_10,,
938,0.975369458128079,0.8888888888888887,1.2857142857142858,5.0,0.8181818181818182,0.28649582322142275,0.3094837996069679,dirichlet_10,,
939,0.9414340448823207,0.8465608465608466,1.6428571428571428,11.0,0.6666666666666666,0.29259815197150085,0.3462990759857503,dirichlet_10,,
940,0.990695128626163,0.9417989417989417,0.7142857142857143,2.0,0.6666666666666666,0.22666481637002928,0.24334523114834283,dirichlet_10,,
941,0.9852216748768472,0.9206349206349207,1.0,4.0,1.0,0.11077404660480539,0.2300117014685529,dirichlet_10,,
942,0.9857690202517788,0.9206349206349207,0.9285714285714286,3.0,0.8181818181818182,0.2184328505039134,0.2947556470757241,dirichlet_10,,
943,0.990695128626163,0.9523809523809524,0.6428571428571429,4.0,1.0,0.2292006639998536,0.3146003319999269,dirichlet_10,,
944,0.9770114942528736,0.8888888888888887,1.2857142857142858,4.0,0.8181818181818182,0.2872385864012421,0.294238664354211,dirichlet_10,,
945,0.980295566502463,0.9047619047619047,1.0,6.0,0.6666666666666666,0.20530796616118843,0.3026539830805942,dirichlet_10,,
946,0.939792008757526,0.8253968253968254,2.0,8.0,0.6666666666666666,0.38520005221431797,0.3271512735173687,dirichlet_10,,
947,0.9463601532567051,0.8253968253968254,1.7857142857142858,6.0,1.0,0.31607083268038016,0.2844474749706476,dirichlet_10,,
948,0.9863163656267103,0.9259259259259259,0.8571428571428571,4.0,1.0,0.22022813740720162,0.2818037008003433,dirichlet_10,,
949,0.9808429118773946,0.9047619047619047,1.1428571428571428,4.0,0.8181818181818182,0.23172695152690603,0.25768323074999966,dirichlet_10,,
950,0.9742747673782157,0.8994708994708994,1.1428571428571428,6.0,0.8181818181818182,0.2765691484891841,0.3284064345260852,dirichlet_10,,
951,0.9704433497536945,0.8783068783068783,1.2857142857142858,7.0,0.6666666666666666,0.24383176228322853,0.2903022125685843,dirichlet_10,,
952,0.9255610290093048,0.798941798941799,2.0,10.0,0.8181818181818182,0.29109568158374677,0.3262817993866967,dirichlet_10,,
953,0.90311986863711,0.7619047619047619,2.5714285714285716,12.0,0.8181818181818182,0.3018163736344468,0.3063511162753027,dirichlet_10,,
954,0.8741105637657363,0.7566137566137565,2.857142857142857,14.0,0.8181818181818182,0.2800001985326776,0.27435437591586054,dirichlet_10,,
955,0.983032293377121,0.9206349206349207,0.9285714285714286,6.0,0.8181818181818182,0.2429919410957303,0.26250096192380135,dirichlet_10,,
956,0.9474548440065682,0.8359788359788359,1.8571428571428572,7.0,0.8181818181818182,0.4050145882560913,0.40250729412804565,dirichlet_10,,
957,0.9759168035030105,0.8783068783068783,1.2142857142857142,5.0,0.8181818181818182,0.28274427200799546,0.2991417390584043,dirichlet_10,,
958,0.9939792008757526,0.9576719576719577,0.5,2.0,1.0,0.1265607002961977,0.24301534268334926,dirichlet_10,,
959,0.8932676518883416,0.7513227513227513,2.5714285714285716,14.0,0.8181818181818182,0.4004187773722597,0.3371525510019729,dirichlet_10,,
960,0.9792008757525997,0.8941798941798942,1.2142857142857142,4.0,1.0,0.20002325580373825,0.3000116279018691,dirichlet_10,,
961,0.9808429118773946,0.8994708994708994,1.0714285714285714,4.0,0.8181818181818182,0.3659696468131842,0.33292559202863525,dirichlet_10,,
962,0.9917898193760263,0.947089947089947,0.6428571428571429,2.0,0.8181818181818182,0.1729199581208999,0.26382367543830576,dirichlet_10,,
963,0.980295566502463,0.9047619047619047,1.0,5.0,1.0,0.16143365406288085,0.2738375119289671,dirichlet_10,,
964,0.9759168035030105,0.8994708994708994,1.2857142857142858,6.0,1.0,0.22802741704435436,0.2994069138338222,dirichlet_10,,
965,0.9901477832512315,0.947089947089947,0.7142857142857143,4.0,1.0,0.10647910998819773,0.23744086569735445,dirichlet_10,,
966,0.7515051997810619,0.582010582010582,4.0,20.0,0.6666666666666666,0.5342773350413056,0.4388467645436689,dirichlet_10,,
967,0.967159277504105,0.8835978835978835,1.2142857142857142,8.0,0.6666666666666666,0.4098738226041041,0.3554814511031225,dirichlet_10,,
968,0.9677066228790366,0.8730158730158729,1.3571428571428572,7.0,0.6666666666666666,0.3073953036965761,0.353697651848288,dirichlet_10,,
969,0.9890530925013684,0.9259259259259259,0.8571428571428571,3.0,0.8181818181818182,0.22359711759734607,0.30426560127660063,dirichlet_10,,
970,0.9912424740010948,0.9417989417989417,0.6428571428571429,3.0,0.8181818181818182,0.2297741992312197,0.25264752921673067,dirichlet_10,,
971,0.9677066228790366,0.8624338624338624,1.5,5.0,1.0,0.19027621351462817,0.2912393515119709,dirichlet_10,,
972,0.9841269841269842,0.9153439153439152,1.0,4.0,0.8181818181818182,0.15752483888629173,0.23808184749629813,dirichlet_10,,
973,0.9562123700054733,0.8518518518518519,1.7142857142857142,8.0,0.8181818181818182,0.33417371748171815,0.2852073521923938,dirichlet_10,,
974,0.9846743295019157,0.91005291005291,0.9285714285714286,4.0,0.8181818181818182,0.09798875434072382,0.24758830135142318,dirichlet_10,,
975,0.9277504105090312,0.7936507936507936,2.2142857142857144,8.0,0.6666666666666666,0.3367400588475824,0.3547558516798554,dirichlet_10,,
976,0.9742747673782157,0.8835978835978835,1.2142857142857142,6.0,1.0,0.2101582073744398,0.30119458642465785,dirichlet_10,,
977,0.986863711001642,0.9259259259259259,0.8571428571428571,4.0,0.8181818181818182,0.12002352358593649,0.2576643343452849,dirichlet_10,,
978,0.980295566502463,0.9047619047619047,1.0714285714285714,5.0,0.8181818181818182,0.13928634435205678,0.2626511182611635,dirichlet_10,,
979,0.9934318555008209,0.9523809523809524,0.5714285714285714,2.0,1.0,0.09602130089314304,0.22477238357389107,dirichlet_10,,
980,0.9775588396278051,0.8994708994708994,1.2142857142857142,5.0,0.8181818181818182,0.19254288094003222,0.26363330673805146,dirichlet_10,,
981,0.9518336070060207,0.8359788359788359,1.7857142857142858,7.0,1.0,0.3016478886373303,0.35082394431866515,dirichlet_10,,
982,0.9693486590038315,0.8835978835978835,1.2857142857142858,6.0,0.8181818181818182,0.20317439995298017,0.27333524941017856,dirichlet_10,,
983,0.9874110563765736,0.9259259259259259,0.9285714285714286,3.0,0.8181818181818182,0.2714304907995777,0.31801341743612355,dirichlet_10,,
984,0.9709906951286261,0.8888888888888887,1.4285714285714286,6.0,1.0,0.2599412621169121,0.3047407867952606,dirichlet_10,,
985,0.9425287356321838,0.8253968253968254,1.8571428571428572,8.0,0.8181818181818182,0.30437388296044876,0.30889701297950123,dirichlet_10,,
986,0.9781061850027366,0.8994708994708994,1.1428571428571428,5.0,0.8181818181818182,0.23579087763859155,0.27224301791031574,dirichlet_10,,
987,0.9682539682539683,0.8783068783068783,1.3571428571428572,6.0,0.8181818181818182,0.3363825595694887,0.2659237239742666,dirichlet_10,,
988,0.9824849480021893,0.9259259259259259,0.8571428571428571,5.0,0.8181818181818182,0.22521819293489936,0.27798443130369765,dirichlet_10,,
989,0.9835796387520527,0.9206349206349207,1.0,4.0,0.8181818181818182,0.1919822928142212,0.25838129250810704,dirichlet_10,,
990,0.9726327312534209,0.8783068783068783,1.3571428571428572,5.0,0.8181818181818182,0.21561491765294524,0.2463595657492632,dirichlet_10,,
991,0.9693486590038315,0.8994708994708994,1.1428571428571428,8.0,0.8181818181818182,0.1647744157503579,0.25717504085700843,dirichlet_10,,
992,0.9786535303776682,0.9047619047619047,1.1428571428571428,5.0,0.8181818181818182,0.22496684746553477,0.2794171394492093,dirichlet_10,,
993,0.9857690202517788,0.9153439153439152,0.9285714285714286,4.0,0.8181818181818182,0.13913423797049843,0.23351241206476733,dirichlet_10,,
994,0.9726327312534209,0.8730158730158729,1.4285714285714286,5.0,0.6666666666666666,0.25878132174186685,0.2649507155330854,dirichlet_10,,
995,0.9934318555008209,0.9523809523809524,0.5714285714285714,2.0,1.0,0.04833496895943795,0.21483714297289772,dirichlet_10,,
996,0.9677066228790366,0.8730158730158729,1.4285714285714286,5.0,0.8181818181818182,0.24485317666083808,0.2659786291386765,dirichlet_10,,
997,0.9808429118773946,0.9206349206349207,1.0,6.0,0.8181818181818182,0.2587017254009033,0.2968080551229237,dirichlet_10,,
998,0.990695128626163,0.9417989417989417,0.6428571428571429,3.0,0.8181818181818182,0.1123711793840316,0.2323032528061407,dirichlet_10,,
999,0.9813902572523261,0.91005291005291,1.0714285714285714,5.0,0.8181818181818182,0.19074832239227382,0.27135012029071315,dirichlet_10,,
1000,0.7608100711548987,0.5925925925925926,4.071428571428571,20.0,0.6666666666666666,0.7460171387853602,0.4869366514865417,dirichlet_1,,
1001,0.962233169129721,0.857142857142857,1.4285714285714286,7.0,0.8181818181818182,0.24048733512758977,0.31135280574182195,dirichlet_1,,
1002,0.6201423097974823,0.46031746031746035,5.071428571428571,20.0,0.5384615384615384,0.8260167799989225,0.6130083899994613,dirichlet_1,,
1003,0.8680897646414888,0.7195767195767195,2.857142857142857,10.0,0.6666666666666666,0.6393073975324071,0.4662159874336697,dirichlet_1,,
1004,0.7985769020251778,0.6296296296296297,4.071428571428571,15.0,0.6666666666666666,0.8527908460841186,0.44674331983231425,dirichlet_1,,
1005,0.920087575259989,0.7671957671957672,2.5,9.0,0.6666666666666666,0.6621120672791649,0.3842805771856911,dirichlet_1,,
1006,0.9600437876299945,0.857142857142857,1.5,6.0,0.8181818181818182,0.4072242682508051,0.32923753353125934,dirichlet_1,,
1007,0.7597153804050356,0.5873015873015872,4.214285714285714,20.0,0.6666666666666666,0.8044812105830208,0.5172680515408843,dirichlet_1,,
1008,0.8828680897646416,0.6984126984126984,3.2142857142857144,8.0,0.6666666666666666,0.7850602961566294,0.4710365549828262,dirichlet_1,,
1009,0.88232074438971,0.7248677248677248,2.9285714285714284,11.0,0.5384615384615384,0.8389079186167672,0.530934812793102,dirichlet_1,,
1010,0.5298303229337711,0.44444444444444436,5.714285714285714,20.0,0.5384615384615384,1.1243050650115651,0.4961206731100499,dirichlet_1,,
1011,0.9896004378762999,0.9312169312169312,0.7857142857142857,3.0,0.6666666666666666,0.37290809093020527,0.29833745363423125,dirichlet_1,,
1012,0.715927750410509,0.5291005291005291,4.571428571428571,18.0,0.6666666666666666,0.9272823591895007,0.6298224787279083,dirichlet_1,,
1013,0.6655719759168035,0.4920634920634921,5.142857142857143,14.0,0.5384615384615384,0.9054355993915393,0.6527177996957697,dirichlet_1,,
1014,0.9496442255062943,0.8201058201058201,1.8571428571428572,6.0,0.8181818181818182,0.3556062318789166,0.32086499072252134,dirichlet_1,,
1015,0.9452654625068418,0.8042328042328042,1.8571428571428572,7.0,0.6666666666666666,0.7087156586287306,0.47262316622427786,dirichlet_1,,
1016,0.9682539682539683,0.8677248677248677,1.5714285714285714,5.0,0.6666666666666666,0.4568456984876095,0.3784111539131038,dirichlet_1,,
1017,0.8281335522714832,0.6349206349206349,3.5,15.0,0.5384615384615384,0.6936373869052099,0.45395491506298846,dirichlet_1,,
1018,0.912424740010947,0.7883597883597884,2.2857142857142856,11.0,0.5384615384615384,0.32829060396966286,0.3216418649924581,dirichlet_1,,
1019,0.840175150519978,0.7037037037037037,3.357142857142857,14.0,0.8181818181818182,0.6134994770378508,0.4198828603146579,dirichlet_1,,
1020,0.9436234263820471,0.798941798941799,2.142857142857143,7.0,0.6666666666666666,0.6889341778321584,0.5444670889160792,dirichlet_1,,
1021,0.9518336070060207,0.8095238095238094,1.9285714285714286,7.0,0.6666666666666666,0.46287613614089185,0.4190293540937592,dirichlet_1,,
1022,0.7268746579091406,0.566137566137566,4.142857142857143,20.0,0.6666666666666666,0.6911319672838299,0.45071090526981705,dirichlet_1,,
1023,0.90311986863711,0.7460317460317459,2.7857142857142856,9.0,0.6666666666666666,0.4288873743790406,0.41444368718952024,dirichlet_1,,
1024,0.9556650246305418,0.8253968253968254,1.7857142857142858,7.0,0.6666666666666666,0.48848079415198953,0.3950542358115572,dirichlet_1,,
1025,0.9343185550082101,0.7777777777777777,2.357142857142857,7.0,0.6666666666666666,0.8049236334249065,0.6024618167124531,dirichlet_1,,
1026,0.9310344827586207,0.798941798941799,2.142857142857143,7.0,0.6666666666666666,0.5096115145866302,0.32971814345265976,dirichlet_1,,
1027,0.8407224958949097,0.6825396825396826,3.4285714285714284,12.0,0.8181818181818182,0.6168915606851965,0.4471752984825103,dirichlet_1,,
1028,0.9589490968801313,0.8412698412698412,1.7857142857142858,5.0,0.6666666666666666,0.3400528592729214,0.334813262567032,dirichlet_1,,
1029,0.8620689655172413,0.708994708994709,3.142857142857143,13.0,0.8181818181818182,1.182749466897767,0.7913747334488834,dirichlet_1,,
1030,0.7509578544061303,0.6084656084656085,4.142857142857143,17.0,0.6666666666666666,0.5224199006884338,0.343654829827427,dirichlet_1,,
1031,0.7575259989053093,0.6243386243386243,3.9285714285714284,22.0,0.6666666666666666,0.8275915126283535,0.5903118053707709,dirichlet_1,,
1032,0.7164750957854407,0.5608465608465608,4.285714285714286,19.0,0.6666666666666666,0.6001934869766875,0.3948639434171232,dirichlet_1,,
1033,0.9529282977558841,0.8412698412698412,1.6428571428571428,7.0,0.8181818181818182,0.5293297796481917,0.35118870745325026,dirichlet_1,,
1034,0.8264915161466886,0.6402116402116401,3.642857142857143,12.0,0.6666666666666666,0.750113249992434,0.42641091551242,dirichlet_1,,
1035,0.8877941981390256,0.7248677248677248,3.0,12.0,0.6666666666666666,0.4564915400613904,0.3889529203189785,dirichlet_1,,
1036,0.9485495347564312,0.8359788359788359,1.8571428571428572,6.0,0.8181818181818182,0.5646819241163192,0.3676960260707527,dirichlet_1,,
1037,0.9430760810071154,0.7936507936507936,2.142857142857143,7.0,0.6666666666666666,0.8625840031756422,0.6305957676031884,dirichlet_1,,
1038,0.8500273672687465,0.6613756613756614,3.4285714285714284,9.0,0.6666666666666666,0.6521409521108359,0.46201534423059626,dirichlet_1,,
1039,0.6934865900383141,0.5238095238095238,4.857142857142857,19.0,0.6666666666666666,0.7470857716245018,0.4115412750745752,dirichlet_1,,
1040,0.8374384236453202,0.6613756613756614,3.357142857142857,16.0,0.8181818181818182,0.6493900390999339,0.4892866369628204,dirichlet_1,,
1041,0.8264915161466886,0.6507936507936508,3.642857142857143,16.0,0.6666666666666666,0.6618062831281778,0.4995932404516326,dirichlet_1,,
1042,0.7137383689107826,0.5502645502645502,4.785714285714286,13.0,0.5384615384615384,0.7082927536400194,0.5541463768200097,dirichlet_1,,
1043,0.9085933223864259,0.7566137566137565,2.4285714285714284,10.0,0.6666666666666666,0.6837141774413087,0.521077561920724,dirichlet_1,,
1044,0.8451012588943623,0.6507936507936508,3.5714285714285716,9.0,0.6666666666666666,0.9641775503840738,0.6153844194812493,dirichlet_1,,
1045,0.5714285714285714,0.4708994708994709,5.571428571428571,19.0,0.5384615384615384,0.8031407660263274,0.5850971601833315,dirichlet_1,,
1046,0.7602627257799672,0.5767195767195767,4.571428571428571,16.0,0.6666666666666666,0.7973364584808622,0.44846078151159685,dirichlet_1,,
1047,0.8210180623973727,0.6984126984126984,3.142857142857143,18.0,0.6666666666666666,0.4643167255190832,0.3360131250198387,dirichlet_1,,
1048,0.8981937602627257,0.7513227513227513,2.7857142857142856,10.0,0.6666666666666666,0.5513681599451671,0.41685906502465303,dirichlet_1,,
1049,0.8609742747673782,0.7248677248677248,2.857142857142857,15.0,0.8181818181818182,0.681081465003071,0.4087566736755954,dirichlet_1,,
1050,0.7547892720306513,0.6031746031746031,3.9285714285714284,21.0,0.6666666666666666,0.5755705697719254,0.3040554340002021,dirichlet_1,,
1051,0.9518336070060207,0.8253968253968254,1.9285714285714286,5.0,0.6666666666666666,0.5953746604497545,0.3576954462365839,dirichlet_1,,
1052,0.779967159277504,0.6507936507936508,4.0,16.0,0.6666666666666666,0.48253008341907055,0.3145067406987733,dirichlet_1,,
1053,0.9386973180076628,0.8148148148148148,2.0,7.0,0.6666666666666666,0.3957572195871399,0.309771353963591,dirichlet_1,,
1054,0.5112205801860974,0.37037037037037035,6.642857142857143,17.0,0.3333333333333333,1.160294654349807,0.7801473271749035,dirichlet_1,,
1055,0.9485495347564312,0.8306878306878307,1.7857142857142858,7.0,0.8181818181818182,0.45972160825610703,0.34430782985494696,dirichlet_1,,
1056,0.8221127531472359,0.6613756613756614,3.4285714285714284,18.0,0.6666666666666666,0.7426893314895523,0.5713446657447762,dirichlet_1,,
1057,0.967159277504105,0.8624338624338624,1.5,7.0,0.6666666666666666,0.3103234435698165,0.3211630788638483,dirichlet_1,,
1058,0.8708264915161467,0.7248677248677248,2.9285714285714284,11.0,0.6666666666666666,0.5213624419474976,0.3615974854807462,dirichlet_1,,
1059,0.9512862616310892,0.8148148148148148,1.8571428571428572,7.0,0.6666666666666666,0.8366923338221017,0.5967392787434567,dirichlet_1,,
1060,0.6825396825396826,0.5026455026455026,4.928571428571429,16.0,0.5384615384615384,0.8875540594712942,0.6437770297356472,dirichlet_1,,
1061,0.8029556650246306,0.6296296296296297,3.642857142857143,14.0,0.6666666666666666,0.5778796251250566,0.4177340048834142,dirichlet_1,,
1062,0.6009852216748768,0.455026455026455,5.714285714285714,16.0,0.5384615384615384,0.907817495791289,0.4463667448182488,dirichlet_1,,
1063,0.8582375478927203,0.6613756613756614,3.5,10.0,0.5384615384615384,0.7781118002343663,0.4727368730662478,dirichlet_1,,
1064,0.7520525451559934,0.6031746031746031,4.0,20.0,0.6666666666666666,0.44589664363397696,0.3326547741774003,dirichlet_1,,
1065,0.8188286808976464,0.693121693121693,3.0,20.0,0.8181818181818182,0.6117596671222986,0.3689566398341627,dirichlet_1,,
1066,0.8281335522714832,0.6666666666666666,3.2857142857142856,18.0,0.6666666666666666,0.801892538183751,0.4082517239763483,dirichlet_1,,
1067,0.6967706622879036,0.5291005291005291,4.785714285714286,19.0,0.6666666666666666,1.0057982398000773,0.5861465943853659,dirichlet_1,,
1068,0.9666119321291735,0.8624338624338624,1.4285714285714286,6.0,0.8181818181818182,0.9615931508751949,0.6807965754375974,dirichlet_1,,
1069,0.8527640941434045,0.6984126984126984,3.2142857142857144,14.0,0.6666666666666666,0.5297254854403151,0.3992127235912117,dirichlet_1,,
1070,0.6130268199233717,0.43915343915343913,5.928571428571429,16.0,0.42857142857142855,0.9025891797318325,0.6512945898659163,dirichlet_1,,
1071,0.9332238642583469,0.8148148148148148,1.9285714285714286,8.0,0.8181818181818182,0.4526626827822157,0.32983803788961485,dirichlet_1,,
1072,0.883415435139573,0.7301587301587301,2.7142857142857144,12.0,0.5384615384615384,0.6443870567749073,0.4806332041306949,dirichlet_1,,
1073,0.9540229885057472,0.8888888888888887,1.3571428571428572,10.0,0.8181818181818182,0.47754277372050535,0.3059215922115009,dirichlet_1,,
1074,0.8960043787629994,0.7407407407407407,2.4285714285714284,8.0,0.8181818181818182,0.6634162774434551,0.49011493014731244,dirichlet_1,,
1075,0.9113300492610837,0.7671957671957672,2.5714285714285716,10.0,0.6666666666666666,0.46881926874946345,0.32002023421039266,dirichlet_1,,
1076,0.9441707717569787,0.7936507936507936,2.142857142857143,7.0,0.6666666666666666,0.6776697171425675,0.45536168801809934,dirichlet_1,,
1077,0.7170224411603723,0.5396825396825397,4.928571428571429,16.0,0.5384615384615384,0.9282113179931945,0.6641056589965971,dirichlet_1,,
1078,0.986863711001642,0.9259259259259259,0.9285714285714286,4.0,0.8181818181818182,0.2673071633848783,0.3331526763566363,dirichlet_1,,
1079,0.8308702791461413,0.6507936507936508,3.5,14.0,0.6666666666666666,0.6701196824514788,0.460485345657582,dirichlet_1,,
1080,0.8845101258894362,0.7195767195767195,2.7857142857142856,12.0,0.5384615384615384,0.44059876222143746,0.4200047776631903,dirichlet_1,,
1081,0.7777777777777778,0.6243386243386243,3.9285714285714284,17.0,0.6666666666666666,0.6399122545690199,0.34807445485703614,dirichlet_1,,
1082,0.7805145046524357,0.5873015873015872,4.357142857142857,10.0,0.8181818181818182,0.8727621768777006,0.6363810884388503,dirichlet_1,,
1083,0.8604269293924467,0.656084656084656,3.4285714285714284,9.0,0.5384615384615384,0.7303966326582843,0.43128265704704205,dirichlet_1,,
1084,0.9414340448823207,0.8201058201058201,2.0714285714285716,8.0,0.8181818181818182,0.2726083697530206,0.29715481491922263,dirichlet_1,,
1085,0.883415435139573,0.7037037037037037,3.0714285714285716,9.0,0.6666666666666666,0.7059203743391647,0.3883971212580056,dirichlet_1,,
1086,0.8724685276409413,0.708994708994709,3.2142857142857144,11.0,0.5384615384615384,0.5571715772795307,0.4485340317358128,dirichlet_1,,
1087,0.9430760810071154,0.798941798941799,2.142857142857143,7.0,0.6666666666666666,0.9342033612445252,0.6671016806222626,dirichlet_1,,
1088,0.6956759715380404,0.5714285714285714,4.785714285714286,17.0,0.6666666666666666,0.623687479572496,0.4828954738495826,dirichlet_1,,
1089,0.8609742747673782,0.6666666666666666,3.357142857142857,9.0,0.6666666666666666,0.45509274641902586,0.36970704610159294,dirichlet_1,,
1090,0.9594964422550629,0.857142857142857,1.5,6.0,1.0,0.24318758372632182,0.25660728023079044,dirichlet_1,,
1091,0.6737821565407772,0.48677248677248675,5.071428571428571,20.0,0.6666666666666666,1.1455722729503668,0.7727861364751833,dirichlet_1,,
1092,0.962233169129721,0.8677248677248677,1.4285714285714286,7.0,0.8181818181818182,0.6447966032312857,0.48044868293055354,dirichlet_1,,
1093,0.9403393541324575,0.8201058201058201,1.7857142857142858,7.0,0.8181818181818182,0.8154692310809394,0.569013271701226,dirichlet_1,,
1094,0.6299945265462507,0.44444444444444436,5.357142857142857,20.0,0.5384615384615384,0.9980654878595254,0.5055406518758734,dirichlet_1,,
1095,0.8423645320197045,0.6613756613756614,3.4285714285714284,12.0,0.6666666666666666,0.5522531771461703,0.4618050503292981,dirichlet_1,,
1096,0.6420361247947455,0.4920634920634921,5.285714285714286,16.0,0.6666666666666666,0.8919353727917843,0.6180731360019966,dirichlet_1,,
1097,0.8308702791461413,0.6296296296296297,3.7142857142857144,10.0,0.6666666666666666,0.8033801515198151,0.40642063499026354,dirichlet_1,,
1098,0.8024083196496988,0.619047619047619,3.9285714285714284,11.0,0.6666666666666666,0.7150792505738228,0.5575396252869114,dirichlet_1,,
1099,0.8522167487684729,0.6878306878306878,3.0714285714285716,12.0,0.6666666666666666,0.48625213020333913,0.4405285465098522,dirichlet_1,,
1100,0.5796387520525451,0.43386243386243384,5.571428571428571,18.0,0.5384615384615384,0.796714776590877,0.5636298612633313,dirichlet_1,,
1101,0.696223316912972,0.5343915343915343,4.714285714285714,22.0,0.5384615384615384,0.9223026945867758,0.4751133523752021,dirichlet_1,,
1102,0.9343185550082101,0.7883597883597884,2.357142857142857,6.0,0.6666666666666666,0.5574942647058347,0.40467513475357164,dirichlet_1,,
1103,0.8987411056376573,0.7195767195767195,2.9285714285714284,9.0,0.6666666666666666,0.4950536848773354,0.35398475889014397,dirichlet_1,,
1104,0.9009304871373838,0.798941798941799,2.142857142857143,15.0,0.6666666666666666,0.5320387218916767,0.41528998194196753,dirichlet_1,,
1105,0.7870826491516147,0.6031746031746031,3.7857142857142856,16.0,0.6666666666666666,0.5398497803094557,0.4074225599998556,dirichlet_1,,
1106,0.9288451012588943,0.7936507936507936,2.4285714285714284,8.0,0.6666666666666666,0.3946518663958426,0.30939266001224347,dirichlet_1,,
1107,0.8817733990147782,0.7142857142857143,3.0714285714285716,9.0,0.6666666666666666,0.552735642097165,0.3980197814489717,dirichlet_1,,
1108,0.8724685276409413,0.7037037037037037,3.142857142857143,10.0,0.8181818181818182,0.7640694694677943,0.5026180783738292,dirichlet_1,,
1109,0.9704433497536945,0.8677248677248677,1.4285714285714286,5.0,1.0,0.34375283310111443,0.34612065568122513,dirichlet_1,,
1110,0.9813902572523261,0.9047619047619047,1.0,5.0,0.8181818181818182,0.2544628449037457,0.28851210112312115,dirichlet_1,,
1111,0.9813902572523261,0.9153439153439152,1.0,5.0,0.8181818181818182,0.29680422951430296,0.3110515884390244,dirichlet_1,,
1112,0.47071702244116037,0.35978835978835977,6.428571428571429,19.0,0.3333333333333333,0.9502970289454167,0.6751485144727083,dirichlet_1,,
1113,0.9206349206349206,0.7619047619047619,2.642857142857143,6.0,0.6666666666666666,0.6313761787276131,0.39365530213326827,dirichlet_1,,
1114,0.9304871373836892,0.7777777777777777,2.2857142857142856,7.0,0.6666666666666666,0.6340652127740019,0.48953079815600054,dirichlet_1,,
1115,0.8954570333880678,0.7671957671957672,2.642857142857143,12.0,0.8181818181818182,0.44723916436763556,0.3311334062898558,dirichlet_1,,
1116,0.8555008210180624,0.6772486772486772,3.357142857142857,14.0,0.6666666666666666,0.6240869304173995,0.48757207138560815,dirichlet_1,,
1117,0.9600437876299945,0.8359788359788359,1.6428571428571428,7.0,0.6666666666666666,0.6051964287115909,0.5025982143557953,dirichlet_1,,
1118,0.90311986863711,0.7619047619047619,2.5714285714285716,11.0,0.5384615384615384,0.5726173463415004,0.45934406983209886,dirichlet_1,,
1119,0.7323481116584564,0.5714285714285714,4.428571428571429,21.0,0.5384615384615384,0.8430512742907866,0.6215256371453933,dirichlet_1,,
1120,0.8434592227695675,0.6772486772486772,3.2142857142857144,16.0,0.8181818181818182,0.5991264775013413,0.4558188302707514,dirichlet_1,,
1121,0.7805145046524357,0.6719576719576719,3.7857142857142856,19.0,0.6666666666666666,0.5108350006243757,0.36625861559755724,dirichlet_1,,
1122,0.980295566502463,0.8994708994708994,1.0714285714285714,4.0,0.8181818181818182,0.22469268162374575,0.2990547211860662,dirichlet_1,,
1123,0.6310892172961139,0.43915343915343913,5.357142857142857,19.0,0.6666666666666666,1.162781090787158,0.781390545393579,dirichlet_1,,
1124,0.9370552818828681,0.798941798941799,2.0714285714285716,7.0,0.6666666666666666,0.7832069053473323,0.5916034526736662,dirichlet_1,,
1125,0.7586206896551723,0.5925925925925926,3.9285714285714284,18.0,0.6666666666666666,0.5458960898649395,0.38598572281188864,dirichlet_1,,
1126,0.7049808429118773,0.5343915343915343,4.642857142857143,21.0,0.5384615384615384,0.9083159640577734,0.5272910889434071,dirichlet_1,,
1127,0.8565955117679256,0.708994708994709,2.9285714285714284,11.0,0.6666666666666666,0.6974007329946086,0.4393482021596965,dirichlet_1,,
1128,0.8615216201423097,0.656084656084656,3.4285714285714284,9.0,0.42857142857142855,0.841210206612109,0.4150931675789691,dirichlet_1,,
1129,0.9551176792556102,0.8518518518518519,1.6428571428571428,7.0,0.8181818181818182,0.5255712429213699,0.38991299212601377,dirichlet_1,,
1130,0.918992884510126,0.7566137566137565,2.2857142857142856,8.0,0.6666666666666666,0.5316123514115035,0.4658061757057518,dirichlet_1,,
1131,0.9326765188834154,0.7671957671957672,2.357142857142857,7.0,0.6666666666666666,0.7775330184503012,0.4135654695169012,dirichlet_1,,
1132,0.9540229885057472,0.8306878306878307,1.6428571428571428,7.0,0.6666666666666666,0.5428421538692585,0.43840911831421603,dirichlet_1,,
1133,0.8719211822660098,0.6825396825396826,3.142857142857143,9.0,0.6666666666666666,0.5675912122017208,0.35954862140063876,dirichlet_1,,
1134,0.9879584017515052,0.9365079365079365,0.8571428571428571,4.0,1.0,0.27635253931464965,0.26276410353973706,dirichlet_1,,
1135,0.886152162014231,0.7142857142857143,3.142857142857143,11.0,0.5384615384615384,0.7704056459435197,0.5846400175840955,dirichlet_1,,
1136,0.9184455391351943,0.7513227513227513,2.5714285714285716,6.0,0.6666666666666666,0.7888265661892474,0.4210736275504845,dirichlet_1,,
1137,0.8182813355227148,0.7195767195767195,2.9285714285714284,20.0,0.6666666666666666,0.48740730672303156,0.3583208454937842,dirichlet_1,,
1138,0.9386973180076628,0.8148148148148148,2.0,7.0,0.8181818181818182,0.7993642032643486,0.46375007178864097,dirichlet_1,,
1139,0.9430760810071154,0.8253968253968254,1.9285714285714286,7.0,0.8181818181818182,0.3661048467083313,0.34980816498857875,dirichlet_1,,
1140,0.8073344280240832,0.6243386243386243,4.0,15.0,0.5384615384615384,0.6154269994307084,0.400224957981081,dirichlet_1,,
1141,0.5982484948002189,0.4497354497354497,5.214285714285714,20.0,0.5384615384615384,1.027022567518631,0.7135112837593155,dirichlet_1,,
1142,0.7898193760262726,0.6296296296296297,4.214285714285714,13.0,0.6666666666666666,0.8513079122902837,0.6143209230165407,dirichlet_1,,
1143,0.7164750957854407,0.544973544973545,4.785714285714286,12.0,0.5384615384615384,0.8790754899866469,0.5350701704616885,dirichlet_1,,
1144,0.8237547892720307,0.6243386243386243,3.7857142857142856,11.0,0.6666666666666666,0.7888518115124546,0.4518360639385201,dirichlet_1,,
1145,0.7274220032840722,0.5608465608465608,4.285714285714286,21.0,0.6666666666666666,0.9741427064241457,0.49373252656356803,dirichlet_1,,
1146,0.9140667761357416,0.783068783068783,2.142857142857143,9.0,0.8181818181818182,0.7448023068438332,0.5724011534219166,dirichlet_1,,
1147,0.8779419813902573,0.6984126984126984,3.0,9.0,0.6666666666666666,0.5936851575390085,0.4706776725215103,dirichlet_1,,
1148,0.9337712096332785,0.7936507936507936,2.2142857142857144,8.0,0.6666666666666666,0.7497612140253362,0.4040224267764979,dirichlet_1,,
1149,0.6912972085385879,0.5343915343915343,4.5,21.0,0.6666666666666666,0.5777617527635364,0.3738665257093235,dirichlet_1,,
1150,0.9731800766283524,0.8888888888888887,1.2857142857142858,6.0,0.8181818181818182,0.35097415161766415,0.3106822990198359,dirichlet_1,,
1151,0.9293924466338259,0.783068783068783,2.5,6.0,0.6666666666666666,0.43358972401460166,0.4069669368162929,dirichlet_1,,
1152,0.7870826491516147,0.6084656084656085,4.0,11.0,0.6666666666666666,0.8342445205661188,0.6171222602830594,dirichlet_1,,
1153,0.9354132457580733,0.8095238095238094,2.0,8.0,0.8181818181818182,0.6561756486904402,0.41477207807934185,dirichlet_1,,
1154,0.9332238642583469,0.783068783068783,2.142857142857143,7.0,0.6666666666666666,0.6044697194385183,0.44762180957074543,dirichlet_1,,
1155,0.8784893267651889,0.708994708994709,3.142857142857143,9.0,0.6666666666666666,0.6836479966878684,0.5418239983439341,dirichlet_1,,
1156,0.8243021346469621,0.619047619047619,3.857142857142857,10.0,0.6666666666666666,0.8311361967758901,0.615568098387945,dirichlet_1,,
1157,0.8828680897646416,0.7354497354497355,2.7857142857142856,11.0,0.5384615384615384,0.833973367386307,0.510568777499254,dirichlet_1,,
1158,0.950191570881226,0.8253968253968254,1.7857142857142858,7.0,0.8181818181818182,0.8823140230204874,0.6411570115102437,dirichlet_1,,
1159,0.8812260536398466,0.7195767195767195,3.0,11.0,0.5384615384615384,0.5597916485923529,0.40730588712921617,dirichlet_1,,
1160,0.8451012588943623,0.6296296296296297,3.642857142857143,9.0,0.42857142857142855,0.627713088950771,0.4610113771231755,dirichlet_1,,
1161,0.8456486042692939,0.693121693121693,3.142857142857143,12.0,0.8181818181818182,0.5224083204082486,0.36291564365719253,dirichlet_1,,
1162,0.8478379857690203,0.6984126984126984,3.0714285714285716,12.0,0.5384615384615384,0.793464398917847,0.520000950528005,dirichlet_1,,
1163,0.8883415435139572,0.693121693121693,3.0714285714285716,9.0,0.5384615384615384,0.6852073489476843,0.49100822542584094,dirichlet_1,,
1164,0.7006020799124247,0.5291005291005291,4.428571428571429,20.0,0.6666666666666666,0.6659709693623386,0.409482169000652,dirichlet_1,,
1165,0.746031746031746,0.5767195767195767,4.214285714285714,12.0,0.5384615384615384,0.7216755190517108,0.4663445457684158,dirichlet_1,,
1166,0.7268746579091406,0.5502645502645502,4.642857142857143,14.0,0.6666666666666666,0.8695824715716463,0.6347912357858231,dirichlet_1,,
1167,0.9430760810071154,0.798941798941799,2.142857142857143,5.0,0.8181818181818182,0.6147115827414131,0.43148709022552006,dirichlet_1,,
1168,0.6447728516694033,0.48148148148148145,5.428571428571429,15.0,0.5384615384615384,0.8834581840250716,0.6417290920125358,dirichlet_1,,
1169,0.9693486590038315,0.8783068783068783,1.2857142857142858,5.0,0.8181818181818182,0.9262876409146942,0.663143820457347,dirichlet_1,,
1170,0.9562123700054733,0.8518518518518519,1.6428571428571428,6.0,0.8181818181818182,0.4174744093615397,0.335998967303942,dirichlet_1,,
1171,0.9824849480021893,0.91005291005291,1.0714285714285714,4.0,0.6666666666666666,0.13351992397079887,0.2260297538007614,dirichlet_1,,
1172,0.9584017515051997,0.8465608465608466,1.5,7.0,0.8181818181818182,0.5459766262429742,0.43839501802887404,dirichlet_1,,
1173,0.7963875205254516,0.5873015873015872,4.142857142857143,14.0,0.42857142857142855,0.9212672765177705,0.4829885205105587,dirichlet_1,,
1174,0.9255610290093048,0.7671957671957672,2.4285714285714284,7.0,0.8181818181818182,0.5550266316308625,0.4397724246328112,dirichlet_1,,
1175,0.9009304871373838,0.7566137566137565,2.4285714285714284,13.0,0.6666666666666666,0.4932917770205065,0.4148768461228446,dirichlet_1,,
1176,0.8122605363984675,0.6084656084656085,3.9285714285714284,11.0,0.5384615384615384,0.7607478706837802,0.45953097355031336,dirichlet_1,,
1177,0.9529282977558841,0.8306878306878307,1.7857142857142858,8.0,0.6666666666666666,0.3697555753944028,0.3092853983986598,dirichlet_1,,
1178,0.7405582922824301,0.6031746031746031,4.214285714285714,18.0,0.6666666666666666,0.7097683601577771,0.43201562033879565,dirichlet_1,,
1179,0.8122605363984675,0.6243386243386243,3.9285714285714284,11.0,0.5384615384615384,0.7571786048645839,0.5467582856805163,dirichlet_1,,
1180,0.9638752052545155,0.8677248677248677,1.5,7.0,0.8181818181818182,0.7307868206534369,0.5653934103267184,dirichlet_1,,
1181,0.6091954022988505,0.41798941798941797,5.428571428571429,20.0,0.42857142857142855,1.1818957379906632,0.7909478689953315,dirichlet_1,,
1182,0.9742747673782157,0.9047619047619047,1.2142857142857142,7.0,0.8181818181818182,0.6234450202359288,0.5117225101179644,dirichlet_1,,
1183,0.8352490421455938,0.6296296296296297,3.5,12.0,0.6666666666666666,0.894598323868162,0.647299161934081,dirichlet_1,,
1184,0.9485495347564312,0.8095238095238094,2.0,5.0,0.6666666666666666,0.4083763724996392,0.28716291885944273,dirichlet_1,,
1185,0.7038861521620142,0.5185185185185185,4.642857142857143,20.0,0.6666666666666666,0.8703478704711787,0.4780360887273929,dirichlet_1,,
1186,0.906951286261631,0.7777777777777777,2.357142857142857,10.0,0.8181818181818182,0.7953855538356704,0.5286213361497195,dirichlet_1,,
1187,0.5933223864258347,0.43386243386243384,5.928571428571429,16.0,0.42857142857142855,1.1053329125632751,0.7301298594494006,dirichlet_1,,
1188,0.9080459770114943,0.7566137566137565,2.5714285714285716,9.0,0.6666666666666666,0.6786110922745936,0.3712108076585706,dirichlet_1,,
1189,0.8412698412698413,0.6772486772486772,3.2142857142857144,11.0,0.6666666666666666,0.7166470372417896,0.5456154649342788,dirichlet_1,,
1190,0.9288451012588943,0.8042328042328042,2.0714285714285716,8.0,0.6666666666666666,0.6535026560767632,0.382067953567188,dirichlet_1,,
1191,0.7701149425287356,0.544973544973545,4.357142857142857,11.0,0.42857142857142855,1.062434830046369,0.7312174150231846,dirichlet_1,,
1192,0.8659003831417624,0.6772486772486772,3.142857142857143,9.0,0.6666666666666666,0.7051793832196847,0.5525896916098423,dirichlet_1,,
1193,0.9562123700054733,0.8412698412698412,1.7142857142857142,7.0,0.6666666666666666,0.6388855841164475,0.4919025982140433,dirichlet_1,,
1194,0.926655719759168,0.798941798941799,2.2857142857142856,8.0,0.6666666666666666,0.31683861385044715,0.27900122136864586,dirichlet_1,,
1195,0.9310344827586207,0.7724867724867724,2.2857142857142856,7.0,0.6666666666666666,0.7616305782902784,0.4286277044730906,dirichlet_1,,
1196,0.6765188834154352,0.5185185185185185,4.571428571428571,20.0,0.6666666666666666,0.6388124319485847,0.5194062159742924,dirichlet_1,,
1197,0.9638752052545155,0.8677248677248677,1.4285714285714286,5.0,1.0,0.2901042179464447,0.2812973510411745,dirichlet_1,,
1198,0.7515051997810619,0.6402116402116401,4.0,20.0,0.6666666666666666,0.6364772781801589,0.4096788511416704,dirichlet_1,,
1199,0.9518336070060207,0.8359788359788359,1.7857142857142858,8.0,0.8181818181818182,0.33228184071118305,0.29824330233746144,dirichlet_1,,
1200,0.7947454844006568,0.6455026455026455,3.5,20.0,0.5384615384615384,0.9911027818534393,0.5250068971597275,dirichlet_1,,
1201,0.5101258894362343,0.3968253968253968,5.714285714285714,20.0,0.5384615384615384,1.0979806660170572,0.7485231142073989,dirichlet_1,,
1202,0.9408866995073891,0.7936507936507936,2.2142857142857144,7.0,0.6666666666666666,0.7514568744534521,0.575728437226726,dirichlet_1,,
1203,0.8773946360153256,0.693121693121693,3.0714285714285716,9.0,0.6666666666666666,0.6474010879383085,0.4978293941172235,dirichlet_1,,
1204,0.8379857690202517,0.6772486772486772,3.4285714285714284,11.0,0.5384615384615384,0.7852422491302065,0.4062505916805127,dirichlet_1,,
1205,0.8784893267651889,0.7301587301587301,2.7142857142857144,15.0,0.8181818181818182,0.4366265521302003,0.3774328011218223,dirichlet_1,,
1206,0.9792008757525997,0.9206349206349207,1.0,7.0,0.8181818181818182,0.3778276937932129,0.3529209622369024,dirichlet_1,,
1207,0.5194307608100711,0.3862433862433862,6.428571428571429,17.0,0.3333333333333333,1.1266455354450748,0.7633227677225375,dirichlet_1,,
1208,0.8762999452654625,0.7037037037037037,3.2142857142857144,9.0,0.8181818181818182,0.6597049711364474,0.5298524855682237,dirichlet_1,,
1209,0.9731800766283524,0.8888888888888887,1.2857142857142858,5.0,0.8181818181818182,0.4382696137800011,0.41913480689000054,dirichlet_1,,
1210,0.7772304324028462,0.6031746031746031,4.0,11.0,0.6666666666666666,0.7050269197751029,0.5525134598875515,dirichlet_1,,
1211,0.665024630541872,0.5026455026455026,5.214285714285714,16.0,0.5384615384615384,0.8190783871051884,0.42262201245508196,dirichlet_1,,
1212,0.6814449917898193,0.5079365079365079,4.642857142857143,20.0,0.6666666666666666,0.6637071309926651,0.5294765533081914,dirichlet_1,,
1213,0.9206349206349206,0.798941798941799,2.142857142857143,11.0,0.6666666666666666,0.3319401565464695,0.2886659428508455,dirichlet_1,,
1214,0.7476737821565407,0.5343915343915343,4.642857142857143,12.0,0.42857142857142855,0.9871763643242205,0.6530557105868341,dirichlet_1,,
1215,0.8483853311439519,0.6613756613756614,3.5714285714285716,9.0,0.6666666666666666,0.709113056499649,0.5214240782915589,dirichlet_1,,
1216,0.8938149972632732,0.7142857142857143,3.0,9.0,0.5384615384615384,0.5431244763814422,0.3898697924487463,dirichlet_1,,
1217,0.8866995073891626,0.7037037037037037,3.0714285714285716,8.0,0.6666666666666666,0.6853172870595161,0.5107804838714289,dirichlet_1,,
1218,0.8653530377668308,0.6719576719576719,3.2857142857142856,9.0,0.6666666666666666,0.727160709699772,0.5635803548498861,dirichlet_1,,
1219,0.6562671045429667,0.4920634920634921,4.785714285714286,20.0,0.5384615384615384,0.6344944010064318,0.5122468056441942,dirichlet_1,,
1220,0.7241379310344829,0.566137566137566,4.357142857142857,13.0,0.5384615384615384,1.0000866350414621,0.4527008223430425,dirichlet_1,,
1221,0.9376026272577997,0.7777777777777777,2.2142857142857144,7.0,0.6666666666666666,0.4559029252971532,0.34058039856079037,dirichlet_1,,
1222,0.7898193760262726,0.6402116402116401,3.5,20.0,0.5384615384615384,0.7512235031205627,0.47971919828642523,dirichlet_1,,
1223,0.6327312534209085,0.44444444444444436,5.357142857142857,19.0,0.6666666666666666,0.9216364405535659,0.6320691196766322,dirichlet_1,,
1224,0.9627805145046523,0.8412698412698412,1.5714285714285714,5.0,0.8181818181818182,0.4249116623158872,0.35524137007476947,dirichlet_1,,
1225,0.8746579091406678,0.7248677248677248,2.857142857142857,10.0,0.6666666666666666,1.1980726825377002,0.7990363412688499,dirichlet_1,,
1226,0.9129720853858784,0.7354497354497355,2.642857142857143,7.0,0.6666666666666666,0.6959568325836633,0.5125217121722495,dirichlet_1,,
1227,0.6496989600437876,0.455026455026455,5.0,20.0,0.42857142857142855,0.9791918318229353,0.6524125196369527,dirichlet_1,,
1228,0.8297755883962781,0.6666666666666666,3.857142857142857,10.0,0.8181818181818182,0.47283633508354705,0.43641816754177354,dirichlet_1,,
1229,0.7974822112753147,0.6719576719576719,3.2142857142857144,20.0,0.6666666666666666,0.4619981407967023,0.33027628845557316,dirichlet_1,,
1230,0.8921729611384784,0.7248677248677248,3.2142857142857144,7.0,0.5384615384615384,0.6324802974954824,0.5077868294348857,dirichlet_1,,
1231,0.983032293377121,0.9206349206349207,0.9285714285714286,6.0,0.8181818181818182,0.5484436877132615,0.4742218438566307,dirichlet_1,,
1232,0.5183360700602079,0.43915343915343913,5.642857142857143,20.0,0.5384615384615384,0.92629703292797,0.5016055941163451,dirichlet_1,,
1233,0.7865353037766831,0.6031746031746031,4.0,11.0,0.6666666666666666,0.7025195977781664,0.5364277115820258,dirichlet_1,,
1234,0.565407772304324,0.4708994708994709,5.571428571428571,20.0,0.5384615384615384,0.8289247939380523,0.41335903950397,dirichlet_1,,
1235,0.8850574712643678,0.7407407407407407,2.642857142857143,11.0,0.8181818181818182,0.42293483010997207,0.36802788637759926,dirichlet_1,,
1236,0.9386973180076628,0.8201058201058201,1.8571428571428572,8.0,0.8181818181818182,0.7050699076905694,0.5203201258334172,dirichlet_1,,
1237,0.8817733990147782,0.7195767195767195,3.0714285714285716,10.0,0.8181818181818182,0.4705049378651087,0.3800099043782764,dirichlet_1,,
1238,0.8139025725232621,0.6402116402116401,3.642857142857143,12.0,0.8181818181818182,0.8661471338754398,0.45727095815926666,dirichlet_1,,
1239,0.883415435139573,0.693121693121693,3.0714285714285716,9.0,0.6666666666666666,0.8582539593080908,0.5701436129579582,dirichlet_1,,
1240,0.9512862616310892,0.8465608465608466,1.5714285714285714,7.0,0.8181818181818182,0.48774811793421846,0.37732148386765757,dirichlet_1,,
1241,0.9080459770114943,0.7566137566137565,2.5714285714285716,9.0,0.6666666666666666,0.6185848850000659,0.38651219926588576,dirichlet_1,,
1242,0.9496442255062943,0.8359788359788359,1.7142857142857142,7.0,0.8181818181818182,0.5225133625140542,0.3654683014745757,dirichlet_1,,
1243,0.8429118773946359,0.6772486772486772,3.4285714285714284,13.0,0.6666666666666666,0.558198355520966,0.37336015106507686,dirichlet_1,,
1244,0.7312534209085934,0.5502645502645502,4.714285714285714,11.0,0.6666666666666666,0.8078732295799148,0.4488420310488497,dirichlet_1,,
1245,0.8390804597701149,0.656084656084656,3.642857142857143,13.0,0.6666666666666666,0.8382744693948977,0.6191372346974487,dirichlet_1,,
1246,0.967159277504105,0.8677248677248677,1.5714285714285714,6.0,1.0,0.35501288579741586,0.3763803269164583,dirichlet_1,,
1247,0.8675424192665572,0.7195767195767195,2.857142857142857,16.0,0.6666666666666666,0.5587385159241576,0.47909023596350925,dirichlet_1,,
1248,0.6743295019157088,0.48148148148148145,5.0,17.0,0.42857142857142855,0.9667685083624246,0.6833842541812122,dirichlet_1,,
1249,0.48549534756431306,0.3439153439153439,6.785714285714286,17.0,0.3333333333333333,1.18300712395491,0.7915035619774551,dirichlet_1,,
1250,0.6902025177887248,0.566137566137566,4.571428571428571,21.0,0.6666666666666666,0.508923931265906,0.37962537643660327,dirichlet_1,,
1251,0.7142857142857142,0.5343915343915343,4.571428571428571,20.0,0.6666666666666666,0.9085698100260726,0.6433141087397239,dirichlet_1,,
1252,0.9365079365079365,0.7777777777777777,2.2857142857142856,7.0,0.6666666666666666,0.49386115997912894,0.3543048670125487,dirichlet_1,,
1253,0.9381499726327313,0.8253968253968254,1.9285714285714286,8.0,0.8181818181818182,0.9954743293610663,0.697737164680533,dirichlet_1,,
1254,0.9403393541324575,0.7883597883597884,2.142857142857143,7.0,0.6666666666666666,0.541536107252597,0.36468419492774323,dirichlet_1,,
1255,0.7952928297755884,0.6243386243386243,3.7142857142857144,11.0,0.6666666666666666,0.7495449978126589,0.547018283904483,dirichlet_1,,
1256,0.9819376026272578,0.9153439153439152,1.0714285714285714,4.0,0.8181818181818182,0.39518104657928277,0.2984040273869538,dirichlet_1,,
1257,0.7148330596606458,0.544973544973545,4.214285714285714,20.0,0.6666666666666666,0.6276108253806184,0.5138054126903091,dirichlet_1,,
1258,0.9080459770114943,0.7354497354497355,2.7857142857142856,9.0,0.6666666666666666,0.7517702554513194,0.5758851277256597,dirichlet_1,,
1259,0.9151614668856047,0.7619047619047619,2.4285714285714284,11.0,0.6666666666666666,0.6873610493152928,0.3915614166302402,dirichlet_1,,
1260,0.9178981937602627,0.7883597883597884,2.2142857142857144,9.0,1.0,0.4614417375455343,0.4184658550134397,dirichlet_1,,
1261,0.9359605911330049,0.8201058201058201,2.0,8.0,0.6666666666666666,0.3860696741944921,0.30000172957898597,dirichlet_1,,
1262,0.7350848385331145,0.5238095238095238,4.785714285714286,12.0,0.42857142857142855,0.9097843876313061,0.654892193815653,dirichlet_1,,
1263,0.950191570881226,0.8359788359788359,1.8571428571428572,7.0,0.8181818181818182,0.515884672393947,0.45794233619697355,dirichlet_1,,
1264,0.950191570881226,0.8359788359788359,1.8571428571428572,7.0,0.8181818181818182,0.4880860302001306,0.36218346088397607,dirichlet_1,,
1265,0.7865353037766831,0.6137566137566137,3.9285714285714284,17.0,0.6666666666666666,0.6915206214251441,0.39403608598162493,dirichlet_1,,
1266,0.9299397920087575,0.8095238095238094,2.0,8.0,0.8181818181818182,1.0431104871303942,0.7215552435651971,dirichlet_1,,
1267,0.7405582922824301,0.5238095238095238,4.571428571428571,13.0,0.42857142857142855,0.8752254217450762,0.637612710872538,dirichlet_1,,
1268,0.6310892172961139,0.43915343915343913,5.428571428571429,20.0,0.5384615384615384,1.0650395553371466,0.7325197776685732,dirichlet_1,,
1269,0.8921729611384784,0.783068783068783,2.357142857142857,15.0,0.8181818181818182,0.31197966415390693,0.2833883174160215,dirichlet_1,,
1270,0.916256157635468,0.7460317460317459,2.5714285714285716,7.0,0.6666666666666666,0.7774844451262282,0.5361188900632766,dirichlet_1,,
1271,0.9233716475095786,0.798941798941799,2.2142857142857144,9.0,0.8181818181818182,0.4947687115926297,0.43730366561154,dirichlet_1,,
1272,0.7120963327859879,0.5343915343915343,5.0,16.0,0.5384615384615384,0.905186198894989,0.6525930994474944,dirichlet_1,,
1273,0.8024083196496988,0.6719576719576719,3.4285714285714284,20.0,0.8181818181818182,0.5658430558637185,0.3869141103000344,dirichlet_1,,
1274,0.6513409961685823,0.4761904761904762,5.357142857142857,16.0,0.5384615384615384,1.0313981755936905,0.5929155635842928,dirichlet_1,,
1275,0.8954570333880678,0.7566137566137565,2.642857142857143,12.0,0.8181818181818182,0.4600352371677823,0.3563484868263614,dirichlet_1,,
1276,0.5424192665571976,0.455026455026455,5.714285714285714,19.0,0.5384615384615384,0.7890438184898734,0.48340750678965205,dirichlet_1,,
1277,0.6655719759168035,0.5291005291005291,5.0,17.0,0.5384615384615384,0.7270413848462624,0.5635206924231312,dirichlet_1,,
1278,0.9047619047619048,0.7460317460317459,2.642857142857143,11.0,0.6666666666666666,0.7947960051815031,0.4411470194937861,dirichlet_1,,
1279,0.6113847837985769,0.4708994708994709,5.071428571428571,20.0,0.5384615384615384,0.7311851035605683,0.5151583415104136,dirichlet_1,,
1280,0.6529830322933771,0.49735449735449727,4.857142857142857,19.0,0.5384615384615384,0.7855338911451479,0.5927669455725739,dirichlet_1,,
1281,0.975369458128079,0.8783068783068783,1.2857142857142858,5.0,0.6666666666666666,0.3858763918118455,0.29985185768131895,dirichlet_1,,
1282,0.9370552818828681,0.7883597883597884,2.2857142857142856,7.0,0.6666666666666666,0.5890491284424564,0.4556263015453542,dirichlet_1,,
1283,0.8976464148877942,0.7777777777777777,2.2857142857142856,15.0,0.6666666666666666,0.6907556425656527,0.4950039534043451,dirichlet_1,,
1284,0.8659003831417624,0.7142857142857143,2.857142857142857,12.0,0.6666666666666666,0.41676273307168077,0.39995984578450366,dirichlet_1,,
1285,0.9688013136288999,0.8835978835978835,1.2857142857142858,7.0,0.8181818181818182,0.2494808145610042,0.2916683102456039,dirichlet_1,,
1286,0.8122605363984675,0.6084656084656085,3.9285714285714284,11.0,0.5384615384615384,0.6441156761570025,0.3714213203248003,dirichlet_1,,
1287,0.7635467980295566,0.5978835978835979,3.9285714285714284,21.0,0.6666666666666666,0.7325122466757371,0.4268327791596897,dirichlet_1,,
1288,0.6770662287903666,0.5185185185185185,4.642857142857143,20.0,0.6666666666666666,0.5498763007059475,0.4429801266411924,dirichlet_1,,
1289,0.7553366174055829,0.6878306878306878,3.7857142857142856,21.0,0.6666666666666666,0.3695892561708337,0.2591643272144321,dirichlet_1,,
1290,0.9233716475095786,0.7883597883597884,2.4285714285714284,8.0,0.6666666666666666,0.5959404005458325,0.41036578656661704,dirichlet_1,,
1291,0.7903667214012041,0.6084656084656085,4.071428571428571,13.0,0.6666666666666666,0.654837956809323,0.5102431666631309,dirichlet_1,,
1292,0.7126436781609196,0.5291005291005291,4.571428571428571,20.0,0.5384615384615384,0.8464550285606707,0.5545763340155353,dirichlet_1,,
1293,0.8916256157635468,0.7407407407407407,2.7857142857142856,12.0,0.5384615384615384,0.45987992923221727,0.31053450711341907,dirichlet_1,,
1294,0.6874657909140668,0.5343915343915343,4.571428571428571,20.0,0.6666666666666666,0.5159918218448731,0.43780357505422224,dirichlet_1,,
1295,0.8779419813902573,0.7142857142857143,3.0,10.0,0.8181818181818182,0.511559634730564,0.3898585185780237,dirichlet_1,,
1296,0.8078817733990148,0.6719576719576719,3.642857142857143,16.0,0.6666666666666666,0.4821239238887709,0.3943935764802391,dirichlet_1,,
1297,0.9655172413793103,0.8783068783068783,1.2857142857142858,8.0,0.6666666666666666,0.3068037583932735,0.3534018791966367,dirichlet_1,,
1298,0.8423645320197045,0.693121693121693,3.142857142857143,12.0,0.6666666666666666,0.6620660236550922,0.3978850174663633,dirichlet_1,,
1299,0.789272030651341,0.6878306878306878,3.357142857142857,21.0,0.6666666666666666,0.5583669489005253,0.34017417526181154,dirichlet_1,,
1300,0.7706622879036672,0.6084656084656085,4.142857142857143,20.0,0.6666666666666666,0.8903903233418554,0.5077101112302387,dirichlet_1,,
1301,0.7575259989053093,0.6349206349206349,3.857142857142857,20.0,0.8181818181818182,0.5861470058639537,0.430751846462165,dirichlet_1,,
1302,0.6168582375478927,0.48148148148148145,5.571428571428571,16.0,0.5384615384615384,0.7866302749040605,0.4031776060660948,dirichlet_1,,
1303,0.8735632183908046,0.6878306878306878,3.142857142857143,9.0,0.6666666666666666,0.652701974261564,0.526350987130782,dirichlet_1,,
1304,0.8067870826491516,0.6137566137566137,4.0,13.0,0.6666666666666666,0.7954379381991056,0.5977189690995528,dirichlet_1,,
1305,0.9633278598795839,0.8465608465608466,1.7142857142857142,5.0,0.6666666666666666,0.5224881049938033,0.4612440524969016,dirichlet_1,,
1306,0.7947454844006568,0.6243386243386243,4.142857142857143,11.0,0.6666666666666666,0.7307177436848531,0.39366053664361034,dirichlet_1,,
1307,0.7739463601532567,0.5925925925925926,4.0,16.0,0.6666666666666666,0.7382513836128118,0.5691256918064059,dirichlet_1,,
1308,0.5922276956759714,0.44444444444444436,6.0,16.0,0.3333333333333333,1.0947958314620279,0.747397915731014,dirichlet_1,,
1309,0.91351943076081,0.7777777777777777,2.2857142857142856,12.0,0.8181818181818182,0.3463249074273955,0.33049856942601935,dirichlet_1,,
1310,0.7509578544061303,0.6243386243386243,3.9285714285714284,21.0,0.6666666666666666,0.45778396004508504,0.3370665855912195,dirichlet_1,,
1311,0.9824849480021893,0.9206349206349207,0.9285714285714286,5.0,0.8181818181818182,0.3759542340854779,0.3133160776250575,dirichlet_1,,
1312,0.9644225506294472,0.8677248677248677,1.5714285714285714,7.0,0.8181818181818182,0.7973986116349486,0.5986993058174743,dirichlet_1,,
1313,0.7137383689107826,0.5555555555555556,4.571428571428571,16.0,0.5384615384615384,0.7619865581697012,0.4631539377601423,dirichlet_1,,
1314,0.9797482211275315,0.9259259259259259,0.9285714285714286,7.0,0.8181818181818182,0.7816553937888501,0.4762250481199378,dirichlet_1,,
1315,0.9036672140120415,0.7671957671957672,2.4285714285714284,11.0,0.5384615384615384,0.6846485762618958,0.3900640776915718,dirichlet_1,,
1316,0.7712096332785988,0.6402116402116401,4.0,17.0,0.6666666666666666,0.4699367652488461,0.3698570902754615,dirichlet_1,,
1317,0.6436781609195401,0.4656084656084656,5.071428571428571,20.0,0.5384615384615384,0.8639809850562908,0.5496445792148368,dirichlet_1,,
1318,0.9655172413793103,0.8624338624338624,1.3571428571428572,7.0,0.6666666666666666,0.9217144216389006,0.6608572108194503,dirichlet_1,,
1319,0.7120963327859879,0.5291005291005291,4.428571428571429,20.0,0.6666666666666666,0.7890486808035215,0.4506788897581028,dirichlet_1,,
1320,0.7859879584017515,0.6296296296296297,3.642857142857143,12.0,0.6666666666666666,0.9532366967074741,0.5802644064163257,dirichlet_1,,
1321,0.9403393541324575,0.8201058201058201,1.7857142857142858,7.0,0.8181818181818182,0.4610796858549686,0.37067629259428947,dirichlet_1,,
1322,0.9414340448823207,0.7883597883597884,2.0714285714285716,7.0,0.6666666666666666,0.7860701948429908,0.5930350974214953,dirichlet_1,,
1323,0.9726327312534209,0.8835978835978835,1.2857142857142858,7.0,0.8181818181818182,0.5734273946263226,0.3955042878515623,dirichlet_1,,
1324,0.9480021893814996,0.798941798941799,2.0,7.0,0.6666666666666666,1.1395226081694474,0.7697613040847237,dirichlet_1,,
1325,0.8642583470169677,0.693121693121693,3.2142857142857144,14.0,0.6666666666666666,0.5285916018658342,0.42392757315050933,dirichlet_1,,
1326,0.9233716475095786,0.7724867724867724,2.5,7.0,0.8181818181818182,0.5687781543572406,0.42398244936984103,dirichlet_1,,
1327,0.9731800766283524,0.9047619047619047,1.0714285714285714,8.0,0.8181818181818182,0.43481248042725246,0.3306983432120802,dirichlet_1,,
1328,0.9085933223864259,0.7513227513227513,2.4285714285714284,8.0,0.6666666666666666,0.3706803329021622,0.3849550053762732,dirichlet_1,,
1329,0.9053092501368363,0.8253968253968254,2.0714285714285716,15.0,0.8181818181818182,0.36263446569039653,0.37835993608599583,dirichlet_1,,
1330,0.9053092501368363,0.7883597883597884,2.142857142857143,11.0,0.8181818181818182,0.43849421372973546,0.3269859713608333,dirichlet_1,,
1331,0.906951286261631,0.7671957671957672,2.357142857142857,9.0,1.0,0.43154981556144045,0.3129683103639185,dirichlet_1,,
1332,0.8067870826491516,0.5925925925925926,4.0,12.0,0.42857142857142855,0.8275822389682667,0.6137911194841333,dirichlet_1,,
1333,0.9299397920087575,0.7936507936507936,2.357142857142857,7.0,0.8181818181818182,0.5132909111397888,0.4474675580222238,dirichlet_1,,
1334,0.9781061850027366,0.8941798941798942,1.2142857142857142,4.0,0.8181818181818182,0.2546314181660046,0.2731400236276539,dirichlet_1,,
1335,0.9704433497536945,0.8677248677248677,1.4285714285714286,5.0,1.0,0.48996471169072464,0.4239707141254781,dirichlet_1,,
1336,0.9064039408866994,0.7460317460317459,2.7857142857142856,9.0,0.6666666666666666,0.6640487120939342,0.440715377313341,dirichlet_1,,
1337,0.8790366721401204,0.7354497354497355,2.857142857142857,9.0,0.6666666666666666,0.6460953241772867,0.49680359841192645,dirichlet_1,,
1338,0.7843459222769567,0.656084656084656,3.5,21.0,0.8181818181818182,0.47971928204031383,0.35093034474873575,dirichlet_1,,
1339,0.9573070607553366,0.8518518518518519,1.6428571428571428,7.0,0.8181818181818182,0.4343247784318506,0.37457825088794827,dirichlet_1,,
1340,0.8916256157635468,0.7460317460317459,2.7142857142857144,10.0,0.8181818181818182,0.6124224099723181,0.4050159330105024,dirichlet_1,,
1341,0.8910782703886152,0.7407407407407407,2.7142857142857144,10.0,0.8181818181818182,0.6108216927367351,0.3806768537790614,dirichlet_1,,
1342,0.960591133004926,0.9047619047619047,1.2142857142857142,9.0,0.8181818181818182,0.21860681244863192,0.24383446341734835,dirichlet_1,,
1343,0.6546250684181718,0.4656084656084656,5.0,20.0,0.5384615384615384,0.9041768570755979,0.652088428537799,dirichlet_1,,
1344,0.9666119321291735,0.8677248677248677,1.5,7.0,0.8181818181818182,0.6303435550218273,0.48266702017755847,dirichlet_1,,
1345,0.9540229885057472,0.8465608465608466,1.7142857142857142,6.0,0.8181818181818182,0.46326366092364496,0.3831175159395932,dirichlet_1,,
1346,0.8418171866447729,0.6402116402116401,3.4285714285714284,12.0,0.6666666666666666,0.6442914353694776,0.5221457176847387,dirichlet_1,,
1347,0.7449370552818828,0.582010582010582,3.9285714285714284,21.0,0.6666666666666666,0.6411373419019746,0.3448467967278968,dirichlet_1,,
1348,0.6420361247947455,0.4656084656084656,5.214285714285714,20.0,0.5384615384615384,1.1235698478388776,0.7617849239194389,dirichlet_1,,
1349,0.9627805145046523,0.8624338624338624,1.5714285714285714,6.0,0.8181818181818182,0.29401703485530506,0.29968307691152785,dirichlet_1,,
1350,0.9255610290093048,0.7671957671957672,2.5,6.0,0.6666666666666666,0.8625707741588154,0.4521421619288204,dirichlet_1,,
1351,0.870279146141215,0.7301587301587301,2.7857142857142856,14.0,0.6666666666666666,0.659076198215301,0.4122988229631138,dirichlet_1,,
1352,0.8533114395183361,0.6772486772486772,3.4285714285714284,10.0,0.8181818181818182,0.5929622837444622,0.496481141872231,dirichlet_1,,
1353,0.9184455391351943,0.7513227513227513,2.5,7.0,0.6666666666666666,0.7257621343551452,0.4009052190778323,dirichlet_1,,
1354,0.9173508483853311,0.7777777777777777,2.2142857142857144,10.0,0.8181818181818182,0.583937564216015,0.310677916338101,dirichlet_1,,
1355,0.9540229885057472,0.8465608465608466,1.6428571428571428,7.0,0.8181818181818182,0.5813345768654309,0.4518586557382969,dirichlet_1,,
1356,0.9688013136288999,0.8835978835978835,1.2857142857142858,7.0,0.8181818181818182,0.3552298864965454,0.3178133304245927,dirichlet_1,,
1357,0.799671592775041,0.5873015873015872,4.071428571428571,11.0,0.5384615384615384,1.0460491904190243,0.5563750698251516,dirichlet_1,,
1358,0.8943623426382047,0.7619047619047619,2.4285714285714284,15.0,0.6666666666666666,0.4549926038740021,0.3059806464101623,dirichlet_1,,
1359,0.7586206896551723,0.6296296296296297,3.7857142857142856,21.0,0.6666666666666666,0.6634279571694998,0.38249843313101317,dirichlet_1,,
1360,0.8653530377668308,0.7248677248677248,2.9285714285714284,10.0,0.6666666666666666,0.904469117074436,0.5415794963975554,dirichlet_1,,
1361,0.6212370005473454,0.48148148148148145,5.142857142857143,20.0,0.5384615384615384,0.7261465838485011,0.4764743716264654,dirichlet_1,,
1362,0.9102353585112206,0.7513227513227513,2.642857142857143,8.0,0.8181818181818182,0.5277417213002409,0.43501087770593566,dirichlet_1,,
1363,0.9272030651340997,0.8359788359788359,2.0,11.0,0.8181818181818182,0.5367116581210916,0.46835582906054574,dirichlet_1,,
1364,0.856048166392994,0.6825396825396826,3.357142857142857,10.0,0.8181818181818182,0.5286750165094184,0.46433750825470915,dirichlet_1,,
1365,0.8018609742747673,0.6137566137566137,4.142857142857143,10.0,0.8181818181818182,0.6146701054367079,0.5073350527183539,dirichlet_1,,
1366,0.8916256157635468,0.7407407407407407,2.7142857142857144,10.0,0.8181818181818182,0.6612780091982244,0.44879659787121556,dirichlet_1,,
1367,0.8998357963875205,0.798941798941799,2.2142857142857144,15.0,0.6666666666666666,0.6077266132176293,0.39776666618052453,dirichlet_1,,
1368,0.9846743295019157,0.9153439153439152,1.0,3.0,0.6666666666666666,0.2107706406256304,0.28332760906622967,dirichlet_1,,
1369,0.6551724137931034,0.46031746031746035,5.285714285714286,16.0,0.42857142857142855,0.9985386346113324,0.6992693173056662,dirichlet_1,,
1370,0.7038861521620142,0.5396825396825397,4.857142857142857,16.0,0.5384615384615384,0.7750188815749661,0.4498479973785579,dirichlet_1,,
1371,0.7673782156540777,0.6296296296296297,3.7142857142857144,22.0,0.6666666666666666,0.893482967590523,0.6368747141632055,dirichlet_1,,
1372,0.9813902572523261,0.91005291005291,1.1428571428571428,4.0,0.8181818181818182,0.17949117857971286,0.23774683664488688,dirichlet_1,,
1373,0.9376026272577997,0.7883597883597884,2.0714285714285716,7.0,0.6666666666666666,1.0167090106214758,0.7083545053107378,dirichlet_1,,
1374,0.8062397372742199,0.6719576719576719,3.5714285714285716,19.0,0.6666666666666666,0.5194280074236342,0.45564112428471437,dirichlet_1,,
1375,0.9627805145046523,0.8677248677248677,1.5,8.0,0.8181818181818182,0.218795317162574,0.24821147868854213,dirichlet_1,,
1376,0.950191570881226,0.8095238095238094,2.0,7.0,0.6666666666666666,0.37773050315202195,0.3112931570862101,dirichlet_1,,
1377,0.9496442255062943,0.8306878306878307,1.8571428571428572,8.0,0.8181818181818182,0.3532831238565066,0.27251583326439627,dirichlet_1,,
1378,0.9523809523809524,0.8253968253968254,1.7857142857142858,6.0,0.8181818181818182,0.4978400199106191,0.39738857516790854,dirichlet_1,,
1379,0.9425287356321838,0.7883597883597884,2.142857142857143,7.0,0.6666666666666666,0.6183243781036284,0.41936793311474174,dirichlet_1,,
1380,0.9578544061302682,0.8465608465608466,1.5714285714285714,6.0,1.0,0.2973757343160315,0.3061479081996467,dirichlet_1,,
1381,0.8281335522714832,0.6719576719576719,3.5,16.0,0.6666666666666666,0.7554747837806804,0.5467938436854869,dirichlet_1,,
1382,0.9337712096332785,0.7936507936507936,2.2857142857142856,6.0,0.6666666666666666,0.48443895362272377,0.4060521429689107,dirichlet_1,,
1383,0.7991242474001095,0.6666666666666666,3.2857142857142856,20.0,0.6666666666666666,0.7453056110011076,0.42589361454113905,dirichlet_1,,
1384,0.9693486590038315,0.8783068783068783,1.2857142857142858,6.0,0.8181818181818182,0.4394246601418851,0.3422252709868687,dirichlet_1,,
1385,0.9392446633825944,0.7883597883597884,2.142857142857143,7.0,0.6666666666666666,0.722389603654583,0.46117846530632883,dirichlet_1,,
1386,0.8866995073891626,0.7407407407407407,2.5714285714285716,15.0,0.6666666666666666,0.6775752666114854,0.4000415418643906,dirichlet_1,,
1387,0.8396278051450465,0.7037037037037037,2.857142857142857,18.0,0.6666666666666666,0.7518066588461048,0.4846878932779846,dirichlet_1,,
1388,0.9376026272577997,0.8465608465608466,1.6428571428571428,12.0,0.6666666666666666,0.2543953365754629,0.3206371211454519,dirichlet_1,,
1389,0.8347016967706623,0.6984126984126984,3.2857142857142856,17.0,0.6666666666666666,0.8132933057934871,0.5162865551508778,dirichlet_1,,
1390,0.950191570881226,0.8359788359788359,1.7142857142857142,7.0,0.8181818181818182,0.3736022750384649,0.348720993783264,dirichlet_1,,
1391,0.8713738368910783,0.7037037037037037,2.857142857142857,10.0,0.8181818181818182,0.4660788238474157,0.3689951318181665,dirichlet_1,,
1392,0.8297755883962781,0.6296296296296297,3.7142857142857144,10.0,0.5384615384615384,0.6661637620383452,0.38684318803538287,dirichlet_1,,
1393,0.9540229885057472,0.8412698412698412,1.7857142857142858,8.0,0.8181818181818182,0.35676307840652255,0.29890764415523247,dirichlet_1,,
1394,0.9573070607553366,0.8518518518518519,1.6428571428571428,7.0,0.8181818181818182,0.7322200844782653,0.5661100422391326,dirichlet_1,,
1395,0.8779419813902573,0.6825396825396826,3.2857142857142856,9.0,0.5384615384615384,0.8248829072104273,0.49149308186643154,dirichlet_1,,
1396,0.9222769567597153,0.7777777777777777,2.4285714285714284,7.0,1.0,0.3853325914740141,0.39266629573700707,dirichlet_1,,
1397,0.8013136288998358,0.656084656084656,3.357142857142857,20.0,0.6666666666666666,0.6615939905783945,0.3823864228187632,dirichlet_1,,
1398,0.9310344827586207,0.7724867724867724,2.2857142857142856,7.0,0.6666666666666666,0.8119741641042918,0.482842555145543,dirichlet_1,,
1399,0.9288451012588943,0.7724867724867724,2.5,7.0,0.6666666666666666,0.6800509114641937,0.45292518103452023,dirichlet_1,,
1400,0.8680897646414888,0.6719576719576719,3.357142857142857,10.0,0.5384615384615384,0.5585007165560738,0.4792503582780368,dirichlet_1,,
1401,0.7372742200328407,0.566137566137566,4.214285714285714,15.0,0.6666666666666666,0.7720330472343124,0.41422560327064967,dirichlet_1,,
1402,0.8981937602627257,0.7619047619047619,2.5,10.0,0.8181818181818182,0.6729069767408963,0.46979388097213987,dirichlet_1,,
1403,0.7717569786535304,0.5555555555555556,4.357142857142857,12.0,0.42857142857142855,0.8181398970259093,0.44569314594452564,dirichlet_1,,
1404,0.8461959496442255,0.6455026455026455,3.4285714285714284,12.0,0.5384615384615384,0.8553485528624735,0.6276742764312367,dirichlet_1,,
1405,0.9688013136288999,0.857142857142857,1.5714285714285714,4.0,0.6666666666666666,0.25598710360020266,0.267485183375278,dirichlet_1,,
1406,0.6600985221674877,0.4656084656084656,4.857142857142857,20.0,0.42857142857142855,1.2083247392378111,0.8041623696189056,dirichlet_1,,
1407,0.9282977558839628,0.8095238095238094,1.9285714285714286,9.0,0.8181818181818182,0.4772862192547266,0.4068059022236069,dirichlet_1,,
1408,0.8872468527640941,0.7407407407407407,2.9285714285714284,11.0,0.5384615384615384,0.5956451155100799,0.45121144506013994,dirichlet_1,,
1409,0.8106185002736727,0.6402116402116401,3.642857142857143,13.0,0.6666666666666666,0.5653091034241381,0.4199139941371968,dirichlet_1,,
1410,0.7093596059113301,0.5343915343915343,5.071428571428571,16.0,0.5384615384615384,0.7964352708174218,0.5982176354087109,dirichlet_1,,
1411,0.8106185002736727,0.5978835978835979,3.642857142857143,13.0,0.6666666666666666,0.7892899079822769,0.5946449539911384,dirichlet_1,,
1412,0.89272030651341,0.7142857142857143,2.9285714285714284,8.0,0.6666666666666666,0.9558611723943443,0.48796565619498466,dirichlet_1,,
1413,0.8659003831417624,0.656084656084656,3.357142857142857,9.0,0.5384615384615384,0.8947801259246997,0.6473900629623498,dirichlet_1,,
1414,0.9370552818828681,0.7883597883597884,2.2857142857142856,7.0,0.6666666666666666,0.7401536901600029,0.4292991370484662,dirichlet_1,,
1415,0.9562123700054733,0.8359788359788359,1.7857142857142858,6.0,1.0,0.6434441762415508,0.517582247054969,dirichlet_1,,
1416,0.6912972085385879,0.5608465608465608,4.571428571428571,19.0,0.6666666666666666,0.7266402771345981,0.49178565617900616,dirichlet_1,,
1417,0.9091406677613574,0.7619047619047619,2.5,8.0,0.8181818181818182,0.4036631291036027,0.3664058834637169,dirichlet_1,,
1418,0.9737274220032841,0.8994708994708994,1.1428571428571428,5.0,1.0,0.5349405474792776,0.32766175940448217,dirichlet_1,,
1419,0.8500273672687465,0.6772486772486772,3.5,10.0,0.8181818181818182,0.4807807293024624,0.4403903646512312,dirichlet_1,,
1420,0.9649698960043787,0.8518518518518519,1.6428571428571428,5.0,0.8181818181818182,0.32191041657934416,0.3609552082896721,dirichlet_1,,
1421,0.9354132457580733,0.783068783068783,2.357142857142857,7.0,0.6666666666666666,0.479581582216614,0.36215362099486,dirichlet_1,,
1422,0.8544061302681991,0.6772486772486772,3.2142857142857144,13.0,0.6666666666666666,0.7071099688365517,0.42068619312553895,dirichlet_1,,
1423,0.9441707717569787,0.8201058201058201,1.8571428571428572,7.0,0.8181818181818182,0.3757722659790388,0.3698575659863803,dirichlet_1,,
1424,0.9304871373836892,0.8042328042328042,2.0,10.0,0.6666666666666666,0.45682472902184607,0.3394124280238687,dirichlet_1,,
1425,0.6113847837985769,0.4285714285714285,5.428571428571429,20.0,0.5384615384615384,1.2336598065736462,0.8168299032868229,dirichlet_1,,
1426,0.9786535303776682,0.9047619047619047,1.0,5.0,1.0,0.543590914727991,0.4717954573639955,dirichlet_1,,
1427,0.9140667761357416,0.7671957671957672,2.4285714285714284,11.0,0.6666666666666666,0.482525543077,0.392212086013384,dirichlet_1,,
1428,0.9392446633825944,0.8201058201058201,2.0,8.0,0.8181818181818182,0.46892823955019836,0.3792723836153839,dirichlet_1,,
1429,0.9490968801313627,0.8148148148148148,2.0,7.0,0.6666666666666666,0.4277101606708888,0.30330206824642525,dirichlet_1,,
1430,0.7717569786535304,0.5555555555555556,4.357142857142857,12.0,0.42857142857142855,0.9918316710893087,0.5572813997972559,dirichlet_1,,
1431,0.7120963327859879,0.5396825396825397,4.928571428571429,12.0,0.5384615384615384,0.79436066153758,0.59718033076879,dirichlet_1,,
1432,0.840175150519978,0.6296296296296297,3.7142857142857144,9.0,0.42857142857142855,0.863044329255786,0.6108304012172395,dirichlet_1,,
1433,0.9737274220032841,0.8835978835978835,1.2857142857142858,5.0,0.8181818181818182,0.2527737069899212,0.27105764861429354,dirichlet_1,,
1434,0.8029556650246306,0.5978835978835979,4.0,10.0,0.6666666666666666,0.8364887096678999,0.6182443548339498,dirichlet_1,,
1435,0.8188286808976464,0.6666666666666666,3.4285714285714284,12.0,0.5384615384615384,0.8448344881034957,0.5052078416626126,dirichlet_1,,
1436,0.8549534756431307,0.7142857142857143,3.0,17.0,0.6666666666666666,0.6169197383633257,0.5035922188118596,dirichlet_1,,
1437,0.825944170771757,0.6507936507936508,3.9285714285714284,15.0,0.6666666666666666,0.6743917130519351,0.4170281060957326,dirichlet_1,,
1438,0.9589490968801313,0.8465608465608466,1.7142857142857142,7.0,0.8181818181818182,0.6732840468019858,0.3992668571161061,dirichlet_1,,
1439,0.6726874657909141,0.5132275132275131,4.928571428571429,18.0,0.5384615384615384,0.6882589810544537,0.3838678311891292,dirichlet_1,,
1440,0.7794198139025725,0.5978835978835979,4.142857142857143,14.0,0.6666666666666666,0.9727905010731767,0.48536063148565467,dirichlet_1,,
1441,0.8790366721401204,0.7248677248677248,2.9285714285714284,11.0,0.5384615384615384,0.60205388008323,0.3969341638351809,dirichlet_1,,
1442,0.9184455391351943,0.7777777777777777,2.2857142857142856,9.0,0.8181818181818182,0.35857543082456034,0.3433329691144907,dirichlet_1,,
1443,0.8418171866447729,0.6719576719576719,3.4285714285714284,13.0,0.6666666666666666,0.6840055303614906,0.43880671763811196,dirichlet_1,,
1444,0.8248494800218937,0.656084656084656,3.642857142857143,11.0,0.5384615384615384,1.0481520611636357,0.7240760305818178,dirichlet_1,,
1445,0.8511220580186097,0.6507936507936508,3.5714285714285716,9.0,0.6666666666666666,0.5947621674075636,0.4973810837037819,dirichlet_1,,
1446,0.8489326765188835,0.6984126984126984,3.142857142857143,11.0,0.5384615384615384,0.8410435896996082,0.44854731056767805,dirichlet_1,,
1447,0.7443897099069513,0.582010582010582,4.0,21.0,0.6666666666666666,0.7264010734162529,0.39110344479250125,dirichlet_1,,
1448,0.9556650246305418,0.8253968253968254,1.7857142857142858,7.0,0.6666666666666666,0.4493711904073891,0.3383055355556778,dirichlet_1,,
1449,0.8648056923918993,0.708994708994709,3.0,11.0,0.8181818181818182,0.5049353156746301,0.3735973594740826,dirichlet_1,,
1450,0.8544061302681991,0.6984126984126984,3.2142857142857144,11.0,0.5384615384615384,0.6398028795201514,0.4281443876228545,dirichlet_1,,
1451,0.9184455391351943,0.7460317460317459,2.5714285714285716,7.0,0.6666666666666666,0.884713042880562,0.49155549279947647,dirichlet_1,,
1452,0.7750410509031198,0.5714285714285714,4.285714285714286,12.0,0.5384615384615384,1.0975788021378938,0.748789401068947,dirichlet_1,,
1453,0.9447181171319102,0.8253968253968254,1.8571428571428572,7.0,0.8181818181818182,0.8545869917513753,0.6173454315928465,dirichlet_1,,
1454,0.9025725232621784,0.7195767195767195,2.7142857142857144,7.0,0.6666666666666666,0.9811157093633827,0.4937094978375406,dirichlet_1,,
1455,0.6694033935413245,0.5132275132275131,5.0,15.0,0.5384615384615384,0.6618080264602573,0.5309040132301286,dirichlet_1,,
1456,0.9326765188834154,0.7724867724867724,2.2857142857142856,7.0,0.6666666666666666,0.5739033339659885,0.4769159301793577,dirichlet_1,,
1457,0.9354132457580733,0.783068783068783,2.357142857142857,7.0,0.6666666666666666,0.5473392144646079,0.32761628496841183,dirichlet_1,,
1458,0.9956212370005473,0.9735449735449735,0.35714285714285715,3.0,0.8181818181818182,0.281499335483504,0.28444921152415936,dirichlet_1,,
1459,0.8303229337712097,0.6507936507936508,3.5,14.0,0.6666666666666666,0.5657118466433761,0.42849279025829806,dirichlet_1,,
1460,0.9102353585112206,0.7513227513227513,2.5,11.0,0.6666666666666666,0.7782898394069013,0.39493960594393185,dirichlet_1,,
1461,0.7575259989053093,0.582010582010582,3.9285714285714284,19.0,0.6666666666666666,0.9840368819328997,0.6227391431861798,dirichlet_1,,
1462,0.9370552818828681,0.7936507936507936,2.2142857142857144,7.0,0.8181818181818182,0.36012991610688594,0.3596470200284548,dirichlet_1,,
1463,0.9627805145046523,0.857142857142857,1.4285714285714286,6.0,0.8181818181818182,0.636318051850172,0.3760870721493257,dirichlet_1,,
1464,0.599343185550082,0.455026455026455,5.214285714285714,20.0,0.5384615384615384,0.8793152653079767,0.6396576326539882,dirichlet_1,,
1465,0.7586206896551723,0.5978835978835979,3.7857142857142856,20.0,0.8181818181818182,0.42659025349819246,0.41329512674909613,dirichlet_1,,
1466,0.7575259989053093,0.6137566137566137,3.857142857142857,22.0,0.6666666666666666,0.6337664218400212,0.4669006829804787,dirichlet_1,,
1467,0.9239189928845101,0.7936507936507936,2.2142857142857144,9.0,0.8181818181818182,0.4342403028676413,0.36983743996704277,dirichlet_1,,
1468,0.6212370005473454,0.49735449735449727,5.285714285714286,18.0,0.5384615384615384,0.9315804955160903,0.5620949106724508,dirichlet_1,,
1469,0.9244663382594416,0.8148148148148148,1.8571428571428572,10.0,1.0,0.6102532333305478,0.3481647322793427,dirichlet_1,,
1470,0.9025725232621784,0.7301587301587301,2.7857142857142856,8.0,0.6666666666666666,0.7763319094210961,0.40034665019321336,dirichlet_1,,
1471,0.876847290640394,0.7037037037037037,3.142857142857143,12.0,0.5384615384615384,0.5674309498793082,0.3966497865912329,dirichlet_1,,
1472,0.8790366721401204,0.6878306878306878,3.142857142857143,9.0,0.6666666666666666,0.6780728099825655,0.395275838326865,dirichlet_1,,
1473,0.7411056376573617,0.619047619047619,4.214285714285714,18.0,0.6666666666666666,0.6097045332932863,0.3885374311944379,dirichlet_1,,
1474,0.9562123700054733,0.857142857142857,1.5714285714285714,7.0,0.8181818181818182,0.270389703806611,0.2793558625123168,dirichlet_1,,
1475,0.6053639846743295,0.5185185185185185,5.285714285714286,21.0,0.5384615384615384,0.8127435885280163,0.44888727980399645,dirichlet_1,,
1476,0.7093596059113301,0.5555555555555556,4.5,16.0,0.6666666666666666,0.6325521836746765,0.36169798732966546,dirichlet_1,,
1477,0.9573070607553366,0.857142857142857,1.5714285714285714,6.0,0.8181818181818182,0.324329108996554,0.2955993836332358,dirichlet_1,,
1478,0.8363437328954569,0.6825396825396826,3.2142857142857144,11.0,0.6666666666666666,0.9829354217672539,0.691467710883627,dirichlet_1,,
1479,0.7093596059113301,0.544973544973545,4.357142857142857,20.0,0.6666666666666666,0.5492759155811529,0.38053912059054024,dirichlet_1,,
1480,0.876847290640394,0.7195767195767195,3.0714285714285716,12.0,0.8181818181818182,0.49290877851417125,0.35134415128360263,dirichlet_1,,
1481,0.8801313628899835,0.6984126984126984,3.0,9.0,0.6666666666666666,0.5750462532955519,0.36511068963718096,dirichlet_1,,
1482,0.8527640941434045,0.6825396825396826,3.357142857142857,11.0,0.6666666666666666,0.6177108615976372,0.45104056908488543,dirichlet_1,,
1483,0.8013136288998358,0.6772486772486772,3.4285714285714284,20.0,0.8181818181818182,0.49382869603096274,0.4063361492938151,dirichlet_1,,
1484,0.8954570333880678,0.7407407407407407,2.642857142857143,8.0,0.8181818181818182,0.6028510728344914,0.4145311542195036,dirichlet_1,,
1485,0.6299945265462507,0.43915343915343913,5.357142857142857,20.0,0.6666666666666666,1.0408052681895446,0.49054498328771584,dirichlet_1,,
1486,0.7208538587848933,0.5343915343915343,4.642857142857143,12.0,0.6666666666666666,1.041509392064705,0.6961166127376571,dirichlet_1,,
1487,0.7487684729064039,0.6719576719576719,3.857142857142857,21.0,0.6666666666666666,0.5970080885598106,0.3435285169933298,dirichlet_1,,
1488,0.9053092501368363,0.7671957671957672,2.357142857142857,10.0,0.8181818181818182,0.5739666063125419,0.43240940460248156,dirichlet_1,,
1489,0.6934865900383141,0.5873015873015872,4.5,20.0,0.6666666666666666,0.5298728518581036,0.3555276625971412,dirichlet_1,,
1490,0.6091954022988505,0.5079365079365079,5.071428571428571,20.0,0.5384615384615384,0.7779512111799296,0.5758027342811285,dirichlet_1,,
1491,0.8489326765188835,0.6825396825396826,3.142857142857143,14.0,0.6666666666666666,0.5040526153368459,0.42403770035798755,dirichlet_1,,
1492,0.9272030651340997,0.7671957671957672,2.357142857142857,7.0,0.6666666666666666,0.5915259170245835,0.3215499449492341,dirichlet_1,,
1493,0.6902025177887248,0.49735449735449727,4.928571428571429,17.0,0.6666666666666666,0.7931369519567737,0.5885050257302816,dirichlet_1,,
1494,0.8806787082649151,0.6825396825396826,3.142857142857143,9.0,0.6666666666666666,0.7856247057137912,0.49760294371646485,dirichlet_1,,
1495,0.9578544061302682,0.8518518518518519,1.6428571428571428,6.0,0.8181818181818182,0.6829510143738732,0.4323152396069975,dirichlet_1,,
1496,0.6436781609195401,0.5132275132275131,4.857142857142857,20.0,0.5384615384615384,0.7790295157001212,0.5644862497244908,dirichlet_1,,
1497,0.7843459222769567,0.5925925925925926,4.142857142857143,12.0,0.5384615384615384,0.7550063329923031,0.42710688151912873,dirichlet_1,,
1498,0.8899835796387521,0.7354497354497355,2.7857142857142856,11.0,0.5384615384615384,0.5888301267641365,0.3997553604838326,dirichlet_1,,
1499,0.7887246852764094,0.582010582010582,4.142857142857143,11.0,0.5384615384615384,0.862817371732264,0.5994486395140824,dirichlet_1,,
1500,0.735632183908046,0.5608465608465608,4.214285714285714,20.0,0.6666666666666666,0.7621832081588754,0.5810916040794376,dirichlet_1,,
1501,0.9074986316365626,0.7354497354497355,2.642857142857143,7.0,0.6666666666666666,0.676019174440593,0.4547379037116571,dirichlet_1,,
1502,0.6513409961685823,0.46031746031746035,5.214285714285714,20.0,0.5384615384615384,1.1591899049165262,0.779594952458263,dirichlet_1,,
1503,0.7865353037766831,0.6349206349206349,3.5714285714285716,12.0,0.5384615384615384,0.6923799321591035,0.42809916234078943,dirichlet_1,,
1504,0.9693486590038315,0.8888888888888887,1.2142857142857142,7.0,0.8181818181818182,0.4557927967551314,0.4210215416657646,dirichlet_1,,
1505,0.9633278598795839,0.8412698412698412,1.5714285714285714,5.0,0.8181818181818182,0.3991482839334572,0.3569244944007244,dirichlet_1,,
1506,0.9239189928845101,0.7619047619047619,2.5714285714285716,7.0,0.5384615384615384,0.890480618294051,0.6324181201170541,dirichlet_1,,
1507,0.8872468527640941,0.7513227513227513,2.642857142857143,13.0,0.8181818181818182,0.5929048607596603,0.3590063139075571,dirichlet_1,,
1508,0.9589490968801313,0.8624338624338624,1.5714285714285714,7.0,0.8181818181818182,0.5796530715696744,0.47584244878906246,dirichlet_1,,
1509,0.9419813902572524,0.8465608465608466,1.6428571428571428,11.0,0.6666666666666666,0.5231307658154698,0.4390355591904836,dirichlet_1,,
1510,0.6496989600437876,0.5079365079365079,5.071428571428571,19.0,0.5384615384615384,0.6478422754136453,0.4431277708801451,dirichlet_1,,
1511,0.9337712096332785,0.7936507936507936,2.2857142857142856,8.0,0.6666666666666666,0.6107245406862802,0.39229745898118806,dirichlet_1,,
1512,0.778872468527641,0.6243386243386243,3.857142857142857,15.0,0.6666666666666666,0.5374442009416693,0.396506182559021,dirichlet_1,,
1513,0.8680897646414888,0.6613756613756614,3.357142857142857,9.0,0.5384615384615384,0.6240073712597057,0.36039412099771484,dirichlet_1,,
1514,0.9348659003831418,0.8042328042328042,2.2857142857142856,5.0,0.6666666666666666,0.35868329195027326,0.3644651284523338,dirichlet_1,,
1515,0.9118773946360154,0.7777777777777777,2.2857142857142856,13.0,0.6666666666666666,0.46912097910962863,0.3693922566716556,dirichlet_1,,
1516,0.7586206896551723,0.5925925925925926,4.214285714285714,16.0,0.6666666666666666,0.8896672763760174,0.4620642592788175,dirichlet_1,,
1517,0.9206349206349206,0.7513227513227513,2.4285714285714284,7.0,0.6666666666666666,0.6788778919738316,0.5175242310284238,dirichlet_1,,
1518,0.7290640394088669,0.5714285714285714,4.5,17.0,0.6666666666666666,0.7364183490086635,0.5674221870734386,dirichlet_1,,
1519,0.9233716475095786,0.798941798941799,2.2142857142857144,9.0,0.8181818181818182,0.7593687381957035,0.5583614506582025,dirichlet_1,,
1520,0.8357963875205253,0.7407407407407407,3.0714285714285716,18.0,0.8181818181818182,0.34584883534452004,0.2957573312957913,dirichlet_1,,
1521,0.778872468527641,0.5978835978835979,4.142857142857143,13.0,0.5384615384615384,0.8333325527906921,0.6166662763953461,dirichlet_1,,
1522,0.9698960043787629,0.8677248677248677,1.3571428571428572,5.0,0.6666666666666666,0.47816839698020874,0.35801932729120434,dirichlet_1,,
1523,0.9370552818828681,0.8306878306878307,1.7857142857142858,8.0,0.8181818181818182,0.4520750740548034,0.3072030681671625,dirichlet_1,,
1524,0.9567597153804049,0.8306878306878307,1.7857142857142858,7.0,0.6666666666666666,0.5540541420770395,0.38839257465276467,dirichlet_1,,
1525,0.9666119321291735,0.8677248677248677,1.5,7.0,0.8181818181818182,0.655443790808347,0.5003769477266922,dirichlet_1,,
1526,0.9879584017515052,0.9365079365079365,0.7857142857142857,4.0,1.0,0.3308392966479484,0.3654196483239742,dirichlet_1,,
1527,0.8347016967706623,0.6878306878306878,3.142857142857143,18.0,0.5384615384615384,0.5976844237608046,0.4326768447186635,dirichlet_1,,
1528,0.8680897646414888,0.7195767195767195,2.857142857142857,10.0,0.6666666666666666,0.759297186273321,0.5175013082044259,dirichlet_1,,
1529,0.9288451012588943,0.7724867724867724,2.5,7.0,0.6666666666666666,0.6529836142735688,0.45773730436888427,dirichlet_1,,
1530,0.9551176792556102,0.8412698412698412,1.7142857142857142,6.0,0.8181818181818182,0.4845227715354295,0.3613312970905354,dirichlet_1,,
1531,0.886152162014231,0.7301587301587301,2.857142857142857,11.0,0.5384615384615384,0.7231931150088662,0.5072616312293584,dirichlet_1,,
1532,0.6672140120415982,0.4920634920634921,4.928571428571429,19.0,0.6666666666666666,0.7991227712168183,0.5966826991497919,dirichlet_1,,
1533,0.9151614668856047,0.7513227513227513,2.4285714285714284,9.0,0.8181818181818182,0.46025279666829844,0.328094292827755,dirichlet_1,,
1534,0.9896004378762999,0.9365079365079365,0.7142857142857143,3.0,1.0,0.31224891441243596,0.30349196334315076,dirichlet_1,,
1535,0.9737274220032841,0.8994708994708994,1.2142857142857142,7.0,0.8181818181818182,0.6074443311869824,0.37930331089997255,dirichlet_1,,
1536,0.9178981937602627,0.8253968253968254,2.0,13.0,0.8181818181818182,0.5288822721360746,0.32460289822739,dirichlet_1,,
1537,0.8451012588943623,0.693121693121693,3.2142857142857144,11.0,0.5384615384615384,0.6767050859709778,0.4977129603466444,dirichlet_1,,
1538,0.8856048166392994,0.7460317460317459,2.857142857142857,12.0,0.8181818181818182,0.6237248377724386,0.39469709645132706,dirichlet_1,,
1539,0.8943623426382047,0.7460317460317459,2.7857142857142856,9.0,0.6666666666666666,0.8753234358867619,0.6376617179433809,dirichlet_1,,
1540,0.9414340448823207,0.8042328042328042,2.2142857142857144,5.0,0.6666666666666666,0.6906525251838136,0.5440010400852668,dirichlet_1,,
1541,0.8062397372742199,0.6984126984126984,3.2142857142857144,20.0,0.6666666666666666,0.4378349788508896,0.3121593391483721,dirichlet_1,,
1542,0.9293924466338259,0.7777777777777777,2.4285714285714284,7.0,0.6666666666666666,0.7063814259136125,0.45451337768268407,dirichlet_1,,
1543,0.9655172413793103,0.8730158730158729,1.3571428571428572,6.0,0.8181818181818182,0.3359758379668615,0.3177064072611438,dirichlet_1,,
1544,0.9523809523809524,0.8518518518518519,1.6428571428571428,7.0,0.8181818181818182,0.24877595926303347,0.3144851735389015,dirichlet_1,,
1545,0.9348659003831418,0.8148148148148148,1.9285714285714286,11.0,0.6666666666666666,0.5890394119635881,0.4806151124890299,dirichlet_1,,
1546,0.6376573617952929,0.5185185185185185,5.0,19.0,0.5384615384615384,0.7221434596133389,0.3811705289474821,dirichlet_1,,
1547,0.7744937055281882,0.6084656084656085,3.9285714285714284,20.0,0.6666666666666666,0.5991755762066591,0.34605850413931827,dirichlet_1,,
1548,0.9102353585112206,0.7513227513227513,2.5,11.0,0.6666666666666666,0.6806926927361446,0.3760356004742868,dirichlet_1,,
1549,0.7312534209085934,0.619047619047619,4.214285714285714,21.0,0.6666666666666666,0.357707764864814,0.30840431656901784,dirichlet_1,,
1550,0.8938149972632732,0.7407407407407407,2.857142857142857,9.0,0.6666666666666666,0.5836214012622865,0.3467002880736726,dirichlet_1,,
1551,0.9354132457580733,0.8042328042328042,2.2857142857142856,8.0,0.6666666666666666,0.6276456527939962,0.3496053177981756,dirichlet_1,,
1552,0.9797482211275315,0.9206349206349207,1.0,6.0,1.0,0.17620133189428774,0.24331782659080722,dirichlet_1,,
1553,0.9261083743842365,0.7936507936507936,2.142857142857143,11.0,0.6666666666666666,1.01588079807069,0.7079403990353451,dirichlet_1,,
1554,0.7859879584017515,0.582010582010582,4.285714285714286,12.0,0.5384615384615384,0.8932502784183501,0.5684614228191892,dirichlet_1,,
1555,0.8035030103995622,0.6296296296296297,3.7857142857142856,17.0,0.5384615384615384,0.7500709093151505,0.43259545956326334,dirichlet_1,,
1556,0.9534756431308156,0.8201058201058201,1.8571428571428572,5.0,0.6666666666666666,0.4365558282324794,0.3476910917817656,dirichlet_1,,
1557,0.8828680897646416,0.693121693121693,3.142857142857143,9.0,0.5384615384615384,0.5560221031697804,0.47801105158489016,dirichlet_1,,
1558,0.8899835796387521,0.7777777777777777,2.4285714285714284,14.0,0.8181818181818182,0.5487160826369948,0.3450549165745342,dirichlet_1,,
1559,0.7416529830322934,0.5502645502645502,4.357142857142857,17.0,0.6666666666666666,0.7601219843276471,0.47403206266816345,dirichlet_1,,
1560,0.9480021893814996,0.8042328042328042,1.9285714285714286,7.0,0.6666666666666666,0.5887342694809964,0.4943671347404982,dirichlet_1,,
1561,0.8648056923918993,0.6666666666666666,3.357142857142857,11.0,0.5384615384615384,0.7547724825507045,0.5773862412753523,dirichlet_1,,
1562,0.69896004378763,0.5714285714285714,4.428571428571429,20.0,0.6666666666666666,0.6411612341162402,0.4757803166999753,dirichlet_1,,
1563,0.6798029556650246,0.5714285714285714,4.785714285714286,20.0,0.6666666666666666,0.5920207040228115,0.45744230443104145,dirichlet_1,,
1564,0.8960043787629994,0.7460317460317459,2.7857142857142856,12.0,0.6666666666666666,0.4909794819070985,0.3342213911551223,dirichlet_1,,
1565,0.8943623426382047,0.7566137566137565,2.642857142857143,11.0,0.8181818181818182,0.3615987502817574,0.299640446802508,dirichlet_1,,
1566,0.960591133004926,0.8306878306878307,1.7857142857142858,4.0,0.6666666666666666,0.3788757998881396,0.29572953117924655,dirichlet_1,,
1567,0.849480021893815,0.7354497354497355,2.857142857142857,17.0,0.8181818181818182,0.39611328982572425,0.29899723958750085,dirichlet_1,,
1568,0.9737274220032841,0.8994708994708994,1.1428571428571428,6.0,0.8181818181818182,0.4112054029802037,0.2924343034253952,dirichlet_1,,
1569,0.7613574165298304,0.6296296296296297,3.7857142857142856,19.0,0.8181818181818182,0.44835794681834235,0.3466289579823085,dirichlet_1,,
1570,0.8899835796387521,0.7195767195767195,3.0,9.0,0.6666666666666666,0.5129168224631862,0.3089082209917086,dirichlet_1,,
1571,0.7909140667761357,0.5925925925925926,4.214285714285714,10.0,0.8181818181818182,0.6582659770505994,0.466669788376354,dirichlet_1,,
1572,0.6458675424192666,0.4708994708994709,5.357142857142857,16.0,0.5384615384615384,0.9554997250584204,0.5012377859210776,dirichlet_1,,
1573,0.7712096332785988,0.5925925925925926,4.142857142857143,12.0,0.6666666666666666,1.0228051393624926,0.7112523336503459,dirichlet_1,,
1574,0.7011494252873564,0.5343915343915343,4.428571428571429,20.0,0.6666666666666666,0.8153034260200553,0.523500728801608,dirichlet_1,,
1575,0.7487684729064039,0.5767195767195767,4.571428571428571,12.0,0.6666666666666666,0.6450433683148049,0.5001634125568752,dirichlet_1,,
1576,0.8434592227695675,0.6402116402116401,3.5714285714285716,12.0,0.5384615384615384,0.6723209276325128,0.43815942377872774,dirichlet_1,,
1577,0.7531472359058566,0.5925925925925926,4.214285714285714,16.0,0.6666666666666666,0.7481208649275739,0.40079421595743603,dirichlet_1,,
1578,0.7843459222769567,0.5978835978835979,4.0,15.0,0.6666666666666666,0.7562326026070285,0.41894031474575605,dirichlet_1,,
1579,0.8598795840175151,0.7142857142857143,2.9285714285714284,16.0,0.6666666666666666,0.5670503475795686,0.40637251644454414,dirichlet_1,,
1580,0.8850574712643678,0.7883597883597884,2.5714285714285716,15.0,0.8181818181818182,0.5412859781627171,0.32608481361894226,dirichlet_1,,
1581,0.9129720853858784,0.7566137566137565,2.4285714285714284,9.0,0.6666666666666666,0.9871518944526606,0.6697911778934446,dirichlet_1,,
1582,0.9458128078817735,0.8253968253968254,1.8571428571428572,7.0,0.8181818181818182,0.37326624246465673,0.30458386542591326,dirichlet_1,,
1583,0.6902025177887248,0.5026455026455026,4.785714285714286,20.0,0.6666666666666666,0.8561872791380171,0.4975973241025015,dirichlet_1,,
1584,0.8987411056376573,0.7566137566137565,2.7142857142857144,11.0,0.5384615384615384,0.3443029508998402,0.26015333848518984,dirichlet_1,,
1585,0.9737274220032841,0.8835978835978835,1.2142857142857142,5.0,0.8181818181818182,0.4139240568332318,0.3504555811679849,dirichlet_1,,
1586,0.9321291735084838,0.8201058201058201,1.8571428571428572,9.0,1.0,0.3710525829879031,0.2896064671755238,dirichlet_1,,
1587,0.9365079365079365,0.8095238095238094,2.0714285714285716,8.0,0.6666666666666666,0.31539613051961074,0.3525896644682985,dirichlet_1,,
1588,0.8615216201423097,0.7037037037037037,3.0,10.0,0.6666666666666666,0.8080026568718938,0.5821058089774019,dirichlet_1,,
1589,0.8177339901477831,0.6402116402116401,3.642857142857143,11.0,0.6666666666666666,0.8209048813842454,0.4832138462781901,dirichlet_1,,
1590,0.7547892720306513,0.5925925925925926,4.428571428571429,14.0,0.6666666666666666,0.7182556821031016,0.5591278410515508,dirichlet_1,,
1591,0.9709906951286261,0.8835978835978835,1.3571428571428572,6.0,0.6666666666666666,0.3937913882955998,0.30968289812781713,dirichlet_1,,
1592,0.9567597153804049,0.8306878306878307,1.9285714285714286,4.0,0.6666666666666666,0.5200033525690384,0.3708775761242596,dirichlet_1,,
1593,0.9512862616310892,0.8412698412698412,1.7857142857142858,6.0,1.0,0.2922799139064989,0.28778637704969234,dirichlet_1,,
1594,0.9726327312534209,0.8941798941798942,1.2142857142857142,5.0,0.8181818181818182,0.23177638132062728,0.259160084900416,dirichlet_1,,
1595,0.7142857142857142,0.5343915343915343,4.357142857142857,20.0,0.6666666666666666,0.6832970736572352,0.4038662153162715,dirichlet_1,,
1596,0.9392446633825944,0.7936507936507936,2.2142857142857144,7.0,0.6666666666666666,0.6411510060160156,0.4450143432258974,dirichlet_1,,
1597,0.8746579091406678,0.7195767195767195,2.7857142857142856,15.0,0.6666666666666666,0.4778652394321889,0.42375502991256025,dirichlet_1,,
1598,0.9480021893814996,0.8306878306878307,1.8571428571428572,7.0,0.8181818181818182,0.7468311749448824,0.5734155874724413,dirichlet_1,,
1599,0.8516694033935412,0.6825396825396826,3.142857142857143,12.0,0.6666666666666666,0.552177831068128,0.4614067807035075,dirichlet_1,,
1600,0.778872468527641,0.6402116402116401,3.5714285714285716,20.0,0.6666666666666666,0.6641518457385331,0.38160301139202946,dirichlet_1,,
1601,0.7197591680350302,0.544973544973545,4.785714285714286,16.0,0.5384615384615384,0.8917245199009213,0.6458622599504606,dirichlet_1,,
1602,0.926655719759168,0.8042328042328042,2.0,8.0,0.8181818181818182,1.31131896153979,0.855659480769895,dirichlet_1,,
1603,0.5637657361795292,0.43386243386243384,6.0,17.0,0.42857142857142855,0.9344971338481445,0.6672485669240722,dirichlet_1,,
1604,0.7586206896551723,0.6137566137566137,3.857142857142857,20.0,0.8181818181818182,0.618390177197725,0.46094878262396644,dirichlet_1,,
1605,0.9600437876299945,0.8730158730158729,1.3571428571428572,7.0,1.0,0.44494391372699205,0.30177878767461747,dirichlet_1,,
1606,0.7783251231527094,0.6613756613756614,3.642857142857143,21.0,0.6666666666666666,0.4621236866707127,0.3420422934454045,dirichlet_1,,
1607,0.9348659003831418,0.8042328042328042,2.142857142857143,9.0,0.8181818181818182,0.539540901167663,0.35217772556395305,dirichlet_1,,
1608,0.9419813902572524,0.8042328042328042,2.142857142857143,6.0,0.6666666666666666,0.5300194895526391,0.42520881421748563,dirichlet_1,,
1609,0.9195402298850575,0.8042328042328042,2.0714285714285716,10.0,0.8181818181818182,0.4732167875552091,0.35803128214666513,dirichlet_1,,
1610,0.91351943076081,0.7724867724867724,2.357142857142857,8.0,0.6666666666666666,0.4783363089344347,0.31478964049865565,dirichlet_1,,
1611,0.5041050903119868,0.3492063492063492,6.071428571428571,20.0,0.42857142857142855,1.1102661177430047,0.7551330588715024,dirichlet_1,,
1612,0.9381499726327313,0.7936507936507936,2.2142857142857144,6.0,0.8181818181818182,0.6642143186616327,0.5050888875517163,dirichlet_1,,
1613,0.950191570881226,0.8306878306878307,1.7857142857142858,7.0,0.8181818181818182,0.44517353019811245,0.3322810225506232,dirichlet_1,,
1614,0.9025725232621784,0.7195767195767195,2.7142857142857144,7.0,0.6666666666666666,0.9504027239635215,0.6620885811368292,dirichlet_1,,
1615,0.6031746031746031,0.46031746031746035,5.357142857142857,17.0,0.5384615384615384,0.7298986708316437,0.5349591735254628,dirichlet_1,,
1616,0.739463601532567,0.6084656084656085,4.214285714285714,18.0,0.6666666666666666,0.5902282508692365,0.45105348461474726,dirichlet_1,,
1617,0.9726327312534209,0.8888888888888887,1.2857142857142858,7.0,0.8181818181818182,0.37382205491403486,0.34001449865421784,dirichlet_1,,
1618,0.9573070607553366,0.8253968253968254,1.7857142857142858,5.0,0.8181818181818182,0.5099765909127154,0.31921819216020564,dirichlet_1,,
1619,0.8357963875205253,0.6666666666666666,3.5,11.0,0.8181818181818182,0.5227541199447552,0.42025827997644755,dirichlet_1,,
1620,0.9589490968801313,0.8306878306878307,1.7142857142857142,7.0,0.6666666666666666,0.5292117771470662,0.34683347243943147,dirichlet_1,,
1621,0.8478379857690203,0.6349206349206349,3.5714285714285716,9.0,0.42857142857142855,0.7282323617393046,0.49583298367501244,dirichlet_1,,
1622,0.986863711001642,0.9259259259259259,0.9285714285714286,3.0,1.0,0.3084174684076111,0.34030991385137094,dirichlet_1,,
1623,0.6568144499178982,0.4920634920634921,5.142857142857143,16.0,0.5384615384615384,0.8244558450181466,0.49703346394038167,dirichlet_1,,
1624,0.9003831417624522,0.8042328042328042,2.2142857142857144,15.0,0.6666666666666666,0.35871673716872443,0.3405281040548695,dirichlet_1,,
1625,0.9649698960043787,0.8518518518518519,1.6428571428571428,6.0,0.6666666666666666,0.42200861870949663,0.30634909472084076,dirichlet_1,,
1626,0.9036672140120415,0.7460317460317459,2.642857142857143,12.0,0.6666666666666666,0.46724965740053626,0.3457536371989621,dirichlet_1,,
1627,0.8352490421455938,0.6455026455026455,3.642857142857143,10.0,0.6666666666666666,0.7335179420517413,0.5667589710258707,dirichlet_1,,
1628,0.9507389162561576,0.8148148148148148,2.0,7.0,0.6666666666666666,1.0777707993113759,0.7388853996556879,dirichlet_1,,
1629,0.912424740010947,0.7777777777777777,2.4285714285714284,8.0,0.8181818181818182,0.3821604280765636,0.2808121737052058,dirichlet_1,,
1630,0.8221127531472359,0.6402116402116401,3.9285714285714284,10.0,0.8181818181818182,0.583220332360235,0.43714719436871236,dirichlet_1,,
1631,0.6091954022988505,0.44444444444444436,5.857142857142857,16.0,0.42857142857142855,1.059931382825708,0.6456914030122342,dirichlet_1,,
1632,0.9332238642583469,0.7724867724867724,2.357142857142857,7.0,0.6666666666666666,0.7577070316479376,0.43183834472346827,dirichlet_1,,
1633,0.9638752052545155,0.8518518518518519,1.6428571428571428,5.0,0.8181818181818182,0.4116734612495891,0.30957311392433673,dirichlet_1,,
1634,0.9365079365079365,0.7936507936507936,2.0714285714285716,7.0,0.6666666666666666,0.7596493267092024,0.48330029524126095,dirichlet_1,,
1635,0.9074986316365626,0.7619047619047619,2.357142857142857,10.0,0.8181818181818182,0.7930001808336267,0.4813956817999198,dirichlet_1,,
1636,0.6880131362889983,0.5132275132275131,4.714285714285714,20.0,0.5384615384615384,0.966225191277295,0.5957537229906898,dirichlet_1,,
1637,0.9255610290093048,0.798941798941799,2.0714285714285716,9.0,0.8181818181818182,0.5551072422728599,0.3658073980982515,dirichlet_1,,
1638,0.90311986863711,0.7619047619047619,2.5714285714285716,11.0,0.5384615384615384,0.41356483434742325,0.2920480770293195,dirichlet_1,,
1639,0.8850574712643678,0.7513227513227513,2.5714285714285716,15.0,0.6666666666666666,0.6448119577078726,0.48754103353018236,dirichlet_1,,
1640,0.8779419813902573,0.7142857142857143,3.0,12.0,0.5384615384615384,0.671180676553863,0.43347176066442555,dirichlet_1,,
1641,0.9923371647509577,0.9523809523809524,0.5714285714285714,3.0,0.8181818181818182,0.1582827979216415,0.2444473131549272,dirichlet_1,,
1642,0.9649698960043787,0.8783068783068783,1.2857142857142858,8.0,0.6666666666666666,0.35351812602114013,0.3395842491643794,dirichlet_1,,
1643,0.8981937602627257,0.7566137566137565,2.642857142857143,12.0,0.5384615384615384,0.6683171732285309,0.39799669102252905,dirichlet_1,,
1644,0.9748221127531472,0.8783068783068783,1.2857142857142858,5.0,0.8181818181818182,0.4008702945186014,0.3170342597894081,dirichlet_1,,
1645,0.7214012041598248,0.5714285714285714,4.357142857142857,19.0,0.6666666666666666,0.580537461663159,0.4863669648510037,dirichlet_1,,
1646,0.7531472359058566,0.5925925925925926,4.142857142857143,15.0,0.6666666666666666,0.8567852182164739,0.4417875083743044,dirichlet_1,,
1647,0.8139025725232621,0.7142857142857143,2.9285714285714284,20.0,0.6666666666666666,0.6445156914305353,0.40049010222954573,dirichlet_1,,
1648,0.9627805145046523,0.857142857142857,1.5,6.0,0.8181818181818182,0.7329498888053856,0.5664749444026927,dirichlet_1,,
1649,0.7099069512862616,0.5714285714285714,4.357142857142857,21.0,0.6666666666666666,0.5907002151087194,0.4341970779677391,dirichlet_1,,
1650,0.6403940886699507,0.4761904761904762,5.142857142857143,19.0,0.5384615384615384,0.9396740255971597,0.6667639706662216,dirichlet_1,,
1651,0.9408866995073891,0.798941798941799,2.2142857142857144,6.0,0.8181818181818182,0.7724063935787608,0.4264428818208706,dirichlet_1,,
1652,0.962233169129721,0.8412698412698412,1.7142857142857142,6.0,0.6666666666666666,0.31650270324253094,0.3173430841219095,dirichlet_1,,
1653,0.9403393541324575,0.8201058201058201,1.9285714285714286,7.0,0.8181818181818182,1.1642496597303762,0.782124829865188,dirichlet_1,,
1654,0.8970990695128626,0.7195767195767195,3.0,9.0,0.5384615384615384,0.582009263228625,0.38762828280642564,dirichlet_1,,
1655,0.8374384236453202,0.7248677248677248,2.9285714285714284,18.0,0.8181818181818182,0.3764621014676422,0.324183120450296,dirichlet_1,,
1656,0.9293924466338259,0.7936507936507936,2.2857142857142856,8.0,0.8181818181818182,0.4096746123641506,0.4048373061820753,dirichlet_1,,
1657,0.9337712096332785,0.783068783068783,2.357142857142857,7.0,0.6666666666666666,0.6308797718091793,0.3934166056905216,dirichlet_1,,
1658,0.9359605911330049,0.7777777777777777,2.0,7.0,0.8181818181818182,0.3633193114035046,0.3816596557017523,dirichlet_1,,
1659,0.5533661740558292,0.4232804232804233,6.214285714285714,17.0,0.3333333333333333,0.8856090679311619,0.5535603644164798,dirichlet_1,,
1660,0.9222769567597153,0.7777777777777777,2.357142857142857,11.0,0.5384615384615384,0.6921457631062213,0.4897271294774619,dirichlet_1,,
1661,0.9677066228790366,0.8677248677248677,1.3571428571428572,6.0,1.0,0.21351329820545192,0.28696546805516737,dirichlet_1,,
1662,0.9414340448823207,0.7883597883597884,2.2142857142857144,6.0,0.6666666666666666,0.8752024428399865,0.6376012214199933,dirichlet_1,,
1663,0.7104542966611932,0.5079365079365079,4.642857142857143,18.0,0.42857142857142855,0.9229494283193775,0.6614747141596887,dirichlet_1,,
1664,0.9682539682539683,0.8624338624338624,1.5,5.0,0.6666666666666666,0.3330522482787158,0.354949852828136,dirichlet_1,,
1665,0.8615216201423097,0.6719576719576719,3.2857142857142856,9.0,0.6666666666666666,0.5199646671838434,0.44979591346776193,dirichlet_1,,
1666,0.6245210727969349,0.46031746031746035,5.571428571428571,15.0,0.5384615384615384,0.9995616143570802,0.5210521074787756,dirichlet_1,,
1667,0.8741105637657363,0.708994708994709,3.0714285714285716,11.0,0.5384615384615384,0.6666844850043976,0.5161676228288525,dirichlet_1,,
1668,0.9315818281335522,0.8042328042328042,2.142857142857143,8.0,0.8181818181818182,1.076577047620627,0.7382885238103134,dirichlet_1,,
1669,0.8609742747673782,0.6825396825396826,3.357142857142857,11.0,0.5384615384615384,0.6562042685739518,0.4023622637887342,dirichlet_1,,
1670,0.715927750410509,0.5608465608465608,4.285714285714286,20.0,0.6666666666666666,0.6187312912552516,0.49631234372450556,dirichlet_1,,
1671,0.8139025725232621,0.6137566137566137,3.9285714285714284,11.0,0.6666666666666666,0.6394046357916423,0.3785733063713243,dirichlet_1,,
1672,0.9414340448823207,0.7883597883597884,2.2142857142857144,6.0,0.6666666666666666,1.268773424267787,0.8343867121338936,dirichlet_1,,
1673,0.9764641488779421,0.8941798941798942,1.2857142857142858,5.0,0.8181818181818182,0.2383428037899405,0.2781882467144133,dirichlet_1,,
1674,0.9326765188834154,0.7724867724867724,2.2142857142857144,7.0,0.6666666666666666,0.8668635680521606,0.588238085816105,dirichlet_1,,
1675,0.8981937602627257,0.7566137566137565,2.5714285714285716,10.0,0.6666666666666666,0.767959773655394,0.42806810668921086,dirichlet_1,,
1676,0.8281335522714832,0.619047619047619,3.857142857142857,11.0,0.42857142857142855,0.7939449027855188,0.45318628591954296,dirichlet_1,,
1677,0.9682539682539683,0.8730158730158729,1.5,7.0,0.6666666666666666,0.328999230246945,0.27196476913583784,dirichlet_1,,
1678,0.9534756431308156,0.8148148148148148,1.9285714285714286,5.0,0.6666666666666666,0.3365917542306508,0.3418338815761556,dirichlet_1,,
1679,0.8954570333880678,0.7037037037037037,3.0,9.0,0.5384615384615384,0.5166156530338074,0.39543440386747924,dirichlet_1,,
1680,0.9113300492610837,0.7301587301587301,2.642857142857143,7.0,0.6666666666666666,0.7126798214677597,0.5433196766474699,dirichlet_1,,
1681,0.9720853858784892,0.8835978835978835,1.2142857142857142,5.0,0.8181818181818182,0.4233872522168513,0.3223553921488626,dirichlet_1,,
1682,0.8035030103995622,0.5873015873015872,4.0,11.0,0.5384615384615384,0.7306945548846218,0.40519307119670833,dirichlet_1,,
1683,0.9748221127531472,0.8835978835978835,1.3571428571428572,5.0,1.0,0.8204094687297803,0.6102047343648901,dirichlet_1,,
1684,0.9009304871373838,0.7619047619047619,2.5,12.0,0.5384615384615384,0.34935620001142276,0.3487666854479468,dirichlet_1,,
1685,0.6633825944170771,0.5132275132275131,5.0,17.0,0.5384615384615384,0.9658952852647648,0.5533920840571929,dirichlet_1,,
1686,0.8719211822660098,0.693121693121693,3.142857142857143,12.0,0.5384615384615384,0.6631749808004286,0.4720185225286402,dirichlet_1,,
1687,0.9376026272577997,0.8359788359788359,1.6428571428571428,12.0,0.8181818181818182,0.48119228186419305,0.32611400476275654,dirichlet_1,,
1688,0.8598795840175151,0.708994708994709,3.0,16.0,0.6666666666666666,0.6508870996932568,0.38370543713985855,dirichlet_1,,
1689,0.8615216201423097,0.7142857142857143,3.0714285714285716,10.0,0.5384615384615384,0.5785208424912334,0.3612337490884901,dirichlet_1,,
1690,0.8888888888888888,0.7142857142857143,2.9285714285714284,9.0,0.6666666666666666,0.6287867316365965,0.5143933658182983,dirichlet_1,,
1691,0.909688013136289,0.7724867724867724,2.5,9.0,1.0,0.5661231429224122,0.3879223403868054,dirichlet_1,,
1692,0.9233716475095786,0.7777777777777777,2.2142857142857144,10.0,0.8181818181818182,0.6558256354471863,0.524817511223647,dirichlet_1,,
1693,0.8133552271483305,0.6666666666666666,3.5,19.0,0.5384615384615384,0.9342926004847747,0.5947946160270138,dirichlet_1,,
1694,0.9419813902572524,0.8042328042328042,1.8571428571428572,7.0,0.8181818181818182,0.4852223463642889,0.40360343889684974,dirichlet_1,,
1695,0.7712096332785988,0.5925925925925926,4.142857142857143,13.0,0.6666666666666666,0.6122139282939498,0.39399296678809936,dirichlet_1,,
1696,0.6201423097974823,0.4761904761904762,5.5,16.0,0.5384615384615384,0.9224694419682882,0.6083775880730595,dirichlet_1,,
1697,0.6644772851669404,0.4761904761904762,5.142857142857143,18.0,0.6666666666666666,1.1455728678322774,0.7727864339161387,dirichlet_1,,
1698,0.5500821018062397,0.4021164021164021,6.285714285714286,16.0,0.42857142857142855,0.9750830886158824,0.6875415443079411,dirichlet_1,,
1699,0.7175697865353038,0.566137566137566,4.285714285714286,19.0,0.6666666666666666,1.1758174732470188,0.7879087366235094,dirichlet_1,,
1700,0.9085933223864259,0.7407407407407407,2.7142857142857144,7.0,0.6666666666666666,0.9323404500681638,0.43345875706465964,dirichlet_1,,
1701,0.4893267651888341,0.35978835978835977,6.571428571428571,17.0,0.3333333333333333,1.1550458693037835,0.7775229346518917,dirichlet_1,,
1702,0.8379857690202517,0.6719576719576719,3.357142857142857,11.0,0.8181818181818182,0.5003241251423732,0.3049893913379888,dirichlet_1,,
1703,0.91351943076081,0.7407407407407407,2.5,7.0,0.6666666666666666,0.8816727891832408,0.5277539263259133,dirichlet_1,,
1704,0.8817733990147782,0.7195767195767195,2.9285714285714284,11.0,0.5384615384615384,0.8788811303737145,0.6148119718069481,dirichlet_1,,
1705,0.735632183908046,0.5555555555555556,4.214285714285714,20.0,0.6666666666666666,0.6180100693267392,0.3962554075920999,dirichlet_1,,
1706,0.8708264915161467,0.7037037037037037,3.357142857142857,9.0,0.8181818181818182,0.5670413014628286,0.4835206507314142,dirichlet_1,,
1707,0.8472906403940886,0.6825396825396826,3.357142857142857,11.0,0.5384615384615384,0.542629143988848,0.3446483093140877,dirichlet_1,,
1708,0.9715380405035577,0.8783068783068783,1.2142857142857142,5.0,0.8181818181818182,0.42381678010659896,0.36301507455093923,dirichlet_1,,
1709,0.9058565955117679,0.7883597883597884,2.5,12.0,0.8181818181818182,0.245634493505719,0.2790676706149278,dirichlet_1,,
1710,0.9085933223864259,0.7513227513227513,2.4285714285714284,8.0,0.6666666666666666,0.4508740844299716,0.42543704221498574,dirichlet_1,,
1711,0.7914614121510672,0.6455026455026455,3.5714285714285716,20.0,0.6666666666666666,0.6068442464681211,0.5034221232340605,dirichlet_1,,
1712,0.960591133004926,0.8465608465608466,1.5714285714285714,6.0,0.8181818181818182,0.3528754147233959,0.30368549952630836,dirichlet_1,,
1713,0.8850574712643678,0.7248677248677248,3.0,11.0,0.5384615384615384,0.6368418594428533,0.49089092579152716,dirichlet_1,,
1714,0.8845101258894362,0.7195767195767195,2.7857142857142856,12.0,0.5384615384615384,0.5520371104299449,0.4469401337189292,dirichlet_1,,
1715,0.8631636562671045,0.7142857142857143,2.9285714285714284,15.0,0.6666666666666666,0.7677689761203081,0.5838844880601541,dirichlet_1,,
1716,0.7531472359058566,0.5502645502645502,4.5,12.0,0.5384615384615384,0.7799511800343042,0.5416554454988661,dirichlet_1,,
1717,0.9430760810071154,0.7936507936507936,2.142857142857143,7.0,0.6666666666666666,0.5696030060283404,0.3787552931173395,dirichlet_1,,
1718,0.6880131362889983,0.5026455026455026,4.928571428571429,16.0,0.42857142857142855,0.8443739040963179,0.5467750789838772,dirichlet_1,,
1719,0.9775588396278051,0.9153439153439152,1.0,7.0,0.8181818181818182,0.5469304174971628,0.3385677593532046,dirichlet_1,,
1720,0.9627805145046523,0.8730158730158729,1.4285714285714286,7.0,0.8181818181818182,0.2542163333473877,0.26606234062289635,dirichlet_1,,
1721,0.9282977558839628,0.7671957671957672,2.4285714285714284,6.0,0.8181818181818182,0.6889490642530064,0.5343876276683884,dirichlet_1,,
1722,0.7980295566502463,0.6455026455026455,3.5,20.0,0.5384615384615384,0.6713155868477079,0.417199383808071,dirichlet_1,,
1723,0.578544061302682,0.3968253968253968,5.642857142857143,20.0,0.5384615384615384,0.9849631663538211,0.6924815831769106,dirichlet_1,,
1724,0.9272030651340997,0.7619047619047619,2.4285714285714284,7.0,0.6666666666666666,0.5755196786707888,0.4658824688326265,dirichlet_1,,
1725,0.6732348111658456,0.48677248677248675,4.714285714285714,21.0,0.6666666666666666,1.0400677061457533,0.7182123901221741,dirichlet_1,,
1726,0.912424740010947,0.798941798941799,2.357142857142857,11.0,0.8181818181818182,0.31931520028761384,0.31391528178865985,dirichlet_1,,
1727,0.8954570333880678,0.7513227513227513,2.5714285714285716,11.0,0.6666666666666666,0.43628973158682105,0.41814486579341054,dirichlet_1,,
1728,0.939792008757526,0.8201058201058201,2.0714285714285716,8.0,0.6666666666666666,0.49358723964426415,0.4370718690498429,dirichlet_1,,
1729,0.9091406677613574,0.7407407407407407,2.7142857142857144,10.0,0.6666666666666666,0.42732979392726045,0.40558555520670914,dirichlet_1,,
1730,0.9649698960043787,0.857142857142857,1.6428571428571428,7.0,0.6666666666666666,0.5009211476451129,0.3351899233481461,dirichlet_1,,
1731,0.9359605911330049,0.8201058201058201,2.0714285714285716,9.0,0.8181818181818182,0.2801143017361991,0.3322001982993917,dirichlet_1,,
1732,0.9534756431308156,0.8201058201058201,1.7142857142857142,7.0,0.8181818181818182,0.29924682051581664,0.34962341025790833,dirichlet_1,,
1733,0.9682539682539683,0.8677248677248677,1.4285714285714286,7.0,0.6666666666666666,0.5351383466524093,0.42089410701497726,dirichlet_1,,
1734,0.715927750410509,0.5343915343915343,5.071428571428571,16.0,0.5384615384615384,0.9747872620647228,0.6873936310323614,dirichlet_1,,
1735,0.9589490968801313,0.8359788359788359,1.7142857142857142,6.0,0.8181818181818182,0.28482924503285967,0.3352983018349856,dirichlet_1,,
1736,0.9523809523809524,0.8465608465608466,1.7142857142857142,7.0,0.8181818181818182,0.5854388093315994,0.41085726239243153,dirichlet_1,,
1737,0.9490968801313627,0.8095238095238094,2.0,6.0,0.8181818181818182,0.329619076814036,0.32526858922347057,dirichlet_1,,
1738,0.8500273672687465,0.6878306878306878,3.142857142857143,11.0,0.6666666666666666,0.658614675508455,0.5161233823823232,dirichlet_1,,
1739,0.9813902572523261,0.9312169312169312,0.8571428571428571,7.0,0.8181818181818182,0.5457762575675364,0.3853262231389174,dirichlet_1,,
1740,0.962233169129721,0.8465608465608466,1.5714285714285714,7.0,0.6666666666666666,0.49254131193452333,0.3791312596400513,dirichlet_1,,
1741,0.692391899288451,0.5291005291005291,5.0,15.0,0.5384615384615384,0.9306443364563901,0.6653221682281951,dirichlet_1,,
1742,0.8538587848932675,0.7037037037037037,3.0714285714285716,16.0,0.5384615384615384,0.8749764008604582,0.593310538190678,dirichlet_1,,
1743,0.9408866995073891,0.8201058201058201,1.9285714285714286,8.0,0.6666666666666666,0.4002014998800752,0.3817718377244187,dirichlet_1,,
1744,0.9709906951286261,0.8835978835978835,1.2857142857142858,6.0,0.8181818181818182,0.5643231252795825,0.461984639558364,dirichlet_1,,
1745,0.8232074438970991,0.6455026455026455,3.7857142857142856,13.0,0.6666666666666666,0.8139446101174673,0.6069723050587336,dirichlet_1,,
1746,0.9458128078817735,0.8253968253968254,1.9285714285714286,7.0,0.8181818181818182,1.0124185371937218,0.7062092685968608,dirichlet_1,,
1747,0.4926108374384236,0.3544973544973545,6.571428571428571,16.0,0.42857142857142855,1.1358240058409448,0.7679120029204722,dirichlet_1,,
1748,0.9282977558839628,0.798941798941799,2.142857142857143,8.0,0.8181818181818182,0.6854451872175356,0.5427225936087678,dirichlet_1,,
1749,0.7104542966611932,0.5238095238095238,4.714285714285714,16.0,0.6666666666666666,0.8714358825769184,0.6357179412884592,dirichlet_1,,
1750,0.922824302134647,0.798941798941799,2.142857142857143,8.0,0.8181818181818182,0.7183464054403955,0.5152463683860872,dirichlet_1,,
1751,0.8981937602627257,0.7354497354497355,2.7857142857142856,9.0,0.6666666666666666,0.5112697293405143,0.3791923692825956,dirichlet_1,,
1752,0.9534756431308156,0.8465608465608466,1.6428571428571428,7.0,0.8181818181818182,0.42367783032756356,0.35636130930803656,dirichlet_1,,
1753,0.9589490968801313,0.8518518518518519,1.5714285714285714,6.0,0.8181818181818182,0.34346158702770446,0.3186451601109485,dirichlet_1,,
1754,0.7049808429118773,0.5925925925925926,4.428571428571429,21.0,0.6666666666666666,0.6925130248728988,0.3901297025897616,dirichlet_1,,
1755,0.8905309250136835,0.7354497354497355,2.857142857142857,11.0,0.6666666666666666,0.5082586979047256,0.3734717186688443,dirichlet_1,,
1756,0.9370552818828681,0.798941798941799,2.0714285714285716,7.0,0.6666666666666666,0.8448111642851643,0.6224055821425822,dirichlet_1,,
1757,0.9748221127531472,0.8941798941798942,1.2142857142857142,7.0,0.8181818181818182,0.2946031337678986,0.30542876341949693,dirichlet_1,,
1758,0.9239189928845101,0.7619047619047619,2.4285714285714284,7.0,0.6666666666666666,0.6522502856457426,0.445279190045637,dirichlet_1,,
1759,0.8067870826491516,0.6243386243386243,3.642857142857143,12.0,0.6666666666666666,0.8124377960691918,0.5541202261320483,dirichlet_1,,
1760,0.9923371647509577,0.9417989417989417,0.7142857142857143,2.0,0.8181818181818182,0.3869970733599264,0.39349853667996315,dirichlet_1,,
1761,0.6628352490421456,0.5079365079365079,5.357142857142857,16.0,0.42857142857142855,0.9384893350032106,0.6692446675016052,dirichlet_1,,
1762,0.8248494800218937,0.6507936507936508,3.7142857142857144,10.0,0.6666666666666666,0.7199629547596277,0.5599814773798137,dirichlet_1,,
1763,0.8998357963875205,0.7513227513227513,2.5,12.0,0.5384615384615384,0.351839932632787,0.36335853672759605,dirichlet_1,,
1764,0.9704433497536945,0.8783068783068783,1.4285714285714286,7.0,0.6666666666666666,0.6457872933632969,0.5228936466816484,dirichlet_1,,
1765,0.8429118773946359,0.6402116402116401,3.7142857142857144,9.0,0.42857142857142855,0.6256206591384553,0.5128103295692277,dirichlet_1,,
1766,0.9469074986316366,0.8730158730158729,1.7142857142857142,10.0,0.8181818181818182,0.24016062911748573,0.26225485361257345,dirichlet_1,,
1767,0.7794198139025725,0.5767195767195767,4.285714285714286,13.0,0.5384615384615384,0.6332282415283278,0.47585120263811576,dirichlet_1,,
1768,0.8264915161466886,0.6349206349206349,3.7857142857142856,10.0,0.6666666666666666,0.6700951176203938,0.44797180480610127,dirichlet_1,,
1769,0.7985769020251778,0.6613756613756614,3.357142857142857,20.0,0.6666666666666666,0.676637075702349,0.4178354687377692,dirichlet_1,,
1770,0.950191570881226,0.8148148148148148,2.0,7.0,0.6666666666666666,0.6918979139842194,0.4671067778825461,dirichlet_1,,
1771,0.8593322386425835,0.6772486772486772,3.2857142857142856,12.0,0.5384615384615384,0.48477729963009075,0.4423886498150453,dirichlet_1,,
1772,0.7635467980295566,0.6137566137566137,4.0,15.0,0.6666666666666666,0.5913318903793913,0.3880565883093558,dirichlet_1,,
1773,0.8565955117679256,0.6772486772486772,3.2142857142857144,14.0,0.6666666666666666,0.4671622555886727,0.4162189829115204,dirichlet_1,,
1774,0.7651888341543513,0.5925925925925926,4.071428571428571,11.0,0.6666666666666666,0.8046564942397509,0.4114212756127923,dirichlet_1,,
1775,0.9534756431308156,0.8148148148148148,1.7857142857142858,7.0,0.6666666666666666,0.6862162206794657,0.5356384503011098,dirichlet_1,,
1776,0.896551724137931,0.7301587301587301,2.9285714285714284,9.0,0.5384615384615384,0.5588978730687065,0.4590202432358712,dirichlet_1,,
1777,0.8128078817733991,0.6719576719576719,3.357142857142857,18.0,0.6666666666666666,0.5868266399688298,0.4252309440865078,dirichlet_1,,
1778,0.9562123700054733,0.8518518518518519,1.6428571428571428,7.0,0.8181818181818182,0.6565367096001989,0.5240437900624489,dirichlet_1,,
1779,0.8790366721401204,0.7037037037037037,3.2142857142857144,11.0,0.6666666666666666,0.6104464081096529,0.48770705800874936,dirichlet_1,,
1780,0.91351943076081,0.7777777777777777,2.357142857142857,9.0,1.0,0.7003965681357377,0.5501982840678689,dirichlet_1,,
1781,0.9337712096332785,0.7724867724867724,2.2142857142857144,7.0,0.8181818181818182,0.5233540909584948,0.44313308626514797,dirichlet_1,,
1782,0.8752052545155994,0.7460317460317459,2.642857142857143,15.0,0.8181818181818182,0.6837238742173364,0.4247990731048398,dirichlet_1,,
1783,0.9151614668856047,0.7407407407407407,2.642857142857143,7.0,0.6666666666666666,0.9155944476240123,0.4520249059844429,dirichlet_1,,
1784,0.9846743295019157,0.9153439153439152,1.0,3.0,0.8181818181818182,0.2873750019930531,0.32443370909080077,dirichlet_1,,
1785,0.8007662835249042,0.656084656084656,3.2857142857142856,20.0,0.6666666666666666,0.9920307070609187,0.559448921085196,dirichlet_1,,
1786,0.9425287356321838,0.8359788359788359,1.7142857142857142,8.0,1.0,0.5573336393485363,0.33588253007400587,dirichlet_1,,
1787,0.9469074986316366,0.8306878306878307,1.7857142857142858,7.0,0.8181818181818182,0.398361249955888,0.29434799185915994,dirichlet_1,,
1788,0.9852216748768472,0.91005291005291,1.0,3.0,0.8181818181818182,0.19044454346380113,0.2695804634275579,dirichlet_1,,
1789,0.6064586754241927,0.4761904761904762,5.357142857142857,18.0,0.5384615384615384,0.7160922455310861,0.49344162926380736,dirichlet_1,,
1790,0.8828680897646416,0.7142857142857143,2.7857142857142856,12.0,0.5384615384615384,0.6365971602607169,0.48193677058268436,dirichlet_1,,
1791,0.8877941981390256,0.7248677248677248,3.0,9.0,0.6666666666666666,0.4671711317538092,0.34899698409118374,dirichlet_1,,
1792,0.9693486590038315,0.8783068783068783,1.2857142857142858,7.0,0.6666666666666666,0.38603136454191483,0.33717409085086486,dirichlet_1,,
1793,0.8642583470169677,0.6878306878306878,3.2142857142857144,13.0,0.6666666666666666,0.7024364137509074,0.5434603004615459,dirichlet_1,,
1794,0.47454844006568137,0.3333333333333333,6.857142857142857,17.0,0.3333333333333333,1.3758407836971414,0.8879203918485706,dirichlet_1,,
1795,0.9928845101258894,0.9682539682539683,0.42857142857142855,4.0,1.0,0.17152886165043202,0.285764430825216,dirichlet_1,,
1796,0.8757525998905309,0.7037037037037037,3.142857142857143,9.0,0.8181818181818182,0.7177875983835853,0.4710206289752007,dirichlet_1,,
1797,0.9277504105090312,0.7619047619047619,2.2857142857142856,7.0,0.6666666666666666,0.7946873375866214,0.5036250918258243,dirichlet_1,,
1798,0.9102353585112206,0.7301587301587301,2.642857142857143,7.0,0.6666666666666666,0.7604615865286335,0.41851128860224596,dirichlet_1,,
1799,0.8155446086480569,0.6455026455026455,3.5,13.0,0.6666666666666666,0.6860242632887172,0.5408737939816948,dirichlet_1,,
1800,0.8133552271483305,0.6402116402116401,4.0,15.0,0.5384615384615384,0.634243798430387,0.5087311399822269,dirichlet_1,,
1801,0.9003831417624522,0.7354497354497355,2.642857142857143,9.0,0.6666666666666666,0.6937740094681689,0.5468870047340845,dirichlet_1,,
1802,0.9518336070060207,0.8095238095238094,1.7857142857142858,7.0,0.6666666666666666,0.7894180510188438,0.5250723155761486,dirichlet_1,,
1803,0.8270388615216201,0.6402116402116401,3.642857142857143,11.0,0.6666666666666666,1.1226893626728878,0.662183932614189,dirichlet_1,,
1804,0.9819376026272578,0.9365079365079365,0.7857142857142857,7.0,0.8181818181818182,0.4714629922287764,0.4357314961143882,dirichlet_1,,
1805,0.8899835796387521,0.7142857142857143,3.0714285714285716,9.0,0.5384615384615384,0.585103595391613,0.4695140372919328,dirichlet_1,,
1806,0.69896004378763,0.6084656084656085,4.5,21.0,0.5384615384615384,0.44218001822718744,0.3521603601933947,dirichlet_1,,
1807,0.6934865900383141,0.582010582010582,4.571428571428571,21.0,0.6666666666666666,0.47723660545433894,0.32847596585646843,dirichlet_1,,
1808,0.6885604816639298,0.5714285714285714,4.642857142857143,21.0,0.6666666666666666,0.521199865616643,0.35880388291687043,dirichlet_1,,
1809,0.9469074986316366,0.8359788359788359,1.8571428571428572,7.0,0.8181818181818182,0.412004564261534,0.35119672406665187,dirichlet_1,,
1810,0.8850574712643678,0.7248677248677248,2.7857142857142856,12.0,0.5384615384615384,0.4034595627612564,0.38479158662829827,dirichlet_1,,
1811,0.7963875205254516,0.619047619047619,3.9285714285714284,13.0,0.6666666666666666,0.677711555812617,0.4709952927452961,dirichlet_1,,
1812,0.7712096332785988,0.6084656084656085,3.857142857142857,12.0,0.5384615384615384,0.8257025686097442,0.5245118745368228,dirichlet_1,,
1813,0.9321291735084838,0.7883597883597884,2.357142857142857,5.0,0.6666666666666666,0.46930608510017924,0.4013918023798409,dirichlet_1,,
1814,0.967159277504105,0.8624338624338624,1.5,7.0,0.6666666666666666,0.3815139673782305,0.3819289722972024,dirichlet_1,,
1815,0.8828680897646416,0.7195767195767195,3.0,9.0,0.6666666666666666,0.4822862388936664,0.4406309197525304,dirichlet_1,,
1816,0.88232074438971,0.7037037037037037,3.0714285714285716,9.0,0.6666666666666666,0.564939386373336,0.48246969318666794,dirichlet_1,,
1817,0.8949096880131362,0.7777777777777777,2.7142857142857144,12.0,0.8181818181818182,0.33446901055378253,0.28502302859371853,dirichlet_1,,
1818,0.9195402298850575,0.7936507936507936,2.357142857142857,9.0,0.8181818181818182,0.41950926629949237,0.37994453368144876,dirichlet_1,,
1819,0.9036672140120415,0.7248677248677248,2.857142857142857,9.0,0.6666666666666666,0.7353925372571629,0.48247954363549883,dirichlet_1,,
1820,0.962233169129721,0.8677248677248677,1.4285714285714286,7.0,0.8181818181818182,0.5504910476930097,0.4752455238465048,dirichlet_1,,
1821,0.8445539135194308,0.6666666666666666,3.642857142857143,14.0,0.5384615384615384,0.6738245285099058,0.47762919716944924,dirichlet_1,,
1822,0.9556650246305418,0.8465608465608466,1.7857142857142858,6.0,0.8181818181818182,0.26824534636477126,0.3027377311002465,dirichlet_1,,
1823,0.9239189928845101,0.7936507936507936,2.0,12.0,0.8181818181818182,0.5865439979496545,0.3560040279949364,dirichlet_1,,
1824,0.8593322386425835,0.6878306878306878,3.357142857142857,11.0,0.6666666666666666,0.708269638453134,0.48258666599787087,dirichlet_1,,
1825,0.7870826491516147,0.5925925925925926,4.285714285714286,11.0,0.6666666666666666,0.8469502194781642,0.5161532523867733,dirichlet_1,,
1826,0.9660645867542419,0.8783068783068783,1.2857142857142858,6.0,0.8181818181818182,0.30195261296290776,0.2799164684915639,dirichlet_1,,
1827,0.8051450465243569,0.6243386243386243,3.7142857142857144,13.0,0.6666666666666666,0.5300689796251277,0.4650344898125639,dirichlet_1,,
1828,0.9430760810071154,0.8253968253968254,1.8571428571428572,7.0,0.8181818181818182,0.6990929618084976,0.5495464809042487,dirichlet_1,,
1829,0.9222769567597153,0.7566137566137565,2.642857142857143,7.0,0.5384615384615384,0.7611820012084608,0.4486574872361001,dirichlet_1,,
1830,0.8976464148877942,0.7513227513227513,2.7142857142857144,11.0,0.5384615384615384,0.4302608633831464,0.306927925480816,dirichlet_1,,
1831,0.8883415435139572,0.708994708994709,3.0714285714285716,9.0,0.6666666666666666,1.0208754487938987,0.7104377243969493,dirichlet_1,,
1832,0.9589490968801313,0.8306878306878307,1.7857142857142858,7.0,0.6666666666666666,0.35201044946562743,0.295915037679844,dirichlet_1,,
1833,0.8297755883962781,0.6137566137566137,3.642857142857143,13.0,0.5384615384615384,0.91274521803721,0.6563726090186051,dirichlet_1,,
1834,0.7777777777777778,0.6296296296296297,3.9285714285714284,16.0,0.6666666666666666,0.7952763289404132,0.5976381644702066,dirichlet_1,,
1835,0.6223316912972086,0.4285714285714285,5.428571428571429,20.0,0.5384615384615384,1.1865058894735618,0.793252944736781,dirichlet_1,,
1836,0.9518336070060207,0.8465608465608466,1.5714285714285714,8.0,0.8181818181818182,0.534408820475333,0.3498069220761665,dirichlet_1,,
1837,0.9020251778872468,0.7671957671957672,2.357142857142857,14.0,0.6666666666666666,0.5657813200186266,0.4002034464136468,dirichlet_1,,
1838,0.9507389162561576,0.8095238095238094,1.9285714285714286,6.0,0.8181818181818182,0.42168867997238935,0.37364819986627995,dirichlet_1,,
1839,0.715927750410509,0.5502645502645502,4.357142857142857,15.0,0.6666666666666666,0.8985153062684879,0.4699761341595827,dirichlet_1,,
1840,0.9064039408866994,0.7513227513227513,2.5714285714285716,8.0,0.6666666666666666,0.7677311790326369,0.5451219333886084,dirichlet_1,,
1841,0.9737274220032841,0.8783068783068783,1.3571428571428572,5.0,0.8181818181818182,0.24398595854955551,0.2835748440623805,dirichlet_1,,
1842,0.9447181171319102,0.798941798941799,2.142857142857143,7.0,0.6666666666666666,0.41090041791807796,0.30302169197619117,dirichlet_1,,
1843,0.7000547345374931,0.5079365079365079,4.642857142857143,18.0,0.5384615384615384,0.9447796360569714,0.6723898180284856,dirichlet_1,,
1844,0.739463601532567,0.5555555555555556,4.642857142857143,15.0,0.6666666666666666,0.8574850955470433,0.440983919138582,dirichlet_1,,
1845,0.9020251778872468,0.7354497354497355,2.7142857142857144,11.0,0.5384615384615384,0.6666381726434714,0.48470455580766386,dirichlet_1,,
1846,0.6464148877941982,0.5185185185185185,5.0,19.0,0.5384615384615384,0.6682479153242792,0.37168232455572764,dirichlet_1,,
1847,0.8970990695128626,0.7354497354497355,2.857142857142857,11.0,0.5384615384615384,0.7921552844899531,0.5045313604667886,dirichlet_1,,
1848,0.9414340448823207,0.798941798941799,2.0714285714285716,7.0,0.6666666666666666,0.485615836311607,0.3209553443752,dirichlet_1,,
1849,0.8762999452654625,0.7777777777777777,2.2857142857142856,17.0,0.8181818181818182,0.41705501546668766,0.33423770039564454,dirichlet_1,,
1850,0.9660645867542419,0.8677248677248677,1.3571428571428572,6.0,0.8181818181818182,0.44722905460690887,0.34417003038788435,dirichlet_1,,
1851,0.8916256157635468,0.7407407407407407,2.9285714285714284,9.0,0.8181818181818182,0.42320099011451995,0.3988262507406774,dirichlet_1,,
1852,0.9146141215106732,0.7566137566137565,2.5,8.0,0.8181818181818182,0.6028612265688739,0.47005241360408145,dirichlet_1,,
1853,0.8330596606458676,0.6507936507936508,3.5,14.0,0.5384615384615384,0.7403812820043223,0.43448962738999747,dirichlet_1,,
1854,0.8418171866447729,0.656084656084656,3.7142857142857144,11.0,0.42857142857142855,0.7644288511092909,0.4007260292209281,dirichlet_1,,
1855,0.967159277504105,0.857142857142857,1.5714285714285714,5.0,0.6666666666666666,0.3402742223519567,0.3202410377800544,dirichlet_1,,
1856,0.7099069512862616,0.5238095238095238,4.714285714285714,20.0,0.42857142857142855,0.9561614015370637,0.6780807007685319,dirichlet_1,,
1857,0.8795840175150519,0.7142857142857143,2.9285714285714284,9.0,0.6666666666666666,0.7277081744948657,0.45549655074079143,dirichlet_1,,
1858,0.8308702791461413,0.6878306878306878,3.2857142857142856,17.0,0.6666666666666666,0.8119057014774337,0.5059805611661159,dirichlet_1,,
1859,0.960591133004926,0.8412698412698412,1.7142857142857142,7.0,0.6666666666666666,0.4895507228519258,0.44477536142596297,dirichlet_1,,
1860,0.7476737821565407,0.582010582010582,4.5,16.0,0.5384615384615384,0.8172562081315369,0.532790650406161,dirichlet_1,,
1861,0.8166392993979201,0.7195767195767195,3.0,20.0,0.6666666666666666,0.35556097301490625,0.33556541183764316,dirichlet_1,,
1862,0.9080459770114943,0.7460317460317459,2.5714285714285716,11.0,0.5384615384615384,0.5244780039849352,0.4249065936440195,dirichlet_1,,
1863,0.8976464148877942,0.8148148148148148,2.2857142857142856,15.0,0.8181818181818182,0.44422655992191096,0.28549290016815126,dirichlet_1,,
1864,0.5309250136836344,0.4126984126984127,5.714285714285714,18.0,0.5384615384615384,0.7563585393227826,0.5044468306022147,dirichlet_1,,
1865,0.950191570881226,0.8148148148148148,2.0,7.0,0.6666666666666666,0.570245221876313,0.4449527552780367,dirichlet_1,,
1866,0.9660645867542419,0.8730158730158729,1.4285714285714286,7.0,0.8181818181818182,0.4808435543662126,0.4016612207623769,dirichlet_1,,
1867,0.9616858237547894,0.8677248677248677,1.5,7.0,0.8181818181818182,0.2917611315784641,0.32857068322784977,dirichlet_1,,
1868,0.7465790914066777,0.566137566137566,4.428571428571429,16.0,0.6666666666666666,0.984154696355045,0.45027209572602905,dirichlet_1,,
1869,0.9480021893814996,0.8148148148148148,2.0,7.0,0.6666666666666666,0.7308941066013581,0.5120856456419499,dirichlet_1,,
1870,0.9009304871373838,0.7195767195767195,2.9285714285714284,9.0,0.6666666666666666,0.5670045346137444,0.32725719834003636,dirichlet_1,,
1871,0.986863711001642,0.9259259259259259,0.8571428571428571,4.0,0.6666666666666666,0.5811330868738719,0.490566543436936,dirichlet_1,,
1872,0.9337712096332785,0.798941798941799,2.2857142857142856,8.0,0.6666666666666666,0.6037395684197183,0.34628464101704065,dirichlet_1,,
1873,0.7728516694033934,0.6137566137566137,3.7142857142857144,21.0,0.6666666666666666,1.018847600457521,0.7094238002287605,dirichlet_1,,
1874,0.9458128078817735,0.8306878306878307,1.8571428571428572,7.0,0.8181818181818182,0.6146936980737612,0.4751124548897222,dirichlet_1,,
1875,0.8056923918992885,0.6243386243386243,4.0,10.0,0.8181818181818182,0.6997693720193748,0.4266527165989566,dirichlet_1,,
1876,0.922824302134647,0.798941798941799,2.142857142857143,11.0,0.8181818181818182,0.47725255336562594,0.4223381570432253,dirichlet_1,,
1877,0.7006020799124247,0.5132275132275131,4.642857142857143,19.0,0.6666666666666666,1.095993731606323,0.7479968658031615,dirichlet_1,,
1878,0.9430760810071154,0.8253968253968254,2.0,9.0,0.8181818181818182,0.4025843788229449,0.2787454567009871,dirichlet_1,,
1879,0.8719211822660098,0.7037037037037037,3.142857142857143,12.0,0.5384615384615384,0.6307623946853461,0.4529886628528555,dirichlet_1,,
1880,0.8888888888888888,0.7037037037037037,2.9285714285714284,7.0,0.6666666666666666,0.9121466064946817,0.435377673770143,dirichlet_1,,
1881,0.8226600985221675,0.6084656084656085,3.9285714285714284,9.0,0.42857142857142855,0.6958563328297079,0.526264317061585,dirichlet_1,,
1882,0.8133552271483305,0.656084656084656,3.7857142857142856,13.0,0.6666666666666666,0.5022476353155578,0.38008522807229633,dirichlet_1,,
1883,0.9195402298850575,0.7724867724867724,2.2857142857142856,9.0,0.8181818181818182,0.6315592027760335,0.39616624962491964,dirichlet_1,,
1884,0.9365079365079365,0.7936507936507936,2.2857142857142856,6.0,0.6666666666666666,0.6644638790592012,0.4776245184229537,dirichlet_1,,
1885,0.8921729611384784,0.7566137566137565,2.5714285714285716,10.0,0.5384615384615384,0.6867665781946255,0.4180285458297197,dirichlet_1,,
1886,0.9556650246305418,0.8465608465608466,1.6428571428571428,6.0,0.8181818181818182,0.6455081728694326,0.4879454148274723,dirichlet_1,,
1887,0.986863711001642,0.9312169312169312,0.7857142857142857,4.0,0.8181818181818182,0.41698632676131686,0.4084931633806584,dirichlet_1,,
1888,0.9458128078817735,0.798941798941799,2.0714285714285716,7.0,0.6666666666666666,0.4237577526785963,0.37576754112494665,dirichlet_1,,
1889,0.7224958949096879,0.5343915343915343,4.357142857142857,18.0,0.5384615384615384,0.9015814795144987,0.6507907397572493,dirichlet_1,,
1890,0.9666119321291735,0.8677248677248677,1.3571428571428572,7.0,0.6666666666666666,0.8609396196417112,0.5891993857676866,dirichlet_1,,
1891,0.9239189928845101,0.783068783068783,2.2857142857142856,8.0,0.8181818181818182,0.6974619914397329,0.5259568623433949,dirichlet_1,,
1892,0.8215654077723044,0.6455026455026455,3.7142857142857144,12.0,0.5384615384615384,0.7778247512622387,0.5889123756311193,dirichlet_1,,
1893,0.876847290640394,0.708994708994709,3.0,11.0,0.6666666666666666,0.8545479353328325,0.5667011176331153,dirichlet_1,,
1894,0.9512862616310892,0.8201058201058201,1.9285714285714286,7.0,0.6666666666666666,0.7620716698123291,0.5810358349061645,dirichlet_1,,
1895,0.9436234263820471,0.8201058201058201,1.8571428571428572,7.0,0.8181818181818182,1.010034120729233,0.7050170603646164,dirichlet_1,,
1896,0.8888888888888888,0.693121693121693,3.0,9.0,0.5384615384615384,0.7333329182727496,0.4034566034692021,dirichlet_1,,
1897,0.8916256157635468,0.7460317460317459,2.857142857142857,10.0,0.8181818181818182,0.4714807174633231,0.4167686149919037,dirichlet_1,,
1898,0.939792008757526,0.8201058201058201,1.9285714285714286,8.0,0.8181818181818182,0.49320962138729424,0.32983661693364164,dirichlet_1,,
1899,0.9293924466338259,0.7671957671957672,2.357142857142857,7.0,0.6666666666666666,0.7661272401943932,0.5693262049812053,dirichlet_1,,
1900,0.9759168035030105,0.8994708994708994,1.1428571428571428,7.0,0.8181818181818182,0.6620505997017023,0.5040075346020763,dirichlet_1,,
1901,0.7137383689107826,0.5238095238095238,4.785714285714286,17.0,0.6666666666666666,0.8609301432738156,0.6304650716369077,dirichlet_1,,
1902,0.6721401204159826,0.49735449735449727,4.857142857142857,20.0,0.5384615384615384,0.8804114025231378,0.5391691349136192,dirichlet_1,,
1903,0.6995073891625616,0.5185185185185185,5.0,14.0,0.5384615384615384,1.0858401157247335,0.7429200578623667,dirichlet_1,,
1904,0.9365079365079365,0.8042328042328042,2.2142857142857144,6.0,1.0,0.49462031803111983,0.4086624564934332,dirichlet_1,,
1905,0.8582375478927203,0.6719576719576719,3.357142857142857,12.0,0.5384615384615384,0.7639447994198871,0.5372837455144224,dirichlet_1,,
1906,0.9682539682539683,0.8835978835978835,1.3571428571428572,7.0,0.8181818181818182,0.7566917070638852,0.5783458535319427,dirichlet_1,,
1907,0.9315818281335522,0.7724867724867724,2.2857142857142856,6.0,0.6666666666666666,0.7408445630577548,0.41620831521977114,dirichlet_1,,
1908,0.9206349206349206,0.7777777777777777,2.4285714285714284,8.0,0.6666666666666666,0.6134916006472083,0.39263322268927625,dirichlet_1,,
1909,0.8970990695128626,0.7619047619047619,2.5,13.0,0.8181818181818182,0.339228984918892,0.3492113663425556,dirichlet_1,,
1910,0.983032293377121,0.91005291005291,1.0,4.0,0.8181818181818182,0.21704012193612904,0.27645379181421326,dirichlet_1,,
1911,0.9020251778872468,0.7513227513227513,2.5714285714285716,12.0,0.6666666666666666,0.7149086842561686,0.41700292370508035,dirichlet_1,,
1912,0.9441707717569787,0.8201058201058201,2.0714285714285716,7.0,1.0,0.4332314971169625,0.3990125827622915,dirichlet_1,,
1913,0.6420361247947455,0.5079365079365079,5.214285714285714,17.0,0.6666666666666666,0.6816557978543915,0.3747182056891368,dirichlet_1,,
1914,0.7077175697865353,0.5185185185185185,4.928571428571429,14.0,0.5384615384615384,0.8623292492195469,0.539234423934828,dirichlet_1,,
1915,0.6551724137931034,0.5026455026455026,4.928571428571429,16.0,0.5384615384615384,0.678391861841809,0.3700087005640034,dirichlet_1,,
1916,0.7547892720306513,0.5714285714285714,4.5,16.0,0.6666666666666666,0.9893167370393241,0.6946583685196621,dirichlet_1,,
1917,0.9250136836343732,0.7883597883597884,2.357142857142857,8.0,0.6666666666666666,0.5346793688908063,0.4035866871733993,dirichlet_1,,
1918,0.8746579091406678,0.6878306878306878,3.2857142857142856,9.0,0.5384615384615384,0.8096605438089287,0.5444166094046828,dirichlet_1,,
1919,0.926655719759168,0.7724867724867724,2.357142857142857,7.0,0.8181818181818182,0.5184859425988175,0.3828298445876809,dirichlet_1,,
1920,0.7668308702791461,0.6031746031746031,3.857142857142857,21.0,0.6666666666666666,0.7626103397964945,0.39186813265842835,dirichlet_1,,
1921,0.9370552818828681,0.7936507936507936,2.2857142857142856,6.0,0.6666666666666666,0.6110025229662368,0.4020091614699243,dirichlet_1,,
1922,0.45867542419266555,0.31746031746031744,7.0,17.0,0.3333333333333333,1.0729930215023449,0.6680072027911571,dirichlet_1,,
1923,0.9244663382594416,0.7619047619047619,2.357142857142857,7.0,0.6666666666666666,0.7281593309733909,0.5091380335572947,dirichlet_1,,
1924,0.8434592227695675,0.6666666666666666,3.2142857142857144,14.0,0.8181818181818182,0.39604916751942676,0.3847102762420035,dirichlet_1,,
1925,0.9315818281335522,0.7724867724867724,2.357142857142857,6.0,0.6666666666666666,0.7702801158627756,0.4060423263943272,dirichlet_1,,
1926,0.9047619047619048,0.7301587301587301,2.9285714285714284,7.0,0.8181818181818182,0.5012911914537621,0.4306326992349731,dirichlet_1,,
1927,0.9638752052545155,0.8677248677248677,1.3571428571428572,7.0,0.8181818181818182,0.5995152791092724,0.44293713830920683,dirichlet_1,,
1928,0.7744937055281882,0.5555555555555556,4.285714285714286,12.0,0.42857142857142855,0.981550730152641,0.6907753650763204,dirichlet_1,,
1929,0.7006020799124247,0.5396825396825397,4.857142857142857,16.0,0.6666666666666666,1.0446413170966014,0.5425796458784237,dirichlet_1,,
1930,0.8631636562671045,0.6878306878306878,3.2857142857142856,13.0,0.6666666666666666,0.5293789388076108,0.40331883307174116,dirichlet_1,,
1931,0.7110016420361247,0.582010582010582,4.571428571428571,18.0,0.6666666666666666,0.6902876594552696,0.487600981902027,dirichlet_1,,
1932,0.8987411056376573,0.7513227513227513,2.7142857142857144,11.0,0.5384615384615384,0.7124954761869929,0.4371110848313523,dirichlet_1,,
1933,0.5648604269293924,0.4126984126984127,6.214285714285714,16.0,0.3333333333333333,0.902736833235905,0.6513684166179524,dirichlet_1,,
1934,0.8626163108921729,0.7724867724867724,2.7142857142857144,17.0,0.8181818181818182,0.5111043293494859,0.315468517900624,dirichlet_1,,
1935,0.9386973180076628,0.8201058201058201,1.8571428571428572,8.0,0.8181818181818182,0.5416542678051439,0.4708271339025719,dirichlet_1,,
1936,0.9381499726327313,0.7883597883597884,2.2142857142857144,7.0,0.6666666666666666,0.9798171257120647,0.6899085628560323,dirichlet_1,,
1937,0.9408866995073891,0.7936507936507936,2.2142857142857144,7.0,0.6666666666666666,0.7885759360605279,0.592925365243802,dirichlet_1,,
1938,0.9666119321291735,0.8677248677248677,1.5,6.0,0.8181818181818182,0.48318837531826747,0.3653861676880136,dirichlet_1,,
1939,0.909688013136289,0.7724867724867724,2.2857142857142856,10.0,0.8181818181818182,0.8012719257975615,0.5156992524317591,dirichlet_1,,
1940,0.9512862616310892,0.8412698412698412,1.6428571428571428,7.0,0.8181818181818182,0.659864276261489,0.38055818192842383,dirichlet_1,,
1941,0.6579091406677614,0.4708994708994709,5.214285714285714,20.0,0.5384615384615384,0.9432955992901758,0.5860548728248197,dirichlet_1,,
1942,0.866447728516694,0.6984126984126984,3.142857142857143,12.0,0.5384615384615384,0.6237091116273525,0.46382870376378854,dirichlet_1,,
1943,0.7099069512862616,0.5343915343915343,4.357142857142857,20.0,0.6666666666666666,0.5642717643239279,0.43442455183607964,dirichlet_1,,
1944,0.9874110563765736,0.9259259259259259,0.8571428571428571,3.0,0.8181818181818182,0.135948085495064,0.26783973781849024,dirichlet_1,,
1945,0.7186644772851669,0.5502645502645502,4.214285714285714,20.0,0.6666666666666666,0.7551191607476747,0.42920747251660235,dirichlet_1,,
1946,0.41817186644772847,0.30158730158730157,7.071428571428571,18.0,0.3333333333333333,1.0668940007953784,0.7259648524904776,dirichlet_1,,
1947,0.8565955117679256,0.7037037037037037,3.142857142857143,11.0,0.5384615384615384,0.7074233343912343,0.5268665758783531,dirichlet_1,,
1948,0.8511220580186097,0.6984126984126984,3.0,11.0,0.6666666666666666,0.6388393817462383,0.3383486107312264,dirichlet_1,,
1949,0.8943623426382047,0.7142857142857143,2.857142857142857,9.0,0.6666666666666666,0.5317280181964044,0.4658640090982021,dirichlet_1,,
1950,0.7044334975369457,0.544973544973545,4.785714285714286,16.0,0.5384615384615384,0.8289500618529624,0.5087083029687562,dirichlet_1,,
1951,0.9693486590038315,0.8624338624338624,1.5,4.0,0.8181818181818182,0.41545967325590666,0.31861261586313494,dirichlet_1,,
1952,0.810071154898741,0.6984126984126984,3.0,20.0,0.6666666666666666,0.4955334363828863,0.35547900106113695,dirichlet_1,,
1953,0.9042145593869731,0.7671957671957672,2.5,9.0,0.8181818181818182,0.4126503685073415,0.3357363695449843,dirichlet_1,,
1954,0.6299945265462507,0.5079365079365079,5.071428571428571,19.0,0.5384615384615384,0.7186722139163886,0.5252600809021372,dirichlet_1,,
1955,0.8620689655172413,0.7142857142857143,2.9285714285714284,16.0,0.6666666666666666,0.5833008321452842,0.4916504160726421,dirichlet_1,,
1956,0.8106185002736727,0.6507936507936508,3.7142857142857144,12.0,0.5384615384615384,0.9273515710942457,0.6619674108917717,dirichlet_1,,
1957,0.7416529830322934,0.5714285714285714,4.071428571428571,20.0,0.8181818181818182,0.5415712688112457,0.3790803850663468,dirichlet_1,,
1958,0.9064039408866994,0.7513227513227513,2.642857142857143,9.0,0.6666666666666666,0.5664285905980397,0.3783689433861807,dirichlet_1,,
1959,0.7690202517788725,0.5925925925925926,4.428571428571429,16.0,0.5384615384615384,0.7349430093752192,0.5537666895131147,dirichlet_1,,
1960,0.7558839627805145,0.5555555555555556,4.357142857142857,13.0,0.5384615384615384,1.0490327112388975,0.7245163556194487,dirichlet_1,,
1961,0.9633278598795839,0.8730158730158729,1.5,7.0,0.8181818181818182,0.3121729605891819,0.2897210153217043,dirichlet_1,,
1962,0.6951286261631088,0.544973544973545,4.428571428571429,20.0,0.6666666666666666,0.5815374120862528,0.48810780222703526,dirichlet_1,,
1963,0.8872468527640941,0.7513227513227513,2.5,15.0,0.6666666666666666,0.6439329898418741,0.3998868147872024,dirichlet_1,,
1964,0.7963875205254516,0.6455026455026455,4.0,13.0,0.6666666666666666,0.5482333729364315,0.46233681539137494,dirichlet_1,,
1965,0.9770114942528736,0.91005291005291,1.1428571428571428,7.0,0.8181818181818182,0.4743683093180334,0.43718415465901667,dirichlet_1,,
1966,0.9414340448823207,0.7883597883597884,2.2142857142857144,6.0,0.6666666666666666,0.6048308471008117,0.390758667068895,dirichlet_1,,
1967,0.8883415435139572,0.7301587301587301,3.0,8.0,0.8181818181818182,0.49533023159266276,0.4287855799075297,dirichlet_1,,
1968,0.8374384236453202,0.6666666666666666,3.857142857142857,14.0,0.6666666666666666,0.5857506635079277,0.4147512435202793,dirichlet_1,,
1969,0.7783251231527094,0.619047619047619,3.7142857142857144,12.0,0.6666666666666666,0.6973501229082164,0.41126378749024894,dirichlet_1,,
1970,0.9720853858784892,0.8783068783068783,1.2857142857142858,7.0,0.6666666666666666,0.2718423527592677,0.2713109483172107,dirichlet_1,,
1971,0.9480021893814996,0.798941798941799,2.0,7.0,0.6666666666666666,0.5397762256870795,0.42871511694491304,dirichlet_1,,
1972,0.7378215654077723,0.5608465608465608,4.285714285714286,20.0,0.6666666666666666,0.7410282730870834,0.5445223389387661,dirichlet_1,,
1973,0.7471264367816092,0.6031746031746031,4.5,15.0,0.6666666666666666,0.6317341820717086,0.3881794039830245,dirichlet_1,,
1974,0.6934865900383141,0.5079365079365079,4.785714285714286,17.0,0.6666666666666666,0.8569312748753672,0.501857702638616,dirichlet_1,,
1975,0.9496442255062943,0.8095238095238094,1.8571428571428572,7.0,0.6666666666666666,0.8433425828311707,0.564656079128928,dirichlet_1,,
1976,0.8078817733990148,0.6666666666666666,3.2857142857142856,20.0,0.6666666666666666,0.5522082153813087,0.3630339054365175,dirichlet_1,,
1977,0.9715380405035577,0.8835978835978835,1.3571428571428572,7.0,0.6666666666666666,0.3568231052490489,0.32827707876448675,dirichlet_1,,
1978,0.896551724137931,0.7195767195767195,3.0,9.0,0.5384615384615384,0.5577288616254574,0.38595677852377186,dirichlet_1,,
1979,0.6956759715380404,0.582010582010582,4.642857142857143,18.0,0.6666666666666666,0.6017017201638278,0.44929152478317386,dirichlet_1,,
1980,0.9348659003831418,0.8042328042328042,2.0,7.0,0.8181818181818182,0.5789962960149316,0.38757882391315795,dirichlet_1,,
1981,0.60207991242474,0.4232804232804233,5.642857142857143,20.0,0.5384615384615384,1.0772626072145055,0.7386313036072527,dirichlet_1,,
1982,0.8992884510125888,0.7354497354497355,2.7857142857142856,9.0,0.6666666666666666,0.5087876262674673,0.32078656112851034,dirichlet_1,,
1983,0.9430760810071154,0.798941798941799,2.142857142857143,7.0,0.6666666666666666,0.5020901671573377,0.4494884969903526,dirichlet_1,,
1984,0.8812260536398466,0.7248677248677248,2.7857142857142856,12.0,0.6666666666666666,0.5044371116450137,0.4296142472837771,dirichlet_1,,
1985,0.8423645320197045,0.6666666666666666,3.357142857142857,13.0,0.6666666666666666,0.7724640761329326,0.5152838469929114,dirichlet_1,,
1986,0.6973180076628351,0.566137566137566,4.5,20.0,0.6666666666666666,0.8046114155576799,0.49397796583852105,dirichlet_1,,
1987,0.7071702244116037,0.5238095238095238,4.428571428571429,20.0,0.6666666666666666,0.6448138992627426,0.4468929719138905,dirichlet_1,,
1988,0.8237547892720307,0.7301587301587301,3.2142857142857144,18.0,0.6666666666666666,0.31999060615640573,0.28818630052020267,dirichlet_1,,
1989,0.9250136836343732,0.8465608465608466,1.7857142857142858,13.0,0.8181818181818182,0.39927774101787117,0.39963887050893554,dirichlet_1,,
1990,0.779967159277504,0.619047619047619,3.857142857142857,12.0,0.5384615384615384,0.9188535216508955,0.4937056562546867,dirichlet_1,,
1991,0.9731800766283524,0.8888888888888887,1.2857142857142858,7.0,0.6666666666666666,0.5298655486466901,0.4649327743233451,dirichlet_1,,
1992,0.9157088122605364,0.7936507936507936,2.2142857142857144,10.0,0.8181818181818182,0.5942718902928852,0.4193953067267865,dirichlet_1,,
1993,0.7427476737821566,0.566137566137566,4.071428571428571,20.0,0.8181818181818182,0.716491007521503,0.532350276231641,dirichlet_1,,
1994,0.5747126436781609,0.4126984126984127,5.714285714285714,20.0,0.42857142857142855,0.9392305709031915,0.6696152854515958,dirichlet_1,,
1995,0.9759168035030105,0.8994708994708994,1.1428571428571428,7.0,0.8181818181818182,0.7696242649644017,0.5848121324822008,dirichlet_1,,
1996,0.8916256157635468,0.7724867724867724,2.4285714285714284,15.0,0.6666666666666666,0.5577320220920788,0.4247267811604033,dirichlet_1,,
1997,0.8637110016420361,0.7195767195767195,3.142857142857143,12.0,0.8181818181818182,0.4345368866022463,0.32464598041800374,dirichlet_1,,
1998,0.7224958949096879,0.5396825396825397,4.571428571428571,20.0,0.6666666666666666,0.8046627215992423,0.6023313607996211,dirichlet_1,,
1999,0.8336070060207991,0.6507936507936508,3.7142857142857144,10.0,0.8181818181818182,0.6596533973234501,0.5298266986617249,dirichlet_1,,
2000,0.5971538040503558,0.4126984126984127,5.571428571428571,21.0,0.42857142857142855,1.2423873631979099,0.821193681598955,dirichlet_0.2,,
2001,0.7832512315270936,0.5925925925925926,4.142857142857143,12.0,0.5384615384615384,0.9613982344085267,0.612823791835966,dirichlet_0.2,,
2002,0.701696770662288,0.5079365079365079,4.857142857142857,14.0,0.42857142857142855,0.975145325244777,0.5854611848568397,dirichlet_0.2,,
2003,0.48549534756431306,0.3386243386243386,6.142857142857143,20.0,0.42857142857142855,1.2781099023520257,0.8390549511760129,dirichlet_0.2,,
2004,0.44006568144499175,0.2962962962962963,7.0,17.0,0.3333333333333333,1.5217598179687812,0.9608799089843906,dirichlet_0.2,,
2005,0.35030103995621237,0.24867724867724864,7.571428571428571,18.0,0.25,1.1934294386377404,0.7591035624128433,dirichlet_0.2,,
2006,0.7170224411603723,0.5555555555555556,4.5,13.0,0.5384615384615384,1.1991596746418196,0.7483313516295936,dirichlet_0.2,,
2007,0.8582375478927203,0.6878306878306878,3.5,11.0,0.5384615384615384,0.7373200422288385,0.5686600211144194,dirichlet_0.2,,
2008,0.8593322386425835,0.708994708994709,3.0,12.0,0.5384615384615384,0.5071263501249329,0.3691858954759002,dirichlet_0.2,,
2009,0.367816091954023,0.25396825396825395,7.428571428571429,18.0,0.3333333333333333,1.385709343361055,0.8928546716805275,dirichlet_0.2,,
2010,0.7542419266557197,0.5555555555555556,4.5,12.0,0.5384615384615384,0.8802855552189637,0.5210590671265396,dirichlet_0.2,,
2011,0.7131910235358511,0.5714285714285714,4.285714285714286,23.0,0.5384615384615384,1.1149712391200515,0.6641658841238839,dirichlet_0.2,,
2012,0.7192118226600985,0.5291005291005291,4.785714285714286,14.0,0.5384615384615384,1.373872580397527,0.8869362901987635,dirichlet_0.2,,
2013,0.35851122058018614,0.24867724867724864,7.5,18.0,0.3333333333333333,1.583975523122098,0.9919877615610491,dirichlet_0.2,,
2014,0.8954570333880678,0.7354497354497355,2.7857142857142856,10.0,0.6666666666666666,0.9858810306240023,0.5082410463576092,dirichlet_0.2,,
2015,0.6617405582922824,0.48148148148148145,5.0,19.0,0.6666666666666666,0.8596171666484651,0.6298085833242324,dirichlet_0.2,,
2016,0.5205254515599342,0.3439153439153439,6.142857142857143,21.0,0.42857142857142855,1.5831864584236157,0.9915932292118078,dirichlet_0.2,,
2017,0.7257799671592775,0.5873015873015872,4.142857142857143,23.0,0.5384615384615384,0.779797288914535,0.4003708657941156,dirichlet_0.2,,
2018,0.9233716475095786,0.7671957671957672,2.5,6.0,0.6666666666666666,0.6813302522244842,0.48775518355587344,dirichlet_0.2,,
2019,0.41050903119868637,0.2804232804232804,7.214285714285714,17.0,0.3333333333333333,1.167608858245364,0.5794785823853007,dirichlet_0.2,,
2020,0.7690202517788725,0.566137566137566,4.357142857142857,12.0,0.5384615384615384,0.7838747895987477,0.5805164960964629,dirichlet_0.2,,
2021,0.7066228790366721,0.5132275132275131,4.857142857142857,14.0,0.42857142857142855,0.7958985257898332,0.510452113626127,dirichlet_0.2,,
2022,0.5873015873015873,0.4074074074074074,5.785714285714286,17.0,0.42857142857142855,1.4776915640712083,0.9388457820356041,dirichlet_0.2,,
2023,0.7099069512862616,0.5185185185185185,4.785714285714286,14.0,0.5384615384615384,1.2682585325402294,0.8341292662701145,dirichlet_0.2,,
2024,0.5073891625615763,0.3544973544973545,6.071428571428571,20.0,0.42857142857142855,1.5345098214485162,0.9672549107242581,dirichlet_0.2,,
2025,0.9343185550082101,0.7936507936507936,2.142857142857143,7.0,0.6666666666666666,0.8288619624655968,0.47816323906321484,dirichlet_0.2,,
2026,0.4811165845648605,0.3386243386243386,6.142857142857143,20.0,0.42857142857142855,1.380628588542978,0.8903142942714891,dirichlet_0.2,,
2027,0.8472906403940886,0.6719576719576719,3.357142857142857,12.0,0.6666666666666666,1.1988742606486817,0.6351665449597367,dirichlet_0.2,,
2028,0.6819923371647509,0.5291005291005291,4.714285714285714,21.0,0.6666666666666666,0.9170900941006397,0.5360168012650666,dirichlet_0.2,,
2029,0.6420361247947455,0.4656084656084656,5.142857142857143,22.0,0.5384615384615384,1.2844904267583428,0.8422452133791715,dirichlet_0.2,,
2030,0.7432950191570881,0.582010582010582,4.285714285714286,13.0,0.5384615384615384,1.126862612734175,0.5258634841940583,dirichlet_0.2,,
2031,0.8368910782703886,0.693121693121693,3.2142857142857144,17.0,0.6666666666666666,0.4953941926714175,0.4476970963357087,dirichlet_0.2,,
2032,0.8555008210180624,0.6666666666666666,3.2857142857142856,11.0,0.5384615384615384,1.3599119903499046,0.8799559951749524,dirichlet_0.2,,
2033,0.7186644772851669,0.5608465608465608,4.5,13.0,0.5384615384615384,1.2798235136299088,0.8399117568149543,dirichlet_0.2,,
2034,0.4778325123152709,0.3333333333333333,6.142857142857143,20.0,0.42857142857142855,1.4791116266223465,0.9395558133111733,dirichlet_0.2,,
2035,0.7307060755336617,0.5767195767195767,4.357142857142857,13.0,0.5384615384615384,0.7783332192229817,0.488431630330811,dirichlet_0.2,,
2036,0.8686371100164203,0.6825396825396826,3.142857142857143,9.0,0.6666666666666666,1.0792964679200603,0.7396482339600302,dirichlet_0.2,,
2037,0.4723590585659551,0.328042328042328,6.214285714285714,20.0,0.42857142857142855,1.4709374057466478,0.9354687028733238,dirichlet_0.2,,
2038,0.7186644772851669,0.5608465608465608,4.5,13.0,0.5384615384615384,0.9038210940971723,0.506754975899569,dirichlet_0.2,,
2039,0.6234263820470717,0.44444444444444436,5.5,15.0,0.42857142857142855,1.3305869378594806,0.8652934689297402,dirichlet_0.2,,
2040,0.5577449370552819,0.3915343915343915,6.071428571428571,16.0,0.42857142857142855,1.3174964342867277,0.8587482171433638,dirichlet_0.2,,
2041,0.8533114395183361,0.6666666666666666,3.357142857142857,10.0,0.5384615384615384,1.1927776284228717,0.5610864354231685,dirichlet_0.2,,
2042,0.8056923918992885,0.6084656084656085,4.0,11.0,0.5384615384615384,1.4119473262655537,0.9059736631327768,dirichlet_0.2,,
2043,0.5533661740558292,0.4232804232804233,6.0,17.0,0.42857142857142855,1.1713630538577389,0.7856815269288693,dirichlet_0.2,,
2044,0.7230432402846195,0.566137566137566,4.285714285714286,20.0,0.6666666666666666,0.5495807685351349,0.4197704551092268,dirichlet_0.2,,
2045,0.6004378762999452,0.41798941798941797,5.5,20.0,0.42857142857142855,1.182366322165871,0.7911831610829355,dirichlet_0.2,,
2046,0.8286808976464148,0.6878306878306878,3.142857142857143,11.0,0.6666666666666666,0.5843409059738994,0.43415772809784775,dirichlet_0.2,,
2047,0.6480569239189928,0.5079365079365079,4.714285714285714,17.0,0.6666666666666666,1.0254520238869873,0.5690700167130047,dirichlet_0.2,,
2048,0.7153804050355775,0.5396825396825397,4.5,21.0,0.5384615384615384,1.1784740282956143,0.5410038191618951,dirichlet_0.2,,
2049,0.8565955117679256,0.6825396825396826,3.2142857142857144,11.0,0.6666666666666666,1.167434844063839,0.5133230806108939,dirichlet_0.2,,
2050,0.6491516146688561,0.5396825396825397,4.857142857142857,18.0,0.6666666666666666,0.7820128679627424,0.5087634553992185,dirichlet_0.2,,
2051,0.6009852216748768,0.4126984126984127,5.5,22.0,0.42857142857142855,1.1477399485719495,0.7093858850005724,dirichlet_0.2,,
2052,0.6009852216748768,0.4126984126984127,5.5,22.0,0.42857142857142855,1.2942214058127444,0.8471107029063722,dirichlet_0.2,,
2053,0.8686371100164203,0.6825396825396826,3.142857142857143,9.0,0.6666666666666666,1.0941456804933467,0.5635881290596174,dirichlet_0.2,,
2054,0.9222769567597153,0.7671957671957672,2.5,7.0,0.8181818181818182,0.7720238115032428,0.46765146324519347,dirichlet_0.2,,
2055,0.8724685276409413,0.6825396825396826,3.357142857142857,8.0,0.42857142857142855,1.1860162748904468,0.7398991118837265,dirichlet_0.2,,
2056,0.9529282977558841,0.8359788359788359,1.6428571428571428,7.0,0.8181818181818182,0.5634155012325723,0.39865512868498254,dirichlet_0.2,,
2057,0.6726874657909141,0.48148148148148145,5.071428571428571,20.0,0.6666666666666666,1.1138536861171084,0.7569268430585543,dirichlet_0.2,,
2058,0.475095785440613,0.3386243386243386,6.857142857142857,17.0,0.3333333333333333,1.4168450155865,0.90842250779325,dirichlet_0.2,,
2059,0.8500273672687465,0.6613756613756614,3.357142857142857,11.0,0.5384615384615384,1.1081149216772217,0.7136784606861576,dirichlet_0.2,,
2060,0.36234263820470713,0.26455026455026454,7.5,18.0,0.25,1.52274072380741,0.9613703619037051,dirichlet_0.2,,
2061,0.6808976464148878,0.49735449735449727,5.357142857142857,16.0,0.5384615384615384,1.1864868043271122,0.5918310377234274,dirichlet_0.2,,
2062,0.8330596606458676,0.6402116402116401,3.7142857142857144,10.0,0.6666666666666666,1.424990240571527,0.9124951202857634,dirichlet_0.2,,
2063,0.43021346469622335,0.328042328042328,6.642857142857143,20.0,0.3333333333333333,0.8510968598277822,0.5281026908756687,dirichlet_0.2,,
2064,0.48877941981390255,0.3439153439153439,6.142857142857143,20.0,0.42857142857142855,1.5328297587786817,0.9664148793893408,dirichlet_0.2,,
2065,0.7345374931581828,0.5767195767195767,4.428571428571429,18.0,0.6666666666666666,0.7669737039400353,0.4520569244550097,dirichlet_0.2,,
2066,0.9107827038861521,0.7354497354497355,2.642857142857143,7.0,0.6666666666666666,0.7979774621979316,0.5704439120890268,dirichlet_0.2,,
2067,0.48877941981390255,0.3439153439153439,6.142857142857143,20.0,0.42857142857142855,1.5620720424229033,0.9810360212114516,dirichlet_0.2,,
2068,0.45758073344280237,0.32275132275132273,6.857142857142857,16.0,0.3333333333333333,1.4637636281413837,0.9318818140706918,dirichlet_0.2,,
2069,0.778872468527641,0.619047619047619,3.857142857142857,12.0,0.5384615384615384,1.076927509298217,0.5601097433133275,dirichlet_0.2,,
2070,0.6392993979200876,0.48677248677248675,5.071428571428571,17.0,0.6666666666666666,1.01545193775199,0.5875748916469044,dirichlet_0.2,,
2071,0.39792008757526,0.2962962962962963,7.142857142857143,18.0,0.3333333333333333,1.0131340725777027,0.6436395690256106,dirichlet_0.2,,
2072,0.6600985221674877,0.46031746031746035,5.285714285714286,15.0,0.42857142857142855,1.1968945374065496,0.7984472687032748,dirichlet_0.2,,
2073,0.7011494252873564,0.5608465608465608,4.428571428571429,23.0,0.5384615384615384,1.125849640413035,0.687374112694213,dirichlet_0.2,,
2074,0.5681444991789819,0.37566137566137564,5.857142857142857,21.0,0.42857142857142855,1.1513440294323316,0.698010210437144,dirichlet_0.2,,
2075,0.7536945812807883,0.5396825396825397,4.571428571428571,12.0,0.42857142857142855,1.5247521136115763,0.9623760568057881,dirichlet_0.2,,
2076,0.7613574165298304,0.5978835978835979,4.0,12.0,0.5384615384615384,1.0823154005073328,0.6093793726203588,dirichlet_0.2,,
2077,0.3918992884510125,0.2857142857142857,7.285714285714286,18.0,0.3333333333333333,1.4280063967618937,0.9140031983809468,dirichlet_0.2,,
2078,0.6568144499178982,0.4761904761904762,5.0,20.0,0.6666666666666666,1.140993634063776,0.6756829417161666,dirichlet_0.2,,
2079,0.5779967159277504,0.4126984126984127,5.928571428571429,16.0,0.5384615384615384,1.285508914537655,0.8427544572688276,dirichlet_0.2,,
2080,0.8379857690202517,0.656084656084656,3.7142857142857144,14.0,0.5384615384615384,0.742636904577462,0.5302187062121498,dirichlet_0.2,,
2081,0.5292829775588396,0.37566137566137564,5.928571428571429,20.0,0.42857142857142855,1.4043427013855703,0.9021713506927852,dirichlet_0.2,,
2082,0.7383689107827038,0.5502645502645502,4.571428571428571,14.0,0.6666666666666666,0.7892648468688241,0.4233935865600587,dirichlet_0.2,,
2083,0.756431308155446,0.566137566137566,4.5,12.0,0.5384615384615384,1.018907346813893,0.696724879919696,dirichlet_0.2,,
2084,0.742200328407225,0.6031746031746031,4.214285714285714,18.0,0.6666666666666666,1.3645980122740844,0.8822990061370422,dirichlet_0.2,,
2085,0.8565955117679256,0.708994708994709,2.9285714285714284,11.0,0.6666666666666666,1.3306556470579407,0.8653278235289704,dirichlet_0.2,,
2086,0.3470169677066229,0.24338624338624337,7.571428571428571,18.0,0.25,1.4570948434586777,0.9285474217293388,dirichlet_0.2,,
2087,0.4723590585659551,0.328042328042328,6.214285714285714,20.0,0.42857142857142855,1.5454854292610456,0.9727427146305228,dirichlet_0.2,,
2088,0.7476737821565407,0.5873015873015872,3.857142857142857,21.0,0.5384615384615384,1.1809365263472462,0.5536565379128675,dirichlet_0.2,,
2089,0.783798576902025,0.6031746031746031,4.214285714285714,14.0,0.6666666666666666,1.032406258279195,0.5302657872155571,dirichlet_0.2,,
2090,0.6124794745484401,0.4285714285714285,5.428571428571429,21.0,0.42857142857142855,1.4309852296785812,0.9154926148392906,dirichlet_0.2,,
2091,0.7515051997810619,0.5978835978835979,4.142857142857143,13.0,0.5384615384615384,1.1680973396283207,0.7840486698141602,dirichlet_0.2,,
2092,0.9469074986316366,0.8306878306878307,1.7857142857142858,7.0,0.8181818181818182,1.1845952526816061,0.6992574718137659,dirichlet_0.2,,
2093,0.5117679255610289,0.35978835978835977,6.071428571428571,20.0,0.42857142857142855,1.5101931065197485,0.9550965532598741,dirichlet_0.2,,
2094,0.8839627805145046,0.6984126984126984,3.0,9.0,0.6666666666666666,1.33487338220242,0.8674366911012099,dirichlet_0.2,,
2095,0.883415435139573,0.7301587301587301,3.0,11.0,0.5384615384615384,1.3560826025794301,0.878041301289715,dirichlet_0.2,,
2096,0.3497536945812808,0.25925925925925924,7.571428571428571,18.0,0.25,1.4922460239563615,0.9461230119781807,dirichlet_0.2,,
2097,0.5407772304324029,0.35978835978835977,6.071428571428571,20.0,0.42857142857142855,1.5411743403722797,0.9705871701861399,dirichlet_0.2,,
2098,0.5210727969348659,0.3492063492063492,6.142857142857143,21.0,0.42857142857142855,1.593037432179739,0.9965187160898695,dirichlet_0.2,,
2099,0.7274220032840722,0.5714285714285714,4.428571428571429,13.0,0.5384615384615384,1.0382459033572695,0.5691958961509757,dirichlet_0.2,,
2100,0.35030103995621237,0.24867724867724864,7.571428571428571,18.0,0.25,1.5668383116017826,0.9834191558008911,dirichlet_0.2,,
2101,0.896551724137931,0.7142857142857143,2.857142857142857,7.0,0.6666666666666666,1.1171674454448037,0.7585837227224018,dirichlet_0.2,,
2102,0.7170224411603723,0.5555555555555556,4.5,13.0,0.5384615384615384,1.5647046432665297,0.9823523216332648,dirichlet_0.2,,
2103,0.8555008210180624,0.6666666666666666,3.2857142857142856,11.0,0.5384615384615384,0.8266224189827034,0.4345561118487714,dirichlet_0.2,,
2104,0.5008210180623973,0.3492063492063492,6.071428571428571,20.0,0.42857142857142855,1.441980597294357,0.9209902986471784,dirichlet_0.2,,
2105,0.7170224411603723,0.5555555555555556,4.5,13.0,0.5384615384615384,1.2382325299756278,0.819116264987814,dirichlet_0.2,,
2106,0.7821565407772304,0.6243386243386243,3.7857142857142856,12.0,0.5384615384615384,1.5841364022370072,0.9920682011185036,dirichlet_0.2,,
2107,0.8533114395183361,0.6666666666666666,3.357142857142857,10.0,0.5384615384615384,1.5052209835802377,0.9526104917901189,dirichlet_0.2,,
2108,0.4367816091954023,0.31216931216931215,7.071428571428571,18.0,0.3333333333333333,1.459073934528699,0.9295369672643495,dirichlet_0.2,,
2109,0.7542419266557197,0.656084656084656,3.7142857142857144,21.0,0.6666666666666666,0.7920329838023751,0.377756876997344,dirichlet_0.2,,
2110,0.7739463601532567,0.6507936507936508,3.642857142857143,18.0,0.6666666666666666,0.8607381842164596,0.43003644918988765,dirichlet_0.2,,
2111,0.7608100711548987,0.619047619047619,4.071428571428571,21.0,0.5384615384615384,0.7698141938607133,0.4892066479853082,dirichlet_0.2,,
2112,0.8932676518883416,0.708994708994709,2.857142857142857,8.0,0.6666666666666666,1.0831648344145433,0.5350319497818513,dirichlet_0.2,,
2113,0.5084838533114395,0.3544973544973545,6.071428571428571,20.0,0.42857142857142855,1.1415868363889636,0.7605519949655459,dirichlet_0.2,,
2114,0.48002189381499727,0.3333333333333333,6.214285714285714,20.0,0.42857142857142855,1.5338498064845403,0.9669249032422701,dirichlet_0.2,,
2115,0.8013136288998358,0.6137566137566137,4.0,11.0,0.5384615384615384,0.969719219461108,0.6848596097305539,dirichlet_0.2,,
2116,0.9042145593869731,0.7566137566137565,2.5,12.0,0.6666666666666666,0.8964181467275938,0.4899528742003216,dirichlet_0.2,,
2117,0.9020251778872468,0.7354497354497355,2.642857142857143,8.0,0.6666666666666666,1.0780219751317457,0.7189597993290697,dirichlet_0.2,,
2118,0.7345374931581828,0.6031746031746031,4.071428571428571,23.0,0.5384615384615384,0.8755355710554351,0.6377677855277175,dirichlet_0.2,,
2119,0.4876847290640395,0.37037037037037035,6.142857142857143,19.0,0.42857142857142855,1.184711283823615,0.7154993997143382,dirichlet_0.2,,
2120,0.4039408866995074,0.2857142857142857,7.285714285714286,18.0,0.3333333333333333,1.5044409837651254,0.9522204918825627,dirichlet_0.2,,
2121,0.6464148877941982,0.4761904761904762,5.142857142857143,20.0,0.6666666666666666,1.218581188364027,0.8092905941820135,dirichlet_0.2,,
2122,0.42692939244663375,0.291005291005291,7.071428571428571,17.0,0.3333333333333333,1.1699669939537463,0.6230064751370475,dirichlet_0.2,,
2123,0.45429666119321294,0.31746031746031744,6.857142857142857,16.0,0.3333333333333333,1.4967750385352883,0.9483875192676442,dirichlet_0.2,,
2124,0.8582375478927203,0.6825396825396826,3.357142857142857,11.0,0.5384615384615384,1.138313287078242,0.5345135418393306,dirichlet_0.2,,
2125,0.531472359058566,0.3492063492063492,6.142857142857143,20.0,0.42857142857142855,1.1960972800406042,0.6905306679294574,dirichlet_0.2,,
2126,0.8686371100164203,0.6825396825396826,3.142857142857143,9.0,0.6666666666666666,0.9420456544767717,0.4387731310809192,dirichlet_0.2,,
2127,0.6803503010399562,0.4761904761904762,5.142857142857143,14.0,0.42857142857142855,1.2261566071604255,0.8130783035802128,dirichlet_0.2,,
2128,0.48002189381499727,0.3333333333333333,6.214285714285714,20.0,0.42857142857142855,1.5516876978505725,0.9758438489252862,dirichlet_0.2,,
2129,0.4559386973180077,0.3492063492063492,6.357142857142857,20.0,0.42857142857142855,1.5162325100921192,0.9581162550460596,dirichlet_0.2,,
2130,0.5041050903119868,0.3544973544973545,6.142857142857143,20.0,0.42857142857142855,1.1783739722050044,0.5276360820551897,dirichlet_0.2,,
2131,0.8347016967706623,0.656084656084656,3.642857142857143,15.0,0.6666666666666666,0.8770556106834533,0.5386335819741764,dirichlet_0.2,,
2132,0.8631636562671045,0.693121693121693,3.5,11.0,0.42857142857142855,0.8719589493567854,0.6162764556987286,dirichlet_0.2,,
2133,0.9408866995073891,0.7883597883597884,2.2142857142857144,7.0,0.6666666666666666,0.7349694086673757,0.385855866686317,dirichlet_0.2,,
2134,0.8533114395183361,0.6666666666666666,3.357142857142857,10.0,0.5384615384615384,1.2565001147501484,0.8282500573750743,dirichlet_0.2,,
2135,0.7794198139025725,0.5767195767195767,4.285714285714286,13.0,0.5384615384615384,0.9768412797934858,0.5931001515838593,dirichlet_0.2,,
2136,0.702791461412151,0.5132275132275131,4.857142857142857,14.0,0.42857142857142855,1.1425775226168946,0.6954159385295676,dirichlet_0.2,,
2137,0.3420908593322386,0.25396825396825395,7.642857142857143,18.0,0.25,1.5245748014029186,0.9622874007014591,dirichlet_0.2,,
2138,0.5905856595511768,0.4126984126984127,5.428571428571429,20.0,0.42857142857142855,1.3521512745979227,0.8760756372989613,dirichlet_0.2,,
2139,0.5862068965517241,0.4021164021164021,5.571428571428571,20.0,0.42857142857142855,1.3710351360553705,0.8855175680276853,dirichlet_0.2,,
2140,0.6496989600437876,0.4656084656084656,5.357142857142857,14.0,0.5384615384615384,1.2354295521333796,0.8177147760666896,dirichlet_0.2,,
2141,0.6885604816639298,0.49735449735449727,5.071428571428571,13.0,0.42857142857142855,1.1222838515064812,0.7611419257532406,dirichlet_0.2,,
2142,0.5210727969348659,0.3492063492063492,6.142857142857143,21.0,0.42857142857142855,1.5968527311847605,0.9984263655923802,dirichlet_0.2,,
2143,0.6365626710454296,0.4708994708994709,5.0,20.0,0.5384615384615384,1.2540082313322138,0.8270041156661069,dirichlet_0.2,,
2144,0.5998905309250135,0.48148148148148145,5.571428571428571,18.0,0.5384615384615384,0.8857787922448489,0.5972686163202059,dirichlet_0.2,,
2145,0.4608648056923919,0.32275132275132273,6.785714285714286,16.0,0.3333333333333333,1.1069929789400097,0.7223480576296909,dirichlet_0.2,,
2146,0.5473453749315819,0.37037037037037035,6.0,20.0,0.42857142857142855,1.5482811804700685,0.9741405902350343,dirichlet_0.2,,
2147,0.6584564860426929,0.48677248677248675,5.0,20.0,0.5384615384615384,0.7799817033358454,0.5545124159745783,dirichlet_0.2,,
2148,0.8899835796387521,0.708994708994709,2.9285714285714284,8.0,0.6666666666666666,1.1897495118139525,0.7948747559069763,dirichlet_0.2,,
2149,0.5473453749315819,0.37037037037037035,6.0,20.0,0.42857142857142855,1.551447025897598,0.9757235129487989,dirichlet_0.2,,
2150,0.8905309250136835,0.7142857142857143,2.857142857142857,8.0,0.6666666666666666,1.0917973530924252,0.7455416020850052,dirichlet_0.2,,
2151,0.701696770662288,0.5079365079365079,4.857142857142857,14.0,0.42857142857142855,1.1970588057087352,0.6217639267272782,dirichlet_0.2,,
2152,0.6414887794198139,0.4656084656084656,5.214285714285714,20.0,0.6666666666666666,1.3124015267162503,0.8562007633581252,dirichlet_0.2,,
2153,0.6327312534209085,0.44444444444444436,5.357142857142857,19.0,0.6666666666666666,0.9983460338293835,0.4563970629643389,dirichlet_0.2,,
2154,0.5632183908045977,0.4232804232804233,5.928571428571429,17.0,0.5384615384615384,1.3113652669924587,0.8556826334962293,dirichlet_0.2,,
2155,0.7257799671592775,0.5714285714285714,4.428571428571429,13.0,0.5384615384615384,1.3764071129720472,0.8882035564860236,dirichlet_0.2,,
2156,0.9064039408866994,0.7460317460317459,2.5,11.0,0.8181818181818182,0.4320811428279178,0.3281020078316249,dirichlet_0.2,,
2157,0.6272577996715927,0.455026455026455,5.857142857142857,16.0,0.42857142857142855,1.5650388591103135,0.9825194295551567,dirichlet_0.2,,
2158,0.3858784893267652,0.291005291005291,7.214285714285714,18.0,0.25,1.3838746507004318,0.891937325350216,dirichlet_0.2,,
2159,0.7903667214012041,0.5714285714285714,4.214285714285714,11.0,0.42857142857142855,1.0004557889498238,0.700227894474912,dirichlet_0.2,,
2160,0.7471264367816092,0.5502645502645502,4.428571428571429,16.0,0.6666666666666666,1.1690436144715526,0.7845218072357764,dirichlet_0.2,,
2161,0.7553366174055829,0.5608465608465608,4.571428571428571,12.0,0.5384615384615384,1.351769707390004,0.875884853695002,dirichlet_0.2,,
2162,0.4778325123152709,0.3333333333333333,6.142857142857143,20.0,0.42857142857142855,1.1450674307889719,0.5993060555317629,dirichlet_0.2,,
2163,0.6108374384236454,0.44444444444444436,5.428571428571429,20.0,0.42857142857142855,1.4730566020570413,0.9365283010285207,dirichlet_0.2,,
2164,0.8565955117679256,0.708994708994709,2.9285714285714284,11.0,0.6666666666666666,1.3517171152213554,0.8758585576106778,dirichlet_0.2,,
2165,0.8659003831417624,0.6984126984126984,3.142857142857143,12.0,0.5384615384615384,0.7040472726649107,0.4414906469190811,dirichlet_0.2,,
2166,0.7011494252873564,0.5026455026455026,4.928571428571429,14.0,0.42857142857142855,1.4595095456873584,0.9297547728436792,dirichlet_0.2,,
2167,0.5320197044334976,0.3544973544973545,6.142857142857143,20.0,0.42857142857142855,1.1930393317785393,0.5901985637742677,dirichlet_0.2,,
2168,0.7690202517788725,0.6084656084656085,4.0,13.0,0.5384615384615384,1.0840917192398531,0.523887326300016,dirichlet_0.2,,
2169,0.8587848932676518,0.7037037037037037,3.0,16.0,0.6666666666666666,0.9222444273121144,0.4671069168392578,dirichlet_0.2,,
2170,0.37328954570333883,0.2804232804232804,7.357142857142857,18.0,0.25,1.0989614556662453,0.5190014658345334,dirichlet_0.2,,
2171,0.645320197044335,0.4656084656084656,5.285714285714286,16.0,0.42857142857142855,1.304739528802135,0.8523697644010676,dirichlet_0.2,,
2172,0.3711001642036125,0.25925925925925924,7.428571428571429,18.0,0.3333333333333333,1.5646456773513546,0.9823228386756773,dirichlet_0.2,,
2173,0.8839627805145046,0.7301587301587301,2.7857142857142856,9.0,0.6666666666666666,1.4783102563407087,0.9391551281703544,dirichlet_0.2,,
2174,0.8680897646414888,0.6719576719576719,3.357142857142857,9.0,0.42857142857142855,1.1575848772611845,0.7613838255720898,dirichlet_0.2,,
2175,0.48002189381499727,0.3333333333333333,6.214285714285714,20.0,0.42857142857142855,1.395438024214945,0.8977190121074724,dirichlet_0.2,,
2176,0.5320197044334976,0.3544973544973545,6.142857142857143,20.0,0.42857142857142855,1.5539307306767505,0.9769653653383752,dirichlet_0.2,,
2177,0.4438970990695128,0.3439153439153439,6.571428571428571,19.0,0.3333333333333333,1.2759336286636302,0.8379668143318152,dirichlet_0.2,,
2178,0.5210727969348659,0.43915343915343913,5.785714285714286,19.0,0.5384615384615384,1.153858668036617,0.5511337418112776,dirichlet_0.2,,
2179,0.8866995073891626,0.7301587301587301,2.857142857142857,10.0,0.6666666666666666,1.564621797305936,0.982310898652968,dirichlet_0.2,,
2180,0.46195949644225504,0.3492063492063492,6.5,19.0,0.3333333333333333,1.1654491570415217,0.7615029157668349,dirichlet_0.2,,
2181,0.6710454296661192,0.4920634920634921,5.071428571428571,13.0,0.5384615384615384,1.0466524725316804,0.7233262362658401,dirichlet_0.2,,
2182,0.4778325123152709,0.3333333333333333,6.142857142857143,20.0,0.42857142857142855,1.3158146231853085,0.8579073115926542,dirichlet_0.2,,
2183,0.9715380405035577,0.8624338624338624,1.5,4.0,0.6666666666666666,1.5305601334756815,0.9652800667378406,dirichlet_0.2,,
2184,0.5106732348111659,0.4126984126984127,5.714285714285714,19.0,0.5384615384615384,1.1054628600634586,0.5856520524213954,dirichlet_0.2,,
2185,0.5117679255610289,0.35978835978835977,6.071428571428571,20.0,0.42857142857142855,1.4314064720448978,0.915703236022449,dirichlet_0.2,,
2186,0.9562123700054733,0.8518518518518519,1.5714285714285714,7.0,1.0,0.5829262026585177,0.307398436034094,dirichlet_0.2,,
2187,0.582375478927203,0.48148148148148145,5.142857142857143,20.0,0.5384615384615384,0.9500922649425281,0.6231485036099124,dirichlet_0.2,,
2188,0.5210727969348659,0.4232804232804233,5.785714285714286,19.0,0.5384615384615384,1.0336173844354946,0.7168086922177472,dirichlet_0.2,,
2189,0.8472906403940886,0.6666666666666666,3.4285714285714284,12.0,0.5384615384615384,1.3125921597130796,0.8562960798565399,dirichlet_0.2,,
2190,0.920087575259989,0.7619047619047619,2.5,7.0,0.8181818181818182,1.3049232864582971,0.8524616432291485,dirichlet_0.2,,
2191,0.6064586754241927,0.4232804232804233,5.5,19.0,0.42857142857142855,1.1533570760337688,0.7571870944969926,dirichlet_0.2,,
2192,0.4438970990695128,0.3439153439153439,6.571428571428571,19.0,0.3333333333333333,1.1373101970415858,0.7686550985207928,dirichlet_0.2,,
2193,0.5216201423097975,0.37037037037037035,6.071428571428571,20.0,0.42857142857142855,1.2219388910316282,0.8109694455158142,dirichlet_0.2,,
2194,0.6042692939244664,0.4232804232804233,5.571428571428571,17.0,0.42857142857142855,1.4124928637688852,0.9062464318844426,dirichlet_0.2,,
2195,0.5106732348111659,0.35978835978835977,6.071428571428571,20.0,0.42857142857142855,1.4825596598672806,0.9412798299336403,dirichlet_0.2,,
2196,0.88232074438971,0.7142857142857143,2.857142857142857,10.0,0.6666666666666666,1.3459858196605419,0.8729929098302709,dirichlet_0.2,,
2197,0.5057471264367817,0.3915343915343915,5.785714285714286,20.0,0.5384615384615384,1.095967353790836,0.7426062655032742,dirichlet_0.2,,
2198,0.6956759715380404,0.5238095238095238,4.785714285714286,21.0,0.5384615384615384,0.7848422672385631,0.443997573512708,dirichlet_0.2,,
2199,0.5172413793103449,0.36507936507936506,6.071428571428571,20.0,0.42857142857142855,1.4860019508190296,0.9430009754095149,dirichlet_0.2,,
2200,0.7733990147783251,0.6137566137566137,3.9285714285714284,12.0,0.5384615384615384,1.5418453624531516,0.9709226812265757,dirichlet_0.2,,
2201,0.5320197044334976,0.3544973544973545,6.142857142857143,20.0,0.42857142857142855,1.52435029330928,0.9621751466546401,dirichlet_0.2,,
2202,0.9091406677613574,0.783068783068783,2.2857142857142856,10.0,0.8181818181818182,0.7997948942031589,0.44267334538698283,dirichlet_0.2,,
2203,0.9074986316365626,0.7619047619047619,2.357142857142857,10.0,0.8181818181818182,0.9090520027853441,0.5666080061746223,dirichlet_0.2,,
2204,0.6496989600437876,0.48148148148148145,5.071428571428571,20.0,0.6666666666666666,0.7857916245403183,0.435639754918582,dirichlet_0.2,,
2205,0.5369458128078817,0.3915343915343915,6.571428571428571,16.0,0.3333333333333333,1.046384225032347,0.7231921125161733,dirichlet_0.2,,
2206,0.3984674329501916,0.2751322751322751,7.285714285714286,17.0,0.3333333333333333,1.5181318182432006,0.9590659091216003,dirichlet_0.2,,
2207,0.9184455391351943,0.7460317460317459,2.5714285714285716,7.0,0.6666666666666666,1.023571087678092,0.6774346493196931,dirichlet_0.2,,
2208,0.5205254515599342,0.4232804232804233,5.714285714285714,20.0,0.5384615384615384,0.7696334504567542,0.5118693816029647,dirichlet_0.2,,
2209,0.9107827038861521,0.7354497354497355,2.642857142857143,7.0,0.6666666666666666,1.1301113192538905,0.7650556596269452,dirichlet_0.2,,
2210,0.5210727969348659,0.3492063492063492,6.142857142857143,21.0,0.42857142857142855,1.199904004678771,0.6842976888216206,dirichlet_0.2,,
2211,0.8171866447728516,0.6613756613756614,3.5,11.0,0.5384615384615384,1.1114662603455039,0.7557331301727519,dirichlet_0.2,,
2212,0.5265462506841817,0.3492063492063492,6.071428571428571,21.0,0.42857142857142855,1.186528356352683,0.5024268252535924,dirichlet_0.2,,
2213,0.8555008210180624,0.6666666666666666,3.2857142857142856,11.0,0.5384615384615384,1.5264956107075198,0.96324780535376,dirichlet_0.2,,
2214,0.5320197044334976,0.3544973544973545,6.142857142857143,20.0,0.42857142857142855,1.5946947278221573,0.9973473639110786,dirichlet_0.2,,
2215,0.6206896551724138,0.43915343915343913,5.571428571428571,15.0,0.42857142857142855,1.3449831192366046,0.8724915596183024,dirichlet_0.2,,
2216,0.571975916803503,0.4232804232804233,5.928571428571429,16.0,0.42857142857142855,1.0283600833172537,0.7141800416586268,dirichlet_0.2,,
2217,0.7257799671592775,0.5291005291005291,4.714285714285714,14.0,0.42857142857142855,1.553061570532432,0.9765307852662161,dirichlet_0.2,,
2218,0.5867542419266557,0.4074074074074074,5.714285714285714,20.0,0.5384615384615384,1.4296384490775165,0.9148192245387583,dirichlet_0.2,,
2219,0.5582922824302136,0.38095238095238093,5.857142857142857,20.0,0.42857142857142855,1.5275557937012223,0.963777896850611,dirichlet_0.2,,
2220,0.6984126984126985,0.5238095238095238,4.5,22.0,0.6666666666666666,0.9826772857837003,0.69133864289185,dirichlet_0.2,,
2221,0.4723590585659551,0.3386243386243386,6.071428571428571,20.0,0.42857142857142855,1.3932803893934596,0.8966401946967297,dirichlet_0.2,,
2222,0.5112205801860974,0.3968253968253968,5.785714285714286,20.0,0.5384615384615384,1.1519554279423236,0.7572060138696531,dirichlet_0.2,,
2223,0.8680897646414888,0.6719576719576719,3.357142857142857,9.0,0.42857142857142855,0.671507577912078,0.37098111171722103,dirichlet_0.2,,
2224,0.701696770662288,0.5079365079365079,4.857142857142857,14.0,0.42857142857142855,1.1963568592570255,0.7089094526121505,dirichlet_0.2,,
2225,0.7049808429118773,0.5238095238095238,4.714285714285714,20.0,0.5384615384615384,1.563447011953289,0.9817235059766446,dirichlet_0.2,,
2226,0.367816091954023,0.25396825396825395,7.428571428571429,18.0,0.3333333333333333,1.1959345033504962,0.6606062529425184,dirichlet_0.2,,
2227,0.7991242474001095,0.5925925925925926,4.071428571428571,11.0,0.5384615384615384,0.9218194604410049,0.6609097302205024,dirichlet_0.2,,
2228,0.6710454296661192,0.4920634920634921,5.071428571428571,13.0,0.5384615384615384,1.0704252637429954,0.7352126318714977,dirichlet_0.2,,
2229,0.6863711001642036,0.5079365079365079,4.857142857142857,13.0,0.5384615384615384,1.1753832755390539,0.743445592568003,dirichlet_0.2,,
2230,0.6168582375478927,0.41798941798941797,5.357142857142857,20.0,0.42857142857142855,1.1164824006034257,0.5830882084966961,dirichlet_0.2,,
2231,0.4778325123152709,0.3333333333333333,6.142857142857143,20.0,0.42857142857142855,1.4371940653649982,0.918597032682499,dirichlet_0.2,,
2232,0.4980842911877395,0.35978835978835977,6.5,16.0,0.42857142857142855,1.3328628878100193,0.8664314439050096,dirichlet_0.2,,
2233,0.8500273672687465,0.6613756613756614,3.357142857142857,11.0,0.5384615384615384,1.3335497526534124,0.8667748763267061,dirichlet_0.2,,
2234,0.7301587301587301,0.5555555555555556,4.285714285714286,21.0,0.5384615384615384,0.9837177347347268,0.6918588673673634,dirichlet_0.2,,
2235,0.535303776683087,0.36507936507936506,6.0,20.0,0.3333333333333333,1.347897580133991,0.8739487900669953,dirichlet_0.2,,
2236,0.8669950738916257,0.7248677248677248,2.9285714285714284,10.0,0.5384615384615384,1.1466882508937026,0.7733441254468513,dirichlet_0.2,,
2237,0.8784893267651889,0.7248677248677248,2.7857142857142856,9.0,0.6666666666666666,1.042670996226549,0.7213354981132746,dirichlet_0.2,,
2238,0.8199233716475095,0.6613756613756614,3.4285714285714284,12.0,0.8181818181818182,0.6213467804982894,0.40215208311451683,dirichlet_0.2,,
2239,0.548440065681445,0.3915343915343915,5.928571428571429,20.0,0.42857142857142855,1.3560959306777352,0.8780479653388675,dirichlet_0.2,,
2240,0.5801860974274767,0.3968253968253968,5.857142857142857,17.0,0.42857142857142855,1.1793281957960748,0.7779265367723863,dirichlet_0.2,,
2241,0.4975369458128079,0.3492063492063492,6.0,20.0,0.42857142857142855,1.3132380212279615,0.8566190106139807,dirichlet_0.2,,
2242,0.715927750410509,0.5608465608465608,4.357142857142857,21.0,0.6666666666666666,1.0199889006869205,0.5340390512626576,dirichlet_0.2,,
2243,0.9337712096332785,0.7777777777777777,2.2857142857142856,7.0,0.6666666666666666,1.062658552808779,0.7313292764043896,dirichlet_0.2,,
2244,0.548440065681445,0.3915343915343915,5.928571428571429,20.0,0.42857142857142855,1.3389393861514407,0.8694696930757204,dirichlet_0.2,,
2245,0.8626163108921729,0.6613756613756614,3.4285714285714284,9.0,0.42857142857142855,1.0505598378843584,0.6314167088870626,dirichlet_0.2,,
2246,0.7071702244116037,0.5291005291005291,4.714285714285714,17.0,0.6666666666666666,0.942316797622354,0.5440597824536803,dirichlet_0.2,,
2247,0.6973180076628351,0.5026455026455026,4.857142857142857,14.0,0.42857142857142855,0.9516839225771766,0.6255898078298602,dirichlet_0.2,,
2248,0.6507936507936508,0.48148148148148145,5.071428571428571,19.0,0.6666666666666666,0.8671088811127018,0.6335544405563508,dirichlet_0.2,,
2249,0.5057471264367817,0.4021164021164021,5.857142857142857,19.0,0.5384615384615384,0.7880360511460457,0.503395232348399,dirichlet_0.2,,
2250,0.42747673782156537,0.30687830687830686,7.142857142857143,18.0,0.3333333333333333,1.0642000142694974,0.7321000071347487,dirichlet_0.2,,
2251,0.825944170771757,0.6137566137566137,3.7142857142857144,10.0,0.5384615384615384,0.9730454826689752,0.4865962390234076,dirichlet_0.2,,
2252,0.9064039408866994,0.7724867724867724,2.357142857142857,10.0,0.8181818181818182,1.3865711234674614,0.8932855617337306,dirichlet_0.2,,
2253,0.5232621784345922,0.43915343915343913,5.785714285714286,19.0,0.5384615384615384,1.3279460388416628,0.8639730194208314,dirichlet_0.2,,
2254,0.9107827038861521,0.7354497354497355,2.642857142857143,7.0,0.6666666666666666,1.3764452845328683,0.8882226422664342,dirichlet_0.2,,
2255,0.926655719759168,0.7671957671957672,2.4285714285714284,7.0,0.6666666666666666,1.1249187187118386,0.7624593593559192,dirichlet_0.2,,
2256,0.41981390257252327,0.328042328042328,6.785714285714286,20.0,0.3333333333333333,1.0102640177576816,0.5478707473442487,dirichlet_0.2,,
2257,0.9704433497536945,0.8941798941798942,1.2142857142857142,7.0,0.8181818181818182,0.9571184622318949,0.45439209230456945,dirichlet_0.2,,
2258,0.6529830322933771,0.5238095238095238,4.714285714285714,21.0,0.5384615384615384,0.49896797868869025,0.44948398934434514,dirichlet_0.2,,
2259,0.6310892172961139,0.43915343915343913,5.357142857142857,19.0,0.6666666666666666,1.090174715174143,0.7450873575870716,dirichlet_0.2,,
2260,0.7170224411603723,0.5555555555555556,4.5,13.0,0.5384615384615384,0.8043629674309059,0.49632456174432327,dirichlet_0.2,,
2261,0.4991789819376027,0.38095238095238093,5.857142857142857,20.0,0.5384615384615384,0.9560779030044253,0.5907871443680833,dirichlet_0.2,,
2262,0.8527640941434045,0.6984126984126984,3.2142857142857144,11.0,0.8181818181818182,0.7267720836802176,0.39213713836162667,dirichlet_0.2,,
2263,0.9354132457580733,0.783068783068783,2.357142857142857,7.0,0.6666666666666666,1.5979309454886317,0.9989654727443159,dirichlet_0.2,,
2264,0.7613574165298304,0.5396825396825397,4.428571428571429,12.0,0.42857142857142855,1.142478196236952,0.7712390981184759,dirichlet_0.2,,
2265,0.632183908045977,0.43915343915343913,5.357142857142857,20.0,0.6666666666666666,1.3059757885678183,0.8529878942839091,dirichlet_0.2,,
2266,0.6288998357963875,0.4497354497354497,5.285714285714286,22.0,0.42857142857142855,1.5501234879841466,0.9750617439920733,dirichlet_0.2,,
2267,0.8505747126436781,0.6455026455026455,3.5714285714285716,9.0,0.42857142857142855,0.940043815664694,0.5120175827971597,dirichlet_0.2,,
2268,0.8801313628899835,0.708994708994709,2.9285714285714284,10.0,0.6666666666666666,1.1809270847505764,0.7149472978301601,dirichlet_0.2,,
2269,0.6907498631636563,0.5185185185185185,4.857142857142857,21.0,0.5384615384615384,1.1919166394103944,0.6259699468952014,dirichlet_0.2,,
2270,0.8631636562671045,0.6772486772486772,3.2142857142857144,11.0,0.6666666666666666,1.1847259280540414,0.7923629640270207,dirichlet_0.2,,
2271,0.9562123700054733,0.8412698412698412,1.8571428571428572,6.0,0.6666666666666666,0.37077273948280814,0.30898209843823854,dirichlet_0.2,,
2272,0.7657361795292829,0.6084656084656085,4.0,12.0,0.5384615384615384,1.0976034917391577,0.5564806515638195,dirichlet_0.2,,
2273,0.47837985769020247,0.3544973544973545,6.642857142857143,18.0,0.3333333333333333,1.1049980109089799,0.6966134319970826,dirichlet_0.2,,
2274,0.8368910782703886,0.6613756613756614,3.5,10.0,0.8181818181818182,1.4558841280149433,0.9279420640074717,dirichlet_0.2,,
2275,0.5971538040503558,0.4126984126984127,5.571428571428571,21.0,0.42857142857142855,1.4712938952789352,0.9356469476394677,dirichlet_0.2,,
2276,0.7126436781609196,0.544973544973545,4.642857142857143,18.0,0.6666666666666666,0.7779579914695501,0.44114888999047486,dirichlet_0.2,,
2277,0.6212370005473454,0.4285714285714285,5.428571428571429,20.0,0.6666666666666666,1.0068230787240138,0.6961218257716935,dirichlet_0.2,,
2278,0.48877941981390255,0.3439153439153439,6.142857142857143,20.0,0.42857142857142855,1.3897557839725927,0.8948778919862964,dirichlet_0.2,,
2279,0.4132457580733443,0.30687830687830686,7.071428571428571,18.0,0.3333333333333333,1.3390913237370652,0.8695456618685325,dirichlet_0.2,,
2280,0.8500273672687465,0.6613756613756614,3.357142857142857,11.0,0.5384615384615384,1.1922088195233513,0.6324607886401419,dirichlet_0.2,,
2281,0.48002189381499727,0.37037037037037035,6.142857142857143,20.0,0.42857142857142855,1.0909809593163753,0.6729813920278991,dirichlet_0.2,,
2282,0.5834701696770662,0.4021164021164021,5.5,20.0,0.42857142857142855,1.41533159788397,0.9076657989419851,dirichlet_0.2,,
2283,0.48002189381499727,0.3333333333333333,6.214285714285714,20.0,0.42857142857142855,1.588522065402113,0.9942610327010566,dirichlet_0.2,,
2284,0.6973180076628351,0.5026455026455026,4.857142857142857,14.0,0.42857142857142855,1.1920553148579747,0.7090295769426961,dirichlet_0.2,,
2285,0.8527640941434045,0.6878306878306878,3.2857142857142856,12.0,0.5384615384615384,0.7968432087219259,0.3865110921172513,dirichlet_0.2,,
2286,0.8587848932676518,0.6719576719576719,3.2857142857142856,11.0,0.5384615384615384,1.3017319275433628,0.8508659637716812,dirichlet_0.2,,
2287,0.8204707170224411,0.6084656084656085,3.7857142857142856,10.0,0.42857142857142855,1.4921367438234994,0.9460683719117498,dirichlet_0.2,,
2288,0.48877941981390255,0.3439153439153439,6.142857142857143,20.0,0.42857142857142855,1.543069340035142,0.971534670017571,dirichlet_0.2,,
2289,0.7115489874110563,0.5396825396825397,4.714285714285714,17.0,0.6666666666666666,1.031191205612201,0.4579674000034662,dirichlet_0.2,,
2290,0.6217843459222769,0.43915343915343913,5.357142857142857,22.0,0.42857142857142855,1.0452960550401644,0.4773844842332697,dirichlet_0.2,,
2291,0.3519430760810071,0.25925925925925924,7.571428571428571,18.0,0.25,1.2705890081459874,0.8352945040729937,dirichlet_0.2,,
2292,0.701696770662288,0.5079365079365079,4.857142857142857,14.0,0.42857142857142855,0.905516491722876,0.555652307941999,dirichlet_0.2,,
2293,0.6699507389162561,0.5079365079365079,4.857142857142857,23.0,0.5384615384615384,1.1730978568195962,0.7865489284097982,dirichlet_0.2,,
2294,0.9003831417624522,0.7407407407407407,2.642857142857143,10.0,0.6666666666666666,1.1563737903563651,0.7781868951781825,dirichlet_0.2,,
2295,0.7613574165298304,0.566137566137566,4.5,12.0,0.5384615384615384,1.4654472318332075,0.9327236159166038,dirichlet_0.2,,
2296,0.5544608648056923,0.455026455026455,5.5,20.0,0.5384615384615384,1.1321137426502519,0.484494626252143,dirichlet_0.2,,
2297,0.39518336070060206,0.2751322751322751,7.285714285714286,18.0,0.3333333333333333,1.5326301636455593,0.9663150818227796,dirichlet_0.2,,
2298,0.9129720853858784,0.7354497354497355,2.642857142857143,7.0,0.6666666666666666,0.8676560700442973,0.6338280350221487,dirichlet_0.2,,
2299,0.5413245758073344,0.38095238095238093,6.571428571428571,16.0,0.3333333333333333,1.1224332966145933,0.7390692145086697,dirichlet_0.2,,
2300,0.4991789819376027,0.38095238095238093,5.857142857142857,20.0,0.5384615384615384,1.254714916624926,0.827357458312463,dirichlet_0.2,,
2301,0.5528188286808976,0.37566137566137564,5.857142857142857,20.0,0.42857142857142855,1.5261748032814046,0.9630874016407024,dirichlet_0.2,,
2302,0.35030103995621237,0.24867724867724864,7.571428571428571,18.0,0.25,1.5169341278446875,0.9584670639223436,dirichlet_0.2,,
2303,0.6863711001642036,0.5343915343915343,4.714285714285714,19.0,0.5384615384615384,0.9347801121759546,0.584502488861278,dirichlet_0.2,,
2304,0.4778325123152709,0.3333333333333333,6.142857142857143,20.0,0.42857142857142855,1.1195033221463737,0.7010582561018108,dirichlet_0.2,,
2305,0.5856595511767926,0.4074074074074074,5.571428571428571,20.0,0.42857142857142855,1.1293682459272845,0.6345534284367412,dirichlet_0.2,,
2306,0.35851122058018614,0.24867724867724864,7.5,18.0,0.3333333333333333,1.4708279740337404,0.9354139870168702,dirichlet_0.2,,
2307,0.705528188286809,0.5079365079365079,4.642857142857143,17.0,0.42857142857142855,1.1240958818959053,0.7620479409479526,dirichlet_0.2,,
2308,0.701696770662288,0.5079365079365079,4.857142857142857,14.0,0.42857142857142855,1.0649053347117796,0.711604955528772,dirichlet_0.2,,
2309,0.8412698412698413,0.6719576719576719,3.2857142857142856,10.0,0.8181818181818182,0.7379097113774297,0.5266323132378599,dirichlet_0.2,,
2310,0.5446086480569239,0.37566137566137564,5.857142857142857,20.0,0.42857142857142855,1.3877984426135925,0.8938992213067962,dirichlet_0.2,,
2311,0.9074986316365626,0.7619047619047619,2.357142857142857,10.0,0.8181818181818182,1.2442513675614277,0.8221256837807138,dirichlet_0.2,,
2312,0.8894362342638205,0.7195767195767195,2.7857142857142856,10.0,0.6666666666666666,0.9630991518715435,0.5217155826486765,dirichlet_0.2,,
2313,0.41379310344827586,0.291005291005291,7.214285714285714,18.0,0.3333333333333333,1.4210232840282315,0.9105116420141158,dirichlet_0.2,,
2314,0.7624521072796935,0.566137566137566,4.5,12.0,0.5384615384615384,1.0812174764841316,0.5365320057947235,dirichlet_0.2,,
2315,0.4772851669403394,0.3386243386243386,6.857142857142857,17.0,0.3333333333333333,1.0535693437664253,0.49984686412834267,dirichlet_0.2,,
2316,0.5210727969348659,0.3492063492063492,6.142857142857143,21.0,0.42857142857142855,1.1978595755829808,0.6777689030000965,dirichlet_0.2,,
2317,0.701696770662288,0.5079365079365079,4.857142857142857,14.0,0.42857142857142855,1.193231964869576,0.5156226528366955,dirichlet_0.2,,
2318,0.7487684729064039,0.5343915343915343,4.642857142857143,12.0,0.42857142857142855,1.2994388129105592,0.8497194064552795,dirichlet_0.2,,
2319,0.5238095238095238,0.37037037037037035,6.642857142857143,16.0,0.3333333333333333,1.193336401731822,0.7966682008659111,dirichlet_0.2,,
2320,0.48002189381499727,0.3333333333333333,6.214285714285714,20.0,0.42857142857142855,1.59216280534378,0.99608140267189,dirichlet_0.2,,
2321,0.4975369458128079,0.3439153439153439,6.071428571428571,20.0,0.42857142857142855,1.0965184493045952,0.6123983442380603,dirichlet_0.2,,
2322,0.8582375478927203,0.6719576719576719,3.2857142857142856,11.0,0.5384615384615384,0.8076476738512492,0.4488428999324112,dirichlet_0.2,,
2323,0.8500273672687465,0.6613756613756614,3.357142857142857,11.0,0.5384615384615384,1.392023656527288,0.8960118282636441,dirichlet_0.2,,
2324,0.7219485495347564,0.5555555555555556,4.428571428571429,13.0,0.5384615384615384,1.1946864648169084,0.5537566864046917,dirichlet_0.2,,
2325,0.7531472359058566,0.5978835978835979,4.142857142857143,12.0,0.5384615384615384,1.2678111433542172,0.8339055716771085,dirichlet_0.2,,
2326,0.8456486042692939,0.6719576719576719,3.357142857142857,12.0,0.6666666666666666,0.7047553360962848,0.5523776680481424,dirichlet_0.2,,
2327,0.9518336070060207,0.8412698412698412,1.7142857142857142,7.0,0.8181818181818182,0.6086189082264912,0.34923247264676543,dirichlet_0.2,,
2328,0.7733990147783251,0.6455026455026455,3.7857142857142856,20.0,0.6666666666666666,0.7390271705259513,0.49479593707353847,dirichlet_0.2,,
2329,0.7203065134099617,0.544973544973545,4.428571428571429,21.0,0.5384615384615384,1.1928116371160984,0.5184396645048127,dirichlet_0.2,,
2330,0.5041050903119868,0.3492063492063492,6.071428571428571,20.0,0.42857142857142855,1.4859554053902901,0.942977702695145,dirichlet_0.2,,
2331,0.7471264367816092,0.5978835978835979,3.9285714285714284,22.0,0.5384615384615384,0.912743015884411,0.5836458902673887,dirichlet_0.2,,
2332,0.7290640394088669,0.5238095238095238,4.571428571428571,14.0,0.6666666666666666,1.068127413020628,0.7340637065103139,dirichlet_0.2,,
2333,0.5128626163108921,0.36507936507936506,6.071428571428571,20.0,0.42857142857142855,1.3538968101483038,0.876948405074152,dirichlet_0.2,,
2334,0.876847290640394,0.7301587301587301,2.857142857142857,10.0,0.8181818181818182,0.7345322126144759,0.4295285636697545,dirichlet_0.2,,
2335,0.5900383141762452,0.4285714285714285,5.571428571428571,20.0,0.42857142857142855,1.0073693008434124,0.703684650421706,dirichlet_0.2,,
2336,0.7022441160372195,0.48677248677248675,5.0,13.0,0.42857142857142855,1.2260551415958976,0.8130275707979487,dirichlet_0.2,,
2337,0.50519978106185,0.3544973544973545,6.071428571428571,20.0,0.42857142857142855,1.145650980864966,0.5364145365766627,dirichlet_0.2,,
2338,0.8877941981390256,0.7037037037037037,3.0,8.0,0.6666666666666666,1.4439739509804244,0.9219869754902121,dirichlet_0.2,,
2339,0.5982484948002189,0.4232804232804233,5.642857142857143,16.0,0.42857142857142855,1.2616257826863673,0.8308128913431837,dirichlet_0.2,,
2340,0.7952928297755884,0.5978835978835979,4.071428571428571,12.0,0.6666666666666666,1.5952943346510076,0.9976471673255036,dirichlet_0.2,,
2341,0.883415435139573,0.708994708994709,3.2142857142857144,7.0,0.42857142857142855,0.9786297535549048,0.5641136934313878,dirichlet_0.2,,
2342,0.5210727969348659,0.3492063492063492,6.142857142857143,21.0,0.42857142857142855,1.5866688118367014,0.9933344059183506,dirichlet_0.2,,
2343,0.4433497536945813,0.30158730158730157,7.0,16.0,0.3333333333333333,1.163350976068345,0.5721723180382965,dirichlet_0.2,,
2344,0.6420361247947455,0.4920634920634921,4.857142857142857,21.0,0.5384615384615384,0.8062274094260519,0.5975635731279146,dirichlet_0.2,,
2345,0.6874657909140668,0.4920634920634921,5.285714285714286,16.0,0.5384615384615384,0.7643345623231397,0.4070966831378421,dirichlet_0.2,,
2346,0.5320197044334976,0.3544973544973545,6.142857142857143,20.0,0.42857142857142855,1.5971771878734247,0.9985885939367123,dirichlet_0.2,,
2347,0.8352490421455938,0.6772486772486772,3.4285714285714284,11.0,0.6666666666666666,0.6258147463462097,0.4025065234715046,dirichlet_0.2,,
2348,0.5369458128078817,0.35978835978835977,6.071428571428571,20.0,0.42857142857142855,1.511869804650391,0.9559349023251954,dirichlet_0.2,,
2349,0.5194307608100711,0.36507936507936506,6.0,20.0,0.42857142857142855,1.0548542203231368,0.6662285813884262,dirichlet_0.2,,
2350,0.8587848932676518,0.6772486772486772,3.2857142857142856,11.0,0.5384615384615384,1.1605205499412492,0.5063422612955746,dirichlet_0.2,,
2351,0.7520525451559934,0.619047619047619,3.9285714285714284,21.0,0.6666666666666666,1.1565413850381812,0.7782706925190905,dirichlet_0.2,,
2352,0.6425834701696771,0.4656084656084656,5.714285714285714,16.0,0.42857142857142855,1.1935303929076202,0.6909414296972319,dirichlet_0.2,,
2353,0.7170224411603723,0.5555555555555556,4.5,13.0,0.5384615384615384,1.4765387662754341,0.9382693831377169,dirichlet_0.2,,
2354,0.6759715380405036,0.48148148148148145,5.142857142857143,14.0,0.42857142857142855,1.064299004881396,0.732149502440698,dirichlet_0.2,,
2355,0.37328954570333883,0.2804232804232804,7.357142857142857,18.0,0.25,1.160026874534338,0.7542179436689206,dirichlet_0.2,,
2356,0.35030103995621237,0.24867724867724864,7.571428571428571,18.0,0.25,1.1738695942247885,0.7603533846972454,dirichlet_0.2,,
2357,0.5188834154351395,0.43386243386243384,5.785714285714286,19.0,0.5384615384615384,1.1240478578665956,0.5754500541673967,dirichlet_0.2,,
2358,0.5916803503010399,0.4761904761904762,5.285714285714286,17.0,0.5384615384615384,0.8491142403656444,0.4603950322580697,dirichlet_0.2,,
2359,0.5577449370552819,0.4074074074074074,5.642857142857143,20.0,0.42857142857142855,1.2447473855865303,0.8223736927932651,dirichlet_0.2,,
2360,0.89272030651341,0.7142857142857143,2.9285714285714284,8.0,0.6666666666666666,1.0444592517542415,0.5160632330979554,dirichlet_0.2,,
2361,0.8347016967706623,0.6772486772486772,3.357142857142857,17.0,0.6666666666666666,1.5561184885032315,0.9780592442516157,dirichlet_0.2,,
2362,0.5413245758073344,0.3915343915343915,6.142857142857143,16.0,0.42857142857142855,1.2563133175366221,0.8281566587683109,dirichlet_0.2,,
2363,0.9042145593869731,0.7248677248677248,2.7142857142857144,7.0,0.6666666666666666,1.0624940678622488,0.68770324444027,dirichlet_0.2,,
2364,0.5183360700602079,0.43386243386243384,5.785714285714286,19.0,0.5384615384615384,1.1191569723415618,0.5481670170304126,dirichlet_0.2,,
2365,0.48440065681444994,0.36507936507936506,6.0,20.0,0.42857142857142855,1.263055593162493,0.8315277965812464,dirichlet_0.2,,
2366,0.4433497536945813,0.30158730158730157,7.0,16.0,0.3333333333333333,1.5133768796242528,0.9566884398121263,dirichlet_0.2,,
2367,0.9666119321291735,0.857142857142857,1.5,7.0,0.6666666666666666,1.5860655603580678,0.9930327801790338,dirichlet_0.2,,
2368,0.8981937602627257,0.7301587301587301,2.7142857142857144,8.0,0.6666666666666666,1.010853391799195,0.5436231668578662,dirichlet_0.2,,
2369,0.3519430760810071,0.25925925925925924,7.571428571428571,18.0,0.25,1.1911443172431044,0.7955721586215521,dirichlet_0.2,,
2370,0.5588396278051451,0.38095238095238093,5.785714285714286,20.0,0.3333333333333333,1.4923947944260347,0.9461973972130173,dirichlet_0.2,,
2371,0.6683087027914614,0.5079365079365079,4.928571428571429,23.0,0.5384615384615384,1.184362480951591,0.7744766090296187,dirichlet_0.2,,
2372,0.8067870826491516,0.6613756613756614,3.5714285714285716,19.0,0.5384615384615384,1.0741029409849934,0.6522774432346627,dirichlet_0.2,,
2373,0.5779967159277504,0.3862433862433862,5.714285714285714,21.0,0.42857142857142855,1.2886214070342272,0.8443107035171138,dirichlet_0.2,,
2374,0.5818281335522714,0.48148148148148145,5.428571428571429,20.0,0.5384615384615384,0.694837659301196,0.38367729581110654,dirichlet_0.2,,
2375,0.6168582375478927,0.4708994708994709,5.071428571428571,20.0,0.5384615384615384,0.9009845791880593,0.6504922895940296,dirichlet_0.2,,
2376,0.9244663382594416,0.7671957671957672,2.4285714285714284,7.0,0.6666666666666666,0.6482973485632832,0.39878131473156786,dirichlet_0.2,,
2377,0.5424192665571976,0.38095238095238093,5.857142857142857,20.0,0.42857142857142855,1.1443176700195852,0.7013035742885463,dirichlet_0.2,,
2378,0.8615216201423097,0.6772486772486772,3.2857142857142856,10.0,0.5384615384615384,0.9814693000547995,0.47977059427042934,dirichlet_0.2,,
2379,0.8604269293924467,0.693121693121693,3.2857142857142856,11.0,0.6666666666666666,0.7206917780496832,0.4599115667578926,dirichlet_0.2,,
2380,0.535303776683087,0.41798941798941797,5.857142857142857,18.0,0.5384615384615384,1.0713819828116122,0.7356909914058062,dirichlet_0.2,,
2381,0.6097427476737821,0.4285714285714285,5.428571428571429,19.0,0.42857142857142855,1.1936399315534025,0.7968199657767012,dirichlet_0.2,,
2382,0.4340448823207444,0.30687830687830686,7.071428571428571,18.0,0.3333333333333333,1.3913260113119978,0.8956630056559989,dirichlet_0.2,,
2383,0.8555008210180624,0.6666666666666666,3.2857142857142856,11.0,0.5384615384615384,1.2103514594169367,0.8051757297084683,dirichlet_0.2,,
2384,0.8998357963875205,0.7407407407407407,2.642857142857143,10.0,0.6666666666666666,1.1295030847967158,0.6513389579626054,dirichlet_0.2,,
2385,0.6726874657909141,0.49735449735449727,4.642857142857143,22.0,0.5384615384615384,1.139234267845921,0.7696171339229605,dirichlet_0.2,,
2386,0.671592775041051,0.4920634920634921,5.142857142857143,13.0,0.5384615384615384,0.8644022959371216,0.6149261080495915,dirichlet_0.2,,
2387,0.391351943076081,0.291005291005291,7.214285714285714,18.0,0.3333333333333333,1.1267490479830697,0.7633745239915349,dirichlet_0.2,,
2388,0.9638752052545155,0.8677248677248677,1.3571428571428572,7.0,0.8181818181818182,0.6215576364114929,0.4684464901907188,dirichlet_0.2,,
2389,0.6606458675424193,0.5026455026455026,5.214285714285714,15.0,0.6666666666666666,0.6972960148705483,0.5486480074352741,dirichlet_0.2,,
2390,0.8784893267651889,0.7195767195767195,2.9285714285714284,11.0,0.5384615384615384,0.5719317415113715,0.3758228596867188,dirichlet_0.2,,
2391,0.9146141215106732,0.7354497354497355,2.5714285714285716,7.0,0.6666666666666666,0.9842318486354643,0.5323932379991617,dirichlet_0.2,,
2392,0.8363437328954569,0.6455026455026455,3.642857142857143,10.0,0.6666666666666666,1.1280751337411903,0.6826543269532815,dirichlet_0.2,,
2393,0.7203065134099617,0.5608465608465608,4.428571428571429,13.0,0.5384615384615384,1.4797994252989581,0.939899712649479,dirichlet_0.2,,
2394,0.715927750410509,0.5132275132275131,4.785714285714286,14.0,0.42857142857142855,1.4740187697255702,0.9370093848627851,dirichlet_0.2,,
2395,0.5982484948002189,0.4232804232804233,5.642857142857143,16.0,0.42857142857142855,1.4138898136065992,0.9069449068032995,dirichlet_0.2,,
2396,0.5183360700602079,0.43915343915343913,5.642857142857143,20.0,0.5384615384615384,1.1506450677015998,0.5741737129767963,dirichlet_0.2,,
2397,0.7279693486590039,0.5714285714285714,4.357142857142857,13.0,0.5384615384615384,1.127504419197186,0.5560803483385143,dirichlet_0.2,,
2398,0.6004378762999452,0.4920634920634921,5.214285714285714,19.0,0.5384615384615384,0.6408268382109248,0.45699629572014616,dirichlet_0.2,,
2399,0.9085933223864259,0.7724867724867724,2.4285714285714284,10.0,0.8181818181818182,1.1169710059845879,0.758485502992294,dirichlet_0.2,,
2400,0.9337712096332785,0.7724867724867724,2.2857142857142856,7.0,0.6666666666666666,1.357905673327029,0.8789528366635143,dirichlet_0.2,,
2401,0.7969348659003832,0.6349206349206349,3.7857142857142856,12.0,0.5384615384615384,1.5085027403426277,0.9542513701713139,dirichlet_0.2,,
2402,0.9611384783798578,0.8412698412698412,1.6428571428571428,6.0,0.8181818181818182,0.5321673801786588,0.3908809099746896,dirichlet_0.2,,
2403,0.715927750410509,0.5132275132275131,4.785714285714286,14.0,0.42857142857142855,0.7922672430027637,0.3925882207612832,dirichlet_0.2,,
2404,0.39792008757526,0.2962962962962963,7.142857142857143,18.0,0.3333333333333333,1.3429376111128246,0.8714688055564122,dirichlet_0.2,,
2405,0.7170224411603723,0.5555555555555556,4.5,13.0,0.5384615384615384,0.8012693929081741,0.5886698695490284,dirichlet_0.2,,
2406,0.5517241379310345,0.3968253968253968,5.785714285714286,20.0,0.42857142857142855,1.2717920395689948,0.8358960197844975,dirichlet_0.2,,
2407,0.5692391899288451,0.4126984126984127,5.857142857142857,20.0,0.42857142857142855,1.2438253370809966,0.8219126685404984,dirichlet_0.2,,
2408,0.7941981390257252,0.5767195767195767,4.142857142857143,11.0,0.42857142857142855,1.543628737147806,0.9718143685739028,dirichlet_0.2,,
2409,0.5643130815544608,0.3862433862433862,5.714285714285714,20.0,0.42857142857142855,1.142193522857992,0.7326366239721244,dirichlet_0.2,,
2410,0.9064039408866994,0.7777777777777777,2.4285714285714284,10.0,0.8181818181818182,1.4870780628438434,0.9435390314219217,dirichlet_0.2,,
2411,0.6918445539135194,0.5396825396825397,4.714285714285714,23.0,0.5384615384615384,1.0903327922345292,0.7041174348741696,dirichlet_0.2,,
2412,0.6409414340448822,0.455026455026455,5.285714285714286,17.0,0.42857142857142855,1.2561962458403504,0.8280981229201752,dirichlet_0.2,,
2413,0.49863163656267107,0.3544973544973545,6.142857142857143,20.0,0.42857142857142855,1.1406749565506733,0.6203936048335853,dirichlet_0.2,,
2414,0.9594964422550629,0.8306878306878307,1.7857142857142858,7.0,0.6666666666666666,1.0025547911841193,0.5302535801236741,dirichlet_0.2,,
2415,0.659551176792556,0.4761904761904762,5.571428571428571,16.0,0.42857142857142855,0.9022209699325232,0.5975565750113863,dirichlet_0.2,,
2416,0.8149972632731254,0.6296296296296297,3.9285714285714284,10.0,0.8181818181818182,1.4111471449218675,0.9055735724609337,dirichlet_0.2,,
2417,0.7454844006568144,0.5978835978835979,4.071428571428571,18.0,0.6666666666666666,0.6145032706487579,0.3206867624732541,dirichlet_0.2,,
2418,0.7345374931581828,0.5396825396825397,4.642857142857143,15.0,0.6666666666666666,1.1155781398107427,0.5665434230080295,dirichlet_0.2,,
2419,0.48330596606458676,0.3386243386243386,6.214285714285714,20.0,0.42857142857142855,1.4169771099523711,0.9084885549761855,dirichlet_0.2,,
2420,0.7602627257799672,0.5502645502645502,4.428571428571429,11.0,0.5384615384615384,1.0204589620456144,0.7102294810228073,dirichlet_0.2,,
2421,0.6540777230432404,0.48148148148148145,5.428571428571429,15.0,0.5384615384615384,0.8362032515030569,0.4301219422565121,dirichlet_0.2,,
2422,0.5944170771756979,0.4126984126984127,5.5,20.0,0.42857142857142855,1.3920459563159127,0.8960229781579563,dirichlet_0.2,,
2423,0.6212370005473454,0.4285714285714285,5.428571428571429,20.0,0.5384615384615384,1.3904691238295384,0.895234561914769,dirichlet_0.2,,
2424,0.7033388067870826,0.5873015873015872,4.5,21.0,0.6666666666666666,0.7998269838455083,0.4410230627029619,dirichlet_0.2,,
2425,0.35851122058018614,0.24867724867724864,7.5,18.0,0.3333333333333333,1.5923597483036853,0.9961798741518426,dirichlet_0.2,,
2426,0.5155993431855501,0.37566137566137564,6.642857142857143,16.0,0.3333333333333333,1.2926131426221332,0.8463065713110667,dirichlet_0.2,,
2427,0.655719759168035,0.48148148148148145,5.071428571428571,19.0,0.6666666666666666,1.0196870244362715,0.6930701839874918,dirichlet_0.2,,
2428,0.585112205801861,0.41798941798941797,5.714285714285714,20.0,0.42857142857142855,1.2091908242633314,0.8045954121316656,dirichlet_0.2,,
2429,0.4778325123152709,0.3333333333333333,6.142857142857143,20.0,0.42857142857142855,1.493705987923945,0.9468529939619724,dirichlet_0.2,,
2430,0.749863163656267,0.5925925925925926,4.214285714285714,13.0,0.5384615384615384,1.2876038819763487,0.8438019409881744,dirichlet_0.2,,
2431,0.4778325123152709,0.3333333333333333,6.142857142857143,20.0,0.42857142857142855,1.5588755381578652,0.9794377690789324,dirichlet_0.2,,
2432,0.8232074438970991,0.6719576719576719,3.2857142857142856,11.0,0.5384615384615384,0.8597960056112595,0.5683631801292454,dirichlet_0.2,,
2433,0.8850574712643678,0.7248677248677248,2.857142857142857,13.0,0.5384615384615384,0.8319762395817063,0.5798504520203949,dirichlet_0.2,,
2434,0.701696770662288,0.5079365079365079,4.857142857142857,14.0,0.42857142857142855,1.1997805704471007,0.512437659533537,dirichlet_0.2,,
2435,0.5604816639299398,0.3968253968253968,6.071428571428571,16.0,0.42857142857142855,1.031958129000902,0.5859250314519046,dirichlet_0.2,,
2436,0.7843459222769567,0.582010582010582,4.142857142857143,15.0,0.5384615384615384,1.2675370356518485,0.8337685178259242,dirichlet_0.2,,
2437,0.7487684729064039,0.5343915343915343,4.642857142857143,12.0,0.42857142857142855,0.7843132170331928,0.3863024511606689,dirichlet_0.2,,
2438,0.629447181171319,0.455026455026455,5.428571428571429,17.0,0.42857142857142855,1.2970775214146504,0.8485387607073253,dirichlet_0.2,,
2439,0.7350848385331145,0.5238095238095238,4.785714285714286,12.0,0.42857142857142855,1.0910734792510524,0.7455367396255262,dirichlet_0.2,,
2440,0.9102353585112206,0.7301587301587301,2.642857142857143,7.0,0.6666666666666666,0.9945888593779981,0.5358329279475008,dirichlet_0.2,,
2441,0.5752599890530925,0.3862433862433862,5.785714285714286,20.0,0.42857142857142855,1.5306371860265355,0.9653185930132677,dirichlet_0.2,,
2442,0.4860426929392446,0.3492063492063492,6.785714285714286,17.0,0.3333333333333333,1.248569881783995,0.8242849408919976,dirichlet_0.2,,
2443,0.5145046524356869,0.41798941798941797,5.785714285714286,20.0,0.5384615384615384,1.0965705868539426,0.7482852934269713,dirichlet_0.2,,
2444,0.960591133004926,0.8624338624338624,1.5,7.0,0.8181818181818182,0.49420629979646735,0.44710314989823374,dirichlet_0.2,,
2445,0.7608100711548987,0.6031746031746031,4.285714285714286,14.0,0.6666666666666666,0.8507345467690126,0.5213845401786046,dirichlet_0.2,,
2446,0.6540777230432404,0.49735449735449727,4.857142857142857,20.0,0.5384615384615384,0.8215923666528584,0.6107961833264292,dirichlet_0.2,,
2447,0.6245210727969349,0.4708994708994709,5.142857142857143,16.0,0.5384615384615384,1.0492257586214142,0.7246128793107071,dirichlet_0.2,,
2448,0.9337712096332785,0.783068783068783,2.357142857142857,7.0,0.6666666666666666,0.6611163880946345,0.4227846659924119,dirichlet_0.2,,
2449,0.6431308155446086,0.46031746031746035,5.428571428571429,14.0,0.5384615384615384,1.011426486987815,0.4558060957149553,dirichlet_0.2,,
2450,0.6403940886699507,0.4708994708994709,5.071428571428571,20.0,0.5384615384615384,0.7703871412667892,0.5851935706333946,dirichlet_0.2,,
2451,0.35851122058018614,0.24867724867724864,7.5,18.0,0.3333333333333333,1.1998109442633553,0.5827462788556951,dirichlet_0.2,,
2452,0.778872468527641,0.6031746031746031,3.9285714285714284,12.0,0.6666666666666666,1.0008691678602997,0.6412080035061214,dirichlet_0.2,,
2453,0.8341543513957307,0.6296296296296297,3.857142857142857,9.0,0.42857142857142855,0.9223900327121016,0.6398713129485761,dirichlet_0.2,,
2454,0.6009852216748768,0.4126984126984127,5.5,22.0,0.42857142857142855,1.171517709537133,0.7857588547685664,dirichlet_0.2,,
2455,0.6568144499178982,0.5343915343915343,5.0,18.0,0.5384615384615384,0.5915821180914039,0.4947246263550038,dirichlet_0.2,,
2456,0.48002189381499727,0.3333333333333333,6.214285714285714,20.0,0.42857142857142855,1.580038890359036,0.990019445179518,dirichlet_0.2,,
2457,0.5473453749315819,0.37037037037037035,6.0,20.0,0.42857142857142855,1.3632394938106214,0.8816197469053106,dirichlet_0.2,,
2458,0.6737821565407772,0.4761904761904762,5.0,17.0,0.42857142857142855,1.2398143248795457,0.8199071624397728,dirichlet_0.2,,
2459,0.35851122058018614,0.24867724867724864,7.5,18.0,0.3333333333333333,1.4331531660602916,0.9165765830301458,dirichlet_0.2,,
2460,0.701696770662288,0.5079365079365079,4.857142857142857,14.0,0.42857142857142855,1.1941541845767079,0.6052953536053451,dirichlet_0.2,,
2461,0.49425287356321834,0.3544973544973545,6.714285714285714,17.0,0.3333333333333333,1.2837779783493362,0.841888989174668,dirichlet_0.2,,
2462,0.8500273672687465,0.6613756613756614,3.357142857142857,11.0,0.5384615384615384,1.3797015495467824,0.8898507747733911,dirichlet_0.2,,
2463,0.8210180623973727,0.6349206349206349,3.7142857142857144,12.0,0.6666666666666666,1.1804359489410003,0.6734543644333353,dirichlet_0.2,,
2464,0.3470169677066229,0.24338624338624337,7.571428571428571,18.0,0.25,1.3254874414031679,0.8627437207015838,dirichlet_0.2,,
2465,0.5528188286808976,0.37037037037037035,5.928571428571429,20.0,0.42857142857142855,1.529106192411461,0.9645530962057305,dirichlet_0.2,,
2466,0.8182813355227148,0.6296296296296297,3.857142857142857,10.0,0.5384615384615384,0.9112036059388199,0.5703627538818723,dirichlet_0.2,,
2467,0.3711001642036125,0.25925925925925924,7.428571428571429,18.0,0.3333333333333333,1.433123623562067,0.9165618117810336,dirichlet_0.2,,
2468,0.849480021893815,0.6719576719576719,3.357142857142857,12.0,0.5384615384615384,0.8122131422683864,0.491360656119087,dirichlet_0.2,,
2469,0.7482211275314723,0.5502645502645502,4.571428571428571,12.0,0.5384615384615384,0.7695963561259105,0.5104008208335805,dirichlet_0.2,,
2470,0.7148330596606458,0.5291005291005291,4.714285714285714,17.0,0.6666666666666666,0.7289294439019998,0.46699168618884096,dirichlet_0.2,,
2471,0.48002189381499727,0.3333333333333333,6.214285714285714,20.0,0.42857142857142855,1.5722870833717826,0.9861435416858912,dirichlet_0.2,,
2472,0.5528188286808976,0.43386243386243384,5.857142857142857,18.0,0.5384615384615384,0.9324476183388529,0.6662238091694264,dirichlet_0.2,,
2473,0.5440613026819923,0.4126984126984127,6.142857142857143,17.0,0.42857142857142855,1.1871446345942487,0.7935723172971243,dirichlet_0.2,,
2474,0.6124794745484401,0.41798941798941797,5.5,20.0,0.5384615384615384,1.3449336133833776,0.8724668066916889,dirichlet_0.2,,
2475,0.8368910782703886,0.6507936507936508,3.642857142857143,10.0,0.6666666666666666,0.9752575271492732,0.6145322684781876,dirichlet_0.2,,
2476,0.7115489874110563,0.5238095238095238,4.5,19.0,0.6666666666666666,0.824514151606196,0.612257075803098,dirichlet_0.2,,
2477,0.7307060755336617,0.5343915343915343,4.714285714285714,14.0,0.42857142857142855,1.0519329960096235,0.7259664980048117,dirichlet_0.2,,
2478,0.9036672140120415,0.7407407407407407,2.5714285714285716,10.0,0.6666666666666666,1.197899410243766,0.7989497051218828,dirichlet_0.2,,
2479,0.7602627257799672,0.6031746031746031,3.857142857142857,21.0,0.5384615384615384,1.1567835100673909,0.5143003460826402,dirichlet_0.2,,
2480,0.47016967706622875,0.3333333333333333,6.928571428571429,17.0,0.3333333333333333,1.3775914787630967,0.8887957393815483,dirichlet_0.2,,
2481,0.6808976464148878,0.5026455026455026,4.928571428571429,21.0,0.42857142857142855,1.001976434835098,0.4801646262997119,dirichlet_0.2,,
2482,0.6436781609195401,0.46031746031746035,5.714285714285714,16.0,0.42857142857142855,0.7999816572984266,0.4420210490251541,dirichlet_0.2,,
2483,0.8051450465243569,0.6031746031746031,4.0,11.0,0.6666666666666666,0.8982468050027359,0.48444896979316987,dirichlet_0.2,,
2484,0.8467432950191571,0.6878306878306878,3.4285714285714284,14.0,0.6666666666666666,0.9375348105960124,0.46861452196361186,dirichlet_0.2,,
2485,0.6847290640394088,0.5026455026455026,5.285714285714286,16.0,0.5384615384615384,1.171743750486565,0.5729352082715709,dirichlet_0.2,,
2486,0.5008210180623973,0.3915343915343915,5.857142857142857,19.0,0.5384615384615384,1.1893049566531166,0.6651749735454889,dirichlet_0.2,,
2487,0.4521072796934866,0.3333333333333333,6.928571428571429,18.0,0.3333333333333333,1.310442291086588,0.855221145543294,dirichlet_0.2,,
2488,0.8856048166392994,0.7301587301587301,2.7857142857142856,12.0,0.5384615384615384,0.6828054682622144,0.4732753282912153,dirichlet_0.2,,
2489,0.48330596606458676,0.3386243386243386,6.214285714285714,20.0,0.42857142857142855,1.5692118289067842,0.9846059144533922,dirichlet_0.2,,
2490,0.7224958949096879,0.5079365079365079,4.857142857142857,12.0,0.42857142857142855,0.9841350115196461,0.692067505759823,dirichlet_0.2,,
2491,0.8790366721401204,0.7037037037037037,3.2857142857142856,8.0,0.42857142857142855,0.8531760451711831,0.4940821618462568,dirichlet_0.2,,
2492,0.6376573617952929,0.4497354497354497,5.214285714285714,21.0,0.42857142857142855,1.1037948695617859,0.751897434780893,dirichlet_0.2,,
2493,0.6644772851669404,0.4656084656084656,5.285714285714286,15.0,0.42857142857142855,1.308950253299447,0.8544751266497236,dirichlet_0.2,,
2494,0.7186644772851669,0.5608465608465608,4.5,13.0,0.5384615384615384,1.184723321897197,0.6984682011286077,dirichlet_0.2,,
2495,0.48002189381499727,0.3333333333333333,6.214285714285714,20.0,0.42857142857142855,1.2497057552596067,0.8248528776298033,dirichlet_0.2,,
2496,0.906951286261631,0.7777777777777777,2.4285714285714284,10.0,0.8181818181818182,0.5141242299960884,0.4570621149980443,dirichlet_0.2,,
2497,0.906951286261631,0.7777777777777777,2.357142857142857,10.0,0.8181818181818182,1.105486550146817,0.7527432750734084,dirichlet_0.2,,
2498,0.6310892172961139,0.455026455026455,5.785714285714286,16.0,0.42857142857142855,1.1332988992761266,0.6810770123328859,dirichlet_0.2,,
2499,0.40777230432402845,0.2962962962962963,7.285714285714286,18.0,0.3333333333333333,1.1087841454228826,0.5525081330910144,dirichlet_0.2,,
2500,0.48002189381499727,0.3333333333333333,6.214285714285714,20.0,0.42857142857142855,1.5873596351259893,0.9936798175629947,dirichlet_0.2,,
2501,0.8056923918992885,0.6349206349206349,3.857142857142857,12.0,0.5384615384615384,1.1816409445921898,0.7389184437028243,dirichlet_0.2,,
2502,0.7438423645320197,0.6031746031746031,4.0,22.0,0.5384615384615384,1.0113344282537946,0.6243169072494356,dirichlet_0.2,,
2503,0.3711001642036125,0.25925925925925924,7.428571428571429,18.0,0.3333333333333333,1.177671950299571,0.6662160663454151,dirichlet_0.2,,
2504,0.5845648604269293,0.41798941798941797,5.642857142857143,20.0,0.42857142857142855,1.2323782700802148,0.8161891350401074,dirichlet_0.2,,
2505,0.8062397372742199,0.656084656084656,3.4285714285714284,11.0,0.5384615384615384,1.0715815653728538,0.6909438734392694,dirichlet_0.2,,
2506,0.8527640941434045,0.6507936507936508,3.5714285714285716,9.0,0.42857142857142855,1.0673310022442088,0.6347888385545081,dirichlet_0.2,,
2507,0.6885604816639298,0.4920634920634921,4.928571428571429,16.0,0.6666666666666666,1.1733423869237098,0.7866711934618549,dirichlet_0.2,,
2508,0.5900383141762452,0.41798941798941797,5.642857142857143,17.0,0.42857142857142855,1.371343199328975,0.8856715996644875,dirichlet_0.2,,
2509,0.7553366174055829,0.5396825396825397,4.571428571428571,12.0,0.42857142857142855,0.8595058600275194,0.6082728322481266,dirichlet_0.2,,
2510,0.6978653530377669,0.5238095238095238,4.714285714285714,13.0,0.5384615384615384,1.0132813403515917,0.6620893587852984,dirichlet_0.2,,
2511,0.5150519978106185,0.36507936507936506,6.071428571428571,20.0,0.42857142857142855,1.4995305866172612,0.9497652933086306,dirichlet_0.2,,
2512,0.5210727969348659,0.3492063492063492,6.142857142857143,21.0,0.42857142857142855,1.1992324011465818,0.6262904077078768,dirichlet_0.2,,
2513,0.5369458128078817,0.35978835978835977,6.071428571428571,20.0,0.42857142857142855,1.1797867162979998,0.5358416370198916,dirichlet_0.2,,
2514,0.8325123152709359,0.7195767195767195,2.9285714285714284,18.0,0.6666666666666666,0.6973401380049025,0.41738731826536996,dirichlet_0.2,,
2515,0.6261631089217295,0.46031746031746035,5.714285714285714,16.0,0.42857142857142855,1.0703793717961447,0.674785979083003,dirichlet_0.2,,
2516,0.8264915161466886,0.6402116402116401,3.642857142857143,12.0,0.6666666666666666,1.3398855449831135,0.8699427724915568,dirichlet_0.2,,
2517,0.5101258894362343,0.3862433862433862,5.785714285714286,20.0,0.5384615384615384,1.1691076328745453,0.7845538164372727,dirichlet_0.2,,
2518,0.8790366721401204,0.708994708994709,3.0,12.0,0.5384615384615384,0.6335122789169036,0.4701016501484529,dirichlet_0.2,,
2519,0.6130268199233717,0.5185185185185185,5.071428571428571,20.0,0.5384615384615384,0.6769127165578159,0.4243862845856227,dirichlet_0.2,,
2520,0.8210180623973727,0.6666666666666666,3.5,18.0,0.6666666666666666,0.9844188578220501,0.44924315522885516,dirichlet_0.2,,
2521,0.9058565955117679,0.7566137566137565,2.4285714285714284,8.0,0.8181818181818182,1.5517367231797474,0.9758683615898737,dirichlet_0.2,,
2522,0.5675971538040504,0.3968253968253968,5.928571428571429,16.0,0.42857142857142855,1.0901930306367749,0.5447982862073159,dirichlet_0.2,,
2523,0.779967159277504,0.619047619047619,3.857142857142857,12.0,0.5384615384615384,1.3359654804228058,0.867982740211403,dirichlet_0.2,,
2524,0.4860426929392446,0.36507936507936506,6.214285714285714,19.0,0.42857142857142855,1.1056928258364171,0.7078230701209582,dirichlet_0.2,,
2525,0.6420361247947455,0.46031746031746035,5.142857142857143,20.0,0.6666666666666666,1.1712189539986992,0.5927715770778095,dirichlet_0.2,,
2526,0.9469074986316366,0.8042328042328042,2.0714285714285716,7.0,0.6666666666666666,1.5909493636931618,0.9954746818465809,dirichlet_0.2,,
2527,0.9480021893814996,0.8042328042328042,2.0714285714285716,7.0,0.6666666666666666,1.5808397787893647,0.9904198893946823,dirichlet_0.2,,
2528,0.5369458128078817,0.35978835978835977,6.071428571428571,20.0,0.42857142857142855,1.4408384096358593,0.9204192048179296,dirichlet_0.2,,
2529,0.6234263820470717,0.44444444444444436,5.357142857142857,22.0,0.42857142857142855,1.354407559367566,0.8772037796837829,dirichlet_0.2,,
2530,0.8171866447728516,0.6825396825396826,3.0714285714285716,20.0,0.6666666666666666,0.8168894270951353,0.47070526539844704,dirichlet_0.2,,
2531,0.9677066228790366,0.8783068783068783,1.3571428571428572,7.0,0.8181818181818182,0.7900973061270327,0.5950486530635163,dirichlet_0.2,,
2532,0.35851122058018614,0.24867724867724864,7.5,18.0,0.3333333333333333,1.2248048378757892,0.8124024189378944,dirichlet_0.2,,
2533,0.551176792556103,0.4497354497354497,5.5,20.0,0.5384615384615384,1.1596429872660987,0.49352972751298363,dirichlet_0.2,,
2534,0.825944170771757,0.6137566137566137,3.7142857142857144,10.0,0.42857142857142855,1.5084036694861496,0.9542018347430747,dirichlet_0.2,,
2535,0.8122605363984675,0.5978835978835979,3.857142857142857,11.0,0.42857142857142855,1.2567701258484467,0.8283850629242234,dirichlet_0.2,,
2536,0.8938149972632732,0.708994708994709,2.857142857142857,8.0,0.6666666666666666,1.4700536753988214,0.9350268376994105,dirichlet_0.2,,
2537,0.8555008210180624,0.6666666666666666,3.2857142857142856,11.0,0.5384615384615384,1.1216858800568843,0.6357871052077162,dirichlet_0.2,,
2538,0.8396278051450465,0.656084656084656,3.642857142857143,10.0,0.6666666666666666,1.1132888568207255,0.6562863825415598,dirichlet_0.2,,
2539,0.48275862068965514,0.35978835978835977,6.0,20.0,0.42857142857142855,1.340352319198103,0.8701761595990515,dirichlet_0.2,,
2540,0.701696770662288,0.5079365079365079,4.857142857142857,14.0,0.42857142857142855,1.1948871941009316,0.6272993369127414,dirichlet_0.2,,
2541,0.8845101258894362,0.6984126984126984,3.0714285714285716,9.0,0.6666666666666666,1.4069598238052934,0.9034799119026468,dirichlet_0.2,,
2542,0.8500273672687465,0.6825396825396826,3.2857142857142856,9.0,0.8181818181818182,0.7929686860989282,0.5478681883835511,dirichlet_0.2,,
2543,0.6420361247947455,0.46031746031746035,4.857142857142857,22.0,0.5384615384615384,1.2142766907704883,0.8071383453852441,dirichlet_0.2,,
2544,0.6551724137931034,0.4761904761904762,5.142857142857143,20.0,0.5384615384615384,0.9074541782859467,0.5493562526277536,dirichlet_0.2,,
2545,0.5413245758073344,0.36507936507936506,6.071428571428571,20.0,0.42857142857142855,1.1956213702873013,0.7942886316400585,dirichlet_0.2,,
2546,0.8056923918992885,0.6349206349206349,3.857142857142857,12.0,0.5384615384615384,1.4694890678222476,0.9347445339111238,dirichlet_0.2,,
2547,0.5101258894362343,0.4285714285714285,5.857142857142857,19.0,0.5384615384615384,1.1788178056998297,0.56464787812272,dirichlet_0.2,,
2548,0.8204707170224411,0.6349206349206349,3.7857142857142856,10.0,0.5384615384615384,0.8827188970464278,0.44826166497850783,dirichlet_0.2,,
2549,0.9102353585112206,0.7777777777777777,2.4285714285714284,10.0,0.8181818181818182,1.5958173351423053,0.9979086675711527,dirichlet_0.2,,
2550,0.7071702244116037,0.5079365079365079,4.857142857142857,14.0,0.42857142857142855,0.7958774613243,0.4039302891429446,dirichlet_0.2,,
2551,0.9239189928845101,0.7566137566137565,2.4285714285714284,7.0,0.6666666666666666,1.0267861423033857,0.4933949053957134,dirichlet_0.2,,
2552,0.7257799671592775,0.5555555555555556,4.642857142857143,16.0,0.6666666666666666,1.092162215236102,0.5029067651527769,dirichlet_0.2,,
2553,0.7646414887794198,0.5714285714285714,4.357142857142857,17.0,0.42857142857142855,0.8917477994071088,0.43191178700658994,dirichlet_0.2,,
2554,0.48877941981390255,0.3439153439153439,6.142857142857143,20.0,0.42857142857142855,1.535994696833637,0.9679973484168186,dirichlet_0.2,,
2555,0.7334428024083197,0.5396825396825397,4.5,14.0,0.6666666666666666,0.8362856782462114,0.5417835074022727,dirichlet_0.2,,
2556,0.35851122058018614,0.24867724867724864,7.5,18.0,0.3333333333333333,1.5183107375491944,0.9591553687745972,dirichlet_0.2,,
2557,0.391351943076081,0.291005291005291,7.214285714285714,18.0,0.3333333333333333,1.379602661527819,0.8898013307639092,dirichlet_0.2,,
2558,0.7049808429118773,0.566137566137566,4.571428571428571,18.0,0.6666666666666666,0.8046469955637164,0.5370045571192011,dirichlet_0.2,,
2559,0.701696770662288,0.5079365079365079,4.857142857142857,14.0,0.42857142857142855,1.0130518062811051,0.5628050255417236,dirichlet_0.2,,
2560,0.6814449917898193,0.4920634920634921,5.071428571428571,14.0,0.42857142857142855,1.3421759639336828,0.8710879819668413,dirichlet_0.2,,
2561,0.6978653530377669,0.48677248677248675,5.071428571428571,13.0,0.42857142857142855,1.0952055157844507,0.7070689860115066,dirichlet_0.2,,
2562,0.8035030103995622,0.693121693121693,3.142857142857143,20.0,0.6666666666666666,0.7579466869372575,0.5060517543634128,dirichlet_0.2,,
2563,0.3470169677066229,0.24338624338624337,7.571428571428571,18.0,0.25,1.5958188493590149,0.9979094246795076,dirichlet_0.2,,
2564,0.8779419813902573,0.7195767195767195,3.142857142857143,11.0,0.5384615384615384,1.223173812847612,0.8115869064238059,dirichlet_0.2,,
2565,0.7011494252873564,0.5026455026455026,4.928571428571429,14.0,0.42857142857142855,1.1901947761702432,0.6704531609652539,dirichlet_0.2,,
2566,0.4865900383141762,0.3386243386243386,6.214285714285714,20.0,0.42857142857142855,1.179606295195802,0.6569521352076828,dirichlet_0.2,,
2567,0.3470169677066229,0.24338624338624337,7.571428571428571,18.0,0.25,1.5969651271058707,0.9984825635529353,dirichlet_0.2,,
2568,0.8970990695128626,0.7513227513227513,2.5,11.0,0.8181818181818182,0.6857077145842607,0.45198723645481054,dirichlet_0.2,,
2569,0.7586206896551723,0.544973544973545,4.5,12.0,0.42857142857142855,1.4080789751857294,0.9040394875928647,dirichlet_0.2,,
2570,0.6398467432950191,0.4656084656084656,5.285714285714286,20.0,0.5384615384615384,0.869359868989291,0.616764993624918,dirichlet_0.2,,
2571,0.886152162014231,0.7724867724867724,2.7857142857142856,13.0,0.8181818181818182,0.8034508973133646,0.6017254486566823,dirichlet_0.2,,
2572,0.8045977011494253,0.6455026455026455,3.7142857142857144,12.0,0.5384615384615384,1.3011048481789307,0.8505524240894653,dirichlet_0.2,,
2573,0.5002736726874657,0.3862433862433862,5.857142857142857,20.0,0.5384615384615384,0.9681503915826357,0.641966178374841,dirichlet_0.2,,
2574,0.6902025177887248,0.5714285714285714,4.642857142857143,19.0,0.5384615384615384,0.5964021712827438,0.34673532642326216,dirichlet_0.2,,
2575,0.756431308155446,0.5502645502645502,4.357142857142857,15.0,0.6666666666666666,0.9329031749301111,0.6664515874650555,dirichlet_0.2,,
2576,0.4723590585659551,0.328042328042328,6.214285714285714,20.0,0.42857142857142855,1.5687896544759417,0.9843948272379708,dirichlet_0.2,,
2577,0.9261083743842365,0.7777777777777777,2.2142857142857144,8.0,0.8181818181818182,0.8961152696708976,0.43610876766792167,dirichlet_0.2,,
2578,0.5566502463054187,0.38095238095238093,5.857142857142857,20.0,0.42857142857142855,1.4987052654600796,0.9493526327300397,dirichlet_0.2,,
2579,0.7728516694033934,0.582010582010582,4.285714285714286,13.0,0.6666666666666666,0.8786254014162362,0.4874155637803907,dirichlet_0.2,,
2580,0.42255062944718114,0.32275132275132273,6.785714285714286,19.0,0.3333333333333333,1.0882321671350612,0.7023815078039252,dirichlet_0.2,,
2581,0.6212370005473454,0.4285714285714285,5.428571428571429,20.0,0.6666666666666666,1.210239359860533,0.8051196799302666,dirichlet_0.2,,
2582,0.5692391899288451,0.4126984126984127,5.857142857142857,20.0,0.42857142857142855,1.052504697147153,0.5822301241474269,dirichlet_0.2,,
2583,0.7881773399014778,0.6243386243386243,3.7857142857142856,12.0,0.5384615384615384,0.7900670692226901,0.5155046994966423,dirichlet_0.2,,
2584,0.41105637657361793,0.291005291005291,7.214285714285714,18.0,0.3333333333333333,1.470231628150004,0.935115814075002,dirichlet_0.2,,
2585,0.8779419813902573,0.708994708994709,3.142857142857143,12.0,0.6666666666666666,0.8018721530298899,0.5113253726468124,dirichlet_0.2,,
2586,0.6787082649151615,0.5079365079365079,4.857142857142857,20.0,0.6666666666666666,1.1198288956697477,0.6108459246693835,dirichlet_0.2,,
2587,0.8938149972632732,0.7195767195767195,2.857142857142857,8.0,0.6666666666666666,0.7420145593792891,0.4672229488472304,dirichlet_0.2,,
2588,0.7192118226600985,0.5714285714285714,4.5,18.0,0.6666666666666666,1.0216747121118086,0.4965990549295392,dirichlet_0.2,,
2589,0.9611384783798578,0.8730158730158729,1.5714285714285714,7.0,0.8181818181818182,0.9018581570410715,0.6509290785205358,dirichlet_0.2,,
2590,0.8801313628899835,0.7142857142857143,3.0,11.0,0.5384615384615384,1.4230099671005132,0.9115049835502568,dirichlet_0.2,,
2591,0.6956759715380404,0.5238095238095238,4.785714285714286,21.0,0.5384615384615384,0.7772486557260584,0.4849260273697684,dirichlet_0.2,,
2592,0.585112205801861,0.4021164021164021,5.642857142857143,20.0,0.5384615384615384,1.3914609968549243,0.8957304984274622,dirichlet_0.2,,
2593,0.5451559934318555,0.38095238095238093,6.142857142857143,16.0,0.42857142857142855,1.052251333703377,0.6779036250636469,dirichlet_0.2,,
2594,0.7181171319102353,0.5396825396825397,4.428571428571429,21.0,0.5384615384615384,1.1378271455347209,0.5124040436344959,dirichlet_0.2,,
2595,0.9211822660098522,0.7671957671957672,2.5,6.0,0.6666666666666666,0.9108190298332266,0.49374591727377365,dirichlet_0.2,,
2596,0.9633278598795839,0.8465608465608466,1.6428571428571428,7.0,0.6666666666666666,1.181187519121701,0.7075109634023051,dirichlet_0.2,,
2597,0.6272577996715927,0.43915343915343913,5.428571428571429,19.0,0.6666666666666666,1.1443141591007788,0.7721570795503894,dirichlet_0.2,,
2598,0.5752599890530925,0.48148148148148145,5.5,20.0,0.5384615384615384,0.8222549200242508,0.5413166551189966,dirichlet_0.2,,
2599,0.3700054734537493,0.2698412698412698,7.428571428571429,18.0,0.3333333333333333,1.1186749262733717,0.5596948875360335,dirichlet_0.2,,
2600,0.3694581280788177,0.25925925925925924,7.428571428571429,18.0,0.3333333333333333,1.3372108001948986,0.8686054000974492,dirichlet_0.2,,
2601,0.6672140120415982,0.5026455026455026,4.857142857142857,23.0,0.5384615384615384,1.4770383843475567,0.9385191921737784,dirichlet_0.2,,
2602,0.6146688560481663,0.46031746031746035,5.142857142857143,20.0,0.5384615384615384,1.040088712499188,0.7072818657227922,dirichlet_0.2,,
2603,0.60207991242474,0.4232804232804233,5.285714285714286,20.0,0.42857142857142855,1.1069812467961027,0.6263363677921315,dirichlet_0.2,,
2604,0.5763546798029557,0.41798941798941797,6.214285714285714,16.0,0.3333333333333333,1.1690865663590961,0.7845432831795481,dirichlet_0.2,,
2605,0.7170224411603723,0.5555555555555556,4.5,13.0,0.5384615384615384,1.564496104907691,0.9822480524538456,dirichlet_0.2,,
2606,0.5955117679255609,0.4285714285714285,5.428571428571429,20.0,0.5384615384615384,1.1114427403464622,0.7557213701732312,dirichlet_0.2,,
2607,0.7022441160372195,0.5291005291005291,4.714285714285714,21.0,0.5384615384615384,0.7972514754147647,0.3744260583290934,dirichlet_0.2,,
2608,0.8713738368910783,0.6878306878306878,3.142857142857143,9.0,0.6666666666666666,0.8319465297428995,0.4271208456775417,dirichlet_0.2,,
2609,0.7733990147783251,0.6137566137566137,3.9285714285714284,12.0,0.5384615384615384,1.2991588542691688,0.8495794271345842,dirichlet_0.2,,
2610,0.3519430760810071,0.25925925925925924,7.571428571428571,18.0,0.25,1.4859702616363157,0.9429851308181578,dirichlet_0.2,,
2611,0.7301587301587301,0.5555555555555556,4.285714285714286,21.0,0.5384615384615384,0.96312275106025,0.6815613755301251,dirichlet_0.2,,
2612,0.9102353585112206,0.7777777777777777,2.4285714285714284,10.0,0.8181818181818182,1.4973319969446686,0.9486659984723343,dirichlet_0.2,,
2613,0.5818281335522714,0.4232804232804233,5.571428571428571,20.0,0.5384615384615384,1.4132275758634611,0.9066137879317305,dirichlet_0.2,,
2614,0.6332785987958401,0.4761904761904762,4.928571428571429,20.0,0.5384615384615384,0.8512640439415394,0.6256320219707697,dirichlet_0.2,,
2615,0.7252326217843459,0.544973544973545,4.5,20.0,0.6666666666666666,0.9896093033391136,0.6948046516695568,dirichlet_0.2,,
2616,0.9518336070060207,0.8465608465608466,1.7142857142857142,8.0,0.8181818181818182,0.603893925396002,0.3091346527206537,dirichlet_0.2,,
2617,0.8582375478927203,0.6719576719576719,3.2857142857142856,11.0,0.5384615384615384,0.9732205112956318,0.4623230795598632,dirichlet_0.2,,
2618,0.582375478927203,0.4021164021164021,5.642857142857143,20.0,0.5384615384615384,1.067305908706458,0.6896803596984654,dirichlet_0.2,,
2619,0.35851122058018614,0.24867724867724864,7.5,18.0,0.3333333333333333,1.4635050497494297,0.9317525248747148,dirichlet_0.2,,
2620,0.7509578544061303,0.5555555555555556,4.571428571428571,12.0,0.42857142857142855,0.988544687790188,0.6942723438950941,dirichlet_0.2,,
2621,0.7443897099069513,0.5502645502645502,4.642857142857143,12.0,0.5384615384615384,1.1132504729601211,0.6360511188586255,dirichlet_0.2,,
2622,0.5610290093048714,0.3968253968253968,5.857142857142857,20.0,0.42857142857142855,1.2386569193602242,0.8193284596801121,dirichlet_0.2,,
2623,0.756431308155446,0.6031746031746031,3.7857142857142856,21.0,0.5384615384615384,0.7998257936576171,0.4765739372721954,dirichlet_0.2,,
2624,0.35851122058018614,0.24867724867724864,7.5,18.0,0.3333333333333333,1.195159581948225,0.6139682642617664,dirichlet_0.2,,
2625,0.5024630541871921,0.35978835978835977,6.714285714285714,17.0,0.3333333333333333,1.2683609277494667,0.8341804638747334,dirichlet_0.2,,
2626,0.7170224411603723,0.5555555555555556,4.5,13.0,0.5384615384615384,1.3659913659918086,0.8829956829959044,dirichlet_0.2,,
2627,0.49425287356321834,0.3439153439153439,6.071428571428571,20.0,0.42857142857142855,1.4217384056585032,0.9108692028292515,dirichlet_0.2,,
2628,0.8555008210180624,0.6666666666666666,3.2857142857142856,11.0,0.5384615384615384,1.1248056495382515,0.6284618115132939,dirichlet_0.2,,
2629,0.759168035030104,0.6031746031746031,4.071428571428571,12.0,0.5384615384615384,1.1524830818073788,0.7196884249333196,dirichlet_0.2,,
2630,0.5467980295566502,0.36507936507936506,6.0,21.0,0.42857142857142855,1.5530826431178422,0.9765413215589209,dirichlet_0.2,,
2631,0.5867542419266557,0.4232804232804233,5.5,20.0,0.5384615384615384,1.0245135887811858,0.7122567943905929,dirichlet_0.2,,
2632,0.8713738368910783,0.7037037037037037,3.0,11.0,0.6666666666666666,1.0523676542489684,0.7261838271244841,dirichlet_0.2,,
2633,0.701696770662288,0.5079365079365079,4.857142857142857,14.0,0.42857142857142855,1.1971800642378936,0.5285024792625763,dirichlet_0.2,,
2634,0.6053639846743295,0.41798941798941797,5.5,22.0,0.42857142857142855,1.3867492547120586,0.8933746273560292,dirichlet_0.2,,
2635,0.4778325123152709,0.3333333333333333,6.142857142857143,20.0,0.42857142857142855,1.548008767438803,0.9740043837194015,dirichlet_0.2,,
2636,0.6540777230432404,0.4656084656084656,5.285714285714286,19.0,0.6666666666666666,1.215054060146998,0.807527030073499,dirichlet_0.2,,
2637,0.7170224411603723,0.5555555555555556,4.5,13.0,0.5384615384615384,1.5627390043079123,0.9813695021539561,dirichlet_0.2,,
2638,0.6562671045429667,0.48148148148148145,5.571428571428571,16.0,0.42857142857142855,1.1601411966625153,0.6538773207877618,dirichlet_0.2,,
2639,0.6573617952928298,0.48148148148148145,5.142857142857143,19.0,0.6666666666666666,0.9201947276587079,0.6355432676108523,dirichlet_0.2,,
2640,0.5801860974274767,0.4232804232804233,6.214285714285714,16.0,0.3333333333333333,1.1337863778573603,0.7668931889286802,dirichlet_0.2,,
2641,0.5873015873015873,0.4021164021164021,5.571428571428571,20.0,0.5384615384615384,1.2784794099891204,0.8392397049945601,dirichlet_0.2,,
2642,0.8713738368910783,0.6878306878306878,3.142857142857143,9.0,0.6666666666666666,1.1498223280138056,0.5092711797469694,dirichlet_0.2,,
2643,0.886152162014231,0.7195767195767195,2.7857142857142856,10.0,0.6666666666666666,1.5573651921957774,0.9786825960978887,dirichlet_0.2,,
2644,0.8620689655172413,0.7037037037037037,3.0,11.0,0.8181818181818182,0.7700904491559628,0.4900308176134661,dirichlet_0.2,,
2645,0.5413245758073344,0.36507936507936506,6.071428571428571,20.0,0.42857142857142855,1.5777067779503848,0.9888533889751924,dirichlet_0.2,,
2646,0.8801313628899835,0.7248677248677248,2.7857142857142856,10.0,0.6666666666666666,1.157187409886548,0.7078105340919025,dirichlet_0.2,,
2647,0.9343185550082101,0.7777777777777777,2.2857142857142856,7.0,0.6666666666666666,1.3957267138190352,0.8978633569095177,dirichlet_0.2,,
2648,0.42747673782156537,0.30158730158730157,7.142857142857143,18.0,0.3333333333333333,1.0707438518665586,0.569820786211735,dirichlet_0.2,,
2649,0.9332238642583469,0.7777777777777777,2.357142857142857,7.0,0.6666666666666666,0.5046683017962645,0.33835154894552105,dirichlet_0.2,,
2650,0.7553366174055829,0.5925925925925926,3.857142857142857,21.0,0.5384615384615384,1.1875358683058002,0.539630089584241,dirichlet_0.2,,
2651,0.7887246852764094,0.6084656084656085,3.857142857142857,17.0,0.6666666666666666,0.8241193016055276,0.6120596508027638,dirichlet_0.2,,
2652,0.6305418719211823,0.43386243386243384,5.142857142857143,20.0,0.42857142857142855,1.0843111538518926,0.7421555769259462,dirichlet_0.2,,
2653,0.8434592227695675,0.6613756613756614,3.5,10.0,0.6666666666666666,0.6373726077250144,0.5186863038625071,dirichlet_0.2,,
2654,0.4723590585659551,0.328042328042328,6.214285714285714,20.0,0.42857142857142855,1.5999012180560115,0.9999506090280057,dirichlet_0.2,,
2655,0.6360153256704981,0.4497354497354497,5.357142857142857,19.0,0.6666666666666666,1.2703399340312513,0.8351699670156256,dirichlet_0.2,,
2656,0.5971538040503558,0.4285714285714285,5.714285714285714,16.0,0.42857142857142855,1.1778878237549721,0.7889439118774861,dirichlet_0.2,,
2657,0.7224958949096879,0.5502645502645502,4.642857142857143,16.0,0.6666666666666666,1.136800621924106,0.5151315836157765,dirichlet_0.2,,
2658,0.8932676518883416,0.7248677248677248,2.7142857142857144,10.0,0.6666666666666666,0.6916696496741881,0.370634609434175,dirichlet_0.2,,
2659,0.8500273672687465,0.6613756613756614,3.357142857142857,11.0,0.5384615384615384,1.0614563762385365,0.7307281881192683,dirichlet_0.2,,
2660,0.6113847837985769,0.4285714285714285,5.285714285714286,22.0,0.42857142857142855,1.5895869306790131,0.9947934653395065,dirichlet_0.2,,
2661,0.8593322386425835,0.6825396825396826,3.357142857142857,10.0,0.6666666666666666,0.8810109888052746,0.6162264707432209,dirichlet_0.2,,
2662,0.9184455391351943,0.8095238095238094,2.0,10.0,0.8181818181818182,0.7920901375091925,0.413106115709736,dirichlet_0.2,,
2663,0.799671592775041,0.582010582010582,4.071428571428571,11.0,0.42857142857142855,0.7281381752332283,0.47465981471643115,dirichlet_0.2,,
2664,0.599343185550082,0.4126984126984127,5.5,20.0,0.42857142857142855,1.3245146701453927,0.8622573350726963,dirichlet_0.2,,
2665,0.5769020251778874,0.43915343915343913,5.857142857142857,17.0,0.42857142857142855,1.009738926474082,0.704869463237041,dirichlet_0.2,,
2666,0.7816091954022988,0.5925925925925926,4.214285714285714,12.0,0.6666666666666666,0.9651589967251564,0.5467349823104957,dirichlet_0.2,,
2667,0.7235905856595511,0.5608465608465608,4.428571428571429,13.0,0.5384615384615384,0.7791434189796624,0.4943399988942229,dirichlet_0.2,,
2668,0.8188286808976464,0.6613756613756614,3.7142857142857144,17.0,0.6666666666666666,1.5168478494442645,0.9584239247221322,dirichlet_0.2,,
2669,0.5550082101806239,0.38095238095238093,5.857142857142857,20.0,0.5384615384615384,1.4860596278380203,0.9430298139190101,dirichlet_0.2,,
2670,0.6672140120415982,0.5026455026455026,4.857142857142857,23.0,0.5384615384615384,0.9260051506967462,0.5200254291352865,dirichlet_0.2,,
2671,0.5205254515599342,0.3439153439153439,6.142857142857143,21.0,0.42857142857142855,1.5922443687629688,0.9961221843814843,dirichlet_0.2,,
2672,0.8587848932676518,0.6719576719576719,3.2857142857142856,10.0,0.5384615384615384,1.1255322504517753,0.7596078652111146,dirichlet_0.2,,
2673,0.9512862616310892,0.8095238095238094,1.8571428571428572,7.0,0.6666666666666666,0.4894735370146929,0.4059381623021866,dirichlet_0.2,,
2674,0.8423645320197045,0.656084656084656,3.5714285714285716,11.0,0.6666666666666666,0.8275688113076098,0.5334118730769731,dirichlet_0.2,,
2675,0.7941981390257252,0.5767195767195767,4.142857142857143,11.0,0.42857142857142855,1.0209539427635148,0.5887193206805973,dirichlet_0.2,,
2676,0.8680897646414888,0.6719576719576719,3.357142857142857,9.0,0.42857142857142855,1.1154588214619219,0.757729410730961,dirichlet_0.2,,
2677,0.5145046524356869,0.3968253968253968,5.714285714285714,20.0,0.5384615384615384,1.1262813086342016,0.7631406543171007,dirichlet_0.2,,
2678,0.6694033935413245,0.4920634920634921,4.714285714285714,22.0,0.5384615384615384,1.1951128643927769,0.7975564321963885,dirichlet_0.2,,
2679,0.906951286261631,0.7777777777777777,2.357142857142857,10.0,0.8181818181818182,1.4213565868372866,0.9106782934186434,dirichlet_0.2,,
2680,0.8686371100164203,0.6825396825396826,3.142857142857143,9.0,0.6666666666666666,0.8632606966734526,0.6130515552308088,dirichlet_0.2,,
2681,0.739463601532567,0.5555555555555556,4.357142857142857,20.0,0.6666666666666666,0.6751086208263627,0.4963742119801755,dirichlet_0.2,,
2682,0.8713738368910783,0.7037037037037037,3.0,11.0,0.6666666666666666,1.3768806163750615,0.8884403081875308,dirichlet_0.2,,
2683,0.5320197044334976,0.3544973544973545,6.142857142857143,20.0,0.42857142857142855,1.3267480929941144,0.8633740464970573,dirichlet_0.2,,
2684,0.9742747673782157,0.9047619047619047,1.2142857142857142,7.0,0.8181818181818182,0.8033310686665182,0.6016655343332591,dirichlet_0.2,,
2685,0.6863711001642036,0.5079365079365079,4.857142857142857,13.0,0.5384615384615384,1.5887171297097027,0.9943585648548513,dirichlet_0.2,,
2686,0.7690202517788725,0.6084656084656085,4.0,13.0,0.5384615384615384,1.2864731904091296,0.8432365952045647,dirichlet_0.2,,
2687,0.6535303776683087,0.5132275132275131,4.714285714285714,21.0,0.5384615384615384,0.8098031452661401,0.5827694968419737,dirichlet_0.2,,
2688,0.8434592227695675,0.6878306878306878,3.142857142857143,11.0,0.6666666666666666,1.5245967467583412,0.9622983733791707,dirichlet_0.2,,
2689,0.8582375478927203,0.6878306878306878,3.5,11.0,0.5384615384615384,1.4579394463285444,0.9289697231642722,dirichlet_0.2,,
2690,0.9058565955117679,0.7671957671957672,2.5714285714285716,11.0,0.5384615384615384,0.6915244476391474,0.3939528016655466,dirichlet_0.2,,
2691,0.9436234263820471,0.798941798941799,2.142857142857143,7.0,0.6666666666666666,0.9294436498293989,0.6647218249146994,dirichlet_0.2,,
2692,0.9168035030103995,0.7936507936507936,2.142857142857143,10.0,0.8181818181818182,0.799795709778431,0.443014814140125,dirichlet_0.2,,
2693,0.6157635467980295,0.43386243386243384,5.142857142857143,22.0,0.42857142857142855,1.1532306976043267,0.7766153488021633,dirichlet_0.2,,
2694,0.8451012588943623,0.6878306878306878,3.142857142857143,11.0,0.6666666666666666,1.446918431687505,0.9234592158437526,dirichlet_0.2,,
2695,0.9272030651340997,0.7883597883597884,2.142857142857143,8.0,0.8181818181818182,0.5631130265644807,0.43845271584128,dirichlet_0.2,,
2696,0.8139025725232621,0.6455026455026455,3.7857142857142856,11.0,0.6666666666666666,0.804527227572239,0.48256590114645515,dirichlet_0.2,,
2697,0.5030103995621237,0.36507936507936506,6.642857142857143,17.0,0.3333333333333333,1.5217087347585205,0.9608543673792602,dirichlet_0.2,,
2698,0.4723590585659551,0.328042328042328,6.214285714285714,20.0,0.42857142857142855,1.1904935389307996,0.5055318698032345,dirichlet_0.2,,
2699,0.5057471264367817,0.4021164021164021,5.857142857142857,19.0,0.5384615384615384,1.1903320998176186,0.6321596792144856,dirichlet_0.2,,
2700,0.7482211275314723,0.5555555555555556,4.428571428571429,18.0,0.6666666666666666,0.9785725487221332,0.6892862743610666,dirichlet_0.2,,
2701,0.5550082101806239,0.38095238095238093,5.857142857142857,20.0,0.5384615384615384,1.4845877418789044,0.9422938709394523,dirichlet_0.2,,
2702,0.6469622331691298,0.4708994708994709,5.214285714285714,20.0,0.5384615384615384,0.9379347542150784,0.6685123900002424,dirichlet_0.2,,
2703,0.8571428571428572,0.6984126984126984,3.0714285714285716,10.0,0.6666666666666666,0.7086357601037223,0.5170011592724185,dirichlet_0.2,,
2704,0.46852764094143406,0.36507936507936506,6.214285714285714,20.0,0.42857142857142855,1.1987246299486574,0.7070560960586452,dirichlet_0.2,,
2705,0.6590038314176244,0.4656084656084656,5.214285714285714,16.0,0.42857142857142855,1.14557647314966,0.7727882365748301,dirichlet_0.2,,
2706,0.6392993979200876,0.4656084656084656,5.214285714285714,20.0,0.6666666666666666,1.1918447937426855,0.7522168007514176,dirichlet_0.2,,
2707,0.36836343732895455,0.2751322751322751,7.357142857142857,18.0,0.25,1.4684987888115602,0.9342493944057799,dirichlet_0.2,,
2708,0.9655172413793103,0.8518518518518519,1.5714285714285714,5.0,0.8181818181818182,0.25823712158350715,0.26616343129128767,dirichlet_0.2,,
2709,0.8505747126436781,0.6455026455026455,3.5714285714285716,9.0,0.42857142857142855,1.0281848482754736,0.48739911984832723,dirichlet_0.2,,
2710,0.6622879036672139,0.4708994708994709,5.142857142857143,20.0,0.6666666666666666,0.9235603097017832,0.6157673149897948,dirichlet_0.2,,
2711,0.7197591680350302,0.5238095238095238,4.785714285714286,16.0,0.6666666666666666,0.9150135994350901,0.4737626144202884,dirichlet_0.2,,
2712,0.5287356321839081,0.4285714285714285,5.714285714285714,20.0,0.5384615384615384,0.9692606912003019,0.6282466674358905,dirichlet_0.2,,
2713,0.6409414340448822,0.46031746031746035,5.142857142857143,20.0,0.6666666666666666,0.7836559441831845,0.5421495036395205,dirichlet_0.2,,
2714,0.40667761357416526,0.30158730158730157,7.0,19.0,0.3333333333333333,1.3111447547920148,0.8555723773960074,dirichlet_0.2,,
2715,0.8680897646414888,0.6984126984126984,3.2142857142857144,11.0,0.5384615384615384,1.1821287388673907,0.7910643694336953,dirichlet_0.2,,
2716,0.7635467980295566,0.6137566137566137,3.857142857142857,21.0,0.5384615384615384,0.8721407280287043,0.6360703640143522,dirichlet_0.2,,
2717,0.6392993979200876,0.455026455026455,5.357142857142857,20.0,0.5384615384615384,1.2567670258201056,0.8283835129100527,dirichlet_0.2,,
2718,0.6852764094143404,0.4920634920634921,5.071428571428571,14.0,0.42857142857142855,1.0190697421211359,0.7095348710605679,dirichlet_0.2,,
2719,0.4608648056923919,0.32275132275132273,6.785714285714286,16.0,0.3333333333333333,1.1350703364241128,0.4843624013471899,dirichlet_0.2,,
2720,0.6212370005473454,0.44444444444444436,5.857142857142857,16.0,0.42857142857142855,1.00802860399017,0.6946964630729324,dirichlet_0.2,,
2721,0.6365626710454296,0.455026455026455,5.214285714285714,20.0,0.6666666666666666,0.9293795010063315,0.616169638403248,dirichlet_0.2,,
2722,0.7088122605363985,0.5396825396825397,4.785714285714286,16.0,0.6666666666666666,1.1721643663464345,0.5241874010042396,dirichlet_0.2,,
2723,0.48002189381499727,0.3333333333333333,6.214285714285714,20.0,0.42857142857142855,1.553816228869009,0.9769081144345045,dirichlet_0.2,,
2724,0.8533114395183361,0.6666666666666666,3.357142857142857,10.0,0.5384615384615384,1.3713544110058844,0.8856772055029422,dirichlet_0.2,,
2725,0.7586206896551723,0.544973544973545,4.5,12.0,0.42857142857142855,1.3033972031046597,0.8516986015523299,dirichlet_0.2,,
2726,0.8593322386425835,0.6772486772486772,3.2857142857142856,11.0,0.5384615384615384,0.7413701307829084,0.3778903727464734,dirichlet_0.2,,
2727,0.7454844006568144,0.566137566137566,4.357142857142857,19.0,0.6666666666666666,0.7306614381968826,0.5653307190984413,dirichlet_0.2,,
2728,0.3711001642036125,0.25925925925925924,7.428571428571429,18.0,0.3333333333333333,1.5662173436416968,0.9831086718208484,dirichlet_0.2,,
2729,0.5024630541871921,0.38095238095238093,5.857142857142857,20.0,0.5384615384615384,1.14757521679739,0.7737876083986951,dirichlet_0.2,,
2730,0.7881773399014778,0.6137566137566137,4.0,18.0,0.6666666666666666,0.6924036195256142,0.3986616410639948,dirichlet_0.2,,
2731,0.5210727969348659,0.37037037037037035,6.642857142857143,16.0,0.3333333333333333,1.1805484206561903,0.7902742103280951,dirichlet_0.2,,
2732,0.8976464148877942,0.7301587301587301,2.7142857142857144,8.0,0.6666666666666666,1.0008145866870826,0.5327218094578805,dirichlet_0.2,,
2733,0.4723590585659551,0.328042328042328,6.214285714285714,20.0,0.42857142857142855,1.5857416451616064,0.9928708225808033,dirichlet_0.2,,
2734,0.8007662835249042,0.6031746031746031,4.0,12.0,0.6666666666666666,1.4110792515957407,0.9055396257978703,dirichlet_0.2,,
2735,0.825944170771757,0.6402116402116401,3.7142857142857144,10.0,0.5384615384615384,0.7835816004032063,0.5207695658348775,dirichlet_0.2,,
2736,0.367816091954023,0.25396825396825395,7.428571428571429,18.0,0.3333333333333333,1.339292352676358,0.8696461763381791,dirichlet_0.2,,
2737,0.671592775041051,0.49735449735449727,4.714285714285714,22.0,0.5384615384615384,1.127227088372101,0.7636135441860505,dirichlet_0.2,,
2738,0.3984674329501916,0.2804232804232804,7.285714285714286,18.0,0.3333333333333333,1.5036083859424196,0.9518041929712097,dirichlet_0.2,,
2739,0.7066228790366721,0.5132275132275131,4.857142857142857,14.0,0.42857142857142855,1.051717817606264,0.7014305656190492,dirichlet_0.2,,
2740,0.8478379857690203,0.6825396825396826,3.4285714285714284,14.0,0.6666666666666666,0.9530998067887297,0.45808574671273,dirichlet_0.2,,
2741,0.7323481116584564,0.5502645502645502,4.571428571428571,11.0,0.6666666666666666,1.005279604551712,0.5956339341460293,dirichlet_0.2,,
2742,0.7712096332785988,0.5767195767195767,4.285714285714286,13.0,0.6666666666666666,0.8140793723920952,0.5608848872037432,dirichlet_0.2,,
2743,0.9074986316365626,0.7619047619047619,2.357142857142857,10.0,0.8181818181818182,0.9365369135899064,0.5671478579178906,dirichlet_0.2,,
2744,0.8122605363984675,0.6243386243386243,3.9285714285714284,11.0,0.5384615384615384,1.0628766595833559,0.6876860048353683,dirichlet_0.2,,
2745,0.43185550082101803,0.3333333333333333,6.714285714285714,19.0,0.3333333333333333,1.105431063273831,0.7527155316369155,dirichlet_0.2,,
2746,0.5451559934318555,0.37037037037037035,5.857142857142857,21.0,0.42857142857142855,1.1846867877616214,0.6837097397821967,dirichlet_0.2,,
2747,0.49315818281335516,0.4232804232804233,5.928571428571429,20.0,0.5384615384615384,0.794464748162289,0.3797617344848475,dirichlet_0.2,,
2748,0.7142857142857142,0.5714285714285714,4.571428571428571,20.0,0.6666666666666666,1.501769381273777,0.9508846906368884,dirichlet_0.2,,
2749,0.4488232074438971,0.3439153439153439,6.5,20.0,0.42857142857142855,1.0947850665554668,0.7059754308994625,dirichlet_0.2,,
2750,0.35851122058018614,0.24867724867724864,7.5,18.0,0.3333333333333333,1.1978249860010772,0.6321333159938749,dirichlet_0.2,,
2751,0.8976464148877942,0.7460317460317459,2.642857142857143,12.0,0.5384615384615384,0.7816142270293986,0.4729390684408847,dirichlet_0.2,,
2752,0.6486042692939245,0.4708994708994709,5.142857142857143,20.0,0.5384615384615384,1.1369614862776858,0.7410528267873397,dirichlet_0.2,,
2753,0.8297755883962781,0.6402116402116401,3.7142857142857144,10.0,0.6666666666666666,1.071329376979829,0.7356646884899146,dirichlet_0.2,,
2754,0.5254515599343186,0.43386243386243384,5.785714285714286,20.0,0.5384615384615384,1.0925701193781385,0.6236210084571719,dirichlet_0.2,,
2755,0.9036672140120415,0.7407407407407407,2.5714285714285716,10.0,0.6666666666666666,1.0875264020153041,0.743763201007652,dirichlet_0.2,,
2756,0.7471264367816092,0.6031746031746031,3.857142857142857,22.0,0.5384615384615384,1.0203328664605011,0.5646625627777114,dirichlet_0.2,,
2757,0.799671592775041,0.582010582010582,4.071428571428571,11.0,0.42857142857142855,1.1377727406776226,0.560885426651576,dirichlet_0.2,,
2758,0.7077175697865353,0.5238095238095238,4.857142857142857,14.0,0.6666666666666666,1.1274012736082775,0.7637006368041389,dirichlet_0.2,,
2759,0.9168035030103995,0.783068783068783,2.357142857142857,9.0,0.8181818181818182,1.2405779411855087,0.8202889705927543,dirichlet_0.2,,
2760,0.8500273672687465,0.6613756613756614,3.357142857142857,11.0,0.5384615384615384,1.184873179910777,0.7533089171577,dirichlet_0.2,,
2761,0.9343185550082101,0.7936507936507936,2.142857142857143,7.0,0.6666666666666666,1.0021286174419481,0.7010643087209741,dirichlet_0.2,,
2762,0.5413245758073344,0.3862433862433862,6.428571428571429,16.0,0.3333333333333333,1.1721944789384584,0.7807325164189987,dirichlet_0.2,,
2763,0.8642583470169677,0.6772486772486772,3.2142857142857144,9.0,0.5384615384615384,1.0421441681731414,0.5828050494487332,dirichlet_0.2,,
2764,0.8500273672687465,0.6613756613756614,3.357142857142857,11.0,0.5384615384615384,1.1997308533251099,0.6993388662941068,dirichlet_0.2,,
2765,0.7049808429118773,0.5291005291005291,5.071428571428571,16.0,0.5384615384615384,1.0263386827015262,0.6528739320581286,dirichlet_0.2,,
2766,0.8713738368910783,0.7037037037037037,3.0,11.0,0.6666666666666666,1.0170723437453895,0.6858695302569715,dirichlet_0.2,,
2767,0.9299397920087575,0.798941798941799,2.2142857142857144,7.0,0.8181818181818182,0.39619192202572284,0.3299717082194552,dirichlet_0.2,,
2768,0.6070060207991241,0.4920634920634921,5.428571428571429,18.0,0.5384615384615384,0.7076860598956527,0.39482782908246655,dirichlet_0.2,,
2769,0.6973180076628351,0.5132275132275131,4.857142857142857,13.0,0.6666666666666666,1.1154023054382391,0.7577011527191195,dirichlet_0.2,,
2770,0.6075533661740558,0.4232804232804233,5.357142857142857,20.0,0.5384615384615384,1.290829913278475,0.8454149566392375,dirichlet_0.2,,
2771,0.35851122058018614,0.24867724867724864,7.5,18.0,0.3333333333333333,1.5478534108796957,0.9739267054398477,dirichlet_0.2,,
2772,0.8527640941434045,0.6666666666666666,3.357142857142857,11.0,0.5384615384615384,1.198284875058055,0.5582167868441837,dirichlet_0.2,,
2773,0.535303776683087,0.3544973544973545,6.0,21.0,0.42857142857142855,1.5600091143175359,0.9800045571587679,dirichlet_0.2,,
2774,0.7673782156540777,0.6084656084656085,3.857142857142857,21.0,0.5384615384615384,0.7845062154111189,0.416437850489583,dirichlet_0.2,,
2775,0.9233716475095786,0.783068783068783,2.2142857142857144,8.0,0.8181818181818182,0.8495190631714314,0.5411995764141894,dirichlet_0.2,,
2776,0.8741105637657363,0.708994708994709,3.142857142857143,12.0,0.6666666666666666,0.8698094784145112,0.46078611423284827,dirichlet_0.2,,
2777,0.7624521072796935,0.5555555555555556,4.428571428571429,12.0,0.5384615384615384,1.2726712115573466,0.8363356057786734,dirichlet_0.2,,
2778,0.8084291187739463,0.619047619047619,4.071428571428571,10.0,0.8181818181818182,0.667524114798494,0.4630800186223808,dirichlet_0.2,,
2779,0.48877941981390255,0.3439153439153439,6.142857142857143,20.0,0.42857142857142855,1.5295741283353488,0.9647870641676743,dirichlet_0.2,,
2780,0.7471264367816092,0.6031746031746031,3.857142857142857,22.0,0.5384615384615384,1.199635722136775,0.6224558500740777,dirichlet_0.2,,
2781,0.8817733990147782,0.7248677248677248,3.0714285714285716,11.0,0.5384615384615384,0.7141503622973815,0.34544222671033514,dirichlet_0.2,,
2782,0.3946360153256705,0.2962962962962963,7.214285714285714,18.0,0.3333333333333333,1.4011634591798305,0.9005817295899152,dirichlet_0.2,,
2783,0.8067870826491516,0.6137566137566137,4.0,11.0,0.5384615384615384,1.5482775667467124,0.974138783373356,dirichlet_0.2,,
2784,0.7914614121510672,0.5767195767195767,4.142857142857143,11.0,0.5384615384615384,1.0970516134072175,0.5968439038522856,dirichlet_0.2,,
2785,0.9425287356321838,0.8042328042328042,2.2142857142857144,5.0,0.6666666666666666,1.1750085465534752,0.7875042732767376,dirichlet_0.2,,
2786,0.6206896551724138,0.43386243386243384,5.428571428571429,21.0,0.42857142857142855,1.2839445381081258,0.8419722690540629,dirichlet_0.2,,
2787,0.9359605911330049,0.7883597883597884,2.142857142857143,8.0,0.8181818181818182,0.5356857846778335,0.4124511546426212,dirichlet_0.2,,
2788,0.6622879036672139,0.4761904761904762,5.285714285714286,15.0,0.42857142857142855,1.22082010618004,0.81041005309002,dirichlet_0.2,,
2789,0.5462506841817186,0.3915343915343915,5.857142857142857,20.0,0.42857142857142855,1.0765129195712824,0.5775449015735356,dirichlet_0.2,,
2790,0.5615763546798029,0.37566137566137564,5.857142857142857,20.0,0.42857142857142855,1.3682076828763208,0.8841038414381605,dirichlet_0.2,,
2791,0.3984674329501916,0.2857142857142857,7.357142857142857,18.0,0.3333333333333333,1.4900583403003353,0.9450291701501677,dirichlet_0.2,,
2792,0.5320197044334976,0.3544973544973545,6.142857142857143,20.0,0.42857142857142855,1.5328154744481113,0.9664077372240556,dirichlet_0.2,,
2793,0.8598795840175151,0.6719576719576719,3.357142857142857,10.0,0.6666666666666666,0.7743563682291644,0.442435680295366,dirichlet_0.2,,
2794,0.9507389162561576,0.8359788359788359,1.7142857142857142,7.0,0.8181818181818182,1.4957402789635355,0.9478701394817677,dirichlet_0.2,,
2795,0.8555008210180624,0.6666666666666666,3.2857142857142856,11.0,0.5384615384615384,1.4411465421199607,0.9205732710599804,dirichlet_0.2,,
2796,0.6179529282977558,0.4708994708994709,5.214285714285714,19.0,0.5384615384615384,0.9871141351032127,0.5985748305319855,dirichlet_0.2,,
2797,0.8357963875205253,0.6243386243386243,3.642857142857143,10.0,0.42857142857142855,1.0046286049804545,0.5096191362996362,dirichlet_0.2,,
2798,0.749863163656267,0.5925925925925926,4.214285714285714,13.0,0.5384615384615384,1.1610629248954392,0.7805314624477195,dirichlet_0.2,,
2799,0.35851122058018614,0.24867724867724864,7.5,18.0,0.3333333333333333,1.5960684356656918,0.998034217832846,dirichlet_0.2,,
2800,0.5205254515599342,0.3439153439153439,6.142857142857143,21.0,0.42857142857142855,1.1936027085419154,0.7664735936990658,dirichlet_0.2,,
2801,0.701696770662288,0.5079365079365079,4.857142857142857,14.0,0.42857142857142855,1.1697731305748762,0.5819993501644577,dirichlet_0.2,,
2802,0.7235905856595511,0.5608465608465608,4.428571428571429,13.0,0.5384615384615384,0.9757830906891879,0.5123299629702491,dirichlet_0.2,,
2803,0.48877941981390255,0.3439153439153439,6.142857142857143,20.0,0.42857142857142855,1.49318701281431,0.9465935064071551,dirichlet_0.2,,
2804,0.60207991242474,0.4708994708994709,5.285714285714286,19.0,0.5384615384615384,1.0312502746503707,0.6557275067244438,dirichlet_0.2,,
2805,0.35851122058018614,0.24867724867724864,7.5,18.0,0.3333333333333333,1.4310952145531997,0.9155476072765999,dirichlet_0.2,,
2806,0.4039408866995074,0.2857142857142857,7.285714285714286,18.0,0.3333333333333333,1.4831711859203218,0.941585592960161,dirichlet_0.2,,
2807,0.7318007662835249,0.544973544973545,4.571428571428571,11.0,0.6666666666666666,0.8897533744405778,0.43940302040232077,dirichlet_0.2,,
2808,0.3497536945812808,0.25925925925925924,7.571428571428571,18.0,0.25,1.4820943844130512,0.9410471922065256,dirichlet_0.2,,
2809,0.5106732348111659,0.35978835978835977,6.071428571428571,20.0,0.42857142857142855,1.3476281318766836,0.8738140659383418,dirichlet_0.2,,
2810,0.5041050903119868,0.37566137566137564,5.857142857142857,20.0,0.5384615384615384,1.2780671189448995,0.8390335594724496,dirichlet_0.2,,
2811,0.35851122058018614,0.24867724867724864,7.5,18.0,0.3333333333333333,1.1942729922032957,0.628275196181955,dirichlet_0.2,,
2812,0.6491516146688561,0.4761904761904762,5.142857142857143,20.0,0.5384615384615384,0.8315930567225365,0.465907526717665,dirichlet_0.2,,
2813,0.5188834154351395,0.43386243386243384,5.785714285714286,19.0,0.5384615384615384,1.1917969087123614,0.5834863407788088,dirichlet_0.2,,
2814,0.7110016420361247,0.5291005291005291,4.785714285714286,15.0,0.5384615384615384,1.0428987737375612,0.7102220280266339,dirichlet_0.2,,
2815,0.6639299397920088,0.4920634920634921,4.857142857142857,20.0,0.6666666666666666,0.9942336016444779,0.6678118784698841,dirichlet_0.2,,
2816,0.6529830322933771,0.48148148148148145,5.214285714285714,20.0,0.5384615384615384,1.5380438800464122,0.9690219400232062,dirichlet_0.2,,
2817,0.8790366721401204,0.7195767195767195,3.142857142857143,11.0,0.5384615384615384,0.7875898774844996,0.3842213681931946,dirichlet_0.2,,
2818,0.5205254515599342,0.3439153439153439,6.142857142857143,21.0,0.42857142857142855,1.572201264879956,0.986100632439978,dirichlet_0.2,,
2819,0.7832512315270936,0.6031746031746031,4.0,12.0,0.5384615384615384,0.9614504257777869,0.6259475050302366,dirichlet_0.2,,
2820,0.7887246852764094,0.6349206349206349,3.642857142857143,12.0,0.5384615384615384,1.1926556636739105,0.7963278318369552,dirichlet_0.2,,
2821,0.3946360153256705,0.2962962962962963,7.071428571428571,19.0,0.3333333333333333,1.171008454558567,0.7855042272792834,dirichlet_0.2,,
2822,0.48275862068965514,0.3544973544973545,5.928571428571429,20.0,0.42857142857142855,1.0251481323692724,0.712574066184636,dirichlet_0.2,,
2823,0.8724685276409413,0.708994708994709,3.0714285714285716,11.0,0.5384615384615384,0.7989874723426524,0.3641891422593181,dirichlet_0.2,,
2824,0.8089764641488779,0.5925925925925926,3.9285714285714284,11.0,0.42857142857142855,1.0861607983790842,0.6177360806570209,dirichlet_0.2,,
2825,0.6600985221674877,0.48677248677248675,5.071428571428571,22.0,0.5384615384615384,1.5185713905360676,0.9592856952680339,dirichlet_0.2,,
2826,0.9343185550082101,0.7777777777777777,2.2857142857142856,7.0,0.6666666666666666,0.4350196552182404,0.38423148384274336,dirichlet_0.2,,
2827,0.4444444444444444,0.30687830687830686,7.0,16.0,0.3333333333333333,1.49016597943058,0.94508298971529,dirichlet_0.2,,
2828,0.8637110016420361,0.6984126984126984,3.4285714285714284,11.0,0.5384615384615384,0.7346776541968728,0.39580206879761737,dirichlet_0.2,,
2829,0.8264915161466886,0.6402116402116401,3.642857142857143,12.0,0.6666666666666666,0.8454226327739476,0.5558652549646393,dirichlet_0.2,,
2830,0.7941981390257252,0.6349206349206349,3.5714285714285716,20.0,0.5384615384615384,0.7529738322179776,0.4856636060744487,dirichlet_0.2,,
2831,0.7203065134099617,0.5555555555555556,4.5,13.0,0.5384615384615384,0.7847613469921657,0.4238743882952656,dirichlet_0.2,,
2832,0.8604269293924467,0.7037037037037037,3.0,10.0,0.6666666666666666,1.240394808574706,0.8201974042873531,dirichlet_0.2,,
2833,0.7214012041598248,0.566137566137566,4.428571428571429,13.0,0.5384615384615384,1.1852437560620608,0.7278267509929203,dirichlet_0.2,,
2834,0.5873015873015873,0.4126984126984127,5.571428571428571,21.0,0.42857142857142855,1.0946871323189011,0.7035311070099772,dirichlet_0.2,,
2835,0.5238095238095238,0.36507936507936506,6.0,20.0,0.42857142857142855,1.4341729379740373,0.9170864689870187,dirichlet_0.2,,
2836,0.8122605363984675,0.6243386243386243,3.9285714285714284,11.0,0.5384615384615384,1.1282028452057242,0.7303992496145255,dirichlet_0.2,,
2837,0.6256157635467979,0.43386243386243384,5.428571428571429,19.0,0.6666666666666666,1.0617483375422245,0.7308741687711121,dirichlet_0.2,,
2838,0.8746579091406678,0.7037037037037037,3.4285714285714284,8.0,0.42857142857142855,0.7996389909126789,0.5809470470320739,dirichlet_0.2,,
2839,0.35851122058018614,0.24867724867724864,7.5,18.0,0.3333333333333333,1.199490960964031,0.7537047282465855,dirichlet_0.2,,
2840,0.48002189381499727,0.3333333333333333,6.214285714285714,20.0,0.42857142857142855,1.5937900397278493,0.9968950198639246,dirichlet_0.2,,
2841,0.8801313628899835,0.7248677248677248,3.0714285714285716,11.0,0.5384615384615384,1.051671742619384,0.725835871309692,dirichlet_0.2,,
2842,0.367816091954023,0.25396825396825395,7.428571428571429,18.0,0.3333333333333333,1.5746742639760898,0.987337131988045,dirichlet_0.2,,
2843,0.6584564860426929,0.49735449735449727,4.928571428571429,23.0,0.5384615384615384,1.2229779166016328,0.8114889583008164,dirichlet_0.2,,
2844,0.5692391899288451,0.3862433862433862,5.714285714285714,21.0,0.42857142857142855,1.38626788689242,0.89313394344621,dirichlet_0.2,,
2845,0.5320197044334976,0.3544973544973545,6.142857142857143,20.0,0.42857142857142855,1.589810995657867,0.9949054978289334,dirichlet_0.2,,
2846,0.5588396278051451,0.38095238095238093,5.785714285714286,20.0,0.3333333333333333,1.1226884818632628,0.7601399184063937,dirichlet_0.2,,
2847,0.9540229885057472,0.8465608465608466,1.7142857142857142,6.0,0.8181818181818182,0.5018756510465626,0.36811139262920634,dirichlet_0.2,,
2848,0.5320197044334976,0.3544973544973545,6.142857142857143,20.0,0.42857142857142855,1.4310146685219962,0.9155073342609982,dirichlet_0.2,,
2849,0.5320197044334976,0.3544973544973545,6.142857142857143,20.0,0.42857142857142855,1.1881895382676069,0.6699017627528255,dirichlet_0.2,,
2850,0.6699507389162561,0.5079365079365079,4.857142857142857,23.0,0.5384615384615384,0.9748576228484439,0.687428811424222,dirichlet_0.2,,
2851,0.4761904761904762,0.3333333333333333,6.642857142857143,16.0,0.42857142857142855,1.4696893620368867,0.9348446810184434,dirichlet_0.2,,
2852,0.8368910782703886,0.6507936507936508,3.642857142857143,10.0,0.6666666666666666,1.0902918971529971,0.6632790300398937,dirichlet_0.2,,
2853,0.9310344827586207,0.7724867724867724,2.2857142857142856,7.0,0.6666666666666666,1.1416648047192817,0.7708324023596409,dirichlet_0.2,,
2854,0.8199233716475095,0.6296296296296297,3.7142857142857144,11.0,0.6666666666666666,0.8426085695681319,0.5917988870181384,dirichlet_0.2,,
2855,0.7203065134099617,0.5608465608465608,4.428571428571429,13.0,0.5384615384615384,1.1548836311275799,0.7774418155637899,dirichlet_0.2,,
2856,0.685823754789272,0.4920634920634921,5.0,14.0,0.42857142857142855,1.1766197964514369,0.7883098982257184,dirichlet_0.2,,
2857,0.5944170771756979,0.46031746031746035,5.285714285714286,17.0,0.5384615384615384,1.1058800018320234,0.5842094817979434,dirichlet_0.2,,
2858,0.756431308155446,0.5555555555555556,4.5,13.0,0.5384615384615384,1.017495221194009,0.6780296419935855,dirichlet_0.2,,
2859,0.8500273672687465,0.6613756613756614,3.357142857142857,11.0,0.5384615384615384,0.9272439297315953,0.47662167413885065,dirichlet_0.2,,
2860,0.7011494252873564,0.5026455026455026,4.928571428571429,14.0,0.42857142857142855,1.1947764680222124,0.5512666233340622,dirichlet_0.2,,
2861,0.4969896004378763,0.35978835978835977,6.785714285714286,17.0,0.3333333333333333,1.1622629816239982,0.7811314908119992,dirichlet_0.2,,
2862,0.6141215106732347,0.4285714285714285,5.428571428571429,21.0,0.42857142857142855,1.389699624856081,0.8948498124280404,dirichlet_0.2,,
2863,0.5971538040503558,0.4126984126984127,5.571428571428571,21.0,0.42857142857142855,1.4604817336709233,0.9302408668354617,dirichlet_0.2,,
2864,0.6343732895457033,0.4497354497354497,5.285714285714286,19.0,0.42857142857142855,1.3170940249523024,0.8585470124761512,dirichlet_0.2,,
2865,0.35851122058018614,0.24867724867724864,7.5,18.0,0.3333333333333333,1.596960140457218,0.998480070228609,dirichlet_0.2,,
2866,0.8615216201423097,0.6878306878306878,3.2142857142857144,10.0,0.6666666666666666,1.1114179892240401,0.5982003409746253,dirichlet_0.2,,
2867,0.6655719759168035,0.5079365079365079,5.0,20.0,0.5384615384615384,1.0955710943967896,0.5155555638988476,dirichlet_0.2,,
2868,0.6814449917898193,0.49735449735449727,5.0,16.0,0.42857142857142855,0.8595702983172798,0.5704555218831616,dirichlet_0.2,,
2869,0.7312534209085934,0.5291005291005291,4.714285714285714,12.0,0.5384615384615384,1.5920655406109683,0.9960327703054841,dirichlet_0.2,,
2870,0.48330596606458676,0.3386243386243386,6.214285714285714,20.0,0.42857142857142855,1.5467221253485928,0.9733610626742965,dirichlet_0.2,,
2871,0.6250684181718663,0.4497354497354497,5.0,22.0,0.5384615384615384,1.2161772422223525,0.8080886211111762,dirichlet_0.2,,
2872,0.8232074438970991,0.6296296296296297,3.642857142857143,12.0,0.6666666666666666,0.9903455714326944,0.6257364294961405,dirichlet_0.2,,
2873,0.7411056376573617,0.544973544973545,4.642857142857143,13.0,0.5384615384615384,1.0755113883131215,0.6203535838517424,dirichlet_0.2,,
2874,0.7411056376573617,0.544973544973545,4.642857142857143,13.0,0.5384615384615384,0.7598600398008352,0.375099269697929,dirichlet_0.2,,
2875,0.6874657909140668,0.4920634920634921,4.928571428571429,16.0,0.6666666666666666,1.21153702695025,0.8057685134751249,dirichlet_0.2,,
2876,0.9282977558839628,0.7619047619047619,2.4285714285714284,7.0,0.5384615384615384,0.9236077611190812,0.5744310124652923,dirichlet_0.2,,
2877,0.4033935413245758,0.30158730158730157,7.285714285714286,18.0,0.3333333333333333,1.119940541664378,0.5532134877166445,dirichlet_0.2,,
2878,0.41981390257252327,0.31746031746031744,6.785714285714286,19.0,0.3333333333333333,1.2767329503593206,0.8383664751796602,dirichlet_0.2,,
2879,0.6584564860426929,0.5079365079365079,4.928571428571429,19.0,0.5384615384615384,0.9898796233048716,0.6542826998262032,dirichlet_0.2,,
2880,0.5818281335522714,0.3968253968253968,5.571428571428571,21.0,0.42857142857142855,1.4637728055365653,0.9318864027682826,dirichlet_0.2,,
2881,0.7635467980295566,0.6137566137566137,3.857142857142857,21.0,0.5384615384615384,0.779927659402479,0.3840284471453466,dirichlet_0.2,,
2882,0.7099069512862616,0.5291005291005291,4.714285714285714,17.0,0.6666666666666666,1.1506671379033948,0.5254624137623322,dirichlet_0.2,,
2883,0.588943623426382,0.4074074074074074,5.642857142857143,20.0,0.5384615384615384,1.3817739796163986,0.8908869898081992,dirichlet_0.2,,
2884,0.8500273672687465,0.6613756613756614,3.357142857142857,11.0,0.5384615384615384,1.5188983376585492,0.9594491688292746,dirichlet_0.2,,
2885,0.6956759715380404,0.5238095238095238,4.785714285714286,21.0,0.5384615384615384,0.783576850456122,0.41438655157061294,dirichlet_0.2,,
2886,0.5818281335522714,0.41798941798941797,5.928571428571429,16.0,0.42857142857142855,0.7551398155884133,0.5717684276883779,dirichlet_0.2,,
2887,0.3962780514504652,0.291005291005291,7.142857142857143,18.0,0.3333333333333333,1.3717696864459934,0.8858848432229968,dirichlet_0.2,,
2888,0.6748768472906403,0.48677248677248675,5.428571428571429,16.0,0.5384615384615384,0.8271296047268983,0.5374583688015582,dirichlet_0.2,,
2889,0.6256157635467979,0.455026455026455,5.5,15.0,0.5384615384615384,1.266813227555574,0.8334066137777869,dirichlet_0.2,,
2890,0.701696770662288,0.5079365079365079,4.857142857142857,14.0,0.42857142857142855,1.100583368900622,0.6278753631718584,dirichlet_0.2,,
2891,0.585112205801861,0.4761904761904762,5.357142857142857,19.0,0.5384615384615384,1.113247235596121,0.5901250144221578,dirichlet_0.2,,
2892,0.7920087575259989,0.5925925925925926,4.214285714285714,12.0,0.5384615384615384,1.3391072361895087,0.8695536180947543,dirichlet_0.2,,
2893,0.7312534209085934,0.544973544973545,4.571428571428571,20.0,0.6666666666666666,1.0701136722707763,0.6445705619379641,dirichlet_0.2,,
2894,0.759168035030104,0.5873015873015872,4.0,21.0,0.6666666666666666,1.0470667409872907,0.48614760427221204,dirichlet_0.2,,
2895,0.7443897099069513,0.5873015873015872,4.214285714285714,13.0,0.5384615384615384,1.1211097910267254,0.5100605907766484,dirichlet_0.2,,
2896,0.5216201423097975,0.37037037037037035,6.071428571428571,20.0,0.42857142857142855,1.4448714815633183,0.922435740781659,dirichlet_0.2,,
2897,0.6475095785440612,0.4708994708994709,5.714285714285714,16.0,0.42857142857142855,0.9868527800215929,0.6839995582756958,dirichlet_0.2,,
2898,0.6798029556650246,0.5079365079365079,4.928571428571429,21.0,0.5384615384615384,1.0296437454160567,0.5864214877162798,dirichlet_0.2,,
2899,0.8237547892720307,0.6349206349206349,3.7857142857142856,13.0,0.5384615384615384,0.8007856157285809,0.502208859685233,dirichlet_0.2,,
2900,0.535303776683087,0.36507936507936506,6.0,20.0,0.3333333333333333,1.1698413408364874,0.5194974881789904,dirichlet_0.2,,
2901,0.7427476737821566,0.5608465608465608,4.5,12.0,0.6666666666666666,1.020387306160791,0.7101936530803956,dirichlet_0.2,,
2902,0.8637110016420361,0.693121693121693,3.4285714285714284,11.0,0.5384615384615384,0.5289420269541703,0.38674320321038436,dirichlet_0.2,,
2903,0.645320197044335,0.4497354497354497,5.428571428571429,15.0,0.42857142857142855,1.2835080090769733,0.8417540045384866,dirichlet_0.2,,
2904,0.8461959496442255,0.6772486772486772,3.4285714285714284,11.0,0.5384615384615384,0.5273439087829795,0.33678381779887284,dirichlet_0.2,,
2905,0.6316365626710454,0.46031746031746035,5.571428571428571,15.0,0.5384615384615384,1.1706612417734599,0.78533062088673,dirichlet_0.2,,
2906,0.6179529282977558,0.4232804232804233,5.428571428571429,20.0,0.5384615384615384,1.2674398493622,0.8337199246811001,dirichlet_0.2,,
2907,0.8746579091406678,0.7195767195767195,3.142857142857143,11.0,0.5384615384615384,1.141249493384374,0.770624746692187,dirichlet_0.2,,
2908,0.6830870279146142,0.48677248677248675,5.0,16.0,0.6666666666666666,1.0178488452127286,0.5141313456473545,dirichlet_0.2,,
2909,0.7044334975369457,0.5291005291005291,4.785714285714286,20.0,0.5384615384615384,0.7729310256615509,0.4777077036698721,dirichlet_0.2,,
2910,0.9419813902572524,0.7883597883597884,2.142857142857143,7.0,0.6666666666666666,1.598636335618732,0.999318167809366,dirichlet_0.2,,
2911,0.5106732348111659,0.35978835978835977,6.071428571428571,20.0,0.42857142857142855,1.4511344573848879,0.925567228692444,dirichlet_0.2,,
2912,0.7816091954022988,0.6084656084656085,3.9285714285714284,13.0,0.5384615384615384,1.3869841622530585,0.8934920811265293,dirichlet_0.2,,
2913,0.7449370552818828,0.5608465608465608,4.428571428571429,18.0,0.6666666666666666,0.7971345535816761,0.4379874164666721,dirichlet_0.2,,
2914,0.6146688560481663,0.4285714285714285,5.571428571428571,20.0,0.5384615384615384,1.022323635054784,0.6327527944701646,dirichlet_0.2,,
2915,0.6365626710454296,0.46031746031746035,5.214285714285714,20.0,0.6666666666666666,0.9589902054056462,0.6412353853280649,dirichlet_0.2,,
2916,0.962233169129721,0.8412698412698412,1.6428571428571428,5.0,0.8181818181818182,0.5345517178289904,0.39567885537861996,dirichlet_0.2,,
2917,0.9053092501368363,0.7460317460317459,2.642857142857143,8.0,0.6666666666666666,0.962122881269829,0.5094115432185629,dirichlet_0.2,,
2918,0.7471264367816092,0.5978835978835979,3.9285714285714284,22.0,0.5384615384615384,1.192171369530914,0.654511888817566,dirichlet_0.2,,
2919,0.6458675424192666,0.4708994708994709,5.142857142857143,20.0,0.6666666666666666,0.7943219070292702,0.5268487444742858,dirichlet_0.2,,
2920,0.5041050903119868,0.3492063492063492,6.071428571428571,20.0,0.42857142857142855,1.2967083972383064,0.8483541986191532,dirichlet_0.2,,
2921,0.6102900930487137,0.49735449735449727,5.214285714285714,19.0,0.5384615384615384,1.0616317616532391,0.50285127185818,dirichlet_0.2,,
2922,0.7328954570333881,0.5555555555555556,4.428571428571429,20.0,0.6666666666666666,0.91775566776431,0.6588778338821549,dirichlet_0.2,,
2923,0.42747673782156537,0.30687830687830686,7.142857142857143,18.0,0.3333333333333333,1.4114001279505415,0.9057000639752707,dirichlet_0.2,,
2924,0.5369458128078817,0.35978835978835977,6.071428571428571,20.0,0.42857142857142855,1.1905765025999788,0.6488861140443525,dirichlet_0.2,,
2925,0.7170224411603723,0.5555555555555556,4.5,13.0,0.5384615384615384,0.9343950401575914,0.44054703254601896,dirichlet_0.2,,
2926,0.8029556650246306,0.6031746031746031,3.9285714285714284,12.0,0.6666666666666666,1.0839491929580822,0.706266773827319,dirichlet_0.2,,
2927,0.3711001642036125,0.25925925925925924,7.428571428571429,18.0,0.3333333333333333,1.3897915708931379,0.894895785446569,dirichlet_0.2,,
2928,0.685823754789272,0.4920634920634921,4.928571428571429,20.0,0.6666666666666666,1.0168187846671495,0.7084093923335747,dirichlet_0.2,,
2929,0.8040503557744937,0.5873015873015872,4.0,11.0,0.42857142857142855,0.8965226898748925,0.563428083261854,dirichlet_0.2,,
2930,0.659551176792556,0.48677248677248675,5.5,16.0,0.5384615384615384,0.9518052867330007,0.5097524297659,dirichlet_0.2,,
2931,0.8555008210180624,0.6666666666666666,3.2857142857142856,11.0,0.5384615384615384,1.1813522085635548,0.7595418007082751,dirichlet_0.2,,
2932,0.701696770662288,0.5079365079365079,4.857142857142857,14.0,0.42857142857142855,0.9970713203821434,0.6870467449833438,dirichlet_0.2,,
2933,0.7170224411603723,0.5555555555555556,4.5,13.0,0.5384615384615384,1.3292730514305422,0.864636525715271,dirichlet_0.2,,
2934,0.8122605363984675,0.5978835978835979,3.857142857142857,11.0,0.42857142857142855,0.7169652237864558,0.4434683992353982,dirichlet_0.2,,
2935,0.6250684181718663,0.4920634920634921,5.142857142857143,19.0,0.5384615384615384,0.7406135390901751,0.5171980548462555,dirichlet_0.2,,
2936,0.6524356869184454,0.46031746031746035,5.142857142857143,19.0,0.6666666666666666,1.0460670051540024,0.7230335025770012,dirichlet_0.2,,
2937,0.7941981390257252,0.5873015873015872,4.071428571428571,11.0,0.5384615384615384,0.8510428974903406,0.48399576005999967,dirichlet_0.2,,
2938,0.5320197044334976,0.3544973544973545,6.142857142857143,20.0,0.42857142857142855,1.2641736664428378,0.8320868332214189,dirichlet_0.2,,
2939,0.8697318007662834,0.7037037037037037,3.0,10.0,0.6666666666666666,0.9435348867392921,0.5237968293402141,dirichlet_0.2,,
2940,0.628352490421456,0.4497354497354497,5.285714285714286,22.0,0.42857142857142855,1.2661818168080643,0.8330909084040321,dirichlet_0.2,,
2941,0.35851122058018614,0.24867724867724864,7.5,18.0,0.3333333333333333,1.587920806223957,0.9939604031119785,dirichlet_0.2,,
2942,0.8708264915161467,0.7037037037037037,3.2142857142857144,11.0,0.5384615384615384,0.9726482666727951,0.6410740727017535,dirichlet_0.2,,
2943,0.8505747126436781,0.6719576719576719,3.5714285714285716,11.0,0.5384615384615384,0.5873640257014775,0.4062301611869685,dirichlet_0.2,,
2944,0.7728516694033934,0.6137566137566137,3.9285714285714284,12.0,0.5384615384615384,1.1150297040792057,0.5323721237849635,dirichlet_0.2,,
2945,0.6239737274220033,0.4497354497354497,5.571428571428571,15.0,0.5384615384615384,1.2764173509133303,0.8382086754566652,dirichlet_0.2,,
2946,0.7443897099069513,0.5502645502645502,4.642857142857143,12.0,0.5384615384615384,1.148875293175954,0.6048327352287082,dirichlet_0.2,,
2947,0.6091954022988505,0.41798941798941797,5.428571428571429,20.0,0.42857142857142855,1.4068249021168073,0.9034124510584036,dirichlet_0.2,,
2948,0.5867542419266557,0.4126984126984127,5.714285714285714,17.0,0.42857142857142855,1.2123201722850179,0.8061600861425089,dirichlet_0.2,,
2949,0.8051450465243569,0.6613756613756614,3.2857142857142856,20.0,0.6666666666666666,1.043680604537872,0.5276464037614539,dirichlet_0.2,,
2950,0.48440065681444994,0.37566137566137564,6.142857142857143,20.0,0.42857142857142855,1.1728288210703808,0.698979958189498,dirichlet_0.2,,
2951,0.7197591680350302,0.5555555555555556,4.428571428571429,13.0,0.5384615384615384,1.1398926894475272,0.5025505080963417,dirichlet_0.2,,
2952,0.7077175697865353,0.6084656084656085,4.428571428571429,21.0,0.6666666666666666,0.4912053430341957,0.3578180897143541,dirichlet_0.2,,
2953,0.4937055281882868,0.3492063492063492,5.928571428571429,20.0,0.42857142857142855,1.0588809365871181,0.6268153954090431,dirichlet_0.2,,
2954,0.6869184455391352,0.5396825396825397,4.785714285714286,23.0,0.5384615384615384,0.8528083742800715,0.4721283152728281,dirichlet_0.2,,
2955,0.749863163656267,0.5608465608465608,4.5,15.0,0.6666666666666666,1.0849500811977935,0.7424750405988967,dirichlet_0.2,,
2956,0.8067870826491516,0.6455026455026455,3.7142857142857144,12.0,0.5384615384615384,1.037591284147703,0.6272452654155607,dirichlet_0.2,,
2957,0.8998357963875205,0.783068783068783,2.2142857142857144,15.0,0.6666666666666666,1.2705765938704507,0.8352882969352253,dirichlet_0.2,,
2958,0.8653530377668308,0.693121693121693,3.142857142857143,10.0,0.6666666666666666,0.7626718946495095,0.39145790950279835,dirichlet_0.2,,
2959,0.6458675424192666,0.4656084656084656,5.142857142857143,20.0,0.6666666666666666,1.1653715493198171,0.6922349773534845,dirichlet_0.2,,
2960,0.4723590585659551,0.3333333333333333,6.857142857142857,17.0,0.3333333333333333,1.3845156138705796,0.8922578069352898,dirichlet_0.2,,
2961,0.7203065134099617,0.5608465608465608,4.428571428571429,13.0,0.5384615384615384,1.1434062835468064,0.6285344748078563,dirichlet_0.2,,
2962,0.4657909140667761,0.328042328042328,6.928571428571429,17.0,0.3333333333333333,1.3645921225427982,0.882296061271399,dirichlet_0.2,,
2963,0.679255610290093,0.48148148148148145,5.0,17.0,0.6666666666666666,1.1352069665109519,0.7676034832554759,dirichlet_0.2,,
2964,0.8587848932676518,0.6719576719576719,3.2857142857142856,10.0,0.5384615384615384,1.1675153427092824,0.7707865560944122,dirichlet_0.2,,
2965,0.8691844553913519,0.7037037037037037,3.357142857142857,11.0,0.5384615384615384,0.7868504931666347,0.3789330481352367,dirichlet_0.2,,
2966,0.7214012041598248,0.566137566137566,4.428571428571429,13.0,0.5384615384615384,1.0507788675176255,0.7139420923139886,dirichlet_0.2,,
2967,0.5473453749315819,0.37037037037037035,6.0,20.0,0.42857142857142855,1.3424176390003029,0.8712088195001515,dirichlet_0.2,,
2968,0.6042692939244664,0.43915343915343913,5.285714285714286,20.0,0.5384615384615384,1.0432297798766208,0.65019315229924,dirichlet_0.2,,
2969,0.3530377668308703,0.26455026455026454,7.571428571428571,18.0,0.25,1.3521803209405991,0.8760901604702995,dirichlet_0.2,,
2970,0.8555008210180624,0.6613756613756614,3.4285714285714284,9.0,0.42857142857142855,0.9372084949031074,0.572731363547716,dirichlet_0.2,,
2971,0.6037219485495348,0.44444444444444436,5.285714285714286,20.0,0.5384615384615384,0.9422884152784994,0.6711442076392498,dirichlet_0.2,,
2972,0.5911330049261083,0.4074074074074074,5.571428571428571,22.0,0.42857142857142855,1.0872488215157814,0.6716686774989331,dirichlet_0.2,,
2973,0.6546250684181718,0.48148148148148145,5.071428571428571,22.0,0.5384615384615384,1.281944878286797,0.8409724391433985,dirichlet_0.2,,
2974,0.629447181171319,0.44444444444444436,5.357142857142857,20.0,0.5384615384615384,1.273321838613368,0.8366609193066841,dirichlet_0.2,,
2975,0.7170224411603723,0.5555555555555556,4.5,13.0,0.5384615384615384,1.5841457602443385,0.9920728801221693,dirichlet_0.2,,
2976,0.7482211275314723,0.5925925925925926,4.142857142857143,12.0,0.5384615384615384,0.7715930902750416,0.5495881539200652,dirichlet_0.2,,
2977,0.7969348659003832,0.6772486772486772,3.142857142857143,20.0,0.6666666666666666,0.7171266300092736,0.48476409061322645,dirichlet_0.2,,
2978,0.8073344280240832,0.619047619047619,4.0,11.0,0.5384615384615384,1.0125856461396805,0.56831999782926,dirichlet_0.2,,
2979,0.48987411056376573,0.3386243386243386,6.071428571428571,20.0,0.42857142857142855,1.3143666631732263,0.8571833315866131,dirichlet_0.2,,
2980,0.7203065134099617,0.5608465608465608,4.428571428571429,13.0,0.5384615384615384,1.0674371238980116,0.6192619775578856,dirichlet_0.2,,
2981,0.7690202517788725,0.6084656084656085,4.0,13.0,0.5384615384615384,1.3107064333897882,0.8553532166948942,dirichlet_0.2,,
2982,0.7586206896551723,0.544973544973545,4.5,12.0,0.42857142857142855,0.7645275800628336,0.48083398918711145,dirichlet_0.2,,
2983,0.48823207443897104,0.3439153439153439,6.571428571428571,16.0,0.42857142857142855,1.2440752508302602,0.82203762541513,dirichlet_0.2,,
2984,0.6666666666666666,0.5026455026455026,5.071428571428571,23.0,0.5384615384615384,1.0846628656916986,0.7245895268345911,dirichlet_0.2,,
2985,0.8051450465243569,0.6507936507936508,3.5714285714285716,11.0,0.5384615384615384,1.1534623821561854,0.6008200555309122,dirichlet_0.2,,
2986,0.6157635467980295,0.44444444444444436,5.285714285714286,21.0,0.5384615384615384,1.0882976810916376,0.7441488405458188,dirichlet_0.2,,
2987,0.8396278051450465,0.656084656084656,3.5714285714285716,12.0,0.6666666666666666,1.537869011314564,0.9689345056572821,dirichlet_0.2,,
2988,0.7066228790366721,0.5132275132275131,4.857142857142857,14.0,0.42857142857142855,1.1799987012154272,0.5428814552766497,dirichlet_0.2,,
2989,0.6617405582922824,0.48148148148148145,5.142857142857143,20.0,0.6666666666666666,0.7990867902444981,0.4859369210631631,dirichlet_0.2,,
2990,0.7361795292829775,0.582010582010582,4.285714285714286,12.0,0.5384615384615384,1.3349910985147295,0.8674955492573647,dirichlet_0.2,,
2991,0.9354132457580733,0.783068783068783,2.357142857142857,7.0,0.6666666666666666,0.9124661279141681,0.6562330639570841,dirichlet_0.2,,
2992,0.4072249589490969,0.30158730158730157,7.071428571428571,18.0,0.3333333333333333,1.424917946302671,0.9124589731513356,dirichlet_0.2,,
2993,0.40284619594964427,0.30687830687830686,6.928571428571429,19.0,0.3333333333333333,1.2902206402160363,0.8451103201080182,dirichlet_0.2,,
2994,0.7723043240284619,0.619047619047619,3.7142857142857144,20.0,0.6666666666666666,0.9654676720705171,0.580404122022341,dirichlet_0.2,,
2995,0.810071154898741,0.656084656084656,3.5,14.0,0.6666666666666666,0.7053344716984508,0.5019758986737062,dirichlet_0.2,,
2996,0.8932676518883416,0.708994708994709,2.857142857142857,8.0,0.6666666666666666,1.2437877847270706,0.8218938923635353,dirichlet_0.2,,
2997,0.906951286261631,0.7777777777777777,2.357142857142857,10.0,0.8181818181818182,1.0061946201443979,0.7030973100721989,dirichlet_0.2,,
2998,0.7345374931581828,0.6031746031746031,4.0,23.0,0.5384615384615384,0.8623947905169754,0.5777922764270236,dirichlet_0.2,,
2999,0.8139025725232621,0.6613756613756614,3.4285714285714284,11.0,0.6666666666666666,1.0548604222952291,0.7274302111476145,dirichlet_0.2,,
3000,0.939792008757526,0.7936507936507936,2.2142857142857144,5.0,0.6666666666666666,0.39999999999999997,0.25,one_at_a_time,media_score,0.0
3001,0.9545703338806788,0.8253968253968254,1.8571428571428572,5.0,0.6666666666666666,0.29999999999999993,0.2375,one_at_a_time,media_score,0.05
3002,0.9764641488779421,0.8783068783068783,1.2857142857142858,4.0,0.6666666666666666,0.19999999999999998,0.225,one_at_a_time,media_score,0.1
3003,0.9901477832512315,0.9365079365079365,0.7142857142857143,3.0,0.6666666666666666,0.09999999999999992,0.2125,one_at_a_time,media_score,0.15000000000000002
3004,0.9999999999999998,1.0,0.0,0.0,1.0,0.0,0.2,one_at_a_time,media_score,0.2
3005,0.990695128626163,0.9417989417989417,0.6428571428571429,3.0,1.0,0.10000000000000003,0.25,one_at_a_time,media_score,0.25
3006,0.9759168035030105,0.8835978835978835,1.2857142857142858,5.0,1.0,0.20000000000000012,0.30000000000000004,one_at_a_time,media_score,0.30000000000000004
3007,0.9600437876299945,0.8412698412698412,1.7857142857142858,6.0,1.0,0.30000000000000016,0.35000000000000003,one_at_a_time,media_score,0.35000000000000003
3008,0.9370552818828681,0.798941798941799,2.2142857142857144,7.0,1.0,0.40000000000000013,0.4,one_at_a_time,media_score,0.4
3009,0.9113300492610837,0.7566137566137565,2.642857142857143,7.0,0.8181818181818182,0.5,0.45,one_at_a_time,media_score,0.45
3010,0.8609742747673782,0.6878306878306878,3.4285714285714284,9.0,0.8181818181818182,0.6000000000000001,0.5,one_at_a_time,media_score,0.5
3011,0.8160919540229885,0.6402116402116401,3.857142857142857,11.0,0.6666666666666666,0.7000000000000002,0.55,one_at_a_time,media_score,0.55
3012,0.7542419266557197,0.5767195767195767,4.428571428571429,14.0,0.6666666666666666,0.8000000000000003,0.6000000000000001,one_at_a_time,media_score,0.6000000000000001
3013,0.7175697865353038,0.5396825396825397,4.857142857142857,14.0,0.5384615384615384,0.9000000000000001,0.65,one_at_a_time,media_score,0.65
3014,0.6672140120415982,0.4920634920634921,5.285714285714286,16.0,0.5384615384615384,1.0,0.7000000000000001,one_at_a_time,media_score,0.7000000000000001
3015,0.60207991242474,0.44444444444444436,5.857142857142857,16.0,0.42857142857142855,1.0999999999999999,0.75,one_at_a_time,media_score,0.75
3016,0.5232621784345922,0.38095238095238093,6.5,16.0,0.3333333333333333,1.2000000000000002,0.8,one_at_a_time,media_score,0.8
3017,0.4838533114395183,0.3439153439153439,6.785714285714286,17.0,0.3333333333333333,1.3000000000000005,0.8500000000000001,one_at_a_time,media_score,0.8500000000000001
3018,0.4395183360700602,0.30158730158730157,7.071428571428571,17.0,0.3333333333333333,1.4000000000000001,0.9,one_at_a_time,media_score,0.9
3019,0.38149972632731255,0.26455026455026454,7.357142857142857,18.0,0.3333333333333333,1.5,0.9500000000000001,one_at_a_time,media_score,0.9500000000000001
3020,0.3528123750023377,0.2463578319880181,7.535714285714286,18.0,0.3125,1.5999999999999999,1.0,one_at_a_time,media_score,1.0
3021,0.7334428024083197,0.6825396825396826,4.071428571428571,21.0,0.6666666666666666,0.39999999999999997,0.25,one_at_a_time,awards_score,0.0
3022,0.8445539135194308,0.7777777777777777,2.857142857142857,18.0,0.8181818181818182,0.29999999999999993,0.2375,one_at_a_time,awards_score,0.05
3023,0.9534756431308156,0.8994708994708994,1.3571428571428572,10.0,0.8181818181818182,0.19999999999999998,0.225,one_at_a_time,awards_score,0.1
3024,0.9917898193760263,0.9629629629629629,0.5,4.0,1.0,0.09999999999999992,0.2125,one_at_a_time,awards_score,0.15000000000000002
3025,0.9999999999999998,1.0,0.0,0.0,1.0,0.0,0.2,one_at_a_time,awards_score,0.2
3026,0.996168582375479,0.9788359788359787,0.2857142857142857,3.0,0.8181818181818182,0.10000000000000003,0.25,one_at_a_time,awards_score,0.25
3027,0.9874110563765736,0.9576719576719577,0.5714285714285714,6.0,0.8181818181818182,0.20000000000000012,0.30000000000000004,one_at_a_time,awards_score,0.30000000000000004
3028,0.9835796387520527,0.9523809523809524,0.6428571428571429,7.0,0.8181818181818182,0.30000000000000016,0.35000000000000003,one_at_a_time,awards_score,0.35000000000000003
3029,0.9835796387520527,0.9523809523809524,0.6428571428571429,7.0,0.8181818181818182,0.40000000000000013,0.4,one_at_a_time,awards_score,0.4
3030,0.9835796387520527,0.9523809523809524,0.6428571428571429,7.0,0.8181818181818182,0.5,0.45,one_at_a_time,awards_score,0.45
3031,0.9835796387520527,0.9523809523809524,0.6428571428571429,7.0,0.8181818181818182,0.6000000000000001,0.5,one_at_a_time,awards_score,0.5
3032,0.9835796387520527,0.9523809523809524,0.6428571428571429,7.0,0.8181818181818182,0.7000000000000002,0.55,one_at_a_time,awards_score,0.55
3033,0.9835796387520527,0.9523809523809524,0.6428571428571429,7.0,0.8181818181818182,0.8000000000000003,0.6000000000000001,one_at_a_time,awards_score,0.6000000000000001
3034,0.9835796387520527,0.9523809523809524,0.6428571428571429,7.0,0.8181818181818182,0.9000000000000001,0.65,one_at_a_time,awards_score,0.65
3035,0.9835796387520527,0.9523809523809524,0.6428571428571429,7.0,0.8181818181818182,1.0,0.7000000000000001,one_at_a_time,awards_score,0.7000000000000001
3036,0.9835796387520527,0.9523809523809524,0.6428571428571429,7.0,0.8181818181818182,1.0999999999999999,0.75,one_at_a_time,awards_score,0.75
3037,0.9835796387520527,0.9523809523809524,0.6428571428571429,7.0,0.8181818181818182,1.2000000000000002,0.8,one_at_a_time,awards_score,0.8
3038,0.9835796387520527,0.9523809523809524,0.6428571428571429,7.0,0.8181818181818182,1.3000000000000005,0.8500000000000001,one_at_a_time,awards_score,0.8500000000000001
3039,0.9835796387520527,0.9523809523809524,0.6428571428571429,7.0,0.8181818181818182,1.4000000000000001,0.9,one_at_a_time,awards_score,0.9
3040,0.9835796387520527,0.9523809523809524,0.6428571428571429,7.0,0.8181818181818182,1.5,0.9500000000000001,one_at_a_time,awards_score,0.9500000000000001
3041,0.5928663771421968,0.4869572581589812,5.428571428571429,12.0,0.35714285714285715,1.5999999999999999,1.0,one_at_a_time,awards_score,1.0
3042,0.8828680897646416,0.7248677248677248,3.0714285714285716,11.0,0.5384615384615384,0.39999999999999997,0.25,one_at_a_time,expertise_score,0.0
3043,0.9217296113847838,0.7883597883597884,2.357142857142857,9.0,0.6666666666666666,0.29999999999999993,0.2375,one_at_a_time,expertise_score,0.05
3044,0.9644225506294472,0.8783068783068783,1.3571428571428572,7.0,0.8181818181818182,0.19999999999999998,0.225,one_at_a_time,expertise_score,0.1
3045,0.9901477832512315,0.9417989417989417,0.7142857142857143,3.0,0.8181818181818182,0.09999999999999992,0.2125,one_at_a_time,expertise_score,0.15000000000000002
3046,0.9999999999999998,1.0,0.0,0.0,1.0,0.0,0.2,one_at_a_time,expertise_score,0.2
3047,0.9808429118773946,0.9153439153439152,1.0,5.0,0.8181818181818182,0.10000000000000003,0.25,one_at_a_time,expertise_score,0.25
3048,0.962233169129721,0.857142857142857,1.5,6.0,0.8181818181818182,0.20000000000000012,0.30000000000000004,one_at_a_time,expertise_score,0.30000000000000004
3049,0.9474548440065682,0.8095238095238094,1.7857142857142858,7.0,0.8181818181818182,0.30000000000000016,0.35000000000000003,one_at_a_time,expertise_score,0.35000000000000003
3050,0.9047619047619048,0.7460317460317459,2.4285714285714284,11.0,0.8181818181818182,0.40000000000000013,0.4,one_at_a_time,expertise_score,0.4
3051,0.8582375478927203,0.6772486772486772,3.142857142857143,12.0,0.6666666666666666,0.5,0.45,one_at_a_time,expertise_score,0.45
3052,0.7974822112753147,0.619047619047619,3.7142857142857144,16.0,0.6666666666666666,0.6000000000000001,0.5,one_at_a_time,expertise_score,0.5
3053,0.7405582922824301,0.5714285714285714,4.142857142857143,19.0,0.6666666666666666,0.7000000000000002,0.55,one_at_a_time,expertise_score,0.55
3054,0.7033388067870826,0.5132275132275131,4.571428571428571,20.0,0.6666666666666666,0.8000000000000003,0.6000000000000001,one_at_a_time,expertise_score,0.6000000000000001
3055,0.6863711001642036,0.4920634920634921,4.785714285714286,20.0,0.6666666666666666,0.9000000000000001,0.65,one_at_a_time,expertise_score,0.65
3056,0.6611932129173508,0.4708994708994709,5.071428571428571,20.0,0.5384615384615384,1.0,0.7000000000000001,one_at_a_time,expertise_score,0.7000000000000001
3057,0.6376573617952929,0.4497354497354497,5.285714285714286,20.0,0.5384615384615384,1.1,0.75,one_at_a_time,expertise_score,0.75
3058,0.6015325670498085,0.41798941798941797,5.571428571428571,20.0,0.5384615384615384,1.2000000000000002,0.8,one_at_a_time,expertise_score,0.8
3059,0.5643130815544608,0.3915343915343915,5.785714285714286,20.0,0.5384615384615384,1.3000000000000003,0.8500000000000001,one_at_a_time,expertise_score,0.8500000000000001
3060,0.5117679255610289,0.35978835978835977,6.071428571428571,20.0,0.42857142857142855,1.4000000000000001,0.9,one_at_a_time,expertise_score,0.9
3061,0.5073891625615763,0.3544973544973545,6.071428571428571,20.0,0.42857142857142855,1.5,0.9500000000000001,one_at_a_time,expertise_score,0.9500000000000001
3062,0.4723590585659551,0.328042328042328,6.214285714285714,20.0,0.42857142857142855,1.6,1.0,one_at_a_time,expertise_score,1.0
3063,0.9250136836343732,0.8148148148148148,2.0,10.0,1.0,0.39999999999999997,0.25,one_at_a_time,face_score,0.0
3064,0.9523809523809524,0.8518518518518519,1.6428571428571428,7.0,1.0,0.29999999999999993,0.2375,one_at_a_time,face_score,0.05
3065,0.9731800766283524,0.8994708994708994,1.2142857142857142,5.0,1.0,0.19999999999999998,0.225,one_at_a_time,face_score,0.1
3066,0.9928845101258894,0.9523809523809524,0.5714285714285714,2.0,1.0,0.09999999999999992,0.2125,one_at_a_time,face_score,0.15000000000000002
3067,0.9999999999999998,1.0,0.0,0.0,1.0,0.0,0.2,one_at_a_time,face_score,0.2
3068,0.9934318555008209,0.947089947089947,0.6428571428571429,2.0,0.8181818181818182,0.10000000000000003,0.25,one_at_a_time,face_score,0.25
3069,0.9824849480021893,0.9047619047619047,1.0,4.0,0.8181818181818182,0.20000000000000012,0.30000000000000004,one_at_a_time,face_score,0.30000000000000004
3070,0.975369458128079,0.8730158730158729,1.3571428571428572,4.0,0.8181818181818182,0.30000000000000016,0.35000000000000003,one_at_a_time,face_score,0.35000000000000003
3071,0.939792008757526,0.798941798941799,1.9285714285714286,8.0,0.6666666666666666,0.40000000000000013,0.4,one_at_a_time,face_score,0.4
3072,0.9244663382594416,0.7777777777777777,2.2142857142857144,9.0,0.6666666666666666,0.5,0.45,one_at_a_time,face_score,0.45
3073,0.8828680897646416,0.7142857142857143,2.9285714285714284,11.0,0.6666666666666666,0.6000000000000001,0.5,one_at_a_time,face_score,0.5
3074,0.8544061302681991,0.656084656084656,3.357142857142857,12.0,0.5384615384615384,0.7000000000000001,0.55,one_at_a_time,face_score,0.55
3075,0.8407224958949097,0.6349206349206349,3.5,12.0,0.5384615384615384,0.8000000000000003,0.6000000000000001,one_at_a_time,face_score,0.6000000000000001
3076,0.8018609742747673,0.5925925925925926,3.7857142857142856,13.0,0.42857142857142855,0.9000000000000001,0.65,one_at_a_time,face_score,0.65
3077,0.7378215654077723,0.5396825396825397,4.357142857142857,16.0,0.42857142857142855,1.0000000000000002,0.7000000000000001,one_at_a_time,face_score,0.7000000000000001
3078,0.6934865900383141,0.48677248677248675,4.857142857142857,17.0,0.42857142857142855,1.1,0.75,one_at_a_time,face_score,0.75
3079,0.6535303776683087,0.4497354497354497,5.142857142857143,18.0,0.42857142857142855,1.2000000000000002,0.8,one_at_a_time,face_score,0.8
3080,0.6168582375478927,0.4232804232804233,5.285714285714286,20.0,0.42857142857142855,1.3000000000000003,0.8500000000000001,one_at_a_time,face_score,0.8500000000000001
3081,0.6037219485495348,0.4074074074074074,5.5,20.0,0.42857142857142855,1.4000000000000001,0.9,one_at_a_time,face_score,0.9
3082,0.5643130815544608,0.38095238095238093,5.785714285714286,20.0,0.42857142857142855,1.5,0.9500000000000001,one_at_a_time,face_score,0.9500000000000001
3083,0.5210727969348659,0.3492063492063492,6.142857142857143,21.0,0.42857142857142855,1.6,1.0,one_at_a_time,face_score,1.0
3084,0.9999999999999998,1.0,0.0,0.0,1.0,0.39999999999999997,0.25,one_at_a_time,communication_score,0.0
3085,0.9999999999999998,1.0,0.0,0.0,1.0,0.29999999999999993,0.2375,one_at_a_time,communication_score,0.05
3086,0.9999999999999998,1.0,0.0,0.0,1.0,0.19999999999999998,0.225,one_at_a_time,communication_score,0.1
3087,0.9999999999999998,1.0,0.0,0.0,1.0,0.09999999999999992,0.2125,one_at_a_time,communication_score,0.15000000000000002
3088,0.9999999999999998,1.0,0.0,0.0,1.0,0.0,0.2,one_at_a_time,communication_score,0.2
3089,0.9999999999999998,1.0,0.0,0.0,1.0,0.10000000000000003,0.25,one_at_a_time,communication_score,0.25
3090,0.9999999999999998,1.0,0.0,0.0,1.0,0.20000000000000012,0.30000000000000004,one_at_a_time,communication_score,0.30000000000000004
3091,0.9999999999999998,1.0,0.0,0.0,1.0,0.30000000000000016,0.35000000000000003,one_at_a_time,communication_score,0.35000000000000003
3092,0.9999999999999998,1.0,0.0,0.0,1.0,0.4000000000000001,0.4,one_at_a_time,communication_score,0.4
3093,0.9999999999999998,1.0,0.0,0.0,1.0,0.5,0.45,one_at_a_time,communication_score,0.45
3094,0.9999999999999998,1.0,0.0,0.0,1.0,0.6000000000000001,0.5,one_at_a_time,communication_score,0.5
3095,0.9999999999999998,1.0,0.0,0.0,1.0,0.7000000000000002,0.55,one_at_a_time,communication_score,0.55
3096,0.9999999999999998,1.0,0.0,0.0,1.0,0.8000000000000003,0.6000000000000001,one_at_a_time,communication_score,0.6000000000000001
3097,0.9999999999999998,1.0,0.0,0.0,1.0,0.9000000000000001,0.65,one_at_a_time,communication_score,0.65
3098,0.9999999999999998,1.0,0.0,0.0,1.0,1.0,0.7000000000000001,one_at_a_time,communication_score,0.7000000000000001
3099,0.9999999999999998,1.0,0.0,0.0,1.0,1.1,0.75,one_at_a_time,communication_score,0.75
3100,0.9999999999999998,1.0,0.0,0.0,1.0,1.2000000000000002,0.8,one_at_a_time,communication_score,0.8
3101,0.9999999999999998,1.0,0.0,0.0,1.0,1.3000000000000003,0.8500000000000001,one_at_a_time,communication_score,0.8500000000000001
3102,0.9999999999999998,1.0,0.0,0.0,1.0,1.4,0.9,one_at_a_time,communication_score,0.9
3103,0.9999999999999998,1.0,0.0,0.0,1.0,1.5,0.9500000000000001,one_at_a_time,communication_score,0.9500000000000001
3104,,,7.0,13.5,0.35714285714285715,1.6,1.0,one_at_a_time,communication_score,1.0
