iteration,media_score,awards_score,expertise_score,face_score,communication_score
0,0.1268229670861243,0.45731798633734305,0.25836564331764844,0.15749340325888422,0.0
1,0.16367016324650213,0.39256486548603203,0.29045354932929646,0.15331142193816957,0.0
2,0.17413295791872765,0.403823771243297,0.2974213009038817,0.12462196993409363,0.0
3,0.2142293148548989,0.36394281377371307,0.270574837477388,0.15125303389400002,0.0
4,0.15692723408496118,0.41790255087815403,0.2968879375193563,0.12828227751752846,0.0
5,0.18384822926283648,0.19877337237255108,0.3633613175907999,0.2540170807738125,0.0
6,0.2079105786151544,0.3856741270142733,0.31365097689030297,0.09276431748026939,0.0
7,0.18842801496943754,0.32081797509562276,0.34636123506008193,0.14439277487485774,0.0
8,0.14998416810901624,0.4898786317325854,0.21232530217826764,0.1478118979801307,0.0
9,0.14748139597670953,0.3601378324298525,0.32020554431803305,0.1721752272754049,0.0
10,0.21184759564253505,0.22126013420300203,0.40210258167419244,0.1647896884802705,0.0
11,0.15339177925757944,0.4492619949384565,0.2737422509600023,0.12360397484396175,0.0
12,0.18637590592591222,0.3718851247781656,0.2829292749288155,0.1588096943671066,0.0
13,0.2053738721808774,0.29566314306624175,0.3212100181603711,0.17775296659250975,0.0
14,0.153314823383254,0.1851903908439442,0.399782092967507,0.26171269280529474,0.0
15,0.13018412805333138,0.38869604803109864,0.321364923097479,0.1597549008180911,0.0
16,0.1885647373228299,0.4169260252222702,0.26549851403550334,0.12901072341939648,0.0
17,0.18728644672949463,0.3716278420811743,0.26344181009495554,0.1776439010943754,0.0
18,0.18579615443599837,0.3247866834619318,0.29338353103436676,0.19603363106770297,0.0
19,0.15456620435392163,0.40033887724541106,0.2837458035210849,0.16134911487958228,0.0
20,0.15392813311361228,0.48313724980704426,0.23534667596589706,0.12758794111344632,0.0
21,0.12370785791929208,0.35281918242858035,0.34038437940837296,0.18308858024375468,0.0
22,0.16027328808876545,0.4221829189260652,0.2300049008920301,0.1875388920931392,0.0
23,0.19399742228160421,0.41541923720778795,0.23930021159841952,0.15128312891218848,0.0
24,0.1580103055652628,0.3668584619065136,0.3178099686468713,0.15732126388135234,0.0
25,0.184710845626119,0.35472775768926107,0.27723317739779957,0.18332821928682042,0.0
26,0.19795551881042128,0.4007739238463706,0.23488777678523765,0.1663827805579704,0.0
27,0.19513197885789962,0.28929414038338275,0.33408530003910836,0.1814885807196094,0.0
28,0.11931844997620575,0.48718557665346474,0.25878816353210804,0.1347078098382215,0.0
29,0.13862878813126517,0.44070084213687144,0.27348549232407954,0.14718487740778394,0.0
30,0.15927170205186628,0.414395065241938,0.27138892388410013,0.15494430882209556,0.0
31,0.2324005112439947,0.17077143614228554,0.4187145046493619,0.1781135479643579,0.0
32,0.1772194325923772,0.28904673071672043,0.36342871606551225,0.17030512062539002,0.0
33,0.15439185456294383,0.4435903838560161,0.2483255971275245,0.1536921644535156,0.0
34,0.17604096846167383,0.3887120349235949,0.2749272952324757,0.16031970138225554,0.0
35,0.1626932695216404,0.3968671952571052,0.27750719257021145,0.1629323426510429,0.0
36,0.18410893264051792,0.43597884355227673,0.25959501225015436,0.12031721155705108,0.0
37,0.15905374076337564,0.39659578489821196,0.2618203974253657,0.18253007691304668,0.0
38,0.12566657823166205,0.35589784731353813,0.3425226053623629,0.17591296909243712,0.0
39,0.11503895707600015,0.39893698701478003,0.3177835925733554,0.16824046333586437,0.0
40,0.12252925232281174,0.508997377279529,0.24611113567365564,0.12236223472400361,0.0
41,0.14287477208696892,0.4175852512586247,0.2847463501783798,0.15479362647602654,0.0
42,0.15653013345947292,0.4420779696732159,0.2684123249688539,0.13297957189845733,0.0
43,0.1501852052743465,0.4012064014082984,0.29310174141570766,0.15550665190164756,0.0
44,0.12564325054534953,0.3994362848122739,0.2875242641766754,0.18739620046570094,0.0
45,0.1936296787476436,0.48002113784284867,0.2279755370514753,0.09837364635803236,0.0
46,0.1515894505349358,0.49584220560675263,0.2238544987613371,0.1287138450969746,0.0
47,0.17367556047490285,0.4077765716694852,0.22333933099853479,0.19520853685707715,0.0
48,0.19075504013129682,0.45117109997200355,0.2253099737966544,0.13276388610004516,0.0
49,0.14863224886085238,0.3543086381753159,0.3167526273355365,0.18030648562829527,0.0
50,0.17116510940706256,0.3805368631616361,0.30210587765104635,0.14619214978025508,0.0
51,0.12816046468772993,0.49172364430829146,0.262101643800031,0.11801424720394771,0.0
52,0.1287411280627902,0.4633813324625352,0.25779719586611377,0.1500803436085607,0.0
53,0.1658409729155257,0.3990169035071777,0.30435976264842235,0.13078236092887424,0.0
54,0.13158455221108703,0.4272453507048562,0.29864791426919984,0.14252218281485707,0.0
55,0.17337045173752155,0.2971632679514919,0.35612779680474976,0.1733384835062368,0.0
56,0.16848009942152498,0.41410063872370756,0.25757668961490277,0.15984257223986467,0.0
57,0.1185517892741438,0.4757085613503504,0.23044950181464333,0.17529014756086245,0.0
58,0.19083040206057963,0.39303818259809004,0.2757914671217673,0.14033994821956292,0.0
59,0.16201542804340777,0.39699840906536865,0.2817603340328265,0.159225828858397,0.0
60,0.1744983026399446,0.43548101880573425,0.23832688459342485,0.15169379396089624,0.0
61,0.17984061447750332,0.454448713703799,0.26088773610687577,0.10482293571182191,0.0
62,0.14914424758398173,0.44494313019656995,0.23634485085449636,0.16956777136495185,0.0
63,0.17338853168588547,0.4119999749156205,0.26776000511792797,0.1468514882805659,0.0
64,0.1516750860432902,0.33778502826996015,0.3394560157462727,0.17108386994047697,0.0
65,0.18933603411726604,0.3922320948958625,0.2809243689059806,0.1375075020808908,0.0
66,0.1358016102288742,0.4796430615685877,0.21942589170785154,0.1651294364946865,0.0
67,0.10885737794417973,0.5003006724440937,0.21928516132892129,0.17155678828280527,0.0
68,0.17252560359491756,0.4787707609061589,0.2465462680060893,0.10215736749283408,0.0
69,0.18116820814469786,0.25319094337035547,0.41324627022387306,0.1523945782610737,0.0
70,0.16905103937769791,0.3109459021512461,0.3698902292109221,0.15011282926013386,0.0
71,0.1749868091063654,0.26289952310989084,0.34446244745750443,0.21765122032623935,0.0
72,0.16019388928197753,0.29315996563519797,0.3403595286584208,0.20628661642440366,0.0
73,0.1231393250124118,0.3937910695525341,0.3273349826002226,0.15573462283483155,0.0
74,0.21788092050838204,0.3648071774088011,0.26912202555878056,0.14818987652403637,0.0
75,0.13371939247927603,0.3967501149042859,0.2997259298869728,0.16980456272946526,0.0
76,0.10255673641243579,0.4616309608748094,0.27645830883826805,0.15935399387448668,0.0
77,0.1775877223360844,0.39216664871652906,0.30020176074292504,0.13004386820446137,0.0
78,0.10955441188746852,0.40075707553378825,0.3331198865407688,0.1565686260379745,0.0
79,0.1638558853228483,0.3446678833582206,0.318212427042218,0.17326380427671312,0.0
80,0.16075691210356252,0.3450681362370356,0.32323405493433865,0.17094089672506319,0.0
81,0.142341582527799,0.43465449031857656,0.26412344163110035,0.15888048552252415,0.0
82,0.16467525971565802,0.18689965279838094,0.4079245593526408,0.24050052813332018,0.0
83,0.10305774040057213,0.4704642816368973,0.26826045276425203,0.15821752519827842,0.0
84,0.17587879887200972,0.34935880038797085,0.290766682834844,0.1839957179051754,0.0
85,0.15731542439400936,0.4820800361637312,0.2344614012402097,0.12614313820204975,0.0
86,0.15150284644350556,0.2787236462657977,0.3788330355852898,0.19094047170540712,0.0
87,0.1762404218069233,0.4579153508631233,0.20751249627046173,0.1583317310594917,0.0
88,0.17660530908696764,0.5025945568890239,0.20584466837089446,0.11495546565311414,0.0
89,0.18358173181262388,0.44319542977720067,0.2823963749632714,0.09082646344690398,0.0
90,0.14282466591091306,0.3902339845649045,0.306405768715055,0.16053558080912742,0.0
91,0.17104680120364515,0.419297597855851,0.2662787891528897,0.14337681178761408,0.0
92,0.2027242780039216,0.1558138464748883,0.42063768749969893,0.22082418802149117,0.0
93,0.16576643627703808,0.4217013224173887,0.28257242446329206,0.12995981684228106,0.0
94,0.14852322344675636,0.4437438774601104,0.26445228473999016,0.14328061435314304,0.0
95,0.13159584053512058,0.4559090750650588,0.24936362534868228,0.16313145905113838,0.0
96,0.12965762474606932,0.4883356153338286,0.23151345823186895,0.15049330168823305,0.0
97,0.15198405298653514,0.391406906729609,0.28468511079730546,0.17192392948655036,0.0
98,0.14890881753886684,0.4060802619414192,0.2876891752935126,0.15732174522620126,0.0
99,0.175784685340272,0.44095172212200917,0.2511436289148165,0.1321199636229023,0.0
100,0.16879179950427597,0.3104129137362707,0.3360225438852914,0.18477274287416184,0.0
101,0.11605536420198322,0.5276188335110171,0.19706783445633977,0.15925796783065993,0.0
102,0.13449985650918297,0.41965864833550404,0.29913087961985635,0.14671061553545658,0.0
103,0.15776514878486794,0.3718425747282509,0.31375518173999045,0.15663709474689066,0.0
104,0.17320749077238373,0.4884026601111307,0.22278991025461575,0.11559993886186991,0.0
105,0.11020176836477574,0.39977437315872105,0.34520654429796976,0.1448173141785334,0.0
106,0.11001627030345358,0.4339442754303088,0.2822798808756475,0.17375957339059012,0.0
107,0.16434757778759457,0.33017453759730164,0.3172745218691852,0.1882033627459185,0.0
108,0.10000205216262444,0.3244532154153297,0.36370190811593306,0.21184282430611284,0.0
109,0.1814742795089172,0.3997867188134885,0.2598072802585041,0.15893172141909026,0.0
110,0.15047839561946777,0.37676277334185093,0.29416365204255435,0.17859517899612706,0.0
111,0.18329413603891315,0.40939423606353365,0.24043704088193468,0.1668745870156186,0.0
112,0.20246308735066665,0.3561812093377715,0.3242430795703841,0.11711262374117784,0.0
113,0.20866713885079008,0.32240764273146,0.3318442947119916,0.13708092370575836,0.0
114,0.15979927899238505,0.35043085560769754,0.2856813911945467,0.20408847420537068,0.0
115,0.1618926012740229,0.4503443349559039,0.24019755057572909,0.14756551319434408,0.0
116,0.12483075201616341,0.3713711146612049,0.33761254754680065,0.16618558577583087,0.0
117,0.12224393391117575,0.4185194178281717,0.2713838502000634,0.18785279806058913,0.0
118,0.1500661549394172,0.44621135828730313,0.25364329677889924,0.15007918999438044,0.0
119,0.14307491559097768,0.425567669485956,0.2882250726523104,0.14313234227075597,0.0
120,0.1544693184428061,0.39976645563480767,0.26330266102747824,0.18246156489490797,0.0
121,0.12751640742783402,0.32055866893988727,0.3145585305625891,0.23736639306968957,0.0
122,0.15618505919317066,0.34604843586939327,0.3573745961241129,0.14039190881332325,0.0
123,0.139810507368218,0.478420903946356,0.24162504165120313,0.1401435470342228,0.0
124,0.19525209187045584,0.43198617606236156,0.225069579365347,0.14769215270183558,0.0
125,0.16669817495038924,0.4227487703954561,0.2599852360782684,0.15056781857588628,0.0
126,0.14455822270627464,0.369890743536944,0.3540255133465466,0.1315255204102348,0.0
127,0.15382491654922928,0.4208255800466433,0.27703353520586604,0.14831596819826118,0.0
128,0.14998914960761664,0.498321507694437,0.21473653314677194,0.13695280955117436,0.0
129,0.21611777674646862,0.39136903063885303,0.21545340801280313,0.17705978460187516,0.0
130,0.09961513549875732,0.5248707900577935,0.22788016755848575,0.14763390688496342,0.0
131,0.20586625413329063,0.3807442169143474,0.2537980127659548,0.15959151618640724,0.0
132,0.13464149411965307,0.4076442945021666,0.27954756943954395,0.17816664193863624,0.0
133,0.16178667168651908,0.42995004818252697,0.29055351996194356,0.11770976016901034,0.0
134,0.11756957912140575,0.4992705983251943,0.26209738690313766,0.12106243565026226,0.0
135,0.1460042151897355,0.44448974083035964,0.2639770729679146,0.14552897101199036,0.0
136,0.1641717727268606,0.3475615186753604,0.3316491760017238,0.15661753259605532,0.0
137,0.12783259215744847,0.47284425875347513,0.26898795321251395,0.1303351958765625,0.0
138,0.12163483996039066,0.4458366275217851,0.26853152952473797,0.1639970029930862,0.0
139,0.1447713852908725,0.5450852149184069,0.1890401793261469,0.12110322046457378,0.0
140,0.1242803818357842,0.4376802933611717,0.2853477420913029,0.15269158271174102,0.0
141,0.13738624405997737,0.42976155951616046,0.2707948694050145,0.16205732701884765,0.0
142,0.15996676703355248,0.457058387331846,0.23665985648704482,0.1463149891475567,0.0
143,0.17446374983705307,0.32426868635647627,0.3323975802498438,0.1688699835566268,0.0
144,0.2034932924576684,0.29852566523929674,0.30712153467254355,0.19085950763049145,0.0
145,0.12186255261425073,0.41456977980984516,0.31169457476653023,0.1518730928093739,0.0
146,0.13722950719191065,0.43407379393931284,0.29835196944583003,0.13034472942294648,0.0
147,0.1629943565877484,0.4238433480304477,0.2809152768267081,0.13224701855509594,0.0
148,0.16056007092033486,0.36779428276154613,0.29313416487771543,0.17851148144040357,0.0
149,0.13540151243427442,0.4730186774259404,0.24414520070591322,0.1474346094338721,0.0
150,0.17598082374007093,0.432172717385512,0.2784117364028435,0.11343472247157338,0.0
151,0.18596064821224131,0.12467351242049401,0.41381010366088644,0.2755557357063782,0.0
152,0.18373374486858735,0.29613773477175326,0.3319045800156482,0.18822394034401124,0.0
153,0.14522362377386852,0.44093078402177327,0.26587039120903677,0.1479752009953214,0.0
154,0.16033033238889918,0.4678601249495418,0.22884089340964106,0.14296864925191796,0.0
155,0.13851425138373558,0.43226550941100356,0.28183081023732287,0.1473894289679379,0.0
156,0.16014032296365358,0.3719134772093773,0.305677235380835,0.16226896444613412,0.0
157,0.12588069808834487,0.48583068110683253,0.22864388977410455,0.1596447310307181,0.0
158,0.17097837694205492,0.37440359813643215,0.31347827162841874,0.14113975329309425,0.0
159,0.13980927721220104,0.4384566599474181,0.2860026760540174,0.13573138678636348,0.0
160,0.15575602496466875,0.26375784904585364,0.348480958159955,0.2320051678295226,0.0
161,0.16460118200202706,0.31450410452825406,0.36070341918223764,0.16019129428748122,0.0
162,0.14463732242365282,0.36147117980964283,0.2935565877602881,0.20033491000641626,0.0
163,0.13210599658818367,0.434821669702858,0.28272000839964356,0.15035232530931486,0.0
164,0.17918299823755687,0.4232889323478927,0.25612306966088083,0.14140499975366966,0.0
165,0.1573023379017471,0.36690096280420675,0.3114805451013894,0.16431615419265666,0.0
166,0.18282086514811766,0.3755056820341602,0.29352334291282534,0.14815010990489674,0.0
167,0.1411917127750353,0.5059402851311954,0.2286195621095008,0.12424843998426872,0.0
168,0.12933380377453177,0.4580491411413276,0.280693772859719,0.13192328222442162,0.0
169,0.1515568428925299,0.5142932053158785,0.20175423093516473,0.13239572085642687,0.0
170,0.1582413680053888,0.4261722711829187,0.24491331219846024,0.1706730486132323,0.0
171,0.17587758557466732,0.40158006874404667,0.28272854235145667,0.1398138033298293,0.0
172,0.18070903843954356,0.3855544882648343,0.28916581884452797,0.14457065445109413,0.0
173,0.14596568861829293,0.47054720626203955,0.25778700421453127,0.12570010090513623,0.0
174,0.17083879851954037,0.45115069030831684,0.23711709501492484,0.140893416157218,0.0
175,0.14021371718590622,0.33397449381138505,0.3499050135626469,0.17590677544006178,0.0
176,0.13622477828603063,0.4337694942431938,0.2682769451231041,0.16172878234767143,0.0
177,0.13126873521943558,0.2889304572188808,0.33517846722197836,0.2446223403397054,0.0
178,0.1743491647401268,0.3615660115323861,0.28304942259336385,0.18103540113412325,0.0
179,0.13203204683619862,0.536194514330359,0.20703699552590255,0.12473644330753975,0.0
180,0.13303805093638113,0.4577022280879163,0.22713592155147852,0.18212379942422408,0.0
181,0.14688015410010902,0.44336578619631895,0.28427259890534584,0.12548146079822617,0.0
182,0.24017180072527736,0.34081054406813677,0.30201780159831343,0.11699985360827239,0.0
183,0.14762185167907696,0.348154783001105,0.3491486751096951,0.155074690210123,0.0
184,0.181194097919355,0.41877469887477536,0.2529732636302907,0.14705793957557894,0.0
185,0.13307270429283305,0.2916278333488858,0.3631643604268657,0.21213510193141558,0.0
186,0.24358511949726958,0.2540994236392034,0.3178294687926634,0.18448598807086367,0.0
187,0.17701190657650998,0.40980680308559614,0.2713679572300959,0.14181333310779795,0.0
188,0.14651166809663077,0.3565133929473817,0.31542796851728144,0.18154697043870605,0.0
189,0.14352645849118925,0.37478616966338596,0.29356362236850053,0.1881237494769244,0.0
190,0.1361996383208217,0.43182301836868886,0.2724578598960296,0.1595194834144599,0.0
191,0.18643309209285472,0.3184338992583541,0.3162007937623912,0.17893221488640002,0.0
192,0.13380476307948191,0.42558090544531846,0.30765428349030827,0.13296004798489128,0.0
193,0.1494922442861696,0.3361554645856194,0.3261600897538584,0.1881922013743526,0.0
194,0.10517893780427784,0.4644712910129796,0.2695994148080597,0.16075035637468282,0.0
195,0.1543776157528832,0.3427663800475475,0.33212045199888596,0.1707355522006834,0.0
196,0.15386831038681473,0.2895900161465389,0.37614540451334705,0.1803962689532993,0.0
197,0.16145060278786785,0.33074280590239064,0.2904392912716518,0.21736730003808977,0.0
198,0.15540290177821695,0.4234186667067975,0.32589440049166546,0.0952840310233201,0.0
199,0.16626128938976953,0.4233150552610079,0.2561982976919726,0.15422535765725007,0.0
200,0.1464424388886776,0.4264489655567203,0.27754926016964726,0.14955933538495492,0.0
201,0.19147541380599,0.43147083241651063,0.2729389279058392,0.10411482587166006,0.0
202,0.18447209612390236,0.3865738700979971,0.24683059413993927,0.18212343963816136,0.0
203,0.14526991236536596,0.40689079787675453,0.3087779829310049,0.13906130682687454,0.0
204,0.20292923240838884,0.297830188141022,0.35287409984357343,0.14636647960701565,0.0
205,0.22113831894266434,0.4429849729310205,0.20825966917090427,0.1276170389554109,0.0
206,0.15636229329392978,0.40640000595215897,0.3107682927694303,0.12646940798448106,0.0
207,0.10863739925187643,0.48819232486528014,0.2605367491436523,0.14263352673919105,0.0
208,0.10283379797046116,0.4477936889852391,0.2962244386059358,0.153148074438364,0.0
209,0.2834509012418947,0.19729135413752993,0.33480530865636166,0.18445243596421382,0.0
210,0.17103006724843323,0.46601272951144734,0.24908264932179794,0.11387455391832146,0.0
211,0.13485560049671336,0.40496135758381,0.27391738118934517,0.18626566073013157,0.0
212,0.1524041637311264,0.4117240098705435,0.3056528118559363,0.1302190145423938,0.0
213,0.15513128260923748,0.43339597048829287,0.2690296479399468,0.14244309896252286,0.0
214,0.16235300448511533,0.2862729357658983,0.3331365752491192,0.21823748449986713,0.0
215,0.1503732320880304,0.36052615553318973,0.29632403959101866,0.1927765727877611,0.0
216,0.16449205219574536,0.4187727274815774,0.2776450054323189,0.1390902148903583,0.0
217,0.12845378523895676,0.33123365674872746,0.31088086346648486,0.229431694545831,0.0
218,0.184816543686889,0.29239239608459255,0.3725101107327312,0.15028094949578724,0.0
219,0.16271425249180393,0.46517565234669306,0.21651440361105748,0.1555956915504455,0.0
220,0.15338690759185128,0.38887059860825485,0.297109991041274,0.16063250275862,0.0
221,0.1459137651458772,0.42148391000935387,0.2939915999173433,0.1386107249274257,0.0
222,0.1590003915921629,0.369583803205354,0.3559928071325258,0.11542299806995726,0.0
223,0.1497674317715301,0.3506456381091645,0.3035159079180729,0.19607102220123238,0.0
224,0.15305805637722503,0.45732968350965797,0.2500202534981291,0.139592006614988,0.0
225,0.2091194316632263,0.3447882237174724,0.2856945453252588,0.16039779929404244,0.0
226,0.15706717333050924,0.3906124767929287,0.29698031975463013,0.15534003012193182,0.0
227,0.17947493116319824,0.46579071645832293,0.22479855234513985,0.12993580003333913,0.0
228,0.11133676332806802,0.37219993432161946,0.359052913140476,0.15741038920983652,0.0
229,0.12650117881442002,0.34799800082440635,0.37893207941658646,0.14656874094458722,0.0
230,0.12943516451885828,0.4222760581590871,0.2792944269703894,0.16899435035166518,0.0
231,0.1698882491120201,0.4257996193259798,0.26883195522328124,0.13548017633871884,0.0
232,0.1503562142107337,0.4333305350171348,0.2829659644397844,0.1333472863323471,0.0
233,0.15401676508903672,0.45293442401323786,0.25254603486753896,0.1405027760301865,0.0
234,0.15665849905306406,0.3269782678242425,0.3761279618680199,0.14023527125467347,0.0
235,0.14053266637172326,0.39358089612425295,0.2882217904380293,0.1776646470659945,0.0
236,0.20335990874850687,0.2876465586148891,0.32356710042752473,0.18542643220907934,0.0
237,0.20047415658960777,0.36965658244805993,0.27050854454307693,0.1593607164192553,0.0
238,0.1699502102509012,0.39596733770064185,0.27979127956215827,0.15429117248629864,0.0
239,0.1259984320381072,0.3918053884081129,0.31927617844144174,0.16292000111233804,0.0
240,0.18998990657050066,0.42357384257863145,0.2508561892230546,0.1355800616278135,0.0
241,0.14215178454951344,0.36457874940705515,0.3053006071506327,0.18796885889279877,0.0
242,0.15048116633672592,0.47028052638566514,0.26729820777754654,0.1119400995000625,0.0
243,0.1465439482772755,0.4535301607764533,0.26080129771244226,0.13912459323382906,0.0
244,0.17094114646024433,0.34518753608838815,0.30749525023350566,0.1763760672178618,0.0
245,0.13914949790460876,0.2775870964917212,0.41679597025897885,0.16646743534469122,0.0
246,0.13814529807076922,0.46877564443473674,0.23743636950289462,0.15564268799159944,0.0
247,0.14959637400469844,0.4219786907261025,0.31313792720259964,0.11528700806659933,0.0
248,0.16294733553903118,0.4079899406694162,0.3033394304841845,0.12572329330736803,0.0
249,0.15211055147741462,0.42661273129045396,0.2666155107140211,0.15466120651811036,0.0
250,0.1560584585007677,0.4403461870695861,0.27830301089605197,0.12529234353359428,0.0
251,0.18585481088370706,0.3776896197129258,0.2892086096312556,0.14724695977211155,0.0
252,0.12564899552456965,0.4526080091262788,0.27978208759263956,0.14196090775651188,0.0
253,0.14808964215687842,0.4481545063832472,0.25319907555369836,0.15055677590617603,0.0
254,0.13067053048043498,0.42928330447185736,0.28487835576421133,0.15516780928349633,0.0
255,0.1819909689330835,0.3050820323014561,0.3816949904580478,0.13123200830741252,0.0
256,0.16368544101583987,0.4013076777829538,0.28365826210890466,0.15134861909230163,0.0
257,0.14983811482895615,0.4312831182669184,0.2451642335677492,0.1737145333363762,0.0
258,0.18240352651834063,0.4019149690073075,0.30308870507798635,0.11259279939636554,0.0
259,0.13503555626402106,0.41029080784746386,0.2821087661940812,0.17256486969443377,0.0
260,0.1272961747615941,0.5155577521371123,0.20476937887513327,0.15237669422616032,0.0
261,0.15156901847559517,0.43049977375629916,0.2919191521015696,0.12601205566653625,0.0
262,0.2325051055416555,0.0,0.5233028298651847,0.24419206459315979,0.0
263,0.15615494063459165,0.3506799179661278,0.3340633760455371,0.15910176535374349,0.0
264,0.12387994510411472,0.4499875072972753,0.26136486104487155,0.1647676865537384,0.0
265,0.21304179674337423,0.23186644695574643,0.3804228292307754,0.1746689270701038,0.0
266,0.15681246315579225,0.43300319269034887,0.2482469593142995,0.1619373848395594,0.0
267,0.1429444118486543,0.4209412190967644,0.27959096967066605,0.15652339938391524,0.0
268,0.12654603195496456,0.3495553079587107,0.36018997112847045,0.1637086889578543,0.0
269,0.15738229694875505,0.37050682394706064,0.31868537699604554,0.1534255021081387,0.0
270,0.12929369108606198,0.4837659986138611,0.23797562106235273,0.14896468923772402,0.0
271,0.18870531080370379,0.3340681447279793,0.29426258730027743,0.1829639571680395,0.0
272,0.16363739117855716,0.5177186773556998,0.20415674862412184,0.11448718284162109,0.0
273,0.14511552829208985,0.4013969553930761,0.29493550190695167,0.15855201440788227,0.0
274,0.16066820644766314,0.3281958591922222,0.32012240997657326,0.1910135243835414,0.0
275,0.16043971025572887,0.49933921552795174,0.23093073448359805,0.10929033973272141,0.0
276,0.1722825885757555,0.43635381829507924,0.24184064684177195,0.14952294628739343,0.0
277,0.1475392471491448,0.4957511613087103,0.21154753240762544,0.1451620591345195,0.0
278,0.1728882164073266,0.4532103581183283,0.22812617694685183,0.14577524852749324,0.0
279,0.16810482456796152,0.33106667226125674,0.35721989667758647,0.14360860649319515,0.0
280,0.122154035012461,0.46485823384052755,0.23416989645919215,0.1788178346878193,0.0
281,0.14740375869070244,0.4448225108669775,0.2553236462124791,0.152450084229841,0.0
282,0.1512287987218048,0.42062120703310474,0.2939075185526407,0.13424247569244988,0.0
283,0.14688653075091182,0.416555322857241,0.2779277716631516,0.15863037472869562,0.0
284,0.13648973470515532,0.5256418279963748,0.18175873124519665,0.15610970605327326,0.0
285,0.133957597883691,0.42826034971692317,0.2740530557841948,0.16372899661519114,0.0
286,0.15376965956342104,0.33441298231549244,0.3644748655995072,0.14734249252157933,0.0
287,0.16147157190622047,0.4948962937110226,0.21229396813609397,0.13133816624666297,0.0
288,0.1820300646436215,0.29592125042931466,0.37026355165669933,0.15178513327036441,0.0
289,0.1401594828834859,0.5031728376526382,0.24684406336870035,0.10982361609517548,0.0
290,0.1183349277868256,0.5107417722378462,0.2359865092680746,0.1349367907072536,0.0
291,0.1386113027515909,0.4332141943260085,0.25616733952601367,0.17200716339638691,0.0
292,0.1331306244472096,0.4390447907610073,0.2592262576402381,0.16859832715154494,0.0
293,0.17432222023037117,0.30416105639769797,0.3360332577319762,0.1854834656399547,0.0
294,0.13916724072801984,0.4094350645280615,0.31954273331117455,0.13185496143274414,0.0
295,0.13274192773932647,0.47182729841524584,0.2663564174401524,0.12907435640527537,0.0
296,0.21299505873991753,0.32361325700300586,0.32079895180370305,0.14259273245337345,0.0
297,0.10576923542466825,0.4788998263296452,0.28048022078917134,0.13485071745651514,0.0
298,0.15376005043238639,0.4446595091670466,0.25524652110233,0.146333919298237,0.0
299,0.10187306910968655,0.5299700997918707,0.22047948496647185,0.14767734613197095,0.0
300,0.17189472864826819,0.4540445815273016,0.23051782851968464,0.14354286130474553,0.0
301,0.13925187624230223,0.4330108385524772,0.26451071550500804,0.16322656970021254,0.0
302,0.1866238504207553,0.20175510259722176,0.42601938751973634,0.18560165946228643,0.0
303,0.16463669040632992,0.36842601392881974,0.31593479884774567,0.1510024968171046,0.0
304,0.21436796198202412,0.441937106995078,0.22348511799283563,0.12020981303006237,0.0
305,0.11751630035001016,0.4015780842013547,0.29480547727731404,0.186100138171321,0.0
306,0.15661108139778374,0.46205664793898876,0.24872574699069064,0.13260652367253678,0.0
307,0.22026223515824128,0.33710529072156425,0.296045849854681,0.1465866242655135,0.0
308,0.19687938325383775,0.48219017666632796,0.2058898085301981,0.11504063154963622,0.0
309,0.14452097460487442,0.43375472797765025,0.26800075230968146,0.15372354510779393,0.0
310,0.15276892318678442,0.5017593333430049,0.22014666793219362,0.12532507553801708,0.0
311,0.19702424329132084,0.4289832764845959,0.2589063309006888,0.11508614932339443,0.0
312,0.10888796193659643,0.5115954120829261,0.23822890679617453,0.1412877191843028,0.0
313,0.1575948923438354,0.4549622851671426,0.24469621293572064,0.14274660955330146,0.0
314,0.1136740680956489,0.41678700341601793,0.29190929295367574,0.17762963553465735,0.0
315,0.13920722693768978,0.3969120329201201,0.2797222354237165,0.18415850471847384,0.0
316,0.12374582482101634,0.4948616424282827,0.21744194544597434,0.16395058730472675,0.0
317,0.20958806654287568,0.4976505931645374,0.20151868865840708,0.09124265163417983,0.0
318,0.14429383293595993,0.4164064453488139,0.30485550741173806,0.13444421430348819,0.0
319,0.16034874356905107,0.3189203754590276,0.3648969383292828,0.15583394264263845,0.0
320,0.18963210182501875,0.2629194175607639,0.3729378093520989,0.1745106712621183,0.0
321,0.19696554089818574,0.42191992050132143,0.23331000070303556,0.14780453789745712,0.0
322,0.1598553485552296,0.342670903968245,0.3236282374269669,0.1738455100495586,0.0
323,0.2042951914763707,0.1772460666382962,0.41632951811383334,0.20212922377149975,0.0
324,0.1352973439890022,0.48180967695418875,0.23356245776297935,0.14933052129382973,0.0
325,0.16973280934640464,0.30001364151297283,0.3306038759044336,0.19964967323618898,0.0
326,0.14968662254836795,0.3646701108188942,0.3436438226509527,0.14199944398178507,0.0
327,0.1856571409071365,0.47984174448210304,0.21046803115992313,0.1240330834508372,0.0
328,0.17482389292387665,0.32299134246159483,0.30258249045420704,0.19960227416032153,0.0
329,0.17341016952644261,0.39521090561520383,0.288833078456883,0.14254584640147058,0.0
330,0.16810312087012022,0.39907182831913773,0.2917247787854927,0.14110027202524927,0.0
331,0.22022020741240236,0.421397753711882,0.24223077008228042,0.11615126879343513,0.0
332,0.20009735398678521,0.3525941492193518,0.28908531108073254,0.15822318571313057,0.0
333,0.29493539703769706,0.25628901034102286,0.29355595892133823,0.1552196336999417,0.0
334,0.17532629535687114,0.3231615931547768,0.3548344317725556,0.14667767971579648,0.0
335,0.1678384321618108,0.4551052464499111,0.2422009613015699,0.1348553600867081,0.0
336,0.16554120460999885,0.37932040608651413,0.31932661001760226,0.13581177928588467,0.0
337,0.2136509156916223,0.3557981686255189,0.250889183853112,0.1796617318297469,0.0
338,0.16548187009372248,0.4184170957670562,0.2982049166809819,0.11789611745823937,0.0
339,0.1685759715899212,0.39395966325223364,0.2790494485985995,0.1584149165592456,0.0
340,0.13546916164978126,0.4193267607626825,0.27383897407819546,0.17136510350934075,0.0
341,0.1534531629756298,0.4767971681603871,0.21534914664325006,0.15440052222073308,0.0
342,0.15819301860864168,0.3678405915933647,0.3340223179181579,0.1399440718798358,0.0
343,0.10635628269766217,0.5052103958001453,0.2525589066094539,0.13587441489273872,0.0
344,0.15269698883841332,0.4347017986843152,0.31789937422659725,0.09470183825067421,0.0
345,0.14946368038713492,0.42626350802748947,0.2533106244063028,0.17096218717907283,0.0
346,0.1392330113081113,0.4618778225110466,0.2544137181547275,0.14447544802611456,0.0
347,0.12284242909557577,0.44849502371272837,0.30594430336190376,0.12271824382979216,0.0
348,0.14534468085128616,0.49596657902249974,0.23494545685569418,0.12374328327051994,0.0
349,0.14834498004274588,0.4456388646065748,0.26226060743629137,0.14375554791438794,0.0
350,0.14387501154813168,0.3997949874201604,0.3046776107726649,0.15165239025904287,0.0
351,0.16613780048763138,0.4417174749764931,0.259123257550953,0.13302146698492262,0.0
352,0.16595874767784372,0.33188946188882645,0.2646240979377539,0.2375276924955759,0.0
353,0.18301640427216886,0.3187258729137388,0.28336036753298705,0.21489735528110535,0.0
354,0.16331541574193073,0.2971550821731193,0.35898897497003535,0.18054052711491475,0.0
355,0.143345591175341,0.4449133108331229,0.3132945557293007,0.09844654226223529,0.0
356,0.145915776616992,0.4662742251883781,0.24406988368221433,0.1437401145124156,0.0
357,0.1573651919304554,0.49769389708334744,0.2225730112179253,0.12236789976827184,0.0
358,0.19697483556164797,0.384344040040762,0.29286382759048507,0.12581729680710493,0.0
359,0.16296824964428824,0.34352258846967254,0.31228985424807304,0.18121930763796607,0.0
360,0.16530970232069858,0.40724825395981984,0.28392924575370077,0.14351279796578087,0.0
361,0.13172151935222404,0.4270321462583134,0.26671726659693384,0.17452906779252864,0.0
362,0.14882846694643084,0.3918208440678016,0.27268858643892735,0.18666210254684026,0.0
363,0.22603247587561612,0.1157284024466902,0.47354489551314105,0.18469422616455256,0.0
364,0.18252570285164896,0.3109483450623678,0.3260117039859086,0.18051424810007458,0.0
365,0.14426078231502285,0.3613088997594481,0.2903981490083889,0.20403216891714016,0.0
366,0.14749143645836116,0.37328009459622924,0.3145007636560726,0.16472770528933703,0.0
367,0.09022744994147668,0.5055206230410623,0.24915941715793674,0.1550925098595244,0.0
368,0.13020432109748495,0.5427042183518218,0.22578899261159793,0.10130246793909535,0.0
369,0.1594563895919724,0.3567139079462709,0.3224903904751344,0.1613393119866224,0.0
370,0.16658141193968085,0.3940830576921415,0.31543532861415907,0.12390020175401845,0.0
371,0.1353520933695083,0.454671825897686,0.2551239664724446,0.1548521142603611,0.0
372,0.1491714397804872,0.42354571104618216,0.24780072202109718,0.17948212715223327,0.0
373,0.18638725239630544,0.3873757284602015,0.2510291116001444,0.1752079075433485,0.0
374,0.15919702492544857,0.4939256098204972,0.25636478513139893,0.09051258012265523,0.0
375,0.16416466197869628,0.3395946294421096,0.31080566826396605,0.18543504031522795,0.0
376,0.14138010693719075,0.42925727579988227,0.29169233551585655,0.1376702817470704,0.0
377,0.1007983340169873,0.5396139070437047,0.211881682018881,0.147706076920427,0.0
378,0.15441843813193026,0.42614964972519226,0.2760065400478258,0.14342537209505188,0.0
379,0.12673509624972434,0.38791572523336737,0.34854302785906527,0.13680615065784288,0.0
380,0.16518873753718466,0.4192498539952855,0.22916248402386347,0.1863989244436663,0.0
381,0.1748074778848584,0.40660702982520536,0.28178199356038963,0.13680349872954664,0.0
382,0.18788075517351666,0.29357447706151996,0.36441231161526155,0.15413245614970184,0.0
383,0.12416040992378805,0.4385685324986329,0.27851087405475056,0.15876018352282853,0.0
384,0.1672090937443316,0.510373025202054,0.2217351632351253,0.10068271781848909,0.0
385,0.17721659308604656,0.3918268174907285,0.3110269294894451,0.1199296599337799,0.0
386,0.16665416154269738,0.4327901900048482,0.2947932298755089,0.10576241857694543,0.0
387,0.13282024170824427,0.526163193462923,0.19423220222423943,0.14678436260459324,0.0
388,0.17085004080656768,0.4774965415872677,0.20358566638414777,0.14806775122201685,0.0
389,0.16441108577211896,0.31532059351689173,0.3717829918313591,0.14848532887963023,0.0
390,0.1298505901301687,0.39406940072108165,0.31062131389882935,0.16545869524992035,0.0
391,0.1521266391245287,0.460654430229959,0.2770007761911244,0.11021815445438782,0.0
392,0.13660808022942297,0.3631049437152908,0.31268223372787946,0.18760474232740662,0.0
393,0.12233458981654226,0.41082909088951924,0.26360570462771177,0.20323061466622672,0.0
394,0.1916932616579936,0.32332126456090937,0.3346094130492622,0.15037606073183482,0.0
395,0.2337497513171438,0.2537122461255613,0.392478044198231,0.12005995835906372,0.0
396,0.1692610445038545,0.3070654875965736,0.32693069862765856,0.19674276927191334,0.0
397,0.16810398452963782,0.37447798579608754,0.3051817875324944,0.15223624214178028,0.0
398,0.19176700082413375,0.40121496827728487,0.266320545455394,0.1406974854431875,0.0
399,0.1670532776373869,0.3904536417586429,0.3131991818289247,0.12929389877504543,0.0
400,0.11649301439883315,0.45004658678727155,0.28250548040040907,0.1509549184134861,0.0
401,0.16144958722234157,0.4199056658427418,0.2721707435019522,0.1464740034329643,0.0
402,0.18183605983400197,0.2774254369759177,0.33717331447371085,0.2035651887163693,0.0
403,0.16614157516270978,0.41228864092295014,0.2578421701097773,0.1637276138045627,0.0
404,0.13805997784171978,0.4484354859060376,0.23558129680365955,0.17792323944858301,0.0
405,0.15624020464550092,0.4275768832977627,0.2772483829238114,0.13893452913292503,0.0
406,0.15781331715378416,0.32348041220092194,0.3210501460825255,0.19765612456276838,0.0
407,0.22690595781464393,0.28319665181980863,0.3426644943850849,0.14723289598046257,0.0
408,0.1533922492071221,0.32781365074065777,0.359192664106433,0.15960143594578718,0.0
409,0.1399643790538497,0.4916644165395317,0.24686899241680463,0.12150221198981401,0.0
410,0.12884863778811909,0.3689538742938051,0.32021914362798154,0.1819783442900944,0.0
411,0.18802909227072323,0.30519977541475923,0.3394186158630521,0.16735251645146534,0.0
412,0.16309942745371497,0.386741923670029,0.2730742731002926,0.17708437577596348,0.0
413,0.17537384230652028,0.5153635116398698,0.1845083964734129,0.12475424958019692,0.0
414,0.19374063982891762,0.3512062661361386,0.2689528017932916,0.1861002922416521,0.0
415,0.19803625662257401,0.2984369252201687,0.3455871049535252,0.15793971320373196,0.0
416,0.16883928631290382,0.43671828284809766,0.2727657640811678,0.12167666675783073,0.0
417,0.13846146692924552,0.5073226852336555,0.2323597933215161,0.1218560545155827,0.0
418,0.14222236765060617,0.42097017131305625,0.29302611783006727,0.14378134320627028,0.0
419,0.1722583878864306,0.4020325917841591,0.29903880717568865,0.12667021315372146,0.0
420,0.18050092628012493,0.36283167532396127,0.3223774109303595,0.13428998746555434,0.0
421,0.17754785558004044,0.4530781267195517,0.22635891025460916,0.14301510744579868,0.0
422,0.1403597748041154,0.4094266114595358,0.30480402559619746,0.1454095881401514,0.0
423,0.1421827316914264,0.474502572981671,0.24769157763659144,0.13562311769031124,0.0
424,0.14863868814389186,0.44912871647199726,0.2740817083234801,0.1281508870606307,0.0
425,0.18141299803258742,0.2996199804321415,0.346673904631042,0.1722931169042291,0.0
426,0.115597118460265,0.4485053990199025,0.2874814404991192,0.14841604202071312,0.0
427,0.14590145063315058,0.39401563460566913,0.28961606965232617,0.1704668451088541,0.0
428,0.16170854649707037,0.2987370386957384,0.3587901795765669,0.18076423523062432,0.0
429,0.1950522385728501,0.3279572707823231,0.2856694798098426,0.19132101083498407,0.0
430,0.13787118252868655,0.5004740135109383,0.22730710000906224,0.13434770395131296,0.0
431,0.15565440677893438,0.4535226310156652,0.2301279853375043,0.1606949768678961,0.0
432,0.12392145374273165,0.5130550415141008,0.2339589932072193,0.12906451153594833,0.0
433,0.14539429684573524,0.3956240469494555,0.2907282879165099,0.16825336828829926,0.0
434,0.12601059619323599,0.4792483343862944,0.26663404688426917,0.12810702253620043,0.0
435,0.13913247927991204,0.4659428334899915,0.2481241067407127,0.1468005804893838,0.0
436,0.2963040883794566,0.16245978942789596,0.3631895516487146,0.1780465705439329,0.0
437,0.16152982293133944,0.3596183218318787,0.30922888658701425,0.16962296864976759,0.0
438,0.13720199132100436,0.47949879997892164,0.24066654962703785,0.1426326590730362,0.0
439,0.16787721293090174,0.4191317462811447,0.2673292039167817,0.14566183687117176,0.0
440,0.14258297644920087,0.46719288988637314,0.26892092995142375,0.1213032037130023,0.0
441,0.21120724007774505,0.3586240918203377,0.29558687095208114,0.13458179714983606,0.0
442,0.13920534158759468,0.3665496272146991,0.3356595897852454,0.15858544141246078,0.0
443,0.16342277017463694,0.4177471895637757,0.28531978041579864,0.13351025984578868,0.0
444,0.140768443683488,0.36595277961591405,0.35712009867593975,0.13615867802465814,0.0
445,0.13457216565191427,0.45259761201856097,0.27203194107014916,0.14079828125937566,0.0
446,0.18568375056811945,0.34273419124025684,0.3154250245517359,0.15615703363988773,0.0
447,0.14716059546146956,0.403380974569934,0.2866733910502472,0.16278503891834922,0.0
448,0.12581435468110538,0.44066128664646276,0.24688090635854712,0.18664345231388485,0.0
449,0.1278050777964552,0.4281246458413333,0.30304986929046573,0.14102040707174573,0.0
450,0.18129466701499775,0.3356808495827648,0.28464471895648735,0.19837976444575015,0.0
451,0.1560011198295196,0.40065835848845416,0.29116339304548944,0.1521771286365369,0.0
452,0.11974625116392311,0.32720884317795973,0.3514908365384916,0.20155406911962556,0.0
453,0.15431520935899146,0.45553098378614443,0.24218933539739815,0.14796447145746597,0.0
454,0.1591597264260792,0.43301879046389236,0.2649948230652794,0.1428266600447491,0.0
455,0.17598109550570903,0.3799452742436082,0.3177584256837217,0.126315204566961,0.0
456,0.2116148268963162,0.3263223470725079,0.34146579048692527,0.1205970355442506,0.0
457,0.16297470607570883,0.36887506387103797,0.29671901116423444,0.17143121888901872,0.0
458,0.17625791954871597,0.4422995872902675,0.2604825743200223,0.12095991884099427,0.0
459,0.14734449042754608,0.42693630223775597,0.2675117971033122,0.15820741023138576,0.0
460,0.1968474022703927,0.3043407420488085,0.3435207679263696,0.15529108775442926,0.0
461,0.14363877454975513,0.4728131007733213,0.24859346682743896,0.13495465784948463,0.0
462,0.0993581559707225,0.5267850517693963,0.23917271841098917,0.13468407384889217,0.0
463,0.1344339238041568,0.44458365591738386,0.2862615281832768,0.13472089209518243,0.0
464,0.15115408215248585,0.4657880881327337,0.24000510786451804,0.1430527218502625,0.0
465,0.14337550137544117,0.4900088644666395,0.23523191161798843,0.13138372253993078,0.0
466,0.14916122508271706,0.42266853638592183,0.26545192712681887,0.16271831140454215,0.0
467,0.18664819780646422,0.34810476031694093,0.31758466852749817,0.1476623733490967,0.0
468,0.12141000777382878,0.48696953035092916,0.24547565155138298,0.14614481032385906,0.0
469,0.15810624180559932,0.45722127147152186,0.22359947882471395,0.1610730078981649,0.0
470,0.14661813990450265,0.34001292666144034,0.3268717453114971,0.18649718812255986,0.0
471,0.19332196848966296,0.3429771206082646,0.31301922081431427,0.15068169008775803,0.0
472,0.11054042832695053,0.46019425510572454,0.27593215438415525,0.1533331621831697,0.0
473,0.1727368175546002,0.4291891554445874,0.27926407592345737,0.11880995107735501,0.0
474,0.2248456690781055,0.3279174914830585,0.2710350653887672,0.17620177405006876,0.0
475,0.16782255612041663,0.4483343790805954,0.21152303781801055,0.17232002698097754,0.0
476,0.10562341586183395,0.4389011172894973,0.2838953745614108,0.17158009228725793,0.0
477,0.15483463037143694,0.32062933084913287,0.31614151677923713,0.20839452200019307,0.0
478,0.14758848470635125,0.4428356013311294,0.2606759317771664,0.14889998218535289,0.0
479,0.19729802703255914,0.32595531793133087,0.35348103043381646,0.12326562460229355,0.0
480,0.19114284870037065,0.44074873196025494,0.22437232882115946,0.143736090518215,0.0
481,0.162678871794905,0.46947919406005995,0.24964149265897317,0.11820044148606197,0.0
482,0.1710372355524493,0.41041268283934546,0.2645883717816793,0.1539617098265259,0.0
483,0.20284273271946354,0.2763318405769569,0.3333384462063775,0.18748698049720203,0.0
484,0.1951425037844839,0.41757670623939586,0.2595282732964885,0.1277525166796317,0.0
485,0.18879541600750352,0.3860919422876172,0.2837073710766795,0.14140527062819996,0.0
486,0.1728088838479887,0.3323119717750886,0.3133682146262317,0.1815109297506909,0.0
487,0.18820022768887035,0.43522571897681755,0.25036726654259756,0.12620678679171465,0.0
488,0.1679134846110852,0.41327169901336375,0.278899126338373,0.13991569003717805,0.0
489,0.133096208216479,0.38851937631244476,0.30445645034939983,0.17392796512167646,0.0
490,0.14576570903371477,0.4498825497981757,0.2557259870083411,0.14862575415976836,0.0
491,0.19223621617171716,0.3339372196740621,0.27510302619342214,0.1987235379607985,0.0
492,0.17645329076299204,0.32362816006093437,0.33565305263456613,0.16426549654150754,0.0
493,0.17528661686984023,0.36856274612953627,0.27713752087847854,0.17901311612214507,0.0
494,0.15176131780677105,0.38353872566167163,0.3018079401406178,0.1628920163909395,0.0
495,0.1530066837402992,0.3608896352594051,0.3103851971093983,0.17571848389089748,0.0
496,0.19103234412755205,0.4793278809493071,0.23326164218226547,0.09637813274087534,0.0
497,0.20044422916817525,0.3334472565062083,0.3459016839904533,0.12020683033516316,0.0
498,0.24257870207076943,0.28450884328322984,0.3022608902710621,0.1706515643749387,0.0
499,0.13769833503118967,0.3619293111799725,0.32991584872411334,0.1704565050647246,0.0
500,0.14303975679996772,0.43967700865153236,0.2664860914184616,0.15079714313003842,0.0
501,0.16145602254499727,0.35371481737556026,0.32393773407351073,0.16089142600593187,0.0
502,0.17367719390351247,0.5151055024368744,0.21723262316955114,0.0939846804900621,0.0
503,0.11656858792062544,0.4433911928004025,0.26410726915290833,0.17593295012606366,0.0
504,0.15430802867100654,0.44232393647611834,0.25377470922239315,0.14959332563048194,0.0
505,0.15904241787802487,0.43524175178596014,0.27194128212883845,0.13377454820717646,0.0
506,0.18917102877943873,0.4344367597311582,0.2561337267546201,0.12025848473478315,0.0
507,0.14310792234426747,0.5335704955053515,0.20926061150753922,0.11406097064284178,0.0
508,0.1498340421334884,0.36814833056237245,0.3124902974531409,0.1695273298509983,0.0
509,0.12080899894657313,0.41352052844886605,0.278597906920158,0.18707256568440273,0.0
510,0.17306029959622746,0.3537349079955374,0.2913600443094693,0.18184474809876597,0.0
511,0.14499228961506777,0.4561247164024572,0.28425713976561706,0.11462585421685786,0.0
512,0.1700111160760397,0.44938364783444046,0.23018391346679193,0.1504213226227279,0.0
513,0.16753947920623274,0.4233966121645124,0.2624572615407975,0.1466066470884574,0.0
514,0.17615940532676377,0.42206711565796173,0.2852927217382983,0.11648075727697625,0.0
515,0.11642277601618152,0.4661453359434452,0.2565362179124379,0.1608956701279354,0.0
516,0.12370304399221257,0.5163711750400352,0.2216186102554135,0.13830717071233883,0.0
517,0.1809746090638525,0.3705484250012167,0.28693933430911395,0.16153763162581686,0.0
518,0.14478790113554796,0.48148553906952124,0.25166015054189583,0.12206640925303491,0.0
519,0.2127470048123659,0.33148850571509053,0.30606081475728686,0.14970367471525675,0.0
520,0.1993205906157127,0.4241392317634947,0.2545687029235908,0.12197147469720179,0.0
521,0.15634341081634062,0.40369915915739196,0.2852952784883683,0.15466215153789903,0.0
522,0.1340507761158143,0.36645629251358963,0.337919718926734,0.1615732124438621,0.0
523,0.13138804076030466,0.532765918549509,0.24460116480720814,0.0912448758829782,0.0
524,0.12274155599279242,0.45614654554845546,0.27060066417449186,0.15051123428426033,0.0
525,0.17085011152699947,0.39579824669309893,0.2768449656710011,0.15650667610890062,0.0
526,0.16558298294173218,0.4002630769847142,0.3125279004508056,0.12162603962274804,0.0
527,0.1659620760259616,0.3985910783102336,0.274188803922575,0.1612580417412297,0.0
528,0.1471258674532844,0.4346358157081596,0.24135312784583152,0.17688518899272437,0.0
529,0.1510033758814524,0.4422401306893229,0.2758102432851522,0.13094625014407257,0.0
530,0.16609912983558725,0.4614728764829611,0.2444442712749655,0.1279837224064862,0.0
531,0.1448358220182053,0.4047711073593466,0.2848848375777602,0.16550823304468792,0.0
532,0.17267256754991842,0.3951521348327561,0.2704689915957007,0.16170630602162486,0.0
533,0.13612294264337085,0.3953101620726794,0.29539169162990464,0.1731752036540453,0.0
534,0.15033780367211722,0.4999743986288048,0.1795714439216638,0.17011635377741435,0.0
535,0.19423128066664602,0.3464893726318374,0.337869504750748,0.12140984195076848,0.0
536,0.1820060105042193,0.2234193390879411,0.38585755999098414,0.20871709041685532,0.0
537,0.16704731645133994,0.5084282070034268,0.2044991161905073,0.12002536035472605,0.0
538,0.15187577242509034,0.3952060902795946,0.28477527741755476,0.1681428598777603,0.0
539,0.18262311633869513,0.3833774912361532,0.2926122471448964,0.14138714528025512,0.0
540,0.13274683515103894,0.4957961443102974,0.24731497875023234,0.1241420417884313,0.0
541,0.1645991975898804,0.34249435105667847,0.302420660323235,0.19048579103020605,0.0
542,0.28410274641791394,0.14699675133489729,0.3575506532347079,0.21134984901248086,0.0
543,0.16046562787056573,0.4049059015554519,0.2913295104335792,0.14329896014040305,0.0
544,0.19226261450780413,0.4102783972016671,0.2530718357003941,0.14438715259013468,0.0
545,0.18472154939554766,0.4194827559185516,0.23326667987684568,0.1625290148090549,0.0
546,0.16150147142762158,0.3587611343975593,0.3435972306270476,0.1361401635477714,0.0
547,0.14631969154388041,0.3300009288118243,0.35165122274743366,0.1720281568968617,0.0
548,0.1282147218032365,0.48109379066764413,0.22164977601221372,0.16904171151690559,0.0
549,0.14820209351225044,0.45861161663632233,0.2583440878293453,0.13484220202208186,0.0
550,0.1580105863683275,0.39069623857287317,0.29058348146238194,0.16070969359641746,0.0
551,0.12415034303413171,0.46540797201431944,0.2616482709673531,0.14879341398419577,0.0
552,0.13118452306217268,0.3732634793646599,0.33373742654283495,0.16181457103033253,0.0
553,0.16607932347555732,0.5036079397677299,0.2247489280655066,0.10556380869120624,0.0
554,0.14077945808436432,0.43062750292264323,0.25765695283136586,0.17093608616162662,0.0
555,0.16209003180399442,0.37393221828800194,0.3199977478268512,0.14398000208115255,0.0
556,0.16101336660626545,0.4123523845955344,0.2837022087405236,0.1429320400576765,0.0
557,0.17390732945590054,0.4706578700635818,0.20986377827950775,0.14557102220100981,0.0
558,0.1653483250812485,0.40320061209197916,0.2883839226314929,0.14306714019527947,0.0
559,0.18068463540584154,0.2787999874314931,0.3290923818737975,0.2114229952888678,0.0
560,0.16808999822226778,0.3700036349829638,0.3149015865594605,0.147004780235308,0.0
561,0.14764047055478965,0.4465185079596454,0.2534477072036557,0.15239331428190925,0.0
562,0.20000086631368297,0.3049106528305694,0.32580327640703227,0.16928520444871542,0.0
563,0.15859154022249192,0.42199405793487926,0.2672220786498585,0.15219232319277032,0.0
564,0.15922994736468937,0.42756168356352536,0.2569027974853266,0.15630557158645864,0.0
565,0.19242113042734796,0.34708126984321613,0.2980064337623632,0.16249116596707278,0.0
566,0.14309429526311498,0.42827251669195754,0.27205090531029896,0.15658228273462846,0.0
567,0.14118135539902477,0.3849328448031869,0.30552558295201265,0.16836021684577573,0.0
568,0.12759918640319307,0.4788997026663799,0.260299402524962,0.13320170840546527,0.0
569,0.18188589672110977,0.32833914860306473,0.31690213124358935,0.1728728234322361,0.0
570,0.19489803112418758,0.34197924728569157,0.287094471898343,0.17602824969177797,0.0
571,0.16623009137715605,0.4262081615947832,0.25662056867571165,0.150941178352349,0.0
572,0.16750592368300057,0.39998470493420984,0.2447434666273621,0.18776590475542754,0.0
573,0.17422910511600875,0.442900130522048,0.30062485753226004,0.0822459068296832,0.0
574,0.14432549899144953,0.43048761388749196,0.2740531557782889,0.15113373134276964,0.0
575,0.15357580910886456,0.41931425622096896,0.24333246905894448,0.18377746561122188,0.0
576,0.14821256642676975,0.4095798195237017,0.25258902012349216,0.18961859392603647,0.0
577,0.1453694765214936,0.45143888444575797,0.27479376570407393,0.12839787332867444,0.0
578,0.16424359072764502,0.3625818131171356,0.3217911198466489,0.15138347630857038,0.0
579,0.15426540138037217,0.3647850827754589,0.2926934430995731,0.1882560727445958,0.0
580,0.15181573415115165,0.4207389394518376,0.2749212524126454,0.15252407398436518,0.0
581,0.1936611472836015,0.3129418563455888,0.34572384099660725,0.14767315537420253,0.0
582,0.11661265301230034,0.38546826899173126,0.30670784648529864,0.1912112315106697,0.0
583,0.15061272339141568,0.4348518454111597,0.2586659116285856,0.1558695195688392,0.0
584,0.18313583725850216,0.38329168250085066,0.22531389351913506,0.2082585867215122,0.0
585,0.13619973722960407,0.2566441510690779,0.37916211399763583,0.22799399770368217,0.0
586,0.1798028081998614,0.46288337408600355,0.21754761142869605,0.13976620628543884,0.0
587,0.11996758216748446,0.48805103560931506,0.23195179655350603,0.16002958566969444,0.0
588,0.1466968945288959,0.4293273415304284,0.27840631968704943,0.14556944425362622,0.0
589,0.20939900109623472,0.41155509653614647,0.2161344813396805,0.1629114210279383,0.0
590,0.25954054109773833,0.2265290404743229,0.30646547327802404,0.20746494514991473,0.0
591,0.1676024870559811,0.3818298526745044,0.27277938788775574,0.17778827238175873,0.0
592,0.1553466821319314,0.46294655791684963,0.2612131967233587,0.12049356322786021,0.0
593,0.1444112253603342,0.3495803376111519,0.35152070844622524,0.15448772858228862,0.0
594,0.1763010034349805,0.3816867055576648,0.27758949917045955,0.16442279183689518,0.0
595,0.16060872728491535,0.3025239201457127,0.3230634159359597,0.21380393663341213,0.0
596,0.16569954768467568,0.49551855053711197,0.20964752454373156,0.12913437723448085,0.0
597,0.15861070621534937,0.36421359831895966,0.28134258411652807,0.1958331113491628,0.0
598,0.1413094949170817,0.35585423765066115,0.319567724888809,0.18326854254344818,0.0
599,0.12876276591439645,0.48677174494799985,0.20384432197221936,0.18062116716538437,0.0
600,0.19867288739752578,0.3771426711126271,0.29507726898990827,0.12910717249993878,0.0
601,0.15591180136456576,0.47393948821981124,0.2112543792820134,0.15889433113360948,0.0
602,0.16454902008894204,0.33724785700632104,0.3044000253912245,0.19380309751351238,0.0
603,0.1351145778165513,0.49939961730186766,0.24219139311502916,0.12329441176655184,0.0
604,0.20681322600804025,0.2597060314335243,0.3686909477796631,0.16478979477877229,0.0
605,0.17610049180920023,0.3987714084632975,0.29085877009220257,0.13426932963529964,0.0
606,0.1603891489282457,0.36632355710153086,0.29168195045053,0.18160534351969343,0.0
607,0.18442027547322362,0.37640567854370616,0.2817146848546474,0.15745936112842285,0.0
608,0.18447878843679286,0.27645521365438513,0.34659037353802297,0.192475624370799,0.0
609,0.2660517523256762,0.17900549325898327,0.37132631274224054,0.18361644167309998,0.0
610,0.15515423334039252,0.46620411506295495,0.24596448349814914,0.13267716809850327,0.0
611,0.1506514056653837,0.34626942106714076,0.3312503014992981,0.1718288717681773,0.0
612,0.15773166089280474,0.4545920429559024,0.2626157120190485,0.12506058413224444,0.0
613,0.13294723917068296,0.4234134518429924,0.2729189585690998,0.17072035041722478,0.0
614,0.2132538989395559,0.37024558647531225,0.28407448298823235,0.1324260315968995,0.0
615,0.1535083949469003,0.4525969390009505,0.2787856845080261,0.11510898154412316,0.0
616,0.23251457715024962,0.20340482256078754,0.41451647590092855,0.14956412438803418,0.0
617,0.15288162741310807,0.4600309956126859,0.25117348652795984,0.13591389044624622,0.0
618,0.1815931443506498,0.4130665670689224,0.27585911657230644,0.12948117200812145,0.0
619,0.1973989337682344,0.35329859226028903,0.30952943630044477,0.13977303767103194,0.0
620,0.15426686579225993,0.46953202573771136,0.24989027974834208,0.12631082872168659,0.0
621,0.1528680257250081,0.42430050963837473,0.3041592859747673,0.11867217866184998,0.0
622,0.13410334640654117,0.34518934814704993,0.34413348770216895,0.17657381774424002,0.0
623,0.19273178859757878,0.4001902113434222,0.23955898391173674,0.16751901614726225,0.0
624,0.18538123745892388,0.269980799943701,0.3222743827047766,0.2223635798925986,0.0
625,0.12103110252362856,0.5321860874104302,0.23337853957427368,0.1134042704916674,0.0
626,0.17846428841545592,0.3633936809427831,0.3148860195574007,0.14325601108436015,0.0
627,0.17013174393557293,0.30693215459437184,0.331692648763579,0.19124345270647627,0.0
628,0.11332530307396786,0.4225286045323658,0.2971569827279207,0.16698910966574557,0.0
629,0.1849792788836385,0.40571718697561054,0.25129931979817804,0.15800421434257292,0.0
630,0.1621386577538498,0.42615046111092897,0.2672458496225288,0.14446503151269258,0.0
631,0.16894670860703498,0.3584927923053149,0.32111926849461403,0.15144123059303613,0.0
632,0.12468285040309773,0.47714358676316376,0.2520953138987707,0.14607824893496787,0.0
633,0.14449459839238507,0.4495909494937806,0.24620134352429085,0.15971310858954366,0.0
634,0.19841385412863888,0.3466362928577423,0.30312422302277525,0.1518256299908435,0.0
635,0.14866462548622542,0.3915285880993196,0.2866089303259285,0.17319785608852659,0.0
636,0.06738055989906644,0.45601382539919083,0.28851951645347723,0.18808609824826542,0.0
637,0.1580858002873338,0.3833929829221069,0.2777108016373578,0.1808104151532015,0.0
638,0.20198746843011467,0.25687685713086805,0.35895275347574274,0.1821829209632746,0.0
639,0.20820089617925897,0.34982968913528184,0.301327715667222,0.14064169901823734,0.0
640,0.13792910008105003,0.48790073387769967,0.2379533840464786,0.13621678199477164,0.0
641,0.2203543014270402,0.30992971109351053,0.32873826246230925,0.14097772501714,0.0
642,0.14399563994601416,0.4231890959262081,0.31108892528939713,0.12172633883838063,0.0
643,0.16913564433847866,0.3212124133743553,0.36382714552547535,0.14582479676169063,0.0
644,0.18066953947776374,0.46758829447315214,0.24715819217736887,0.10458397387171527,0.0
645,0.20237873343249496,0.4015135675944404,0.21880860732881505,0.17729909164424978,0.0
646,0.162068478666954,0.29417714185065785,0.3348620566718418,0.20889232281054626,0.0
647,0.21555999630936176,0.29010082839086554,0.32497175468740347,0.16936742061236928,0.0
648,0.1490060691986584,0.40096132983138716,0.2774227710312953,0.17260982993865914,0.0
649,0.18451642737702417,0.3563997255309199,0.3000417171342813,0.15904212995777456,0.0
650,0.16051298685796897,0.43680755827747497,0.25906270969377987,0.1436167451707762,0.0
651,0.11879652522108448,0.4799543092503075,0.25554252570074604,0.1457066398278619,0.0
652,0.190295624186883,0.3463413259168761,0.30613642447254846,0.15722662542369234,0.0
653,0.14836720461747652,0.5531616664764641,0.18812179465669257,0.11034933424936684,0.0
654,0.1522435119456984,0.39335581067371556,0.29388964335746215,0.16051103402312378,0.0
655,0.18309893288742146,0.49277939116151104,0.20943635214436643,0.11468532380670103,0.0
656,0.13548251563037325,0.47488408219821254,0.2940502206091876,0.09558318156222655,0.0
657,0.20136938248910133,0.3522987598401191,0.31829987079005373,0.12803198688072592,0.0
658,0.18931540185495166,0.32291917231355766,0.32908152207588615,0.1586839037556046,0.0
659,0.12441059273515814,0.4994075967583234,0.24678032579936168,0.12940148470715682,0.0
660,0.11710742160363095,0.42524766266776215,0.3038386720991972,0.15380624362940978,0.0
661,0.14011625804339067,0.3055880199831531,0.39030023847859674,0.16399548349485948,0.0
662,0.11789683011884604,0.3729799730197956,0.3272445925557354,0.18187860430562292,0.0
663,0.17865561820219744,0.4339921902095532,0.22712041615127265,0.1602317754369768,0.0
664,0.20246728418655247,0.30070892192601384,0.344697579822853,0.1521262140645807,0.0
665,0.18557298747078307,0.319466320341879,0.34759666043185716,0.1473640317554807,0.0
666,0.1304287675691385,0.4902159986597818,0.2594029482040283,0.11995228556705137,0.0
667,0.17510671244090154,0.4706273991133882,0.2234511078501753,0.130814780595535,0.0
668,0.18561448079745538,0.27119918893583933,0.4080936800941078,0.13509265017259747,0.0
669,0.2251961248620758,0.17527146370247162,0.3847980625421207,0.21473434889333187,0.0
670,0.12961729572279637,0.4147356536476257,0.2833017734520011,0.1723452771775768,0.0
671,0.1680536758561113,0.311252870174753,0.308046693896016,0.21264676007311964,0.0
672,0.14349904379037023,0.39518605710995625,0.31426934560732966,0.14704555349234374,0.0
673,0.1651269808939097,0.44179424746636575,0.29264183474677385,0.1004369368929506,0.0
674,0.12340643152477386,0.4944270387998555,0.2502849549043337,0.1318815747710368,0.0
675,0.17658672163993547,0.40757637484503983,0.2759461702550494,0.1398907332599753,0.0
676,0.17393653670582074,0.3999937020243381,0.28829349246833114,0.13777626880151003,0.0
677,0.1775395154631902,0.3346598547391093,0.32290513629036144,0.16489549350733906,0.0
678,0.12322368327505923,0.38606160306897974,0.30992308765462645,0.18079162600133455,0.0
679,0.1912568070425574,0.42782601024994793,0.19103829509763914,0.18987888760985538,0.0
680,0.14190221524245952,0.4379871090312169,0.2583329301172927,0.1617777456090307,0.0
681,0.15925541635396137,0.3384078921431863,0.3059893141600754,0.19634737734277682,0.0
682,0.2539655444810057,0.0,0.4217765565969991,0.3242578989219952,0.0
683,0.18384337608126586,0.39344696994204,0.28394154426738194,0.13876810970931233,0.0
684,0.15927695371399694,0.4074041598563322,0.2850479056461167,0.14827098078355408,0.0
685,0.18218035125935797,0.47844193948800495,0.24770323550578133,0.0916744737468558,0.0
686,0.1326705803847009,0.4649665638158383,0.25167436195905707,0.15068849384040375,0.0
687,0.159615461403703,0.30317935521660005,0.37783616189895763,0.15936902148073928,0.0
688,0.12166720885348349,0.39398493218494784,0.29599616975856524,0.1883516892030035,0.0
689,0.18556702538842432,0.43418849797382597,0.25146172883398005,0.12878274780376978,0.0
690,0.13071411597246305,0.46718539544910787,0.2743934035363348,0.12770708504209427,0.0
691,0.16376193282521725,0.3835830617345496,0.27581605251123287,0.1768389529290003,0.0
692,0.13218514461086361,0.42346818372077305,0.286960542548694,0.15738612911966937,0.0
693,0.16081480944497092,0.27930764285118326,0.38419398095594226,0.17568356674790356,0.0
694,0.11617520219912456,0.38362150310098364,0.3008204574861734,0.19938283721371844,0.0
695,0.18052461405511558,0.33686075791323317,0.3669870162583757,0.11562761177327555,0.0
696,0.15884601293346765,0.41935503614663255,0.25105591314803416,0.17074303777186567,0.0
697,0.16715836517048646,0.47206600168951596,0.273907731540416,0.08686790159958163,0.0
698,0.19348646842413583,0.3485189780087482,0.31230175322896914,0.14569280033814677,0.0
699,0.15170935561156793,0.39621098338555516,0.2909648591983752,0.1611148018045017,0.0
700,0.17648799398329656,0.3924488498685789,0.2530093435352755,0.178053812612849,0.0
701,0.1283586691208244,0.4147197898255028,0.2863876849916505,0.17053385606202223,0.0
702,0.11992241314663048,0.39643562613509137,0.3050063263354661,0.17863563438281221,0.0
703,0.13281736010853945,0.43781899467106056,0.30710731135347646,0.1222563338669236,0.0
704,0.15150657549392088,0.43208408895820527,0.26158952160915794,0.1548198139387159,0.0
705,0.15163026666733528,0.43237186897795743,0.2631678953445433,0.15282996901016396,0.0
706,0.08816929143279537,0.4361943054413333,0.30641911847362563,0.1692172846522457,0.0
707,0.15544839122127865,0.4578376464486545,0.2524333861179291,0.13428057621213776,0.0
708,0.15802265217786732,0.35828825332958,0.3189600579719176,0.164729036520635,0.0
709,0.17243365532279128,0.4605176232917594,0.25204626710913874,0.11500245427631059,0.0
710,0.20762060810085342,0.41878200702984364,0.22747297689896528,0.14612440797033782,0.0
711,0.14438799049847142,0.39567562111498017,0.29744173972876575,0.16249464865778268,0.0
712,0.18219586166344767,0.2588558920145492,0.38836301098749343,0.17058523533450962,0.0
713,0.14794455029233414,0.5182741476889724,0.2224098987239466,0.11137140329474693,0.0
714,0.14699700286577844,0.5404223967079503,0.16542422847565458,0.14715637195061668,0.0
715,0.12577702946277233,0.42186076168082776,0.2631625525604956,0.1891996562959045,0.0
716,0.13594187656214476,0.3551867109876468,0.335015955933041,0.17385545651716738,0.0
717,0.15887130320902457,0.44118155034458956,0.27173890264324896,0.12820824380313692,0.0
718,0.16412520616006562,0.3144267403746354,0.33883334062151255,0.18261471284378655,0.0
719,0.18352269798274837,0.37014855321794443,0.31537728700124396,0.13095146179806313,0.0
720,0.18263537427583657,0.3725443865429544,0.2937696579673007,0.1510505812139084,0.0
721,0.16020874762271975,0.3666137514817664,0.3075438477883656,0.16563365310714823,0.0
722,0.20088298536633625,0.31234026205011234,0.31824798971282514,0.1685287628707263,0.0
723,0.16049811241579337,0.37364043306919303,0.34336318917340325,0.12249826534161028,0.0
724,0.19238290306745537,0.3336707598476891,0.3355699609194192,0.13837637616543613,0.0
725,0.18425493795547374,0.38085834477817343,0.2972366970907936,0.13765002017555916,0.0
726,0.19233102761051485,0.34182329887274654,0.3193433064520437,0.14650236706469497,0.0
727,0.15038362808697875,0.3895205614572491,0.31432217496647175,0.14577363548930053,0.0
728,0.1565050936053794,0.302287922280586,0.34641712168899114,0.19478986242504354,0.0
729,0.15816648582787118,0.2896585642029704,0.3456043381439066,0.20657061182525177,0.0
730,0.13508330489752762,0.5087659150310496,0.21919609582551525,0.1369546842459075,0.0
731,0.10525293141214606,0.48750139543376764,0.2598377244570069,0.14740794869707954,0.0
732,0.1488981142588366,0.4439321820024359,0.2756717266269881,0.13149797711173947,0.0
733,0.14079993143389388,0.47817588234226766,0.2617810594180191,0.11924312680581932,0.0
734,0.17510014016283845,0.35640244312581737,0.31099195287142245,0.15750546383992187,0.0
735,0.15607080333887144,0.3494331797027891,0.33004626920804825,0.16444974775029114,0.0
736,0.18828290079311397,0.402707317663756,0.2658229752792785,0.14318680626385147,0.0
737,0.2027081177055687,0.34419116314161796,0.3101530801763114,0.14294763897650212,0.0
738,0.1546433104737902,0.4758159610481449,0.2517691320433299,0.11777159643473495,0.0
739,0.16708306765487874,0.32975495512637426,0.35243735384082747,0.1507246233779196,0.0
740,0.16191636894150718,0.41612663130504307,0.2480382369592802,0.17391876279416946,0.0
741,0.12101132990095256,0.423031060850837,0.2718042672609516,0.1841533419872589,0.0
742,0.14993098550203146,0.3815404658306096,0.3160434831794542,0.15248506548790475,0.0
743,0.21122031291034035,0.2949149340857535,0.3426603279320412,0.15120442507186513,0.0
744,0.10877840851734022,0.4028273856314008,0.3127782201896414,0.17561598566161754,0.0
745,0.14772302874880364,0.3517635090992314,0.35853177552542753,0.14198168662653735,0.0
746,0.1648878766190941,0.4231305935398085,0.2782514583396023,0.13373007150149516,0.0
747,0.196389844267537,0.40511895466374587,0.2607814551456441,0.13770974592307292,0.0
748,0.18671104313017114,0.33753706651789006,0.3035906710562435,0.17216121929569533,0.0
749,0.16890425561361697,0.42880190216229785,0.2505332857998118,0.15176055642427333,0.0
750,0.15747939035668668,0.4675603955643704,0.24944226514093978,0.1255179489380032,0.0
751,0.24559326907851423,0.2950659729763665,0.3108975709870442,0.14844318695807499,0.0
752,0.19662079721997258,0.31056637093502043,0.30706784097996837,0.18574499086503862,0.0
753,0.168460426287808,0.49788023278184484,0.20077117387755716,0.13288816705279005,0.0
754,0.13958806159963547,0.5372481795285019,0.20869480150807584,0.11446895736378677,0.0
755,0.19846730342173802,0.2725494213075407,0.365242433716618,0.16374084155410323,0.0
756,0.18327547898453772,0.3004554495735526,0.3489212269747719,0.1673478444671377,0.0
757,0.19626251971663666,0.3604555029821785,0.294808400964508,0.14847357633667702,0.0
758,0.12872835382409345,0.5070840622539466,0.2371616380877533,0.12702594583420662,0.0
759,0.14776220326544753,0.40078197213342065,0.25822249792778157,0.19323332667335028,0.0
760,0.14301123356464382,0.4642311230772406,0.261226907637239,0.1315307357208765,0.0
761,0.15615737383771644,0.44840108214333546,0.26377471093991195,0.1316668330790361,0.0
762,0.1709167864399844,0.4706563427395197,0.24123719590757245,0.11718967491292344,0.0
763,0.1454917635450472,0.4193375374961443,0.29807975887192933,0.13709094008687928,0.0
764,0.25008976631262547,0.13826741581007385,0.4602279771485667,0.15141484072873393,0.0
765,0.12841455115029385,0.4232290448506205,0.2663965481095652,0.18195985588952046,0.0
766,0.217421513960156,0.28473743180779154,0.27511625455721866,0.22272479967483375,0.0
767,0.15740931985981899,0.4901210341378022,0.22724366792725806,0.12522597807512076,0.0
768,0.13697309753150727,0.4744433658102227,0.24596129078694354,0.14262224587132646,0.0
769,0.14135578185793155,0.4912463577845883,0.2654045628411264,0.1019932975163537,0.0
770,0.20320562025275163,0.2752922396629088,0.3631830023117814,0.15831913777255813,0.0
771,0.17606088378062934,0.3405765623929998,0.3524090046790407,0.13095354914733007,0.0
772,0.13415614933941244,0.4524028885169155,0.25245969389576567,0.16098126824790648,0.0
773,0.08159698838350474,0.5420425880231964,0.23192385647039088,0.14443656712290814,0.0
774,0.1740966649135147,0.28909037190383624,0.3590151876409253,0.17779777554172363,0.0
775,0.19173844192612774,0.31742087958728643,0.3386523207794929,0.15218835770709294,0.0
776,0.17646088827787912,0.5030341363864893,0.1863089046916972,0.13419607064393435,0.0
777,0.15554683460336616,0.4138533651724192,0.2570314355845362,0.17356836463967834,0.0
778,0.1397919716770592,0.3779788474672653,0.3113610441024369,0.1708681367532386,0.0
779,0.15335545490659058,0.3915719137857233,0.29545140569924183,0.1596212256084444,0.0
780,0.15360919102641207,0.4004601717105758,0.30429479814544796,0.1416358391175642,0.0
781,0.1780929388553241,0.3575534443716234,0.3111410863851762,0.1532125303878763,0.0
782,0.20207373911201915,0.30475336243225576,0.3494700237941012,0.14370287466162388,0.0
783,0.11535447027864404,0.41727663956595734,0.29684594088176347,0.17052294927363512,0.0
784,0.21939583834995707,0.1984069757487846,0.4238277257185843,0.15836946018267406,0.0
785,0.12418503733290347,0.4748395282339309,0.252277290787333,0.14869814364583264,0.0
786,0.16923914401750068,0.4093212486107061,0.2901994265088186,0.1312401808629746,0.0
787,0.12301390716706195,0.3744111957432928,0.30185294488247805,0.20072195220716735,0.0
788,0.14491800938935845,0.4476833118471424,0.2701616564153161,0.13723702234818327,0.0
789,0.1885868297691526,0.308792361284498,0.3270291714904484,0.17559163745590106,0.0
790,0.19646183722276298,0.3658504969820356,0.29678542234261296,0.14090224345258845,0.0
791,0.15926718510872453,0.36466689520581,0.3091317772797659,0.1669341424056996,0.0
792,0.1573037225254803,0.46612088619769715,0.2720214660950115,0.10455392518181097,0.0
793,0.16748203831036718,0.3672314793154696,0.2898731797326905,0.17541330264147267,0.0
794,0.1486000874159759,0.4484579357673417,0.2676750128212315,0.13526696399545082,0.0
795,0.17843575665798722,0.3464492929079002,0.34007217866048295,0.13504277177362958,0.0
796,0.14640147434123754,0.4429597281879297,0.2755571261968253,0.13508167127400747,0.0
797,0.15779782461667827,0.4246950011066371,0.2638079562967083,0.15369921797997635,0.0
798,0.18587739918969784,0.41757075519473247,0.22791717328722655,0.16863467232834323,0.0
799,0.14323281486649161,0.5078515966842171,0.20818349203092773,0.14073209641836365,0.0
800,0.20507746672413601,0.35275404121271314,0.2998501369498594,0.14231835511329147,0.0
801,0.20510683299503282,0.41268817288762827,0.264390402303946,0.11781459181339297,0.0
802,0.1474974493499915,0.388022940694337,0.28085924768774884,0.1836203622679226,0.0
803,0.16088041811520473,0.36067386722798656,0.34867863638303964,0.129767078273769,0.0
804,0.14235702894674968,0.45346196834471747,0.22394943920594143,0.1802315635025914,0.0
805,0.12162649803058391,0.4631499614306606,0.2594049787638851,0.15581856177487044,0.0
806,0.1698533567132688,0.4630704190995294,0.2302758151513423,0.13680040903585947,0.0
807,0.12936249034255576,0.491402826928538,0.24414037670568178,0.13509430602322445,0.0
808,0.14427632414499514,0.4110501210184848,0.27751512003972206,0.16715843479679798,0.0
809,0.11925004429374736,0.5186447909691808,0.20676870015651191,0.1553364645805599,0.0
810,0.11712816020415891,0.46232342622786854,0.24576923671373532,0.17477917685423713,0.0
811,0.13466157599438408,0.4178404001585968,0.31060967982900545,0.1368883440180137,0.0
812,0.14497819588249053,0.40495329068837654,0.3009676556491231,0.1491008577800097,0.0
813,0.1171953837851545,0.44767840905727313,0.28137989896227805,0.15374630819529425,0.0
814,0.16520656354352284,0.4297124489633685,0.25522098803566395,0.14985999945744458,0.0
815,0.16543275084660533,0.42374996428141487,0.2682674293614625,0.1425498555105172,0.0
816,0.1760214936070409,0.3457298090173892,0.30815034204563907,0.1700983553299309,0.0
817,0.15158192189810332,0.42856060422786263,0.27919645324365344,0.14066102063038075,0.0
818,0.1644494626398696,0.301567607315536,0.3718830282247353,0.16209990181985898,0.0
819,0.12169769664071663,0.5064823285239242,0.23682077280660283,0.13499920202875634,0.0
820,0.09359929743509166,0.5107158537328238,0.24036597722125605,0.1553188716108286,0.0
821,0.2177122763973644,0.17869439911639468,0.4010875840177528,0.20250574046848813,0.0
822,0.1675955723808455,0.39918106825147803,0.2933607060656305,0.139862653302046,0.0
823,0.13631471074825216,0.42779743505920437,0.25065731808207853,0.18523053611046497,0.0
824,0.16561699477641156,0.3859509018350546,0.28687645588676586,0.1615556475017678,0.0
825,0.15787767650533374,0.3400059030352427,0.316818380360413,0.1852980400990105,0.0
826,0.21977665937349214,0.1281072069925252,0.4381018743393267,0.2140142592946561,0.0
827,0.15701759910244686,0.31164060389112647,0.3514212046817318,0.17992059232469487,0.0
828,0.24640121164766288,0.13896253862116512,0.4378151042493461,0.17682114548182584,0.0
829,0.12406734547263157,0.5051187239703763,0.23756578367791611,0.13324814687907605,0.0
830,0.1133565904033964,0.40420730449742526,0.27485404879330044,0.20758205630587787,0.0
831,0.15046958188926396,0.3650375791673981,0.34656951466260383,0.13792332428073398,0.0
832,0.1655684188037958,0.32292023656653457,0.3207805427713763,0.19073080185829341,0.0
833,0.21912514951763887,0.24518378799387014,0.340867813139058,0.194823249349433,0.0
834,0.16405447038554213,0.4196317779293678,0.2666129623114374,0.1497007893736526,0.0
835,0.13135883814456462,0.41806914173393755,0.2897545248617531,0.16081749525974476,0.0
836,0.15732272217294271,0.43312732667870896,0.27322080294214895,0.13632914820619932,0.0
837,0.15586131821706242,0.26983162282792467,0.3742395885599249,0.200067470395088,0.0
838,0.18809476497219066,0.2911968285723537,0.35229734206894076,0.16841106438651493,0.0
839,0.1429815172540099,0.4412680879317642,0.24539791118188184,0.17035248363234412,0.0
840,0.1258660956531984,0.40424988261387107,0.28316467628441344,0.18671934544851726,0.0
841,0.1415145450524768,0.3902567537175482,0.30104631822404604,0.16718238300592897,0.0
842,0.15291875494033344,0.40609957470619834,0.30673630188148626,0.13424536847198193,0.0
843,0.18912518777100656,0.3427984960165958,0.31658841267495763,0.15148790353744016,0.0
844,0.14326967607161264,0.4114337321622135,0.28228163865000405,0.16301495311616981,0.0
845,0.11079895319548629,0.544944052245935,0.20950411242454653,0.13475288213403216,0.0
846,0.1551563573230912,0.38049271316093175,0.29985857694254,0.16449235257343708,0.0
847,0.16318015827460922,0.412784249188282,0.2797932202293435,0.14424237230776535,0.0
848,0.16042422815417887,0.37757628964572687,0.30958062169601813,0.15241886050407605,0.0
849,0.19678762994315147,0.3888305669392304,0.24098137062363875,0.17340043249397916,0.0
850,0.14387842366904777,0.4630141900675148,0.2640336796242915,0.129073706639146,0.0
851,0.1202696008415125,0.41342327933847267,0.2745553401811877,0.19175177963882695,0.0
852,0.10728475686198342,0.4792823759928147,0.2477679650353529,0.16566490210984905,0.0
853,0.12694511528193309,0.459004179170949,0.2547079184837251,0.15934278706339278,0.0
854,0.18566910233530043,0.3416063021787644,0.3294346960555397,0.1432898994303954,0.0
855,0.1356414424396149,0.40943921963049046,0.32055763214050986,0.13436170578938478,0.0
856,0.18427124985437518,0.3459682900170771,0.2814204675677399,0.18833999256080777,0.0
857,0.1617708512574425,0.3962606314369674,0.3003024964852944,0.14166602082029572,0.0
858,0.11112350530899302,0.47258835628487883,0.26846834522489416,0.14781979318123395,0.0
859,0.15939186314125328,0.47050245367364235,0.2629602002014889,0.10714548298361551,0.0
860,0.17367264288911408,0.3695392539354941,0.32036662285119,0.13642148032420187,0.0
861,0.2031085183154846,0.41483759603881454,0.2907305024588189,0.09132338318688217,0.0
862,0.16569226619190766,0.4351420720064912,0.24287715838346308,0.1562885034181381,0.0
863,0.1243023742007315,0.4363781835652025,0.2867620311149234,0.15255741111914262,0.0
864,0.17658679172692127,0.3775052364724485,0.2916002328848599,0.15430773891577018,0.0
865,0.17984947078239302,0.3442614109048064,0.3249896732265306,0.15089944508627012,0.0
866,0.10937945017172643,0.4982457529069157,0.28166886967146837,0.11070592724988944,0.0
867,0.17244440413259246,0.3565018019185354,0.300411841575006,0.17064195237386606,0.0
868,0.16020954754051456,0.45528051213486165,0.24293063261825043,0.14157930770637342,0.0
869,0.14765552758876724,0.4858700827464347,0.24036098154461236,0.12611340812018576,0.0
870,0.186543688546811,0.5066539524078308,0.15627037521868486,0.15053198382667324,0.0
871,0.20500614912244852,0.34721505667917785,0.30144428178451055,0.14633451241386317,0.0
872,0.19307897892567433,0.323033504857054,0.3669641905573385,0.11692332565993321,0.0
873,0.15134233506841996,0.37243130489948123,0.3165919407012121,0.15963441933088662,0.0
874,0.2484690653060774,0.30850765827306625,0.26542812440457214,0.1775951520162842,0.0
875,0.1391664159087856,0.3550558509456747,0.3392284546679331,0.16654927847760667,0.0
876,0.164438418793649,0.4479959741914429,0.23590161681533428,0.15166399019957402,0.0
877,0.14187634374600985,0.4109978492560166,0.2702679038549144,0.1768579031430591,0.0
878,0.14883988349079327,0.4374273944235071,0.28377688780287286,0.12995583428282673,0.0
879,0.14949868330485105,0.43727835593046127,0.27978760176249895,0.1334353590021887,0.0
880,0.17000745433650055,0.3520858248016068,0.2858843155024298,0.19202240535946283,0.0
881,0.22344302005803957,0.32749927908225307,0.30358945674284066,0.14546824411686665,0.0
882,0.13886892910034318,0.42617408191851686,0.2836637685191159,0.15129322046202415,0.0
883,0.18852540048092462,0.3577657172779107,0.33619946299043274,0.11750941925073184,0.0
884,0.1715526650659573,0.4451659043498224,0.25609326545688765,0.1271881651273327,0.0
885,0.14235175478240472,0.39763559475381277,0.2782936274157885,0.18171902304799384,0.0
886,0.15788917583937234,0.41734576823514646,0.27263523800555245,0.1521298179199288,0.0
887,0.14173236445436732,0.47393655560362835,0.25692518119659713,0.1274058987454071,0.0
888,0.1853115955639583,0.31769679640022186,0.32394181418363494,0.1730497938521849,0.0
889,0.1255920794674952,0.3517156242471548,0.34773697824120003,0.17495531804415013,0.0
890,0.1609750154937308,0.43524966693787226,0.24047013934398406,0.16330517822441282,0.0
891,0.17168656363487855,0.4313243462227035,0.2640736603924415,0.13291542974997653,0.0
892,0.171570425000513,0.326402403401403,0.3520465993326016,0.14998057226548253,0.0
893,0.13171778906955928,0.5412197001182325,0.2225610755760066,0.1045014352362016,0.0
894,0.38389010813086905,0.0,0.276478288428328,0.33963160344080295,0.0
895,0.18889903268099648,0.45872636917815124,0.22926631446362186,0.12310828367723047,0.0
896,0.13700290199403525,0.49945085068228984,0.24066642917570152,0.12287981814797339,0.0
897,0.16677383366626447,0.3582884862205308,0.3119290779851146,0.16300860212809024,0.0
898,0.14240768969917159,0.44067509670968347,0.2579098209818125,0.15900739260933236,0.0
899,0.16157542574702036,0.3741076295258744,0.3112546087735651,0.1530623359535402,0.0
900,0.13205089307562343,0.4629059909951629,0.24891490913623468,0.1561282067929791,0.0
901,0.16676509682955734,0.3927112305474521,0.28135831005208856,0.159165362570902,0.0
902,0.15191409117145957,0.40266132308570435,0.2912631878215274,0.15416139792130867,0.0
903,0.15060471376853576,0.44146816903731523,0.2502893510877089,0.15763776610644012,0.0
904,0.21371112273821818,0.32850291177313623,0.29640265291048684,0.16138331257815863,0.0
905,0.16763548218489072,0.45997518544163407,0.2469693371023724,0.12541999527110273,0.0
906,0.16279692425679174,0.41218533709087674,0.29621101004535105,0.12880672860698042,0.0
907,0.1406458482052629,0.4511934705882195,0.26744983154270696,0.14071084966381064,0.0
908,0.08952325501515257,0.4541937601890847,0.2643674047842501,0.19191558001151274,0.0
909,0.18325949288262133,0.3905239109510567,0.2804565051527083,0.14576009101361367,0.0
910,0.16849549146321147,0.3865149531048022,0.28779379355077345,0.15719576188121293,0.0
911,0.17213999136521024,0.3978891797900963,0.28358011720837384,0.14639071163631973,0.0
912,0.23237996657737503,0.0,0.5180829860248334,0.24953704739779156,0.0
913,0.1505361951075927,0.33285818415037216,0.3242582164319733,0.19234740431006175,0.0
914,0.15837555170916556,0.48115152364956554,0.24126601269623094,0.11920691194503795,0.0
915,0.12727066174824436,0.4852093060123779,0.2463441069359916,0.14117592530338613,0.0
916,0.14749331081946587,0.4743506644245935,0.2487812928512765,0.12937473190466406,0.0
917,0.13752897647543993,0.41961475420447913,0.27311615249207544,0.16974011682800547,0.0
918,0.12427450070705874,0.48955255996655883,0.2470668095563003,0.13910612977008213,0.0
919,0.16194820792836034,0.3231929659791031,0.3280019654704147,0.18685686062212176,0.0
920,0.12231088471472955,0.3963520711369614,0.2896249395286736,0.19171210461963548,0.0
921,0.1311549568820401,0.37361050797137024,0.34987579189651297,0.14535874325007675,0.0
922,0.15602988302159362,0.4145631075240266,0.2542519783283954,0.1751550311259844,0.0
923,0.14062950722587225,0.45325857384630375,0.29399441890680533,0.11211750002101867,0.0
924,0.15149354592707792,0.3724334276029964,0.3099094964854005,0.1661635299845252,0.0
925,0.22857720511129645,0.34064086373246416,0.29957752234717633,0.13120440880906312,0.0
926,0.1642395231085008,0.4450772139863215,0.24417892941614966,0.14650433348902808,0.0
927,0.18873426734147086,0.36899360003909637,0.28215971186731015,0.1601124207521227,0.0
928,0.18299725724704508,0.39058442788375686,0.2782498956798524,0.1481684191893455,0.0
929,0.17621282322820545,0.27522125071957193,0.36140792012221823,0.1871580059300044,0.0
930,0.19530636385773023,0.37632990941531225,0.2977752848810872,0.13058844184587026,0.0
931,0.14333952514147866,0.4297985551196745,0.2695529820122521,0.15730893772659474,0.0
932,0.16779697940052082,0.41786162131081245,0.2927015985357804,0.12163980075288629,0.0
933,0.14911779011921142,0.35833789243434894,0.31030385636391455,0.18224046108252517,0.0
934,0.11530406940408816,0.5669572987334116,0.19827413773526215,0.11946449412723792,0.0
935,0.1458106691502963,0.37884355554825766,0.2928759731104634,0.18246980219098252,0.0
936,0.19213093001246645,0.45012372540279544,0.25548632362438706,0.10225902096035099,0.0
937,0.12347392903376857,0.43952182026683095,0.2416390735989768,0.19536517710042367,0.0
938,0.15687772664960997,0.5037426636288114,0.21961053008961612,0.1197690796319626,0.0
939,0.17206740285140013,0.39763625944461833,0.2734447503636867,0.15685158734029492,0.0
940,0.16808994363644364,0.4181268752608325,0.26183470522512187,0.151948475877602,0.0
941,0.19163252788755952,0.1601459563579789,0.41294822526867253,0.23527329048578907,0.0
942,0.27699928774537935,0.143088081947753,0.3471049577927194,0.23280767251414833,0.0
943,0.16292999473526099,0.48287672943162735,0.2758234584316709,0.07836981740144064,0.0
944,0.1477844132628818,0.45191250490844553,0.25929277896788117,0.14101030286079141,0.0
945,0.1745534929676658,0.3705575494537588,0.31800889901863894,0.13688005855993654,0.0
946,0.16766058898379238,0.3535285067910775,0.29844985796162715,0.18036104626350308,0.0
947,0.1750423823339669,0.45952644772593404,0.270082157547627,0.095349012392472,0.0
948,0.15375343880299341,0.49017421891126517,0.2193754853979319,0.13669685688780944,0.0
949,0.16709776849180022,0.48568174830642247,0.21068414613946387,0.1365363370623135,0.0
950,0.11348231401938776,0.49977504841556153,0.24371423049927066,0.14302840706577988,0.0
951,0.1355570949990688,0.4587957707693144,0.26912795272873974,0.13651918150287704,0.0
952,0.08284144519079387,0.29670921986789506,0.35362061898609204,0.26682871595521906,0.0
953,0.15273706341453178,0.4880304427499596,0.2546033599812137,0.10462913385429512,0.0
954,0.16904685324453153,0.40784667909624406,0.29139796707042454,0.13170850058879988,0.0
955,0.14273488633806083,0.4231030735240376,0.29164401991593963,0.14251802022196192,0.0
956,0.1843329079048396,0.4047444701440944,0.2629508470114569,0.14797177493960906,0.0
957,0.145340986966724,0.46630831514493865,0.25619684107459534,0.13215385681374192,0.0
958,0.19282683364249328,0.3370212751092656,0.29156517312376823,0.17858671812447283,0.0
959,0.16643967807432314,0.38262692986962377,0.27639513633552804,0.17453825572052506,0.0
960,0.09863892174690264,0.5192111075013544,0.2398249883747507,0.1423249823769923,0.0
961,0.1819393354387532,0.4526798745440202,0.267896601398636,0.09748418861859041,0.0
962,0.20331653795851604,0.3088013789518356,0.31646828349867023,0.17141379959097813,0.0
963,0.11320568755458828,0.4558429054191808,0.2566170393418218,0.17433436768440908,0.0
964,0.14762559139326994,0.4228613576299645,0.2847572831062807,0.14475576787048472,0.0
965,0.17725897297216228,0.4653236485914113,0.2390971883807158,0.11832019005571061,0.0
966,0.13532527117062096,0.44694447237485785,0.27875598351008457,0.1389742729444366,0.0
967,0.14476625622119837,0.4120995033657922,0.2716407893656073,0.17149345104740218,0.0
968,0.1267847943752522,0.3984710676234679,0.26502539649957646,0.2097187415017035,0.0
969,0.14916145804941755,0.44372224536991994,0.24748697238224443,0.15962932419841808,0.0
970,0.1652235167128715,0.37267469032902306,0.3153992471079016,0.14670254585020376,0.0
971,0.16739081172355216,0.37099297581990975,0.2994920143190453,0.1621241981374928,0.0
972,0.1845845474984061,0.36629734284356674,0.29847094025966747,0.15064716939835962,0.0
973,0.1777559174229761,0.36493861054088955,0.29587488445124493,0.1614305875848894,0.0
974,0.16752368202343063,0.4959096539334662,0.2008313153643898,0.13573534867871337,0.0
975,0.14439753592971685,0.40747509221795275,0.304268743125694,0.14385862872663638,0.0
976,0.23803732476610298,0.2937340721219321,0.3466391208322526,0.12158948227971232,0.0
977,0.18976697757967168,0.3966097844147165,0.253878653399778,0.15974458460583388,0.0
978,0.17525480236841212,0.4490614404865489,0.2652336837172413,0.11045007342779761,0.0
979,0.18171320590891407,0.37631942480238517,0.3059770381149484,0.13599033117375225,0.0
980,0.21859958133309465,0.26492373454425455,0.30160314338936434,0.21487354073328643,0.0
981,0.14954265190840382,0.4673099666174386,0.2520229516034193,0.13112442987073825,0.0
982,0.2078941375644737,0.34906408894379465,0.32474053635037753,0.11830123714135427,0.0
983,0.20182089329208264,0.3811490243998183,0.27160759496219644,0.14542248734590263,0.0
984,0.20939697072658742,0.3143750583596141,0.2845465537300298,0.19168141718376877,0.0
985,0.15379003834392718,0.40753822386358496,0.2667396506713392,0.17193208712114855,0.0
986,0.20733006848579555,0.40957392959437594,0.27162353771294234,0.11147246420688603,0.0
987,0.13750506037750437,0.5341613359725167,0.2120810539960901,0.11625254965388891,0.0
988,0.15033426297634103,0.39362580616218296,0.31413755414267086,0.1419023767188051,0.0
989,0.14462128840157248,0.46121980445962457,0.25964362317323103,0.13451528396557186,0.0
990,0.1317036005570109,0.4850414688156911,0.2437317822802124,0.13952314834708565,0.0
991,0.17952198898168897,0.4090065313214038,0.2780441055296541,0.13342737416725306,0.0
992,0.1864615473693853,0.37762454639924314,0.27539434992324624,0.16051955630812534,0.0
993,0.12837709514181497,0.39324001245312773,0.2985075451856837,0.1798753472193737,0.0
994,0.17919632372864921,0.2861642620261681,0.3719793642692619,0.16266004997592076,0.0
995,0.19442925950484202,0.2966881485403729,0.3899823654861981,0.11890022646858707,0.0
996,0.11536925451102949,0.46241155268055145,0.29857303584098466,0.12364615696743446,0.0
997,0.13344554561617417,0.4389334328158377,0.2799383965275558,0.14768262504043245,0.0
998,0.14029089015234109,0.4512152545175538,0.25756009503245514,0.15093376029765,0.0
999,0.2631419730814457,0.12942409665389915,0.42319392865098293,0.18424000161367207,0.0
1000,0.16642513999942943,0.3988473797893685,0.2679783910414025,0.16674908916979958,0.0
1001,0.14132438983152246,0.3198830356069093,0.3463804267083707,0.19241214785319766,0.0
1002,0.15569615769063516,0.4372974863640111,0.29274836072896826,0.11425799521638534,0.0
1003,0.12645133851088242,0.533878787027304,0.21778932046722163,0.12188055399459191,0.0
1004,0.15195427975998896,0.3993398377168946,0.25932980321168303,0.18937607931143344,0.0
1005,0.13245405385390718,0.4642822708659539,0.28150587444154185,0.12175780083859705,0.0
1006,0.17347962442329662,0.3280312109574585,0.2651972356745973,0.2332919289446476,0.0
1007,0.13834976912652805,0.3729998379203879,0.2972922070494227,0.1913581859036614,0.0
1008,0.18811708185400927,0.3446013928518949,0.2952823513873635,0.17199917390673233,0.0
1009,0.1609536480208651,0.3884749309122303,0.30332964705650717,0.14724177401039754,0.0
1010,0.1377799206481785,0.4147477235102021,0.2740838983142802,0.17338845752733914,0.0
1011,0.19855271828723228,0.35449061333113524,0.2595480844542882,0.1874085839273443,0.0
1012,0.13126516123428167,0.4680523202990046,0.24319675485916614,0.1574857636075477,0.0
1013,0.19531592381331087,0.3514458207309117,0.2550253525505633,0.1982129029052142,0.0
1014,0.10827184081464196,0.5130949086782852,0.2606849997931763,0.11794825071389636,0.0
1015,0.18070379654235932,0.4736374483296066,0.2056088662583989,0.14004988886963513,0.0
1016,0.18217822295685118,0.43311985674981396,0.25244235857961356,0.13225956171372127,0.0
1017,0.17375215534568078,0.4226346533194933,0.28086704866243156,0.12274614267239443,0.0
1018,0.1566553162940624,0.3588070901495523,0.3127818100161161,0.17175578354026902,0.0
1019,0.20501888493574805,0.3572950418594574,0.29081408366619105,0.1468719895386035,0.0
1020,0.1511407723457123,0.3875744166829403,0.2827971010661566,0.1784877099051909,0.0
1021,0.15116379520762113,0.4678193777732023,0.2638106010812589,0.11720622593791771,0.0
1022,0.16488037390919302,0.42073970353333695,0.2787508096662589,0.1356291128912111,0.0
1023,0.1643061328007477,0.42090378937496964,0.2578027706842993,0.15698730713998324,0.0
1024,0.1607441806125593,0.3760530154455554,0.2925414542294695,0.17066134971241584,0.0
1025,0.17034128739453835,0.48141939647423865,0.23621626330311757,0.11202305282810546,0.0
1026,0.16616226491102054,0.40066749718845285,0.2807464994245964,0.1524237384759303,0.0
1027,0.14590950083789847,0.36949739792369646,0.35934335244508275,0.12524974879332226,0.0
1028,0.12685552871307695,0.49461290280501014,0.2248361548712693,0.15369541361064362,0.0
1029,0.19009040589635925,0.49167481148873055,0.20970391570561098,0.10853086690929938,0.0
1030,0.1550900833659758,0.3976479215655376,0.29014189848329497,0.15712009658519163,0.0
1031,0.11900980877011404,0.4885202931064576,0.2544261829072108,0.13804371521621756,0.0
1032,0.14043981270300307,0.4770798099523151,0.2455634757327942,0.1369169016118875,0.0
1033,0.16494449811934697,0.3730698964376843,0.3115690463677731,0.15041655907519563,0.0
1034,0.18426401847087528,0.39842878488840694,0.30029325107736365,0.11701394556335408,0.0
1035,0.15222619804311496,0.46839937137991594,0.23885374461372272,0.1405206859632465,0.0
1036,0.13622661406065711,0.40744436980378196,0.2846958564321512,0.17163315970340967,0.0
1037,0.1408146148987792,0.518828820561944,0.19612633744676583,0.14423022709251096,0.0
1038,0.08378111177621274,0.41690737104878284,0.29861295720557773,0.20069855996942673,0.0
1039,0.14558944109892236,0.5015630914542283,0.20734167795462763,0.14550578949222157,0.0
1040,0.18893418253045008,0.4257673089980436,0.2660332736693389,0.11926523480216746,0.0
1041,0.16896356634886894,0.44242092811203737,0.28012106503627837,0.10849444050281534,0.0
1042,0.14907937803171328,0.40946823824183404,0.25480780677662507,0.1866445769498275,0.0
1043,0.16252447634183773,0.4833988893769414,0.19641857030343626,0.15765806397778456,0.0
1044,0.1316376130187872,0.4427421559250702,0.2777608415962094,0.14785938945993318,0.0
1045,0.1446247421641983,0.4663584911561657,0.24722390215503698,0.14179286452459902,0.0
1046,0.16173580852842948,0.48739160955949856,0.20735590635377776,0.14351667555829417,0.0
1047,0.21651253876985077,0.32922506871808216,0.3147906756165716,0.13947171689549542,0.0
1048,0.1595903150706517,0.32813759383965013,0.3524086433607438,0.15986344772895428,0.0
1049,0.20477815910092706,0.2892549561363725,0.3434662568357908,0.16250062792690967,0.0
1050,0.19180476760032064,0.3163189273958099,0.28999492946967603,0.2018813755341934,0.0
1051,0.17041751703134547,0.4502643216318808,0.2604101715692738,0.11890798976749992,0.0
1052,0.13580094803916015,0.4987685965180357,0.2383054979269007,0.12712495751590355,0.0
1053,0.13837924951460526,0.39119645015505267,0.298562613532999,0.17186168679734312,0.0
1054,0.15274187773968195,0.4236929948071135,0.275763423266237,0.14780170418696753,0.0
1055,0.17982334072901526,0.3841290221436425,0.2930652327698252,0.14298240435751697,0.0
1056,0.16725825652121537,0.4564386376558824,0.24114254793932602,0.1351605578835761,0.0
1057,0.1232948624885904,0.48336975941055804,0.2759922444441428,0.11734313365670883,0.0
1058,0.23737826809755913,0.3088398021566123,0.28967009377614933,0.16411183596967932,0.0
1059,0.1575400462023786,0.4655769579843579,0.24412537054698616,0.13275762526627738,0.0
1060,0.15456444204730918,0.4608080011895571,0.2365659811913606,0.14806157557177313,0.0
1061,0.13386399826946835,0.3791560690277105,0.30536942614787854,0.1816105065549426,0.0
1062,0.11096489955419414,0.44871474093428443,0.2789420892884668,0.16137827022305448,0.0
1063,0.1019953276256743,0.4707023114896505,0.2562884281939006,0.17101393269077475,0.0
1064,0.17299708857701887,0.27658438923020323,0.3692236115894245,0.1811949106033532,0.0
1065,0.16084123733711636,0.39709358480933027,0.2885104019119553,0.15355477594159805,0.0
1066,0.13488488186818579,0.47245398989389376,0.24967640117087422,0.14298472706704618,0.0
1067,0.19592695931602877,0.2767822014878167,0.32584683897495603,0.20144400022119874,0.0
1068,0.16241039044898836,0.45104670737848285,0.25347201550295745,0.13307088666957131,0.0
1069,0.15644494480252524,0.3629404038701415,0.31055753152575927,0.17005711980157398,0.0
1070,0.16209663776811484,0.28749439572350827,0.34828840622706037,0.20212056028131647,0.0
1071,0.1580339245784616,0.4068007433100936,0.289697132451647,0.14546819965979768,0.0
1072,0.15358634469536075,0.43388736571729275,0.27053961099403395,0.14198667859331252,0.0
1073,0.20063329858052617,0.3856426627483353,0.3031120656646466,0.11061197300649198,0.0
1074,0.15415239352809657,0.399859972210885,0.2778684546047773,0.16811917965624112,0.0
1075,0.14768829657953736,0.408594917262001,0.2756117647835115,0.16810502137495,0.0
1076,0.09747630610588198,0.4861541614280072,0.2826121851729952,0.1337573472931157,0.0
1077,0.12248288753997302,0.44011473726950634,0.2792606942579804,0.1581416809325402,0.0
1078,0.1550795829422926,0.4269006845370693,0.270655628515228,0.1473641040054102,0.0
1079,0.1602932245568618,0.38519721329960993,0.28710994039793086,0.1673996217455974,0.0
1080,0.13972000297776377,0.47280410186109834,0.25023091463248287,0.13724498052865491,0.0
1081,0.19877158271445416,0.3082812464092872,0.32821525946626456,0.16473191140999396,0.0
1082,0.18070341988412605,0.3129957266387675,0.3288813949391575,0.17741945853794894,0.0
1083,0.19916145358341822,0.3426456798549337,0.26996682213784956,0.18822604442379862,0.0
1084,0.1458828887548101,0.4615352111476584,0.2427690512136128,0.14981284888391866,0.0
1085,0.12243680710214594,0.42866258318413564,0.2874834249674207,0.16141718474629782,0.0
1086,0.12860711151474308,0.3770355676450018,0.3189098313015276,0.17544748953872735,0.0
1087,0.10020615046522861,0.4865738362478661,0.27154388749799335,0.1416761257889119,0.0
1088,0.1618371678051643,0.12160635986216177,0.4713859523620104,0.24517051997066358,0.0
1089,0.2546745355602525,0.2647015056048864,0.3273253204923603,0.15329863834250093,0.0
1090,0.10905296820700391,0.44323727131808255,0.2988252869093912,0.14888447356552237,0.0
1091,0.1780306842478579,0.3518206546412585,0.31008418004395955,0.16006448106692397,0.0
1092,0.1573369169639309,0.436441174193935,0.2902898178937596,0.11593209094837444,0.0
1093,0.16382472048641727,0.4033189476106902,0.28887190408636343,0.14398442781652918,0.0
1094,0.17178752645984932,0.3506738068063813,0.3020833011327003,0.17545536560106895,0.0
1095,0.2056039606863708,0.3675428000103871,0.27508680696890053,0.1517664323343416,0.0
1096,0.16159666617827959,0.501994974501643,0.21522219464022116,0.12118616467985625,0.0
1097,0.1516035092337978,0.29680646764605917,0.3488139895040436,0.2027760336160995,0.0
1098,0.09963111509567942,0.4754149414397381,0.27995035388443035,0.1450035895801521,0.0
1099,0.1577866955459572,0.4051543793212213,0.27610570818175467,0.16095321695106682,0.0
1100,0.1815963434873079,0.5107474796876696,0.19267552371250984,0.11498065311251263,0.0
1101,0.17612339862851986,0.3836443397311221,0.24567530757117625,0.19455695406918172,0.0
1102,0.17943560763535676,0.40860583575304743,0.2585442256594784,0.1534143309521174,0.0
1103,0.19286744755602964,0.4455600133954554,0.2416776427697935,0.1198948962787214,0.0
1104,0.14825918142457728,0.41224488949518745,0.31556044201199795,0.12393548706823729,0.0
1105,0.1527812910152034,0.3029736948999091,0.38993386509927414,0.15431114898561335,0.0
1106,0.11811809913560013,0.3880346598100038,0.31910955410263625,0.17473768695175973,0.0
1107,0.10942542673409837,0.43920285968533257,0.2937517183133836,0.1576199952671855,0.0
1108,0.16338175225473173,0.36430297724348615,0.3096612121195506,0.1626540583822314,0.0
1109,0.143791899643099,0.46541707445842023,0.27331211199584887,0.11747891390263206,0.0
1110,0.12409591269339565,0.38145512219734873,0.3070848369421605,0.18736412816709502,0.0
1111,0.15151989707812122,0.3918136923606428,0.3001759698267769,0.1564904407344592,0.0
1112,0.1393618424328178,0.5157201356109774,0.19318047006151023,0.1517375518946945,0.0
1113,0.1587764694491177,0.361348313443879,0.3429878906126554,0.13688732649434796,0.0
1114,0.17256229101642645,0.3556504213413723,0.3094685005637827,0.16231878707841849,0.0
1115,0.14110896385300953,0.38816798531800156,0.2960566455930614,0.17466640523592752,0.0
1116,0.15864788733050478,0.4176560939783691,0.2738949391668533,0.14980107952427277,0.0
1117,0.13612299006481116,0.3474400433219657,0.308913045149556,0.20752392146366713,0.0
1118,0.10871718560144607,0.44013394990573435,0.28441464276088585,0.1667342217319336,0.0
1119,0.13128775915680038,0.46538314417031196,0.25942904213717416,0.14390005453571356,0.0
1120,0.16648354178260263,0.4338959183077851,0.2691339201152431,0.13048661979436915,0.0
1121,0.1378877931857556,0.4400252788860539,0.245637409880329,0.1764495180478615,0.0
1122,0.1829922450073526,0.3291614913538007,0.30233138976966695,0.18551487386917961,0.0
1123,0.11565112475961589,0.39996679684512493,0.2910040436756223,0.19337803471963685,0.0
1124,0.1299189640645122,0.49605343741001495,0.24520850665312477,0.12881909187234805,0.0
1125,0.16463698807834456,0.5473090754717166,0.1689086245134092,0.11914531193652976,0.0
1126,0.18424666771885184,0.3122455279033189,0.32826695524910754,0.17524084912872168,0.0
1127,0.18429464390207745,0.18805010109492426,0.39026110711959583,0.23739414788340255,0.0
1128,0.13837147176678663,0.34725980019455904,0.3291999863025579,0.18516874173609638,0.0
1129,0.15032057035696872,0.3571670187735534,0.30313755906201495,0.18937485180746283,0.0
1130,0.1462402831118739,0.45203096522169045,0.28606045421878634,0.11566829744764921,0.0
1131,0.11875957291398999,0.4059892892847547,0.31565512612658975,0.15959601167466553,0.0
1132,0.1295835036345517,0.4092416039895656,0.30096987090549304,0.1602050214703896,0.0
1133,0.16273001323255903,0.4087950406229877,0.3029852325239698,0.1254897136204834,0.0
1134,0.1763538206818195,0.3849700369789339,0.27900448747298084,0.15967165486626572,0.0
1135,0.16194347477624832,0.2566908533237267,0.3864385201143406,0.19492715178568443,0.0
1136,0.29090712883616504,0.0,0.47837929403018603,0.23071357713364898,0.0
1137,0.12094231791662065,0.47081906700519566,0.2213444473277781,0.18689416775040554,0.0
1138,0.15073964811271154,0.3182531815780318,0.35631780460050017,0.17468936570875648,0.0
1139,0.1554872420836564,0.41430408237395105,0.25674241878095255,0.1734662567614398,0.0
1140,0.16270258237626106,0.36657078355117834,0.3097763921752868,0.16095024189727383,0.0
1141,0.22498572622108282,0.22638845994891033,0.3747748289961052,0.1738509848339017,0.0
1142,0.1768073166352987,0.4482372589100456,0.24217748337085102,0.13277794108380472,0.0
1143,0.1847584879802819,0.395232844759165,0.2830517433557666,0.13695692390478653,0.0
1144,0.174388113274994,0.30738452015991474,0.3116601025547398,0.20656726401035144,0.0
1145,0.15174651770556238,0.4849669124279094,0.2413523650453189,0.12193420482120924,0.0
1146,0.15616850303320148,0.3216039033077267,0.36229835942594146,0.1599292342331303,0.0
1147,0.12311689690741165,0.5220642806670674,0.22936251777891167,0.1254563046466092,0.0
1148,0.16537474014982778,0.3709414953328504,0.3016833279149641,0.1620004366023578,0.0
1149,0.10904937954159043,0.5087717015945389,0.24423804093911056,0.1379408779247601,0.0
1150,0.14989475327257687,0.3030694303754158,0.3486904511560247,0.1983453651959827,0.0
1151,0.10321242013063243,0.41989994890369675,0.2829600047521716,0.19392762621349927,0.0
1152,0.13672665321272098,0.4942006980605493,0.24064565502616653,0.12842699370056335,0.0
1153,0.1468318131881597,0.41311778688201944,0.27750221201040964,0.1625481879194111,0.0
1154,0.2063968992172895,0.3125057379859088,0.3381069784922091,0.14299038430459268,0.0
1155,0.17652145631568156,0.4422304114251875,0.24650902883475162,0.1347391034243793,0.0
1156,0.15558033064383606,0.3646309948695391,0.30971751728044655,0.17007115720617813,0.0
1157,0.11007086318152255,0.4578983938775283,0.2743378171988458,0.1576929257421033,0.0
1158,0.15375161616454291,0.513028035606043,0.20071244492629223,0.1325079033031218,0.0
1159,0.19131716469233184,0.36562648169208123,0.2925307143686258,0.15052563924696105,0.0
1160,0.16195276595060232,0.3987786825387148,0.28106461108648667,0.1582039404241962,0.0
1161,0.16273803355412902,0.41973053657414955,0.26663531423915005,0.15089611563257138,0.0
1162,0.1677880515096806,0.33755418591421643,0.32427787598178864,0.1703798865943142,0.0
1163,0.14293680677252094,0.3511222235778205,0.3386181670607725,0.16732280258888593,0.0
1164,0.19397922891164565,0.4235927518847025,0.2572273942409476,0.12520062496270412,0.0
1165,0.16668311808644773,0.3296936947594613,0.3025953684286159,0.2010278187254752,0.0
1166,0.13254209543732756,0.41482680158491825,0.30029448350312105,0.1523366194746331,0.0
1167,0.10103685363328863,0.5263251956255309,0.2163935283000323,0.15624442244114808,0.0
1168,0.17591523725684932,0.4246576275706833,0.24517830366750015,0.15424883150496718,0.0
1169,0.20422879050701104,0.3177068100710094,0.3322039615577797,0.14586043786419978,0.0
1170,0.1564001385594595,0.44286039235133573,0.2767524982616564,0.12398697082754835,0.0
1171,0.19606764713818023,0.4530896063711912,0.23556097547162064,0.1152817710190078,0.0
1172,0.21410519333513167,0.13235442890830443,0.385977804585677,0.26756257317088705,0.0
1173,0.250113913128735,0.0,0.5190876969767309,0.23079838989453413,0.0
1174,0.12254251293183702,0.5087414618610651,0.20216395257287229,0.16655207263422553,0.0
1175,0.15603677266669302,0.48901837564901,0.19948773594855473,0.15545711573574217,0.0
1176,0.13592205621735354,0.4440356989815253,0.2847755654121617,0.13526667938895948,0.0
1177,0.17369349779728305,0.377975498112148,0.28783987336102995,0.160491130729539,0.0
1178,0.1260785589181302,0.42916437002351115,0.28016823470139546,0.16458883635696314,0.0
1179,0.15713294198729685,0.44205704939313323,0.22993337423730137,0.1708766343822685,0.0
1180,0.1923389992887013,0.3810484848439402,0.2562725826282747,0.17033993323908375,0.0
1181,0.1348973636694684,0.40168160615864645,0.3421073866952054,0.12131364347667975,0.0
1182,0.17141663243389904,0.3579917457540939,0.3387420146062523,0.1318496072057546,0.0
1183,0.17355639764613584,0.3888239679843526,0.3183996313213613,0.11922000304815021,0.0
1184,0.14763148687889963,0.4688852488835552,0.2621653687695856,0.1213178954679595,0.0
1185,0.17509155665343498,0.38150465773240616,0.30473049379634076,0.13867329181781826,0.0
1186,0.15662484006106206,0.32772403301388026,0.3043905370612782,0.21126058986377955,0.0
1187,0.19927671238560785,0.382354266873666,0.2979204575993926,0.12044856314133347,0.0
1188,0.12060913790958086,0.3946291569215009,0.3039122551095143,0.18084945005940387,0.0
1189,0.15107440758365262,0.4014963382927965,0.25586756894215873,0.1915616851813921,0.0
1190,0.15353120166957412,0.3528909503025098,0.3572894874085778,0.13628836061933827,0.0
1191,0.1463196450041306,0.3459630656146068,0.2987267584010085,0.20899053098025416,0.0
1192,0.11936330454560105,0.4729731652599503,0.26225063344241817,0.1454128967520304,0.0
1193,0.12487097705821727,0.5220672737712213,0.24477540395304492,0.1082863452175166,0.0
1194,0.15127843707017738,0.43990523761793254,0.23748105105275197,0.17133527425913814,0.0
1195,0.1376607185498405,0.38942003646461226,0.2925234762707154,0.1803957687148318,0.0
1196,0.11076296468783763,0.39870220423844593,0.2866694383504013,0.2038653927233151,0.0
1197,0.1715510784610125,0.5450174399900964,0.17698998918699962,0.10644149236189157,0.0
1198,0.12413958399989349,0.45967636267306444,0.2537924123140893,0.16239164101295275,0.0
1199,0.20044543556327676,0.4113938201553839,0.26757969655478503,0.12058104772655434,0.0
1200,0.18713247284818865,0.29838134716084797,0.32589356935506986,0.1885926106358935,0.0
1201,0.16914583459598334,0.41914659377513375,0.2940858588586589,0.11762171277022401,0.0
1202,0.1397861823588761,0.4217779053960497,0.28861238197006406,0.14982353027501005,0.0
1203,0.13321811105488768,0.48898487626731824,0.2376153423869416,0.1401816702908525,0.0
1204,0.15469952287671535,0.452434727510817,0.2789188384009848,0.11394691121148301,0.0
1205,0.16404480928913234,0.4040689229236512,0.2975990378212184,0.13428722996599823,0.0
1206,0.25583152686032584,0.0,0.48945537191231253,0.25471310122736157,0.0
1207,0.1435508679469273,0.3880330470312572,0.27662527749845617,0.19179080752335945,0.0
1208,0.1940192004632748,0.23936865709635044,0.3567137153239772,0.20989842711639756,0.0
1209,0.1838320886326001,0.3347746674969977,0.2965765266575895,0.1848167172128127,0.0
1210,0.14148457649475188,0.3865923102067447,0.2928718406111351,0.17905127268736828,0.0
1211,0.17258256331576768,0.3764900689266223,0.2941455379445247,0.1567818298130853,0.0
1212,0.12127426970076655,0.4503529152280309,0.2771069359005472,0.15126587917065534,0.0
1213,0.14140421700635844,0.4815314267540719,0.23570834475218308,0.14135601148738644,0.0
1214,0.12170074719116375,0.4980533161602578,0.1904295685831075,0.18981636806547103,0.0
1215,0.2271277069963604,0.18464317372872557,0.40261494937337805,0.18561416990153592,0.0
1216,0.17132139361542012,0.3720511849239937,0.2625719996408697,0.19405542181971652,0.0
1217,0.15074379211127298,0.4810885234969116,0.2328162813729286,0.1353514030188868,0.0
1218,0.16412447010223075,0.4004644497642884,0.28730604587187014,0.14810503426161065,0.0
1219,0.20958531562689572,0.3122961587370725,0.3271703550504938,0.15094817058553814,0.0
1220,0.14991762799945038,0.342342671155597,0.35540583864760295,0.1523338621973497,0.0
1221,0.1554968403166938,0.41612176722428174,0.2503840988486594,0.17799729361036504,0.0
1222,0.13158213203971802,0.44510445490099704,0.28157432730648974,0.1417390857527953,0.0
1223,0.15411571531400428,0.5093283530397849,0.20365498855912834,0.13290094308708253,0.0
1224,0.1667701613860561,0.4551315543006532,0.21367478529657205,0.16442349901671857,0.0
1225,0.16124268998211178,0.4327190975439837,0.2601912931292129,0.1458469193446917,0.0
1226,0.202424492356568,0.42668574898739153,0.26972075538034196,0.10116900327569851,0.0
1227,0.17508630615558576,0.4087990194906016,0.286051234109342,0.1300634402444707,0.0
1228,0.14808964753699294,0.5889956961134549,0.13325224863813429,0.1296624077114178,0.0
1229,0.13998949887205517,0.40318605005114894,0.2944018200821045,0.16242263099469137,0.0
1230,0.13645763867321606,0.4428381830116556,0.2604847428127014,0.16021943550242693,0.0
1231,0.13816462758063272,0.4492015624487885,0.2365608665080618,0.1760729434625169,0.0
1232,0.17875277830401054,0.3936947927176366,0.2570344273284714,0.1705180016498814,0.0
1233,0.13865199614443502,0.40660326449576034,0.33898221535408735,0.11576252400571725,0.0
1234,0.15993794070486855,0.46117112165809937,0.2348684029744619,0.14402253466257026,0.0
1235,0.146157122395291,0.4261911147437836,0.2485440120304189,0.17910775083050662,0.0
1236,0.1411051621985098,0.3570156472086995,0.3233774016403334,0.17850178895245727,0.0
1237,0.16648682972027495,0.4503136827131542,0.2165014520027298,0.16669803556384113,0.0
1238,0.12535533395596896,0.45435076240184863,0.28811702845730575,0.13217687518487664,0.0
1239,0.1609368113233327,0.4625812424242202,0.2508078968404426,0.12567404941200447,0.0
1240,0.1673387965656638,0.36698792223217414,0.25749218717729766,0.20818109402486437,0.0
1241,0.15411396200978789,0.3202651593084334,0.34535826158408617,0.18026261709769256,0.0
1242,0.1846709414031524,0.332369009339522,0.3534423582663808,0.12951769099094465,0.0
1243,0.16564179365882714,0.4232464634097989,0.278509579837101,0.13260216309427308,0.0
1244,0.15507336632212412,0.4059233130787654,0.2842428309897286,0.15476048960938185,0.0
1245,0.13643724177185038,0.3781116988588594,0.3155945147145512,0.16985654465473887,0.0
1246,0.124533581632708,0.4031956926930357,0.29476598402950377,0.1775047416447525,0.0
1247,0.1739342620297789,0.3817019477628885,0.30005409128378624,0.14430969892354634,0.0
1248,0.13578098461638957,0.3981592007407113,0.31131288659304096,0.15474692804985823,0.0
1249,0.13549354060489863,0.44410865723420134,0.27770170931058885,0.14269609285031104,0.0
1250,0.1622579908254788,0.4631544983264601,0.2081267916664773,0.16646071918158387,0.0
1251,0.1495613596062102,0.3579276266547586,0.308438086548856,0.18407292719017526,0.0
1252,0.13034974391346346,0.4428918375685828,0.2797915829210633,0.14696683559689036,0.0
1253,0.14822637505284386,0.4259897611935222,0.27171136845016575,0.15407249530346825,0.0
1254,0.14950525436315623,0.3828195347653109,0.3301679580259694,0.1375072528455636,0.0
1255,0.15709888037997544,0.3296246161873441,0.327789650493726,0.1854868529389545,0.0
1256,0.17780387907787634,0.3717127563637629,0.30421290475862417,0.14627045979973666,0.0
1257,0.13246844412637315,0.4881570897038476,0.24770096499603492,0.13167350117374432,0.0
1258,0.15661275058019275,0.417188217793818,0.2641277677166683,0.162071263909321,0.0
1259,0.11226935720928553,0.4563854822409838,0.2887784183679854,0.1425667421817453,0.0
1260,0.1834079890250126,0.37254272199765504,0.26449408913389033,0.17955519984344212,0.0
1261,0.21695903077774237,0.15144905928291694,0.4210269762751434,0.21056493366419726,0.0
1262,0.21724415853344436,0.31754035820894244,0.31189241096288356,0.1533230722947296,0.0
1263,0.1517529260544293,0.4275875092659711,0.2771390259263373,0.14352053875326234,0.0
1264,0.17229192032531113,0.3286784992427399,0.36067057832089344,0.1383590021110555,0.0
1265,0.17530393569986477,0.42119147216523906,0.25144192648664515,0.1520626656482512,0.0
1266,0.11599928606397815,0.3892329373853012,0.30840186156210303,0.18636591498861774,0.0
1267,0.18209191508863456,0.5050673355685891,0.18489529866175677,0.12794545068101953,0.0
1268,0.19404461950043134,0.4675933656109881,0.18194766874167345,0.1564143461469072,0.0
1269,0.1613980627543191,0.3994728154407032,0.28306775027909065,0.15606137152588706,0.0
1270,0.16387984425912952,0.49749840253811345,0.2245193388539786,0.11410241434877835,0.0
1271,0.14237327347870296,0.4588381984138917,0.2802920203919251,0.1184965077154804,0.0
1272,0.11918849350382686,0.44548756915665977,0.28547986765402705,0.14984406968548622,0.0
1273,0.19474332915513082,0.3620451699429361,0.31503474212979515,0.12817675877213786,0.0
1274,0.16123911136160668,0.4318624705049746,0.2610146190486356,0.14588379908478308,0.0
1275,0.1253746935230651,0.3413624002428763,0.3551707008809604,0.17809220535309817,0.0
1276,0.122709612489739,0.482153565946316,0.2661301465435887,0.12900667502035632,0.0
1277,0.15674306046262487,0.44260609246783383,0.31499868026297945,0.0856521668065618,0.0
1278,0.15026963300374885,0.4449375201417891,0.26017686587059974,0.14461598098386239,0.0
1279,0.20793505473287005,0.3465969423592802,0.31251730218682716,0.13295070072102258,0.0
1280,0.18737900260332552,0.413737117098696,0.3126544314231327,0.08622944887484568,0.0
1281,0.19307252543672132,0.40739553921333405,0.2517446057637458,0.1477873295861989,0.0
1282,0.12045135990275758,0.5113351923855172,0.205383200182467,0.16283024752925818,0.0
1283,0.14174037109413493,0.47099073215164255,0.25351833131411755,0.13375056544010505,0.0
1284,0.16040739616950506,0.3344353335842746,0.3454671573161723,0.159690112930048,0.0
1285,0.1579406665312105,0.3784862494685729,0.33439484346822074,0.12917824053199578,0.0
1286,0.1463387296836124,0.3745354020953034,0.2951424908519769,0.18398337736910736,0.0
1287,0.14148952591138161,0.3370427152680235,0.3204652260993488,0.20100253272124619,0.0
1288,0.1861389203106438,0.41972980799260856,0.27893858827211543,0.11519268342463217,0.0
1289,0.19116584254393854,0.26371849108671686,0.35988049749416084,0.18523516887518363,0.0
1290,0.14305555240871373,0.40696835513101787,0.2527666199916337,0.19720947246863463,0.0
1291,0.20284002729816708,0.3455765240967921,0.2872370970109844,0.1643463515940563,0.0
1292,0.19462625284013868,0.33576042874641987,0.3306794636282058,0.13893385478523565,0.0
1293,0.12575945331155644,0.41484985246442746,0.2960042155085685,0.16338647871544754,0.0
1294,0.15788195746152328,0.44176579850764125,0.2423252901111957,0.1580269539196396,0.0
1295,0.16988391467309416,0.4854452042432498,0.23521146139107912,0.10945941969257691,0.0
1296,0.19696286393738507,0.19339966465172043,0.39892505718524834,0.21071241422564607,0.0
1297,0.15820325582212952,0.3573242830857377,0.32207443889351833,0.16239802219861457,0.0
1298,0.16475982240840745,0.27958663344780016,0.39623402192035057,0.1594195222234418,0.0
1299,0.14233963665702998,0.3699927373187868,0.3284477981960877,0.15921982782809552,0.0
1300,0.16201437250206366,0.39641673313602677,0.2846695114058395,0.15689938295607006,0.0
1301,0.1556883118131327,0.35462178337083344,0.30272926219814944,0.18696064261788442,0.0
1302,0.1910176983592659,0.3758423438608755,0.27386652145528173,0.1592734363245768,0.0
1303,0.14138211879878929,0.46357229567951164,0.27094145807726405,0.12410412744443511,0.0
1304,0.16026026448888578,0.424591476780657,0.2556754262528189,0.1594728324776383,0.0
1305,0.16478069951464733,0.4808460538630321,0.20809449909815975,0.1462787475241608,0.0
1306,0.1752139404501826,0.4525427899702369,0.25213324257448394,0.12011002700509656,0.0
1307,0.19497682810094225,0.30207824787550663,0.33190239022408147,0.17104253379946963,0.0
1308,0.11845976939401356,0.5213166005064152,0.2383783519464962,0.12184527815307505,0.0
1309,0.1484958577165064,0.42238693283089096,0.29476321783847337,0.13435399161412934,0.0
1310,0.14166718303353815,0.39194342376260033,0.31979515783097184,0.14659423537288968,0.0
1311,0.12384509686741034,0.562191236540669,0.18819927121588328,0.1257643953760374,0.0
1312,0.1902148190111683,0.32989773317717513,0.34613887151869654,0.13374857629296003,0.0
1313,0.14837971355253654,0.5280238145461729,0.21396340766451494,0.10963306423677557,0.0
1314,0.20635884185949224,0.31173846172160796,0.3079945837771513,0.17390811264174852,0.0
1315,0.134993292312137,0.3455625262998059,0.335081405944466,0.18436277544359117,0.0
1316,0.14777237848623645,0.4509485906092097,0.2681094118229425,0.1331696190816113,0.0
1317,0.2928120440848123,0.0,0.4390694161648131,0.2681185397503746,0.0
1318,0.22053096832378122,0.34105883457118624,0.3026086641502771,0.1358015329547555,0.0
1319,0.16828007708030707,0.49596684816648157,0.2098321423936218,0.12592093235958965,0.0
1320,0.19568260353740577,0.4058314148243312,0.267792602120017,0.13069337951824614,0.0
1321,0.17812853746065654,0.4335312031645588,0.23340178411411966,0.154938475260665,0.0
1322,0.15007287816716158,0.42688275365775397,0.2469420670454092,0.17610230112967523,0.0
1323,0.18889555955329268,0.3422450590774086,0.3271683630160931,0.14169101835320558,0.0
1324,0.19865172705306045,0.36271498406236097,0.2576998108014762,0.1809334780831024,0.0
1325,0.16427779587618,0.4721434835922244,0.23265291930506238,0.1309258012265331,0.0
1326,0.13735072656291078,0.4786160343604336,0.239615279893425,0.14441795918323058,0.0
1327,0.1719559014100874,0.36023046628789895,0.2958085719014086,0.1720050604006051,0.0
1328,0.13860383808098103,0.3694251707564629,0.3034683072317259,0.1885026839308301,0.0
1329,0.14671855991120314,0.41966142251991134,0.29856373674415093,0.13505628082473464,0.0
1330,0.16272411777836565,0.3733116682451404,0.3140725272824988,0.1498916866939952,0.0
1331,0.16544508471552666,0.41507095982659403,0.21334049841533217,0.20614345704254722,0.0
1332,0.16843264502507577,0.42592398952324145,0.2716594796492868,0.1339838858023959,0.0
1333,0.15275475906957292,0.36530432121598067,0.3145803451559567,0.16736057455848977,0.0
1334,0.07134957760456817,0.47105335475829024,0.3194352749833229,0.13816179265381853,0.0
1335,0.20662178366541975,0.47213724899720366,0.1853879155849122,0.1358530517524644,0.0
1336,0.13215465357445882,0.5212793558923777,0.2132703826390836,0.13329560789407977,0.0
1337,0.19026505166742583,0.2942766543621031,0.3363987083110595,0.17905958565941163,0.0
1338,0.15737798163614772,0.3657792681872217,0.28429403961865485,0.1925487105579758,0.0
1339,0.20694456416715687,0.40680230918347166,0.29802498228149665,0.08822814436787468,0.0
1340,0.18009088460848266,0.45854944917153256,0.2636040366143286,0.09775562960565626,0.0
1341,0.12568153359576245,0.3756621723148018,0.30418206136618614,0.19447423272324962,0.0
1342,0.21654026581184924,0.32960126663622885,0.3217592072563509,0.13209926029557095,0.0
1343,0.1345750800567166,0.4428701821910406,0.24564420096246586,0.17691053678977697,0.0
1344,0.2115522772387784,0.2286044869981412,0.35280926804190404,0.20703396772117635,0.0
1345,0.1375885605523382,0.4141846118544109,0.3138059113003006,0.13442091629295025,0.0
1346,0.16175295298935774,0.46607836612239,0.227583740917507,0.14458493997074523,0.0
1347,0.1393170956000538,0.44473624671616757,0.2741123864243925,0.1418342712593862,0.0
1348,0.14567996972694316,0.41785730533307297,0.23561754871801413,0.20084517622196982,0.0
1349,0.1720013709497384,0.44553763560722576,0.238678810115386,0.14378218332764972,0.0
1350,0.205801982984757,0.2825179881585253,0.3720313323316638,0.1396486965250539,0.0
1351,0.16100443724303484,0.3959756510196692,0.3044127865004004,0.1386071252368957,0.0
1352,0.14383011744309468,0.4369781748749089,0.2737252646642787,0.14546644301771755,0.0
1353,0.1555872411698223,0.3866855336107146,0.2999884128482497,0.15773881237121345,0.0
1354,0.15015621445664934,0.315532797621218,0.332635778511975,0.2016752094101577,0.0
1355,0.14760905017914633,0.5214193346055874,0.2253006865290711,0.10567092868619524,0.0
1356,0.25003231796856695,0.2345663238433949,0.3366174389231557,0.17878391926488246,0.0
1357,0.1774308673691185,0.4368613047454098,0.20551499873574233,0.18019282914972934,0.0
1358,0.18800323283442705,0.1772233801557677,0.4068628705079235,0.22791051650188174,0.0
1359,0.15214810517435715,0.36880426920792797,0.2984866002105782,0.18056102540713656,0.0
1360,0.17745467659881303,0.42878233961766044,0.2770320932566578,0.11673089052686883,0.0
1361,0.17096643600282702,0.3434236116340211,0.33861648695668495,0.14699346540646704,0.0
1362,0.12532961084906216,0.47383463092876416,0.2559006729940986,0.1449350852280752,0.0
1363,0.1582165228192498,0.391983209531275,0.2764855274428262,0.17331474020664903,0.0
1364,0.14551885902897357,0.4151676060648357,0.2718488391930695,0.1674646957131213,0.0
1365,0.1521080399168145,0.29656773027148375,0.33660708932160427,0.2147171404900975,0.0
1366,0.14316005247159977,0.45623480179275455,0.2787211942819245,0.12188395145372126,0.0
1367,0.2148889166534781,0.23250889456170698,0.397819036910995,0.15478315187381989,0.0
1368,0.0907911392860686,0.48046403430920254,0.24895422173294504,0.1797906046717839,0.0
1369,0.17739573888987561,0.4360814180795427,0.24787014530182563,0.13865269772875619,0.0
1370,0.14443604489639275,0.47653484569715143,0.21452478665588848,0.16450432275056742,0.0
1371,0.11270967289084086,0.4633726796931961,0.2789267392405686,0.14499090817539445,0.0
1372,0.15150293596452757,0.45294105770349274,0.22820362875747502,0.16735237757450472,0.0
1373,0.1448944961918086,0.45519221382329456,0.2811412941553463,0.1187719958295506,0.0
1374,0.11570781990046267,0.447380061183823,0.2660994883710491,0.17081263054466517,0.0
1375,0.16600788656365886,0.43834964452726993,0.25200240598935786,0.14364006291971335,0.0
1376,0.1581927460817953,0.34650863467156995,0.34056046467515483,0.15473815457147988,0.0
1377,0.13727498769032606,0.4757001316059484,0.25240595314743686,0.13461892755628868,0.0
1378,0.15500710649195376,0.41294840273122374,0.2833874177228176,0.14865707305400486,0.0
1379,0.16991856965869775,0.37805532207538667,0.2993476511814678,0.15267845708444786,0.0
1380,0.13269669736704442,0.396012372201361,0.32822211228787346,0.14306881814372127,0.0
1381,0.15857974210170195,0.5144874837793914,0.21106169508214662,0.11587107903676001,0.0
1382,0.13139826609213878,0.5511737415746379,0.1881864298848615,0.12924156244836166,0.0
1383,0.14342139623804087,0.4907030480847615,0.22806890503765778,0.13780665063953984,0.0
1384,0.12535184872415397,0.48710425865622115,0.25712239738359327,0.13042149523603158,0.0
1385,0.10714646958763732,0.4981118409994901,0.23746798205881323,0.1572737073540593,0.0
1386,0.14548309832460696,0.42579083012794566,0.3023627600112666,0.12636331153618074,0.0
1387,0.14977894581343046,0.391081313733913,0.3110332376448394,0.14810650280781687,0.0
1388,0.15369574899182853,0.359471354175783,0.3362217718780374,0.15061112495435094,0.0
1389,0.1536492305003979,0.38519685027557865,0.31710174706658306,0.14405217215744037,0.0
1390,0.20343759749538454,0.3054443973415568,0.34784852373628944,0.14326948142676912,0.0
1391,0.19536624573628636,0.36425979379708584,0.29866597964462693,0.14170798082200084,0.0
1392,0.12823575563234943,0.44934208891268723,0.29333915207037364,0.12908300338458972,0.0
1393,0.15790170071140963,0.35147528687701274,0.3081885293024693,0.18243448310910837,0.0
1394,0.16488008629699547,0.4590848838727596,0.24464173524697222,0.1313932945832727,0.0
1395,0.1579632608258867,0.38029488407587164,0.30619712470888494,0.15554473038935673,0.0
1396,0.1949097212804515,0.2962151123802176,0.3641579593266299,0.14471720701270088,0.0
1397,0.1235209290237667,0.43591107125103873,0.27500655809827856,0.1655614416269161,0.0
1398,0.14482668361747955,0.48918487569823943,0.2383513298302524,0.12763711085402868,0.0
1399,0.21022945633909357,0.3375251645044652,0.310707115757713,0.14153826339872827,0.0
1400,0.20563454695642747,0.3792977467137511,0.26435597747015177,0.15071172885966955,0.0
1401,0.10585375193774288,0.49323706538966966,0.2697103530146977,0.13119882965788968,0.0
1402,0.15673907204355475,0.44317807365832407,0.26916910215662637,0.13091375214149473,0.0
1403,0.13440244631607753,0.5601730783953021,0.15176981124757882,0.15365466404104183,0.0
1404,0.1373629259958807,0.5302232535452498,0.20601943570905848,0.12639438474981113,0.0
1405,0.15989365706716996,0.4890448412915985,0.20331424578686236,0.14774725585436913,0.0
1406,0.13896920986744263,0.5023831607875922,0.2610455036239616,0.09760212572100357,0.0
1407,0.21938743531178384,0.19020349817923055,0.3606629220300895,0.22974614447889619,0.0
1408,0.16044931316842,0.41998376209812244,0.26542899009893034,0.15413793463452719,0.0
1409,0.17301855291632776,0.38165484676216455,0.2984587281054166,0.14686787221609118,0.0
1410,0.1832686246676892,0.40920122690514976,0.31231520703145954,0.09521494139570147,0.0
1411,0.14538944794417025,0.45224410926909586,0.25983171065842064,0.1425347321283132,0.0
1412,0.17658707533150445,0.32251393846868265,0.297034521101308,0.20386446509850487,0.0
1413,0.1720090973890277,0.47153192137433,0.1840822862288191,0.17237669500782304,0.0
1414,0.1361502726083844,0.26525699305638667,0.4077726014967519,0.19082013283847707,0.0
1415,0.14351794104105203,0.4005731311644632,0.26705250091777183,0.188856426876713,0.0
1416,0.14613820980571096,0.3773490494830314,0.28164889219997186,0.1948638485112858,0.0
1417,0.12295577707483463,0.3584842495762149,0.33431960304016023,0.1842403703087902,0.0
1418,0.14533242680974776,0.5585671445184263,0.18408120734643385,0.11201922132539216,0.0
1419,0.20307023518627804,0.30913588566135797,0.3348047514957622,0.1529891276566019,0.0
1420,0.14950875877335074,0.48219481608925646,0.21883946486635814,0.14945696027103456,0.0
1421,0.2731208420054388,0.0,0.49781916954508676,0.22905998844947448,0.0
1422,0.16342161744796022,0.4809771116405668,0.24501409416576977,0.11058717674570327,0.0
1423,0.15690583914063227,0.3835601241113636,0.29958466360833014,0.15994937313967408,0.0
1424,0.22537387882497345,0.3744229225091142,0.24956977971373318,0.15063341895217927,0.0
1425,0.1767331611358088,0.4307211108159124,0.28057109556955656,0.11197463247872212,0.0
1426,0.13015728005509092,0.5183623361923826,0.21564823898020286,0.1358321447723237,0.0
1427,0.11715295070806545,0.3941683749296633,0.3046117114290441,0.18406696293322722,0.0
1428,0.20731403076342875,0.4807539659665284,0.20430737786976189,0.10762462540028093,0.0
1429,0.15049629168065118,0.49161021919459996,0.2296220321753635,0.12827145694938533,0.0
1430,0.14631112574331287,0.42219021215919167,0.25806129442583753,0.17343736767165796,0.0
1431,0.1479220488276417,0.40174031443138203,0.288965233942721,0.16137240279825532,0.0
1432,0.14983071321347588,0.2994639065019574,0.3433251122553174,0.2073802680292493,0.0
1433,0.2092013156006987,0.17030988603052963,0.44011931074315247,0.18036948762561933,0.0
1434,0.1842233839805498,0.38439152287461553,0.2881905157807809,0.1431945773640537,0.0
1435,0.15482390539996163,0.37899618623601217,0.33410079327441317,0.13207911508961312,0.0
1436,0.12469163444560315,0.46437396670318415,0.22412026456858525,0.1868141342826274,0.0
1437,0.17272823590002187,0.4144760221247097,0.25701510440436953,0.15578063757089908,0.0
1438,0.21365901503415013,0.3903124237627414,0.2807324380716906,0.11529612313141771,0.0
1439,0.18160681233535306,0.4009827625628843,0.2980453127615088,0.1193651123402537,0.0
1440,0.14193752678357585,0.30978405094336264,0.3915652220260323,0.1567132002470292,0.0
1441,0.12423582225383761,0.368090995862002,0.29178036553392406,0.21589281635023624,0.0
1442,0.14642117164379817,0.3724912931727224,0.35340046232789435,0.12768707285558506,0.0
1443,0.1822324211226802,0.32463261389851567,0.34050917479664206,0.15262579018216219,0.0
1444,0.1960994653061202,0.2928126080912866,0.32933356861879565,0.18175435798379747,0.0
1445,0.17591231632299623,0.4181164130822196,0.23092833878196678,0.1750429318128174,0.0
1446,0.1407945163599219,0.4680959659410815,0.26257650904154983,0.12853300865744674,0.0
1447,0.13336594729471815,0.3529714896581075,0.31983962485248096,0.19382293819469332,0.0
1448,0.126444348385622,0.46347072841249265,0.24337814949090888,0.16670677371097656,0.0
1449,0.16573980310224512,0.4437620869709368,0.2598639702183854,0.13063413970843268,0.0
1450,0.16322960402758807,0.41263264655796544,0.2847301030762357,0.13940764633821096,0.0
1451,0.13209570581289412,0.5160111059546834,0.2104820510278606,0.14141113720456208,0.0
1452,0.17127727692634687,0.4626059866669619,0.2535511842619586,0.11256555214473261,0.0
1453,0.15277474008146757,0.4546257636393181,0.24146424702498576,0.15113524925422853,0.0
1454,0.15222453107884423,0.42143962582723504,0.28991792946449907,0.13641791362942168,0.0
1455,0.1256990682019456,0.3928550840094687,0.35830798298659083,0.12313786480199489,0.0
1456,0.16717003639876699,0.39191256977701294,0.28367549075673937,0.1572419030674806,0.0
1457,0.1592523231546045,0.36497629612475874,0.31933022501133107,0.15644115570930564,0.0
1458,0.19325121797076736,0.4379002647380595,0.21864716379474167,0.15020135349643135,0.0
1459,0.1552798726233476,0.5264691981400889,0.19521753079736598,0.12303339843919762,0.0
1460,0.12477760762386626,0.43262478203567045,0.2732177156721392,0.16937989466832415,0.0
1461,0.15892126245874955,0.35108397700987387,0.31358080387649323,0.17641395665488338,0.0
1462,0.15157800214081024,0.45050334045900803,0.2644879421667263,0.13343071523345537,0.0
1463,0.13115689171640066,0.38924569528217573,0.30759914937364524,0.17199826362777842,0.0
1464,0.14268084803294254,0.47581568312462275,0.22720077171412256,0.15430269712831202,0.0
1465,0.11474664890173199,0.3949374640505939,0.32893314659652056,0.16138274045115372,0.0
1466,0.19001744746710114,0.367113671512501,0.2819659509946103,0.16090293002578762,0.0
1467,0.14630822750036507,0.40671921566160074,0.3016560797017813,0.14531647713625281,0.0
1468,0.13589979983151282,0.4801396710775059,0.27070539743911554,0.1132551316518657,0.0
1469,0.172634864609453,0.41864791156788134,0.2523253412427922,0.1563918825798735,0.0
1470,0.17300184551936273,0.298962574300306,0.3496788598733043,0.1783567203070269,0.0
1471,0.16076952943200246,0.45486215554771714,0.25340755274669746,0.13096076227358297,0.0
1472,0.14642366505005994,0.4641573345458004,0.2647593766767708,0.1246596237273687,0.0
1473,0.13697582359979205,0.274479888344231,0.35901291527184553,0.22953137278413135,0.0
1474,0.16886951122298585,0.43880889976367676,0.2267190739458011,0.1656025150675363,0.0
1475,0.1566006760132674,0.38405341783681946,0.2905825498689826,0.16876335628093042,0.0
1476,0.21852245760373556,0.24284879046424637,0.3333368868095424,0.20529186512247566,0.0
1477,0.1555226191817259,0.4178915421990161,0.2936439133335066,0.13294192528575133,0.0
1478,0.16968416330023828,0.31018268654399195,0.35402534368320077,0.16610780647256893,0.0
1479,0.13577158702518508,0.5296383566333962,0.2380423549791274,0.09654770136229136,0.0
1480,0.17277802937537,0.3967514252374791,0.2744243808962002,0.15604616449095074,0.0
1481,0.19249264491898407,0.25309968946234784,0.3961993472241349,0.15820831839453317,0.0
1482,0.14648700470719175,0.4448586745632537,0.2638439819944835,0.1448103387350712,0.0
1483,0.21193033917176032,0.4585685817564916,0.22602050415632105,0.103480574915427,0.0
1484,0.16137742395942287,0.38568567635347173,0.2945995499001144,0.15833734978699093,0.0
1485,0.18412255838557634,0.3920795958328528,0.30867326560354325,0.1151245801780276,0.0
1486,0.13778724592471234,0.4807709970607163,0.23202457591697676,0.14941718109759455,0.0
1487,0.18449217531142084,0.3208770899327962,0.31657382558196767,0.17805690917381525,0.0
1488,0.16276752794371832,0.36131774440515785,0.2925374884306295,0.18337723922049434,0.0
1489,0.13523175980081864,0.39699175302618034,0.2977125292028124,0.17006395797018856,0.0
1490,0.18284014364577536,0.46983644810040476,0.2639559551643563,0.08336745308946364,0.0
1491,0.16636210199129456,0.4613985896448669,0.2500028156152548,0.12223649274858375,0.0
1492,0.21977714947576116,0.32668334870776533,0.30511531802144465,0.14842418379502886,0.0
1493,0.1180360322835686,0.46371084971722587,0.2711685745711703,0.1470845434280353,0.0
1494,0.17310524150225173,0.24659866264061495,0.3518925046067258,0.22840359125040746,0.0
1495,0.16825544928771577,0.38876659920477336,0.2998337946605249,0.14314415684698603,0.0
1496,0.1340251262430667,0.4259782576705057,0.2612676085389493,0.1787290075474783,0.0
1497,0.18598473570340926,0.36403570185070455,0.28984394806597735,0.16013561437990884,0.0
1498,0.11528439617496766,0.5025205436757066,0.2561078687652418,0.12608719138408375,0.0
1499,0.13732182529917708,0.4554656034833739,0.2689782097433031,0.1382343614741459,0.0
1500,0.15006193446194116,0.5144287128701643,0.20014091320620547,0.13536843946168906,0.0
1501,0.16571650044957179,0.39075595337703545,0.266095523565482,0.1774320226079108,0.0
1502,0.1576530655378674,0.3246430272767462,0.33987264015223995,0.17783126703314642,0.0
1503,0.15317080993006862,0.4600518859804756,0.2533176109847697,0.1334596931046862,0.0
1504,0.1120208183714807,0.4601809027071353,0.2724578068663441,0.15534047205503984,0.0
1505,0.1142645587354592,0.4545471854573677,0.2856354582858621,0.1455527975213108,0.0
1506,0.1553882359470718,0.3460136503367119,0.35688527412994453,0.1417128395862717,0.0
1507,0.17180173071806532,0.41568381635991053,0.2677372282233189,0.14477722469870524,0.0
1508,0.16223877508259546,0.4612783985509977,0.2647319576582857,0.11175086870812122,0.0
1509,0.18980260567363225,0.267196639121673,0.3633118936426751,0.17968886156201963,0.0
1510,0.15558486118032988,0.44084510335336924,0.2659900416472305,0.13757999381907032,0.0
1511,0.14365005462990785,0.46045102526438975,0.2601912441478774,0.135707675957825,0.0
1512,0.1853046439133313,0.3551756178486558,0.29437672108453405,0.16514301715347876,0.0
1513,0.11882276238027879,0.45769190691598294,0.2996054721034468,0.12387985860029158,0.0
1514,0.17280538127242673,0.31482194323929885,0.36348712935804733,0.1488855461302271,0.0
1515,0.14901716076771412,0.5265722602412665,0.20071937611700297,0.12369120287401647,0.0
1516,0.15962691008792323,0.44331074741458887,0.28022944489736634,0.11683289760012143,0.0
1517,0.16407812086836865,0.45881549082090617,0.2191489733314248,0.1579574149793004,0.0
1518,0.17729841729912899,0.41415210798061647,0.26036364632270514,0.14818582839754937,0.0
1519,0.1650402519446111,0.40666587853728514,0.2799147246898364,0.14837914482826722,0.0
1520,0.18636747585462754,0.4266299990197259,0.2531918367789726,0.1338106883466738,0.0
1521,0.1672354888777764,0.452463940417969,0.24655878246433943,0.1337417882399152,0.0
1522,0.13194382529203638,0.45050737565624344,0.2614786070504573,0.15607019200126276,0.0
1523,0.1334771406181207,0.4464339125948989,0.2852548946417997,0.13483405214518074,0.0
1524,0.1780825921090148,0.4310294959440353,0.2456137700572298,0.14527414188972013,0.0
1525,0.15338098085258065,0.43066680539594127,0.26270418508747045,0.15324802866400775,0.0
1526,0.11671985355512797,0.36700668576735757,0.30695847564408596,0.20931498503342838,0.0
1527,0.10519906309196995,0.47072478438932286,0.2593807843049794,0.16469536821372788,0.0
1528,0.13406592313989632,0.4160862701916318,0.2604384124988298,0.1894093941696421,0.0
1529,0.1570419228632981,0.4887104030782999,0.23851235850126049,0.11573531555714159,0.0
1530,0.1933999717210866,0.3199468698052905,0.3125785663566926,0.17407459211693024,0.0
1531,0.14651100932660002,0.48312122132972374,0.2287915045671134,0.14157626477656296,0.0
1532,0.159564773725189,0.43984190055069133,0.25706446522591847,0.14352886049820127,0.0
1533,0.14371280607766163,0.5513458709691332,0.18303066778061408,0.12191065517259114,0.0
1534,0.09903583127380267,0.5293881015971836,0.2226786005790532,0.14889746654996056,0.0
1535,0.1918885760652188,0.3768148926390639,0.3108462204541146,0.1204503108416026,0.0
1536,0.20620482955247466,0.38656525240623335,0.2656838162633872,0.14154610177790472,0.0
1537,0.25356835427492413,0.1382788255335264,0.37399803578010643,0.23415478441144308,0.0
1538,0.16225134442438435,0.41451673278983664,0.26660732516918273,0.15662459761659642,0.0
1539,0.1552658832017926,0.3748254891252934,0.31643510331368824,0.1534735243592258,0.0
1540,0.1474439174075188,0.44140359532540646,0.2795119521181546,0.13164053514892013,0.0
1541,0.15929341161391436,0.3930362256386447,0.2746590160640096,0.17301134668343143,0.0
1542,0.27760351611879724,0.21327485192024503,0.30147438563547735,0.20764724632548034,0.0
1543,0.18053169021561766,0.39899607581808644,0.2624280796682981,0.15804415429799773,0.0
1544,0.13031890340425842,0.4798321563043217,0.24229432721271657,0.14755461307870335,0.0
1545,0.23117961647379087,0.23200229625732868,0.33562483470919,0.20119325255969037,0.0
1546,0.1430546179276003,0.4144552499859615,0.2918402602271293,0.15064987185930886,0.0
1547,0.17898189735952444,0.31470145993216864,0.3294564280807881,0.17686021462751886,0.0
1548,0.15334431694226192,0.5037425178664391,0.2529118453739223,0.09000131981737682,0.0
1549,0.12986420488390313,0.37426613673335957,0.3209071142126872,0.17496254417005022,0.0
1550,0.18769451657179,0.4667375868293562,0.21357849486358627,0.1319894017352676,0.0
1551,0.16748411302245156,0.4651835272668689,0.24711727155466917,0.12021508815601026,0.0
1552,0.1082692383200271,0.4482531098039635,0.29721730038339694,0.14626035149261252,0.0
1553,0.13990370123490511,0.46422524650794683,0.26053678892952437,0.1353342633276237,0.0
1554,0.12378339404547849,0.4365730225013359,0.277335650043976,0.16230793340920965,0.0
1555,0.15644431372113812,0.41794950750163057,0.30146064496589947,0.12414553381133177,0.0
1556,0.13817897470201032,0.4003087655454306,0.2822378295604263,0.17927443019213268,0.0
1557,0.153447230522783,0.4161986165796417,0.26478367485921644,0.1655704780383589,0.0
1558,0.14601504550009586,0.47711137784607055,0.22479718897356524,0.15207638768026835,0.0
1559,0.17657732371878254,0.27373669020298985,0.4013759435734711,0.1483100425047565,0.0
1560,0.1856298228307656,0.4035528242889121,0.27833559350557646,0.13248175937474596,0.0
1561,0.13994899881960993,0.44007345585192925,0.26245972264003753,0.15751782268842332,0.0
1562,0.16330831394600012,0.4379443120929348,0.2791360671459092,0.1196113068151558,0.0
1563,0.15747154584649972,0.5050274804235994,0.21780146859154148,0.11969950513835946,0.0
1564,0.12546789268949593,0.42041827019384187,0.2673792337054863,0.1867346034111759,0.0
1565,0.19066792315889067,0.2805026244587261,0.3485993297833584,0.18023012259902488,0.0
1566,0.10844509751090047,0.4155999834334734,0.29218099743558196,0.1837739216200442,0.0
1567,0.20593155915424483,0.29800934660921313,0.3290605499535266,0.16699854428301536,0.0
1568,0.17599218868842442,0.35066346522768316,0.29943533592575383,0.17390901015813856,0.0
1569,0.18361934529531512,0.4373608129557862,0.2040149636960072,0.17500487805289144,0.0
1570,0.17569554714570304,0.32993031085589325,0.3140228116802475,0.18035133031815634,0.0
1571,0.13717616792867357,0.4838969699710384,0.23858163204323277,0.14034523005705518,0.0
1572,0.12794169462127825,0.4319029564504832,0.28129192912238055,0.15886341980585805,0.0
1573,0.17648407412287462,0.3477492368209275,0.292305338891518,0.18346135016467974,0.0
1574,0.17300091430051867,0.3406594353488752,0.34511090197353067,0.14122874837707533,0.0
1575,0.17598553822801505,0.34401995328981294,0.29012466346627686,0.18986984501589524,0.0
1576,0.16694821848124655,0.3515454376831038,0.3272728648834209,0.15423347895222864,0.0
1577,0.13438580913594073,0.48213722569201656,0.26176040517608784,0.12171655999595474,0.0
1578,0.1405491932114482,0.41775867767148983,0.2842033045811979,0.15748882453586407,0.0
1579,0.13859863155724672,0.36946358590550815,0.32815149097484214,0.16378629156240296,0.0
1580,0.136658816358808,0.4308166087125506,0.3007794526586989,0.13174512226994262,0.0
1581,0.1374800816177493,0.4219244079562701,0.24361879385717053,0.1969767165688101,0.0
1582,0.15001581693654792,0.4131361974904209,0.3189779010917747,0.11787008448125649,0.0
1583,0.12245663596816565,0.4461702009444077,0.2590928239101829,0.17228033917724372,0.0
1584,0.1381474363124515,0.4871848031976654,0.24963177425594504,0.12503598623393797,0.0
1585,0.09069047440897643,0.5505757439423032,0.23635945861937782,0.12237432302934256,0.0
1586,0.1352317455234863,0.44353157403572574,0.25529570177039,0.16594097867039792,0.0
1587,0.15347407246561576,0.3691539086707581,0.33361114549762827,0.1437608733659978,0.0
1588,0.16043911549150644,0.49640883460526486,0.23062177768543518,0.11253027221779349,0.0
1589,0.1416350934282588,0.3972866400928976,0.2987180663228538,0.16236020015598981,0.0
1590,0.19781641552545978,0.4620086529905531,0.20239098351852397,0.13778394796546312,0.0
1591,0.184183220838636,0.41593937411096915,0.28123889603653746,0.11863850901385753,0.0
1592,0.21792414796444343,0.3250783978293703,0.3226248222617763,0.1343726319444101,0.0
1593,0.13902967520250065,0.4194708526305345,0.321714494445057,0.11978497772190787,0.0
1594,0.1677268008913353,0.44300627460065184,0.2574074260464945,0.13185949846151834,0.0
1595,0.18158944569514673,0.34819167914048293,0.3372309705660917,0.1329879045982787,0.0
1596,0.2110999462596406,0.3952777424503675,0.23639871135774745,0.15722359993224433,0.0
1597,0.140417691187856,0.40213178209669154,0.28819032236759096,0.16926020434786157,0.0
1598,0.1733029226165504,0.4384092186087197,0.26921197236598804,0.11907588640874185,0.0
1599,0.12000122597222011,0.3881064273835214,0.319163365121295,0.17272898152296354,0.0
1600,0.2352073084691629,0.2684044952045271,0.3228068827784425,0.17358131354786757,0.0
1601,0.11525611297510165,0.3876015732823953,0.3116194614818306,0.1855228522606723,0.0
1602,0.19198417015002664,0.2830470753599123,0.33739812260207785,0.18757063188798304,0.0
1603,0.1527490010934566,0.3967620822807952,0.29495271404504464,0.1555362025807037,0.0
1604,0.11860239514582939,0.3780645831378163,0.3327110603176985,0.17062196139865587,0.0
1605,0.14381298355923558,0.4297741741399706,0.2517233870767916,0.1746894552240023,0.0
1606,0.20235983517608164,0.4069878400975465,0.2577430948039988,0.13290922992237306,0.0
1607,0.16254214579756768,0.3532156479229964,0.30148482267299903,0.18275738360643676,0.0
1608,0.17251383337870688,0.21520964353908623,0.3860611650371087,0.2262153580450983,0.0
1609,0.18632388860125176,0.19086286948902434,0.35881259596902076,0.26400064594070305,0.0
1610,0.10831073283335965,0.4575235763606896,0.28345365426211333,0.15071203654383744,0.0
1611,0.1992058292339578,0.34781156303461674,0.3313073250317024,0.12167528269972311,0.0
1612,0.207314728446297,0.20843471619694587,0.402809286872305,0.18144126848445205,0.0
1613,0.15311209379704474,0.4515190122526546,0.2667481218752027,0.12862077207509798,0.0
1614,0.15826466538021533,0.4046838381569444,0.2812005780815457,0.15585091838129472,0.0
1615,0.17526225991064462,0.4893604294607573,0.2227566071683853,0.11262070346021277,0.0
1616,0.16258811535816842,0.38367206453720804,0.3046587654947381,0.1490810546098855,0.0
1617,0.20775084751821182,0.3656073814487355,0.2444093797525866,0.18223239128046614,0.0
1618,0.14602662903423816,0.5048505003253414,0.22612832507024264,0.12299454557017779,0.0
1619,0.2019971493928662,0.35775810494813454,0.2618038781273578,0.17844086753164154,0.0
1620,0.19611995164437865,0.34235551938110254,0.3205622649632547,0.1409622640112641,0.0
1621,0.1619611140014236,0.46263181152312494,0.2456457850385703,0.12976128943688134,0.0
1622,0.15893041796895038,0.44250783299508467,0.25113977480292893,0.14742197423303618,0.0
1623,0.22703233103136328,0.1366879748288424,0.43530002859489897,0.20097966554489533,0.0
1624,0.17254275115345988,0.422701850278376,0.25211161490946565,0.15264378365869852,0.0
1625,0.13981794449412663,0.47221470717847136,0.2606322118671756,0.12733513646022634,0.0
1626,0.15287621588128897,0.43875118715377187,0.22728954569035245,0.18108305127458663,0.0
1627,0.14315139125394202,0.49558810176459644,0.22945077517937384,0.13180973180208766,0.0
1628,0.15207593329871763,0.3841176500745665,0.31169247249350746,0.15211394413320845,0.0
1629,0.218108477765865,0.3608953237186314,0.2823945622656085,0.13860163624989494,0.0
1630,0.18825170082912981,0.386717896785888,0.27971948279725156,0.14531091958773057,0.0
1631,0.16351010738361657,0.428106967626797,0.2751169605363312,0.13326596445325517,0.0
1632,0.11533443009156337,0.463544680340053,0.24794447527054436,0.17317641429783928,0.0
1633,0.12657874578667105,0.4636985058378792,0.25877833948794343,0.15094440888750643,0.0
1634,0.12310352051961436,0.4617778299100935,0.24247629947552363,0.17264235009476847,0.0
1635,0.23953780756388723,0.22540068095379492,0.372111908227875,0.16294960325444288,0.0
1636,0.1547846516824748,0.38451498416208485,0.3269485348588844,0.1337518292965559,0.0
1637,0.12061650080266004,0.5011290999163188,0.21702029525246716,0.16123410402855395,0.0
1638,0.14440301797600347,0.48912279190526864,0.25415401756170447,0.11232017255702338,0.0
1639,0.15542890557984756,0.40762708215201815,0.2704142813055933,0.166529730962541,0.0
1640,0.1537080978348122,0.3760761264787413,0.327293896160443,0.14292187952600352,0.0
1641,0.15266566187739,0.45385652494907,0.251143693520531,0.14233411965300893,0.0
1642,0.18026766842937073,0.4595767668703388,0.23946194568496235,0.12069361901532813,0.0
1643,0.18520030651896366,0.38675071572930936,0.2847480387027389,0.14330093904898805,0.0
1644,0.1895268677545405,0.44653615007887965,0.2422978915724891,0.12163909059409071,0.0
1645,0.15058658155770113,0.430376293739479,0.28829969835034636,0.1307374263524735,0.0
1646,0.1700102966761533,0.42117461081996316,0.2899848254981481,0.11883026700573546,0.0
1647,0.13910012352965476,0.40956315060321485,0.2799517332545451,0.17138499261258522,0.0
1648,0.1968531904834462,0.30663839886415456,0.33767024244119964,0.15883816821119956,0.0
1649,0.13046275884011932,0.4765596849871892,0.271466524111896,0.12151103206079543,0.0
1650,0.20750202601603968,0.3712034648648953,0.20382622869039357,0.2174682804286714,0.0
1651,0.1776450048202399,0.2415185338502025,0.40970240823100434,0.17113405309855328,0.0
1652,0.17955058852500666,0.40408403323216135,0.2723987492241001,0.14396662901873183,0.0
1653,0.13141215548429588,0.4004776283745191,0.2941410738003827,0.17396914234080219,0.0
1654,0.1796559745011119,0.3936816366907583,0.27050544958570494,0.15615693922242488,0.0
1655,0.13046328506118676,0.48828696419746975,0.23263731537119775,0.1486124353701457,0.0
1656,0.12925011988821553,0.4556947438196953,0.2745201626866544,0.14053497360543477,0.0
1657,0.17251457211430565,0.28788514397607873,0.3307295000849834,0.20887078382463226,0.0
1658,0.16870341441211378,0.35985266025954304,0.35195633198843435,0.11948759333990878,0.0
1659,0.13988932956736105,0.44362217396309633,0.2803234732978369,0.1361650231717056,0.0
1660,0.11208709191408549,0.3746047604080991,0.34045790087621997,0.1728502468015954,0.0
1661,0.14330885918593123,0.4625605279617762,0.25845831967858096,0.13567229317371163,0.0
1662,0.14125098732131153,0.42382525974560464,0.2549967162691665,0.17992703666391732,0.0
1663,0.19007703001324872,0.4407612639507436,0.2592975544618237,0.10986415157418394,0.0
1664,0.1516700737206822,0.35623829430186277,0.3287711575907704,0.16332047438668462,0.0
1665,0.1642868340822016,0.40968241407954986,0.2882878106411186,0.13774294119713001,0.0
1666,0.14982333863896063,0.4316810696976616,0.2798371220668743,0.13865846959650352,0.0
1667,0.19504484654112703,0.3848228887096205,0.2934847521592305,0.12664751259002213,0.0
1668,0.15369684489886054,0.4772020349721416,0.2693174222257168,0.09978369790328095,0.0
1669,0.15748872478948298,0.32194543021865685,0.29343313120928965,0.22713271378257047,0.0
1670,0.18650893612793182,0.398594116611211,0.25653323052613064,0.15836371673472646,0.0
1671,0.12371209256887669,0.5136520020518016,0.23707938164732206,0.12555652373199963,0.0
1672,0.17087943775347417,0.4179520693430063,0.2582150849324201,0.1529534079710995,0.0
1673,0.17010593780138847,0.33969816183405566,0.3266843403355487,0.16351156002900707,0.0
1674,0.13878865103639676,0.46255107047764726,0.2702180469128224,0.12844223157313353,0.0
1675,0.14799780081573888,0.4680380130840856,0.26288109226010886,0.12108309384006659,0.0
1676,0.1763764682004842,0.3899851872483729,0.2559558185868438,0.1776825259642991,0.0
1677,0.12555067463729186,0.4295575132098307,0.299105042373641,0.14578676977923632,0.0
1678,0.1694692250635914,0.3987723724801675,0.3237259545211266,0.10803244793511431,0.0
1679,0.1607306371271676,0.443093163379847,0.24789712622643637,0.14827907326654904,0.0
1680,0.1955822844603701,0.3301688311250938,0.31851979367187977,0.15572909074265628,0.0
1681,0.1413832760297216,0.41123268289888426,0.28734010922776404,0.1600439318436301,0.0
1682,0.15588991554979348,0.3587334870477568,0.3072159456712642,0.1781606517311856,0.0
1683,0.1851042419850939,0.4215809267938747,0.2777146245414173,0.11560020667961408,0.0
1684,0.1815503898137153,0.4676232179282793,0.19624614058603634,0.15458025167196898,0.0
1685,0.13864977589502325,0.4312303441521312,0.2637591267321059,0.16636075322073962,0.0
1686,0.16641093041090857,0.3938176333800633,0.29513339282072,0.14463804338830805,0.0
1687,0.14202987511359533,0.43749076507393625,0.2583307222262515,0.16214863758621692,0.0
1688,0.18083932577338685,0.3453346093234287,0.3401564795102783,0.1336695853929061,0.0
1689,0.1366776338483814,0.4198802412717581,0.2764524051025605,0.1669897197772999,0.0
1690,0.17153231996760365,0.4101030077261341,0.2826142120455822,0.13575046026068005,0.0
1691,0.14430409977193157,0.3815807611399354,0.30569208689420163,0.1684230521939314,0.0
1692,0.12324137577362966,0.40798939470531037,0.2868660805478213,0.18190314897323873,0.0
1693,0.14214759658449266,0.43543089285067654,0.28569906338629825,0.13672244717853274,0.0
1694,0.1127076026617059,0.4348129510891583,0.26392972916026564,0.1885497170888702,0.0
1695,0.14265080375121908,0.47057307684286365,0.23309212887227046,0.15368399053364679,0.0
1696,0.15124340266796704,0.28647913417401044,0.31551018253639684,0.2467672806216257,0.0
1697,0.14474687181125795,0.3927605833339622,0.2794979445766024,0.18299460027817752,0.0
1698,0.2332884068695649,0.3377455693526658,0.2872983053401039,0.14166771843766537,0.0
1699,0.1681551198115339,0.364563521593388,0.29258975657010133,0.17469160202497666,0.0
1700,0.13218119358122654,0.4196733755680794,0.3013540181208169,0.1467914127298773,0.0
1701,0.17418770899566338,0.40732681344864197,0.2811421166250319,0.13734336093066266,0.0
1702,0.2446043643866181,0.16847517562149128,0.4113142177539409,0.1756062422379496,0.0
1703,0.16562282792733257,0.3959924851451264,0.3018494127896102,0.13653527413793087,0.0
1704,0.159343153781935,0.37877882209234964,0.26062723695243817,0.20125078717327716,0.0
1705,0.20844872291845154,0.36273740548953454,0.2501404606893948,0.1786734109026191,0.0
1706,0.15380598140130658,0.4492405866725448,0.2731944604808327,0.12375897144531577,0.0
1707,0.1632341431556502,0.4364515549919566,0.2622378643064184,0.13807643754597482,0.0
1708,0.1383319878128252,0.4040062140005498,0.2930479896731589,0.16461380851346594,0.0
1709,0.12653478655515335,0.43656061080354974,0.2842763288707738,0.15262827377052313,0.0
1710,0.10204725065937428,0.5042254441654795,0.2569399481713417,0.1367873570038045,0.0
1711,0.18120864929041824,0.3936161314636066,0.2699250818877825,0.15525013735819262,0.0
1712,0.1528704761195988,0.3353203899785575,0.32047726637249896,0.1913318675293447,0.0
1713,0.146085660694141,0.4574230182287708,0.2620779505315739,0.13441337054551422,0.0
1714,0.15357129645084447,0.5562763736067763,0.18534373906486595,0.10480859087751321,0.0
1715,0.1513378200069127,0.3837608704256284,0.32965703907800536,0.13524427048945356,0.0
1716,0.13897750517845756,0.38561795940627086,0.32128634209937823,0.1541181933158934,0.0
1717,0.19594483814016583,0.38904415235535145,0.296313263986587,0.11869774551789578,0.0
1718,0.13695493886216548,0.37739281055627255,0.33884309174943944,0.14680915883212256,0.0
1719,0.14819309592797414,0.3773983904612373,0.32181377059064553,0.1525947430201431,0.0
1720,0.18630550910165916,0.39522898121498173,0.23723667356974174,0.1812288361136173,0.0
1721,0.18466948895057492,0.28413538015570283,0.38864477253073026,0.14255035836299204,0.0
1722,0.1377026901913617,0.3749619799914124,0.3366388496342269,0.1506964801829989,0.0
1723,0.19762700108506293,0.3297351600190594,0.3125996066237759,0.16003823227210168,0.0
1724,0.17021101553214965,0.4558113207586866,0.2493047366174788,0.12467292709168504,0.0
1725,0.2036372821583291,0.3517355701872288,0.31255843976313236,0.1320687078913099,0.0
1726,0.16904611776769696,0.48008251234389854,0.2258661781743432,0.12500519171406133,0.0
1727,0.19123380589075578,0.34695994375119016,0.34023190526311164,0.1215743450949425,0.0
1728,0.1143450757489569,0.5129316379018367,0.23694947388290868,0.13577381246629752,0.0
1729,0.16866283505864055,0.390987519502184,0.2807201623007471,0.1596294831384284,0.0
1730,0.1517971568347421,0.3620350268388882,0.31512293040582756,0.1710448859205421,0.0
1731,0.14642002438705617,0.36567587893624026,0.2929273789678873,0.19497671770881625,0.0
1732,0.16226386979238813,0.4690098371517798,0.22589946557503915,0.14282682748079292,0.0
1733,0.26111954565731094,0.23341696275047674,0.2744760778724868,0.23098741371972545,0.0
1734,0.1797153731022097,0.392904949771237,0.29238542166443404,0.13499425546211932,0.0
1735,0.133704044830178,0.38545361284428215,0.2843196406580021,0.19652270166753766,0.0
1736,0.17343661504175212,0.45382429090591864,0.25289359974522013,0.11984549430710902,0.0
1737,0.11144269960309736,0.374370222342876,0.31426383345936887,0.19992324459465788,0.0
1738,0.22353543408412294,0.3237798612502935,0.28560468611133233,0.1670800185542513,0.0
1739,0.14167761229369927,0.3575562369876781,0.32882212194940447,0.17194402876921816,0.0
1740,0.1643125428450821,0.33972394234560005,0.3573279329807217,0.13863558182859625,0.0
1741,0.15840746087197458,0.40072760092246495,0.28679591248808706,0.15406902571747347,0.0
1742,0.14397671374599755,0.46945170329095237,0.2503476485346746,0.1362239344283753,0.0
1743,0.1704454394846064,0.4746369227394154,0.21632876323886913,0.13858887453710905,0.0
1744,0.14770408176006167,0.4584860152842347,0.261362511801644,0.13244739115405957,0.0
1745,0.19068709687756524,0.3269147493400365,0.32371503283720926,0.1586831209451889,0.0
1746,0.1277593869326846,0.5130615105756494,0.23483287958811766,0.12434622290354827,0.0
1747,0.1802343288319737,0.3912244060889554,0.29496830377381,0.13357296130526092,0.0
1748,0.09216203951624326,0.48211454466937353,0.26207037179301523,0.16365304402136802,0.0
1749,0.1569037212323141,0.46078383754385316,0.21857208588424717,0.16374035533958559,0.0
1750,0.16800304655068324,0.36161919865383396,0.31243017851085403,0.15794757628462874,0.0
1751,0.18636955732136012,0.30673629818091724,0.3669323382058488,0.1399618062918736,0.0
1752,0.1366196852543436,0.3457499402951712,0.31980314598729204,0.19782722846319323,0.0
1753,0.14424915826968207,0.334812918507456,0.35662074533888183,0.16431717788398004,0.0
1754,0.12972472700479987,0.5486476590408781,0.1550015448641422,0.16662606909018002,0.0
1755,0.1412191887228231,0.4182946687638276,0.2605931403862531,0.1798930021270962,0.0
1756,0.18902680933822527,0.354399984088069,0.2830962945569384,0.1734769120167674,0.0
1757,0.14164550673921794,0.4642839630081827,0.24211342511584383,0.15195710513675562,0.0
1758,0.18290152084835026,0.42909192497398546,0.28087633093861114,0.10713022323905319,0.0
1759,0.1519221566127883,0.38750113994611424,0.3076349369787147,0.1529417664623828,0.0
1760,0.13436198449857958,0.46685197468917844,0.2524458851151631,0.14634015569707887,0.0
1761,0.19368243626737874,0.27984628794083205,0.3599941421998023,0.16647713359198701,0.0
1762,0.11963721369666777,0.3930834880280091,0.29063956630535603,0.1966397319699671,0.0
1763,0.12503465544283493,0.4526579521507493,0.2711980523101322,0.1511093400962835,0.0
1764,0.17118307121485873,0.40486911559156424,0.28926945891246486,0.13467835428111224,0.0
1765,0.14962867786372663,0.43016535363476077,0.2887589934225133,0.13144697507899925,0.0
1766,0.19131761082488333,0.294546736833965,0.3499281425829367,0.164207509758215,0.0
1767,0.24064567549082516,0.21508607875651256,0.4190986620116512,0.1251695837410111,0.0
1768,0.18360445500885678,0.366243086181038,0.3276966125937533,0.12245584621635182,0.0
1769,0.18451543736514175,0.4089376826958076,0.2982446119419885,0.10830226799706208,0.0
1770,0.1748005749537248,0.48441337908092563,0.1996646137197418,0.14112143224560783,0.0
1771,0.1750829593347447,0.49468306140711876,0.232309245428586,0.09792473382955054,0.0
1772,0.14315526794132483,0.4808439139673236,0.27116802090319564,0.10483279718815607,0.0
1773,0.14422198059428196,0.44397046622368047,0.2586108480755283,0.15319670510650935,0.0
1774,0.17262739046223521,0.33298891513128354,0.3108743793706534,0.18350931503582782,0.0
1775,0.23518240251098024,0.14816425602150352,0.443329172640229,0.17332416882728724,0.0
1776,0.16101816017147885,0.42867028179507366,0.2697661820960526,0.1405453759373949,0.0
1777,0.14299163747811397,0.3533908386671996,0.3701209016607937,0.1334966221938927,0.0
1778,0.15817267611598865,0.40228634192052043,0.2680523150180507,0.17148866694544018,0.0
1779,0.1795046610468767,0.3886021301310228,0.2727494562641174,0.15914375255798313,0.0
1780,0.1809889021185692,0.3128632046596313,0.3029380991271982,0.20320979409460124,0.0
1781,0.17847194135708425,0.3638468747432304,0.27997318926175574,0.17770799463792966,0.0
1782,0.11468883615556645,0.4288273671205877,0.26864515717699644,0.18783863954684954,0.0
1783,0.19035402631715853,0.3730146795805418,0.29920896002635566,0.1374223340759441,0.0
1784,0.19791375559421076,0.21555648429161853,0.41233520239054744,0.17419455772362324,0.0
1785,0.16982996618850638,0.43007321007674404,0.24586320053033575,0.15423362320441386,0.0
1786,0.17148874403688677,0.3236451230703068,0.3114662829823877,0.1933998499104187,0.0
1787,0.14939602136756708,0.4630277265035654,0.26937077448894053,0.11820547763992693,0.0
1788,0.18504669500719373,0.2724022966932255,0.3709036217675018,0.17164738653207895,0.0
1789,0.16068060376618432,0.5335490277238168,0.19740505903838285,0.10836530947161586,0.0
1790,0.17179907217995866,0.43440269871925147,0.2854846324737855,0.10831359662700427,0.0
1791,0.16393472346377605,0.31866325766112474,0.35847618271772225,0.15892583615737707,0.0
1792,0.17750594097872185,0.33329683317906256,0.347663423690616,0.14153380215159972,0.0
1793,0.15931921488238934,0.41492736930142643,0.29276913731361465,0.13298427850256953,0.0
1794,0.21904777901966957,0.2439024353608145,0.35048428372204193,0.18656550189747406,0.0
1795,0.16408438953505058,0.2617000708931273,0.36270693414580796,0.21150860542601418,0.0
1796,0.12802466502081558,0.40689821467262166,0.3071013582210188,0.15797576208554395,0.0
1797,0.1452120856069084,0.4054972906068069,0.28349666914025606,0.16579395464602864,0.0
1798,0.14324204298858245,0.3917149125927124,0.2985642539748788,0.16647879044382644,0.0
1799,0.16814525286584675,0.3867802098687859,0.3004807804179211,0.1445937568474463,0.0
1800,0.14245758012228993,0.46382486570142173,0.25784155486040405,0.13587599931588426,0.0
1801,0.10921364487617277,0.5016809713361773,0.26807978270383587,0.12102560108381401,0.0
1802,0.15338948306372802,0.4986798590568505,0.23513496884533278,0.11279568903408861,0.0
1803,0.138898932517903,0.425770972758328,0.27831976935699976,0.15701032536676926,0.0
1804,0.15529644022205522,0.4278372577360948,0.24256819255697745,0.17429810948487248,0.0
1805,0.11732172045824334,0.4396295752319068,0.2937028324494196,0.1493458718604303,0.0
1806,0.16053357608359237,0.3796353035097052,0.2909147729780414,0.1689163474286611,0.0
1807,0.11628487768674689,0.49861765439639266,0.2042468905825404,0.18085057733432014,0.0
1808,0.15582284706453461,0.3988415438903542,0.2443048060937931,0.201030802951318,0.0
1809,0.1503279416200063,0.5261678199074763,0.20231255153348704,0.12119168693903026,0.0
1810,0.16891062487130123,0.40850254960066296,0.2915357574320521,0.13105106809598374,0.0
1811,0.20773440925470785,0.2988671510519033,0.31005345853875366,0.1833449811546351,0.0
1812,0.17648151745056398,0.44980270021738455,0.2525636203702298,0.12115216196182163,0.0
1813,0.1691817106231668,0.40357487202484743,0.2907816312617484,0.1364617860902373,0.0
1814,0.0944535268143393,0.462079935554146,0.27693166937358416,0.16653486825793057,0.0
1815,0.11303072282450813,0.5093912445754379,0.22588257924467656,0.15169545335537732,0.0
1816,0.18679917177536115,0.40339669693669633,0.2684891068646392,0.14131502442330338,0.0
1817,0.13691036949372296,0.4566110023724008,0.25489553251888347,0.1515830956149928,0.0
1818,0.17228454360131423,0.36152181721673354,0.30490375454336677,0.16128988463858543,0.0
1819,0.1495196660568621,0.42359916448900475,0.25786047755859476,0.16902069189553842,0.0
1820,0.20354865590820195,0.46284660287971885,0.21088226404601845,0.12272247716606091,0.0
1821,0.17858362109268688,0.3991576016972123,0.28420293746770653,0.13805583974239427,0.0
1822,0.17087346847660786,0.3129158111895067,0.3116672051639053,0.20454351516998015,0.0
1823,0.14664075196014315,0.31394136103268605,0.3533333507461,0.1860845362610706,0.0
1824,0.16639652477437641,0.36989322383135925,0.30546117848101,0.15824907291325432,0.0
1825,0.2195655284472024,0.3118595993144505,0.3090595302299457,0.1595153420084015,0.0
1826,0.13687928067510144,0.4420518082834001,0.2379994728044869,0.18306943823701158,0.0
1827,0.18161372111145171,0.3747703718924117,0.2536281938862089,0.18998771310992785,0.0
1828,0.13035918761010942,0.4135069384163872,0.325925002612415,0.1302088713610883,0.0
1829,0.13046595152187418,0.3410984701258598,0.3103709953625965,0.21806458298966958,0.0
1830,0.1514000362113344,0.4281740182911661,0.25931545962424946,0.1611104858732499,0.0
1831,0.174370688721796,0.4822222634472146,0.21200776359113196,0.13139928423985753,0.0
1832,0.16309757646513334,0.3882516707863372,0.3289493354108988,0.11970141733763065,0.0
1833,0.16951674173765238,0.39074375636385467,0.27573698816116554,0.16400251373732735,0.0
1834,0.1169015015459559,0.4184551618657667,0.2914657754026848,0.1731775611855925,0.0
1835,0.15162231903824963,0.467223016992668,0.2713607562054657,0.1097939077636169,0.0
1836,0.1624302894285969,0.3965420499686579,0.3033419428884667,0.13768571771427845,0.0
1837,0.12070832108359124,0.4288853517913308,0.296910451152682,0.153495875972396,0.0
1838,0.18962174719857386,0.22708005889671884,0.471794847666649,0.11150334623805826,0.0
1839,0.18485604323530577,0.46137713325069063,0.2271690070644543,0.12659781644954932,0.0
1840,0.13591841176733113,0.4966177208570649,0.22543889563212027,0.1420249717434836,0.0
1841,0.15168716081583392,0.4431693361837059,0.288372576139829,0.1167709268606312,0.0
1842,0.14258363686446687,0.4275257961803086,0.2717304517156821,0.1581601152395423,0.0
1843,0.12283406011173764,0.4695312842941812,0.26323163865416327,0.14440301693991792,0.0
1844,0.11835132207418707,0.4618027793184555,0.26842966148855196,0.1514162371188055,0.0
1845,0.1112549434970934,0.40393143005891635,0.3114698539440892,0.17334377249990116,0.0
1846,0.16597051249009823,0.3793546879119707,0.2870430117123705,0.16763178788556068,0.0
1847,0.1437299023101487,0.39699073565438836,0.3228738215526114,0.13640554048285156,0.0
1848,0.1377519779962102,0.3647524345407765,0.3533384038536047,0.1441571836094086,0.0
1849,0.1438356371523587,0.4041871189963637,0.289002909177495,0.1629743346737825,0.0
1850,0.15679860637181633,0.3743393902208473,0.30670039992862974,0.16216160347870656,0.0
1851,0.1753896713226627,0.4043331720453583,0.29218231044887955,0.12809484618309944,0.0
1852,0.1600338338990949,0.42346318013917317,0.28386173495439493,0.13264125100733698,0.0
1853,0.19217340826070156,0.4282148427573957,0.242000821618794,0.1376109273631088,0.0
1854,0.19789310195609144,0.28827652034017803,0.3332147905904252,0.18061558711330536,0.0
1855,0.1738403257614612,0.26876694162681813,0.3738181727412586,0.18357455987046206,0.0
1856,0.1720917813073791,0.385354685967327,0.2881587043540256,0.15439482837126842,0.0
1857,0.16893829858690235,0.43897557534470727,0.2795388209421607,0.1125473051262297,0.0
1858,0.11123527803443078,0.40726211327888145,0.299156605053889,0.18234600363279865,0.0
1859,0.19529860402715538,0.393148477846052,0.273244402162816,0.13830851596397664,0.0
1860,0.138109131749377,0.4560543269485728,0.26386580211687477,0.14197073918517553,0.0
1861,0.11694270365584711,0.44941922194692635,0.26194244634243696,0.17169562805478952,0.0
1862,0.16605383183836928,0.39882389142340324,0.277378957056632,0.15774331968159544,0.0
1863,0.13638852551048733,0.47936347320502776,0.2260771635483745,0.15817083773611046,0.0
1864,0.20912674370439144,0.40483000941709363,0.23008875378388258,0.15595449309463252,0.0
1865,0.15719414401363221,0.4740288101718498,0.22536020089250533,0.14341684492201268,0.0
1866,0.1302975281411968,0.3089059142782232,0.34570114894915,0.21509540863142998,0.0
1867,0.16895058509809674,0.36056028770428067,0.29867981043689434,0.17180931676072814,0.0
1868,0.13445965447658867,0.27680025371204225,0.365072089662866,0.22366800214850321,0.0
1869,0.20298508072865265,0.3009333479882497,0.30388243739455795,0.19219913388853974,0.0
1870,0.14503159532495843,0.3034302513046015,0.35493269205198896,0.19660546131845116,0.0
1871,0.12735323969218493,0.4416482899787275,0.2555475438734419,0.17545092645564567,0.0
1872,0.16134736922313905,0.4224877038459369,0.286586154752671,0.12957877217825317,0.0
1873,0.2318934426925896,0.16179753314316744,0.31923885389616496,0.2870701702680779,0.0
1874,0.16172300245481555,0.3744929889277956,0.32301798807679755,0.14076602054059137,0.0
1875,0.16666419213598568,0.40637422827539327,0.28047089867436675,0.14649068091425427,0.0
1876,0.17984160742621594,0.3817346289064464,0.2852423701395788,0.15318139352775886,0.0
1877,0.14468186669057842,0.34941274639470044,0.297682338621923,0.2082230482927982,0.0
1878,0.1476670415928857,0.3517505890363064,0.3356404430168711,0.16494192635393673,0.0
1879,0.10732691795887643,0.42913129698826097,0.263875815281476,0.19966596977138665,0.0
1880,0.25087977379306114,0.18787164751829583,0.35338765395079424,0.20786092473784895,0.0
1881,0.1971726698413754,0.3665644280963019,0.28947388536451946,0.14678901669780334,0.0
1882,0.1378974199644893,0.5243502911569874,0.21317696308644976,0.12457532579207362,0.0
1883,0.1366751343113115,0.48050922739338847,0.25044973781355645,0.13236590048174357,0.0
1884,0.16282388359651082,0.395830317755068,0.3079061359495401,0.133439662698881,0.0
1885,0.16159214850919468,0.4140166501914649,0.2808551557290011,0.1435360455703394,0.0
1886,0.1823713908228957,0.43776081116754056,0.24668046729510487,0.133187330714459,0.0
1887,0.15766155945644458,0.41464203136700206,0.2868038211299375,0.14089258804661586,0.0
1888,0.16678538760718625,0.34070908288832785,0.34061394255317906,0.15189158695130678,0.0
1889,0.09432577784325022,0.4304158141695965,0.29796072101082594,0.1772976869763274,0.0
1890,0.11823408490489516,0.4860649273536836,0.23405202080968793,0.16164896693173314,0.0
1891,0.1088475912717978,0.4329377977349968,0.2745958106213807,0.18361880037182457,0.0
1892,0.17927088410888237,0.35930716871483653,0.3192191515109503,0.14220279566533087,0.0
1893,0.15576609594847682,0.37794547486916,0.31055571168296625,0.15573271749939666,0.0
1894,0.10794107625812928,0.39286907535884413,0.3094285211628053,0.18976132722022135,0.0
1895,0.18861056739031928,0.4132716115680529,0.30440127045445364,0.0937165505871742,0.0
1896,0.14405542404186805,0.38152550985202704,0.3076792280370092,0.16673983806909576,0.0
1897,0.1571540244676102,0.40611449804852956,0.29241253882092894,0.1443189386629313,0.0
1898,0.17453593920805585,0.3452053790520732,0.340895347477038,0.13936333426283298,0.0
1899,0.12866401207464628,0.4947438016027792,0.23413620920247188,0.14245597712010247,0.0
1900,0.1571692785844308,0.4756691475695659,0.2381843952576728,0.12897717858833052,0.0
1901,0.17094900286373846,0.4094467761351791,0.29105632020045424,0.12854790080062822,0.0
1902,0.19237216786877173,0.4516852674097479,0.22953199844893574,0.12641056627254457,0.0
1903,0.10307052079275232,0.534736685017468,0.20175832948079714,0.16043446470898265,0.0
1904,0.10670169947753584,0.5471620319017827,0.20466547724181677,0.1414707913788647,0.0
1905,0.18005247113098402,0.3790553402230549,0.3001580413222945,0.14073414732366657,0.0
1906,0.14880147383871364,0.36333578401145056,0.3047423656549788,0.18312037649485693,0.0
1907,0.16892278218992715,0.3665259315696346,0.3193047712975133,0.1452465149429249,0.0
1908,0.18417891462811428,0.502424659585021,0.21647986930652538,0.09691655648033927,0.0
1909,0.18060415432137952,0.38327815146616395,0.2839807495143081,0.15213694469814854,0.0
1910,0.1582159167501981,0.47060751659622957,0.21245431042180202,0.15872225623177028,0.0
1911,0.16935283993491762,0.34991468624182315,0.27900764366092656,0.20172483016233264,0.0
1912,0.14138590985080024,0.45314020018750945,0.24989811141258128,0.15557577854910892,0.0
1913,0.11527667264232144,0.4465808749842511,0.28168654769033724,0.1564559046830902,0.0
1914,0.15704459807658142,0.4580042976679363,0.2476875124020037,0.13726359185347844,0.0
1915,0.16490750756159972,0.39934554817425544,0.27136516684298806,0.1643817774211568,0.0
1916,0.20169825407288466,0.3937070145436368,0.27588692614644084,0.12870780523703776,0.0
1917,0.15979022342323182,0.4200590760440843,0.26185767774120056,0.15829302279148327,0.0
1918,0.1906212798936887,0.35907896964866837,0.30352503253339014,0.1467747179242528,0.0
1919,0.13408639055040808,0.5589539234722358,0.202143101472443,0.10481658450491313,0.0
1920,0.12449524856884772,0.3682789819012209,0.28112683622528345,0.22609893330464786,0.0
1921,0.17078663726900264,0.3642293293693855,0.31828729181234433,0.14669674154926757,0.0
1922,0.20724742258671514,0.25521669863428303,0.37481437369493004,0.1627215050840717,0.0
1923,0.1581318048835251,0.4038425455140087,0.2797029430479312,0.1583227065545351,0.0
1924,0.20537135012496685,0.2985928617248725,0.30790492926252405,0.18813085888763675,0.0
1925,0.19434291704499515,0.3001399101141443,0.35921323830378504,0.14630393453707535,0.0
1926,0.1641767220077949,0.38850055379383286,0.31574613441375365,0.13157658978461856,0.0
1927,0.1493848644297091,0.41759502847197705,0.279798772901836,0.15322133419647796,0.0
1928,0.15300869642045772,0.35395980192712917,0.32783823093503395,0.1651932707173792,0.0
1929,0.1088373773992071,0.44531910454241025,0.29452965019490795,0.15131386786347467,0.0
1930,0.1493286908000673,0.42769434392714606,0.2804777780113889,0.14249918726139782,0.0
1931,0.1338256839326654,0.46324559198690257,0.27305848049822784,0.12987024358220425,0.0
1932,0.16632492846251226,0.3478325860038737,0.29751766871436036,0.18832481681925364,0.0
1933,0.15342963799392545,0.34905763797582456,0.328196352499359,0.16931637153089116,0.0
1934,0.20102813626115074,0.32018237709429526,0.31612129026367275,0.1626681963808812,0.0
1935,0.1383284730900331,0.44135686646635025,0.262090116124793,0.15822454431882377,0.0
1936,0.12249059418627635,0.4525057415921673,0.2909192050447559,0.13408445917680065,0.0
1937,0.1738157576385425,0.3209334727459945,0.37431315117352143,0.1309376184419416,0.0
1938,0.14487312365391988,0.35466815241646965,0.34163547471504224,0.15882324921456822,0.0
1939,0.1670696554743454,0.3758442314721267,0.30074372407163374,0.15634238898189412,0.0
1940,0.14292065044210664,0.4743240549997158,0.25552631875692805,0.12722897580124953,0.0
1941,0.12479001187182115,0.5377660318584967,0.211361985180055,0.12608197108962704,0.0
1942,0.17972874319328175,0.34998682791889957,0.30371194520331535,0.16657248368450342,0.0
1943,0.16883754091801803,0.4073322324774093,0.2608320984988396,0.1629981281057331,0.0
1944,0.15007016247975924,0.5023341564395326,0.24382268675170943,0.10377299432899886,0.0
1945,0.1953421601923996,0.3253686550988605,0.29413156643143634,0.1851576182773036,0.0
1946,0.15987825717176257,0.4242158651943222,0.26987636539077536,0.1460295122431399,0.0
1947,0.17265799609020677,0.33537351166198687,0.3243796612190369,0.16758883102876954,0.0
1948,0.13137603674261417,0.5319301239843632,0.20376583704364454,0.13292800222937806,0.0
1949,0.1422355969415023,0.5179549210194451,0.20259244116909317,0.1372170408699595,0.0
1950,0.18701728553096106,0.37660268222431825,0.29810659962988634,0.13827343261483435,0.0
1951,0.14281364305447022,0.4077679599717067,0.29022047833481723,0.15919791863900595,0.0
1952,0.19502424454574543,0.3952429731966378,0.260478120856795,0.14925466140082172,0.0
1953,0.1396451410432131,0.5191695974590979,0.2248648352596349,0.11632042623805418,0.0
1954,0.18028418949014333,0.32326512145562997,0.34296814268539416,0.15348254636883263,0.0
1955,0.1639788452901037,0.4034938447276598,0.26972353373842495,0.16280377624381173,0.0
1956,0.17385160293081425,0.4049992423504543,0.2822156976645942,0.13893345705413726,0.0
1957,0.1981873112814462,0.3346236385367209,0.30231985440980064,0.16486919577203227,0.0
1958,0.08036001414279886,0.4971243701415167,0.2569799025888672,0.1655357131268172,0.0
1959,0.13648021842397842,0.3694536869930032,0.2999557175626678,0.19411037702035053,0.0
1960,0.17327363116305391,0.3021785715270816,0.35414990946499086,0.17039788784487367,0.0
1961,0.15918678254657317,0.42126542864004973,0.2608281523820064,0.15871963643137063,0.0
1962,0.16047031870631973,0.4841699874133342,0.24885492322546882,0.1065047706548772,0.0
1963,0.15877529899080983,0.37086040198330855,0.30565589153615746,0.16470840748972415,0.0
1964,0.15175009914198825,0.32499594033996554,0.32476631793578875,0.19848764258225737,0.0
1965,0.1718873071239901,0.4808305529759184,0.24270653963714464,0.10457560026294671,0.0
1966,0.20094032742906898,0.3560508670041584,0.31465459778811405,0.12835420777865875,0.0
1967,0.13844907919144905,0.3618372662701374,0.3120148458306875,0.18769880870772604,0.0
1968,0.14757248615768528,0.4070657662673264,0.27041400231936025,0.17494774525562803,0.0
1969,0.1708704907436309,0.4317032411385071,0.2663933218448605,0.1310329462730015,0.0
1970,0.12923032102660223,0.37413953683891576,0.30706205261657443,0.18956808951790774,0.0
1971,0.1517191867736944,0.3467148019628843,0.318619511884846,0.18294649937857524,0.0
1972,0.18459908647034834,0.30719383436949327,0.3167836136249738,0.19142346553518458,0.0
1973,0.1390138290843503,0.46997724993120277,0.24775634435290525,0.14325257663154156,0.0
1974,0.1996175133107291,0.4053548595200475,0.21795712696770797,0.17707050020151544,0.0
1975,0.15558171585155983,0.3106967241867102,0.3725603985721638,0.16116116138956618,0.0
1976,0.14415743077391258,0.44759846312326257,0.2577019952502501,0.1505421108525748,0.0
1977,0.1359698739825905,0.4923831685227064,0.21662759284176533,0.15501936465293775,0.0
1978,0.14642576949650687,0.38504490748115716,0.31409554362835823,0.1544337793939778,0.0
1979,0.19722380469177275,0.1904237766146965,0.3519342067545357,0.26041821193899495,0.0
1980,0.16634791290423573,0.44886093784663494,0.2649502212562993,0.11984092799282998,0.0
1981,0.15310077251747595,0.4001887739814035,0.27825291661113666,0.16845753688998383,0.0
1982,0.11877319700177076,0.4749249674526326,0.27358572295202316,0.13271611259357352,0.0
1983,0.18883837713886062,0.3781660487330493,0.3233906986526805,0.1096048754754098,0.0
1984,0.1876272013222586,0.263070916389423,0.3157706444463723,0.23353123784194613,0.0
1985,0.1383143367597401,0.3760963393149346,0.3290189616503421,0.1565703622749832,0.0
1986,0.16213470499555982,0.2865236506813823,0.3888597282273274,0.16248191609573057,0.0
1987,0.13578269032760715,0.48490101855799106,0.2443927692685354,0.13492352184586645,0.0
1988,0.1704386993861954,0.47429980143457384,0.24213897693953834,0.11312252223969228,0.0
1989,0.20445782826148198,0.40592732651804586,0.2608756316332445,0.12873921358722762,0.0
1990,0.15529718958692607,0.4955449443440468,0.21837074153471822,0.13078712453430894,0.0
1991,0.15003353686582963,0.3586942266405868,0.28712773617429743,0.204144500319286,0.0
1992,0.17086861293214642,0.3381738727236247,0.30547644769808524,0.18548106664614364,0.0
1993,0.14149247413044497,0.3462972895860295,0.31406521310577196,0.1981450231777535,0.0
1994,0.30225210026322896,0.17128979110586384,0.3302455344661143,0.19621257416479299,0.0
1995,0.15271291848260768,0.4089663680211343,0.26748467343560045,0.17083604006065758,0.0
1996,0.15424629444001972,0.29982621622798955,0.35712123493642767,0.18880625439556323,0.0
1997,0.12373459756575893,0.4801558651603946,0.26256119211248374,0.13354834516136266,0.0
1998,0.1585430588190831,0.43256571199018756,0.26420532125588936,0.14468590793484007,0.0
1999,0.13882470249842707,0.35724523609612285,0.3285994908467427,0.1753305705587074,0.0
