iteration,spearman_vs_equal,kendall_tau_b_vs_equal,mean_abs_rank_shift_vs_equal,max_abs_rank_shift_vs_equal,top_k_jaccard_vs_equal,l1_from_equal_vs_equal,max_weight_vs_equal,spearman_vs_point_critic,kendall_tau_b_vs_point_critic,mean_abs_rank_shift_vs_point_critic,max_abs_rank_shift_vs_point_critic,top_k_jaccard_vs_point_critic,l1_from_equal_vs_point_critic,max_weight_vs_point_critic
0,0.962233169129721,0.8465608465608466,1.5714285714285714,7.0,0.6666666666666666,0.6313672593099829,0.45731798633734305,0.9934318555008209,0.9576719576719577,0.5714285714285714,2.0,1.0,0.6313672593099829,0.45731798633734305
1,0.9682539682539683,0.8624338624338624,1.4285714285714286,5.0,0.6666666666666666,0.5660368296306568,0.39256486548603203,0.9978106185002736,0.9841269841269842,0.21428571428571427,2.0,1.0,0.5660368296306568,0.39256486548603203
2,0.9698960043787629,0.8677248677248677,1.3571428571428572,5.0,0.8181818181818182,0.6024901442943573,0.403823771243297,0.9934318555008209,0.9576719576719577,0.5714285714285714,3.0,0.8181818181818182,0.6024901442943573,0.403823771243297
3,0.9797482211275315,0.9047619047619047,1.0714285714285714,5.0,0.8181818181818182,0.49749393221199995,0.36394281377371307,0.990695128626163,0.9417989417989417,0.7142857142857143,3.0,0.8181818181818182,0.49749393221199995,0.36394281377371307
4,0.9578544061302682,0.8465608465608466,1.5714285714285714,7.0,0.6666666666666666,0.6295809767950207,0.41790255087815403,0.9972632731253421,0.9788359788359787,0.2857142857142857,2.0,1.0,0.6295809767950207,0.41790255087815403
5,0.9611384783798578,0.8465608465608466,1.6428571428571428,6.0,0.8181818181818182,0.4347567967292249,0.3633613175907999,0.9414340448823207,0.8518518518518519,1.7142857142857142,10.0,0.8181818181818182,0.4347567967292249,0.3633613175907999
6,0.9616858237547894,0.857142857142857,1.4285714285714286,6.0,0.8181818181818182,0.6144713650394613,0.3856741270142733,0.9841269841269842,0.9153439153439152,0.9285714285714286,4.0,0.8181818181818182,0.6144713650394613,0.3856741270142733
7,0.9693486590038315,0.8783068783068783,1.2857142857142858,5.0,0.8181818181818182,0.5343584203114093,0.34636123506008193,0.9841269841269842,0.9365079365079365,0.8571428571428571,6.0,0.8181818181818182,0.5343584203114093,0.34636123506008193
8,0.9698960043787629,0.8888888888888887,1.1428571428571428,7.0,0.8181818181818182,0.6044078678217062,0.4898786317325854,0.996168582375479,0.9682539682539683,0.35714285714285715,2.0,0.8181818181818182,0.6044078678217062,0.4898786317325854
9,0.9704433497536945,0.857142857142857,1.5,5.0,0.6666666666666666,0.5606867534957711,0.3601378324298525,0.9874110563765736,0.9365079365079365,0.5714285714285714,4.0,1.0,0.5606867534957711,0.3601378324298525
10,0.9523809523809524,0.8359788359788359,1.5,6.0,0.8181818181818182,0.47042062303945903,0.40210258167419244,0.9408866995073891,0.8730158730158729,1.5714285714285714,11.0,0.8181818181818182,0.47042062303945903,0.40210258167419244
11,0.9600437876299945,0.8518518518518519,1.5,7.0,0.6666666666666666,0.6460084917969175,0.4492619949384565,0.9978106185002736,0.9841269841269842,0.21428571428571427,2.0,1.0,0.6460084917969175,0.4492619949384565
12,0.9770114942528736,0.8941798941798942,1.1428571428571428,5.0,0.8181818181818182,0.5096287994139623,0.3718851247781656,0.994526546250684,0.9629629629629629,0.42857142857142855,3.0,0.8181818181818182,0.5096287994139623,0.3718851247781656
13,0.983032293377121,0.9206349206349207,0.9285714285714286,5.0,0.8181818181818182,0.4444940668149805,0.3212100181603711,0.9819376026272578,0.9365079365079365,0.7142857142857143,7.0,0.8181818181818182,0.4444940668149805,0.3212100181603711
14,0.9447181171319102,0.8095238095238094,1.9285714285714286,8.0,0.8181818181818182,0.5229895715456035,0.399782092967507,0.918992884510126,0.8148148148148148,2.0,11.0,0.6666666666666666,0.5229895715456035,0.399782092967507
15,0.9611384783798578,0.8306878306878307,1.7142857142857142,5.0,0.6666666666666666,0.6201219422571551,0.38869604803109864,0.9874110563765736,0.9312169312169312,0.7142857142857143,3.0,1.0,0.6201219422571551,0.38869604803109864
16,0.9644225506294472,0.8730158730158729,1.3571428571428572,7.0,0.8181818181818182,0.5648490785155471,0.4169260252222702,0.9967159277504104,0.9735449735449735,0.35714285714285715,2.0,0.8181818181818182,0.5648490785155471,0.4169260252222702
17,0.9786535303776682,0.8994708994708994,1.0714285714285714,5.0,0.8181818181818182,0.4701393043522598,0.3716278420811743,0.9934318555008209,0.9576719576719577,0.5,3.0,0.8181818181818182,0.4701393043522598,0.3716278420811743
18,0.9808429118773946,0.9047619047619047,1.0,5.0,0.6666666666666666,0.43634042899259723,0.3247866834619318,0.9917898193760263,0.9523809523809524,0.5714285714285714,4.0,1.0,0.43634042899259723,0.3247866834619318
19,0.9649698960043787,0.8624338624338624,1.4285714285714286,7.0,0.6666666666666666,0.5681693615329921,0.40033887724541106,0.9994526546250683,0.9947089947089945,0.07142857142857142,1.0,1.0,0.5681693615329921,0.40033887724541106
20,0.967159277504105,0.8783068783068783,1.2857142857142858,7.0,0.8181818181818182,0.6369678515458828,0.48313724980704426,0.9978106185002736,0.9788359788359787,0.2857142857142857,1.0,0.8181818181818182,0.6369678515458828,0.48313724980704426
21,0.9660645867542419,0.8412698412698412,1.6428571428571428,5.0,0.6666666666666666,0.5864071236739066,0.35281918242858035,0.980295566502463,0.91005291005291,0.9285714285714286,5.0,1.0,0.5864071236739066,0.35281918242858035
22,0.9720853858784892,0.8835978835978835,1.2142857142857142,7.0,0.6666666666666666,0.5043756396361907,0.4221829189260652,0.9923371647509577,0.9523809523809524,0.6428571428571429,3.0,1.0,0.5043756396361907,0.4221829189260652
23,0.9704433497536945,0.8941798941798942,1.2142857142857142,7.0,0.8181818181818182,0.5094388976124148,0.41541923720778795,0.994526546250684,0.9629629629629629,0.5,2.0,0.8181818181818182,0.5094388976124148,0.41541923720778795
24,0.9715380405035577,0.8677248677248677,1.2857142857142858,5.0,0.6666666666666666,0.5693368611067697,0.3668584619065136,0.9928845101258894,0.9682539682539683,0.42857142857142855,4.0,1.0,0.5693368611067697,0.3668584619065136
25,0.9792008757525997,0.8941798941798942,1.0714285714285714,5.0,0.6666666666666666,0.46392187017412123,0.35472775768926107,0.9928845101258894,0.9629629629629629,0.42857142857142855,4.0,1.0,0.46392187017412123,0.35472775768926107
26,0.9742747673782157,0.9047619047619047,1.2142857142857142,7.0,0.8181818181818182,0.4713234012632166,0.4007739238463706,0.9928845101258894,0.9523809523809524,0.6428571428571429,2.0,0.8181818181818182,0.4713234012632166,0.4007739238463706
27,0.9797482211275315,0.9047619047619047,1.0,5.0,0.8181818181818182,0.44675888084498205,0.33408530003910836,0.9835796387520527,0.9523809523809524,0.6428571428571429,7.0,0.8181818181818182,0.44675888084498205,0.33408530003910836
28,0.9518336070060207,0.8095238095238094,1.7857142857142858,7.0,0.6666666666666666,0.6919474803711455,0.48718557665346474,0.9923371647509577,0.9523809523809524,0.5,3.0,1.0,0.6919474803711455,0.48718557665346474
29,0.9627805145046523,0.8518518518518519,1.5,7.0,0.6666666666666666,0.6283726689219018,0.44070084213687144,0.9994526546250683,0.9947089947089945,0.07142857142857142,1.0,1.0,0.6283726689219018,0.44070084213687144
30,0.9649698960043787,0.8624338624338624,1.4285714285714286,7.0,0.6666666666666666,0.5715679782520762,0.414395065241938,0.9994526546250683,0.9947089947089945,0.07142857142857142,1.0,1.0,0.5715679782520762,0.414395065241938
31,0.9261083743842365,0.8042328042328042,2.0,10.0,0.8181818181818182,0.5022300317867132,0.4187145046493619,0.8998357963875205,0.8306878306878307,2.142857142857143,13.0,0.6666666666666666,0.5022300317867132,0.4187145046493619
32,0.9737274220032841,0.8888888888888887,1.0714285714285714,5.0,0.8181818181818182,0.5049508935644655,0.36342871606551225,0.9813902572523261,0.9365079365079365,0.8571428571428571,7.0,0.8181818181818182,0.5049508935644655,0.36342871606551225
33,0.9660645867542419,0.8677248677248677,1.3571428571428572,7.0,0.6666666666666666,0.5838319619670813,0.4435903838560161,0.9989053092501368,0.9894179894179893,0.14285714285714285,1.0,1.0,0.5838319619670813,0.4435903838560161
34,0.9737274220032841,0.8888888888888887,1.2142857142857142,5.0,0.8181818181818182,0.5272786603121413,0.3887120349235949,0.996168582375479,0.9682539682539683,0.35714285714285715,2.0,0.8181818181818182,0.5272786603121413,0.3887120349235949
35,0.9649698960043787,0.8624338624338624,1.4285714285714286,7.0,0.6666666666666666,0.5487487756546334,0.3968671952571052,0.9994526546250683,0.9947089947089945,0.07142857142857142,1.0,1.0,0.5487487756546334,0.3968671952571052
36,0.9638752052545155,0.8677248677248677,1.4285714285714286,7.0,0.8181818181818182,0.591147711604862,0.43597884355227673,0.996168582375479,0.9682539682539683,0.42857142857142855,2.0,0.8181818181818182,0.591147711604862,0.43597884355227673
37,0.9677066228790366,0.8730158730158729,1.2857142857142858,7.0,0.6666666666666666,0.5168323646471553,0.39659578489821196,0.9972632731253421,0.9735449735449735,0.35714285714285715,1.0,1.0,0.5168323646471553,0.39659578489821196
38,0.9644225506294472,0.8359788359788359,1.6428571428571428,5.0,0.6666666666666666,0.5968409053518018,0.35589784731353813,0.9797482211275315,0.9047619047619047,1.0,5.0,1.0,0.5968409053518018,0.35589784731353813
39,0.9562123700054733,0.8201058201058201,1.7857142857142858,6.0,0.6666666666666666,0.633441159176271,0.39893698701478003,0.9879584017515052,0.9312169312169312,0.7142857142857143,4.0,1.0,0.633441159176271,0.39893698701478003
40,0.9594964422550629,0.8465608465608466,1.5,7.0,0.6666666666666666,0.7102170259063694,0.508997377279529,0.9983579638752054,0.9894179894179893,0.14285714285714285,2.0,1.0,0.7102170259063694,0.508997377279529
41,0.9627805145046523,0.8518518518518519,1.5,7.0,0.6666666666666666,0.6046632028740091,0.4175852512586247,0.9994526546250683,0.9947089947089945,0.07142857142857142,1.0,1.0,0.6046632028740091,0.4175852512586247
42,0.9600437876299945,0.8518518518518519,1.5,7.0,0.6666666666666666,0.6209805892841396,0.4420779696732159,0.9978106185002736,0.9841269841269842,0.21428571428571427,2.0,1.0,0.6209805892841396,0.4420779696732159
43,0.962233169129721,0.8518518518518519,1.5,6.0,0.6666666666666666,0.5886162856480119,0.4012064014082984,0.9978106185002736,0.9841269841269842,0.21428571428571427,2.0,1.0,0.5886162856480119,0.4012064014082984
44,0.962233169129721,0.8465608465608466,1.5714285714285714,7.0,0.6666666666666666,0.5739210979778988,0.3994362848122739,0.9912424740010948,0.947089947089947,0.6428571428571429,3.0,1.0,0.5739210979778988,0.3994362848122739
45,0.9594964422550629,0.8624338624338624,1.5714285714285714,7.0,0.8181818181818182,0.615993349788648,0.48002113784284867,0.9901477832512315,0.9417989417989417,0.7857142857142857,3.0,0.8181818181818182,0.615993349788648,0.48002113784284867
46,0.967159277504105,0.8783068783068783,1.2857142857142858,7.0,0.8181818181818182,0.6393934087361793,0.49584220560675263,0.9978106185002736,0.9788359788359787,0.2857142857142857,1.0,0.8181818181818182,0.6393934087361793,0.49584220560675263
47,0.9770114942528736,0.9047619047619047,1.0714285714285714,7.0,0.6666666666666666,0.4622318053360401,0.4077765716694852,0.9901477832512315,0.9417989417989417,0.6428571428571429,3.0,1.0,0.4622318053360401,0.4077765716694852
48,0.9698960043787629,0.8888888888888887,1.2857142857142858,7.0,0.8181818181818182,0.5529621475373159,0.45117109997200355,0.9939792008757526,0.9576719576719577,0.5714285714285714,2.0,0.8181818181818182,0.5529621475373159,0.45117109997200355
49,0.9742747673782157,0.8677248677248677,1.3571428571428572,5.0,0.6666666666666666,0.5421225310217048,0.3543086381753159,0.9879584017515052,0.9365079365079365,0.6428571428571429,4.0,1.0,0.5421225310217048,0.3543086381753159
50,0.9720853858784892,0.8730158730158729,1.2857142857142858,5.0,0.6666666666666666,0.5652854816253648,0.3805368631616361,0.9923371647509577,0.9629629629629629,0.5,4.0,1.0,0.5652854816253648,0.3805368631616361
51,0.9573070607553366,0.8412698412698412,1.5714285714285714,7.0,0.6666666666666666,0.7076505762166447,0.49172364430829146,0.9978106185002736,0.9841269841269842,0.21428571428571427,2.0,1.0,0.7076505762166447,0.49172364430829146
52,0.9655172413793103,0.8624338624338624,1.3571428571428572,7.0,0.6666666666666666,0.642357056657298,0.4633813324625352,0.9972632731253421,0.9735449735449735,0.35714285714285715,1.0,1.0,0.642357056657298,0.4633813324625352
53,0.9677066228790366,0.8624338624338624,1.4285714285714286,5.0,0.6666666666666666,0.6067533323112002,0.3990169035071777,0.9939792008757526,0.9629629629629629,0.5,3.0,1.0,0.6067533323112002,0.3990169035071777
54,0.9529282977558841,0.8148148148148148,1.7142857142857142,7.0,0.6666666666666666,0.6517865299481119,0.4272453507048562,0.9928845101258894,0.9576719576719577,0.5,3.0,1.0,0.6517865299481119,0.4272453507048562
55,0.9720853858784892,0.8835978835978835,1.1428571428571428,5.0,0.8181818181818182,0.5065821295124833,0.35612779680474976,0.9852216748768472,0.9417989417989417,0.7857142857142857,6.0,0.8181818181818182,0.5065821295124833,0.35612779680474976
56,0.9666119321291735,0.8730158730158729,1.3571428571428572,7.0,0.6666666666666666,0.5433546566772207,0.41410063872370756,0.9983579638752054,0.9841269841269842,0.21428571428571427,1.0,1.0,0.5433546566772207,0.41410063872370756
57,0.9627805145046523,0.8518518518518519,1.5714285714285714,7.0,0.6666666666666666,0.6123161263299874,0.4757085613503504,0.9923371647509577,0.9523809523809524,0.6428571428571429,2.0,1.0,0.6123161263299874,0.4757085613503504
58,0.9742747673782157,0.8888888888888887,1.1428571428571428,5.0,0.8181818181818182,0.5376592994397147,0.39303818259809004,0.9934318555008209,0.9576719576719577,0.5,3.0,0.8181818181818182,0.5376592994397147,0.39303818259809004
59,0.9649698960043787,0.8624338624338624,1.4285714285714286,7.0,0.6666666666666666,0.5575174861963903,0.39699840906536865,0.9994526546250683,0.9947089947089945,0.07142857142857142,1.0,1.0,0.5575174861963903,0.39699840906536865
60,0.9693486590038315,0.8888888888888887,1.2142857142857142,7.0,0.8181818181818182,0.5476158067983183,0.43548101880573425,0.9956212370005473,0.9682539682539683,0.42857142857142855,2.0,0.8181818181818182,0.5476158067983183,0.43548101880573425
61,0.9611384783798578,0.857142857142857,1.5,7.0,0.8181818181818182,0.6306728996213495,0.454448713703799,0.994526546250684,0.9576719576719577,0.5714285714285714,2.0,0.8181818181818182,0.6306728996213495,0.454448713703799
62,0.9677066228790366,0.8730158730158729,1.2857142857142858,7.0,0.6666666666666666,0.5625759621021327,0.44494313019656995,0.9972632731253421,0.9735449735449735,0.35714285714285715,1.0,1.0,0.5625759621021327,0.44494313019656995
63,0.967159277504105,0.8783068783068783,1.2857142857142858,7.0,0.8181818181818182,0.559519960067097,0.4119999749156205,0.9978106185002736,0.9788359788359787,0.2857142857142857,1.0,0.8181818181818182,0.559519960067097,0.4119999749156205
64,0.9649698960043787,0.8412698412698412,1.5714285714285714,5.0,0.6666666666666666,0.5544820880324657,0.3394560157462727,0.9835796387520527,0.9206349206349207,0.8571428571428571,5.0,1.0,0.5544820880324657,0.3394560157462727
65,0.9737274220032841,0.8835978835978835,1.2142857142857142,5.0,0.8181818181818182,0.5463129276036863,0.3922320948958625,0.994526546250684,0.9629629629629629,0.42857142857142855,3.0,0.8181818181818182,0.5463129276036863,0.3922320948958625
66,0.9677066228790366,0.8730158730158729,1.3571428571428572,7.0,0.6666666666666666,0.5981379065528787,0.4796430615685877,0.9950738916256158,0.9629629629629629,0.5,2.0,1.0,0.5981379065528787,0.4796430615685877
67,0.9633278598795839,0.857142857142857,1.5714285714285714,7.0,0.6666666666666666,0.6391716675460299,0.5003006724440937,0.990695128626163,0.947089947089947,0.7142857142857143,2.0,1.0,0.6391716675460299,0.5003006724440937
68,0.9611384783798578,0.857142857142857,1.5,7.0,0.8181818181818182,0.6506340578244967,0.4787707609061589,0.994526546250684,0.9576719576719577,0.5714285714285714,2.0,0.8181818181818182,0.6506340578244967,0.4787707609061589
69,0.9562123700054733,0.8201058201058201,1.6428571428571428,6.0,0.8181818181818182,0.5328744271884569,0.41324627022387306,0.9458128078817735,0.8677248677248677,1.5714285714285714,11.0,0.8181818181818182,0.5328744271884569,0.41324627022387306
70,0.9682539682539683,0.8677248677248677,1.2857142857142858,5.0,0.8181818181818182,0.5616722627243365,0.3698902292109221,0.9824849480021893,0.9259259259259259,0.9285714285714286,6.0,0.8181818181818182,0.5616722627243365,0.3698902292109221
71,0.9797482211275315,0.8994708994708994,1.0714285714285714,5.0,0.8181818181818182,0.4500263817872692,0.34446244745750443,0.9781061850027366,0.9153439153439152,1.0714285714285714,7.0,0.8181818181818182,0.4500263817872692,0.34446244745750443
72,0.9764641488779421,0.8835978835978835,1.2142857142857142,5.0,0.8181818181818182,0.47961222143604487,0.3403595286584208,0.9797482211275315,0.91005291005291,1.0,6.0,0.8181818181818182,0.47961222143604487,0.3403595286584208
73,0.9562123700054733,0.8201058201058201,1.8571428571428572,5.0,0.6666666666666666,0.6422521043055134,0.3937910695525341,0.986863711001642,0.9312169312169312,0.7142857142857143,4.0,1.0,0.6422521043055134,0.3937910695525341
74,0.9797482211275315,0.9047619047619047,1.0714285714285714,5.0,0.8181818181818182,0.5036202469519273,0.3648071774088011,0.990695128626163,0.9417989417989417,0.7142857142857143,3.0,0.8181818181818182,0.5036202469519273,0.3648071774088011
75,0.9638752052545155,0.8412698412698412,1.5714285714285714,6.0,0.6666666666666666,0.5929520895825174,0.3967501149042859,0.9912424740010948,0.9417989417989417,0.6428571428571429,3.0,1.0,0.5929520895825174,0.3967501149042859
76,0.9556650246305418,0.8253968253968254,1.7857142857142858,7.0,0.6666666666666666,0.676178539426155,0.4616309608748094,0.986863711001642,0.9259259259259259,0.7142857142857143,4.0,1.0,0.676178539426155,0.4616309608748094
77,0.9709906951286261,0.8730158730158729,1.2857142857142858,5.0,0.8181818181818182,0.5847368189189084,0.39216664871652906,0.9928845101258894,0.9523809523809524,0.5714285714285714,3.0,0.8181818181818182,0.5847368189189084,0.39216664871652906
78,0.9567597153804049,0.8201058201058201,1.7857142857142858,5.0,0.6666666666666666,0.667753924149114,0.40075707553378825,0.9852216748768472,0.9206349206349207,0.8571428571428571,4.0,1.0,0.667753924149114,0.40075707553378825
79,0.9748221127531472,0.8730158730158729,1.2857142857142858,5.0,0.6666666666666666,0.5257606208008772,0.3446678833582206,0.9939792008757526,0.9735449735449735,0.35714285714285715,4.0,1.0,0.5257606208008772,0.3446678833582206
80,0.9709906951286261,0.8624338624338624,1.3571428571428572,5.0,0.6666666666666666,0.5366043823427485,0.3450681362370356,0.9923371647509577,0.9629629629629629,0.42857142857142855,4.0,1.0,0.5366043823427485,0.3450681362370356
81,0.9666119321291735,0.8677248677248677,1.3571428571428572,7.0,0.6666666666666666,0.5975558638993538,0.43465449031857656,0.9978106185002736,0.9788359788359787,0.2857142857142857,1.0,1.0,0.5975558638993538,0.43465449031857656
82,0.9441707717569787,0.8095238095238094,1.9285714285714286,8.0,0.8181818181818182,0.496850174971922,0.4079245593526408,0.9206349206349206,0.8148148148148148,2.0,11.0,0.6666666666666666,0.496850174971922,0.4079245593526408
83,0.9578544061302682,0.8306878306878307,1.7142857142857142,7.0,0.6666666666666666,0.6774494688022987,0.4704642816368973,0.9879584017515052,0.9312169312169312,0.7142857142857143,3.0,1.0,0.6774494688022987,0.4704642816368973
84,0.9792008757525997,0.8941798941798942,1.0714285714285714,5.0,0.6666666666666666,0.48025096644562976,0.34935880038797085,0.9928845101258894,0.9629629629629629,0.42857142857142855,4.0,1.0,0.48025096644562976,0.34935880038797085
85,0.9655172413793103,0.8730158730158729,1.3571428571428572,7.0,0.8181818181818182,0.6330828748078818,0.4820800361637312,0.9983579638752054,0.9841269841269842,0.21428571428571427,1.0,0.8181818181818182,0.6330828748078818,0.4820800361637312
86,0.9688013136288999,0.8624338624338624,1.3571428571428572,5.0,0.8181818181818182,0.5151133637021748,0.3788330355852898,0.9731800766283524,0.8888888888888887,1.2142857142857142,7.0,0.8181818181818182,0.5151133637021748,0.3788330355852898
87,0.9781061850027366,0.9153439153439152,1.0714285714285714,7.0,0.8181818181818182,0.53085569426717,0.4579153508631233,0.990695128626163,0.9417989417989417,0.7142857142857143,3.0,0.8181818181818182,0.53085569426717,0.4579153508631233
88,0.9698960043787629,0.8888888888888887,1.2857142857142858,7.0,0.8181818181818182,0.6168784505198366,0.5025945568890239,0.9939792008757526,0.9576719576719577,0.5714285714285714,2.0,0.8181818181818182,0.6168784505198366,0.5025945568890239
89,0.9518336070060207,0.8412698412698412,1.7142857142857142,7.0,0.8181818181818182,0.6511836094809442,0.44319542977720067,0.9901477832512315,0.9417989417989417,0.7142857142857143,3.0,0.8181818181818182,0.6511836094809442,0.44319542977720067
90,0.9567597153804049,0.8253968253968254,1.7142857142857142,6.0,0.6666666666666666,0.593279506559919,0.3902339845649045,0.9934318555008209,0.9576719576719577,0.5,3.0,1.0,0.593279506559919,0.3902339845649045
91,0.9655172413793103,0.8730158730158729,1.3571428571428572,7.0,0.8181818181818182,0.5711527740174815,0.419297597855851,0.9983579638752054,0.9841269841269842,0.21428571428571427,1.0,0.8181818181818182,0.5711527740174815,0.419297597855851
92,0.9113300492610837,0.7671957671957672,2.357142857142857,11.0,0.8181818181818182,0.4883723070502234,0.42063768749969893,0.8866995073891626,0.8148148148148148,2.357142857142857,13.0,0.6666666666666666,0.4883723070502234,0.42063768749969893
93,0.960591133004926,0.857142857142857,1.4285714285714286,7.0,0.8181818181818182,0.6085474937613617,0.4217013224173887,0.9972632731253421,0.9788359788359787,0.2857142857142857,2.0,0.8181818181818182,0.6085474937613617,0.4217013224173887
94,0.9633278598795839,0.857142857142857,1.5,7.0,0.6666666666666666,0.6163923244002012,0.4437438774601104,0.9999999999999998,1.0,0.0,0.0,1.0,0.6163923244002012,0.4437438774601104
95,0.9649698960043787,0.857142857142857,1.4285714285714286,7.0,0.6666666666666666,0.6105454008274822,0.4559090750650588,0.996168582375479,0.9682539682539683,0.42857142857142855,2.0,1.0,0.6105454008274822,0.4559090750650588
96,0.9666119321291735,0.8677248677248677,1.3571428571428572,7.0,0.6666666666666666,0.6396981471313952,0.4883356153338286,0.9978106185002736,0.9788359788359787,0.2857142857142857,1.0,1.0,0.6396981471313952,0.4883356153338286
97,0.9693486590038315,0.8730158730158729,1.3571428571428572,6.0,0.6666666666666666,0.552184035053829,0.391406906729609,0.9972632731253421,0.9735449735449735,0.35714285714285715,1.0,1.0,0.552184035053829,0.391406906729609
98,0.9627805145046523,0.8518518518518519,1.5,7.0,0.6666666666666666,0.5875388744698637,0.4060802619414192,0.9994526546250683,0.9947089947089945,0.07142857142857142,1.0,1.0,0.5875388744698637,0.4060802619414192
99,0.9644225506294472,0.8730158730158729,1.3571428571428572,7.0,0.8181818181818182,0.5841907020736514,0.44095172212200917,0.9967159277504104,0.9735449735449735,0.35714285714285715,2.0,0.8181818181818182,0.5841907020736514,0.44095172212200917
100,0.9770114942528736,0.8888888888888887,1.1428571428571428,5.0,0.8181818181818182,0.4928709152431243,0.3360225438852914,0.9874110563765736,0.9576719576719577,0.5714285714285714,6.0,0.8181818181818182,0.4928709152431243,0.3360225438852914
101,0.9655172413793103,0.8624338624338624,1.4285714285714286,7.0,0.6666666666666666,0.6552376670220342,0.5276188335110171,0.9950738916256158,0.9629629629629629,0.5,2.0,1.0,0.6552376670220342,0.5276188335110171
102,0.9529282977558841,0.8148148148148148,1.7142857142857142,7.0,0.6666666666666666,0.6375790559107208,0.41965864833550404,0.9928845101258894,0.9576719576719577,0.5,3.0,1.0,0.6375790559107208,0.41965864833550404
103,0.9715380405035577,0.8677248677248677,1.2857142857142858,5.0,0.6666666666666666,0.5711955129364827,0.3718425747282509,0.9928845101258894,0.9682539682539683,0.42857142857142855,4.0,1.0,0.5711955129364827,0.3718425747282509
104,0.9666119321291735,0.8783068783068783,1.3571428571428572,7.0,0.8181818181818182,0.6223851407314929,0.4884026601111307,0.9939792008757526,0.9576719576719577,0.5714285714285714,2.0,0.8181818181818182,0.6223851407314929,0.4884026601111307
105,0.9556650246305418,0.8148148148148148,1.9285714285714286,5.0,0.6666666666666666,0.6899618349133816,0.39977437315872105,0.9824849480021893,0.9153439153439152,0.9285714285714286,4.0,1.0,0.6899618349133816,0.39977437315872105
106,0.9600437876299945,0.8359788359788359,1.6428571428571428,7.0,0.6666666666666666,0.6324483126119126,0.4339442754303088,0.9885057471264367,0.9365079365079365,0.7142857142857143,3.0,1.0,0.6324483126119126,0.4339442754303088
107,0.9797482211275315,0.8994708994708994,1.0714285714285714,5.0,0.6666666666666666,0.4948981189329738,0.33017453759730164,0.9890530925013684,0.947089947089947,0.7142857142857143,5.0,1.0,0.4948981189329738,0.33017453759730164
108,0.9649698960043787,0.8518518518518519,1.5714285714285714,5.0,0.6666666666666666,0.5999958956747511,0.36370190811593306,0.9742747673782157,0.8783068783068783,1.2857142857142858,5.0,1.0,0.5999958956747511,0.36370190811593306
109,0.9688013136288999,0.8835978835978835,1.2142857142857142,7.0,0.8181818181818182,0.5191879981439851,0.3997867188134885,0.9967159277504104,0.9735449735449735,0.35714285714285715,2.0,0.8181818181818182,0.5191879981439851,0.3997867188134885
110,0.9742747673782157,0.8783068783068783,1.2857142857142858,5.0,0.6666666666666666,0.5418528507688105,0.37676277334185093,0.9934318555008209,0.9576719576719577,0.5714285714285714,3.0,1.0,0.5418528507688105,0.37676277334185093
111,0.9693486590038315,0.8888888888888887,1.2142857142857142,7.0,0.8181818181818182,0.49966255389093656,0.40939423606353365,0.9956212370005473,0.9682539682539683,0.42857142857142855,2.0,0.8181818181818182,0.49966255389093656,0.40939423606353365
112,0.967159277504105,0.8730158730158729,1.3571428571428572,6.0,0.8181818181818182,0.5657747525176444,0.3561812093377715,0.9841269841269842,0.9312169312169312,0.8571428571428571,5.0,0.8181818181818182,0.5657747525176444,0.3561812093377715
113,0.975369458128079,0.8941798941798942,1.1428571428571428,5.0,0.8181818181818182,0.5258381525884833,0.3318442947119916,0.9841269841269842,0.9312169312169312,0.7857142857142857,6.0,0.8181818181818182,0.5258381525884833,0.3318442947119916
114,0.9775588396278051,0.8835978835978835,1.2857142857142858,5.0,0.6666666666666666,0.4804014420152299,0.35043085560769754,0.9896004378762999,0.9417989417989417,0.7142857142857143,4.0,1.0,0.4804014420152299,0.35043085560769754
115,0.967159277504105,0.8783068783068783,1.2857142857142858,7.0,0.8181818181818182,0.581083771063266,0.4503443349559039,0.9978106185002736,0.9788359788359787,0.2857142857142857,1.0,0.8181818181818182,0.581083771063266,0.4503443349559039
116,0.9644225506294472,0.8359788359788359,1.6428571428571428,5.0,0.6666666666666666,0.6179673244160113,0.3713711146612049,0.9835796387520527,0.9153439153439152,0.8571428571428571,4.0,1.0,0.6179673244160113,0.3713711146612049
117,0.962233169129721,0.8465608465608466,1.5714285714285714,7.0,0.6666666666666666,0.5798065360564703,0.4185194178281717,0.9912424740010948,0.947089947089947,0.6428571428571429,3.0,1.0,0.5798065360564703,0.4185194178281717
118,0.9649698960043787,0.8624338624338624,1.4285714285714286,7.0,0.6666666666666666,0.5997093101324047,0.44621135828730313,0.9994526546250683,0.9947089947089945,0.07142857142857142,1.0,1.0,0.5997093101324047,0.44621135828730313
119,0.9594964422550629,0.8465608465608466,1.5,7.0,0.6666666666666666,0.6275854842765327,0.425567669485956,0.9983579638752054,0.9894179894179893,0.14285714285714285,2.0,1.0,0.6275854842765327,0.425567669485956
120,0.9660645867542419,0.8624338624338624,1.4285714285714286,7.0,0.6666666666666666,0.5261382333245719,0.39976645563480767,0.9967159277504104,0.9735449735449735,0.35714285714285715,2.0,1.0,0.5261382333245719,0.39976645563480767
121,0.975369458128079,0.8783068783068783,1.3571428571428572,5.0,0.6666666666666666,0.5449671851443318,0.32055866893988727,0.980295566502463,0.9047619047619047,1.0714285714285714,5.0,1.0,0.5449671851443318,0.32055866893988727
122,0.9660645867542419,0.8518518518518519,1.5,5.0,0.8181818181818182,0.6068460639870122,0.3573745961241129,0.9819376026272578,0.9312169312169312,0.8571428571428571,6.0,0.8181818181818182,0.6068460639870122,0.3573745961241129
123,0.9649698960043787,0.8624338624338624,1.4285714285714286,7.0,0.6666666666666666,0.6400918911951183,0.478420903946356,0.9994526546250683,0.9947089947089945,0.07142857142857142,1.0,1.0,0.6400918911951183,0.478420903946356
124,0.9737274220032841,0.8994708994708994,1.2142857142857142,7.0,0.8181818181818182,0.5141115108554171,0.43198617606236156,0.9923371647509577,0.947089947089947,0.6428571428571429,2.0,0.8181818181818182,0.5141115108554171,0.43198617606236156
125,0.967159277504105,0.8783068783068783,1.2857142857142858,7.0,0.8181818181818182,0.565468012947449,0.4227487703954561,0.9978106185002736,0.9788359788359787,0.2857142857142857,1.0,0.8181818181818182,0.565468012947449,0.4227487703954561
126,0.9633278598795839,0.8412698412698412,1.6428571428571428,5.0,0.6666666666666666,0.6478325137669811,0.369890743536944,0.9841269841269842,0.9312169312169312,0.8571428571428571,5.0,1.0,0.6478325137669811,0.369890743536944
127,0.9633278598795839,0.857142857142857,1.5,7.0,0.6666666666666666,0.5957182305050188,0.4208255800466433,0.9999999999999998,1.0,0.0,0.0,1.0,0.5957182305050188,0.4208255800466433
128,0.9688013136288999,0.8835978835978835,1.2142857142857142,7.0,0.8181818181818182,0.6261160816824181,0.498321507694437,0.9967159277504104,0.9735449735449735,0.35714285714285715,2.0,0.8181818181818182,0.6261160816824181,0.498321507694437
129,0.9808429118773946,0.9153439153439152,1.0714285714285714,6.0,0.8181818181818182,0.4458804307962496,0.39136903063885303,0.9890530925013684,0.9312169312169312,0.7857142857142857,3.0,0.8181818181818182,0.4458804307962496,0.39136903063885303
130,0.962233169129721,0.8465608465608466,1.5714285714285714,7.0,0.6666666666666666,0.7055019152325586,0.5248707900577935,0.9912424740010948,0.947089947089947,0.6428571428571429,3.0,1.0,0.7055019152325586,0.5248707900577935
131,0.9775588396278051,0.9047619047619047,1.0714285714285714,5.0,0.8181818181818182,0.48081696762718557,0.3807442169143474,0.9917898193760263,0.9523809523809524,0.6428571428571429,2.0,0.8181818181818182,0.48081696762718557,0.3807442169143474
132,0.962233169129721,0.8465608465608466,1.5714285714285714,7.0,0.6666666666666666,0.5743837278834213,0.4076442945021666,0.9934318555008209,0.9576719576719577,0.5714285714285714,2.0,1.0,0.5743837278834213,0.4076442945021666
133,0.9551176792556102,0.8412698412698412,1.5714285714285714,7.0,0.8181818181818182,0.6410071362889411,0.42995004818252697,0.9950738916256158,0.9629629629629629,0.42857142857142855,2.0,0.8181818181818182,0.6410071362889411,0.42995004818252697
134,0.9545703338806788,0.8201058201058201,1.7142857142857142,7.0,0.6666666666666666,0.722735970456664,0.4992705983251943,0.9939792008757526,0.9629629629629629,0.42857142857142855,3.0,1.0,0.722735970456664,0.4992705983251943
135,0.9649698960043787,0.8624338624338624,1.4285714285714286,7.0,0.6666666666666666,0.6169336275965485,0.44448974083035964,0.9994526546250683,0.9947089947089945,0.07142857142857142,1.0,1.0,0.6169336275965485,0.44448974083035964
136,0.9698960043787629,0.8677248677248677,1.3571428571428572,5.0,0.6666666666666666,0.5584213893541683,0.3475615186753604,0.9896004378762999,0.9576719576719577,0.5714285714285714,5.0,1.0,0.5584213893541683,0.3475615186753604
137,0.9573070607553366,0.8412698412698412,1.5714285714285714,7.0,0.6666666666666666,0.6836644239319781,0.47284425875347513,0.9978106185002736,0.9841269841269842,0.21428571428571427,2.0,1.0,0.6836644239319781,0.47284425875347513
138,0.9616858237547894,0.8412698412698412,1.5714285714285714,7.0,0.6666666666666666,0.6287363140930462,0.4458366275217851,0.9923371647509577,0.9523809523809524,0.5714285714285714,3.0,1.0,0.6287363140930462,0.4458366275217851
139,0.9693486590038315,0.8888888888888887,1.2142857142857142,7.0,0.8181818181818182,0.6901704298368138,0.5450852149184069,0.9956212370005473,0.9682539682539683,0.42857142857142855,2.0,0.8181818181818182,0.6901704298368138,0.5450852149184069
140,0.9556650246305418,0.8253968253968254,1.7142857142857142,7.0,0.6666666666666666,0.6460560709049494,0.4376802933611717,0.9917898193760263,0.947089947089947,0.5,3.0,1.0,0.6460560709049494,0.4376802933611717
141,0.9655172413793103,0.8624338624338624,1.3571428571428572,7.0,0.6666666666666666,0.6011128578423499,0.42976155951616046,0.9972632731253421,0.9735449735449735,0.35714285714285715,1.0,1.0,0.6011128578423499,0.42976155951616046
142,0.967159277504105,0.8783068783068783,1.2857142857142858,7.0,0.8181818181818182,0.5874364876377817,0.457058387331846,0.9978106185002736,0.9788359788359787,0.2857142857142857,1.0,0.8181818181818182,0.5874364876377817,0.457058387331846
143,0.9737274220032841,0.8835978835978835,1.1428571428571428,5.0,0.8181818181818182,0.5133325332126402,0.3323975802498438,0.9863163656267103,0.9523809523809524,0.6428571428571429,6.0,0.8181818181818182,0.5133325332126402,0.3323975802498438
144,0.9813902572523261,0.9153439153439152,1.0,5.0,0.8181818181818182,0.4182809847390172,0.30712153467254355,0.9857690202517788,0.9417989417989417,0.6428571428571429,6.0,0.8181818181818182,0.4182809847390172,0.30712153467254355
145,0.9556650246305418,0.8201058201058201,1.7857142857142858,6.0,0.6666666666666666,0.6525287091527507,0.41456977980984516,0.9912424740010948,0.9417989417989417,0.5714285714285714,3.0,1.0,0.6525287091527507,0.41456977980984516
146,0.9523809523809524,0.8201058201058201,1.7857142857142858,7.0,0.6666666666666666,0.6648515267702857,0.43407379393931284,0.9934318555008209,0.9629629629629629,0.5,2.0,1.0,0.6648515267702857,0.43407379393931284
147,0.960591133004926,0.857142857142857,1.4285714285714286,7.0,0.8181818181818182,0.6095172497143115,0.4238433480304477,0.9972632731253421,0.9788359788359787,0.2857142857142857,2.0,0.8181818181818182,0.6095172497143115,0.4238433480304477
148,0.9786535303776682,0.8888888888888887,1.1428571428571428,5.0,0.6666666666666666,0.5218568952785232,0.36779428276154613,0.9923371647509577,0.9576719576719577,0.5714285714285714,4.0,1.0,0.5218568952785232,0.36779428276154613
149,0.9666119321291735,0.8677248677248677,1.3571428571428572,7.0,0.6666666666666666,0.6343277562637071,0.4730186774259404,0.9978106185002736,0.9788359788359787,0.2857142857142857,1.0,1.0,0.6343277562637071,0.4730186774259404
150,0.9584017515051997,0.8518518518518519,1.5,7.0,0.8181818181818182,0.6211689075767112,0.432172717385512,0.9950738916256158,0.9629629629629629,0.5,2.0,0.8181818181818182,0.6211689075767112,0.432172717385512
151,0.8790366721401204,0.7354497354497355,2.7142857142857144,15.0,0.8181818181818182,0.5787316787345294,0.41381010366088644,0.8423645320197045,0.7407407407407407,2.857142857142857,16.0,0.6666666666666666,0.5787316787345294,0.41381010366088644
152,0.9797482211275315,0.9047619047619047,1.0,5.0,0.8181818181818182,0.4560846295748029,0.3319045800156482,0.986863711001642,0.9523809523809524,0.6428571428571429,6.0,0.8181818181818182,0.4560846295748029,0.3319045800156482
153,0.9649698960043787,0.8624338624338624,1.4285714285714286,7.0,0.6666666666666666,0.6136023504616201,0.44093078402177327,0.9994526546250683,0.9947089947089945,0.07142857142857142,1.0,1.0,0.6136023504616201,0.44093078402177327
154,0.9688013136288999,0.8835978835978835,1.2142857142857142,7.0,0.8181818181818182,0.5934020367183657,0.4678601249495418,0.9967159277504104,0.9735449735449735,0.35714285714285715,2.0,0.8181818181818182,0.5934020367183657,0.4678601249495418
155,0.9589490968801313,0.8412698412698412,1.5714285714285714,7.0,0.6666666666666666,0.628192639296653,0.43226550941100356,0.9978106185002736,0.9841269841269842,0.14285714285714285,2.0,1.0,0.628192639296653,0.43226550941100356
156,0.9737274220032841,0.8730158730158729,1.2857142857142858,5.0,0.6666666666666666,0.5551814251804246,0.3719134772093773,0.9939792008757526,0.9735449735449735,0.35714285714285715,4.0,1.0,0.5551814251804246,0.3719134772093773
157,0.9655172413793103,0.8624338624338624,1.4285714285714286,7.0,0.6666666666666666,0.6289491417618742,0.48583068110683253,0.9950738916256158,0.9629629629629629,0.5,2.0,1.0,0.6289491417618742,0.48583068110683253
158,0.9720853858784892,0.8730158730158729,1.2857142857142858,5.0,0.6666666666666666,0.5757637395297017,0.37440359813643215,0.9923371647509577,0.9629629629629629,0.5,4.0,1.0,0.5757637395297017,0.37440359813643215
159,0.9573070607553366,0.8412698412698412,1.5714285714285714,7.0,0.6666666666666666,0.648918672002871,0.4384566599474181,0.9978106185002736,0.9841269841269842,0.21428571428571427,2.0,1.0,0.648918672002871,0.4384566599474181
160,0.9770114942528736,0.8888888888888887,1.2142857142857142,5.0,0.8181818181818182,0.4884879500706624,0.348480958159955,0.9731800766283524,0.8941798941798942,1.2142857142857142,7.0,0.8181818181818182,0.4884879500706624,0.348480958159955
161,0.9693486590038315,0.8624338624338624,1.3571428571428572,5.0,0.8181818181818182,0.5504150474209835,0.36070341918223764,0.9824849480021893,0.9312169312169312,0.8571428571428571,6.0,0.8181818181818182,0.5504150474209835,0.36070341918223764
162,0.9748221127531472,0.8730158730158729,1.4285714285714286,5.0,0.6666666666666666,0.5107253551526945,0.36147117980964283,0.986863711001642,0.9312169312169312,0.7857142857142857,4.0,1.0,0.5107253551526945,0.36147117980964283
163,0.9573070607553366,0.8306878306878307,1.7142857142857142,7.0,0.6666666666666666,0.6350833562050031,0.434821669702858,0.9934318555008209,0.9629629629629629,0.35714285714285715,3.0,1.0,0.6350833562050031,0.434821669702858
164,0.9677066228790366,0.8835978835978835,1.2857142857142858,7.0,0.8181818181818182,0.558824004017547,0.4232889323478927,0.9967159277504104,0.9735449735449735,0.35714285714285715,2.0,0.8181818181818182,0.558824004017547,0.4232889323478927
165,0.9709906951286261,0.8624338624338624,1.3571428571428572,5.0,0.6666666666666666,0.5567630158111924,0.36690096280420675,0.9923371647509577,0.9629629629629629,0.42857142857142855,4.0,1.0,0.5567630158111924,0.36690096280420675
166,0.9759168035030105,0.8888888888888887,1.1428571428571428,5.0,0.8181818181818182,0.5380580498939711,0.3755056820341602,0.9923371647509577,0.9576719576719577,0.5,4.0,0.8181818181818182,0.5380580498939711,0.3755056820341602
167,0.9655172413793103,0.8730158730158729,1.3571428571428572,7.0,0.8181818181818182,0.6691196944813922,0.5059402851311954,0.9983579638752054,0.9841269841269842,0.21428571428571427,1.0,0.8181818181818182,0.6691196944813922,0.5059402851311954
168,0.9545703338806788,0.8201058201058201,1.7142857142857142,7.0,0.6666666666666666,0.6774858280020932,0.4580491411413276,0.9939792008757526,0.9629629629629629,0.42857142857142855,3.0,1.0,0.6774858280020932,0.4580491411413276
169,0.9693486590038315,0.8888888888888887,1.2142857142857142,7.0,0.8181818181818182,0.6320948725020865,0.5142932053158785,0.9956212370005473,0.9682539682539683,0.42857142857142855,2.0,0.8181818181818182,0.6320948725020865,0.5142932053158785
170,0.9682539682539683,0.8783068783068783,1.2857142857142858,7.0,0.6666666666666666,0.5421711667627579,0.4261722711829187,0.9978106185002736,0.9788359788359787,0.2857142857142857,1.0,1.0,0.5421711667627579,0.4261722711829187
171,0.9677066228790366,0.8730158730158729,1.2857142857142858,6.0,0.8181818181818182,0.5686172221910067,0.40158006874404667,0.9967159277504104,0.9735449735449735,0.35714285714285715,2.0,0.8181818181818182,0.5686172221910067,0.40158006874404667
172,0.9737274220032841,0.8835978835978835,1.2142857142857142,5.0,0.8181818181818182,0.5494406142187246,0.3855544882648343,0.994526546250684,0.9629629629629629,0.42857142857142855,3.0,0.8181818181818182,0.5494406142187246,0.3855544882648343
173,0.9600437876299945,0.8518518518518519,1.5,7.0,0.6666666666666666,0.6566684209531417,0.47054720626203955,0.9978106185002736,0.9841269841269842,0.21428571428571427,2.0,1.0,0.6566684209531417,0.47054720626203955
174,0.9693486590038315,0.8888888888888887,1.2142857142857142,7.0,0.8181818181818182,0.5765355706464833,0.45115069030831684,0.9956212370005473,0.9682539682539683,0.42857142857142855,2.0,0.8181818181818182,0.5765355706464833,0.45115069030831684
175,0.9682539682539683,0.857142857142857,1.4285714285714286,5.0,0.8181818181818182,0.567759014748064,0.3499050135626469,0.9792008757525997,0.9047619047619047,1.0,6.0,0.8181818181818182,0.567759014748064,0.3499050135626469
176,0.9655172413793103,0.8624338624338624,1.3571428571428572,7.0,0.6666666666666666,0.6040928787325959,0.4337694942431938,0.9972632731253421,0.9735449735449735,0.35714285714285715,1.0,1.0,0.6040928787325959,0.4337694942431938
177,0.975369458128079,0.8835978835978835,1.2857142857142858,5.0,0.8181818181818182,0.5374625295611288,0.33517846722197836,0.9742747673782157,0.8888888888888887,1.2857142857142858,6.0,0.8181818181818182,0.5374625295611288,0.33517846722197836
178,0.9792008757525997,0.8941798941798942,1.0714285714285714,5.0,0.6666666666666666,0.4892308682514999,0.3615660115323861,0.9928845101258894,0.9629629629629629,0.42857142857142855,4.0,1.0,0.4892308682514999,0.3615660115323861
179,0.9660645867542419,0.8677248677248677,1.3571428571428572,7.0,0.6666666666666666,0.6864630197125232,0.536194514330359,0.9989053092501368,0.9894179894179893,0.14285714285714285,1.0,1.0,0.6864630197125232,0.536194514330359
180,0.9655172413793103,0.8624338624338624,1.4285714285714286,7.0,0.6666666666666666,0.5696762992787896,0.4577022280879163,0.9950738916256158,0.9629629629629629,0.5,2.0,1.0,0.5696762992787896,0.4577022280879163
181,0.9573070607553366,0.8412698412698412,1.5714285714285714,7.0,0.6666666666666666,0.6552767702033295,0.44336578619631895,0.9978106185002736,0.9841269841269842,0.21428571428571427,2.0,1.0,0.6552767702033295,0.44336578619631895
182,0.9709906951286261,0.8888888888888887,1.2142857142857142,6.0,0.8181818181818182,0.5660002927834551,0.34081054406813677,0.9797482211275315,0.9047619047619047,1.1428571428571428,5.0,0.8181818181818182,0.5660002927834551,0.34081054406813677
183,0.9655172413793103,0.8412698412698412,1.5714285714285714,5.0,0.6666666666666666,0.5946069162216001,0.3491486751096951,0.9846743295019157,0.9312169312169312,0.7857142857142857,5.0,1.0,0.5946069162216001,0.3491486751096951
184,0.9693486590038315,0.8888888888888887,1.2142857142857142,7.0,0.8181818181818182,0.5434959250101321,0.41877469887477536,0.9956212370005473,0.9682539682539683,0.42857142857142855,2.0,0.8181818181818182,0.5434959250101321,0.41877469887477536
185,0.9704433497536945,0.8677248677248677,1.4285714285714286,5.0,0.8181818181818182,0.533854591414334,0.3631643604268657,0.9742747673782157,0.8835978835978835,1.2142857142857142,6.0,0.8181818181818182,0.533854591414334,0.3631643604268657
186,0.9846743295019157,0.9259259259259259,0.8571428571428571,5.0,0.8181818181818182,0.43102802385827266,0.3178294687926634,0.9726327312534209,0.91005291005291,1.0714285714285714,8.0,0.8181818181818182,0.43102802385827266,0.3178294687926634
187,0.9638752052545155,0.8677248677248677,1.3571428571428572,7.0,0.8181818181818182,0.5623495206313842,0.40980680308559614,0.9978106185002736,0.9788359788359787,0.2857142857142857,1.0,0.8181818181818182,0.5623495206313842,0.40980680308559614
188,0.9742747673782157,0.8677248677248677,1.3571428571428572,5.0,0.6666666666666666,0.5438827229293264,0.3565133929473817,0.9879584017515052,0.9365079365079365,0.6428571428571429,4.0,1.0,0.5438827229293264,0.3565133929473817
189,0.967159277504105,0.857142857142857,1.5714285714285714,5.0,0.6666666666666666,0.5366995840637729,0.37478616966338596,0.990695128626163,0.947089947089947,0.7142857142857143,3.0,1.0,0.5366995840637729,0.37478616966338596
190,0.9655172413793103,0.8624338624338624,1.3571428571428572,7.0,0.6666666666666666,0.6085617565294368,0.43182301836868886,0.9972632731253421,0.9735449735449735,0.35714285714285715,1.0,1.0,0.6085617565294368,0.43182301836868886
191,0.9792008757525997,0.8994708994708994,1.0714285714285714,5.0,0.8181818181818182,0.46926938604149054,0.3184338992583541,0.9874110563765736,0.9576719576719577,0.5714285714285714,6.0,0.8181818181818182,0.46926938604149054,0.3184338992583541
192,0.9507389162561576,0.8148148148148148,1.7857142857142858,7.0,0.6666666666666666,0.6664703778712535,0.42558090544531846,0.9923371647509577,0.9576719576719577,0.5714285714285714,2.0,1.0,0.6664703778712535,0.42558090544531846
193,0.9748221127531472,0.8730158730158729,1.3571428571428572,5.0,0.6666666666666666,0.5246311086789557,0.3361554645856194,0.9835796387520527,0.9206349206349207,0.8571428571428571,5.0,1.0,0.5246311086789557,0.3361554645856194
194,0.9594964422550629,0.8359788359788359,1.6428571428571428,7.0,0.6666666666666666,0.6681414116420787,0.4644712910129796,0.9901477832512315,0.9365079365079365,0.6428571428571429,3.0,1.0,0.6681414116420787,0.4644712910129796
195,0.9677066228790366,0.8518518518518519,1.5,5.0,0.6666666666666666,0.5497736640928668,0.3427663800475475,0.9863163656267103,0.9417989417989417,0.7142857142857143,5.0,1.0,0.5497736640928668,0.3427663800475475
196,0.9677066228790366,0.857142857142857,1.4285714285714286,5.0,0.8181818181818182,0.531470841319772,0.37614540451334705,0.9792008757525997,0.9047619047619047,1.0,6.0,0.8181818181818182,0.531470841319772,0.37614540451334705
197,0.9781061850027366,0.8888888888888887,1.2142857142857142,5.0,0.6666666666666666,0.47709879442426434,0.33074280590239064,0.9890530925013684,0.9365079365079365,0.7857142857142857,4.0,1.0,0.47709879442426434,0.33074280590239064
198,0.9556650246305418,0.8359788359788359,1.6428571428571428,6.0,0.6666666666666666,0.698626134396926,0.4234186667067975,0.990695128626163,0.947089947089947,0.6428571428571429,3.0,1.0,0.698626134396926,0.4234186667067975
199,0.967159277504105,0.8783068783068783,1.2857142857142858,7.0,0.8181818181818182,0.5590267059059608,0.4233150552610079,0.9978106185002736,0.9788359788359787,0.2857142857142857,1.0,0.8181818181818182,0.5590267059059608,0.4233150552610079
200,0.9633278598795839,0.857142857142857,1.5,7.0,0.6666666666666666,0.6079964514527351,0.4264489655567203,0.9999999999999998,1.0,0.0,0.0,1.0,0.6079964514527351,0.4264489655567203
201,0.9540229885057472,0.8465608465608466,1.6428571428571428,7.0,0.8181818181818182,0.6088195206446998,0.43147083241651063,0.9912424740010948,0.947089947089947,0.7142857142857143,3.0,0.8181818181818182,0.6088195206446998,0.43147083241651063
202,0.9742747673782157,0.8994708994708994,1.0714285714285714,6.0,0.8181818181818182,0.4668089284758727,0.3865738700979971,0.9939792008757526,0.9576719576719577,0.5,2.0,0.8181818181818182,0.4668089284758727,0.3865738700979971
203,0.9589490968801313,0.8359788359788359,1.6428571428571428,6.0,0.6666666666666666,0.631337561615519,0.40689079787675453,0.9956212370005473,0.9682539682539683,0.42857142857142855,2.0,1.0,0.631337561615519,0.40689079787675453
204,0.9737274220032841,0.8941798941798942,1.1428571428571428,5.0,0.8181818181818182,0.5072670407859686,0.35287409984357343,0.9792008757525997,0.9206349206349207,1.0,7.0,0.8181818181818182,0.5072670407859686,0.35287409984357343
205,0.9715380405035577,0.8941798941798942,1.3571428571428572,7.0,0.8181818181818182,0.5447659220891783,0.4429849729310205,0.9901477832512315,0.9312169312169312,0.7857142857142857,2.0,0.8181818181818182,0.5447659220891783,0.4429849729310205
206,0.9644225506294472,0.8518518518518519,1.5,5.0,0.6666666666666666,0.6343365974431785,0.40640000595215897,0.9934318555008209,0.9629629629629629,0.5,3.0,1.0,0.6343365974431785,0.40640000595215897
207,0.9551176792556102,0.8201058201058201,1.7142857142857142,7.0,0.6666666666666666,0.697458148017865,0.48819232486528014,0.990695128626163,0.9417989417989417,0.5714285714285714,3.0,1.0,0.697458148017865,0.48819232486528014
208,0.9518336070060207,0.8095238095238094,1.7857142857142858,7.0,0.6666666666666666,0.6880362551823498,0.4477936889852391,0.9879584017515052,0.9312169312169312,0.7142857142857143,4.0,1.0,0.6880362551823498,0.4477936889852391
209,0.9682539682539683,0.8783068783068783,1.5,5.0,1.0,0.4365124197965126,0.33480530865636166,0.9386973180076628,0.8518518518518519,1.6428571428571428,11.0,0.6666666666666666,0.4365124197965126,0.33480530865636166
210,0.9616858237547894,0.8624338624338624,1.4285714285714286,7.0,0.8181818181818182,0.6301907576664906,0.46601272951144734,0.9950738916256158,0.9629629629629629,0.5,2.0,0.8181818181818182,0.6301907576664906,0.46601272951144734
211,0.9627805145046523,0.8518518518518519,1.5714285714285714,7.0,0.6666666666666666,0.5577574775463103,0.40496135758381,0.9923371647509577,0.9523809523809524,0.6428571428571429,2.0,1.0,0.5577574775463103,0.40496135758381
212,0.9573070607553366,0.8412698412698412,1.6428571428571428,6.0,0.6666666666666666,0.6347536434529595,0.4117240098705435,0.996168582375479,0.9735449735449735,0.35714285714285715,2.0,1.0,0.6347536434529595,0.4117240098705435
213,0.9616858237547894,0.8518518518518519,1.5,7.0,0.6666666666666666,0.6048512368564793,0.43339597048829287,0.9994526546250683,0.9947089947089945,0.07142857142857142,1.0,1.0,0.6048512368564793,0.43339597048829287
214,0.9775588396278051,0.8941798941798942,1.2142857142857142,5.0,0.8181818181818182,0.4752939910297693,0.3331365752491192,0.9797482211275315,0.91005291005291,1.0714285714285714,6.0,0.8181818181818182,0.4752939910297693,0.3331365752491192
215,0.9759168035030105,0.8730158730158729,1.3571428571428572,5.0,0.6666666666666666,0.513700390248417,0.36052615553318973,0.9890530925013684,0.9417989417989417,0.7142857142857143,4.0,1.0,0.513700390248417,0.36052615553318973
216,0.9633278598795839,0.8624338624338624,1.4285714285714286,7.0,0.6666666666666666,0.5928354658277926,0.4187727274815774,0.9983579638752054,0.9841269841269842,0.21428571428571427,1.0,1.0,0.5928354658277926,0.4187727274815774
217,0.9742747673782157,0.8677248677248677,1.4285714285714286,5.0,0.6666666666666666,0.5430924295220866,0.33123365674872746,0.9835796387520527,0.9153439153439152,0.9285714285714286,4.0,1.0,0.5430924295220866,0.33123365674872746
218,0.9709906951286261,0.8835978835978835,1.1428571428571428,5.0,0.8181818181818182,0.5298050136346475,0.3725101107327312,0.980295566502463,0.9312169312169312,0.9285714285714286,7.0,0.8181818181818182,0.5298050136346475,0.3725101107327312
219,0.9704433497536945,0.8941798941798942,1.1428571428571428,7.0,0.8181818181818182,0.5633801119155011,0.46517565234669306,0.9950738916256158,0.9629629629629629,0.42857142857142855,2.0,0.8181818181818182,0.5633801119155011,0.46517565234669306
220,0.9693486590038315,0.8624338624338624,1.4285714285714286,5.0,0.6666666666666666,0.5719611792990575,0.38887059860825485,0.9978106185002736,0.9841269841269842,0.21428571428571427,2.0,1.0,0.5719611792990575,0.38887059860825485
221,0.9573070607553366,0.8412698412698412,1.5714285714285714,7.0,0.6666666666666666,0.6309510198533943,0.42148391000935387,0.9978106185002736,0.9841269841269842,0.21428571428571427,2.0,1.0,0.6309510198533943,0.42148391000935387
222,0.9655172413793103,0.8465608465608466,1.5,5.0,0.6666666666666666,0.6511532206757596,0.369583803205354,0.9863163656267103,0.9365079365079365,0.7142857142857143,5.0,1.0,0.6511532206757596,0.369583803205354
223,0.9748221127531472,0.8730158730158729,1.4285714285714286,5.0,0.6666666666666666,0.508323092054475,0.3506456381091645,0.986863711001642,0.9312169312169312,0.7857142857142857,4.0,1.0,0.508323092054475,0.3506456381091645
224,0.9666119321291735,0.8730158730158729,1.3571428571428572,7.0,0.6666666666666666,0.614699874015574,0.45732968350965797,0.9983579638752054,0.9841269841269842,0.21428571428571427,1.0,1.0,0.614699874015574,0.45732968350965797
225,0.9813902572523261,0.91005291005291,0.9285714285714286,5.0,0.8181818181818182,0.47920440141191506,0.3447882237174724,0.9901477832512315,0.947089947089947,0.6428571428571429,4.0,0.8181818181818182,0.47920440141191506,0.3447882237174724
226,0.9660645867542419,0.857142857142857,1.4285714285714286,5.0,0.6666666666666666,0.5751855930951177,0.3906124767929287,0.9967159277504104,0.9788359788359787,0.2857142857142857,2.0,1.0,0.5751855930951177,0.3906124767929287
227,0.9698960043787629,0.8888888888888887,1.2857142857142858,7.0,0.8181818181818182,0.5811785376069254,0.46579071645832293,0.9939792008757526,0.9576719576719577,0.5714285714285714,2.0,0.8181818181818182,0.5811785376069254,0.46579071645832293
228,0.9600437876299945,0.8253968253968254,1.8571428571428572,5.0,0.6666666666666666,0.662505694924191,0.37219993432161946,0.9786535303776682,0.9047619047619047,1.0,5.0,1.0,0.662505694924191,0.37219993432161946
229,0.9600437876299945,0.8253968253968254,1.7857142857142858,5.0,0.8181818181818182,0.6538601604819856,0.37893207941658646,0.9759168035030105,0.9047619047619047,1.0714285714285714,6.0,0.8181818181818182,0.6538601604819856,0.37893207941658646
230,0.9616858237547894,0.8412698412698412,1.5714285714285714,7.0,0.6666666666666666,0.603140970258953,0.4222760581590871,0.9923371647509577,0.9523809523809524,0.5714285714285714,3.0,1.0,0.603140970258953,0.4222760581590871
231,0.9638752052545155,0.8677248677248677,1.3571428571428572,7.0,0.8181818181818182,0.5892631490985221,0.4257996193259798,0.9978106185002736,0.9788359788359787,0.2857142857142857,1.0,0.8181818181818182,0.5892631490985221,0.4257996193259798
232,0.9594964422550629,0.8465608465608466,1.5,7.0,0.6666666666666666,0.6325929989138384,0.4333305350171348,0.9983579638752054,0.9894179894179893,0.14285714285714285,2.0,1.0,0.6325929989138384,0.4333305350171348
233,0.9666119321291735,0.8730158730158729,1.3571428571428572,7.0,0.6666666666666666,0.6109609177615536,0.45293442401323786,0.9983579638752054,0.9841269841269842,0.21428571428571427,1.0,1.0,0.6109609177615536,0.45293442401323786
234,0.9649698960043787,0.8518518518518519,1.5,5.0,0.8181818181818182,0.6062124593845248,0.3761279618680199,0.980295566502463,0.9206349206349207,1.0,6.0,0.8181818181818182,0.6062124593845248,0.3761279618680199
235,0.9649698960043787,0.8518518518518519,1.5714285714285714,6.0,0.6666666666666666,0.5636053731245645,0.39358089612425295,0.9928845101258894,0.9523809523809524,0.6428571428571429,2.0,1.0,0.5636053731245645,0.39358089612425295
236,0.983032293377121,0.9206349206349207,0.8571428571428571,5.0,0.8181818181818182,0.42914713558184137,0.32356710042752473,0.9819376026272578,0.9365079365079365,0.7857142857142857,7.0,0.8181818181818182,0.42914713558184137,0.32356710042752473
237,0.9792008757525997,0.9047619047619047,1.0,5.0,0.8181818181818182,0.4812785671614893,0.36965658244805993,0.9923371647509577,0.9523809523809524,0.5714285714285714,3.0,0.8181818181818182,0.4812785671614893,0.36965658244805993
238,0.9704433497536945,0.8783068783068783,1.2857142857142858,6.0,0.6666666666666666,0.5515172345256003,0.39596733770064185,0.9972632731253421,0.9788359788359787,0.2857142857142857,2.0,1.0,0.5515172345256003,0.39596733770064185
239,0.9589490968801313,0.8306878306878307,1.7142857142857142,5.0,0.6666666666666666,0.6221631336991094,0.3918053884081129,0.9885057471264367,0.9312169312169312,0.7142857142857143,3.0,1.0,0.6221631336991094,0.3918053884081129
240,0.9693486590038315,0.8888888888888887,1.2142857142857142,7.0,0.8181818181818182,0.5488600636033718,0.42357384257863145,0.9956212370005473,0.9682539682539683,0.42857142857142855,2.0,0.8181818181818182,0.5488600636033718,0.42357384257863145
241,0.9737274220032841,0.8624338624338624,1.4285714285714286,5.0,0.6666666666666666,0.5397587131153756,0.36457874940705515,0.986863711001642,0.9312169312169312,0.7142857142857143,4.0,1.0,0.5397587131153756,0.36457874940705515
242,0.9573070607553366,0.8465608465608466,1.5714285714285714,7.0,0.8181818181818182,0.6751574683264232,0.47028052638566514,0.9956212370005473,0.9682539682539683,0.42857142857142855,2.0,0.8181818181818182,0.6751574683264232,0.47028052638566514
243,0.9633278598795839,0.857142857142857,1.5,7.0,0.6666666666666666,0.6286629169777911,0.4535301607764533,0.9999999999999998,1.0,0.0,0.0,1.0,0.6286629169777911,0.4535301607764533
244,0.9770114942528736,0.8835978835978835,1.2142857142857142,5.0,0.6666666666666666,0.5053655726437877,0.34518753608838815,0.9939792008757526,0.9735449735449735,0.35714285714285715,4.0,1.0,0.5053655726437877,0.34518753608838815
245,0.9578544061302682,0.8306878306878307,1.7142857142857142,6.0,0.8181818181818182,0.5887661335014001,0.41679597025897885,0.9638752052545155,0.8783068783068783,1.4285714285714286,8.0,0.8181818181818182,0.5887661335014001,0.41679597025897885
246,0.9666119321291735,0.8677248677248677,1.3571428571428572,7.0,0.6666666666666666,0.6124240278752626,0.46877564443473674,0.9978106185002736,0.9788359788359787,0.2857142857142857,1.0,1.0,0.6124240278752626,0.46877564443473674
247,0.9562123700054733,0.8306878306878307,1.6428571428571428,6.0,0.6666666666666666,0.6702332358574044,0.4219786907261025,0.9950738916256158,0.9629629629629629,0.42857142857142855,2.0,1.0,0.6702332358574044,0.4219786907261025
248,0.9616858237547894,0.8518518518518519,1.5714285714285714,5.0,0.6666666666666666,0.6226587423072014,0.4079899406694162,0.994526546250684,0.9629629629629629,0.5,2.0,1.0,0.6226587423072014,0.4079899406694162
249,0.9649698960043787,0.8624338624338624,1.4285714285714286,7.0,0.6666666666666666,0.5864564840089501,0.42661273129045396,0.9994526546250683,0.9947089947089945,0.07142857142857142,1.0,1.0,0.5864564840089501,0.42661273129045396
250,0.9600437876299945,0.8518518518518519,1.5,7.0,0.6666666666666666,0.6372983959312761,0.4403461870695861,0.9978106185002736,0.9841269841269842,0.21428571428571427,2.0,1.0,0.6372983959312761,0.4403461870695861
251,0.9737274220032841,0.8835978835978835,1.2142857142857142,5.0,0.8181818181818182,0.5337964586883628,0.3776896197129258,0.994526546250684,0.9629629629629629,0.42857142857142855,3.0,0.8181818181818182,0.5337964586883628,0.3776896197129258
252,0.9518336070060207,0.8095238095238094,1.7857142857142858,7.0,0.6666666666666666,0.6647801934378368,0.4526080091262788,0.9923371647509577,0.9523809523809524,0.5,3.0,1.0,0.6647801934378368,0.4526080091262788
253,0.9649698960043787,0.8624338624338624,1.4285714285714286,7.0,0.6666666666666666,0.6027071638738912,0.4481545063832472,0.9994526546250683,0.9947089947089945,0.07142857142857142,1.0,1.0,0.6027071638738912,0.4481545063832472
254,0.9584017515051997,0.8359788359788359,1.6428571428571428,7.0,0.6666666666666666,0.6283233204721375,0.42928330447185736,0.9928845101258894,0.9576719576719577,0.42857142857142855,3.0,1.0,0.6283233204721375,0.42928330447185736
255,0.9704433497536945,0.8783068783068783,1.1428571428571428,5.0,0.8181818181818182,0.5735540455190078,0.3816949904580478,0.9786535303776682,0.9153439153439152,1.0,7.0,0.8181818181818182,0.5735540455190078,0.3816949904580478
256,0.9633278598795839,0.857142857142857,1.5,7.0,0.6666666666666666,0.569931879783717,0.4013076777829538,0.9999999999999998,1.0,0.0,0.0,1.0,0.569931879783717,0.4013076777829538
257,0.967159277504105,0.8677248677248677,1.3571428571428572,7.0,0.6666666666666666,0.5528947036693352,0.4312831182669184,0.996168582375479,0.9682539682539683,0.42857142857142855,2.0,1.0,0.5528947036693352,0.4312831182669184
258,0.9660645867542419,0.8624338624338624,1.3571428571428572,5.0,0.8181818181818182,0.6100073481705877,0.4019149690073075,0.9912424740010948,0.9417989417989417,0.6428571428571429,3.0,0.8181818181818182,0.6100073481705877,0.4019149690073075
259,0.962233169129721,0.8465608465608466,1.5714285714285714,7.0,0.6666666666666666,0.5847991480830903,0.41029080784746386,0.9934318555008209,0.9576719576719577,0.5714285714285714,2.0,1.0,0.5847991480830903,0.41029080784746386
260,0.9677066228790366,0.8730158730158729,1.3571428571428572,7.0,0.6666666666666666,0.640654262024491,0.5155577521371123,0.9950738916256158,0.9629629629629629,0.5,2.0,1.0,0.640654262024491,0.5155577521371123
261,0.9573070607553366,0.8412698412698412,1.5714285714285714,7.0,0.6666666666666666,0.6448378517157374,0.43049977375629916,0.9978106185002736,0.9841269841269842,0.21428571428571427,2.0,1.0,0.6448378517157374,0.43049977375629916
262,0.6611932129173508,0.5238095238095238,4.714285714285714,21.0,0.5384615384615384,0.7999999999999998,0.5233028298651847,0.6075533661740558,0.5714285714285714,4.928571428571429,22.0,0.42857142857142855,0.7999999999999998,0.5233028298651847
263,0.967159277504105,0.8465608465608466,1.5,5.0,0.6666666666666666,0.5694865880233297,0.3506799179661278,0.9857690202517788,0.9365079365079365,0.7142857142857143,5.0,1.0,0.5694865880233297,0.3506799179661278
264,0.962233169129721,0.8465608465608466,1.5714285714285714,7.0,0.6666666666666666,0.6227047366842937,0.4499875072972753,0.9934318555008209,0.9576719576719577,0.5714285714285714,2.0,1.0,0.6227047366842937,0.4499875072972753
265,0.9644225506294472,0.857142857142857,1.3571428571428572,5.0,0.8181818181818182,0.45066214585979225,0.3804228292307754,0.9507389162561576,0.8941798941798942,1.4285714285714286,11.0,0.8181818181818182,0.45066214585979225,0.3804228292307754
266,0.967159277504105,0.8730158730158729,1.2857142857142858,7.0,0.6666666666666666,0.5625003040092966,0.43300319269034887,0.9983579638752054,0.9841269841269842,0.21428571428571427,1.0,1.0,0.5625003040092966,0.43300319269034887
267,0.9644225506294472,0.857142857142857,1.4285714285714286,7.0,0.6666666666666666,0.601064377534861,0.4209412190967644,0.9989053092501368,0.9894179894179893,0.14285714285714285,1.0,1.0,0.601064377534861,0.4209412190967644
268,0.9611384783798578,0.8306878306878307,1.7857142857142858,5.0,0.6666666666666666,0.6194905581743624,0.36018997112847045,0.980295566502463,0.91005291005291,0.9285714285714286,5.0,1.0,0.6194905581743624,0.36018997112847045
269,0.9693486590038315,0.8624338624338624,1.3571428571428572,5.0,0.6666666666666666,0.5783844018862124,0.37050682394706064,0.9923371647509577,0.9629629629629629,0.5,4.0,1.0,0.5783844018862124,0.37050682394706064
270,0.9666119321291735,0.8677248677248677,1.3571428571428572,7.0,0.6666666666666666,0.6434832393524279,0.4837659986138611,0.9978106185002736,0.9788359788359787,0.2857142857142857,1.0,1.0,0.6434832393524279,0.4837659986138611
271,0.9786535303776682,0.8941798941798942,1.0714285714285714,5.0,0.6666666666666666,0.4566614640565135,0.3340681447279793,0.9928845101258894,0.9629629629629629,0.42857142857142855,4.0,1.0,0.4566614640565135,0.3340681447279793
272,0.9698960043787629,0.8888888888888887,1.2857142857142858,7.0,0.8181818181818182,0.6437508519596434,0.5177186773556998,0.9939792008757526,0.9576719576719577,0.5714285714285714,2.0,0.8181818181818182,0.6437508519596434,0.5177186773556998
273,0.9633278598795839,0.8518518518518519,1.5714285714285714,6.0,0.6666666666666666,0.5926649146000558,0.4013969553930761,0.9978106185002736,0.9841269841269842,0.21428571428571427,2.0,1.0,0.5926649146000558,0.4013969553930761
274,0.9786535303776682,0.8941798941798942,1.1428571428571428,5.0,0.6666666666666666,0.49663653833759097,0.3281958591922222,0.9885057471264367,0.9417989417989417,0.7142857142857143,5.0,1.0,0.49663653833759097,0.3281958591922222
275,0.9644225506294472,0.8730158730158729,1.3571428571428572,7.0,0.8181818181818182,0.6605399000230996,0.49933921552795174,0.9967159277504104,0.9735449735449735,0.35714285714285715,2.0,0.8181818181818182,0.6605399000230996,0.49933921552795174
276,0.9693486590038315,0.8888888888888887,1.2142857142857142,7.0,0.8181818181818182,0.5563889302737022,0.43635381829507924,0.9956212370005473,0.9682539682539683,0.42857142857142855,2.0,0.8181818181818182,0.5563889302737022,0.43635381829507924
277,0.9698960043787629,0.8888888888888887,1.1428571428571428,7.0,0.8181818181818182,0.6145973874326716,0.4957511613087103,0.996168582375479,0.9682539682539683,0.35714285714285715,2.0,0.8181818181818182,0.6145973874326716,0.4957511613087103
278,0.9693486590038315,0.8888888888888887,1.2142857142857142,7.0,0.8181818181818182,0.5626730701303604,0.4532103581183283,0.9956212370005473,0.9682539682539683,0.42857142857142855,2.0,0.8181818181818182,0.5626730701303604,0.4532103581183283
279,0.9677066228790366,0.8624338624338624,1.3571428571428572,5.0,0.8181818181818182,0.5765731378776866,0.35721989667758647,0.983032293377121,0.9312169312169312,0.8571428571428571,6.0,0.8181818181818182,0.5765731378776866,0.35721989667758647
280,0.9627805145046523,0.8518518518518519,1.5714285714285714,7.0,0.6666666666666666,0.5980562605994394,0.46485823384052755,0.9923371647509577,0.9523809523809524,0.6428571428571429,2.0,1.0,0.5980562605994394,0.46485823384052755
281,0.9649698960043787,0.8624338624338624,1.4285714285714286,7.0,0.6666666666666666,0.6002923141589132,0.4448225108669775,0.9994526546250683,0.9947089947089945,0.07142857142857142,1.0,1.0,0.6002923141589132,0.4448225108669775
282,0.9573070607553366,0.8412698412698412,1.5714285714285714,7.0,0.6666666666666666,0.6290574511714908,0.42062120703310474,0.9978106185002736,0.9841269841269842,0.21428571428571427,2.0,1.0,0.6290574511714908,0.42062120703310474
283,0.9644225506294472,0.857142857142857,1.4285714285714286,7.0,0.6666666666666666,0.5889661890407851,0.416555322857241,0.9989053092501368,0.9894179894179893,0.14285714285714285,1.0,1.0,0.5889661890407851,0.416555322857241
284,0.9759168035030105,0.8941798941798942,1.0714285714285714,7.0,0.6666666666666666,0.6512836559927495,0.5256418279963748,0.990695128626163,0.9417989417989417,0.6428571428571429,3.0,1.0,0.6512836559927495,0.5256418279963748
285,0.9644225506294472,0.857142857142857,1.4285714285714286,7.0,0.6666666666666666,0.6046268110022359,0.42826034971692317,0.9956212370005473,0.9682539682539683,0.42857142857142855,2.0,1.0,0.6046268110022359,0.42826034971692317
286,0.9649698960043787,0.8518518518518519,1.5,5.0,0.8181818181818182,0.5977756958299993,0.3644748655995072,0.980295566502463,0.9206349206349207,1.0,6.0,0.8181818181818182,0.5977756958299993,0.3644748655995072
287,0.9693486590038315,0.8888888888888887,1.2142857142857142,7.0,0.8181818181818182,0.6143805236942332,0.4948962937110226,0.9956212370005473,0.9682539682539683,0.42857142857142855,2.0,0.8181818181818182,0.6143805236942332,0.4948962937110226
288,0.9709906951286261,0.8835978835978835,1.1428571428571428,5.0,0.8181818181818182,0.532369604172028,0.37026355165669933,0.980295566502463,0.9312169312169312,0.9285714285714286,7.0,0.8181818181818182,0.532369604172028,0.37026355165669933
289,0.960591133004926,0.857142857142857,1.4285714285714286,7.0,0.8181818181818182,0.7000338020426773,0.5031728376526382,0.9972632731253421,0.9788359788359787,0.2857142857142857,2.0,0.8181818181818182,0.7000338020426773,0.5031728376526382
290,0.9666119321291735,0.8677248677248677,1.3571428571428572,7.0,0.6666666666666666,0.6934565630118417,0.5107417722378462,0.9978106185002736,0.9788359788359787,0.2857142857142857,1.0,1.0,0.6934565630118417,0.5107417722378462
291,0.9649698960043787,0.857142857142857,1.4285714285714286,7.0,0.6666666666666666,0.5787630677040443,0.4332141943260085,0.996168582375479,0.9682539682539683,0.42857142857142855,2.0,1.0,0.5787630677040443,0.4332141943260085
292,0.9649698960043787,0.857142857142857,1.4285714285714286,7.0,0.6666666666666666,0.5965420968024908,0.4390447907610073,0.996168582375479,0.9682539682539683,0.42857142857142855,2.0,1.0,0.5965420968024908,0.4390447907610073
293,0.9786535303776682,0.8941798941798942,1.0714285714285714,5.0,0.8181818181818182,0.4803886282593483,0.3360332577319762,0.986863711001642,0.9523809523809524,0.6428571428571429,6.0,0.8181818181818182,0.4803886282593483,0.3360332577319762
294,0.9551176792556102,0.8253968253968254,1.7857142857142858,6.0,0.6666666666666666,0.6579555956784722,0.4094350645280615,0.9928845101258894,0.9576719576719577,0.5714285714285714,2.0,1.0,0.6579555956784722,0.4094350645280615
295,0.9573070607553366,0.8412698412698412,1.5714285714285714,7.0,0.6666666666666666,0.6763674317107964,0.47182729841524584,0.9978106185002736,0.9841269841269842,0.21428571428571427,2.0,1.0,0.6763674317107964,0.47182729841524584
296,0.975369458128079,0.8941798941798942,1.1428571428571428,5.0,0.8181818181818182,0.5148145350932529,0.32361325700300586,0.9841269841269842,0.9312169312169312,0.7857142857142857,6.0,0.8181818181818182,0.5148145350932529,0.32361325700300586
297,0.9512862616310892,0.8095238095238094,1.8571428571428572,7.0,0.6666666666666666,0.7187600942376331,0.4788998263296452,0.9896004378762999,0.9417989417989417,0.5714285714285714,4.0,1.0,0.7187600942376331,0.4788998263296452
298,0.9660645867542419,0.8677248677248677,1.3571428571428572,7.0,0.6666666666666666,0.5998120605387531,0.4446595091670466,0.9989053092501368,0.9894179894179893,0.14285714285714285,1.0,1.0,0.5998120605387531,0.4446595091670466
299,0.962233169129721,0.8465608465608466,1.5714285714285714,7.0,0.6666666666666666,0.7008991695166851,0.5299700997918707,0.9912424740010948,0.947089947089947,0.6428571428571429,3.0,1.0,0.7008991695166851,0.5299700997918707
300,0.9693486590038315,0.8888888888888887,1.2142857142857142,7.0,0.8181818181818182,0.5691248200939725,0.4540445815273016,0.9956212370005473,0.9682539682539683,0.42857142857142855,2.0,0.8181818181818182,0.5691248200939725,0.4540445815273016
301,0.9655172413793103,0.8624338624338624,1.3571428571428572,7.0,0.6666666666666666,0.5950431081149705,0.4330108385524772,0.9972632731253421,0.9735449735449735,0.35714285714285715,1.0,1.0,0.5950431081149705,0.4330108385524772
302,0.9430760810071154,0.798941798941799,1.8571428571428572,7.0,0.8181818181818182,0.4555489802339164,0.42601938751973634,0.9310344827586207,0.8465608465608466,1.7142857142857142,11.0,0.6666666666666666,0.4555489802339164,0.42601938751973634
303,0.9715380405035577,0.8677248677248677,1.2857142857142858,5.0,0.6666666666666666,0.5687216255531309,0.36842601392881974,0.9928845101258894,0.9682539682539683,0.42857142857142855,4.0,1.0,0.5687216255531309,0.36842601392881974
304,0.9693486590038315,0.8835978835978835,1.3571428571428572,7.0,0.8181818181818182,0.5595803739398755,0.441937106995078,0.9901477832512315,0.9312169312169312,0.8571428571428571,2.0,0.8181818181818182,0.5595803739398755,0.441937106995078
305,0.9616858237547894,0.8412698412698412,1.5714285714285714,7.0,0.6666666666666666,0.5927671229573377,0.4015780842013547,0.990695128626163,0.9417989417989417,0.6428571428571429,3.0,1.0,0.5927671229573377,0.4015780842013547
306,0.9638752052545155,0.8677248677248677,1.3571428571428572,7.0,0.8181818181818182,0.6215647898593589,0.46205664793898876,0.9978106185002736,0.9788359788359787,0.2857142857142857,1.0,0.8181818181818182,0.6215647898593589,0.46205664793898876
307,0.9781061850027366,0.8994708994708994,1.0,5.0,0.8181818181818182,0.506826751468973,0.33710529072156425,0.9890530925013684,0.9365079365079365,0.7857142857142857,4.0,0.8181818181818182,0.506826751468973,0.33710529072156425
308,0.9709906951286261,0.8888888888888887,1.3571428571428572,7.0,0.8181818181818182,0.576159970393052,0.48219017666632796,0.990695128626163,0.9365079365079365,0.7857142857142857,2.0,0.8181818181818182,0.576159970393052,0.48219017666632796
309,0.9644225506294472,0.857142857142857,1.4285714285714286,7.0,0.6666666666666666,0.6035109605746634,0.43375472797765025,0.9989053092501368,0.9894179894179893,0.14285714285714285,1.0,1.0,0.6035109605746634,0.43375472797765025
310,0.967159277504105,0.8783068783068783,1.2857142857142858,7.0,0.8181818181818182,0.6438120025503971,0.5017593333430049,0.9978106185002736,0.9788359788359787,0.2857142857142857,1.0,0.8181818181818182,0.6438120025503971,0.5017593333430049
311,0.9649698960043787,0.8677248677248677,1.4285714285714286,7.0,0.8181818181818182,0.5757792147705694,0.4289832764845959,0.994526546250684,0.9576719576719577,0.5714285714285714,2.0,0.8181818181818182,0.5757792147705694,0.4289832764845959
312,0.9616858237547894,0.8412698412698412,1.5714285714285714,7.0,0.6666666666666666,0.6996486377582014,0.5115954120829261,0.9923371647509577,0.9523809523809524,0.5714285714285714,3.0,1.0,0.6996486377582014,0.5115954120829261
313,0.967159277504105,0.8783068783068783,1.2857142857142858,7.0,0.8181818181818182,0.5993169962057263,0.4549622851671426,0.9978106185002736,0.9788359788359787,0.2857142857142857,1.0,0.8181818181818182,0.5993169962057263,0.4549622851671426
314,0.9578544061302682,0.8306878306878307,1.7142857142857142,7.0,0.6666666666666666,0.6173925927393875,0.41678700341601793,0.9879584017515052,0.9312169312169312,0.7142857142857143,3.0,1.0,0.6173925927393875,0.41678700341601793
315,0.9627805145046523,0.8518518518518519,1.5714285714285714,7.0,0.6666666666666666,0.5532685366876731,0.3969120329201201,0.9923371647509577,0.9523809523809524,0.6428571428571429,2.0,1.0,0.5532685366876731,0.3969120329201201
316,0.9655172413793103,0.8624338624338624,1.4285714285714286,7.0,0.6666666666666666,0.6246071757485139,0.4948616424282827,0.9950738916256158,0.9629629629629629,0.5,2.0,1.0,0.6246071757485139,0.4948616424282827
317,0.960591133004926,0.8677248677248677,1.5714285714285714,7.0,0.8181818181818182,0.6175146967316403,0.4976505931645374,0.986863711001642,0.9259259259259259,0.8571428571428571,4.0,0.8181818181818182,0.6175146967316403,0.4976505931645374
318,0.9589490968801313,0.8359788359788359,1.6428571428571428,6.0,0.6666666666666666,0.6425239055211038,0.4164064453488139,0.9956212370005473,0.9682539682539683,0.42857142857142855,2.0,1.0,0.6425239055211038,0.4164064453488139
319,0.9666119321291735,0.857142857142857,1.4285714285714286,5.0,0.8181818181818182,0.5676346275766209,0.3648969383292828,0.9813902572523261,0.9259259259259259,0.9285714285714286,6.0,0.8181818181818182,0.5676346275766209,0.3648969383292828
320,0.9715380405035577,0.8783068783068783,1.2142857142857142,5.0,0.8181818181818182,0.4717144538257258,0.3729378093520989,0.975369458128079,0.9259259259259259,1.0,8.0,0.8181818181818182,0.4717144538257258,0.3729378093520989
321,0.9698960043787629,0.8888888888888887,1.2857142857142858,7.0,0.8181818181818182,0.5104598424087141,0.42191992050132143,0.9939792008757526,0.9576719576719577,0.5714285714285714,2.0,0.8181818181818182,0.5104598424087141,0.42191992050132143
322,0.9726327312534209,0.8677248677248677,1.3571428571428572,5.0,0.6666666666666666,0.5325982827904236,0.342670903968245,0.9928845101258894,0.9682539682539683,0.42857142857142855,4.0,1.0,0.5325982827904236,0.342670903968245
323,0.9304871373836892,0.798941798941799,1.9285714285714286,9.0,0.8181818181818182,0.4455078667234076,0.41632951811383334,0.9140667761357416,0.8465608465608466,1.9285714285714286,12.0,0.6666666666666666,0.4455078667234076,0.41632951811383334
324,0.9666119321291735,0.8677248677248677,1.3571428571428572,7.0,0.6666666666666666,0.6307442694343361,0.48180967695418875,0.9978106185002736,0.9788359788359787,0.2857142857142857,1.0,1.0,0.6307442694343361,0.48180967695418875
325,0.980295566502463,0.9047619047619047,1.0,5.0,0.8181818181818182,0.46123503483481276,0.3306038759044336,0.9846743295019157,0.9312169312169312,0.8571428571428571,6.0,0.8181818181818182,0.46123503483481276,0.3306038759044336
326,0.9644225506294472,0.8412698412698412,1.5714285714285714,5.0,0.6666666666666666,0.6166278669396938,0.3646701108188942,0.9879584017515052,0.9417989417989417,0.7142857142857143,4.0,1.0,0.6166278669396938,0.3646701108188942
327,0.9698960043787629,0.8888888888888887,1.2857142857142858,7.0,0.8181818181818182,0.5806195512840525,0.47984174448210304,0.9939792008757526,0.9576719576719577,0.5714285714285714,2.0,0.8181818181818182,0.5806195512840525,0.47984174448210304
328,0.9792008757525997,0.8941798941798942,1.0714285714285714,5.0,0.6666666666666666,0.45114766583160365,0.32299134246159483,0.9917898193760263,0.9523809523809524,0.6428571428571429,4.0,1.0,0.45114766583160365,0.32299134246159483
329,0.9715380405035577,0.8783068783068783,1.2142857142857142,5.0,0.8181818181818182,0.5680879681441737,0.39521090561520383,0.9934318555008209,0.9576719576719577,0.5,3.0,0.8181818181818182,0.5680879681441737,0.39521090561520383
330,0.9666119321291735,0.8624338624338624,1.4285714285714286,5.0,0.6666666666666666,0.581593214209261,0.39907182831913773,0.996168582375479,0.9735449735449735,0.35714285714285715,2.0,1.0,0.581593214209261,0.39907182831913773
331,0.9633278598795839,0.8677248677248677,1.5,6.0,0.8181818181818182,0.5676974624131297,0.421397753711882,0.9890530925013684,0.9365079365079365,0.8571428571428571,3.0,0.8181818181818182,0.5676974624131297,0.421397753711882
332,0.9792008757525997,0.8994708994708994,1.0714285714285714,5.0,0.8181818181818182,0.48355362857373896,0.3525941492193518,0.9923371647509577,0.9576719576719577,0.5,4.0,0.8181818181818182,0.48355362857373896,0.3525941492193518
333,0.9781061850027366,0.9047619047619047,1.0714285714285714,5.0,1.0,0.4895607326001164,0.29493539703769706,0.9584017515051997,0.857142857142857,1.5714285714285714,9.0,0.6666666666666666,0.4895607326001164,0.29493539703769706
334,0.9688013136288999,0.8730158730158729,1.2857142857142858,5.0,0.8181818181818182,0.5559920498546648,0.3548344317725556,0.9846743295019157,0.9417989417989417,0.7857142857142857,6.0,0.8181818181818182,0.5559920498546648,0.3548344317725556
335,0.967159277504105,0.8783068783068783,1.2857142857142858,7.0,0.8181818181818182,0.5946124155029622,0.4551052464499111,0.9978106185002736,0.9788359788359787,0.2857142857142857,1.0,0.8181818181818182,0.5946124155029622,0.4551052464499111
336,0.9666119321291735,0.857142857142857,1.4285714285714286,5.0,0.6666666666666666,0.597294032208233,0.37932040608651413,0.9912424740010948,0.9576719576719577,0.5714285714285714,4.0,1.0,0.597294032208233,0.37932040608651413
337,0.9841269841269842,0.9206349206349207,1.0,4.0,0.8181818181818182,0.4406765363405063,0.3557981686255189,0.9896004378762999,0.9365079365079365,0.7857142857142857,3.0,0.8181818181818182,0.4406765363405063,0.3557981686255189
338,0.9578544061302682,0.8465608465608466,1.5714285714285714,6.0,0.8181818181818182,0.6332440248960762,0.4184170957670562,0.994526546250684,0.9576719576719577,0.5,2.0,0.8181818181818182,0.6332440248960762,0.4184170957670562
339,0.9698960043787629,0.8730158730158729,1.2857142857142858,6.0,0.6666666666666666,0.5460182237016664,0.39395966325223364,0.9978106185002736,0.9841269841269842,0.21428571428571427,2.0,1.0,0.5460182237016664,0.39395966325223364
340,0.962233169129721,0.8465608465608466,1.5714285714285714,7.0,0.6666666666666666,0.5863314696817559,0.4193267607626825,0.9934318555008209,0.9576719576719577,0.5714285714285714,2.0,1.0,0.5863314696817559,0.4193267607626825
341,0.9693486590038315,0.8835978835978835,1.1428571428571428,7.0,0.8181818181818182,0.5842926296072742,0.4767971681603871,0.9967159277504104,0.9735449735449735,0.35714285714285715,2.0,0.8181818181818182,0.5842926296072742,0.4767971681603871
342,0.9655172413793103,0.8465608465608466,1.5,5.0,0.6666666666666666,0.6037258190230452,0.3678405915933647,0.9896004378762999,0.947089947089947,0.6428571428571429,4.0,1.0,0.6037258190230452,0.3678405915933647
343,0.9551176792556102,0.8201058201058201,1.7142857142857142,7.0,0.6666666666666666,0.7155386048191983,0.5052103958001453,0.990695128626163,0.9417989417989417,0.5714285714285714,3.0,1.0,0.7155386048191983,0.5052103958001453
344,0.9523809523809524,0.8306878306878307,1.7142857142857142,6.0,0.6666666666666666,0.7052023458218248,0.4347017986843152,0.9923371647509577,0.9523809523809524,0.5714285714285714,3.0,1.0,0.7052023458218248,0.4347017986843152
345,0.9666119321291735,0.8677248677248677,1.3571428571428572,7.0,0.6666666666666666,0.5591482648675845,0.42626350802748947,0.9978106185002736,0.9788359788359787,0.2857142857142857,1.0,1.0,0.5591482648675845,0.42626350802748947
346,0.9649698960043787,0.8624338624338624,1.4285714285714286,7.0,0.6666666666666666,0.6325830813315483,0.4618778225110466,0.9994526546250683,0.9947089947089945,0.07142857142857142,1.0,1.0,0.6325830813315483,0.4618778225110466
347,0.950191570881226,0.8095238095238094,1.7857142857142858,7.0,0.6666666666666666,0.7088786541492642,0.44849502371272837,0.9917898193760263,0.9523809523809524,0.5714285714285714,3.0,1.0,0.7088786541492642,0.44849502371272837
348,0.9638752052545155,0.8677248677248677,1.3571428571428572,7.0,0.8181818181818182,0.6618240717563879,0.49596657902249974,0.9978106185002736,0.9788359788359787,0.2857142857142857,1.0,0.8181818181818182,0.6618240717563879,0.49596657902249974
349,0.9649698960043787,0.8624338624338624,1.4285714285714286,7.0,0.6666666666666666,0.6157989440857323,0.4456388646065748,0.9994526546250683,0.9947089947089945,0.07142857142857142,1.0,1.0,0.6157989440857323,0.4456388646065748
350,0.9578544061302682,0.8306878306878307,1.7142857142857142,6.0,0.6666666666666666,0.6089451963856508,0.3997949874201604,0.9939792008757526,0.9629629629629629,0.42857142857142855,3.0,1.0,0.6089451963856508,0.3997949874201604
351,0.9638752052545155,0.8677248677248677,1.3571428571428572,7.0,0.8181818181818182,0.6016814650548921,0.4417174749764931,0.9978106185002736,0.9788359788359787,0.2857142857142857,1.0,0.8181818181818182,0.6016814650548921,0.4417174749764931
352,0.9835796387520527,0.9047619047619047,1.0714285714285714,4.0,0.6666666666666666,0.4680825046443125,0.33188946188882645,0.9846743295019157,0.9206349206349207,0.9285714285714286,4.0,1.0,0.4680825046443125,0.33188946188882645
353,0.980295566502463,0.8994708994708994,1.0714285714285714,5.0,0.6666666666666666,0.4339671914556623,0.3187258729137388,0.9890530925013684,0.9365079365079365,0.7857142857142857,4.0,1.0,0.4339671914556623,0.3187258729137388
354,0.9677066228790366,0.857142857142857,1.3571428571428572,5.0,0.8181818181818182,0.5122881142863092,0.35898897497003535,0.980295566502463,0.9153439153439152,1.0,6.0,0.8181818181818182,0.5122881142863092,0.35898897497003535
355,0.9534756431308156,0.8253968253968254,1.7142857142857142,7.0,0.6666666666666666,0.7164157331248473,0.4449133108331229,0.9939792008757526,0.9576719576719577,0.5,2.0,1.0,0.7164157331248473,0.4449133108331229
356,0.9660645867542419,0.8677248677248677,1.3571428571428572,7.0,0.6666666666666666,0.6206882177411848,0.4662742251883781,0.9989053092501368,0.9894179894179893,0.14285714285714285,1.0,1.0,0.6206882177411848,0.4662742251883781
357,0.9693486590038315,0.8888888888888887,1.2142857142857142,7.0,0.8181818181818182,0.6405338166025456,0.49769389708334744,0.9956212370005473,0.9682539682539683,0.42857142857142855,2.0,0.8181818181818182,0.6405338166025456,0.49769389708334744
358,0.9715380405035577,0.8783068783068783,1.2142857142857142,5.0,0.8181818181818182,0.5544157352624941,0.384344040040762,0.9917898193760263,0.947089947089947,0.6428571428571429,3.0,0.8181818181818182,0.5544157352624941,0.384344040040762
359,0.9786535303776682,0.8888888888888887,1.1428571428571428,5.0,0.6666666666666666,0.5116248854354912,0.34352258846967254,0.9923371647509577,0.9576719576719577,0.5714285714285714,4.0,1.0,0.5116248854354912,0.34352258846967254
360,0.962233169129721,0.857142857142857,1.5,7.0,0.6666666666666666,0.5823549994270412,0.40724825395981984,0.9989053092501368,0.9894179894179893,0.14285714285714285,1.0,1.0,0.5823549994270412,0.40724825395981984
361,0.9627805145046523,0.8518518518518519,1.5714285714285714,7.0,0.6666666666666666,0.5874988257104946,0.4270321462583134,0.9923371647509577,0.9523809523809524,0.6428571428571429,2.0,1.0,0.5874988257104946,0.4270321462583134
362,0.9655172413793103,0.8624338624338624,1.4285714285714286,7.0,0.6666666666666666,0.5290188610134579,0.3918208440678016,0.9950738916256158,0.9629629629629629,0.5,2.0,1.0,0.5290188610134579,0.3918208440678016
363,0.819376026272578,0.6613756613756614,3.357142857142857,15.0,0.8181818181818182,0.5991547427775143,0.47354489551314105,0.7723043240284619,0.708994708994709,3.357142857142857,18.0,0.6666666666666666,0.5991547427775143,0.47354489551314105
364,0.9792008757525997,0.8994708994708994,1.0714285714285714,5.0,0.8181818181818182,0.47392009809655283,0.3260117039859086,0.9874110563765736,0.9576719576719577,0.5714285714285714,6.0,0.8181818181818182,0.47392009809655283,0.3260117039859086
365,0.9748221127531472,0.8730158730158729,1.4285714285714286,5.0,0.6666666666666666,0.5114784353699543,0.3613088997594481,0.986863711001642,0.9312169312169312,0.7857142857142857,4.0,1.0,0.5114784353699543,0.3613088997594481
366,0.9693486590038315,0.8518518518518519,1.4285714285714286,5.0,0.6666666666666666,0.5755617165046036,0.37328009459622924,0.9896004378762999,0.9523809523809524,0.5714285714285714,4.0,1.0,0.5755617165046036,0.37328009459622924
367,0.9578544061302682,0.8306878306878307,1.7142857142857142,7.0,0.6666666666666666,0.7093600803979978,0.5055206230410623,0.9879584017515052,0.9312169312169312,0.7142857142857143,3.0,1.0,0.7093600803979978,0.5055206230410623
368,0.960591133004926,0.857142857142857,1.4285714285714286,7.0,0.8181818181818182,0.7369864219268396,0.5427042183518218,0.9972632731253421,0.9788359788359787,0.2857142857142857,2.0,0.8181818181818182,0.7369864219268396,0.5427042183518218
369,0.9715380405035577,0.8677248677248677,1.2857142857142858,5.0,0.6666666666666666,0.5584085968428105,0.3567139079462709,0.9928845101258894,0.9682539682539683,0.42857142857142855,4.0,1.0,0.5584085968428105,0.3567139079462709
370,0.9644225506294472,0.8518518518518519,1.5,5.0,0.6666666666666666,0.6190367726126014,0.3940830576921415,0.9923371647509577,0.9523809523809524,0.5714285714285714,3.0,1.0,0.6190367726126014,0.3940830576921415
371,0.9666119321291735,0.8677248677248677,1.3571428571428572,7.0,0.6666666666666666,0.6195915847402612,0.454671825897686,0.9978106185002736,0.9788359788359787,0.2857142857142857,1.0,1.0,0.6195915847402612,0.454671825897686
372,0.9677066228790366,0.8730158730158729,1.3571428571428572,7.0,0.6666666666666666,0.5426928661345589,0.42354571104618216,0.9950738916256158,0.9629629629629629,0.5,2.0,1.0,0.5426928661345589,0.42354571104618216
373,0.9742747673782157,0.8994708994708994,1.0714285714285714,6.0,0.8181818181818182,0.47680968012069197,0.3873757284602015,0.9939792008757526,0.9576719576719577,0.5,2.0,0.8181818181818182,0.47680968012069197,0.3873757284602015
374,0.9540229885057472,0.8465608465608466,1.5714285714285714,7.0,0.8181818181818182,0.7005807899037924,0.4939256098204972,0.9928845101258894,0.9576719576719577,0.5714285714285714,3.0,0.8181818181818182,0.7005807899037924,0.4939256098204972
375,0.9786535303776682,0.8888888888888887,1.1428571428571428,5.0,0.6666666666666666,0.5008005954121515,0.3395946294421096,0.9923371647509577,0.9576719576719577,0.5714285714285714,4.0,1.0,0.5008005954121515,0.3395946294421096
376,0.9573070607553366,0.8412698412698412,1.5714285714285714,7.0,0.6666666666666666,0.6418992226314777,0.42925727579988227,0.9978106185002736,0.9841269841269842,0.21428571428571427,2.0,1.0,0.6418992226314777,0.42925727579988227
377,0.9627805145046523,0.8518518518518519,1.5714285714285714,7.0,0.6666666666666666,0.7029911781251714,0.5396139070437047,0.9923371647509577,0.9523809523809524,0.6428571428571429,2.0,1.0,0.7029911781251714,0.5396139070437047
378,0.9616858237547894,0.8518518518518519,1.5,7.0,0.6666666666666666,0.6043123795460359,0.42614964972519226,0.9994526546250683,0.9947089947089945,0.07142857142857142,1.0,1.0,0.6043123795460359,0.42614964972519226
379,0.9594964422550629,0.8201058201058201,1.7857142857142858,5.0,0.6666666666666666,0.6729175061848653,0.38791572523336737,0.9835796387520527,0.9206349206349207,0.8571428571428571,4.0,1.0,0.6729175061848653,0.38791572523336737
380,0.9720853858784892,0.8835978835978835,1.2142857142857142,7.0,0.6666666666666666,0.49682467603829805,0.4192498539952855,0.9923371647509577,0.9523809523809524,0.6428571428571429,3.0,1.0,0.49682467603829805,0.4192498539952855
381,0.9655172413793103,0.8677248677248677,1.2857142857142858,6.0,0.8181818181818182,0.57677804677119,0.40660702982520536,0.9956212370005473,0.9682539682539683,0.42857142857142855,2.0,0.8181818181818182,0.57677804677119,0.40660702982520536
382,0.9709906951286261,0.8835978835978835,1.1428571428571428,5.0,0.8181818181818182,0.515973577353563,0.36441231161526155,0.980295566502463,0.9312169312169312,0.9285714285714286,7.0,0.8181818181818182,0.515973577353563,0.36441231161526155
383,0.9611384783798578,0.8359788359788359,1.5714285714285714,7.0,0.6666666666666666,0.6341588131067668,0.4385685324986329,0.9917898193760263,0.947089947089947,0.5714285714285714,3.0,1.0,0.6341588131067668,0.4385685324986329
384,0.9649698960043787,0.8677248677248677,1.4285714285714286,7.0,0.8181818181818182,0.6642163768743585,0.510373025202054,0.994526546250684,0.9576719576719577,0.5714285714285714,2.0,0.8181818181818182,0.6642163768743585,0.510373025202054
385,0.9649698960043787,0.857142857142857,1.4285714285714286,5.0,0.8181818181818182,0.6057074939603472,0.3918268174907285,0.9917898193760263,0.947089947089947,0.6428571428571429,3.0,0.8181818181818182,0.6057074939603472,0.3918268174907285
386,0.9551176792556102,0.8412698412698412,1.5714285714285714,7.0,0.8181818181818182,0.6551668397607142,0.4327901900048482,0.9950738916256158,0.9629629629629629,0.42857142857142855,2.0,0.8181818181818182,0.6551668397607142,0.4327901900048482
387,0.9693486590038315,0.8783068783068783,1.2142857142857142,7.0,0.6666666666666666,0.652326386925846,0.526163193462923,0.996168582375479,0.9682539682539683,0.42857142857142855,2.0,1.0,0.652326386925846,0.526163193462923
388,0.9742747673782157,0.9047619047619047,1.2142857142857142,7.0,0.8181818181818182,0.562164415942831,0.4774965415872677,0.9928845101258894,0.9523809523809524,0.6428571428571429,2.0,0.8181818181818182,0.562164415942831,0.4774965415872677
389,0.9666119321291735,0.857142857142857,1.4285714285714286,5.0,0.8181818181818182,0.5742071706965017,0.3717829918313591,0.9813902572523261,0.9259259259259259,0.9285714285714286,6.0,0.8181818181818182,0.5742071706965017,0.3717829918313591
390,0.9584017515051997,0.8306878306878307,1.7142857142857142,6.0,0.6666666666666666,0.609381429239822,0.39406940072108165,0.9912424740010948,0.9417989417989417,0.5714285714285714,3.0,1.0,0.609381429239822,0.39406940072108165
391,0.9551176792556102,0.8412698412698412,1.5714285714285714,7.0,0.8181818181818182,0.6753104128421669,0.460654430229959,0.9950738916256158,0.9629629629629629,0.42857142857142855,2.0,0.8181818181818182,0.6753104128421669,0.460654430229959
392,0.9731800766283524,0.857142857142857,1.4285714285714286,5.0,0.6666666666666666,0.5515743548863408,0.3631049437152908,0.9863163656267103,0.9259259259259259,0.7857142857142857,4.0,1.0,0.5515743548863408,0.3631049437152908
393,0.9627805145046523,0.8518518518518519,1.5714285714285714,7.0,0.6666666666666666,0.5553308203669154,0.41082909088951924,0.9896004378762999,0.9417989417989417,0.7142857142857143,3.0,1.0,0.5553308203669154,0.41082909088951924
394,0.9748221127531472,0.8941798941798942,1.1428571428571428,5.0,0.8181818181818182,0.5158613552203433,0.3346094130492622,0.9852216748768472,0.9417989417989417,0.7142857142857143,6.0,0.8181818181818182,0.5158613552203433,0.3346094130492622
395,0.9584017515051997,0.8518518518518519,1.4285714285714286,6.0,0.8181818181818182,0.5598800832818724,0.392478044198231,0.9485495347564312,0.8677248677248677,1.5,11.0,0.8181818181818182,0.5598800832818724,0.392478044198231
396,0.9797482211275315,0.8994708994708994,1.0714285714285714,5.0,0.8181818181818182,0.4679923724484643,0.32693069862765856,0.9852216748768472,0.9365079365079365,0.7857142857142857,6.0,0.8181818181818182,0.4679923724484643,0.32693069862765856
397,0.9715380405035577,0.8677248677248677,1.2857142857142858,5.0,0.6666666666666666,0.5593195466571639,0.37447798579608754,0.9928845101258894,0.9682539682539683,0.42857142857142855,4.0,1.0,0.5593195466571639,0.37447798579608754
398,0.9698960043787629,0.8835978835978835,1.2142857142857142,6.0,0.8181818181818182,0.5350710274653576,0.40121496827728487,0.994526546250684,0.9629629629629629,0.5,2.0,0.8181818181818182,0.5350710274653576,0.40121496827728487
399,0.967159277504105,0.8624338624338624,1.4285714285714286,5.0,0.6666666666666666,0.6073056471751352,0.3904536417586429,0.990695128626163,0.9523809523809524,0.6428571428571429,4.0,1.0,0.6073056471751352,0.3904536417586429
400,0.9551176792556102,0.8201058201058201,1.7142857142857142,7.0,0.6666666666666666,0.6651041343753614,0.45004658678727155,0.990695128626163,0.9417989417989417,0.5714285714285714,3.0,1.0,0.6651041343753614,0.45004658678727155
401,0.9644225506294472,0.8624338624338624,1.4285714285714286,7.0,0.6666666666666666,0.5841528186893881,0.4199056658427418,0.9994526546250683,0.9947089947089945,0.07142857142857142,1.0,1.0,0.5841528186893881,0.4199056658427418
402,0.983032293377121,0.9153439153439152,0.8571428571428571,5.0,0.8181818181818182,0.4363278803319959,0.33717331447371085,0.9813902572523261,0.9312169312169312,0.9285714285714286,7.0,0.8181818181818182,0.4363278803319959,0.33717331447371085
403,0.9660645867542419,0.8677248677248677,1.3571428571428572,7.0,0.6666666666666666,0.540261622065455,0.41228864092295014,0.9989053092501368,0.9894179894179893,0.14285714285714285,1.0,1.0,0.540261622065455,0.41228864092295014
404,0.9655172413793103,0.8624338624338624,1.4285714285714286,7.0,0.6666666666666666,0.5680335654193943,0.4484354859060376,0.9950738916256158,0.9629629629629629,0.5,2.0,1.0,0.5680335654193943,0.4484354859060376
405,0.9594964422550629,0.8465608465608466,1.5,7.0,0.6666666666666666,0.6096505324431482,0.4275768832977627,0.9983579638752054,0.9894179894179893,0.14285714285714285,2.0,1.0,0.6096505324431482,0.4275768832977627
406,0.975369458128079,0.8783068783068783,1.3571428571428572,5.0,0.6666666666666666,0.48906111656689494,0.32348041220092194,0.9846743295019157,0.9259259259259259,0.8571428571428571,5.0,1.0,0.48906111656689494,0.32348041220092194
407,0.9775588396278051,0.9047619047619047,1.0,5.0,0.8181818181818182,0.5055342080390748,0.3426644943850849,0.9797482211275315,0.9206349206349207,0.9285714285714286,7.0,0.8181818181818182,0.5055342080390748,0.3426644943850849
408,0.967159277504105,0.8518518518518519,1.4285714285714286,5.0,0.8181818181818182,0.5740126296941814,0.359192664106433,0.9808429118773946,0.9206349206349207,0.9285714285714286,6.0,0.8181818181818182,0.5740126296941814,0.359192664106433
409,0.9600437876299945,0.8518518518518519,1.5,7.0,0.6666666666666666,0.6770668179126726,0.4916644165395317,0.9978106185002736,0.9841269841269842,0.21428571428571427,2.0,1.0,0.6770668179126726,0.4916644165395317
410,0.9688013136288999,0.8465608465608466,1.5714285714285714,5.0,0.6666666666666666,0.5783460358435731,0.3689538742938051,0.9846743295019157,0.9153439153439152,0.7857142857142857,4.0,1.0,0.5783460358435731,0.3689538742938051
411,0.9737274220032841,0.8835978835978835,1.1428571428571428,5.0,0.8181818181818182,0.4892367825556228,0.3394186158630521,0.9863163656267103,0.9523809523809524,0.6428571428571429,6.0,0.8181818181818182,0.4892367825556228,0.3394186158630521
412,0.9677066228790366,0.8730158730158729,1.2857142857142858,7.0,0.6666666666666666,0.5196323935406432,0.386741923670029,0.9972632731253421,0.9735449735449735,0.35714285714285715,1.0,1.0,0.5196323935406432,0.386741923670029
413,0.9742747673782157,0.9047619047619047,1.2142857142857142,7.0,0.8181818181818182,0.6307270232797397,0.5153635116398698,0.9917898193760263,0.9417989417989417,0.6428571428571429,2.0,0.8181818181818182,0.6307270232797397,0.5153635116398698
414,0.9819376026272578,0.91005291005291,0.9285714285714286,5.0,0.8181818181818182,0.4403181358588605,0.3512062661361386,0.990695128626163,0.947089947089947,0.5714285714285714,4.0,0.8181818181818182,0.4403181358588605,0.3512062661361386
415,0.9770114942528736,0.9047619047619047,1.0,5.0,0.8181818181818182,0.4880480603473879,0.3455871049535252,0.9808429118773946,0.9312169312169312,0.8571428571428571,7.0,0.8181818181818182,0.4880480603473879,0.3455871049535252
416,0.9616858237547894,0.8624338624338624,1.3571428571428572,7.0,0.8181818181818182,0.6189680938585309,0.43671828284809766,0.9967159277504104,0.9735449735449735,0.35714285714285715,2.0,0.8181818181818182,0.6189680938585309,0.43671828284809766
417,0.9633278598795839,0.8624338624338624,1.4285714285714286,7.0,0.6666666666666666,0.6793649571103433,0.5073226852336555,0.9983579638752054,0.9841269841269842,0.21428571428571427,1.0,1.0,0.6793649571103433,0.5073226852336555
418,0.9573070607553366,0.8412698412698412,1.5714285714285714,7.0,0.6666666666666666,0.6279925782862471,0.42097017131305625,0.9978106185002736,0.9841269841269842,0.21428571428571427,2.0,1.0,0.6279925782862471,0.42097017131305625
419,0.9698960043787629,0.8677248677248677,1.3571428571428572,5.0,0.8181818181818182,0.6021427979196957,0.4020325917841591,0.9934318555008209,0.9576719576719577,0.5714285714285714,3.0,0.8181818181818182,0.6021427979196957,0.4020325917841591
420,0.967159277504105,0.8624338624338624,1.3571428571428572,5.0,0.8181818181818182,0.5704181725086415,0.36283167532396127,0.9896004378762999,0.9417989417989417,0.7142857142857143,4.0,0.8181818181818182,0.5704181725086415,0.36283167532396127
421,0.9704433497536945,0.8941798941798942,1.2142857142857142,7.0,0.8181818181818182,0.5588740739483218,0.4530781267195517,0.994526546250684,0.9629629629629629,0.5,2.0,0.8181818181818182,0.5588740739483218,0.4530781267195517
422,0.9573070607553366,0.8253968253968254,1.7142857142857142,6.0,0.6666666666666666,0.6284612741114666,0.4094266114595358,0.9934318555008209,0.9576719576719577,0.5,3.0,1.0,0.6284612741114666,0.4094266114595358
423,0.9649698960043787,0.8624338624338624,1.4285714285714286,7.0,0.6666666666666666,0.6443883012365248,0.474502572981671,0.9994526546250683,0.9947089947089945,0.07142857142857142,1.0,1.0,0.6443883012365248,0.474502572981671
424,0.9594964422550629,0.8465608465608466,1.5,7.0,0.6666666666666666,0.6464208495909548,0.44912871647199726,0.9983579638752054,0.9894179894179893,0.14285714285714285,2.0,1.0,0.6464208495909548,0.44912871647199726
425,0.9742747673782157,0.8888888888888887,1.0714285714285714,5.0,0.8181818181818182,0.49258777012636695,0.346673904631042,0.9857690202517788,0.947089947089947,0.7142857142857143,6.0,0.8181818181818182,0.49258777012636695,0.346673904631042
426,0.9540229885057472,0.8201058201058201,1.7142857142857142,7.0,0.6666666666666666,0.6719736790380436,0.4485053990199025,0.9912424740010948,0.9417989417989417,0.5714285714285714,3.0,1.0,0.6719736790380436,0.4485053990199025
427,0.9682539682539683,0.8677248677248677,1.3571428571428572,6.0,0.6666666666666666,0.5672634085159907,0.39401563460566913,0.9967159277504104,0.9682539682539683,0.42857142857142855,1.0,1.0,0.5672634085159907,0.39401563460566913
428,0.9666119321291735,0.8518518518518519,1.4285714285714286,5.0,0.8181818181818182,0.5150544365446106,0.3587901795765669,0.9797482211275315,0.91005291005291,1.0,6.0,0.8181818181818182,0.5150544365446106,0.3587901795765669
429,0.9819376026272578,0.91005291005291,0.8571428571428571,5.0,0.8181818181818182,0.4272535011843316,0.3279572707823231,0.990695128626163,0.947089947089947,0.6428571428571429,4.0,0.8181818181818182,0.4272535011843316,0.3279572707823231
430,0.9660645867542419,0.8677248677248677,1.3571428571428572,7.0,0.6666666666666666,0.655562227040001,0.5004740135109383,0.9989053092501368,0.9894179894179893,0.14285714285714285,1.0,1.0,0.655562227040001,0.5004740135109383
431,0.9698960043787629,0.8835978835978835,1.2142857142857142,7.0,0.6666666666666666,0.5673012327063391,0.4535226310156652,0.9967159277504104,0.9735449735449735,0.35714285714285715,2.0,1.0,0.5673012327063391,0.4535226310156652
432,0.9649698960043787,0.8624338624338624,1.4285714285714286,7.0,0.6666666666666666,0.6940280694426401,0.5130550415141008,0.9994526546250683,0.9947089947089945,0.07142857142857142,1.0,1.0,0.6940280694426401,0.5130550415141008
433,0.9682539682539683,0.8677248677248677,1.3571428571428572,6.0,0.6666666666666666,0.5727046697319309,0.3956240469494555,0.9967159277504104,0.9682539682539683,0.42857142857142855,1.0,1.0,0.5727046697319309,0.3956240469494555
434,0.9556650246305418,0.8306878306878307,1.7142857142857142,7.0,0.6666666666666666,0.6917647625411272,0.4792483343862944,0.9950738916256158,0.9735449735449735,0.35714285714285715,2.0,1.0,0.6917647625411272,0.4792483343862944
435,0.9660645867542419,0.8677248677248677,1.3571428571428572,7.0,0.6666666666666666,0.6281338804614083,0.4659428334899915,0.9989053092501368,0.9894179894179893,0.14285714285714285,1.0,1.0,0.6281338804614083,0.4659428334899915
436,0.9376026272577997,0.8201058201058201,1.9285714285714286,9.0,0.8181818181818182,0.5189872800563423,0.3631895516487146,0.8992884510125888,0.8042328042328042,2.142857142857143,13.0,0.6666666666666666,0.5189872800563423,0.3631895516487146
437,0.9748221127531472,0.8730158730158729,1.2857142857142858,5.0,0.6666666666666666,0.537694416837786,0.3596183218318787,0.9939792008757526,0.9735449735449735,0.35714285714285715,4.0,1.0,0.537694416837786,0.3596183218318787
438,0.9649698960043787,0.8624338624338624,1.4285714285714286,7.0,0.6666666666666666,0.6403306992119189,0.47949879997892164,0.9994526546250683,0.9947089947089945,0.07142857142857142,1.0,1.0,0.6403306992119189,0.47949879997892164
439,0.967159277504105,0.8783068783068783,1.2857142857142858,7.0,0.8181818181818182,0.572921900395853,0.4191317462811447,0.9978106185002736,0.9788359788359787,0.2857142857142857,1.0,0.8181818181818182,0.572921900395853,0.4191317462811447
440,0.9573070607553366,0.8412698412698412,1.5714285714285714,7.0,0.6666666666666666,0.6722276396755937,0.46719288988637314,0.9978106185002736,0.9841269841269842,0.21428571428571427,2.0,1.0,0.6722276396755937,0.46719288988637314
441,0.9759168035030105,0.8888888888888887,1.1428571428571428,5.0,0.8181818181818182,0.5308364057003279,0.3586240918203377,0.990695128626163,0.947089947089947,0.6428571428571429,4.0,0.8181818181818182,0.5308364057003279,0.3586240918203377
442,0.9638752052545155,0.8306878306878307,1.6428571428571428,5.0,0.6666666666666666,0.604418433999889,0.3665496272146991,0.986863711001642,0.9312169312169312,0.7142857142857143,4.0,1.0,0.604418433999889,0.3665496272146991
443,0.9600437876299945,0.8518518518518519,1.5,7.0,0.6666666666666666,0.6061339399591488,0.4177471895637757,0.9978106185002736,0.9841269841269842,0.21428571428571427,2.0,1.0,0.6061339399591488,0.4177471895637757
444,0.9627805145046523,0.8359788359788359,1.6428571428571428,5.0,0.6666666666666666,0.6461457565837077,0.36595277961591405,0.9835796387520527,0.9259259259259259,0.8571428571428571,5.0,1.0,0.6461457565837077,0.36595277961591405
445,0.9589490968801313,0.8412698412698412,1.5714285714285714,7.0,0.6666666666666666,0.6492591061774202,0.45259761201856097,0.9978106185002736,0.9841269841269842,0.14285714285714285,2.0,1.0,0.6492591061774202,0.45259761201856097
446,0.9726327312534209,0.8783068783068783,1.2142857142857142,5.0,0.6666666666666666,0.5163184315839855,0.34273419124025684,0.9917898193760263,0.9576719576719577,0.5714285714285714,4.0,1.0,0.5163184315839855,0.34273419124025684
447,0.9666119321291735,0.8677248677248677,1.3571428571428572,7.0,0.6666666666666666,0.5801087312403623,0.403380974569934,0.9978106185002736,0.9788359788359787,0.2857142857142857,1.0,1.0,0.5801087312403623,0.403380974569934
448,0.9627805145046523,0.8518518518518519,1.5714285714285714,7.0,0.6666666666666666,0.5750843860100197,0.44066128664646276,0.9923371647509577,0.9523809523809524,0.6428571428571429,2.0,1.0,0.5750843860100197,0.44066128664646276
449,0.9518336070060207,0.8095238095238094,1.7857142857142858,7.0,0.6666666666666666,0.6623490302635981,0.4281246458413333,0.9923371647509577,0.9523809523809524,0.5,3.0,1.0,0.6623490302635981,0.4281246458413333
450,0.980295566502463,0.8994708994708994,1.0,5.0,0.6666666666666666,0.44065113707850423,0.3356808495827648,0.9912424740010948,0.947089947089947,0.6428571428571429,4.0,1.0,0.44065113707850423,0.3356808495827648
451,0.9644225506294472,0.857142857142857,1.5,6.0,0.6666666666666666,0.583643503067887,0.40065835848845416,0.9989053092501368,0.9894179894179893,0.14285714285714285,1.0,1.0,0.583643503067887,0.40065835848845416
452,0.9688013136288999,0.857142857142857,1.5714285714285714,5.0,0.6666666666666666,0.5605074976721538,0.3514908365384916,0.9781061850027366,0.8941798941798942,1.0714285714285714,5.0,1.0,0.5605074976721538,0.3514908365384916
453,0.9660645867542419,0.8677248677248677,1.3571428571428572,7.0,0.6666666666666666,0.5954406383670852,0.45553098378614443,0.9989053092501368,0.9894179894179893,0.14285714285714285,1.0,1.0,0.5954406383670852,0.45553098378614443
454,0.9649698960043787,0.8677248677248677,1.4285714285714286,7.0,0.6666666666666666,0.5960272270583434,0.43301879046389236,0.9989053092501368,0.9894179894179893,0.14285714285714285,1.0,1.0,0.5960272270583434,0.43301879046389236
455,0.967159277504105,0.8624338624338624,1.3571428571428572,5.0,0.8181818181818182,0.5954073998546598,0.3799452742436082,0.9896004378762999,0.9417989417989417,0.7142857142857143,4.0,0.8181818181818182,0.5954073998546598,0.3799452742436082
456,0.9682539682539683,0.8835978835978835,1.2857142857142858,6.0,0.8181818181818182,0.5588059289114987,0.34146579048692527,0.9808429118773946,0.9206349206349207,0.9285714285714286,6.0,0.8181818181818182,0.5588059289114987,0.34146579048692527
457,0.9770114942528736,0.8835978835978835,1.2142857142857142,5.0,0.6666666666666666,0.5311881500705449,0.36887506387103797,0.9939792008757526,0.9735449735449735,0.35714285714285715,4.0,1.0,0.5311881500705449,0.36887506387103797
458,0.9616858237547894,0.8624338624338624,1.4285714285714286,7.0,0.8181818181818182,0.6055643232205796,0.4422995872902675,0.9950738916256158,0.9629629629629629,0.5,2.0,0.8181818181818182,0.6055643232205796,0.4422995872902675
459,0.9655172413793103,0.8624338624338624,1.3571428571428572,7.0,0.6666666666666666,0.5888961986821364,0.42693630223775597,0.9983579638752054,0.9841269841269842,0.21428571428571427,1.0,1.0,0.5888961986821364,0.42693630223775597
460,0.9764641488779421,0.8994708994708994,1.0714285714285714,5.0,0.8181818181818182,0.4957230199503561,0.3435207679263696,0.9813902572523261,0.9365079365079365,0.7857142857142857,7.0,0.8181818181818182,0.4957230199503561,0.3435207679263696
461,0.9633278598795839,0.857142857142857,1.5,7.0,0.6666666666666666,0.6428131352015205,0.4728131007733213,0.9999999999999998,1.0,0.0,0.0,1.0,0.6428131352015205,0.4728131007733213
462,0.9567597153804049,0.8253968253968254,1.7142857142857142,7.0,0.6666666666666666,0.7319155403607707,0.5267850517693963,0.9901477832512315,0.9365079365079365,0.5714285714285714,3.0,1.0,0.7319155403607707,0.5267850517693963
463,0.9551176792556102,0.8253968253968254,1.7142857142857142,7.0,0.6666666666666666,0.6616903682013215,0.44458365591738386,0.994526546250684,0.9682539682539683,0.42857142857142855,2.0,1.0,0.6616903682013215,0.44458365591738386
464,0.9660645867542419,0.8677248677248677,1.3571428571428572,7.0,0.6666666666666666,0.6115863919945035,0.4657880881327337,0.9989053092501368,0.9894179894179893,0.14285714285714285,1.0,1.0,0.6115863919945035,0.4657880881327337
465,0.9660645867542419,0.8677248677248677,1.3571428571428572,7.0,0.6666666666666666,0.650481552169256,0.4900088644666395,0.9989053092501368,0.9894179894179893,0.14285714285714285,1.0,1.0,0.650481552169256,0.4900088644666395
466,0.9666119321291735,0.8677248677248677,1.3571428571428572,7.0,0.6666666666666666,0.5762409270254816,0.42266853638592183,0.9978106185002736,0.9788359788359787,0.2857142857142857,1.0,1.0,0.5762409270254816,0.42266853638592183
467,0.9726327312534209,0.8783068783068783,1.2142857142857142,5.0,0.8181818181818182,0.5313788576888782,0.34810476031694093,0.9917898193760263,0.9576719576719577,0.5714285714285714,4.0,0.8181818181818182,0.5313788576888782,0.34810476031694093
468,0.9644225506294472,0.857142857142857,1.4285714285714286,7.0,0.6666666666666666,0.6648903638046243,0.48696953035092916,0.9956212370005473,0.9682539682539683,0.42857142857142855,2.0,1.0,0.6648903638046243,0.48696953035092916
469,0.9704433497536945,0.8888888888888887,1.1428571428571428,7.0,0.8181818181818182,0.5616415005924715,0.45722127147152186,0.996168582375479,0.9682539682539683,0.42857142857142855,2.0,0.8181818181818182,0.5616415005924715,0.45722127147152186
470,0.9737274220032841,0.8624338624338624,1.4285714285714286,5.0,0.6666666666666666,0.533769343945875,0.34001292666144034,0.9835796387520527,0.9206349206349207,0.8571428571428571,5.0,1.0,0.533769343945875,0.34001292666144034
471,0.9742747673782157,0.8888888888888887,1.0714285714285714,5.0,0.8181818181818182,0.5119926828451578,0.3429771206082646,0.990695128626163,0.947089947089947,0.6428571428571429,4.0,0.8181818181818182,0.5119926828451578,0.3429771206082646
472,0.9551176792556102,0.8201058201058201,1.7142857142857142,7.0,0.6666666666666666,0.6722528189797596,0.46019425510572454,0.990695128626163,0.9417989417989417,0.5714285714285714,3.0,1.0,0.6722528189797596,0.46019425510572454
473,0.9611384783798578,0.857142857142857,1.4285714285714286,7.0,0.8181818181818182,0.6169064627360896,0.4291891554445874,0.996168582375479,0.9682539682539683,0.42857142857142855,2.0,0.8181818181818182,0.6169064627360896,0.4291891554445874
474,0.983032293377121,0.9206349206349207,0.8571428571428571,5.0,0.8181818181818182,0.4475964518998624,0.3279174914830585,0.9885057471264367,0.9365079365079365,0.7857142857142857,4.0,0.8181818181818182,0.4475964518998624,0.3279174914830585
475,0.9792008757525997,0.9206349206349207,1.0,7.0,0.8181818181818182,0.5197148337972117,0.4483343790805954,0.9901477832512315,0.9365079365079365,0.7142857142857143,3.0,0.8181818181818182,0.5197148337972117,0.4483343790805954
476,0.9578544061302682,0.8306878306878307,1.7142857142857142,7.0,0.6666666666666666,0.6455929837018162,0.4389011172894973,0.9879584017515052,0.9312169312169312,0.7142857142857143,3.0,1.0,0.6455929837018162,0.4389011172894973
477,0.9759168035030105,0.8835978835978835,1.3571428571428572,5.0,0.6666666666666666,0.49033073925712617,0.32062933084913287,0.9835796387520527,0.9206349206349207,0.9285714285714286,5.0,1.0,0.49033073925712617,0.32062933084913287
478,0.9649698960043787,0.8624338624338624,1.4285714285714286,7.0,0.6666666666666666,0.6070230662165917,0.4428356013311294,0.9994526546250683,0.9947089947089945,0.07142857142857142,1.0,1.0,0.6070230662165917,0.4428356013311294
479,0.9693486590038315,0.8783068783068783,1.2857142857142858,5.0,0.8181818181818182,0.5588726967302946,0.35348103043381646,0.983032293377121,0.9259259259259259,0.8571428571428571,6.0,0.8181818181818182,0.5588726967302946,0.35348103043381646
480,0.9698960043787629,0.8888888888888887,1.2857142857142858,7.0,0.8181818181818182,0.5302421215628288,0.44074873196025494,0.9939792008757526,0.9576719576719577,0.5714285714285714,2.0,0.8181818181818182,0.5302421215628288,0.44074873196025494
481,0.9616858237547894,0.8624338624338624,1.3571428571428572,7.0,0.8181818181818182,0.6382413734380662,0.46947919406005995,0.9967159277504104,0.9735449735449735,0.35714285714285715,2.0,0.8181818181818182,0.6382413734380662,0.46947919406005995
482,0.967159277504105,0.8783068783068783,1.2857142857142858,7.0,0.8181818181818182,0.5500021092420496,0.41041268283934546,0.9978106185002736,0.9788359788359787,0.2857142857142857,1.0,0.8181818181818182,0.5500021092420496,0.41041268283934546
483,0.9824849480021893,0.9153439153439152,0.8571428571428571,5.0,0.8181818181818182,0.4250260390055959,0.3333384462063775,0.9824849480021893,0.9417989417989417,0.7142857142857143,7.0,0.8181818181818182,0.4250260390055959,0.3333384462063775
484,0.9649698960043787,0.8677248677248677,1.4285714285714286,7.0,0.8181818181818182,0.5542099590717688,0.41757670623939586,0.994526546250684,0.9576719576719577,0.5714285714285714,2.0,0.8181818181818182,0.5542099590717688,0.41757670623939586
485,0.9737274220032841,0.8835978835978835,1.2142857142857142,5.0,0.8181818181818182,0.5395986267285932,0.3860919422876172,0.994526546250684,0.9629629629629629,0.42857142857142855,3.0,0.8181818181818182,0.5395986267285932,0.3860919422876172
486,0.9775588396278051,0.8888888888888887,1.1428571428571428,5.0,0.6666666666666666,0.4913603728026407,0.3323119717750886,0.9934318555008209,0.9682539682539683,0.42857142857142855,4.0,1.0,0.4913603728026407,0.3323119717750886
487,0.9655172413793103,0.8730158730158729,1.3571428571428572,7.0,0.8181818181818182,0.5711859710388301,0.43522571897681755,0.9950738916256158,0.9629629629629629,0.5,2.0,0.8181818181818182,0.5711859710388301,0.43522571897681755
488,0.9638752052545155,0.8677248677248677,1.3571428571428572,7.0,0.8181818181818182,0.5843416507034735,0.41327169901336375,0.9978106185002736,0.9788359788359787,0.2857142857142857,1.0,0.8181818181818182,0.5843416507034735,0.41327169901336375
489,0.9638752052545155,0.8412698412698412,1.5714285714285714,6.0,0.6666666666666666,0.5859516533236891,0.38851937631244476,0.9912424740010948,0.9417989417989417,0.6428571428571429,3.0,1.0,0.5859516533236891,0.38851937631244476
490,0.9649698960043787,0.8624338624338624,1.4285714285714286,7.0,0.6666666666666666,0.6112170736130337,0.4498825497981757,0.9994526546250683,0.9947089947089945,0.07142857142857142,1.0,1.0,0.6112170736130337,0.4498825497981757
491,0.9824849480021893,0.91005291005291,0.9285714285714286,5.0,0.6666666666666666,0.4180804917349686,0.3339372196740621,0.990695128626163,0.947089947089947,0.6428571428571429,4.0,1.0,0.4180804917349686,0.3339372196740621
492,0.9737274220032841,0.8835978835978835,1.1428571428571428,5.0,0.8181818181818182,0.5185624253910008,0.33565305263456613,0.9863163656267103,0.9523809523809524,0.6428571428571429,6.0,0.8181818181818182,0.5185624253910008,0.33565305263456613
493,0.9770114942528736,0.8888888888888887,1.1428571428571428,5.0,0.6666666666666666,0.4914005340160295,0.36856274612953627,0.9950738916256158,0.9682539682539683,0.35714285714285715,3.0,1.0,0.4914005340160295,0.36856274612953627
494,0.9726327312534209,0.8677248677248677,1.3571428571428572,5.0,0.6666666666666666,0.5706933316045788,0.38353872566167163,0.996168582375479,0.9788359788359787,0.2857142857142857,3.0,1.0,0.5706933316045788,0.38353872566167163
495,0.9775588396278051,0.8835978835978835,1.2142857142857142,5.0,0.6666666666666666,0.5425496647376067,0.3608896352594051,0.9917898193760263,0.9523809523809524,0.5714285714285714,4.0,1.0,0.5425496647376067,0.3608896352594051
496,0.9594964422550629,0.8624338624338624,1.5714285714285714,7.0,0.8181818181818182,0.6251790462631452,0.4793278809493071,0.9901477832512315,0.9417989417989417,0.7857142857142857,3.0,0.8181818181818182,0.6251790462631452,0.4793278809493071
497,0.9649698960043787,0.8730158730158729,1.3571428571428572,6.0,0.8181818181818182,0.5595863393296736,0.3459016839904533,0.9808429118773946,0.9206349206349207,0.9285714285714286,6.0,0.8181818181818182,0.5595863393296736,0.3459016839904533
498,0.9857690202517788,0.9312169312169312,0.7857142857142857,5.0,1.0,0.45869687125012265,0.3022608902710621,0.9781061850027366,0.9153439153439152,1.0,7.0,0.6666666666666666,0.45869687125012265,0.3022608902710621
499,0.9660645867542419,0.8412698412698412,1.5714285714285714,5.0,0.6666666666666666,0.5836903198081715,0.3619293111799725,0.9857690202517788,0.9206349206349207,0.7857142857142857,4.0,1.0,0.5836903198081715,0.3619293111799725
500,0.9644225506294472,0.857142857142857,1.4285714285714286,7.0,0.6666666666666666,0.6123262001399878,0.43967700865153236,0.9989053092501368,0.9894179894179893,0.14285714285714285,1.0,1.0,0.6123262001399878,0.43967700865153236
501,0.9715380405035577,0.8677248677248677,1.2857142857142858,5.0,0.6666666666666666,0.5553051028981418,0.35371481737556026,0.9928845101258894,0.9682539682539683,0.42857142857142855,4.0,1.0,0.5553051028981418,0.35371481737556026
502,0.9594964422550629,0.8624338624338624,1.5714285714285714,7.0,0.8181818181818182,0.664676251212851,0.5151055024368744,0.9901477832512315,0.9417989417989417,0.7857142857142857,3.0,0.8181818181818182,0.664676251212851,0.5151055024368744
503,0.962233169129721,0.8465608465608466,1.5714285714285714,7.0,0.6666666666666666,0.6149969239066218,0.4433911928004025,0.9912424740010948,0.947089947089947,0.6428571428571429,3.0,1.0,0.6149969239066218,0.4433911928004025
504,0.9660645867542419,0.8677248677248677,1.3571428571428572,7.0,0.6666666666666666,0.592197291397023,0.44232393647611834,0.9989053092501368,0.9894179894179893,0.14285714285714285,1.0,1.0,0.592197291397023,0.44232393647611834
505,0.9600437876299945,0.8518518518518519,1.5,7.0,0.6666666666666666,0.6143660678295972,0.43524175178596014,0.9978106185002736,0.9841269841269842,0.21428571428571427,2.0,1.0,0.6143660678295972,0.43524175178596014
506,0.9649698960043787,0.8677248677248677,1.4285714285714286,7.0,0.8181818181818182,0.5811409729715564,0.4344367597311582,0.994526546250684,0.9576719576719577,0.5714285714285714,2.0,0.8181818181818182,0.5811409729715564,0.4344367597311582
507,0.967159277504105,0.8783068783068783,1.2857142857142858,7.0,0.8181818181818182,0.6856622140257815,0.5335704955053515,0.9978106185002736,0.9788359788359787,0.2857142857142857,1.0,0.8181818181818182,0.6856622140257815,0.5335704955053515
508,0.9715380405035577,0.8624338624338624,1.5,5.0,0.6666666666666666,0.5612772560310266,0.36814833056237245,0.9901477832512315,0.9523809523809524,0.5,4.0,1.0,0.5612772560310266,0.36814833056237245
509,0.962233169129721,0.8465608465608466,1.5714285714285714,7.0,0.6666666666666666,0.5842368707380483,0.41352052844886605,0.9912424740010948,0.947089947089947,0.6428571428571429,3.0,1.0,0.5842368707380483,0.41352052844886605
510,0.9781061850027366,0.8888888888888887,1.1428571428571428,5.0,0.6666666666666666,0.49018990461001327,0.3537349079955374,0.9934318555008209,0.9682539682539683,0.42857142857142855,4.0,1.0,0.49018990461001327,0.3537349079955374
511,0.9551176792556102,0.8412698412698412,1.6428571428571428,7.0,0.6666666666666666,0.6807637123361487,0.4561247164024572,0.996168582375479,0.9735449735449735,0.35714285714285715,2.0,1.0,0.6807637123361487,0.4561247164024572
512,0.9693486590038315,0.8888888888888887,1.2142857142857142,7.0,0.8181818181818182,0.5591351226024648,0.44938364783444046,0.9956212370005473,0.9682539682539683,0.42857142857142855,2.0,0.8181818181818182,0.5591351226024648,0.44938364783444046
513,0.967159277504105,0.8783068783068783,1.2857142857142858,7.0,0.8181818181818182,0.5717077474106198,0.4233966121645124,0.9978106185002736,0.9788359788359787,0.2857142857142857,1.0,0.8181818181818182,0.5717077474106198,0.4233966121645124
514,0.9584017515051997,0.8518518518518519,1.5,7.0,0.8181818181818182,0.61471967479252,0.42206711565796173,0.9950738916256158,0.9629629629629629,0.5,2.0,0.8181818181818182,0.61471967479252,0.42206711565796173
515,0.962233169129721,0.8465608465608466,1.5714285714285714,7.0,0.6666666666666666,0.6453631077117663,0.4661453359434452,0.9912424740010948,0.947089947089947,0.6428571428571429,3.0,1.0,0.6453631077117663,0.4661453359434452
516,0.9666119321291735,0.8677248677248677,1.3571428571428572,7.0,0.6666666666666666,0.6759795705908973,0.5163711750400352,0.9978106185002736,0.9788359788359787,0.2857142857142857,1.0,1.0,0.6759795705908973,0.5163711750400352
517,0.9792008757525997,0.8994708994708994,1.0714285714285714,5.0,0.8181818181818182,0.5149755186206613,0.3705484250012167,0.9923371647509577,0.9576719576719577,0.5,4.0,0.8181818181818182,0.5149755186206613,0.3705484250012167
518,0.9600437876299945,0.8518518518518519,1.5,7.0,0.6666666666666666,0.6662913792228342,0.48148553906952124,0.9978106185002736,0.9841269841269842,0.21428571428571427,2.0,1.0,0.6662913792228342,0.48148553906952124
519,0.9781061850027366,0.9047619047619047,1.0,5.0,0.8181818181818182,0.5005926505694864,0.33148850571509053,0.9874110563765736,0.9417989417989417,0.7142857142857143,5.0,0.8181818181818182,0.5005926505694864,0.33148850571509053
520,0.9660645867542419,0.8730158730158729,1.4285714285714286,7.0,0.8181818181818182,0.5574158693741711,0.4241392317634947,0.9934318555008209,0.9523809523809524,0.6428571428571429,2.0,0.8181818181818182,0.5574158693741711,0.4241392317634947
521,0.9633278598795839,0.857142857142857,1.5,7.0,0.6666666666666666,0.5779888752915205,0.40369915915739196,0.9999999999999998,1.0,0.0,0.0,1.0,0.5779888752915205,0.40369915915739196
522,0.9649698960043787,0.8359788359788359,1.6428571428571428,5.0,0.6666666666666666,0.6087520228806473,0.36645629251358963,0.9863163656267103,0.9259259259259259,0.7142857142857143,4.0,1.0,0.6087520228806473,0.36645629251358963
523,0.9551176792556102,0.8412698412698412,1.5714285714285714,7.0,0.8181818181818182,0.7547341667134344,0.532765918549509,0.9950738916256158,0.9629629629629629,0.42857142857142855,2.0,0.8181818181818182,0.7547341667134344,0.532765918549509
524,0.9616858237547894,0.8412698412698412,1.5,7.0,0.6666666666666666,0.6534944194458946,0.45614654554845546,0.9928845101258894,0.9523809523809524,0.5,3.0,1.0,0.6534944194458946,0.45614654554845546
525,0.9704433497536945,0.8783068783068783,1.2857142857142858,6.0,0.6666666666666666,0.5452864247281999,0.39579824669309893,0.9972632731253421,0.9788359788359787,0.2857142857142857,2.0,1.0,0.5452864247281999,0.39579824669309893
526,0.9644225506294472,0.8518518518518519,1.5,5.0,0.6666666666666666,0.6255819548710395,0.4002630769847142,0.9923371647509577,0.9523809523809524,0.5714285714285714,3.0,1.0,0.6255819548710395,0.4002630769847142
527,0.9660645867542419,0.8677248677248677,1.3571428571428572,7.0,0.6666666666666666,0.5455597644656173,0.3985910783102336,0.9989053092501368,0.9894179894179893,0.14285714285714285,1.0,1.0,0.5455597644656173,0.3985910783102336
528,0.9677066228790366,0.8730158730158729,1.3571428571428572,7.0,0.6666666666666666,0.5519778871079823,0.4346358157081596,0.9950738916256158,0.9629629629629629,0.5,2.0,1.0,0.5519778871079823,0.4346358157081596
529,0.9594964422550629,0.8465608465608466,1.5,7.0,0.6666666666666666,0.6361007479489501,0.4422401306893229,0.9983579638752054,0.9894179894179893,0.14285714285714285,2.0,1.0,0.6361007479489501,0.4422401306893229
530,0.9638752052545155,0.8677248677248677,1.3571428571428572,7.0,0.8181818181818182,0.6118342955158531,0.4614728764829611,0.9978106185002736,0.9788359788359787,0.2857142857142857,1.0,0.8181818181818182,0.6118342955158531,0.4614728764829611
531,0.9666119321291735,0.8677248677248677,1.3571428571428572,7.0,0.6666666666666666,0.5793118898742136,0.4047711073593466,0.9978106185002736,0.9788359788359787,0.2857142857142857,1.0,1.0,0.5793118898742136,0.4047711073593466
532,0.9666119321291735,0.8730158730158729,1.3571428571428572,7.0,0.6666666666666666,0.5312422528569134,0.3951521348327561,0.9983579638752054,0.9841269841269842,0.21428571428571427,1.0,1.0,0.5312422528569134,0.3951521348327561
533,0.9644225506294472,0.8465608465608466,1.5714285714285714,6.0,0.6666666666666666,0.5814037074051679,0.3953101620726794,0.9917898193760263,0.947089947089947,0.6428571428571429,3.0,1.0,0.5814037074051679,0.3953101620726794
534,0.9808429118773946,0.9312169312169312,0.9285714285714286,7.0,0.8181818181818182,0.5999487972576094,0.4999743986288048,0.9841269841269842,0.9153439153439152,0.9285714285714286,3.0,0.8181818181818182,0.5999487972576094,0.4999743986288048
535,0.9693486590038315,0.8783068783068783,1.2857142857142858,5.0,0.8181818181818182,0.568717754765171,0.3464893726318374,0.983032293377121,0.9259259259259259,0.8571428571428571,6.0,0.8181818181818182,0.568717754765171,0.3464893726318374
536,0.960591133004926,0.8412698412698412,1.5714285714285714,5.0,0.8181818181818182,0.4359879789915613,0.38585755999098414,0.9430760810071154,0.8677248677248677,1.5714285714285714,11.0,0.8181818181818182,0.4359879789915613,0.38585755999098414
537,0.9698960043787629,0.8888888888888887,1.2857142857142858,7.0,0.8181818181818182,0.6258546463878681,0.5084282070034268,0.9939792008757526,0.9576719576719577,0.5714285714285714,2.0,0.8181818181818182,0.6258546463878681,0.5084282070034268
538,0.9693486590038315,0.8730158730158729,1.3571428571428572,6.0,0.6666666666666666,0.5599627353942986,0.3952060902795946,0.9972632731253421,0.9735449735449735,0.35714285714285715,1.0,1.0,0.5599627353942986,0.3952060902795946
539,0.9715380405035577,0.8783068783068783,1.2142857142857142,5.0,0.8181818181818182,0.5519794767620994,0.3833774912361532,0.9934318555008209,0.9576719576719577,0.5,3.0,0.8181818181818182,0.5519794767620994,0.3833774912361532
540,0.9594964422550629,0.8465608465608466,1.5,7.0,0.6666666666666666,0.6862222461210595,0.4957961443102974,0.9983579638752054,0.9894179894179893,0.14285714285714285,2.0,1.0,0.6862222461210595,0.4957961443102974
541,0.9786535303776682,0.8888888888888887,1.1428571428571428,5.0,0.6666666666666666,0.48983002275982707,0.34249435105667847,0.9923371647509577,0.9576719576719577,0.5714285714285714,4.0,1.0,0.48983002275982707,0.34249435105667847
542,0.9310344827586207,0.8253968253968254,2.0714285714285716,10.0,0.8181818181818182,0.5060064973302054,0.3575506532347079,0.8866995073891626,0.798941798941799,2.2142857142857144,13.0,0.6666666666666666,0.5060064973302054,0.3575506532347079
543,0.962233169129721,0.8518518518518519,1.5,6.0,0.6666666666666666,0.5924708239780623,0.4049059015554519,0.9978106185002736,0.9841269841269842,0.21428571428571427,2.0,1.0,0.5924708239780623,0.4049059015554519
544,0.9693486590038315,0.8888888888888887,1.2142857142857142,7.0,0.8181818181818182,0.5267004658041223,0.4102783972016671,0.9956212370005473,0.9682539682539683,0.42857142857142855,2.0,0.8181818181818182,0.5267004658041223,0.4102783972016671
545,0.9704433497536945,0.8941798941798942,1.2142857142857142,7.0,0.8181818181818182,0.5054988715907948,0.4194827559185516,0.994526546250684,0.9629629629629629,0.5,2.0,0.8181818181818182,0.5054988715907948,0.4194827559185516
546,0.9660645867542419,0.8518518518518519,1.5,5.0,0.6666666666666666,0.604716730049214,0.3587611343975593,0.986863711001642,0.9417989417989417,0.7142857142857143,5.0,1.0,0.604716730049214,0.3587611343975593
547,0.967159277504105,0.8518518518518519,1.5,5.0,0.8181818181818182,0.5633043031185159,0.35165122274743366,0.9797482211275315,0.91005291005291,0.9285714285714286,6.0,0.8181818181818182,0.5633043031185159,0.35165122274743366
548,0.9655172413793103,0.8624338624338624,1.4285714285714286,7.0,0.6666666666666666,0.6054871333597158,0.48109379066764413,0.9950738916256158,0.9629629629629629,0.5,2.0,1.0,0.6054871333597158,0.48109379066764413
549,0.9616858237547894,0.8518518518518519,1.5,7.0,0.6666666666666666,0.6339114089313354,0.45861161663632233,0.9994526546250683,0.9947089947089945,0.07142857142857142,1.0,1.0,0.6339114089313354,0.45861161663632233
550,0.9715380405035577,0.8730158730158729,1.3571428571428572,5.0,0.6666666666666666,0.5625594400705102,0.39069623857287317,0.9978106185002736,0.9841269841269842,0.21428571428571427,2.0,1.0,0.5625594400705102,0.39069623857287317
551,0.9627805145046523,0.8518518518518519,1.5,7.0,0.6666666666666666,0.6541124859633451,0.46540797201431944,0.994526546250684,0.9629629629629629,0.5,2.0,1.0,0.6541124859633451,0.46540797201431944
552,0.9649698960043787,0.8359788359788359,1.6428571428571428,5.0,0.6666666666666666,0.6140018118149897,0.3732634793646599,0.9863163656267103,0.9259259259259259,0.7142857142857143,4.0,1.0,0.6140018118149897,0.3732634793646599
553,0.9649698960043787,0.8677248677248677,1.4285714285714286,7.0,0.8181818181818182,0.656713735666473,0.5036079397677299,0.994526546250684,0.9576719576719577,0.5714285714285714,2.0,0.8181818181818182,0.656713735666473,0.5036079397677299
554,0.9649698960043787,0.857142857142857,1.4285714285714286,7.0,0.6666666666666666,0.5765689115080181,0.43062750292264323,0.996168582375479,0.9682539682539683,0.42857142857142855,2.0,1.0,0.5765689115080181,0.43062750292264323
555,0.9693486590038315,0.8624338624338624,1.3571428571428572,5.0,0.6666666666666666,0.5878599322297062,0.37393221828800194,0.9923371647509577,0.9629629629629629,0.5,4.0,1.0,0.5878599322297062,0.37393221828800194
556,0.9594964422550629,0.8465608465608466,1.5,7.0,0.6666666666666666,0.592109186672116,0.4123523845955344,0.9983579638752054,0.9894179894179893,0.14285714285714285,2.0,1.0,0.592109186672116,0.4123523845955344
557,0.9726327312534209,0.8994708994708994,1.2142857142857142,7.0,0.8181818181818182,0.5610432966861791,0.4706578700635818,0.9939792008757526,0.9576719576719577,0.5714285714285714,2.0,0.8181818181818182,0.5610432966861791,0.4706578700635818
558,0.9627805145046523,0.857142857142857,1.5,6.0,0.6666666666666666,0.583169069446944,0.40320061209197916,0.9972632731253421,0.9788359788359787,0.2857142857142857,2.0,1.0,0.583169069446944,0.40320061209197916
559,0.983032293377121,0.9153439153439152,0.8571428571428571,5.0,0.8181818181818182,0.43863072918831686,0.3290923818737975,0.9813902572523261,0.9312169312169312,0.9285714285714286,7.0,0.8181818181818182,0.43863072918831686,0.3290923818737975
560,0.9715380405035577,0.8677248677248677,1.2857142857142858,5.0,0.6666666666666666,0.5698104430848485,0.3700036349829638,0.9928845101258894,0.9682539682539683,0.42857142857142855,4.0,1.0,0.5698104430848485,0.3700036349829638
561,0.9649698960043787,0.8624338624338624,1.4285714285714286,7.0,0.6666666666666666,0.5999324303266023,0.4465185079596454,0.9994526546250683,0.9947089947089945,0.07142857142857142,1.0,1.0,0.5999324303266023,0.4465185079596454
562,0.9781061850027366,0.9047619047619047,1.0714285714285714,5.0,0.8181818181818182,0.4614295911025692,0.32580327640703227,0.9857690202517788,0.9417989417989417,0.6428571428571429,6.0,0.8181818181818182,0.4614295911025692,0.32580327640703227
563,0.9660645867542419,0.8677248677248677,1.3571428571428572,7.0,0.6666666666666666,0.5784322731694755,0.42199405793487926,0.9989053092501368,0.9894179894179893,0.14285714285714285,1.0,1.0,0.5784322731694755,0.42199405793487926
564,0.9660645867542419,0.8677248677248677,1.3571428571428572,7.0,0.6666666666666666,0.5689289620977039,0.42756168356352536,0.9989053092501368,0.9894179894179893,0.14285714285714285,1.0,1.0,0.5689289620977039,0.42756168356352536
565,0.9792008757525997,0.8994708994708994,1.0714285714285714,5.0,0.8181818181818182,0.49017540721115865,0.34708126984321613,0.9923371647509577,0.9576719576719577,0.5,4.0,0.8181818181818182,0.49017540721115865,0.34708126984321613
566,0.9666119321291735,0.8677248677248677,1.3571428571428572,7.0,0.6666666666666666,0.600646844004513,0.42827251669195754,0.9978106185002736,0.9788359788359787,0.2857142857142857,1.0,1.0,0.600646844004513,0.42827251669195754
567,0.9655172413793103,0.8518518518518519,1.5714285714285714,5.0,0.6666666666666666,0.5809168555103991,0.3849328448031869,0.9912424740010948,0.9523809523809524,0.5714285714285714,3.0,1.0,0.5809168555103991,0.3849328448031869
568,0.9589490968801313,0.8412698412698412,1.5714285714285714,7.0,0.6666666666666666,0.6783982103826836,0.4788997026663799,0.9978106185002736,0.9841269841269842,0.14285714285714285,2.0,1.0,0.6783982103826836,0.4788997026663799
569,0.9764641488779421,0.8888888888888887,1.2142857142857142,5.0,0.6666666666666666,0.49048255969330823,0.32833914860306473,0.9912424740010948,0.9682539682539683,0.42857142857142855,5.0,1.0,0.49048255969330823,0.32833914860306473
570,0.9792008757525997,0.8994708994708994,1.0714285714285714,5.0,0.8181818181818182,0.458147438368069,0.34197924728569157,0.9923371647509577,0.9576719576719577,0.5,4.0,0.8181818181818182,0.458147438368069,0.34197924728569157
571,0.967159277504105,0.8783068783068783,1.2857142857142858,7.0,0.8181818181818182,0.5656574605409899,0.4262081615947832,0.9978106185002736,0.9788359788359787,0.2857142857142857,1.0,0.8181818181818182,0.5656574605409899,0.4262081615947832
572,0.9698960043787629,0.8835978835978835,1.2142857142857142,7.0,0.6666666666666666,0.48945634312314384,0.39998470493420984,0.9950738916256158,0.9629629629629629,0.5,2.0,1.0,0.48945634312314384,0.39998470493420984
573,0.9507389162561576,0.8359788359788359,1.6428571428571428,7.0,0.8181818181818182,0.6870499761086162,0.442900130522048,0.9928845101258894,0.9576719576719577,0.5,3.0,0.8181818181818182,0.6870499761086162,0.442900130522048
574,0.9644225506294472,0.857142857142857,1.4285714285714286,7.0,0.6666666666666666,0.6090815393315617,0.43048761388749196,0.9989053092501368,0.9894179894179893,0.14285714285714285,1.0,1.0,0.6090815393315617,0.43048761388749196
575,0.9677066228790366,0.8730158730158729,1.3571428571428572,7.0,0.6666666666666666,0.525293450559827,0.41931425622096896,0.9950738916256158,0.9629629629629629,0.5,2.0,1.0,0.525293450559827,0.41931425622096896
576,0.9655172413793103,0.8624338624338624,1.4285714285714286,7.0,0.6666666666666666,0.5243376792943877,0.4095798195237017,0.9950738916256158,0.9629629629629629,0.5,2.0,1.0,0.5243376792943877,0.4095798195237017
577,0.9594964422550629,0.8465608465608466,1.5,7.0,0.6666666666666666,0.6524653002996639,0.45143888444575797,0.9983579638752054,0.9894179894179893,0.14285714285714285,2.0,1.0,0.6524653002996639,0.45143888444575797
578,0.9693486590038315,0.8624338624338624,1.3571428571428572,5.0,0.6666666666666666,0.568745865927569,0.3625818131171356,0.9923371647509577,0.9629629629629629,0.5,4.0,1.0,0.568745865927569,0.3625818131171356
579,0.9770114942528736,0.8783068783068783,1.2857142857142858,5.0,0.6666666666666666,0.5149570517500641,0.3647850827754589,0.990695128626163,0.947089947089947,0.6428571428571429,4.0,1.0,0.5149570517500641,0.3647850827754589
580,0.9649698960043787,0.8624338624338624,1.4285714285714286,7.0,0.6666666666666666,0.5913203837289662,0.4207389394518376,0.9994526546250683,0.9947089947089945,0.07142857142857142,1.0,1.0,0.5913203837289662,0.4207389394518376
581,0.9748221127531472,0.8941798941798942,1.1428571428571428,5.0,0.8181818181818182,0.517331394684392,0.34572384099660725,0.9852216748768472,0.9417989417989417,0.7142857142857143,6.0,0.8181818181818182,0.517331394684392,0.34572384099660725
582,0.9649698960043787,0.8465608465608466,1.6428571428571428,5.0,0.6666666666666666,0.5843522309540599,0.38546826899173126,0.9857690202517788,0.9259259259259259,0.8571428571428571,3.0,1.0,0.5843522309540599,0.38546826899173126
583,0.9649698960043787,0.8624338624338624,1.4285714285714286,7.0,0.6666666666666666,0.5870355140794904,0.4348518454111597,0.9994526546250683,0.9947089947089945,0.07142857142857142,1.0,1.0,0.5870355140794904,0.4348518454111597
584,0.9792008757525997,0.9206349206349207,1.0,7.0,0.8181818181818182,0.4337283254829958,0.38329168250085066,0.9857690202517788,0.9153439153439152,0.9285714285714286,3.0,0.8181818181818182,0.4337283254829958,0.38329168250085066
585,0.9693486590038315,0.8624338624338624,1.4285714285714286,5.0,0.8181818181818182,0.5276005255407918,0.37916211399763583,0.9638752052545155,0.8677248677248677,1.5,7.0,0.8181818181818182,0.5276005255407918,0.37916211399763583
586,0.9704433497536945,0.8941798941798942,1.2142857142857142,7.0,0.8181818181818182,0.5608619710293994,0.46288337408600355,0.994526546250684,0.9629629629629629,0.5,2.0,0.8181818181818182,0.5608619710293994,0.46288337408600355
587,0.9644225506294472,0.857142857142857,1.5,7.0,0.6666666666666666,0.6400056643256422,0.48805103560931506,0.9934318555008209,0.9576719576719577,0.5714285714285714,2.0,1.0,0.6400056643256422,0.48805103560931506
588,0.9594964422550629,0.8465608465608466,1.5,7.0,0.6666666666666666,0.6154673224349557,0.4293273415304284,0.9983579638752054,0.9894179894179893,0.14285714285714285,2.0,1.0,0.6154673224349557,0.4293273415304284
589,0.9770114942528736,0.91005291005291,1.1428571428571428,7.0,0.8181818181818182,0.47417715794412335,0.41155509653614647,0.9901477832512315,0.9365079365079365,0.7142857142857143,3.0,0.8181818181818182,0.47417715794412335,0.41155509653614647
590,0.9846743295019157,0.9206349206349207,1.0714285714285714,3.0,1.0,0.39999999999999997,0.30646547327802404,0.9589490968801313,0.8730158730158729,1.4285714285714286,9.0,0.6666666666666666,0.39999999999999997,0.30646547327802404
591,0.9748221127531472,0.8888888888888887,1.2142857142857142,5.0,0.6666666666666666,0.5092184811245204,0.3818298526745044,0.996168582375479,0.9682539682539683,0.35714285714285715,2.0,1.0,0.5092184811245204,0.3818298526745044
592,0.9616858237547894,0.8624338624338624,1.3571428571428572,7.0,0.8181818181818182,0.6483195092804167,0.46294655791684963,0.9967159277504104,0.9735449735449735,0.35714285714285715,2.0,0.8181818181818182,0.6483195092804167,0.46294655791684963
593,0.9616858237547894,0.8306878306878307,1.7142857142857142,5.0,0.6666666666666666,0.6022020921147544,0.35152070844622524,0.983032293377121,0.9206349206349207,0.8571428571428571,5.0,1.0,0.6022020921147544,0.35152070844622524
594,0.9764641488779421,0.8888888888888887,1.2142857142857142,5.0,0.6666666666666666,0.5185524094562487,0.3816867055576648,0.9950738916256158,0.9682539682539683,0.35714285714285715,3.0,1.0,0.5185524094562487,0.3816867055576648
595,0.9775588396278051,0.8941798941798942,1.2142857142857142,5.0,0.8181818181818182,0.4787825454301692,0.3230634159359597,0.9797482211275315,0.91005291005291,1.0714285714285714,6.0,0.8181818181818182,0.4787825454301692,0.3230634159359597
596,0.9704433497536945,0.8941798941798942,1.2142857142857142,7.0,0.8181818181818182,0.610332150161687,0.49551855053711197,0.994526546250684,0.9629629629629629,0.5,2.0,0.8181818181818182,0.610332150161687,0.49551855053711197
597,0.9775588396278051,0.8835978835978835,1.2857142857142858,5.0,0.6666666666666666,0.4911123648709756,0.36421359831895966,0.9896004378762999,0.9417989417989417,0.7142857142857143,4.0,1.0,0.4911123648709756,0.36421359831895966
598,0.9731800766283524,0.857142857142857,1.4285714285714286,5.0,0.6666666666666666,0.5508439250789403,0.35585423765066115,0.9863163656267103,0.9259259259259259,0.7857142857142857,4.0,1.0,0.5508439250789403,0.35585423765066115
599,0.9715380405035577,0.8835978835978835,1.2142857142857142,7.0,0.6666666666666666,0.5812321338404385,0.48677174494799985,0.9901477832512315,0.9417989417989417,0.7857142857142857,3.0,1.0,0.5812321338404385,0.48677174494799985
600,0.9737274220032841,0.8835978835978835,1.1428571428571428,5.0,0.8181818181818182,0.5444398802050707,0.3771426711126271,0.9896004378762999,0.9417989417989417,0.7142857142857143,4.0,0.8181818181818182,0.5444398802050707,0.3771426711126271
601,0.9704433497536945,0.8888888888888887,1.1428571428571428,7.0,0.8181818181818182,0.5703877350036495,0.47393948821981124,0.996168582375479,0.9682539682539683,0.42857142857142855,2.0,0.8181818181818182,0.5703877350036495,0.47393948821981124
602,0.9775588396278051,0.8835978835978835,1.2142857142857142,5.0,0.6666666666666666,0.4832957647950911,0.33724785700632104,0.9917898193760263,0.9523809523809524,0.5714285714285714,4.0,1.0,0.4832957647950911,0.33724785700632104
603,0.9594964422550629,0.8465608465608466,1.5,7.0,0.6666666666666666,0.6831820208337938,0.49939961730186766,0.9983579638752054,0.9894179894179893,0.14285714285714285,2.0,1.0,0.6831820208337938,0.49939961730186766
604,0.9693486590038315,0.8730158730158729,1.2857142857142858,5.0,0.8181818181818182,0.47042041044245536,0.3686909477796631,0.9627805145046523,0.91005291005291,1.2142857142857142,10.0,0.8181818181818182,0.47042041044245536,0.3686909477796631
605,0.9715380405035577,0.8783068783068783,1.2142857142857142,5.0,0.8181818181818182,0.5792603571110002,0.3987714084632975,0.9934318555008209,0.9576719576719577,0.5,3.0,0.8181818181818182,0.5792603571110002,0.3987714084632975
606,0.9786535303776682,0.8888888888888887,1.1428571428571428,5.0,0.6666666666666666,0.5160110151041217,0.36632355710153086,0.9923371647509577,0.9576719576719577,0.5714285714285714,4.0,1.0,0.5160110151041217,0.36632355710153086
607,0.9770114942528736,0.8941798941798942,1.1428571428571428,5.0,0.8181818181818182,0.5162407267967071,0.37640567854370616,0.994526546250684,0.9629629629629629,0.42857142857142855,3.0,0.8181818181818182,0.5162407267967071,0.37640567854370616
608,0.9813902572523261,0.91005291005291,0.9285714285714286,5.0,0.8181818181818182,0.44609117438481627,0.34659037353802297,0.983032293377121,0.947089947089947,0.7142857142857143,7.0,0.8181818181818182,0.44609117438481627,0.34659037353802297
609,0.9540229885057472,0.8465608465608466,1.7142857142857142,7.0,0.8181818181818182,0.4747561301358335,0.37132631274224054,0.9315818281335522,0.8518518518518519,1.7142857142857142,11.0,0.6666666666666666,0.4747561301358335,0.37132631274224054
610,0.9655172413793103,0.8730158730158729,1.3571428571428572,7.0,0.8181818181818182,0.6243371971222083,0.46620411506295495,0.9983579638752054,0.9841269841269842,0.21428571428571427,1.0,0.8181818181818182,0.6243371971222083,0.46620411506295495
611,0.9655172413793103,0.8412698412698412,1.6428571428571428,5.0,0.6666666666666666,0.555039445132878,0.34626942106714076,0.9835796387520527,0.9206349206349207,0.7857142857142857,5.0,1.0,0.555039445132878,0.34626942106714076
612,0.9616858237547894,0.8624338624338624,1.3571428571428572,7.0,0.8181818181818182,0.6344155099499016,0.4545920429559024,0.9967159277504104,0.9735449735449735,0.35714285714285715,2.0,0.8181818181818182,0.6344155099499016,0.4545920429559024
613,0.962233169129721,0.8465608465608466,1.5714285714285714,7.0,0.6666666666666666,0.5926648208241845,0.4234134518429924,0.9934318555008209,0.9576719576719577,0.5714285714285714,2.0,1.0,0.5926648208241845,0.4234134518429924
614,0.9748221127531472,0.8835978835978835,1.2142857142857142,5.0,0.8181818181818182,0.5351479368062009,0.37024558647531225,0.9912424740010948,0.9417989417989417,0.7142857142857143,3.0,0.8181818181818182,0.5351479368062009,0.37024558647531225
615,0.9551176792556102,0.8412698412698412,1.5714285714285714,7.0,0.8181818181818182,0.662765247017953,0.4525969390009505,0.9950738916256158,0.9629629629629629,0.42857142857142855,2.0,0.8181818181818182,0.662765247017953,0.4525969390009505
616,0.9436234263820471,0.8148148148148148,1.8571428571428572,6.0,0.8181818181818182,0.5008717512239316,0.41451647590092855,0.9282977558839628,0.8412698412698412,1.8571428571428572,12.0,0.8181818181818182,0.5008717512239316,0.41451647590092855
617,0.9649698960043787,0.8677248677248677,1.4285714285714286,7.0,0.6666666666666666,0.6224089642812916,0.4600309956126859,0.9989053092501368,0.9894179894179893,0.14285714285714285,1.0,1.0,0.6224089642812916,0.4600309956126859
618,0.9616858237547894,0.8624338624338624,1.3571428571428572,7.0,0.8181818181818182,0.5778513672824577,0.4130665670689224,0.9967159277504104,0.9735449735449735,0.35714285714285715,2.0,0.8181818181818182,0.5778513672824577,0.4130665670689224
619,0.9737274220032841,0.8835978835978835,1.1428571428571428,5.0,0.8181818181818182,0.5256560571214675,0.35329859226028903,0.9912424740010948,0.9523809523809524,0.5714285714285714,4.0,0.8181818181818182,0.5256560571214675,0.35329859226028903
620,0.9638752052545155,0.8677248677248677,1.3571428571428572,7.0,0.8181818181818182,0.6388446109721069,0.46953202573771136,0.9978106185002736,0.9788359788359787,0.2857142857142857,1.0,0.8181818181818182,0.6388446109721069,0.46953202573771136
621,0.9545703338806788,0.8359788359788359,1.6428571428571428,7.0,0.6666666666666666,0.656919591226284,0.42430050963837473,0.9956212370005473,0.9682539682539683,0.35714285714285715,2.0,1.0,0.656919591226284,0.42430050963837473
622,0.9660645867542419,0.8412698412698412,1.5714285714285714,5.0,0.6666666666666666,0.5786456716984376,0.34518934814704993,0.9819376026272578,0.91005291005291,0.9285714285714286,5.0,1.0,0.5786456716984376,0.34518934814704993
623,0.9704433497536945,0.8941798941798942,1.2142857142857142,7.0,0.8181818181818182,0.4794983905103179,0.4001902113434222,0.994526546250684,0.9629629629629629,0.5,2.0,0.8181818181818182,0.4794983905103179,0.4001902113434222
624,0.9824849480021893,0.91005291005291,0.9285714285714286,5.0,0.8181818181818182,0.4292375250821523,0.3222743827047766,0.980295566502463,0.9259259259259259,1.0,7.0,0.8181818181818182,0.4292375250821523,0.3222743827047766
625,0.9594964422550629,0.8465608465608466,1.5,7.0,0.6666666666666666,0.7311292539694079,0.5321860874104302,0.9983579638752054,0.9894179894179893,0.14285714285714285,2.0,1.0,0.7311292539694079,0.5321860874104302
626,0.9720853858784892,0.8730158730158729,1.2857142857142858,5.0,0.6666666666666666,0.5565594010003678,0.3633936809427831,0.9923371647509577,0.9629629629629629,0.5,4.0,1.0,0.5565594010003678,0.3633936809427831
627,0.9808429118773946,0.9047619047619047,1.0,5.0,0.8181818181818182,0.4772496067159016,0.331692648763579,0.9857690202517788,0.9417989417989417,0.7857142857142857,6.0,0.8181818181818182,0.4772496067159016,0.331692648763579
628,0.9551176792556102,0.8201058201058201,1.7857142857142858,7.0,0.6666666666666666,0.639371174520573,0.4225286045323658,0.9879584017515052,0.9312169312169312,0.6428571428571429,4.0,1.0,0.639371174520573,0.4225286045323658
629,0.9693486590038315,0.8888888888888887,1.2142857142857142,7.0,0.8181818181818182,0.5140330135475772,0.40571718697561054,0.9956212370005473,0.9682539682539683,0.42857142857142855,2.0,0.8181818181818182,0.5140330135475772,0.40571718697561054
630,0.9649698960043787,0.8677248677248677,1.4285714285714286,7.0,0.6666666666666666,0.5867926214669155,0.42615046111092897,0.9989053092501368,0.9894179894179893,0.14285714285714285,1.0,1.0,0.5867926214669155,0.42615046111092897
631,0.9715380405035577,0.8677248677248677,1.2857142857142858,5.0,0.6666666666666666,0.5592241215998579,0.3584927923053149,0.9928845101258894,0.9682539682539683,0.42857142857142855,4.0,1.0,0.5592241215998579,0.3584927923053149
632,0.9644225506294472,0.857142857142857,1.4285714285714286,7.0,0.6666666666666666,0.6584778013238688,0.47714358676316376,0.9956212370005473,0.9682539682539683,0.42857142857142855,2.0,1.0,0.6584778013238688,0.47714358676316376
633,0.9666119321291735,0.8677248677248677,1.3571428571428572,7.0,0.6666666666666666,0.5915845860361428,0.4495909494937806,0.9978106185002736,0.9788359788359787,0.2857142857142857,1.0,1.0,0.5915845860361428,0.4495909494937806
634,0.9759168035030105,0.8888888888888887,1.1428571428571428,5.0,0.8181818181818182,0.4995210317610352,0.3466362928577423,0.9923371647509577,0.9576719576719577,0.5,4.0,0.8181818181818182,0.4995210317610352,0.3466362928577423
635,0.9682539682539683,0.8677248677248677,1.3571428571428572,6.0,0.6666666666666666,0.5562750368504961,0.3915285880993196,0.9967159277504104,0.9682539682539683,0.42857142857142855,1.0,1.0,0.5562750368504961,0.3915285880993196
636,0.9490968801313627,0.8042328042328042,2.0,7.0,0.6666666666666666,0.6890666837053363,0.45601382539919083,0.9813902572523261,0.9047619047619047,1.0714285714285714,3.0,1.0,0.6890666837053363,0.45601382539919083
637,0.9693486590038315,0.8730158730158729,1.3571428571428572,6.0,0.6666666666666666,0.5222075691189294,0.3833929829221069,0.9972632731253421,0.9735449735449735,0.35714285714285715,1.0,1.0,0.5222075691189294,0.3833929829221069
638,0.9731800766283524,0.8783068783068783,1.1428571428571428,5.0,0.8181818181818182,0.43563415807345085,0.35895275347574274,0.9737274220032841,0.9259259259259259,1.0,8.0,0.8181818181818182,0.43563415807345085,0.35895275347574274
639,0.9759168035030105,0.8888888888888887,1.1428571428571428,5.0,0.8181818181818182,0.5187166019635254,0.34982968913528184,0.990695128626163,0.947089947089947,0.6428571428571429,4.0,0.8181818181818182,0.5187166019635254,0.34982968913528184
640,0.9649698960043787,0.8624338624338624,1.4285714285714286,7.0,0.6666666666666666,0.6517082358483566,0.48790073387769967,0.9994526546250683,0.9947089947089945,0.07142857142857142,1.0,1.0,0.6517082358483566,0.48790073387769967
641,0.9775588396278051,0.9047619047619047,1.0,5.0,0.8181818181818182,0.51804454996572,0.32873826246230925,0.9792008757525997,0.9206349206349207,0.9285714285714286,7.0,0.8181818181818182,0.51804454996572,0.32873826246230925
642,0.9562123700054733,0.8306878306878307,1.7142857142857142,6.0,0.6666666666666666,0.6685560424312105,0.4231890959262081,0.994526546250684,0.9629629629629629,0.5,2.0,1.0,0.6685560424312105,0.4231890959262081
643,0.9677066228790366,0.8624338624338624,1.3571428571428572,5.0,0.8181818181818182,0.5700791177996614,0.36382714552547535,0.983032293377121,0.9312169312169312,0.8571428571428571,6.0,0.8181818181818182,0.5700791177996614,0.36382714552547535
644,0.9611384783798578,0.857142857142857,1.5,7.0,0.8181818181818182,0.629492973301042,0.46758829447315214,0.994526546250684,0.9576719576719577,0.5714285714285714,2.0,0.8181818181818182,0.629492973301042,0.46758829447315214
645,0.9786535303776682,0.9206349206349207,1.0714285714285714,7.0,0.8181818181818182,0.4454018167115006,0.4015135675944404,0.9901477832512315,0.9365079365079365,0.7142857142857143,3.0,0.8181818181818182,0.4454018167115006,0.4015135675944404
646,0.9770114942528736,0.8888888888888887,1.2142857142857142,5.0,0.8181818181818182,0.4758630426660919,0.3348620566718418,0.9808429118773946,0.9153439153439152,1.0,6.0,0.8181818181818182,0.4758630426660919,0.3348620566718418
647,0.9797482211275315,0.91005291005291,1.0,5.0,0.8181818181818182,0.4612651587752615,0.32497175468740347,0.9819376026272578,0.9365079365079365,0.7142857142857143,7.0,0.8181818181818182,0.4612651587752615,0.32497175468740347
648,0.9666119321291735,0.8677248677248677,1.3571428571428572,7.0,0.6666666666666666,0.556768201725365,0.40096132983138716,0.9978106185002736,0.9788359788359787,0.2857142857142857,1.0,1.0,0.556768201725365,0.40096132983138716
649,0.9759168035030105,0.8888888888888887,1.1428571428571428,5.0,0.8181818181818182,0.5128828853304025,0.3563997255309199,0.9923371647509577,0.9576719576719577,0.5,4.0,0.8181818181818182,0.5128828853304025,0.3563997255309199
650,0.9666119321291735,0.8730158730158729,1.3571428571428572,7.0,0.6666666666666666,0.5917405359425096,0.43680755827747497,0.9983579638752054,0.9841269841269842,0.21428571428571427,1.0,1.0,0.5917405359425096,0.43680755827747497
651,0.962233169129721,0.8465608465608466,1.5,7.0,0.6666666666666666,0.6709936699021073,0.4799543092503075,0.9934318555008209,0.9576719576719577,0.5,3.0,1.0,0.6709936699021073,0.4799543092503075
652,0.9759168035030105,0.8888888888888887,1.1428571428571428,5.0,0.8181818181818182,0.5049555007788493,0.3463413259168761,0.9923371647509577,0.9576719576719577,0.5,4.0,0.8181818181818182,0.5049555007788493,0.3463413259168761
653,0.9704433497536945,0.8941798941798942,1.2142857142857142,7.0,0.8181818181818182,0.7063233329529282,0.5531616664764641,0.994526546250684,0.9629629629629629,0.5,2.0,0.8181818181818182,0.7063233329529282,0.5531616664764641
654,0.9655172413793103,0.857142857142857,1.5,6.0,0.6666666666666666,0.5744909080623555,0.39335581067371556,0.9989053092501368,0.9894179894179893,0.14285714285714285,1.0,1.0,0.5744909080623555,0.39335581067371556
655,0.9698960043787629,0.8888888888888887,1.2857142857142858,7.0,0.8181818181818182,0.6044314866117549,0.49277939116151104,0.9939792008757526,0.9576719576719577,0.5714285714285714,2.0,0.8181818181818182,0.6044314866117549,0.49277939116151104
656,0.9534756431308156,0.8253968253968254,1.7142857142857142,7.0,0.6666666666666666,0.7378686056148003,0.47488408219821254,0.9939792008757526,0.9576719576719577,0.5,2.0,1.0,0.7378686056148003,0.47488408219821254
657,0.9704433497536945,0.8730158730158729,1.2857142857142858,5.0,0.8181818181818182,0.5439360262385482,0.3522987598401191,0.9896004378762999,0.9417989417989417,0.7142857142857143,4.0,0.8181818181818182,0.5439360262385482,0.3522987598401191
658,0.9742747673782157,0.8888888888888887,1.1428571428571428,5.0,0.8181818181818182,0.5040013887788876,0.32908152207588615,0.9857690202517788,0.947089947089947,0.7142857142857143,6.0,0.8181818181818182,0.5040013887788876,0.32908152207588615
659,0.9589490968801313,0.8412698412698412,1.5714285714285714,7.0,0.6666666666666666,0.6923758451153701,0.4994075967583234,0.9978106185002736,0.9841269841269842,0.14285714285714285,2.0,1.0,0.6923758451153701,0.4994075967583234
660,0.9534756431308156,0.8148148148148148,1.7142857142857142,7.0,0.6666666666666666,0.6581726695339185,0.42524766266776215,0.9901477832512315,0.9365079365079365,0.6428571428571429,3.0,1.0,0.6581726695339185,0.42524766266776215
661,0.962233169129721,0.8412698412698412,1.5714285714285714,5.0,0.8181818181818182,0.5917765169234996,0.39030023847859674,0.9764641488779421,0.8994708994708994,1.1428571428571428,6.0,0.8181818181818182,0.5917765169234996,0.39030023847859674
662,0.9616858237547894,0.8306878306878307,1.7142857142857142,5.0,0.6666666666666666,0.600449131151062,0.3729799730197956,0.9841269841269842,0.9206349206349207,0.8571428571428571,4.0,1.0,0.600449131151062,0.3729799730197956
663,0.9704433497536945,0.8941798941798942,1.2142857142857142,7.0,0.8181818181818182,0.5222252127216516,0.4339921902095532,0.994526546250684,0.9629629629629629,0.5,2.0,0.8181818181818182,0.5222252127216516,0.4339921902095532
664,0.9764641488779421,0.8994708994708994,1.0714285714285714,5.0,0.8181818181818182,0.49574757187083857,0.344697579822853,0.9813902572523261,0.9365079365079365,0.7857142857142857,7.0,0.8181818181818182,0.49574757187083857,0.344697579822853
665,0.9693486590038315,0.8783068783068783,1.2857142857142858,5.0,0.8181818181818182,0.5341259615474725,0.34759666043185716,0.9841269841269842,0.9365079365079365,0.8571428571428571,6.0,0.8181818181818182,0.5341259615474725,0.34759666043185716
666,0.9573070607553366,0.8412698412698412,1.5714285714285714,7.0,0.6666666666666666,0.6992378937276202,0.4902159986597818,0.9978106185002736,0.9841269841269842,0.21428571428571427,2.0,1.0,0.6992378937276202,0.4902159986597818
667,0.9704433497536945,0.8941798941798942,1.2142857142857142,7.0,0.8181818181818182,0.588157013927127,0.4706273991133882,0.994526546250684,0.9629629629629629,0.5,2.0,0.8181818181818182,0.588157013927127,0.4706273991133882
668,0.9627805145046523,0.8465608465608466,1.4285714285714286,6.0,0.8181818181818182,0.5585857380598942,0.4080936800941078,0.9616858237547894,0.8941798941798942,1.2142857142857142,10.0,0.8181818181818182,0.5585857380598942,0.4080936800941078
669,0.9496442255062943,0.8306878306878307,1.7857142857142858,8.0,0.8181818181818182,0.44945707259505674,0.3847980625421207,0.9288451012588943,0.8677248677248677,1.6428571428571428,11.0,0.6666666666666666,0.44945707259505674,0.3847980625421207
670,0.9616858237547894,0.8412698412698412,1.5714285714285714,7.0,0.6666666666666666,0.5960748541992535,0.4147356536476257,0.9923371647509577,0.9523809523809524,0.5714285714285714,3.0,1.0,0.5960748541992535,0.4147356536476257
671,0.9786535303776682,0.8941798941798942,1.2142857142857142,5.0,0.6666666666666666,0.4638926482877774,0.311252870174753,0.9863163656267103,0.9312169312169312,0.8571428571428571,5.0,1.0,0.4638926482877774,0.311252870174753
672,0.960591133004926,0.8306878306878307,1.6428571428571428,5.0,0.6666666666666666,0.618910805434572,0.39518605710995625,0.9917898193760263,0.9523809523809524,0.5714285714285714,3.0,1.0,0.618910805434572,0.39518605710995625
673,0.9507389162561576,0.8359788359788359,1.6428571428571428,7.0,0.8181818181818182,0.6688721644262794,0.44179424746636575,0.9928845101258894,0.9576719576719577,0.5,3.0,0.8181818181818182,0.6688721644262794,0.44179424746636575
674,0.9589490968801313,0.8412698412698412,1.5714285714285714,7.0,0.6666666666666666,0.6894239874083785,0.4944270387998555,0.9978106185002736,0.9841269841269842,0.14285714285714285,2.0,1.0,0.6894239874083785,0.4944270387998555
675,0.9638752052545155,0.8677248677248677,1.3571428571428572,7.0,0.8181818181818182,0.5670450902001785,0.40757637484503983,0.9978106185002736,0.9788359788359787,0.2857142857142857,1.0,0.8181818181818182,0.5670450902001785,0.40757637484503983
676,0.9682539682539683,0.8730158730158729,1.2857142857142858,5.0,0.8181818181818182,0.5765743889853385,0.3999937020243381,0.9950738916256158,0.9629629629629629,0.42857142857142855,2.0,0.8181818181818182,0.5765743889853385,0.3999937020243381
677,0.9726327312534209,0.8783068783068783,1.2142857142857142,5.0,0.6666666666666666,0.5151299820589414,0.3346598547391093,0.9896004378762999,0.9576719576719577,0.5714285714285714,5.0,1.0,0.5151299820589414,0.3346598547391093
678,0.9638752052545155,0.8412698412698412,1.6428571428571428,5.0,0.6666666666666666,0.5919693814472125,0.38606160306897974,0.9885057471264367,0.9312169312169312,0.7142857142857143,3.0,1.0,0.5919693814472125,0.38606160306897974
679,0.9835796387520527,0.9523809523809524,0.6428571428571429,7.0,0.8181818181818182,0.455652020499896,0.42782601024994793,0.9797482211275315,0.9047619047619047,1.0,5.0,0.8181818181818182,0.455652020499896,0.42782601024994793
680,0.9666119321291735,0.8677248677248677,1.3571428571428572,7.0,0.6666666666666666,0.5926400782970194,0.4379871090312169,0.9978106185002736,0.9788359788359787,0.2857142857142857,1.0,1.0,0.5926400782970194,0.4379871090312169
681,0.9770114942528736,0.8783068783068783,1.2857142857142858,5.0,0.6666666666666666,0.4887944126065235,0.3384078921431863,0.990695128626163,0.947089947089947,0.6428571428571429,4.0,1.0,0.4887944126065235,0.3384078921431863
682,0.7110016420361247,0.5978835978835979,4.428571428571429,21.0,0.6666666666666666,0.8,0.4217765565969991,0.6469622331691298,0.5925925925925926,4.642857142857143,22.0,0.5384615384615384,0.8,0.4217765565969991
683,0.9737274220032841,0.8835978835978835,1.2142857142857142,5.0,0.8181818181818182,0.5547770284188438,0.39344696994204,0.994526546250684,0.9629629629629629,0.42857142857142855,3.0,0.8181818181818182,0.5547770284188438,0.39344696994204
684,0.9616858237547894,0.8518518518518519,1.5,7.0,0.6666666666666666,0.5849041310048979,0.4074041598563322,0.9994526546250683,0.9947089947089945,0.07142857142857142,1.0,1.0,0.5849041310048979,0.4074041598563322
685,0.9518336070060207,0.8412698412698412,1.7142857142857142,7.0,0.8181818181818182,0.6522903499875725,0.47844193948800495,0.9901477832512315,0.9417989417989417,0.7142857142857143,3.0,0.8181818181818182,0.6522903499875725,0.47844193948800495
686,0.9666119321291735,0.8677248677248677,1.3571428571428572,7.0,0.6666666666666666,0.6332818515497907,0.4649665638158383,0.9978106185002736,0.9788359788359787,0.2857142857142857,1.0,1.0,0.6332818515497907,0.4649665638158383
687,0.9649698960043787,0.8518518518518519,1.4285714285714286,5.0,0.8181818181818182,0.5620310342311154,0.37783616189895763,0.9792008757525997,0.91005291005291,1.0714285714285714,6.0,0.8181818181818182,0.5620310342311154,0.37783616189895763
688,0.9644225506294472,0.8465608465608466,1.5714285714285714,6.0,0.6666666666666666,0.5799622038870261,0.39398493218494784,0.9901477832512315,0.9365079365079365,0.7142857142857143,3.0,1.0,0.5799622038870261,0.39398493218494784
689,0.9660645867542419,0.8783068783068783,1.2857142857142858,7.0,0.8181818181818182,0.5713004536156119,0.43418849797382597,0.9956212370005473,0.9682539682539683,0.42857142857142855,2.0,0.8181818181818182,0.5713004536156119,0.43418849797382597
690,0.9573070607553366,0.8412698412698412,1.5714285714285714,7.0,0.6666666666666666,0.6831575979708853,0.46718539544910787,0.9978106185002736,0.9841269841269842,0.21428571428571427,2.0,1.0,0.6831575979708853,0.46718539544910787
691,0.9731800766283524,0.8783068783068783,1.2857142857142858,5.0,0.6666666666666666,0.5187982284915649,0.3835830617345496,0.996168582375479,0.9682539682539683,0.42857142857142855,2.0,1.0,0.5187982284915649,0.3835830617345496
692,0.9584017515051997,0.8359788359788359,1.6428571428571428,7.0,0.6666666666666666,0.6208574525389341,0.42346818372077305,0.9928845101258894,0.9576719576719577,0.42857142857142855,3.0,1.0,0.6208574525389341,0.42346818372077305
693,0.9666119321291735,0.8518518518518519,1.4285714285714286,5.0,0.8181818181818182,0.527003247614251,0.38419398095594226,0.9742747673782157,0.8994708994708994,1.1428571428571428,7.0,0.8181818181818182,0.527003247614251,0.38419398095594226
694,0.9627805145046523,0.8412698412698412,1.6428571428571428,6.0,0.6666666666666666,0.568883921174314,0.38362150310098364,0.9879584017515052,0.9312169312169312,0.7857142857142857,3.0,1.0,0.568883921174314,0.38362150310098364
695,0.9638752052545155,0.8624338624338624,1.3571428571428572,6.0,0.8181818181818182,0.6076955483432178,0.3669870162583757,0.9808429118773946,0.9206349206349207,0.9285714285714286,6.0,0.8181818181818182,0.6076955483432178,0.3669870162583757
696,0.9682539682539683,0.8783068783068783,1.2857142857142858,7.0,0.6666666666666666,0.5408218985893334,0.41935503614663255,0.9978106185002736,0.9788359788359787,0.2857142857142857,1.0,1.0,0.5408218985893334,0.41935503614663255
697,0.9518336070060207,0.8412698412698412,1.5714285714285714,7.0,0.8181818181818182,0.6919474664598639,0.47206600168951596,0.9923371647509577,0.9523809523809524,0.5714285714285714,3.0,0.8181818181818182,0.6919474664598639,0.47206600168951596
698,0.9737274220032841,0.8835978835978835,1.1428571428571428,5.0,0.8181818181818182,0.5216414624754349,0.3485189780087482,0.9912424740010948,0.9523809523809524,0.5714285714285714,4.0,0.8181818181818182,0.5216414624754349,0.3485189780087482
699,0.967159277504105,0.8624338624338624,1.4285714285714286,6.0,0.6666666666666666,0.5743516851678607,0.39621098338555516,0.9983579638752054,0.9841269841269842,0.21428571428571427,1.0,1.0,0.5743516851678607,0.39621098338555516
700,0.9688013136288999,0.8783068783068783,1.2142857142857142,7.0,0.6666666666666666,0.4909163868077088,0.3924488498685789,0.9972632731253421,0.9788359788359787,0.2857142857142857,2.0,1.0,0.4909163868077088,0.3924488498685789
701,0.9616858237547894,0.8412698412698412,1.5714285714285714,7.0,0.6666666666666666,0.6022149496343068,0.4147197898255028,0.9923371647509577,0.9523809523809524,0.5714285714285714,3.0,1.0,0.6022149496343068,0.4147197898255028
702,0.962233169129721,0.8412698412698412,1.6428571428571428,6.0,0.6666666666666666,0.6028839049411148,0.39643562613509137,0.9896004378762999,0.9312169312169312,0.7142857142857143,3.0,1.0,0.6028839049411148,0.39643562613509137
703,0.9523809523809524,0.8201058201058201,1.7857142857142858,7.0,0.6666666666666666,0.689852612049074,0.43781899467106056,0.9934318555008209,0.9629629629629629,0.5,2.0,1.0,0.689852612049074,0.43781899467106056
704,0.9649698960043787,0.8624338624338624,1.4285714285714286,7.0,0.6666666666666666,0.5873472211347264,0.43208408895820527,0.9994526546250683,0.9947089947089945,0.07142857142857142,1.0,1.0,0.5873472211347264,0.43208408895820527
705,0.9649698960043787,0.8624338624338624,1.4285714285714286,7.0,0.6666666666666666,0.5910795286450015,0.43237186897795743,0.9994526546250683,0.9947089947089945,0.07142857142857142,1.0,1.0,0.5910795286450015,0.43237186897795743
706,0.9496442255062943,0.8095238095238094,1.8571428571428572,7.0,0.6666666666666666,0.6852268478299179,0.4361943054413333,0.9841269841269842,0.9206349206349207,0.8571428571428571,4.0,1.0,0.6852268478299179,0.4361943054413333
707,0.9638752052545155,0.8677248677248677,1.3571428571428572,7.0,0.8181818181818182,0.6205420651331672,0.4578376464486545,0.9978106185002736,0.9788359788359787,0.2857142857142857,1.0,0.8181818181818182,0.6205420651331672,0.4578376464486545
708,0.9709906951286261,0.8624338624338624,1.3571428571428572,5.0,0.6666666666666666,0.5544966226029953,0.35828825332958,0.9923371647509577,0.9629629629629629,0.42857142857142855,4.0,1.0,0.5544966226029953,0.35828825332958
709,0.9616858237547894,0.8624338624338624,1.4285714285714286,7.0,0.8181818181818182,0.6251277808017963,0.4605176232917594,0.9950738916256158,0.9629629629629629,0.5,2.0,0.8181818181818182,0.6251277808017963,0.4605176232917594
710,0.9737274220032841,0.8994708994708994,1.2142857142857142,7.0,0.8181818181818182,0.5077511840593245,0.41878200702984364,0.9923371647509577,0.947089947089947,0.6428571428571429,2.0,0.8181818181818182,0.5077511840593245,0.41878200702984364
711,0.9655172413793103,0.857142857142857,1.5714285714285714,6.0,0.6666666666666666,0.5862347216874918,0.39567562111498017,0.9967159277504104,0.9788359788359787,0.2857142857142857,2.0,1.0,0.5862347216874918,0.39567562111498017
712,0.9644225506294472,0.8465608465608466,1.4285714285714286,5.0,0.8181818181818182,0.49443780600408543,0.38836301098749343,0.9584017515051997,0.8941798941798942,1.2857142857142858,10.0,0.8181818181818182,0.49443780600408543,0.38836301098749343
713,0.9638752052545155,0.8677248677248677,1.3571428571428572,7.0,0.8181818181818182,0.681368092825838,0.5182741476889724,0.9978106185002736,0.9788359788359787,0.2857142857142857,1.0,0.8181818181818182,0.681368092825838,0.5182741476889724
714,0.980295566502463,0.9312169312169312,0.9285714285714286,7.0,0.8181818181818182,0.6808447934159008,0.5404223967079503,0.9885057471264367,0.9259259259259259,0.7142857142857143,3.0,0.8181818181818182,0.6808447934159008,0.5404223967079503
715,0.9627805145046523,0.8518518518518519,1.5714285714285714,7.0,0.6666666666666666,0.5700466284826464,0.42186076168082776,0.9923371647509577,0.9523809523809524,0.6428571428571429,2.0,1.0,0.5700466284826464,0.42186076168082776
716,0.9660645867542419,0.8412698412698412,1.5714285714285714,5.0,0.6666666666666666,0.5804053338413757,0.3551867109876468,0.9857690202517788,0.9206349206349207,0.7857142857142857,4.0,1.0,0.5804053338413757,0.3551867109876468
717,0.960591133004926,0.857142857142857,1.4285714285714286,7.0,0.8181818181818182,0.6258409059756771,0.44118155034458956,0.9972632731253421,0.9788359788359787,0.2857142857142857,2.0,0.8181818181818182,0.6258409059756771,0.44118155034458956
718,0.9737274220032841,0.8783068783068783,1.2857142857142858,5.0,0.8181818181818182,0.5065201619922959,0.33883334062151255,0.9846743295019157,0.947089947089947,0.7142857142857143,6.0,0.8181818181818182,0.5065201619922959,0.33883334062151255
719,0.9693486590038315,0.8677248677248677,1.3571428571428572,5.0,0.8181818181818182,0.571051680438377,0.37014855321794443,0.9901477832512315,0.947089947089947,0.7142857142857143,4.0,0.8181818181818182,0.571051680438377,0.37014855321794443
720,0.9759168035030105,0.8888888888888887,1.1428571428571428,5.0,0.8181818181818182,0.5326280890205102,0.3725443865429544,0.9923371647509577,0.9576719576719577,0.5,4.0,0.8181818181818182,0.5326280890205102,0.3725443865429544
721,0.975369458128079,0.8783068783068783,1.2857142857142858,5.0,0.6666666666666666,0.548315198540264,0.3666137514817664,0.994526546250684,0.9788359788359787,0.2857142857142857,4.0,1.0,0.548315198540264,0.3666137514817664
722,0.9781061850027366,0.9047619047619047,1.0714285714285714,5.0,0.8181818181818182,0.46294247425854745,0.31824798971282514,0.9857690202517788,0.9417989417989417,0.6428571428571429,6.0,0.8181818181818182,0.46294247425854745,0.31824798971282514
723,0.9649698960043787,0.8412698412698412,1.5,5.0,0.6666666666666666,0.6340072444851926,0.37364043306919303,0.9890530925013684,0.9417989417989417,0.6428571428571429,4.0,1.0,0.6340072444851926,0.37364043306919303
724,0.9715380405035577,0.8835978835978835,1.2857142857142858,5.0,0.8181818181818182,0.5384814415342168,0.3355699609194192,0.9835796387520527,0.9312169312169312,0.8571428571428571,6.0,0.8181818181818182,0.5384814415342168,0.3355699609194192
725,0.9715380405035577,0.8783068783068783,1.2142857142857142,5.0,0.8181818181818182,0.5561900837379341,0.38085834477817343,0.9934318555008209,0.9576719576719577,0.5,3.0,0.8181818181818182,0.5561900837379341,0.38085834477817343
726,0.9742747673782157,0.8888888888888887,1.0714285714285714,5.0,0.8181818181818182,0.5223332106495804,0.34182329887274654,0.990695128626163,0.947089947089947,0.6428571428571429,4.0,0.8181818181818182,0.5223332106495804,0.34182329887274654
727,0.9693486590038315,0.8624338624338624,1.3571428571428572,5.0,0.6666666666666666,0.6076854728474417,0.3895205614572491,0.9923371647509577,0.9629629629629629,0.5,4.0,1.0,0.6076854728474417,0.3895205614572491
728,0.9764641488779421,0.8835978835978835,1.1428571428571428,5.0,0.8181818181818182,0.4974100879391542,0.34641712168899114,0.980295566502463,0.91005291005291,1.0,6.0,0.8181818181818182,0.4974100879391542,0.34641712168899114
729,0.9764641488779421,0.8835978835978835,1.2142857142857142,5.0,0.8181818181818182,0.4836670283442576,0.3456043381439066,0.9797482211275315,0.91005291005291,1.0,6.0,0.8181818181818182,0.4836670283442576,0.3456043381439066
730,0.967159277504105,0.8730158730158729,1.2857142857142858,7.0,0.6666666666666666,0.6559240217131297,0.5087659150310496,0.9983579638752054,0.9841269841269842,0.21428571428571427,1.0,1.0,0.6559240217131297,0.5087659150310496
731,0.9567597153804049,0.8253968253968254,1.7142857142857142,7.0,0.6666666666666666,0.694678239781549,0.48750139543376764,0.9901477832512315,0.9365079365079365,0.5714285714285714,3.0,1.0,0.694678239781549,0.48750139543376764
732,0.9594964422550629,0.8465608465608466,1.5,7.0,0.6666666666666666,0.639207817258848,0.4439321820024359,0.9983579638752054,0.9894179894179893,0.14285714285714285,2.0,1.0,0.639207817258848,0.4439321820024359
733,0.9594964422550629,0.8465608465608466,1.5,7.0,0.6666666666666666,0.6799138835205736,0.47817588234226766,0.9983579638752054,0.9894179894179893,0.14285714285714285,2.0,1.0,0.6799138835205736,0.47817588234226766
734,0.9715380405035577,0.8677248677248677,1.2857142857142858,5.0,0.6666666666666666,0.5347887919944796,0.35640244312581737,0.9928845101258894,0.9682539682539683,0.42857142857142855,4.0,1.0,0.5347887919944796,0.35640244312581737
735,0.967159277504105,0.8465608465608466,1.5,5.0,0.6666666666666666,0.5589588978216748,0.3494331797027891,0.9890530925013684,0.947089947089947,0.6428571428571429,4.0,1.0,0.5589588978216748,0.3494331797027891
736,0.9731800766283524,0.8941798941798942,1.1428571428571428,6.0,0.8181818181818182,0.5370605858860691,0.402707317663756,0.994526546250684,0.9629629629629629,0.5,2.0,0.8181818181818182,0.5370605858860691,0.402707317663756
737,0.9742747673782157,0.8888888888888887,1.0714285714285714,5.0,0.8181818181818182,0.5141047220469959,0.34419116314161796,0.990695128626163,0.947089947089947,0.6428571428571429,4.0,0.8181818181818182,0.5141047220469959,0.34419116314161796
738,0.9616858237547894,0.8624338624338624,1.3571428571428572,7.0,0.8181818181818182,0.6551701861829496,0.4758159610481449,0.9967159277504104,0.9735449735449735,0.35714285714285715,2.0,0.8181818181818182,0.6551701861829496,0.4758159610481449
739,0.9682539682539683,0.8677248677248677,1.2857142857142858,5.0,0.8181818181818182,0.5643846179344034,0.35243735384082747,0.9841269841269842,0.9365079365079365,0.7857142857142857,6.0,0.8181818181818182,0.5643846179344034,0.35243735384082747
740,0.9682539682539683,0.8783068783068783,1.2857142857142858,7.0,0.6666666666666666,0.5283297365286466,0.41612663130504307,0.9978106185002736,0.9788359788359787,0.2857142857142857,1.0,1.0,0.5283297365286466,0.41612663130504307
741,0.962233169129721,0.8465608465608466,1.5714285714285714,7.0,0.6666666666666666,0.5896706562235772,0.423031060850837,0.9912424740010948,0.947089947089947,0.6428571428571429,3.0,1.0,0.5896706562235772,0.423031060850837
742,0.9693486590038315,0.8624338624338624,1.3571428571428572,5.0,0.6666666666666666,0.5951678980201276,0.3815404658306096,0.9923371647509577,0.9629629629629629,0.5,4.0,1.0,0.5951678980201276,0.3815404658306096
743,0.9770114942528736,0.8994708994708994,1.0714285714285714,5.0,0.8181818181818182,0.4975911498562699,0.3426603279320412,0.980295566502463,0.9259259259259259,0.8571428571428571,7.0,0.8181818181818182,0.4975911498562699,0.3426603279320412
744,0.9584017515051997,0.8306878306878307,1.7857142857142858,6.0,0.6666666666666666,0.6312112116420845,0.4028273856314008,0.9863163656267103,0.9206349206349207,0.7857142857142857,4.0,1.0,0.6312112116420845,0.4028273856314008
745,0.9644225506294472,0.8465608465608466,1.5714285714285714,5.0,0.8181818181818182,0.6205905692493179,0.35853177552542753,0.9808429118773946,0.9259259259259259,0.9285714285714286,6.0,0.8181818181818182,0.6205905692493179,0.35853177552542753
746,0.9616858237547894,0.8624338624338624,1.3571428571428572,7.0,0.8181818181818182,0.6027641037588216,0.4231305935398085,0.9967159277504104,0.9735449735449735,0.35714285714285715,2.0,0.8181818181818182,0.6027641037588216,0.4231305935398085
747,0.9698960043787629,0.8835978835978835,1.2142857142857142,6.0,0.8181818181818182,0.53180081961878,0.40511895466374587,0.994526546250684,0.9629629629629629,0.5,2.0,0.8181818181818182,0.53180081961878,0.40511895466374587
748,0.9786535303776682,0.8941798941798942,1.0714285714285714,5.0,0.6666666666666666,0.4822554751482671,0.33753706651789006,0.9928845101258894,0.9629629629629629,0.42857142857142855,4.0,1.0,0.4822554751482671,0.33753706651789006
749,0.967159277504105,0.8783068783068783,1.2857142857142858,7.0,0.8181818181818182,0.5586703759242193,0.42880190216229785,0.9978106185002736,0.9788359788359787,0.2857142857142857,1.0,0.8181818181818182,0.5586703759242193,0.42880190216229785
750,0.9638752052545155,0.8677248677248677,1.3571428571428572,7.0,0.8181818181818182,0.6340053214106203,0.4675603955643704,0.9978106185002736,0.9788359788359787,0.2857142857142857,1.0,0.8181818181818182,0.6340053214106203,0.4675603955643704
751,0.9819376026272578,0.9153439153439152,0.9285714285714286,5.0,1.0,0.50311362608385,0.3108975709870442,0.9775588396278051,0.91005291005291,1.0714285714285714,7.0,0.6666666666666666,0.50311362608385,0.3108975709870442
752,0.980295566502463,0.9047619047619047,1.0,5.0,0.8181818181818182,0.4352684238299776,0.31056637093502043,0.986863711001642,0.9523809523809524,0.5714285714285714,6.0,0.8181818181818182,0.4352684238299776,0.31056637093502043
753,0.9704433497536945,0.8941798941798942,1.2142857142857142,7.0,0.8181818181818182,0.597302813318804,0.49788023278184484,0.994526546250684,0.9629629629629629,0.5,2.0,0.8181818181818182,0.597302813318804,0.49788023278184484
754,0.967159277504105,0.8783068783068783,1.2857142857142858,7.0,0.8181818181818182,0.6918859620731556,0.5372481795285019,0.9978106185002736,0.9788359788359787,0.2857142857142857,1.0,0.8181818181818182,0.6918859620731556,0.5372481795285019
755,0.9764641488779421,0.8994708994708994,1.0,5.0,0.8181818181818182,0.47558371004831745,0.365242433716618,0.9813902572523261,0.9365079365079365,0.8571428571428571,7.0,0.8181818181818182,0.47558371004831745,0.365242433716618
756,0.9742747673782157,0.8888888888888887,1.0714285714285714,5.0,0.8181818181818182,0.4987533530966491,0.3489212269747719,0.9857690202517788,0.947089947089947,0.7142857142857143,6.0,0.8181818181818182,0.4987533530966491,0.3489212269747719
757,0.9759168035030105,0.8888888888888887,1.1428571428571428,5.0,0.8181818181818182,0.5105278078933728,0.3604555029821785,0.9923371647509577,0.9576719576719577,0.5,4.0,0.8181818181818182,0.5105278078933728,0.3604555029821785
758,0.9633278598795839,0.857142857142857,1.5,7.0,0.6666666666666666,0.6884914006834,0.5070840622539466,0.9999999999999998,1.0,0.0,0.0,1.0,0.6884914006834,0.5070840622539466
759,0.9655172413793103,0.8624338624338624,1.4285714285714286,7.0,0.6666666666666666,0.5180089401224044,0.40078197213342065,0.9950738916256158,0.9629629629629629,0.5,2.0,1.0,0.5180089401224044,0.40078197213342065
760,0.9594964422550629,0.8465608465608466,1.5,7.0,0.6666666666666666,0.6509160614289593,0.4642311230772406,0.9983579638752054,0.9894179894179893,0.14285714285714285,2.0,1.0,0.6509160614289593,0.4642311230772406
761,0.9611384783798578,0.857142857142857,1.4285714285714286,7.0,0.6666666666666666,0.6243515861664949,0.44840108214333546,0.9972632731253421,0.9788359788359787,0.2857142857142857,2.0,1.0,0.6243515861664949,0.44840108214333546
762,0.9644225506294472,0.8730158730158729,1.3571428571428572,7.0,0.8181818181818182,0.6237870772941844,0.4706563427395197,0.9967159277504104,0.9735449735449735,0.35714285714285715,2.0,0.8181818181818182,0.6237870772941844,0.4706563427395197
763,0.9573070607553366,0.8412698412698412,1.5714285714285714,7.0,0.6666666666666666,0.6348345927361472,0.4193375374961443,0.9978106185002736,0.9841269841269842,0.21428571428571427,2.0,1.0,0.6348345927361472,0.4193375374961443
764,0.8604269293924467,0.7037037037037037,3.0,12.0,0.8181818181818182,0.6206354869223845,0.4602279771485667,0.8204707170224411,0.7301587301587301,2.9285714285714284,17.0,0.6666666666666666,0.6206354869223845,0.4602279771485667
765,0.9627805145046523,0.8518518518518519,1.5714285714285714,7.0,0.6666666666666666,0.5792511859203714,0.4232290448506205,0.9923371647509577,0.9523809523809524,0.6428571428571429,2.0,1.0,0.5792511859203714,0.4232290448506205
766,0.9928845101258894,0.9523809523809524,0.6428571428571429,2.0,0.8181818181818182,0.3999999999999999,0.28473743180779154,0.9808429118773946,0.9047619047619047,1.0714285714285714,5.0,0.8181818181818182,0.3999999999999999,0.28473743180779154
767,0.967159277504105,0.8783068783068783,1.2857142857142858,7.0,0.8181818181818182,0.6347294041301206,0.4901210341378022,0.9978106185002736,0.9788359788359787,0.2857142857142857,1.0,0.8181818181818182,0.6347294041301206,0.4901210341378022
768,0.9649698960043787,0.8624338624338624,1.4285714285714286,7.0,0.6666666666666666,0.6408093131943324,0.4744433658102227,0.9994526546250683,0.9947089947089945,0.07142857142857142,1.0,1.0,0.6408093131943324,0.4744433658102227
769,0.9545703338806788,0.8359788359788359,1.6428571428571428,7.0,0.6666666666666666,0.7133018412514294,0.4912463577845883,0.9956212370005473,0.9682539682539683,0.35714285714285715,2.0,1.0,0.7133018412514294,0.4912463577845883
770,0.9770114942528736,0.9047619047619047,1.0,5.0,0.8181818181818182,0.4833617244548837,0.3631830023117814,0.9808429118773946,0.9312169312169312,0.8571428571428571,7.0,0.8181818181818182,0.4833617244548837,0.3631830023117814
771,0.9688013136288999,0.8730158730158729,1.2857142857142858,5.0,0.8181818181818182,0.5859711341440812,0.3524090046790407,0.9835796387520527,0.9312169312169312,0.8571428571428571,6.0,0.8181818181818182,0.5859711341440812,0.3524090046790407
772,0.9649698960043787,0.857142857142857,1.4285714285714286,7.0,0.6666666666666666,0.6097251648253623,0.4524028885169155,0.996168582375479,0.9682539682539683,0.42857142857142855,2.0,1.0,0.6097251648253623,0.4524028885169155
773,0.9578544061302682,0.8306878306878307,1.7142857142857142,7.0,0.6666666666666666,0.7479328889871744,0.5420425880231964,0.9879584017515052,0.9312169312169312,0.7142857142857143,3.0,1.0,0.7479328889871744,0.5420425880231964
774,0.9737274220032841,0.8888888888888887,1.0714285714285714,5.0,0.8181818181818182,0.49621111908952326,0.3590151876409253,0.9813902572523261,0.9365079365079365,0.8571428571428571,7.0,0.8181818181818182,0.49621111908952326,0.3590151876409253
775,0.9742747673782157,0.8888888888888887,1.1428571428571428,5.0,0.8181818181818182,0.5121464007335587,0.3386523207794929,0.9857690202517788,0.947089947089947,0.7142857142857143,6.0,0.8181818181818182,0.5121464007335587,0.3386523207794929
776,0.9770114942528736,0.91005291005291,1.1428571428571428,7.0,0.8181818181818182,0.6060682727729787,0.5030341363864893,0.9901477832512315,0.9365079365079365,0.7142857142857143,3.0,0.8181818181818182,0.6060682727729787,0.5030341363864893
777,0.9677066228790366,0.8730158730158729,1.2857142857142858,7.0,0.6666666666666666,0.541769601513911,0.4138533651724192,0.9972632731253421,0.9735449735449735,0.35714285714285715,1.0,1.0,0.541769601513911,0.4138533651724192
778,0.9698960043787629,0.8518518518518519,1.5,5.0,0.6666666666666666,0.5786797831394044,0.3779788474672653,0.986863711001642,0.9312169312169312,0.6428571428571429,4.0,1.0,0.5786797831394044,0.3779788474672653
779,0.9660645867542419,0.8624338624338624,1.5,6.0,0.6666666666666666,0.5740466389699301,0.3915719137857233,0.9994526546250683,0.9947089947089945,0.07142857142857142,1.0,1.0,0.5740466389699301,0.3915719137857233
780,0.9600437876299945,0.8465608465608466,1.5714285714285714,6.0,0.6666666666666666,0.6095099397120476,0.4004601717105758,0.9972632731253421,0.9788359788359787,0.2857142857142857,2.0,1.0,0.6095099397120476,0.4004601717105758
781,0.9720853858784892,0.8730158730158729,1.2857142857142858,5.0,0.6666666666666666,0.5373890615135992,0.3575534443716234,0.9923371647509577,0.9629629629629629,0.5,4.0,1.0,0.5373890615135992,0.3575534443716234
782,0.9731800766283524,0.8888888888888887,1.2142857142857142,5.0,0.8181818181818182,0.5125942506767522,0.3494700237941012,0.9797482211275315,0.9259259259259259,0.9285714285714286,7.0,0.8181818181818182,0.5125942506767522,0.3494700237941012
783,0.9567597153804049,0.8253968253968254,1.7142857142857142,7.0,0.6666666666666666,0.6282451608954416,0.41727663956595734,0.9901477832512315,0.9365079365079365,0.5714285714285714,3.0,1.0,0.6282451608954416,0.41727663956595734
784,0.9403393541324575,0.8042328042328042,1.8571428571428572,7.0,0.8181818181818182,0.48644712813708274,0.4238277257185843,0.9239189928845101,0.8412698412698412,1.9285714285714286,12.0,0.6666666666666666,0.48644712813708274,0.4238277257185843
785,0.9644225506294472,0.857142857142857,1.4285714285714286,7.0,0.6666666666666666,0.6542336380425278,0.4748395282339309,0.9956212370005473,0.9682539682539683,0.42857142857142855,2.0,1.0,0.6542336380425278,0.4748395282339309
786,0.960591133004926,0.857142857142857,1.4285714285714286,7.0,0.8181818181818182,0.5990413502390495,0.4093212486107061,0.9972632731253421,0.9788359788359787,0.2857142857142857,2.0,0.8181818181818182,0.5990413502390495,0.4093212486107061
787,0.9666119321291735,0.8518518518518519,1.5714285714285714,5.0,0.6666666666666666,0.5539721856658761,0.3744111957432928,0.9879584017515052,0.9312169312169312,0.7857142857142857,3.0,1.0,0.5539721856658761,0.3744111957432928
788,0.9594964422550629,0.8465608465608466,1.5,7.0,0.6666666666666666,0.6356899365249167,0.4476833118471424,0.9983579638752054,0.9894179894179893,0.14285714285714285,2.0,1.0,0.6356899365249167,0.4476833118471424
789,0.9775588396278051,0.8941798941798942,1.1428571428571428,5.0,0.8181818181818182,0.47164306554989277,0.3270291714904484,0.9879584017515052,0.9629629629629629,0.5,6.0,0.8181818181818182,0.47164306554989277,0.3270291714904484
790,0.9759168035030105,0.8888888888888887,1.1428571428571428,5.0,0.8181818181818182,0.5252718386492972,0.3658504969820356,0.9923371647509577,0.9576719576719577,0.5,4.0,0.8181818181818182,0.5252718386492972,0.3658504969820356
791,0.9748221127531472,0.8730158730158729,1.2857142857142858,5.0,0.6666666666666666,0.5475973449711518,0.36466689520581,0.9939792008757526,0.9735449735449735,0.35714285714285715,4.0,1.0,0.5475973449711518,0.36466689520581
792,0.9551176792556102,0.8412698412698412,1.5714285714285714,7.0,0.8181818181818182,0.6762847045854175,0.46612088619769715,0.9950738916256158,0.9629629629629629,0.42857142857142855,2.0,0.8181818181818182,0.6762847045854175,0.46612088619769715
793,0.9781061850027366,0.8888888888888887,1.1428571428571428,5.0,0.6666666666666666,0.5142093180963203,0.3672314793154696,0.9934318555008209,0.9682539682539683,0.42857142857142855,4.0,1.0,0.5142093180963203,0.3672314793154696
794,0.9594964422550629,0.8465608465608466,1.5,7.0,0.6666666666666666,0.6322658971771464,0.4484579357673417,0.9983579638752054,0.9894179894179893,0.14285714285714285,2.0,1.0,0.6322658971771464,0.4484579357673417
795,0.9682539682539683,0.8677248677248677,1.3571428571428572,5.0,0.8181818181818182,0.5730429431367663,0.3464492929079002,0.9841269841269842,0.9365079365079365,0.7857142857142857,6.0,0.8181818181818182,0.5730429431367663,0.3464492929079002
796,0.9594964422550629,0.8465608465608466,1.5,7.0,0.6666666666666666,0.6370337087695102,0.4429597281879297,0.9983579638752054,0.9894179894179893,0.14285714285714285,2.0,1.0,0.6370337087695102,0.4429597281879297
797,0.9660645867542419,0.8677248677248677,1.3571428571428572,7.0,0.6666666666666666,0.5770059148066908,0.4246950011066371,0.9989053092501368,0.9894179894179893,0.14285714285714285,1.0,1.0,0.5770059148066908,0.4246950011066371
798,0.975369458128079,0.91005291005291,1.1428571428571428,7.0,0.8181818181818182,0.49097585696391793,0.41757075519473247,0.9923371647509577,0.947089947089947,0.6428571428571429,2.0,0.8181818181818182,0.49097585696391793,0.41757075519473247
799,0.9693486590038315,0.8835978835978835,1.1428571428571428,7.0,0.8181818181818182,0.6320701774302895,0.5078515966842171,0.9967159277504104,0.9735449735449735,0.35714285714285715,2.0,0.8181818181818182,0.6320701774302895,0.5078515966842171
800,0.9764641488779421,0.8941798941798942,1.0714285714285714,5.0,0.8181818181818182,0.515363289773417,0.35275404121271314,0.9912424740010948,0.9523809523809524,0.5714285714285714,4.0,0.8181818181818182,0.515363289773417,0.35275404121271314
801,0.9698960043787629,0.8783068783068783,1.3571428571428572,6.0,0.8181818181818182,0.5643708163732142,0.41268817288762827,0.9923371647509577,0.947089947089947,0.7142857142857143,2.0,0.8181818181818182,0.5643708163732142,0.41268817288762827
802,0.9677066228790366,0.8624338624338624,1.4285714285714286,6.0,0.6666666666666666,0.5377643767641718,0.388022940694337,0.9956212370005473,0.9629629629629629,0.5,2.0,1.0,0.5377643767641718,0.388022940694337
803,0.9655172413793103,0.8465608465608466,1.5,5.0,0.6666666666666666,0.6187050072220525,0.36067386722798656,0.9863163656267103,0.9365079365079365,0.7142857142857143,5.0,1.0,0.6187050072220525,0.36067386722798656
804,0.9666119321291735,0.8677248677248677,1.3571428571428572,7.0,0.6666666666666666,0.5548228151013178,0.45346196834471747,0.994526546250684,0.9576719576719577,0.5714285714285714,2.0,1.0,0.5548228151013178,0.45346196834471747
805,0.9616858237547894,0.8412698412698412,1.5714285714285714,7.0,0.6666666666666666,0.6451098803890913,0.4631499614306606,0.9923371647509577,0.9523809523809524,0.5714285714285714,3.0,1.0,0.6451098803890913,0.4631499614306606
806,0.9693486590038315,0.8888888888888887,1.2142857142857142,7.0,0.8181818181818182,0.5866924685017434,0.4630704190995294,0.9956212370005473,0.9682539682539683,0.42857142857142855,2.0,0.8181818181818182,0.5866924685017434,0.4630704190995294
807,0.9649698960043787,0.8624338624338624,1.4285714285714286,7.0,0.6666666666666666,0.6710864072684395,0.491402826928538,0.9994526546250683,0.9947089947089945,0.07142857142857142,1.0,1.0,0.6710864072684395,0.491402826928538
808,0.9666119321291735,0.8677248677248677,1.3571428571428572,7.0,0.6666666666666666,0.5771304821164138,0.4110501210184848,0.9978106185002736,0.9788359788359787,0.2857142857142857,1.0,1.0,0.5771304821164138,0.4110501210184848
809,0.9655172413793103,0.8624338624338624,1.4285714285714286,7.0,0.6666666666666666,0.6508269822513855,0.5186447909691808,0.9950738916256158,0.9629629629629629,0.5,2.0,1.0,0.6508269822513855,0.5186447909691808
810,0.9627805145046523,0.8518518518518519,1.5714285714285714,7.0,0.6666666666666666,0.616185325883208,0.46232342622786854,0.9923371647509577,0.9523809523809524,0.6428571428571429,2.0,1.0,0.616185325883208,0.46232342622786854
811,0.9529282977558841,0.8148148148148148,1.7857142857142858,6.0,0.6666666666666666,0.6569001599752045,0.4178404001585968,0.9912424740010948,0.947089947089947,0.6428571428571429,3.0,1.0,0.6569001599752045,0.4178404001585968
812,0.9594964422550629,0.8412698412698412,1.6428571428571428,6.0,0.6666666666666666,0.6118418926749993,0.40495329068837654,0.9967159277504104,0.9735449735449735,0.2857142857142857,2.0,1.0,0.6118418926749993,0.40495329068837654
813,0.9551176792556102,0.8201058201058201,1.7142857142857142,7.0,0.6666666666666666,0.6581166160391025,0.44767840905727313,0.990695128626163,0.9417989417989417,0.5714285714285714,3.0,1.0,0.6581166160391025,0.44767840905727313
814,0.967159277504105,0.8783068783068783,1.2857142857142858,7.0,0.8181818181818182,0.569866873998065,0.4297124489633685,0.9978106185002736,0.9788359788359787,0.2857142857142857,1.0,0.8181818181818182,0.569866873998065,0.4297124489633685
815,0.9638752052545155,0.8677248677248677,1.3571428571428572,7.0,0.8181818181818182,0.5840347872857548,0.42374996428141487,0.9978106185002736,0.9788359788359787,0.2857142857142857,1.0,0.8181818181818182,0.5840347872857548,0.42374996428141487
816,0.9770114942528736,0.8835978835978835,1.2142857142857142,5.0,0.6666666666666666,0.5077603021260565,0.3457298090173892,0.9939792008757526,0.9735449735449735,0.35714285714285715,4.0,1.0,0.5077603021260565,0.3457298090173892
817,0.9594964422550629,0.8465608465608466,1.5,7.0,0.6666666666666666,0.6155141149430321,0.42856060422786263,0.9983579638752054,0.9894179894179893,0.14285714285714285,2.0,1.0,0.6155141149430321,0.42856060422786263
818,0.967159277504105,0.8624338624338624,1.3571428571428572,5.0,0.8181818181818182,0.5469012710805428,0.3718830282247353,0.9808429118773946,0.9206349206349207,1.0,6.0,0.8181818181818182,0.5469012710805428,0.3718830282247353
819,0.9666119321291735,0.8677248677248677,1.3571428571428572,7.0,0.6666666666666666,0.686606202661054,0.5064823285239242,0.9978106185002736,0.9788359788359787,0.2857142857142857,1.0,1.0,0.686606202661054,0.5064823285239242
820,0.9600437876299945,0.8359788359788359,1.6428571428571428,7.0,0.6666666666666666,0.7021636619081595,0.5107158537328238,0.9885057471264367,0.9365079365079365,0.7142857142857143,3.0,1.0,0.7021636619081595,0.5107158537328238
821,0.9441707717569787,0.8148148148148148,1.7857142857142858,8.0,0.8181818181818182,0.44261120176721064,0.4010875840177528,0.9277504105090312,0.8624338624338624,1.7857142857142858,11.0,0.6666666666666666,0.44261120176721064,0.4010875840177528
822,0.9666119321291735,0.8624338624338624,1.4285714285714286,5.0,0.6666666666666666,0.5850835486342171,0.39918106825147803,0.996168582375479,0.9735449735449735,0.35714285714285715,2.0,1.0,0.5850835486342171,0.39918106825147803
823,0.9655172413793103,0.8624338624338624,1.4285714285714286,7.0,0.6666666666666666,0.5569095062825657,0.42779743505920437,0.9950738916256158,0.9629629629629629,0.5,2.0,1.0,0.5569095062825657,0.42779743505920437
824,0.9715380405035577,0.8730158730158729,1.3571428571428572,5.0,0.6666666666666666,0.5456547154436411,0.3859509018350546,0.9978106185002736,0.9841269841269842,0.21428571428571427,2.0,1.0,0.5456547154436411,0.3859509018350546
825,0.9775588396278051,0.8835978835978835,1.2142857142857142,5.0,0.6666666666666666,0.5136485667913115,0.3400059030352427,0.9917898193760263,0.9523809523809524,0.5714285714285714,4.0,1.0,0.5136485667913115,0.3400059030352427
826,0.8779419813902573,0.7301587301587301,2.642857142857143,14.0,0.8181818181818182,0.5437855860149496,0.4381018743393267,0.8412698412698413,0.7777777777777777,2.7857142857142856,15.0,0.6666666666666666,0.5437855860149496,0.4381018743393267
827,0.9677066228790366,0.857142857142857,1.4285714285714286,5.0,0.8181818181818182,0.5261236171457166,0.3514212046817318,0.9792008757525997,0.9047619047619047,1.0,6.0,0.8181818181818182,0.5261236171457166,0.3514212046817318
828,0.8806787082649151,0.7354497354497355,2.642857142857143,12.0,0.8181818181818182,0.568432631794018,0.4378151042493461,0.8472906403940886,0.7619047619047619,2.7142857142857144,15.0,0.6666666666666666,0.568432631794018,0.4378151042493461
829,0.9644225506294472,0.857142857142857,1.4285714285714286,7.0,0.6666666666666666,0.6853690152965848,0.5051187239703763,0.9989053092501368,0.9894179894179893,0.14285714285714285,1.0,1.0,0.6853690152965848,0.5051187239703763
830,0.9627805145046523,0.8518518518518519,1.5714285714285714,7.0,0.6666666666666666,0.5732868191932072,0.40420730449742526,0.9896004378762999,0.9417989417989417,0.7142857142857143,3.0,1.0,0.5732868191932072,0.40420730449742526
831,0.9649698960043787,0.8465608465608466,1.5714285714285714,5.0,0.6666666666666666,0.6232141876600039,0.3650375791673981,0.9852216748768472,0.9365079365079365,0.7857142857142857,5.0,1.0,0.6232141876600039,0.3650375791673981
832,0.9797482211275315,0.8994708994708994,1.0714285714285714,5.0,0.6666666666666666,0.48740155867582163,0.32292023656653457,0.9890530925013684,0.947089947089947,0.7142857142857143,5.0,1.0,0.48740155867582163,0.32292023656653457
833,0.9797482211275315,0.9047619047619047,1.0714285714285714,5.0,0.8181818181818182,0.410353501301134,0.340867813139058,0.9704433497536945,0.91005291005291,1.0714285714285714,8.0,0.8181818181818182,0.410353501301134,0.340867813139058
834,0.9666119321291735,0.8730158730158729,1.3571428571428572,7.0,0.6666666666666666,0.5724894804816105,0.4196317779293678,0.9983579638752054,0.9841269841269842,0.21428571428571427,1.0,1.0,0.5724894804816105,0.4196317779293678
835,0.9616858237547894,0.8412698412698412,1.5,7.0,0.6666666666666666,0.6156473331913813,0.41806914173393755,0.9928845101258894,0.9523809523809524,0.5,3.0,1.0,0.6156473331913813,0.41806914173393755
836,0.9600437876299945,0.8518518518518519,1.5,7.0,0.6666666666666666,0.612696259241716,0.43312732667870896,0.9978106185002736,0.9841269841269842,0.21428571428571427,2.0,1.0,0.612696259241716,0.43312732667870896
837,0.9698960043787629,0.8624338624338624,1.3571428571428572,5.0,0.8181818181818182,0.48827736356587514,0.3742395885599249,0.9726327312534209,0.8888888888888887,1.2142857142857142,7.0,0.8181818181818182,0.48827736356587514,0.3742395885599249
838,0.9759168035030105,0.8941798941798942,1.0,5.0,0.8181818181818182,0.4869883412825889,0.35229734206894076,0.9819376026272578,0.9417989417989417,0.7857142857142857,7.0,0.8181818181818182,0.4869883412825889,0.35229734206894076
839,0.9660645867542419,0.8624338624338624,1.4285714285714286,7.0,0.6666666666666666,0.5733319982272921,0.4412680879317642,0.9967159277504104,0.9735449735449735,0.35714285714285715,2.0,1.0,0.5733319982272921,0.4412680879317642
840,0.962233169129721,0.8465608465608466,1.5714285714285714,7.0,0.6666666666666666,0.5748291177965689,0.40424988261387107,0.9912424740010948,0.947089947089947,0.6428571428571429,3.0,1.0,0.5748291177965689,0.40424988261387107
841,0.9649698960043787,0.8518518518518519,1.5,6.0,0.6666666666666666,0.5826061438831884,0.3902567537175482,0.9928845101258894,0.9523809523809524,0.5714285714285714,3.0,1.0,0.5826061438831884,0.3902567537175482
842,0.9600437876299945,0.8465608465608466,1.5714285714285714,6.0,0.6666666666666666,0.6256717531753693,0.40609957470619834,0.9972632731253421,0.9788359788359787,0.2857142857142857,2.0,1.0,0.6256717531753693,0.40609957470619834
843,0.9742747673782157,0.8888888888888887,1.0714285714285714,5.0,0.8181818181818182,0.5187738173831067,0.3427984960165958,0.990695128626163,0.947089947089947,0.6428571428571429,4.0,0.8181818181818182,0.5187738173831067,0.3427984960165958
844,0.9666119321291735,0.8677248677248677,1.3571428571428572,7.0,0.6666666666666666,0.5874307416244351,0.4114337321622135,0.9978106185002736,0.9788359788359787,0.2857142857142857,1.0,1.0,0.5874307416244351,0.4114337321622135
845,0.9649698960043787,0.857142857142857,1.4285714285714286,7.0,0.6666666666666666,0.7088963293409631,0.544944052245935,0.996168582375479,0.9682539682539683,0.42857142857142855,2.0,1.0,0.7088963293409631,0.544944052245935
846,0.9748221127531472,0.8730158730158729,1.2857142857142858,5.0,0.6666666666666666,0.5607025802069434,0.38049271316093175,0.9939792008757526,0.9735449735449735,0.35714285714285715,4.0,1.0,0.5607025802069434,0.38049271316093175
847,0.962233169129721,0.857142857142857,1.5,7.0,0.6666666666666666,0.585154938835251,0.412784249188282,0.9989053092501368,0.9894179894179893,0.14285714285714285,1.0,1.0,0.585154938835251,0.412784249188282
848,0.9715380405035577,0.8677248677248677,1.2857142857142858,5.0,0.6666666666666666,0.5743138226834901,0.37757628964572687,0.9928845101258894,0.9682539682539683,0.42857142857142855,4.0,1.0,0.5743138226834901,0.37757628964572687
849,0.9781061850027366,0.91005291005291,1.1428571428571428,6.0,0.8181818181818182,0.45962387512573855,0.3888305669392304,0.9917898193760263,0.947089947089947,0.7142857142857143,2.0,0.8181818181818182,0.45962387512573855,0.3888305669392304
850,0.9594964422550629,0.8465608465608466,1.5,7.0,0.6666666666666666,0.6540957393836127,0.4630141900675148,0.9983579638752054,0.9894179894179893,0.14285714285714285,2.0,1.0,0.6540957393836127,0.4630141900675148
851,0.962233169129721,0.8465608465608466,1.5714285714285714,7.0,0.6666666666666666,0.575957239039321,0.41342327933847267,0.9912424740010948,0.947089947089947,0.6428571428571429,3.0,1.0,0.575957239039321,0.41342327933847267
852,0.962233169129721,0.8465608465608466,1.5714285714285714,7.0,0.6666666666666666,0.6541006820563351,0.4792823759928147,0.9912424740010948,0.947089947089947,0.6428571428571429,3.0,1.0,0.6541006820563351,0.4792823759928147
853,0.9638752052545155,0.8518518518518519,1.5,7.0,0.6666666666666666,0.6274241953093482,0.459004179170949,0.994526546250684,0.9629629629629629,0.5,2.0,1.0,0.6274241953093482,0.459004179170949
854,0.9748221127531472,0.8941798941798942,1.1428571428571428,5.0,0.8181818181818182,0.5420819964686083,0.3416063021787644,0.9852216748768472,0.9417989417989417,0.7142857142857143,6.0,0.8181818181818182,0.5420819964686083,0.3416063021787644
855,0.9529282977558841,0.8148148148148148,1.7857142857142858,6.0,0.6666666666666666,0.6599937035420007,0.40943921963049046,0.9912424740010948,0.947089947089947,0.6428571428571429,3.0,1.0,0.6599937035420007,0.40943921963049046
856,0.9792008757525997,0.8941798941798942,1.0714285714285714,5.0,0.6666666666666666,0.45477751516963405,0.3459682900170771,0.9928845101258894,0.9629629629629629,0.42857142857142855,4.0,1.0,0.45477751516963405,0.3459682900170771
857,0.9693486590038315,0.8624338624338624,1.3571428571428572,5.0,0.6666666666666666,0.5931262558445236,0.3962606314369674,0.9950738916256158,0.9735449735449735,0.35714285714285715,3.0,1.0,0.5931262558445236,0.3962606314369674
858,0.9551176792556102,0.8201058201058201,1.7142857142857142,7.0,0.6666666666666666,0.682113403019546,0.47258835628487883,0.990695128626163,0.9417989417989417,0.5714285714285714,3.0,1.0,0.682113403019546,0.47258835628487883
859,0.9584017515051997,0.8518518518518519,1.5,7.0,0.8181818181818182,0.6669253077502626,0.47050245367364235,0.9950738916256158,0.9629629629629629,0.5,2.0,0.8181818181818182,0.6669253077502626,0.47050245367364235
860,0.9698960043787629,0.8677248677248677,1.3571428571428572,5.0,0.6666666666666666,0.5798117535733681,0.3695392539354941,0.9917898193760263,0.9576719576719577,0.5714285714285714,4.0,1.0,0.5798117535733681,0.3695392539354941
861,0.9616858237547894,0.857142857142857,1.5,6.0,0.8181818181818182,0.6173532336262358,0.41483759603881454,0.986863711001642,0.9259259259259259,0.8571428571428571,3.0,0.8181818181818182,0.6173532336262358,0.41483759603881454
862,0.967159277504105,0.8783068783068783,1.2857142857142858,7.0,0.8181818181818182,0.5560384607799085,0.4351420720064912,0.9978106185002736,0.9788359788359787,0.2857142857142857,1.0,0.8181818181818182,0.5560384607799085,0.4351420720064912
863,0.9556650246305418,0.8253968253968254,1.7142857142857142,7.0,0.6666666666666666,0.6462804293602518,0.4363781835652025,0.9917898193760263,0.947089947089947,0.5,3.0,1.0,0.6462804293602518,0.4363781835652025
864,0.9731800766283524,0.8783068783068783,1.2857142857142858,5.0,0.6666666666666666,0.538210938714617,0.3775052364724485,0.9950738916256158,0.9682539682539683,0.35714285714285715,3.0,1.0,0.538210938714617,0.3775052364724485
865,0.9720853858784892,0.8730158730158729,1.2857142857142858,5.0,0.6666666666666666,0.5385021682626738,0.3442614109048064,0.9923371647509577,0.9629629629629629,0.5,4.0,1.0,0.5385021682626738,0.3442614109048064
866,0.950191570881226,0.8095238095238094,1.7857142857142858,7.0,0.6666666666666666,0.7598292451567683,0.4982457529069157,0.9917898193760263,0.9523809523809524,0.5714285714285714,3.0,1.0,0.7598292451567683,0.4982457529069157
867,0.9770114942528736,0.8835978835978835,1.2142857142857142,5.0,0.6666666666666666,0.5138272869870828,0.3565018019185354,0.9939792008757526,0.9735449735449735,0.35714285714285715,4.0,1.0,0.5138272869870828,0.3565018019185354
868,0.967159277504105,0.8783068783068783,1.2857142857142858,7.0,0.8181818181818182,0.5964222895062241,0.45528051213486165,0.9978106185002736,0.9788359788359787,0.2857142857142857,1.0,0.8181818181818182,0.5964222895062241,0.45528051213486165
869,0.9638752052545155,0.8677248677248677,1.3571428571428572,7.0,0.8181818181818182,0.652462128582094,0.4858700827464347,0.9978106185002736,0.9788359788359787,0.2857142857142857,1.0,0.8181818181818182,0.652462128582094,0.4858700827464347
870,0.9797482211275315,0.9259259259259259,0.9285714285714286,7.0,0.8181818181818182,0.6133079048156618,0.5066539524078308,0.9808429118773946,0.91005291005291,1.0,5.0,0.8181818181818182,0.6133079048156618,0.5066539524078308
871,0.9764641488779421,0.8941798941798942,1.0714285714285714,5.0,0.8181818181818182,0.5073309751722737,0.34721505667917785,0.9912424740010948,0.9523809523809524,0.5714285714285714,4.0,0.8181818181818182,0.5073309751722737,0.34721505667917785
872,0.9649698960043787,0.8730158730158729,1.3571428571428572,6.0,0.8181818181818182,0.5799953908287849,0.3669641905573385,0.9808429118773946,0.9206349206349207,0.9285714285714286,6.0,0.8181818181818182,0.5799953908287849,0.3669641905573385
873,0.9677066228790366,0.8518518518518519,1.5,5.0,0.6666666666666666,0.5780464912013867,0.37243130489948123,0.9901477832512315,0.9523809523809524,0.5714285714285714,4.0,1.0,0.5780464912013867,0.37243130489948123
874,0.986863711001642,0.9312169312169312,0.8571428571428571,3.0,0.8181818181818182,0.4448096959674316,0.30850765827306625,0.9857690202517788,0.9153439153439152,0.9285714285714286,4.0,0.8181818181818182,0.4448096959674316,0.30850765827306625
875,0.9655172413793103,0.8412698412698412,1.6428571428571428,5.0,0.6666666666666666,0.5885686112272155,0.3550558509456747,0.9835796387520527,0.9206349206349207,0.7857142857142857,5.0,1.0,0.5885686112272155,0.3550558509456747
876,0.9688013136288999,0.8835978835978835,1.2142857142857142,7.0,0.8181818181818182,0.5677951820135541,0.4479959741914429,0.9967159277504104,0.9735449735449735,0.35714285714285715,2.0,0.8181818181818182,0.5677951820135541,0.4479959741914429
877,0.9649698960043787,0.857142857142857,1.4285714285714286,7.0,0.6666666666666666,0.5625315062218621,0.4109978492560166,0.996168582375479,0.9682539682539683,0.42857142857142855,2.0,1.0,0.5625315062218621,0.4109978492560166
878,0.9573070607553366,0.8412698412698412,1.5714285714285714,7.0,0.6666666666666666,0.64240856445276,0.4374273944235071,0.9978106185002736,0.9841269841269842,0.21428571428571427,2.0,1.0,0.64240856445276,0.4374273944235071
879,0.9594964422550629,0.8465608465608466,1.5,7.0,0.6666666666666666,0.6341319153859204,0.43727835593046127,0.9983579638752054,0.9894179894179893,0.14285714285714285,2.0,1.0,0.6341319153859204,0.43727835593046127
880,0.9786535303776682,0.8888888888888887,1.1428571428571428,5.0,0.6666666666666666,0.4759402806080732,0.3520858248016068,0.9923371647509577,0.9576719576719577,0.5714285714285714,4.0,1.0,0.4759402806080732,0.3520858248016068
881,0.9786535303776682,0.8994708994708994,1.0714285714285714,5.0,0.8181818181818182,0.5090635117662666,0.32749927908225307,0.9852216748768472,0.9259259259259259,0.9285714285714286,5.0,0.8181818181818182,0.5090635117662666,0.32749927908225307
882,0.960591133004926,0.8465608465608466,1.5714285714285714,7.0,0.6666666666666666,0.6196757008752655,0.42617408191851686,0.9983579638752054,0.9894179894179893,0.14285714285714285,2.0,1.0,0.6196757008752655,0.42617408191851686
883,0.9682539682539683,0.8677248677248677,1.3571428571428572,5.0,0.8181818181818182,0.587930360536687,0.3577657172779107,0.9863163656267103,0.9365079365079365,0.7857142857142857,5.0,0.8181818181818182,0.587930360536687,0.3577657172779107
884,0.9638752052545155,0.8677248677248677,1.3571428571428572,7.0,0.8181818181818182,0.6025183396134202,0.4451659043498224,0.9978106185002736,0.9788359788359787,0.2857142857142857,1.0,0.8181818181818182,0.6025183396134202,0.4451659043498224
885,0.9638752052545155,0.8518518518518519,1.5,7.0,0.6666666666666666,0.5518584443392027,0.39763559475381277,0.994526546250684,0.9629629629629629,0.5,2.0,1.0,0.5518584443392027,0.39763559475381277
886,0.9649698960043787,0.8624338624338624,1.4285714285714286,7.0,0.6666666666666666,0.5799620124813978,0.41734576823514646,0.9994526546250683,0.9947089947089945,0.07142857142857142,1.0,1.0,0.5799620124813978,0.41734576823514646
887,0.9594964422550629,0.8465608465608466,1.5,7.0,0.6666666666666666,0.6617234736004511,0.47393655560362835,0.9983579638752054,0.9894179894179893,0.14285714285714285,2.0,1.0,0.6617234736004511,0.47393655560362835
888,0.9775588396278051,0.8941798941798942,1.1428571428571428,5.0,0.8181818181818182,0.4832772211677136,0.32394181418363494,0.9879584017515052,0.9629629629629629,0.5,6.0,0.8181818181818182,0.4832772211677136,0.32394181418363494
889,0.9644225506294472,0.8359788359788359,1.6428571428571428,5.0,0.6666666666666666,0.5989052049767094,0.3517156242471548,0.9797482211275315,0.9047619047619047,1.0,5.0,1.0,0.5989052049767094,0.3517156242471548
890,0.967159277504105,0.8730158730158729,1.2857142857142858,7.0,0.6666666666666666,0.5514396125637127,0.43524966693787226,0.9983579638752054,0.9841269841269842,0.21428571428571427,1.0,1.0,0.5514396125637127,0.43524966693787226
891,0.9638752052545155,0.8677248677248677,1.3571428571428572,7.0,0.8181818181818182,0.5907960132302899,0.4313243462227035,0.9978106185002736,0.9788359788359787,0.2857142857142857,1.0,0.8181818181818182,0.5907960132302899,0.4313243462227035
892,0.9688013136288999,0.8730158730158729,1.2857142857142858,5.0,0.8181818181818182,0.556898005468009,0.3520465993326016,0.9846743295019157,0.9417989417989417,0.7857142857142857,6.0,0.8181818181818182,0.556898005468009,0.3520465993326016
893,0.9616858237547894,0.8624338624338624,1.3571428571428572,7.0,0.8181818181818182,0.7275615513884781,0.5412197001182325,0.9967159277504104,0.9735449735449735,0.35714285714285715,2.0,0.8181818181818182,0.7275615513884781,0.5412197001182325
894,0.7318007662835249,0.656084656084656,4.071428571428571,21.0,0.6666666666666666,0.8,0.38389010813086905,0.6212370005473454,0.5238095238095238,4.857142857142857,22.0,0.5384615384615384,0.8,0.38389010813086905
895,0.9682539682539683,0.8835978835978835,1.2857142857142858,7.0,0.8181818181818182,0.5759853672835461,0.45872636917815124,0.9934318555008209,0.9523809523809524,0.6428571428571429,2.0,0.8181818181818182,0.5759853672835461,0.45872636917815124
896,0.9616858237547894,0.8518518518518519,1.5,7.0,0.6666666666666666,0.6802345597159827,0.49945085068228984,0.9994526546250683,0.9947089947089945,0.07142857142857142,1.0,1.0,0.6802345597159827,0.49945085068228984
897,0.9737274220032841,0.8730158730158729,1.2857142857142858,5.0,0.6666666666666666,0.5404351284112907,0.3582884862205308,0.9939792008757526,0.9735449735449735,0.35714285714285715,4.0,1.0,0.5404351284112907,0.3582884862205308
898,0.9666119321291735,0.8677248677248677,1.3571428571428572,7.0,0.6666666666666666,0.597169835382992,0.44067509670968347,0.9978106185002736,0.9788359788359787,0.2857142857142857,1.0,1.0,0.597169835382992,0.44067509670968347
899,0.9715380405035577,0.8677248677248677,1.2857142857142858,5.0,0.6666666666666666,0.570724476598879,0.3741076295258744,0.9928845101258894,0.9682539682539683,0.42857142857142855,4.0,1.0,0.570724476598879,0.3741076295258744
900,0.9655172413793103,0.8624338624338624,1.3571428571428572,7.0,0.6666666666666666,0.623641800262795,0.4629059909951629,0.9972632731253421,0.9735449735449735,0.35714285714285715,1.0,1.0,0.623641800262795,0.4629059909951629
901,0.9715380405035577,0.8730158730158729,1.3571428571428572,5.0,0.6666666666666666,0.5481390811990814,0.3927112305474521,0.9978106185002736,0.9841269841269842,0.21428571428571427,2.0,1.0,0.5481390811990814,0.3927112305474521
902,0.9644225506294472,0.857142857142857,1.5,6.0,0.6666666666666666,0.5878490218144634,0.40266132308570435,0.9989053092501368,0.9894179894179893,0.14285714285714285,1.0,1.0,0.5878490218144634,0.40266132308570435
903,0.967159277504105,0.8730158730158729,1.2857142857142858,7.0,0.6666666666666666,0.5835150402500482,0.44146816903731523,0.9983579638752054,0.9841269841269842,0.21428571428571427,1.0,1.0,0.5835150402500482,0.44146816903731523
904,0.9819376026272578,0.9153439153439152,0.8571428571428571,5.0,0.8181818181818182,0.4772333748436826,0.32850291177313623,0.9896004378762999,0.9417989417989417,0.7142857142857143,4.0,0.8181818181818182,0.4772333748436826,0.32850291177313623
905,0.9638752052545155,0.8677248677248677,1.3571428571428572,7.0,0.8181818181818182,0.613889045088013,0.45997518544163407,0.9978106185002736,0.9788359788359787,0.2857142857142857,1.0,0.8181818181818182,0.613889045088013,0.45997518544163407
906,0.9627805145046523,0.857142857142857,1.5,6.0,0.6666666666666666,0.6167926942724555,0.41218533709087674,0.9972632731253421,0.9788359788359787,0.2857142857142857,2.0,1.0,0.6167926942724555,0.41218533709087674
907,0.9616858237547894,0.8518518518518519,1.5,7.0,0.6666666666666666,0.637286604261853,0.4511934705882195,0.9994526546250683,0.9947089947089945,0.07142857142857142,1.0,1.0,0.637286604261853,0.4511934705882195
908,0.9589490968801313,0.8359788359788359,1.7142857142857142,7.0,0.6666666666666666,0.6371223299466695,0.4541937601890847,0.9846743295019157,0.9259259259259259,0.8571428571428571,3.0,1.0,0.6371223299466695,0.4541937601890847
909,0.9737274220032841,0.8835978835978835,1.2142857142857142,5.0,0.8181818181818182,0.54196083220753,0.3905239109510567,0.994526546250684,0.9629629629629629,0.42857142857142855,3.0,0.8181818181818182,0.54196083220753,0.3905239109510567
910,0.9748221127531472,0.8783068783068783,1.2857142857142858,5.0,0.6666666666666666,0.5486174933111513,0.3865149531048022,0.996168582375479,0.9788359788359787,0.2857142857142857,3.0,1.0,0.5486174933111513,0.3865149531048022
911,0.9704433497536945,0.8783068783068783,1.2857142857142858,5.0,0.8181818181818182,0.5629385939969402,0.3978891797900963,0.996168582375479,0.9682539682539683,0.35714285714285715,2.0,0.8181818181818182,0.5629385939969402,0.3978891797900963
912,0.6611932129173508,0.5238095238095238,4.714285714285714,21.0,0.5384615384615384,0.8,0.5180829860248334,0.6075533661740558,0.5714285714285714,4.928571428571429,22.0,0.42857142857142855,0.8,0.5180829860248334
913,0.9748221127531472,0.8730158730158729,1.3571428571428572,5.0,0.6666666666666666,0.5142328011646911,0.33285818415037216,0.9835796387520527,0.9206349206349207,0.8571428571428571,5.0,1.0,0.5142328011646911,0.33285818415037216
914,0.9638752052545155,0.8677248677248677,1.3571428571428572,7.0,0.8181818181818182,0.644835072691593,0.48115152364956554,0.9978106185002736,0.9788359788359787,0.2857142857142857,1.0,0.8181818181818182,0.644835072691593,0.48115152364956554
915,0.9666119321291735,0.8677248677248677,1.3571428571428572,7.0,0.6666666666666666,0.663106825896739,0.4852093060123779,0.9978106185002736,0.9788359788359787,0.2857142857142857,1.0,1.0,0.663106825896739,0.4852093060123779
916,0.9633278598795839,0.8624338624338624,1.4285714285714286,7.0,0.6666666666666666,0.6462639145517401,0.4743506644245935,0.9983579638752054,0.9841269841269842,0.21428571428571427,1.0,1.0,0.6462639145517401,0.4743506644245935
917,0.9638752052545155,0.8518518518518519,1.5,7.0,0.6666666666666666,0.5854618133931091,0.41961475420447913,0.994526546250684,0.9629629629629629,0.5,2.0,1.0,0.5854618133931091,0.41961475420447913
918,0.9666119321291735,0.8677248677248677,1.3571428571428572,7.0,0.6666666666666666,0.6732387390457182,0.48955255996655883,0.9978106185002736,0.9788359788359787,0.2857142857142857,1.0,1.0,0.6732387390457182,0.48955255996655883
919,0.9786535303776682,0.8941798941798942,1.1428571428571428,5.0,0.6666666666666666,0.5023898628990358,0.3280019654704147,0.9885057471264367,0.9417989417989417,0.7142857142857143,5.0,1.0,0.5023898628990358,0.3280019654704147
920,0.9616858237547894,0.8412698412698412,1.5714285714285714,7.0,0.6666666666666666,0.5719540213312699,0.3963520711369614,0.990695128626163,0.9417989417989417,0.6428571428571429,3.0,1.0,0.5719540213312699,0.3963520711369614
921,0.9594964422550629,0.8201058201058201,1.7857142857142858,5.0,0.6666666666666666,0.6469725997357664,0.37361050797137024,0.9835796387520527,0.9206349206349207,0.8571428571428571,4.0,1.0,0.6469725997357664,0.37361050797137024
922,0.9677066228790366,0.8730158730158729,1.2857142857142858,7.0,0.6666666666666666,0.537630171704844,0.4145631075240266,0.9972632731253421,0.9735449735449735,0.35714285714285715,1.0,1.0,0.537630171704844,0.4145631075240266
923,0.9534756431308156,0.8253968253968254,1.6428571428571428,7.0,0.6666666666666666,0.6945059855062181,0.45325857384630375,0.9956212370005473,0.9682539682539683,0.35714285714285715,2.0,1.0,0.6945059855062181,0.45325857384630375
924,0.9726327312534209,0.8677248677248677,1.3571428571428572,5.0,0.6666666666666666,0.5646858481767938,0.3724334276029964,0.9928845101258894,0.9682539682539683,0.42857142857142855,4.0,1.0,0.5646858481767938,0.3724334276029964
925,0.9786535303776682,0.8994708994708994,1.0714285714285714,5.0,0.8181818181818182,0.5375911823818738,0.34064086373246416,0.9852216748768472,0.9259259259259259,0.9285714285714286,5.0,0.8181818181818182,0.5375911823818738,0.34064086373246416
926,0.967159277504105,0.8783068783068783,1.2857142857142858,7.0,0.8181818181818182,0.5785122868049424,0.4450772139863215,0.9978106185002736,0.9788359788359787,0.2857142857142857,1.0,0.8181818181818182,0.5785122868049424,0.4450772139863215
927,0.9770114942528736,0.8941798941798942,1.1428571428571428,5.0,0.8181818181818182,0.5023066238128129,0.36899360003909637,0.994526546250684,0.9629629629629629,0.42857142857142855,3.0,0.8181818181818182,0.5023066238128129,0.36899360003909637
928,0.9737274220032841,0.8835978835978835,1.2142857142857142,5.0,0.8181818181818182,0.5376686471272187,0.39058442788375686,0.994526546250684,0.9629629629629629,0.42857142857142855,3.0,0.8181818181818182,0.5376686471272187,0.39058442788375686
929,0.975369458128079,0.8888888888888887,1.0714285714285714,5.0,0.8181818181818182,0.47325834168358033,0.36140792012221823,0.9813902572523261,0.9365079365079365,0.7857142857142857,7.0,0.8181818181818182,0.47325834168358033,0.36140792012221823
930,0.9731800766283524,0.8783068783068783,1.2142857142857142,5.0,0.8181818181818182,0.5482103885927989,0.37632990941531225,0.990695128626163,0.947089947089947,0.6428571428571429,4.0,0.8181818181818182,0.5482103885927989,0.37632990941531225
931,0.9666119321291735,0.8677248677248677,1.3571428571428572,7.0,0.6666666666666666,0.5987030742638533,0.4297985551196745,0.9978106185002736,0.9788359788359787,0.2857142857142857,1.0,1.0,0.5987030742638533,0.4297985551196745
932,0.9573070607553366,0.8465608465608466,1.5714285714285714,7.0,0.8181818181818182,0.6211264396931858,0.41786162131081245,0.9956212370005473,0.9682539682539683,0.42857142857142855,2.0,0.8181818181818182,0.6211264396931858,0.41786162131081245
933,0.9748221127531472,0.8730158730158729,1.3571428571428572,5.0,0.6666666666666666,0.5372834975965268,0.35833789243434894,0.9890530925013684,0.9417989417989417,0.6428571428571429,4.0,1.0,0.5372834975965268,0.35833789243434894
934,0.9649698960043787,0.8624338624338624,1.4285714285714286,7.0,0.6666666666666666,0.7339145974668233,0.5669572987334116,0.9994526546250683,0.9947089947089945,0.07142857142857142,1.0,1.0,0.7339145974668233,0.5669572987334116
935,0.9666119321291735,0.857142857142857,1.5,6.0,0.6666666666666666,0.5434390573174422,0.37884355554825766,0.9939792008757526,0.9576719576719577,0.5714285714285714,2.0,1.0,0.5434390573174422,0.37884355554825766
936,0.9562123700054733,0.8518518518518519,1.5714285714285714,7.0,0.8181818181818182,0.6112200980543651,0.45012372540279544,0.9901477832512315,0.9417989417989417,0.7142857142857143,3.0,0.8181818181818182,0.6112200980543651,0.45012372540279544
937,0.9633278598795839,0.857142857142857,1.5714285714285714,7.0,0.6666666666666666,0.5623217877316156,0.43952182026683095,0.990695128626163,0.947089947089947,0.7142857142857143,2.0,1.0,0.5623217877316156,0.43952182026683095
938,0.9693486590038315,0.8888888888888887,1.2142857142857142,7.0,0.8181818181818182,0.6467063874368549,0.5037426636288114,0.9956212370005473,0.9682539682539683,0.42857142857142855,2.0,0.8181818181818182,0.6467063874368549,0.5037426636288114
939,0.9666119321291735,0.8730158730158729,1.3571428571428572,7.0,0.6666666666666666,0.54216201961661,0.39763625944461833,0.9983579638752054,0.9841269841269842,0.21428571428571427,1.0,1.0,0.54216201961661,0.39763625944461833
940,0.967159277504105,0.8783068783068783,1.2857142857142858,7.0,0.8181818181818182,0.5599231609719086,0.4181268752608325,0.9978106185002736,0.9788359788359787,0.2857142857142857,1.0,0.8181818181818182,0.5599231609719086,0.4181268752608325
941,0.9184455391351943,0.783068783068783,2.2142857142857144,11.0,0.8181818181818182,0.49644303150892316,0.41294822526867253,0.8866995073891626,0.798941798941799,2.2857142857142856,13.0,0.6666666666666666,0.49644303150892316,0.41294822526867253
942,0.9348659003831418,0.8306878306878307,2.0,10.0,0.8181818181818182,0.513823836104494,0.3471049577927194,0.8932676518883416,0.8042328042328042,2.2142857142857144,12.0,0.6666666666666666,0.513823836104494,0.3471049577927194
943,0.9518336070060207,0.8412698412698412,1.5714285714285714,7.0,0.8181818181818182,0.7174003757265965,0.48287672943162735,0.9923371647509577,0.9523809523809524,0.5714285714285714,3.0,0.8181818181818182,0.7174003757265965,0.48287672943162735
944,0.9633278598795839,0.857142857142857,1.5,7.0,0.6666666666666666,0.6224105677526535,0.45191250490844553,0.9999999999999998,1.0,0.0,0.0,1.0,0.6224105677526535,0.45191250490844553
945,0.9698960043787629,0.8677248677248677,1.3571428571428572,5.0,0.6666666666666666,0.5771328969447953,0.3705575494537588,0.9917898193760263,0.9576719576719577,0.5714285714285714,4.0,1.0,0.5771328969447953,0.3705575494537588
946,0.9786535303776682,0.8888888888888887,1.1428571428571428,5.0,0.6666666666666666,0.5039567295054093,0.3535285067910775,0.9923371647509577,0.9576719576719577,0.5714285714285714,4.0,1.0,0.5039567295054093,0.3535285067910775
947,0.9545703338806788,0.8518518518518519,1.5714285714285714,7.0,0.8181818181818182,0.6592172105471221,0.45952644772593404,0.9917898193760263,0.9523809523809524,0.6428571428571429,3.0,0.8181818181818182,0.6592172105471221,0.45952644772593404
948,0.9688013136288999,0.8835978835978835,1.2142857142857142,7.0,0.8181818181818182,0.6190994086183943,0.49017421891126517,0.9967159277504104,0.9735449735449735,0.35714285714285715,2.0,0.8181818181818182,0.6190994086183943,0.49017421891126517
949,0.9704433497536945,0.8941798941798942,1.2142857142857142,7.0,0.8181818181818182,0.5927317888917727,0.48568174830642247,0.994526546250684,0.9629629629629629,0.5,2.0,0.8181818181818182,0.5927317888917727,0.48568174830642247
950,0.9616858237547894,0.8412698412698412,1.5714285714285714,7.0,0.6666666666666666,0.6869785578296645,0.49977504841556153,0.9923371647509577,0.9523809523809524,0.5714285714285714,3.0,1.0,0.6869785578296645,0.49977504841556153
951,0.9594964422550629,0.8465608465608466,1.5,7.0,0.6666666666666666,0.6558474469961082,0.4587957707693144,0.9983579638752054,0.9894179894179893,0.14285714285714285,2.0,1.0,0.6558474469961082,0.4587957707693144
952,0.9616858237547894,0.8465608465608466,1.7857142857142858,5.0,0.6666666666666666,0.6343171096184123,0.35362061898609204,0.9709906951286261,0.8624338624338624,1.5,5.0,1.0,0.6343171096184123,0.35362061898609204
953,0.9584017515051997,0.8518518518518519,1.5,7.0,0.8181818181818182,0.6852676054623463,0.4880304427499596,0.9950738916256158,0.9629629629629629,0.5,2.0,0.8181818181818182,0.6852676054623463,0.4880304427499596
954,0.967159277504105,0.8677248677248677,1.3571428571428572,5.0,0.8181818181818182,0.5984892923333371,0.40784667909624406,0.9956212370005473,0.9682539682539683,0.42857142857142855,2.0,0.8181818181818182,0.5984892923333371,0.40784667909624406
955,0.9573070607553366,0.8412698412698412,1.5714285714285714,7.0,0.6666666666666666,0.6294941868799545,0.4231030735240376,0.9978106185002736,0.9841269841269842,0.21428571428571427,2.0,1.0,0.6294941868799545,0.4231030735240376
956,0.9677066228790366,0.8835978835978835,1.2857142857142858,7.0,0.8181818181818182,0.5353906343111026,0.4047444701440944,0.9967159277504104,0.9735449735449735,0.35714285714285715,2.0,0.8181818181818182,0.5353906343111026,0.4047444701440944
957,0.9616858237547894,0.8518518518518519,1.5,7.0,0.6666666666666666,0.645010312439068,0.46630831514493865,0.9994526546250683,0.9947089947089945,0.07142857142857142,1.0,1.0,0.645010312439068,0.46630831514493865
958,0.9797482211275315,0.9047619047619047,1.0,5.0,0.8181818181818182,0.45717289646606774,0.3370212751092656,0.9917898193760263,0.9523809523809524,0.5714285714285714,4.0,0.8181818181818182,0.45717289646606774,0.3370212751092656
959,0.9737274220032841,0.8835978835978835,1.2142857142857142,5.0,0.6666666666666666,0.5180441324103036,0.38262692986962377,0.9967159277504104,0.9735449735449735,0.2857142857142857,2.0,1.0,0.5180441324103036,0.38262692986962377
960,0.9611384783798578,0.8359788359788359,1.5714285714285714,7.0,0.6666666666666666,0.7180721917522102,0.5192111075013544,0.9917898193760263,0.947089947089947,0.5714285714285714,3.0,1.0,0.7180721917522102,0.5192111075013544
961,0.9540229885057472,0.8465608465608466,1.6428571428571428,7.0,0.8181818181818182,0.6411529518853125,0.4526798745440202,0.9912424740010948,0.947089947089947,0.7142857142857143,3.0,0.8181818181818182,0.6411529518853125,0.4526798745440202
962,0.9797482211275315,0.91005291005291,1.0714285714285714,5.0,0.8181818181818182,0.4571724008180437,0.31646828349867023,0.9863163656267103,0.947089947089947,0.5714285714285714,6.0,0.8181818181818182,0.4571724008180437,0.31646828349867023
963,0.962233169129721,0.8465608465608466,1.5714285714285714,7.0,0.6666666666666666,0.6249198895220053,0.4558429054191808,0.9912424740010948,0.947089947089947,0.6428571428571429,3.0,1.0,0.6249198895220053,0.4558429054191808
964,0.9594964422550629,0.8465608465608466,1.5,7.0,0.6666666666666666,0.6152372814724905,0.4228613576299645,0.9983579638752054,0.9894179894179893,0.14285714285714285,2.0,1.0,0.6152372814724905,0.4228613576299645
965,0.9655172413793103,0.8730158730158729,1.3571428571428572,7.0,0.8181818181818182,0.6088416739442541,0.4653236485914113,0.9950738916256158,0.9629629629629629,0.5,2.0,0.8181818181818182,0.6088416739442541,0.4653236485914113
966,0.9567597153804049,0.8359788359788359,1.6428571428571428,7.0,0.6666666666666666,0.6514009117698849,0.44694447237485785,0.9972632731253421,0.9788359788359787,0.21428571428571427,2.0,1.0,0.6514009117698849,0.44694447237485785
967,0.9655172413793103,0.8624338624338624,1.3571428571428572,7.0,0.6666666666666666,0.5674805854627989,0.4120995033657922,0.9972632731253421,0.9735449735449735,0.35714285714285715,1.0,1.0,0.5674805854627989,0.4120995033657922
968,0.9633278598795839,0.857142857142857,1.5714285714285714,7.0,0.6666666666666666,0.5464304112494957,0.3984710676234679,0.990695128626163,0.947089947089947,0.7142857142857143,2.0,1.0,0.5464304112494957,0.3984710676234679
969,0.9682539682539683,0.8783068783068783,1.2857142857142858,7.0,0.6666666666666666,0.5824184355043287,0.44372224536991994,0.9978106185002736,0.9788359788359787,0.2857142857142857,1.0,1.0,0.5824184355043287,0.44372224536991994
970,0.9715380405035577,0.8677248677248677,1.2857142857142858,5.0,0.6666666666666666,0.5761478748738494,0.37267469032902306,0.9928845101258894,0.9682539682539683,0.42857142857142855,4.0,1.0,0.5761478748738494,0.37267469032902306
971,0.975369458128079,0.8783068783068783,1.2857142857142858,5.0,0.6666666666666666,0.5409699802779101,0.37099297581990975,0.994526546250684,0.9788359788359787,0.2857142857142857,4.0,1.0,0.5409699802779101,0.37099297581990975
972,0.9759168035030105,0.8888888888888887,1.1428571428571428,5.0,0.8181818181818182,0.5295365662064686,0.36629734284356674,0.9923371647509577,0.9576719576719577,0.5,4.0,0.8181818181818182,0.5295365662064686,0.36629734284356674
973,0.9781061850027366,0.8888888888888887,1.1428571428571428,5.0,0.6666666666666666,0.5216269899842689,0.36493861054088955,0.9934318555008209,0.9682539682539683,0.35714285714285715,4.0,1.0,0.5216269899842689,0.36493861054088955
974,0.9704433497536945,0.8941798941798942,1.2142857142857142,7.0,0.8181818181818182,0.593481938595712,0.4959096539334662,0.994526546250684,0.9629629629629629,0.5,2.0,0.8181818181818182,0.593481938595712,0.4959096539334662
975,0.9600437876299945,0.8465608465608466,1.5714285714285714,6.0,0.6666666666666666,0.6234876706872936,0.40747509221795275,0.9972632731253421,0.9788359788359787,0.2857142857142857,2.0,1.0,0.6234876706872936,0.40747509221795275
976,0.9666119321291735,0.8783068783068783,1.3571428571428572,6.0,0.8181818181818182,0.5568210354405754,0.3466391208322526,0.9693486590038315,0.8941798941798942,1.2142857142857142,8.0,0.8181818181818182,0.5568210354405754,0.3466391208322526
977,0.9731800766283524,0.8941798941798942,1.1428571428571428,6.0,0.8181818181818182,0.500976875628989,0.3966097844147165,0.994526546250684,0.9629629629629629,0.5,2.0,0.8181818181818182,0.500976875628989,0.3966097844147165
978,0.9611384783798578,0.857142857142857,1.4285714285714286,7.0,0.8181818181818182,0.6285902484075805,0.4490614404865489,0.996168582375479,0.9682539682539683,0.42857142857142855,2.0,0.8181818181818182,0.6285902484075805,0.4490614404865489
979,0.9737274220032841,0.8835978835978835,1.1428571428571428,5.0,0.8181818181818182,0.5645929258346672,0.37631942480238517,0.9912424740010948,0.9523809523809524,0.5714285714285714,4.0,0.8181818181818182,0.5645929258346672,0.37631942480238517
980,0.9863163656267103,0.9365079365079365,0.7142857142857143,5.0,0.8181818181818182,0.3999999999999999,0.30160314338936434,0.9797482211275315,0.9206349206349207,0.8571428571428571,7.0,0.8181818181818182,0.3999999999999999,0.30160314338936434
981,0.9633278598795839,0.8624338624338624,1.4285714285714286,7.0,0.6666666666666666,0.6386658364417159,0.4673099666174386,0.9983579638752054,0.9841269841269842,0.21428571428571427,1.0,1.0,0.6386658364417159,0.4673099666174386
982,0.9677066228790366,0.8783068783068783,1.2857142857142858,6.0,0.8181818181818182,0.5633975257172916,0.34906408894379465,0.9835796387520527,0.9259259259259259,0.9285714285714286,5.0,0.8181818181818182,0.5633975257172916,0.34906408894379465
983,0.9759168035030105,0.8941798941798942,1.0714285714285714,5.0,0.8181818181818182,0.5091550253081947,0.3811490243998183,0.9923371647509577,0.9523809523809524,0.5714285714285714,3.0,0.8181818181818182,0.5091550253081947,0.3811490243998183
984,0.9819376026272578,0.9153439153439152,0.8571428571428571,5.0,0.8181818181818182,0.41663716563246256,0.3143750583596141,0.9896004378762999,0.9417989417989417,0.7142857142857143,4.0,0.8181818181818182,0.41663716563246256,0.3143750583596141
985,0.9666119321291735,0.8677248677248677,1.3571428571428572,7.0,0.6666666666666666,0.5485557490698485,0.40753822386358496,0.9978106185002736,0.9788359788359787,0.2857142857142857,1.0,1.0,0.5485557490698485,0.40753822386358496
986,0.9633278598795839,0.8624338624338624,1.4285714285714286,6.0,0.8181818181818182,0.5770550715862277,0.40957392959437594,0.9874110563765736,0.9312169312169312,0.8571428571428571,3.0,0.8181818181818182,0.5770550715862277,0.40957392959437594
987,0.967159277504105,0.8783068783068783,1.2857142857142858,7.0,0.8181818181818182,0.6924847799372136,0.5341613359725167,0.9978106185002736,0.9788359788359787,0.2857142857142857,1.0,0.8181818181818182,0.6924847799372136,0.5341613359725167
988,0.967159277504105,0.857142857142857,1.4285714285714286,5.0,0.6666666666666666,0.6155267206097077,0.39362580616218296,0.994526546250684,0.9682539682539683,0.42857142857142855,3.0,1.0,0.6155267206097077,0.39362580616218296
989,0.9616858237547894,0.8518518518518519,1.5,7.0,0.6666666666666666,0.6417268552657114,0.46121980445962457,0.9994526546250683,0.9947089947089945,0.07142857142857142,1.0,1.0,0.6417268552657114,0.46121980445962457
990,0.9644225506294472,0.857142857142857,1.4285714285714286,7.0,0.6666666666666666,0.657546502191807,0.4850414688156911,0.9989053092501368,0.9894179894179893,0.14285714285714285,1.0,1.0,0.657546502191807,0.4850414688156911
991,0.9677066228790366,0.8730158730158729,1.2857142857142858,6.0,0.8181818181818182,0.5741012737021158,0.4090065313214038,0.9967159277504104,0.9735449735449735,0.35714285714285715,2.0,0.8181818181818182,0.5741012737021158,0.4090065313214038
992,0.9770114942528736,0.8941798941798942,1.1428571428571428,5.0,0.8181818181818182,0.5060377926449788,0.37762454639924314,0.994526546250684,0.9629629629629629,0.42857142857142855,3.0,0.8181818181818182,0.5060377926449788,0.37762454639924314
993,0.9638752052545155,0.8412698412698412,1.5714285714285714,6.0,0.6666666666666666,0.5834951152776227,0.39324001245312773,0.9912424740010948,0.9417989417989417,0.6428571428571429,3.0,1.0,0.5834951152776227,0.39324001245312773
994,0.9737274220032841,0.8888888888888887,1.0714285714285714,5.0,0.8181818181818182,0.5162872525908601,0.3719793642692619,0.9813902572523261,0.9365079365079365,0.8571428571428571,7.0,0.8181818181818182,0.5162872525908601,0.3719793642692619
995,0.962233169129721,0.8677248677248677,1.3571428571428572,6.0,0.8181818181818182,0.5733410280531419,0.3899823654861981,0.9655172413793103,0.8941798941798942,1.2142857142857142,9.0,0.8181818181818182,0.5733410280531419,0.3899823654861981
996,0.9490968801313627,0.8042328042328042,1.8571428571428572,7.0,0.6666666666666666,0.7219691770430723,0.46241155268055145,0.9912424740010948,0.947089947089947,0.5714285714285714,3.0,1.0,0.7219691770430723,0.46241155268055145
997,0.9578544061302682,0.8359788359788359,1.6428571428571428,7.0,0.6666666666666666,0.6377436586867868,0.4389334328158377,0.996168582375479,0.9788359788359787,0.21428571428571427,3.0,1.0,0.6377436586867868,0.4389334328158377
998,0.9655172413793103,0.8624338624338624,1.3571428571428572,7.0,0.6666666666666666,0.6175506991000179,0.4512152545175538,0.9983579638752054,0.9841269841269842,0.21428571428571427,1.0,1.0,0.6175506991000179,0.4512152545175538
999,0.8812260536398466,0.7354497354497355,2.7857142857142856,12.0,0.8181818181818182,0.5726718034648575,0.42319392865098293,0.8407224958949097,0.7513227513227513,2.857142857142857,15.0,0.6666666666666666,0.5726718034648575,0.42319392865098293
1000,0.9660645867542419,0.8677248677248677,1.3571428571428572,7.0,0.6666666666666666,0.5336515416615419,0.3988473797893685,0.9989053092501368,0.9894179894179893,0.14285714285714285,1.0,1.0,0.5336515416615419,0.3988473797893685
1001,0.9693486590038315,0.857142857142857,1.4285714285714286,5.0,0.8181818181818182,0.53252692463056,0.3463804267083707,0.9786535303776682,0.9047619047619047,1.0,6.0,0.8181818181818182,0.53252692463056,0.3463804267083707
1002,0.9545703338806788,0.8359788359788359,1.6428571428571428,7.0,0.6666666666666666,0.6600916941859589,0.4372974863640111,0.9956212370005473,0.9682539682539683,0.35714285714285715,2.0,1.0,0.6600916941859589,0.4372974863640111
1003,0.9649698960043787,0.8624338624338624,1.4285714285714286,7.0,0.6666666666666666,0.7033362149890512,0.533878787027304,0.9994526546250683,0.9947089947089945,0.07142857142857142,1.0,1.0,0.7033362149890512,0.533878787027304
1004,0.9655172413793103,0.8624338624338624,1.4285714285714286,7.0,0.6666666666666666,0.5173392818571552,0.3993398377168946,0.9950738916256158,0.9629629629629629,0.5,2.0,1.0,0.5173392818571552,0.3993398377168946
1005,0.9534756431308156,0.8253968253968254,1.7142857142857142,7.0,0.6666666666666666,0.6915762906149916,0.4642822708659539,0.9950738916256158,0.9682539682539683,0.42857142857142855,2.0,1.0,0.6915762906149916,0.4642822708659539
1006,0.9841269841269842,0.91005291005291,1.0,4.0,0.6666666666666666,0.45304075115340675,0.3280312109574585,0.9841269841269842,0.9153439153439152,1.0,4.0,1.0,0.45304075115340675,0.3280312109574585
1007,0.967159277504105,0.857142857142857,1.5714285714285714,5.0,0.6666666666666666,0.540584089939621,0.3729998379203879,0.9885057471264367,0.9365079365079365,0.7857142857142857,3.0,1.0,0.540584089939621,0.3729998379203879
1008,0.9792008757525997,0.8994708994708994,1.0714285714285714,5.0,0.8181818181818182,0.47976748847851675,0.3446013928518949,0.9923371647509577,0.9576719576719577,0.5,4.0,0.8181818181818182,0.47976748847851675,0.3446013928518949
1009,0.9693486590038315,0.8624338624338624,1.3571428571428572,5.0,0.6666666666666666,0.5836091559374748,0.3884749309122303,0.9950738916256158,0.9735449735449735,0.35714285714285715,3.0,1.0,0.5836091559374748,0.3884749309122303
1010,0.9638752052545155,0.8518518518518519,1.5,7.0,0.6666666666666666,0.5776632436489646,0.4147477235102021,0.994526546250684,0.9629629629629629,0.5,2.0,1.0,0.5776632436489646,0.4147477235102021
1011,0.980295566502463,0.91005291005291,0.9285714285714286,5.0,0.8181818181818182,0.42807739557084684,0.35449061333113524,0.9917898193760263,0.947089947089947,0.5714285714285714,3.0,0.8181818181818182,0.42807739557084684,0.35449061333113524
1012,0.9649698960043787,0.857142857142857,1.4285714285714286,7.0,0.6666666666666666,0.6224981503163414,0.4680523202990046,0.996168582375479,0.9682539682539683,0.42857142857142855,2.0,1.0,0.6224981503163414,0.4680523202990046
1013,0.9835796387520527,0.9206349206349207,0.9285714285714286,4.0,0.8181818181818182,0.4129423465629499,0.3514458207309117,0.990695128626163,0.9365079365079365,0.7142857142857143,3.0,0.8181818181818182,0.4129423465629499,0.3514458207309117
1014,0.9518336070060207,0.8095238095238094,1.7857142857142858,7.0,0.6666666666666666,0.7475598169429232,0.5130949086782852,0.9923371647509577,0.9523809523809524,0.5,3.0,1.0,0.7475598169429232,0.5130949086782852
1015,0.9737274220032841,0.8994708994708994,1.2142857142857142,7.0,0.8181818181818182,0.5584926291760111,0.4736374483296066,0.9923371647509577,0.947089947089947,0.6428571428571429,2.0,0.8181818181818182,0.5584926291760111,0.4736374483296066
1016,0.9660645867542419,0.8783068783068783,1.2857142857142858,7.0,0.8181818181818182,0.571124430658855,0.43311985674981396,0.9956212370005473,0.9682539682539683,0.42857142857142855,2.0,0.8181818181818182,0.571124430658855,0.43311985674981396
1017,0.9611384783798578,0.857142857142857,1.4285714285714286,7.0,0.8181818181818182,0.6070034039638497,0.4226346533194933,0.996168582375479,0.9682539682539683,0.42857142857142855,2.0,0.8181818181818182,0.6070034039638497,0.4226346533194933
1018,0.9748221127531472,0.8730158730158729,1.2857142857142858,5.0,0.6666666666666666,0.543177800331337,0.3588070901495523,0.9939792008757526,0.9735449735449735,0.35714285714285715,4.0,1.0,0.543177800331337,0.3588070901495523
1019,0.9764641488779421,0.8941798941798942,1.0714285714285714,5.0,0.8181818181818182,0.5062560209227929,0.3572950418594574,0.9912424740010948,0.9523809523809524,0.5714285714285714,4.0,0.8181818181818182,0.5062560209227929,0.3572950418594574
1020,0.9682539682539683,0.8677248677248677,1.3571428571428572,6.0,0.6666666666666666,0.5407430354981937,0.3875744166829403,0.9967159277504104,0.9682539682539683,0.42857142857142855,1.0,1.0,0.5407430354981937,0.3875744166829403
1021,0.960591133004926,0.857142857142857,1.4285714285714286,7.0,0.8181818181818182,0.6632599577089224,0.4678193777732023,0.9972632731253421,0.9788359788359787,0.2857142857142857,2.0,0.8181818181818182,0.6632599577089224,0.4678193777732023
1022,0.9616858237547894,0.8624338624338624,1.3571428571428572,7.0,0.8181818181818182,0.5989810263991917,0.42073970353333695,0.9967159277504104,0.9735449735449735,0.35714285714285715,2.0,0.8181818181818182,0.5989810263991917,0.42073970353333695
1023,0.9660645867542419,0.8677248677248677,1.3571428571428572,7.0,0.6666666666666666,0.5574131201185379,0.42090378937496964,0.9989053092501368,0.9894179894179893,0.14285714285714285,1.0,1.0,0.5574131201185379,0.42090378937496964
1024,0.9764641488779421,0.8783068783068783,1.2142857142857142,5.0,0.6666666666666666,0.5371889393500497,0.3760530154455554,0.9934318555008209,0.9682539682539683,0.42857142857142855,4.0,1.0,0.5371889393500497,0.3760530154455554
1025,0.9638752052545155,0.8677248677248677,1.4285714285714286,7.0,0.8181818181818182,0.6352713195547124,0.48141939647423865,0.996168582375479,0.9682539682539683,0.42857142857142855,2.0,0.8181818181818182,0.6352713195547124,0.48141939647423865
1026,0.9633278598795839,0.857142857142857,1.5,7.0,0.6666666666666666,0.5628279932260984,0.40066749718845285,0.9999999999999998,1.0,0.0,0.0,1.0,0.5628279932260984,0.40066749718845285
1027,0.9627805145046523,0.8359788359788359,1.6428571428571428,5.0,0.6666666666666666,0.6576815007375585,0.36949739792369646,0.9835796387520527,0.9259259259259259,0.8571428571428571,5.0,1.0,0.6576815007375585,0.36949739792369646
1028,0.9649698960043787,0.857142857142857,1.4285714285714286,7.0,0.6666666666666666,0.6388981153525588,0.49461290280501014,0.996168582375479,0.9682539682539683,0.42857142857142855,2.0,1.0,0.6388981153525588,0.49461290280501014
1029,0.9638752052545155,0.8677248677248677,1.5,7.0,0.8181818181818182,0.6027574543886829,0.49167481148873055,0.9923371647509577,0.947089947089947,0.7142857142857143,2.0,0.8181818181818182,0.6027574543886829,0.49167481148873055
1030,0.9660645867542419,0.8624338624338624,1.5,6.0,0.6666666666666666,0.5755796400976652,0.3976479215655376,0.9994526546250683,0.9947089947089945,0.07142857142857142,1.0,1.0,0.5755796400976652,0.3976479215655376
1031,0.9584017515051997,0.8359788359788359,1.6428571428571428,7.0,0.6666666666666666,0.6858929520273369,0.4885202931064576,0.9928845101258894,0.9576719576719577,0.42857142857142855,3.0,1.0,0.6858929520273369,0.4885202931064576
1032,0.9649698960043787,0.8624338624338624,1.4285714285714286,7.0,0.6666666666666666,0.6452865713702187,0.4770798099523151,0.9994526546250683,0.9947089947089945,0.07142857142857142,1.0,1.0,0.6452865713702187,0.4770798099523151
1033,0.9715380405035577,0.8677248677248677,1.2857142857142858,5.0,0.6666666666666666,0.5692778856109149,0.3730698964376843,0.9928845101258894,0.9682539682539683,0.42857142857142855,4.0,1.0,0.5692778856109149,0.3730698964376843
1034,0.9682539682539683,0.8677248677248677,1.3571428571428572,5.0,0.8181818181818182,0.5974440719315413,0.39842878488840694,0.9917898193760263,0.947089947089947,0.6428571428571429,3.0,0.8181818181818182,0.5974440719315413,0.39842878488840694
1035,0.9666119321291735,0.8730158730158729,1.3571428571428572,7.0,0.6666666666666666,0.6145062319872772,0.46839937137991594,0.9983579638752054,0.9841269841269842,0.21428571428571427,1.0,1.0,0.6145062319872772,0.46839937137991594
1036,0.962233169129721,0.8465608465608466,1.5714285714285714,7.0,0.6666666666666666,0.5842804524718663,0.40744436980378196,0.9934318555008209,0.9576719576719577,0.5714285714285714,2.0,1.0,0.5842804524718663,0.40744436980378196
1037,0.9704433497536945,0.8888888888888887,1.1428571428571428,7.0,0.8181818181818182,0.6376576411238881,0.518828820561944,0.996168582375479,0.9682539682539683,0.42857142857142855,2.0,0.8181818181818182,0.6376576411238881,0.518828820561944
1038,0.9529282977558841,0.8201058201058201,1.8571428571428572,7.0,0.6666666666666666,0.6324377764475746,0.41690737104878284,0.9841269841269842,0.9206349206349207,0.8571428571428571,3.0,1.0,0.6324377764475746,0.41690737104878284
1039,0.9693486590038315,0.8835978835978835,1.1428571428571428,7.0,0.8181818181818182,0.6178095388177121,0.5015630914542283,0.9967159277504104,0.9735449735449735,0.35714285714285715,2.0,0.8181818181818182,0.6178095388177121,0.5015630914542283
1040,0.9616858237547894,0.8624338624338624,1.4285714285714286,7.0,0.8181818181818182,0.583601165334765,0.4257673089980436,0.9950738916256158,0.9629629629629629,0.5,2.0,0.8181818181818182,0.583601165334765,0.4257673089980436
1041,0.9584017515051997,0.8518518518518519,1.5,7.0,0.8181818181818182,0.6450839862966316,0.44242092811203737,0.9950738916256158,0.9629629629629629,0.5,2.0,0.8181818181818182,0.6450839862966316,0.44242092811203737
1042,0.9655172413793103,0.8624338624338624,1.4285714285714286,7.0,0.6666666666666666,0.5285520900369183,0.40946823824183404,0.9950738916256158,0.9629629629629629,0.5,2.0,1.0,0.5285520900369183,0.40946823824183404
1043,0.9781061850027366,0.9153439153439152,1.0714285714285714,7.0,0.8181818181818182,0.5667977787538829,0.4833988893769414,0.990695128626163,0.9417989417989417,0.7142857142857143,3.0,0.8181818181818182,0.5667977787538829,0.4833988893769414
1044,0.960591133004926,0.8465608465608466,1.6428571428571428,7.0,0.6666666666666666,0.6410059950425593,0.4427421559250702,0.996168582375479,0.9788359788359787,0.21428571428571427,3.0,1.0,0.6410059950425593,0.4427421559250702
1045,0.9649698960043787,0.8624338624338624,1.4285714285714286,7.0,0.6666666666666666,0.6271647866224053,0.4663584911561657,0.9994526546250683,0.9947089947089945,0.07142857142857142,1.0,1.0,0.6271647866224053,0.4663584911561657
1046,0.9693486590038315,0.8888888888888887,1.2142857142857142,7.0,0.8181818181818182,0.5894950318265526,0.48739160955949856,0.9956212370005473,0.9682539682539683,0.42857142857142855,2.0,0.8181818181818182,0.5894950318265526,0.48739160955949856
1047,0.9759168035030105,0.8994708994708994,1.0714285714285714,5.0,0.8181818181818182,0.5210565662090091,0.32922506871808216,0.983032293377121,0.9259259259259259,0.8571428571428571,6.0,0.8181818181818182,0.5210565662090091,0.32922506871808216
1048,0.9693486590038315,0.8624338624338624,1.3571428571428572,5.0,0.8181818181818182,0.5610924744007879,0.3524086433607438,0.9824849480021893,0.9312169312169312,0.8571428571428571,6.0,0.8181818181818182,0.5610924744007879,0.3524086433607438
1049,0.9781061850027366,0.91005291005291,0.9285714285714286,5.0,0.8181818181818182,0.47499874414618065,0.3434662568357908,0.980295566502463,0.9259259259259259,0.8571428571428571,7.0,0.8181818181818182,0.47499874414618065,0.3434662568357908
1050,0.9808429118773946,0.9047619047619047,1.0,5.0,0.6666666666666666,0.4163904647993587,0.3163189273958099,0.9917898193760263,0.9523809523809524,0.5714285714285714,4.0,1.0,0.4163904647993587,0.3163189273958099
1051,0.9611384783798578,0.857142857142857,1.4285714285714286,7.0,0.8181818181818182,0.6213489864023092,0.4502643216318808,0.996168582375479,0.9682539682539683,0.42857142857142855,2.0,0.8181818181818182,0.6213489864023092,0.4502643216318808
1052,0.9633278598795839,0.857142857142857,1.5,7.0,0.6666666666666666,0.6741481888898726,0.4987685965180357,0.9999999999999998,1.0,0.0,0.0,1.0,0.6741481888898726,0.4987685965180357
1053,0.9644225506294472,0.8465608465608466,1.5714285714285714,6.0,0.6666666666666666,0.5795181273761034,0.39119645015505267,0.9917898193760263,0.947089947089947,0.6428571428571429,3.0,1.0,0.5795181273761034,0.39119645015505267
1054,0.9633278598795839,0.857142857142857,1.5,7.0,0.6666666666666666,0.598912836146701,0.4236929948071135,0.9999999999999998,1.0,0.0,0.0,1.0,0.598912836146701,0.4236929948071135
1055,0.9715380405035577,0.8783068783068783,1.2142857142857142,5.0,0.8181818181818182,0.5543885098269354,0.3841290221436425,0.9934318555008209,0.9576719576719577,0.5,3.0,0.8181818181818182,0.5543885098269354,0.3841290221436425
1056,0.967159277504105,0.8783068783068783,1.2857142857142858,7.0,0.8181818181818182,0.595162371190417,0.4564386376558824,0.9978106185002736,0.9788359788359787,0.2857142857142857,1.0,0.8181818181818182,0.595162371190417,0.4564386376558824
1057,0.9523809523809524,0.8201058201058201,1.7857142857142858,7.0,0.6666666666666666,0.7187240077094017,0.48336975941055804,0.9934318555008209,0.9629629629629629,0.5,2.0,1.0,0.7187240077094017,0.48336975941055804
1058,0.9852216748768472,0.9259259259259259,0.8571428571428571,5.0,1.0,0.4717763280606414,0.3088398021566123,0.9808429118773946,0.9206349206349207,1.0,6.0,0.6666666666666666,0.4717763280606414,0.3088398021566123
1059,0.967159277504105,0.8783068783068783,1.2857142857142858,7.0,0.8181818181818182,0.6194046570626881,0.4655769579843579,0.9978106185002736,0.9788359788359787,0.2857142857142857,1.0,0.8181818181818182,0.6194046570626881,0.4655769579843579
1060,0.9660645867542419,0.8677248677248677,1.3571428571428572,7.0,0.6666666666666666,0.5947479647618354,0.4608080011895571,0.9989053092501368,0.9894179894179893,0.14285714285714285,1.0,1.0,0.5947479647618354,0.4608080011895571
1061,0.9660645867542419,0.8465608465608466,1.5714285714285714,5.0,0.6666666666666666,0.5690509903511781,0.3791560690277105,0.9890530925013684,0.9365079365079365,0.7142857142857143,3.0,1.0,0.5690509903511781,0.3791560690277105
1062,0.9589490968801313,0.8306878306878307,1.6428571428571428,7.0,0.6666666666666666,0.6553136604455025,0.44871474093428443,0.9912424740010948,0.9417989417989417,0.5714285714285714,3.0,1.0,0.6553136604455025,0.44871474093428443
1063,0.9616858237547894,0.8412698412698412,1.5714285714285714,7.0,0.6666666666666666,0.653981479367102,0.4707023114896505,0.990695128626163,0.9417989417989417,0.6428571428571429,3.0,1.0,0.653981479367102,0.4707023114896505
1064,0.9709906951286261,0.8677248677248677,1.2142857142857142,5.0,0.8181818181818182,0.49161600163925573,0.3692236115894245,0.9775588396278051,0.9153439153439152,1.0,7.0,0.8181818181818182,0.49161600163925573,0.3692236115894245
1065,0.9644225506294472,0.857142857142857,1.5,6.0,0.6666666666666666,0.5712079734425712,0.39709358480933027,0.9989053092501368,0.9894179894179893,0.14285714285714285,1.0,1.0,0.5712079734425712,0.39709358480933027
1066,0.9644225506294472,0.857142857142857,1.4285714285714286,7.0,0.6666666666666666,0.6442607821295361,0.47245398989389376,0.9989053092501368,0.9894179894179893,0.14285714285714285,1.0,1.0,0.6442607821295361,0.47245398989389376
1067,0.9835796387520527,0.9206349206349207,0.7857142857142857,5.0,0.8181818181818182,0.40814608136794267,0.32584683897495603,0.9819376026272578,0.9365079365079365,0.7857142857142857,7.0,0.8181818181818182,0.40814608136794267,0.32584683897495603
1068,0.9638752052545155,0.8677248677248677,1.3571428571428572,7.0,0.8181818181818182,0.6090374457628807,0.45104670737848285,0.9978106185002736,0.9788359788359787,0.2857142857142857,1.0,0.8181818181818182,0.6090374457628807,0.45104670737848285
1069,0.9748221127531472,0.8730158730158729,1.2857142857142858,5.0,0.6666666666666666,0.5469958707918015,0.3629404038701415,0.9939792008757526,0.9735449735449735,0.35714285714285715,4.0,1.0,0.5469958707918015,0.3629404038701415
1070,0.9764641488779421,0.8835978835978835,1.2142857142857142,5.0,0.8181818181818182,0.47580672446377026,0.34828840622706037,0.9797482211275315,0.91005291005291,1.0,6.0,0.8181818181818182,0.47580672446377026,0.34828840622706037
1071,0.9594964422550629,0.8465608465608466,1.5,7.0,0.6666666666666666,0.5929957515234814,0.4068007433100936,0.9983579638752054,0.9894179894179893,0.14285714285714285,2.0,1.0,0.5929957515234814,0.4068007433100936
1072,0.9616858237547894,0.8518518518518519,1.5,7.0,0.6666666666666666,0.6088539534226534,0.43388736571729275,0.9994526546250683,0.9947089947089945,0.07142857142857142,1.0,1.0,0.6088539534226534,0.43388736571729275
1073,0.9638752052545155,0.8624338624338624,1.4285714285714286,6.0,0.8181818181818182,0.5787760539870161,0.3856426627483353,0.9879584017515052,0.9312169312169312,0.8571428571428571,3.0,0.8181818181818182,0.5787760539870161,0.3856426627483353
1074,0.9666119321291735,0.8677248677248677,1.3571428571428572,7.0,0.6666666666666666,0.5554568536313247,0.399859972210885,0.9978106185002736,0.9788359788359787,0.2857142857142857,1.0,1.0,0.5554568536313247,0.399859972210885
1075,0.9666119321291735,0.8677248677248677,1.3571428571428572,7.0,0.6666666666666666,0.5684133640910252,0.408594917262001,0.9978106185002736,0.9788359788359787,0.2857142857142857,1.0,1.0,0.5684133640910252,0.408594917262001
1076,0.9518336070060207,0.8095238095238094,1.7857142857142858,7.0,0.6666666666666666,0.7375326932020048,0.4861541614280072,0.9879584017515052,0.9312169312169312,0.7142857142857143,4.0,1.0,0.7375326932020048,0.4861541614280072
1077,0.9611384783798578,0.8359788359788359,1.5714285714285714,7.0,0.6666666666666666,0.6387508630549734,0.44011473726950634,0.9917898193760263,0.947089947089947,0.5714285714285714,3.0,1.0,0.6387508630549734,0.44011473726950634
1078,0.9633278598795839,0.857142857142857,1.5,7.0,0.6666666666666666,0.5951126261045945,0.4269006845370693,0.9999999999999998,1.0,0.0,0.0,1.0,0.5951126261045945,0.4269006845370693
1079,0.9715380405035577,0.8730158730158729,1.3571428571428572,5.0,0.6666666666666666,0.5446143073950815,0.38519721329960993,0.9978106185002736,0.9841269841269842,0.21428571428571427,2.0,1.0,0.5446143073950815,0.38519721329960993
1080,0.9649698960043787,0.8624338624338624,1.4285714285714286,7.0,0.6666666666666666,0.6460700329871625,0.47280410186109834,0.9994526546250683,0.9947089947089945,0.07142857142857142,1.0,1.0,0.6460700329871625,0.47280410186109834
1081,0.9781061850027366,0.9047619047619047,1.0714285714285714,5.0,0.8181818181818182,0.4729930117511037,0.32821525946626456,0.9857690202517788,0.9417989417989417,0.6428571428571429,6.0,0.8181818181818182,0.4729930117511037,0.32821525946626456
1082,0.9775588396278051,0.8941798941798942,1.1428571428571428,5.0,0.8181818181818182,0.48375424315585003,0.3288813949391575,0.9879584017515052,0.9629629629629629,0.5,6.0,0.8181818181818182,0.48375424315585003,0.3288813949391575
1083,0.9824849480021893,0.9153439153439152,0.8571428571428571,5.0,0.8181818181818182,0.42522500398556645,0.3426456798549337,0.9896004378762999,0.9417989417989417,0.6428571428571429,4.0,0.8181818181818182,0.42522500398556645,0.3426456798549337
1084,0.967159277504105,0.8730158730158729,1.2857142857142858,7.0,0.6666666666666666,0.6086085247225425,0.4615352111476584,0.9983579638752054,0.9841269841269842,0.21428571428571427,1.0,1.0,0.6086085247225425,0.4615352111476584
1085,0.9567597153804049,0.8253968253968254,1.7142857142857142,7.0,0.6666666666666666,0.6322920163031125,0.42866258318413564,0.9901477832512315,0.9365079365079365,0.5714285714285714,3.0,1.0,0.6322920163031125,0.42866258318413564
1086,0.967159277504105,0.8412698412698412,1.5714285714285714,5.0,0.6666666666666666,0.591890797893059,0.3770355676450018,0.9852216748768472,0.9206349206349207,0.7857142857142857,4.0,1.0,0.591890797893059,0.3770355676450018
1087,0.9518336070060207,0.8095238095238094,1.7857142857142858,7.0,0.6666666666666666,0.716235447491719,0.4865738362478661,0.9879584017515052,0.9312169312169312,0.7142857142857143,4.0,1.0,0.716235447491719,0.4865738362478661
1088,0.8527640941434045,0.6719576719576719,3.0714285714285716,15.0,0.8181818181818182,0.633112944665348,0.4713859523620104,0.8177339901477831,0.6984126984126984,3.2142857142857144,16.0,0.6666666666666666,0.633112944665348,0.4713859523620104
1089,0.9808429118773946,0.91005291005291,0.9285714285714286,5.0,1.0,0.4934027233149983,0.3273253204923603,0.9677066228790366,0.8941798941798942,1.2142857142857142,9.0,0.6666666666666666,0.4934027233149983,0.3273253204923603
1090,0.9518336070060207,0.8095238095238094,1.7857142857142858,7.0,0.6666666666666666,0.6841251164549474,0.44323727131808255,0.9879584017515052,0.9312169312169312,0.7142857142857143,4.0,1.0,0.6841251164549474,0.44323727131808255
1091,0.9737274220032841,0.8730158730158729,1.2857142857142858,5.0,0.6666666666666666,0.5238096693704362,0.3518206546412585,0.9939792008757526,0.9735449735449735,0.35714285714285715,4.0,1.0,0.5238096693704362,0.3518206546412585
1092,0.9551176792556102,0.8412698412698412,1.5714285714285714,7.0,0.8181818181818182,0.6534619841753893,0.436441174193935,0.9950738916256158,0.9629629629629629,0.42857142857142855,2.0,0.8181818181818182,0.6534619841753893,0.436441174193935
1093,0.962233169129721,0.8518518518518519,1.5,6.0,0.6666666666666666,0.5843817033941072,0.4033189476106902,0.9978106185002736,0.9841269841269842,0.21428571428571427,2.0,1.0,0.5843817033941072,0.4033189476106902
1094,0.9770114942528736,0.8835978835978835,1.2142857142857142,5.0,0.6666666666666666,0.5055142158781634,0.3506738068063813,0.9939792008757526,0.9735449735449735,0.35714285714285715,4.0,1.0,0.5055142158781634,0.3506738068063813
1095,0.9792008757525997,0.9047619047619047,1.0,5.0,0.8181818181818182,0.4964671353313168,0.3675428000103871,0.9923371647509577,0.9523809523809524,0.5714285714285714,3.0,0.8181818181818182,0.4964671353313168,0.3675428000103871
1096,0.9693486590038315,0.8888888888888887,1.2142857142857142,7.0,0.8181818181818182,0.6344343382837283,0.501994974501643,0.9956212370005473,0.9682539682539683,0.42857142857142855,2.0,0.8181818181818182,0.6344343382837283,0.501994974501643
1097,0.9759168035030105,0.8783068783068783,1.2142857142857142,5.0,0.8181818181818182,0.4967929815324044,0.3488139895040436,0.9792008757525997,0.9047619047619047,1.0714285714285714,6.0,0.8181818181818182,0.4967929815324044,0.3488139895040436
1098,0.9518336070060207,0.8095238095238094,1.7857142857142858,7.0,0.6666666666666666,0.710730590648337,0.4754149414397381,0.9879584017515052,0.9312169312169312,0.7142857142857143,4.0,1.0,0.710730590648337,0.4754149414397381
1099,0.9649698960043787,0.8624338624338624,1.4285714285714286,7.0,0.6666666666666666,0.5625201750059519,0.4051543793212213,0.9994526546250683,0.9947089947089945,0.07142857142857142,1.0,1.0,0.5625201750059519,0.4051543793212213
1100,0.9737274220032841,0.8994708994708994,1.2142857142857142,7.0,0.8181818181818182,0.6214949593753394,0.5107474796876696,0.9923371647509577,0.947089947089947,0.6428571428571429,2.0,0.8181818181818182,0.6214949593753394,0.5107474796876696
1101,0.9704433497536945,0.8888888888888887,1.2142857142857142,7.0,0.6666666666666666,0.4586392946045968,0.3836443397311221,0.9956212370005473,0.9682539682539683,0.42857142857142855,2.0,1.0,0.4586392946045968,0.3836443397311221
1102,0.967159277504105,0.8783068783068783,1.2857142857142858,7.0,0.8181818181818182,0.5343001228250517,0.40860583575304743,0.9978106185002736,0.9788359788359787,0.2857142857142857,1.0,0.8181818181818182,0.5343001228250517,0.40860583575304743
1103,0.9660645867542419,0.8730158730158729,1.4285714285714286,7.0,0.8181818181818182,0.5744753123304979,0.4455600133954554,0.9934318555008209,0.9523809523809524,0.6428571428571429,2.0,0.8181818181818182,0.5744753123304979,0.4455600133954554
1104,0.9562123700054733,0.8306878306878307,1.7142857142857142,6.0,0.6666666666666666,0.6556106630143708,0.41224488949518745,0.994526546250684,0.9629629629629629,0.5,2.0,1.0,0.6556106630143708,0.41224488949518745
1105,0.9649698960043787,0.8518518518518519,1.4285714285714286,5.0,0.8181818181818182,0.5858151199983666,0.38993386509927414,0.9792008757525997,0.91005291005291,1.0714285714285714,6.0,0.8181818181818182,0.5858151199983666,0.38993386509927414
1106,0.9584017515051997,0.8253968253968254,1.7857142857142858,5.0,0.6666666666666666,0.6142884278252803,0.3880346598100038,0.9857690202517788,0.9259259259259259,0.7857142857142857,4.0,1.0,0.6142884278252803,0.3880346598100038
1107,0.9534756431308156,0.8148148148148148,1.7857142857142858,7.0,0.6666666666666666,0.6659091559974323,0.43920285968533257,0.9885057471264367,0.9365079365079365,0.6428571428571429,4.0,1.0,0.6659091559974323,0.43920285968533257
1108,0.9737274220032841,0.8730158730158729,1.2857142857142858,5.0,0.6666666666666666,0.5479283787260736,0.36430297724348615,0.9939792008757526,0.9735449735449735,0.35714285714285715,4.0,1.0,0.5479283787260736,0.36430297724348615
1109,0.9578544061302682,0.8465608465608466,1.5714285714285714,7.0,0.6666666666666666,0.6774583729085382,0.46541707445842023,0.9972632731253421,0.9788359788359787,0.2857142857142857,2.0,1.0,0.6774583729085382,0.46541707445842023
1110,0.9666119321291735,0.8518518518518519,1.5714285714285714,5.0,0.6666666666666666,0.5770799182790185,0.38145512219734873,0.9879584017515052,0.9312169312169312,0.7857142857142857,3.0,1.0,0.5770799182790185,0.38145512219734873
1111,0.9660645867542419,0.857142857142857,1.4285714285714286,5.0,0.6666666666666666,0.5839793243748392,0.3918136923606428,0.9967159277504104,0.9788359788359787,0.2857142857142857,2.0,1.0,0.5839793243748392,0.3918136923606428
1112,0.9698960043787629,0.8835978835978835,1.2142857142857142,7.0,0.6666666666666666,0.6314402712219549,0.5157201356109774,0.9967159277504104,0.9735449735449735,0.35714285714285715,2.0,1.0,0.6314402712219549,0.5157201356109774
1113,0.9660645867542419,0.8518518518518519,1.5,5.0,0.6666666666666666,0.6086724081130688,0.361348313443879,0.986863711001642,0.9417989417989417,0.7142857142857143,5.0,1.0,0.6086724081130688,0.361348313443879
1114,0.9737274220032841,0.8730158730158729,1.2857142857142858,5.0,0.6666666666666666,0.5302378438103101,0.3556504213413723,0.9939792008757526,0.9735449735449735,0.35714285714285715,4.0,1.0,0.5302378438103101,0.3556504213413723
1115,0.9649698960043787,0.8518518518518519,1.5714285714285714,6.0,0.6666666666666666,0.568449261822126,0.38816798531800156,0.9928845101258894,0.9523809523809524,0.6428571428571429,2.0,1.0,0.568449261822126,0.38816798531800156
1116,0.9649698960043787,0.8624338624338624,1.4285714285714286,7.0,0.6666666666666666,0.5831020662904449,0.4176560939783691,0.9994526546250683,0.9947089947089945,0.07142857142857142,1.0,1.0,0.5831020662904449,0.4176560939783691
1117,0.9742747673782157,0.8677248677248677,1.4285714285714286,5.0,0.6666666666666666,0.5277540198703776,0.3474400433219657,0.9857690202517788,0.9259259259259259,0.7857142857142857,4.0,1.0,0.5277540198703776,0.3474400433219657
1118,0.9578544061302682,0.8306878306878307,1.7142857142857142,7.0,0.6666666666666666,0.6490971853332406,0.44013394990573435,0.9879584017515052,0.9312169312169312,0.7142857142857143,3.0,1.0,0.6490971853332406,0.44013394990573435
1119,0.9644225506294472,0.857142857142857,1.4285714285714286,7.0,0.6666666666666666,0.6496243726149722,0.46538314417031196,0.9989053092501368,0.9894179894179893,0.14285714285714285,1.0,1.0,0.6496243726149722,0.46538314417031196
1120,0.9616858237547894,0.8624338624338624,1.3571428571428572,7.0,0.8181818181818182,0.6060596768460564,0.4338959183077851,0.9967159277504104,0.9735449735449735,0.35714285714285715,2.0,0.8181818181818182,0.6060596768460564,0.4338959183077851
1121,0.9655172413793103,0.8624338624338624,1.4285714285714286,7.0,0.6666666666666666,0.5713253775327658,0.4400252788860539,0.9950738916256158,0.9629629629629629,0.5,2.0,1.0,0.5713253775327658,0.4400252788860539
1122,0.9786535303776682,0.8941798941798942,1.0714285714285714,5.0,0.6666666666666666,0.46298576224693544,0.3291614913538007,0.9928845101258894,0.9629629629629629,0.42857142857142855,4.0,1.0,0.46298576224693544,0.3291614913538007
1123,0.9616858237547894,0.8412698412698412,1.5714285714285714,7.0,0.6666666666666666,0.5819416810414946,0.39996679684512493,0.990695128626163,0.9417989417989417,0.6428571428571429,3.0,1.0,0.5819416810414946,0.39996679684512493
1124,0.9616858237547894,0.8518518518518519,1.5,7.0,0.6666666666666666,0.6825238881262794,0.49605343741001495,0.9994526546250683,0.9947089947089945,0.07142857142857142,1.0,1.0,0.6825238881262794,0.49605343741001495
1125,0.9742747673782157,0.9047619047619047,1.2142857142857142,7.0,0.8181818181818182,0.694618150943433,0.5473090754717166,0.9917898193760263,0.9417989417989417,0.6428571428571429,2.0,0.8181818181818182,0.694618150943433,0.5473090754717166
1126,0.9775588396278051,0.8941798941798942,1.1428571428571428,5.0,0.8181818181818182,0.4810249663048529,0.32826695524910754,0.9879584017515052,0.9629629629629629,0.5,6.0,0.8181818181818182,0.4810249663048529,0.32826695524910754
1127,0.9490968801313627,0.8201058201058201,1.7857142857142858,8.0,0.8181818181818182,0.4553105100059967,0.39026110711959583,0.9255610290093048,0.8359788359788359,1.7857142857142858,11.0,0.6666666666666666,0.4553105100059967,0.39026110711959583
1128,0.9688013136288999,0.8465608465608466,1.5714285714285714,5.0,0.6666666666666666,0.552919572994234,0.34725980019455904,0.9846743295019157,0.9153439153439152,0.7857142857142857,4.0,1.0,0.552919572994234,0.34725980019455904
1129,0.9742747673782157,0.8677248677248677,1.4285714285714286,5.0,0.6666666666666666,0.5206091556711367,0.3571670187735534,0.9879584017515052,0.9365079365079365,0.7142857142857143,4.0,1.0,0.5206091556711367,0.3571670187735534
1130,0.9551176792556102,0.8412698412698412,1.6428571428571428,7.0,0.6666666666666666,0.6761828388809537,0.45203096522169045,0.996168582375479,0.9735449735449735,0.35714285714285715,2.0,1.0,0.6761828388809537,0.45203096522169045
1131,0.9545703338806788,0.8148148148148148,1.7857142857142858,6.0,0.6666666666666666,0.643288830822689,0.4059892892847547,0.9874110563765736,0.9259259259259259,0.7857142857142857,4.0,1.0,0.643288830822689,0.4059892892847547
1132,0.9584017515051997,0.8306878306878307,1.7142857142857142,6.0,0.6666666666666666,0.6204229497901175,0.4092416039895656,0.9912424740010948,0.9417989417989417,0.5714285714285714,3.0,1.0,0.6204229497901175,0.4092416039895656
1133,0.9616858237547894,0.8518518518518519,1.5714285714285714,5.0,0.6666666666666666,0.6235605462939151,0.4087950406229877,0.994526546250684,0.9629629629629629,0.5,2.0,1.0,0.6235605462939151,0.4087950406229877
1134,0.9770114942528736,0.8941798941798942,1.1428571428571428,5.0,0.8181818181818182,0.5279490489038294,0.3849700369789339,0.994526546250684,0.9629629629629629,0.42857142857142855,3.0,0.8181818181818182,0.5279490489038294,0.3849700369789339
1135,0.9633278598795839,0.8359788359788359,1.5714285714285714,5.0,0.8181818181818182,0.4862587468761346,0.3864385201143406,0.9611384783798578,0.8730158730158729,1.3571428571428572,8.0,0.8181818181818182,0.4862587468761346,0.3864385201143406
1136,0.6590038314176244,0.5608465608465608,4.785714285714286,21.0,0.5384615384615384,0.8,0.47837929403018603,0.5971538040503558,0.5767195767195767,5.0,22.0,0.42857142857142855,0.8,0.47837929403018603
1137,0.9633278598795839,0.857142857142857,1.5714285714285714,7.0,0.6666666666666666,0.5843270286659477,0.47081906700519566,0.990695128626163,0.947089947089947,0.7142857142857143,2.0,1.0,0.5843270286659477,0.47081906700519566
1138,0.967159277504105,0.8518518518518519,1.5,5.0,0.8181818181818182,0.549141972357064,0.35631780460050017,0.9797482211275315,0.91005291005291,0.9285714285714286,6.0,0.8181818181818182,0.549141972357064,0.35631780460050017
1139,0.9677066228790366,0.8730158730158729,1.2857142857142858,7.0,0.6666666666666666,0.5420930023098074,0.41430408237395105,0.9972632731253421,0.9735449735449735,0.35714285714285715,1.0,1.0,0.5420930023098074,0.41430408237395105
1140,0.9715380405035577,0.8677248677248677,1.2857142857142858,5.0,0.6666666666666666,0.5526943514529303,0.36657078355117834,0.9928845101258894,0.9682539682539683,0.42857142857142855,4.0,1.0,0.5526943514529303,0.36657078355117834
1141,0.9660645867542419,0.8677248677248677,1.3571428571428572,5.0,0.8181818181818182,0.4522980303321966,0.3747748289961052,0.9496442255062943,0.8835978835978835,1.4285714285714286,11.0,0.8181818181818182,0.4522980303321966,0.3747748289961052
1142,0.9693486590038315,0.8888888888888887,1.2142857142857142,7.0,0.8181818181818182,0.5808294845617932,0.4482372589100456,0.9956212370005473,0.9682539682539683,0.42857142857142855,2.0,0.8181818181818182,0.5808294845617932,0.4482372589100456
1143,0.9737274220032841,0.8835978835978835,1.2142857142857142,5.0,0.8181818181818182,0.5565691762298631,0.395232844759165,0.994526546250684,0.9629629629629629,0.42857142857142855,3.0,0.8181818181818182,0.5565691762298631,0.395232844759165
1144,0.9792008757525997,0.8941798941798942,1.1428571428571428,5.0,0.6666666666666666,0.45122377345001197,0.3116601025547398,0.9879584017515052,0.9417989417989417,0.7857142857142857,5.0,1.0,0.45122377345001197,0.3116601025547398
1145,0.9638752052545155,0.8677248677248677,1.3571428571428572,7.0,0.8181818181818182,0.6526385549464566,0.4849669124279094,0.9978106185002736,0.9788359788359787,0.2857142857142857,1.0,0.8181818181818182,0.6526385549464566,0.4849669124279094
1146,0.9644225506294472,0.8465608465608466,1.5,5.0,0.8181818181818182,0.5678045254673365,0.36229835942594146,0.9797482211275315,0.9153439153439152,1.0,6.0,0.8181818181818182,0.5678045254673365,0.36229835942594146
1147,0.9633278598795839,0.857142857142857,1.5,7.0,0.6666666666666666,0.7028535968919583,0.5220642806670674,0.9999999999999998,1.0,0.0,0.0,1.0,0.7028535968919583,0.5220642806670674
1148,0.975369458128079,0.8783068783068783,1.2857142857142858,5.0,0.6666666666666666,0.5452496464956289,0.3709414953328504,0.994526546250684,0.9788359788359787,0.2857142857142857,4.0,1.0,0.5452496464956289,0.3709414953328504
1149,0.9611384783798578,0.8359788359788359,1.5714285714285714,7.0,0.6666666666666666,0.706019485067299,0.5087717015945389,0.9917898193760263,0.947089947089947,0.5714285714285714,3.0,1.0,0.706019485067299,0.5087717015945389
1150,0.9759168035030105,0.8783068783068783,1.2142857142857142,5.0,0.8181818181818182,0.5035197630628809,0.3486904511560247,0.9792008757525997,0.9047619047619047,1.0714285714285714,6.0,0.8181818181818182,0.5035197630628809,0.3486904511560247
1151,0.9600437876299945,0.8359788359788359,1.6428571428571428,7.0,0.6666666666666666,0.6057199073117367,0.41989994890369675,0.9885057471264367,0.9365079365079365,0.7142857142857143,3.0,1.0,0.6057199073117367,0.41989994890369675
1152,0.9633278598795839,0.857142857142857,1.5,7.0,0.6666666666666666,0.6696927061734315,0.4942006980605493,0.9999999999999998,1.0,0.0,0.0,1.0,0.6696927061734315,0.4942006980605493
1153,0.9666119321291735,0.8677248677248677,1.3571428571428572,7.0,0.6666666666666666,0.5812399977848584,0.41311778688201944,0.9978106185002736,0.9788359788359787,0.2857142857142857,1.0,1.0,0.5812399977848584,0.41311778688201944
1154,0.9770114942528736,0.8994708994708994,1.0714285714285714,5.0,0.8181818181818182,0.5140192313908147,0.3381069784922091,0.980295566502463,0.9259259259259259,0.8571428571428571,7.0,0.8181818181818182,0.5140192313908147,0.3381069784922091
1155,0.9693486590038315,0.8888888888888887,1.2142857142857142,7.0,0.8181818181818182,0.5774788805198783,0.4422304114251875,0.9956212370005473,0.9682539682539683,0.42857142857142855,2.0,0.8181818181818182,0.5774788805198783,0.4422304114251875
1156,0.9748221127531472,0.8730158730158729,1.2857142857142858,5.0,0.6666666666666666,0.5486970242999716,0.3646309948695391,0.9939792008757526,0.9735449735449735,0.35714285714285715,4.0,1.0,0.5486970242999716,0.3646309948695391
1157,0.9567597153804049,0.8253968253968254,1.7142857142857142,7.0,0.6666666666666666,0.6644724221527483,0.4578983938775283,0.9901477832512315,0.9365079365079365,0.5714285714285714,3.0,1.0,0.6644724221527483,0.4578983938775283
1158,0.9693486590038315,0.8888888888888887,1.2142857142857142,7.0,0.8181818181818182,0.6274809610646706,0.513028035606043,0.9956212370005473,0.9682539682539683,0.42857142857142855,2.0,0.8181818181818182,0.6274809610646706,0.513028035606043
1159,0.9759168035030105,0.8888888888888887,1.1428571428571428,5.0,0.8181818181818182,0.5163143921214142,0.36562648169208123,0.9923371647509577,0.9576719576719577,0.5,4.0,0.8181818181818182,0.5163143921214142,0.36562648169208123
1160,0.9649698960043787,0.8624338624338624,1.4285714285714286,7.0,0.6666666666666666,0.5596865872504029,0.3987786825387148,0.9994526546250683,0.9947089947089945,0.07142857142857142,1.0,1.0,0.5596865872504029,0.3987786825387148
1161,0.9660645867542419,0.8677248677248677,1.3571428571428572,7.0,0.6666666666666666,0.5727317016265991,0.41973053657414955,0.9989053092501368,0.9894179894179893,0.14285714285714285,1.0,1.0,0.5727317016265991,0.41973053657414955
1162,0.9726327312534209,0.8783068783068783,1.2142857142857142,5.0,0.6666666666666666,0.5236641237920103,0.33755418591421643,0.9896004378762999,0.9576719576719577,0.5714285714285714,5.0,1.0,0.5236641237920103,0.33755418591421643
1163,0.9655172413793103,0.8412698412698412,1.6428571428571428,5.0,0.6666666666666666,0.5794807812771863,0.3511222235778205,0.9835796387520527,0.9206349206349207,0.7857142857142857,5.0,1.0,0.5794807812771863,0.3511222235778205
1164,0.9649698960043787,0.8677248677248677,1.4285714285714286,7.0,0.8181818181818182,0.5616402922513004,0.4235927518847025,0.994526546250684,0.9576719576719577,0.5714285714285714,2.0,0.8181818181818182,0.5616402922513004,0.4235927518847025
1165,0.9775588396278051,0.8835978835978835,1.2142857142857142,5.0,0.6666666666666666,0.4666337638271047,0.3296936947594613,0.9901477832512315,0.9417989417989417,0.7142857142857143,4.0,1.0,0.4666337638271047,0.3296936947594613
1166,0.9529282977558841,0.8148148148148148,1.7857142857142858,7.0,0.6666666666666666,0.6302425701760788,0.41482680158491825,0.9917898193760263,0.947089947089947,0.5,3.0,1.0,0.6302425701760788,0.41482680158491825
1167,0.962233169129721,0.8465608465608466,1.5714285714285714,7.0,0.6666666666666666,0.6854374478511265,0.5263251956255309,0.9912424740010948,0.947089947089947,0.6428571428571429,3.0,1.0,0.6854374478511265,0.5263251956255309
1168,0.9693486590038315,0.8888888888888887,1.2142857142857142,7.0,0.8181818181818182,0.539671862476367,0.4246576275706833,0.9956212370005473,0.9682539682539683,0.42857142857142855,2.0,0.8181818181818182,0.539671862476367,0.4246576275706833
1169,0.975369458128079,0.8941798941798942,1.1428571428571428,5.0,0.8181818181818182,0.5082791242716004,0.3322039615577797,0.9841269841269842,0.9312169312169312,0.7857142857142857,6.0,0.8181818181818182,0.5082791242716004,0.3322039615577797
1170,0.9600437876299945,0.8518518518518519,1.5,7.0,0.6666666666666666,0.6392257812259843,0.44286039235133573,0.9978106185002736,0.9841269841269842,0.21428571428571427,2.0,1.0,0.6392257812259843,0.44286039235133573
1171,0.9638752052545155,0.8677248677248677,1.5,7.0,0.8181818181818182,0.5773011636856238,0.4530896063711912,0.9923371647509577,0.947089947089947,0.7142857142857143,2.0,0.8181818181818182,0.5773011636856238,0.4530896063711912
1172,0.896551724137931,0.7671957671957672,2.5714285714285716,13.0,0.8181818181818182,0.5352911421833912,0.385977804585677,0.8582375478927203,0.7724867724867724,2.7142857142857144,14.0,0.6666666666666666,0.5352911421833912,0.385977804585677
1173,0.6579091406677614,0.544973544973545,4.714285714285714,21.0,0.5384615384615384,0.7999999999999998,0.5190876969767309,0.6026272577996716,0.5925925925925926,4.928571428571429,22.0,0.42857142857142855,0.7999999999999998,0.5190876969767309
1174,0.967159277504105,0.8730158730158729,1.3571428571428572,7.0,0.6666666666666666,0.6218108288678748,0.5087414618610651,0.9928845101258894,0.9523809523809524,0.6428571428571429,2.0,1.0,0.6218108288678748,0.5087414618610651
1175,0.9737274220032841,0.9047619047619047,1.1428571428571428,7.0,0.8181818181818182,0.5780367512980201,0.48901837564901,0.9939792008757526,0.9523809523809524,0.5714285714285714,2.0,0.8181818181818182,0.5780367512980201,0.48901837564901
1176,0.9573070607553366,0.8412698412698412,1.5714285714285714,7.0,0.6666666666666666,0.657622528787374,0.4440356989815253,0.9978106185002736,0.9841269841269842,0.21428571428571427,2.0,1.0,0.657622528787374,0.4440356989815253
1177,0.9759168035030105,0.8835978835978835,1.2142857142857142,5.0,0.6666666666666666,0.5316307429463558,0.377975498112148,0.9956212370005473,0.9735449735449735,0.2857142857142857,3.0,1.0,0.5316307429463558,0.377975498112148
1178,0.9616858237547894,0.8412698412698412,1.5714285714285714,7.0,0.6666666666666666,0.6186652094498133,0.42916437002351115,0.9923371647509577,0.9523809523809524,0.5714285714285714,3.0,1.0,0.6186652094498133,0.42916437002351115
1179,0.9698960043787629,0.8835978835978835,1.2142857142857142,7.0,0.6666666666666666,0.5439808472608694,0.44205704939313323,0.9967159277504104,0.9735449735449735,0.35714285714285715,2.0,1.0,0.5439808472608694,0.44205704939313323
1180,0.9731800766283524,0.8941798941798942,1.1428571428571428,6.0,0.8181818181818182,0.47464213494442986,0.3810484848439402,0.994526546250684,0.9629629629629629,0.5,2.0,0.8181818181818182,0.47464213494442986,0.3810484848439402
1181,0.962233169129721,0.8306878306878307,1.6428571428571428,5.0,0.6666666666666666,0.6875779857077038,0.40168160615864645,0.9863163656267103,0.9312169312169312,0.7857142857142857,4.0,1.0,0.6875779857077038,0.40168160615864645
1182,0.9666119321291735,0.857142857142857,1.4285714285714286,5.0,0.6666666666666666,0.5934675207206925,0.3579917457540939,0.9901477832512315,0.947089947089947,0.6428571428571429,4.0,1.0,0.5934675207206925,0.3579917457540939
1183,0.967159277504105,0.8624338624338624,1.3571428571428572,5.0,0.8181818181818182,0.6144471986114278,0.3888239679843526,0.9896004378762999,0.9417989417989417,0.7142857142857143,4.0,0.8181818181818182,0.6144471986114278,0.3888239679843526
1184,0.9600437876299945,0.8518518518518519,1.5,7.0,0.6666666666666666,0.6621012353062817,0.4688852488835552,0.9978106185002736,0.9841269841269842,0.21428571428571427,2.0,1.0,0.6621012353062817,0.4688852488835552
1185,0.9726327312534209,0.8783068783068783,1.2142857142857142,5.0,0.8181818181818182,0.5724703030574938,0.38150465773240616,0.9917898193760263,0.9576719576719577,0.5714285714285714,4.0,0.8181818181818182,0.5724703030574938,0.38150465773240616
1186,0.975369458128079,0.8783068783068783,1.3571428571428572,5.0,0.6666666666666666,0.4867503198778759,0.32772403301388026,0.9863163656267103,0.9259259259259259,0.8571428571428571,4.0,1.0,0.4867503198778759,0.32772403301388026
1187,0.9715380405035577,0.8783068783068783,1.2142857142857142,5.0,0.8181818181818182,0.5605494489461174,0.382354266873666,0.9917898193760263,0.947089947089947,0.6428571428571429,3.0,0.8181818181818182,0.5605494489461174,0.382354266873666
1188,0.962233169129721,0.8412698412698412,1.6428571428571428,6.0,0.6666666666666666,0.5970828240620305,0.3946291569215009,0.9896004378762999,0.9312169312169312,0.7142857142857143,3.0,1.0,0.5970828240620305,0.3946291569215009
1189,0.9655172413793103,0.8624338624338624,1.4285714285714286,7.0,0.6666666666666666,0.5147278144699106,0.4014963382927965,0.9950738916256158,0.9629629629629629,0.5,2.0,1.0,0.5147278144699106,0.4014963382927965
1190,0.9660645867542419,0.8518518518518519,1.5,5.0,0.8181818181818182,0.6203608754221752,0.3572894874085778,0.9819376026272578,0.9312169312169312,0.8571428571428571,6.0,0.8181818181818182,0.6203608754221752,0.3572894874085778
1191,0.9748221127531472,0.8730158730158729,1.4285714285714286,5.0,0.6666666666666666,0.5073607099917388,0.3459630656146068,0.986863711001642,0.9312169312169312,0.7857142857142857,4.0,1.0,0.5073607099917388,0.3459630656146068
1192,0.962233169129721,0.8465608465608466,1.5,7.0,0.6666666666666666,0.670447597404737,0.4729731652599503,0.9934318555008209,0.9576719576719577,0.5,3.0,1.0,0.670447597404737,0.4729731652599503
1193,0.9573070607553366,0.8412698412698412,1.5714285714285714,7.0,0.6666666666666666,0.7336853554485323,0.5220672737712213,0.9978106185002736,0.9841269841269842,0.21428571428571427,2.0,1.0,0.7336853554485323,0.5220672737712213
1194,0.9677066228790366,0.8730158730158729,1.2857142857142858,7.0,0.6666666666666666,0.554772577341369,0.43990523761793254,0.9972632731253421,0.9735449735449735,0.35714285714285715,1.0,1.0,0.554772577341369,0.43990523761793254
1195,0.9644225506294472,0.8465608465608466,1.5714285714285714,6.0,0.6666666666666666,0.5638870254706554,0.38942003646461226,0.9917898193760263,0.947089947089947,0.6428571428571429,3.0,1.0,0.5638870254706554,0.38942003646461226
1196,0.9600437876299945,0.8359788359788359,1.6428571428571428,7.0,0.6666666666666666,0.5784740706243248,0.39870220423844593,0.9885057471264367,0.9365079365079365,0.7142857142857143,3.0,1.0,0.5784740706243248,0.39870220423844593
1197,0.9715380405035577,0.8941798941798942,1.2857142857142858,7.0,0.8181818181818182,0.6900348799801928,0.5450174399900964,0.9912424740010948,0.9417989417989417,0.7142857142857143,2.0,0.8181818181818182,0.6900348799801928,0.5450174399900964
1198,0.962233169129721,0.8465608465608466,1.5714285714285714,7.0,0.6666666666666666,0.6269375499743075,0.45967636267306444,0.9934318555008209,0.9576719576719577,0.5714285714285714,2.0,1.0,0.6269375499743075,0.45967636267306444
1199,0.9688013136288999,0.8730158730158729,1.3571428571428572,6.0,0.8181818181818182,0.5588379045468914,0.4113938201553839,0.9934318555008209,0.9523809523809524,0.6428571428571429,2.0,0.8181818181818182,0.5588379045468914,0.4113938201553839
1200,0.9792008757525997,0.8994708994708994,1.0714285714285714,5.0,0.8181818181818182,0.4485498330318357,0.32589356935506986,0.9874110563765736,0.9576719576719577,0.5714285714285714,6.0,0.8181818181818182,0.4485498330318357,0.32589356935506986
1201,0.9551176792556102,0.8412698412698412,1.5714285714285714,7.0,0.8181818181818182,0.6264649052675852,0.41914659377513375,0.9950738916256158,0.9629629629629629,0.42857142857142855,2.0,0.8181818181818182,0.6264649052675852,0.41914659377513375
1202,0.9589490968801313,0.8412698412698412,1.5714285714285714,7.0,0.6666666666666666,0.6207805747322276,0.4217779053960497,0.9978106185002736,0.9841269841269842,0.14285714285714285,2.0,1.0,0.6207805747322276,0.4217779053960497
1203,0.9649698960043787,0.8624338624338624,1.4285714285714286,7.0,0.6666666666666666,0.6532004373085196,0.48898487626731824,0.9994526546250683,0.9947089947089945,0.07142857142857142,1.0,1.0,0.6532004373085196,0.48898487626731824
1204,0.9551176792556102,0.8412698412698412,1.5714285714285714,7.0,0.8181818181818182,0.6627071318236035,0.452434727510817,0.9950738916256158,0.9629629629629629,0.42857142857142855,2.0,0.8181818181818182,0.6627071318236035,0.452434727510817
1205,0.9666119321291735,0.8624338624338624,1.4285714285714286,5.0,0.6666666666666666,0.603335921489739,0.4040689229236512,0.996168582375479,0.9735449735449735,0.35714285714285715,2.0,1.0,0.603335921489739,0.4040689229236512
1206,0.666119321291735,0.5502645502645502,4.714285714285714,21.0,0.5384615384615384,0.7999999999999998,0.48945537191231253,0.6059113300492611,0.5978835978835979,4.928571428571429,22.0,0.42857142857142855,0.7999999999999998,0.48945537191231253
1207,0.9644225506294472,0.857142857142857,1.5,7.0,0.6666666666666666,0.5293166490594265,0.3880330470312572,0.9934318555008209,0.9576719576719577,0.5714285714285714,2.0,1.0,0.5293166490594265,0.3880330470312572
1208,0.9770114942528736,0.8888888888888887,1.0714285714285714,5.0,0.8181818181818182,0.4119615990734504,0.3567137153239772,0.967159277504105,0.9047619047619047,1.2857142857142858,8.0,0.8181818181818182,0.4119615990734504,0.3567137153239772
1209,0.9786535303776682,0.8941798941798942,1.0714285714285714,5.0,0.6666666666666666,0.4627023883091744,0.3347746674969977,0.9928845101258894,0.9629629629629629,0.42857142857142855,4.0,1.0,0.4627023883091744,0.3347746674969977
1210,0.9649698960043787,0.8518518518518519,1.5714285714285714,6.0,0.6666666666666666,0.5589283016357596,0.3865923102067447,0.9928845101258894,0.9523809523809524,0.6428571428571429,2.0,1.0,0.5589283016357596,0.3865923102067447
1211,0.975369458128079,0.8783068783068783,1.2857142857142858,5.0,0.6666666666666666,0.541271213742294,0.3764900689266223,0.994526546250684,0.9788359788359787,0.2857142857142857,4.0,1.0,0.541271213742294,0.3764900689266223
1212,0.9556650246305418,0.8253968253968254,1.7142857142857142,7.0,0.6666666666666666,0.6549197022571562,0.4503529152280309,0.9917898193760263,0.947089947089947,0.5,3.0,1.0,0.6549197022571562,0.4503529152280309
1213,0.9660645867542419,0.8677248677248677,1.3571428571428572,7.0,0.6666666666666666,0.6344795430125101,0.4815314267540719,0.9989053092501368,0.9894179894179893,0.14285714285714285,1.0,1.0,0.6344795430125101,0.4815314267540719
1214,0.9737274220032841,0.8888888888888887,1.1428571428571428,7.0,0.6666666666666666,0.5961066323205155,0.4980533161602578,0.9896004378762999,0.9365079365079365,0.7857142857142857,3.0,1.0,0.5961066323205155,0.4980533161602578
1215,0.9458128078817735,0.8201058201058201,1.7857142857142858,7.0,0.8181818181818182,0.45948531273947696,0.40261494937337805,0.9261083743842365,0.857142857142857,1.8571428571428572,12.0,0.6666666666666666,0.45948531273947696,0.40261494937337805
1216,0.9715380405035577,0.8783068783068783,1.2142857142857142,6.0,0.6666666666666666,0.4692463691297268,0.3720511849239937,0.996168582375479,0.9682539682539683,0.42857142857142855,2.0,1.0,0.4692463691297268,0.3720511849239937
1217,0.967159277504105,0.8783068783068783,1.2857142857142858,7.0,0.8181818181818182,0.6278096097396804,0.4810885234969116,0.9978106185002736,0.9788359788359787,0.2857142857142857,1.0,0.8181818181818182,0.6278096097396804,0.4810885234969116
1218,0.9644225506294472,0.857142857142857,1.5,6.0,0.6666666666666666,0.5755409912723172,0.4004644497642884,0.9989053092501368,0.9894179894179893,0.14285714285714285,1.0,1.0,0.5755409912723172,0.4004644497642884
1219,0.9759168035030105,0.8994708994708994,1.0714285714285714,5.0,0.8181818181818182,0.4981036588289239,0.3271703550504938,0.9846743295019157,0.9365079365079365,0.7142857142857143,6.0,0.8181818181818182,0.4981036588289239,0.3271703550504938
1220,0.9638752052545155,0.8412698412698412,1.5714285714285714,5.0,0.8181818181818182,0.5954970196063998,0.35540583864760295,0.980295566502463,0.9206349206349207,0.9285714285714286,6.0,0.8181818181818182,0.5954970196063998,0.35540583864760295
1221,0.9677066228790366,0.8730158730158729,1.2857142857142858,7.0,0.6666666666666666,0.5330117321458823,0.41612176722428174,0.9972632731253421,0.9735449735449735,0.35714285714285715,1.0,1.0,0.5330117321458823,0.41612176722428174
1222,0.9551176792556102,0.8253968253968254,1.7142857142857142,7.0,0.6666666666666666,0.6533575644149734,0.44510445490099704,0.994526546250684,0.9682539682539683,0.35714285714285715,3.0,1.0,0.6533575644149734,0.44510445490099704
1223,0.9693486590038315,0.8888888888888887,1.2142857142857142,7.0,0.8181818181818182,0.6259666831978263,0.5093283530397849,0.9956212370005473,0.9682539682539683,0.42857142857142855,2.0,0.8181818181818182,0.6259666831978263,0.5093283530397849
1224,0.9726327312534209,0.8994708994708994,1.1428571428571428,7.0,0.8181818181818182,0.5376126791944507,0.4551315543006532,0.994526546250684,0.9576719576719577,0.5,2.0,0.8181818181818182,0.5376126791944507,0.4551315543006532
1225,0.9666119321291735,0.8730158730158729,1.3571428571428572,7.0,0.6666666666666666,0.5858207813463931,0.4327190975439837,0.9983579638752054,0.9841269841269842,0.21428571428571427,1.0,1.0,0.5858207813463931,0.4327190975439837
1226,0.9573070607553366,0.8518518518518519,1.5714285714285714,6.0,0.8181818181818182,0.5976619934486029,0.42668574898739153,0.9879584017515052,0.9312169312169312,0.8571428571428571,3.0,0.8181818181818182,0.5976619934486029,0.42668574898739153
1227,0.9655172413793103,0.8677248677248677,1.2857142857142858,6.0,0.8181818181818182,0.5897005071998872,0.4087990194906016,0.9956212370005473,0.9682539682539683,0.42857142857142855,2.0,0.8181818181818182,0.5897005071998872,0.4087990194906016
1228,0.9808429118773946,0.9312169312169312,0.8571428571428571,7.0,0.8181818181818182,0.7779913922269099,0.5889956961134549,0.9824849480021893,0.9153439153439152,0.9285714285714286,5.0,0.8181818181818182,0.7779913922269099,0.5889956961134549
1229,0.9655172413793103,0.857142857142857,1.5,6.0,0.6666666666666666,0.595175740266507,0.40318605005114894,0.9956212370005473,0.9682539682539683,0.42857142857142855,2.0,1.0,0.595175740266507,0.40318605005114894
1230,0.9655172413793103,0.8624338624338624,1.3571428571428572,7.0,0.6666666666666666,0.6066458516487141,0.4428381830116556,0.9972632731253421,0.9735449735449735,0.35714285714285715,1.0,1.0,0.6066458516487141,0.4428381830116556
1231,0.9655172413793103,0.8624338624338624,1.4285714285714286,7.0,0.6666666666666666,0.5715248579137007,0.4492015624487885,0.9950738916256158,0.9629629629629629,0.5,2.0,1.0,0.5715248579137007,0.4492015624487885
1232,0.9688013136288999,0.8835978835978835,1.2142857142857142,7.0,0.8181818181818182,0.5014584400922161,0.3936947927176366,0.9967159277504104,0.9735449735449735,0.35714285714285715,2.0,0.8181818181818182,0.5014584400922161,0.3936947927176366
1233,0.962233169129721,0.8306878306878307,1.6428571428571428,5.0,0.6666666666666666,0.6911709596996954,0.40660326449576034,0.9863163656267103,0.9312169312169312,0.7857142857142857,4.0,1.0,0.6911709596996954,0.40660326449576034
1234,0.967159277504105,0.8783068783068783,1.2857142857142858,7.0,0.8181818181818182,0.5920790492651224,0.46117112165809937,0.9978106185002736,0.9788359788359787,0.2857142857142857,1.0,0.8181818181818182,0.5920790492651224,0.46117112165809937
1235,0.9655172413793103,0.8624338624338624,1.4285714285714286,7.0,0.6666666666666666,0.5494702535484048,0.4261911147437836,0.9950738916256158,0.9629629629629629,0.5,2.0,1.0,0.5494702535484048,0.4261911147437836
1236,0.967159277504105,0.8412698412698412,1.5714285714285714,5.0,0.6666666666666666,0.5607860976980659,0.3570156472086995,0.9852216748768472,0.9206349206349207,0.7857142857142857,4.0,1.0,0.5607860976980659,0.3570156472086995
1237,0.9737274220032841,0.9047619047619047,1.1428571428571428,7.0,0.8181818181818182,0.5336302694317678,0.4503136827131542,0.9939792008757526,0.9523809523809524,0.5714285714285714,2.0,0.8181818181818182,0.5336302694317678,0.4503136827131542
1238,0.9529282977558841,0.8148148148148148,1.7142857142857142,7.0,0.6666666666666666,0.6849355817183088,0.45435076240184863,0.9928845101258894,0.9576719576719577,0.5,3.0,1.0,0.6849355817183088,0.45435076240184863
1239,0.9638752052545155,0.8677248677248677,1.3571428571428572,7.0,0.8181818181818182,0.6267782785293257,0.4625812424242202,0.9978106185002736,0.9788359788359787,0.2857142857142857,1.0,0.8181818181818182,0.6267782785293257,0.4625812424242202
1240,0.9720853858784892,0.8783068783068783,1.2142857142857142,6.0,0.6666666666666666,0.4653224068686724,0.36698792223217414,0.9923371647509577,0.947089947089947,0.7142857142857143,2.0,1.0,0.4653224068686724,0.36698792223217414
1241,0.967159277504105,0.8518518518518519,1.5,5.0,0.8181818181818182,0.5312468417850391,0.34535826158408617,0.9797482211275315,0.91005291005291,0.9285714285714286,6.0,0.8181818181818182,0.5312468417850391,0.34535826158408617
1242,0.9688013136288999,0.8730158730158729,1.2857142857142858,5.0,0.8181818181818182,0.5716227352118057,0.3534423582663808,0.9835796387520527,0.9312169312169312,0.8571428571428571,6.0,0.8181818181818182,0.5716227352118057,0.3534423582663808
1243,0.9616858237547894,0.8624338624338624,1.3571428571428572,7.0,0.8181818181818182,0.6035120864937997,0.4232464634097989,0.9967159277504104,0.9735449735449735,0.35714285714285715,2.0,0.8181818181818182,0.6035120864937997,0.4232464634097989
1244,0.9633278598795839,0.857142857142857,1.5,7.0,0.6666666666666666,0.5803322881369881,0.4059233130787654,0.9999999999999998,1.0,0.0,0.0,1.0,0.5803322881369881,0.4059233130787654
1245,0.9677066228790366,0.8465608465608466,1.5714285714285714,5.0,0.6666666666666666,0.5874124271468214,0.3781116988588594,0.9863163656267103,0.9259259259259259,0.7142857142857143,4.0,1.0,0.5874124271468214,0.3781116988588594
1246,0.9616858237547894,0.8412698412698412,1.5714285714285714,7.0,0.6666666666666666,0.595923353445079,0.4031956926930357,0.990695128626163,0.9417989417989417,0.6428571428571429,3.0,1.0,0.595923353445079,0.4031956926930357
1247,0.9698960043787629,0.8677248677248677,1.3571428571428572,5.0,0.6666666666666666,0.5635120780933496,0.3817019477628885,0.994526546250684,0.9682539682539683,0.42857142857142855,3.0,1.0,0.5635120780933496,0.3817019477628885
1248,0.9545703338806788,0.8148148148148148,1.7857142857142858,6.0,0.6666666666666666,0.6189441746675045,0.3981592007407113,0.9917898193760263,0.947089947089947,0.5714285714285714,3.0,1.0,0.6189441746675045,0.3981592007407113
1249,0.9589490968801313,0.8412698412698412,1.5714285714285714,7.0,0.6666666666666666,0.6436207330895806,0.44410865723420134,0.9978106185002736,0.9841269841269842,0.14285714285714285,2.0,1.0,0.6436207330895806,0.44410865723420134
1250,0.9781061850027366,0.9153439153439152,1.0,7.0,0.8181818181818182,0.5425625799858746,0.4631544983264601,0.9912424740010948,0.9417989417989417,0.6428571428571429,3.0,0.8181818181818182,0.5425625799858746,0.4631544983264601
1251,0.9742747673782157,0.8677248677248677,1.4285714285714286,5.0,0.6666666666666666,0.5327314264072291,0.3579276266547586,0.9879584017515052,0.9365079365079365,0.7142857142857143,4.0,1.0,0.5327314264072291,0.3579276266547586
1252,0.9534756431308156,0.8201058201058201,1.7857142857142858,7.0,0.6666666666666666,0.6453668409792923,0.4428918375685828,0.9923371647509577,0.9523809523809524,0.5,3.0,1.0,0.6453668409792923,0.4428918375685828
1253,0.9649698960043787,0.8624338624338624,1.4285714285714286,7.0,0.6666666666666666,0.5954022592873758,0.4259897611935222,0.9994526546250683,0.9947089947089945,0.07142857142857142,1.0,1.0,0.5954022592873758,0.4259897611935222
1254,0.9644225506294472,0.8412698412698412,1.5714285714285714,5.0,0.6666666666666666,0.6259749855825605,0.3828195347653109,0.9879584017515052,0.9417989417989417,0.7142857142857143,4.0,1.0,0.6259749855825605,0.3828195347653109
1255,0.9775588396278051,0.8888888888888887,1.2142857142857142,5.0,0.6666666666666666,0.5148285333621402,0.3296246161873441,0.986863711001642,0.9365079365079365,0.7857142857142857,5.0,1.0,0.5148285333621402,0.3296246161873441
1256,0.9726327312534209,0.8783068783068783,1.2142857142857142,5.0,0.8181818181818182,0.5518513222447741,0.3717127563637629,0.9917898193760263,0.9576719576719577,0.5714285714285714,4.0,0.8181818181818182,0.5518513222447741,0.3717127563637629
1257,0.9616858237547894,0.8518518518518519,1.5,7.0,0.6666666666666666,0.671716109399765,0.4881570897038476,0.9994526546250683,0.9947089947089945,0.07142857142857142,1.0,1.0,0.671716109399765,0.4881570897038476
1258,0.9660645867542419,0.8677248677248677,1.3571428571428572,7.0,0.6666666666666666,0.5626319710209726,0.417188217793818,0.9989053092501368,0.9894179894179893,0.14285714285714285,1.0,1.0,0.5626319710209726,0.417188217793818
1259,0.9540229885057472,0.8201058201058201,1.7142857142857142,7.0,0.6666666666666666,0.6903278012179384,0.4563854822409838,0.9912424740010948,0.9417989417989417,0.5714285714285714,3.0,1.0,0.6903278012179384,0.4563854822409838
1260,0.9797482211275315,0.9047619047619047,1.0,5.0,0.8181818181818182,0.47407362226309063,0.37254272199765504,0.9928845101258894,0.9523809523809524,0.5,3.0,0.8181818181818182,0.47407362226309063,0.37254272199765504
1261,0.9091406677613574,0.7671957671957672,2.2857142857142856,11.0,0.8181818181818182,0.4971018814341661,0.4210269762751434,0.8779419813902573,0.8148148148148148,2.4285714285714284,14.0,0.6666666666666666,0.4971018814341661,0.4210269762751434
1262,0.9786535303776682,0.91005291005291,1.0,5.0,0.8181818181818182,0.4933538554105407,0.31754035820894244,0.9846743295019157,0.9365079365079365,0.7142857142857143,6.0,0.8181818181818182,0.4933538554105407,0.31754035820894244
1263,0.9616858237547894,0.8518518518518519,1.5,7.0,0.6666666666666666,0.6094530703846168,0.4275875092659711,0.9994526546250683,0.9947089947089945,0.07142857142857142,1.0,1.0,0.6094530703846168,0.4275875092659711
1264,0.9677066228790366,0.8624338624338624,1.2857142857142858,5.0,0.8181818181818182,0.5786981551272667,0.36067057832089344,0.9835796387520527,0.9312169312169312,0.7857142857142857,6.0,0.8181818181818182,0.5786981551272667,0.36067057832089344
1265,0.9688013136288999,0.8835978835978835,1.2142857142857142,7.0,0.8181818181818182,0.5452667973037684,0.42119147216523906,0.9967159277504104,0.9735449735449735,0.35714285714285715,2.0,0.8181818181818182,0.5452667973037684,0.42119147216523906
1266,0.960591133004926,0.8359788359788359,1.7142857142857142,6.0,0.6666666666666666,0.5952695978948084,0.3892329373853012,0.9874110563765736,0.9259259259259259,0.7857142857142857,3.0,1.0,0.5952695978948084,0.3892329373853012
1267,0.9742747673782157,0.9047619047619047,1.2142857142857142,7.0,0.8181818181818182,0.6101346711371782,0.5050673355685891,0.9917898193760263,0.9417989417989417,0.6428571428571429,2.0,0.8181818181818182,0.6101346711371782,0.5050673355685891
1268,0.9792008757525997,0.9206349206349207,1.0,7.0,0.8181818181818182,0.5351867312219761,0.4675933656109881,0.9857690202517788,0.9259259259259259,0.8571428571428571,4.0,0.8181818181818182,0.5351867312219761,0.4675933656109881
1269,0.9649698960043787,0.8624338624338624,1.4285714285714286,7.0,0.6666666666666666,0.5650811314395877,0.3994728154407032,0.9994526546250683,0.9947089947089945,0.07142857142857142,1.0,1.0,0.5650811314395877,0.3994728154407032
1270,0.9660645867542419,0.8783068783068783,1.2857142857142858,7.0,0.8181818181818182,0.6440354827841841,0.49749840253811345,0.9956212370005473,0.9682539682539683,0.42857142857142855,2.0,0.8181818181818182,0.6440354827841841,0.49749840253811345
1271,0.9545703338806788,0.8359788359788359,1.6428571428571428,7.0,0.6666666666666666,0.6782604376116335,0.4588381984138917,0.9967159277504104,0.9788359788359787,0.2857142857142857,2.0,1.0,0.6782604376116335,0.4588381984138917
1272,0.9540229885057472,0.8201058201058201,1.7142857142857142,7.0,0.6666666666666666,0.6619348736213737,0.44548756915665977,0.9912424740010948,0.9417989417989417,0.5714285714285714,3.0,1.0,0.6619348736213737,0.44548756915665977
1273,0.9704433497536945,0.8730158730158729,1.2857142857142858,5.0,0.8181818181818182,0.5541598241454626,0.3620451699429361,0.9896004378762999,0.9417989417989417,0.7142857142857143,4.0,0.8181818181818182,0.5541598241454626,0.3620451699429361
1274,0.9666119321291735,0.8730158730158729,1.3571428571428572,7.0,0.6666666666666666,0.5857541791072205,0.4318624705049746,0.9983579638752054,0.9841269841269842,0.21428571428571427,1.0,1.0,0.5857541791072205,0.4318624705049746
1275,0.9644225506294472,0.8359788359788359,1.6428571428571428,5.0,0.6666666666666666,0.5930662022476734,0.3551707008809604,0.9797482211275315,0.9047619047619047,1.0,5.0,1.0,0.5930662022476734,0.3551707008809604
1276,0.9545703338806788,0.8201058201058201,1.7142857142857142,7.0,0.6666666666666666,0.6965674249798093,0.482153565946316,0.9939792008757526,0.9629629629629629,0.42857142857142855,3.0,1.0,0.6965674249798093,0.482153565946316
1277,0.9452654625068418,0.8253968253968254,1.7142857142857142,7.0,0.8181818181818182,0.7152095454616265,0.44260609246783383,0.990695128626163,0.947089947089947,0.5714285714285714,4.0,0.8181818181818182,0.7152095454616265,0.44260609246783383
1278,0.9649698960043787,0.8624338624338624,1.4285714285714286,7.0,0.6666666666666666,0.6102287720247777,0.4449375201417891,0.9994526546250683,0.9947089947089945,0.07142857142857142,1.0,1.0,0.6102287720247777,0.4449375201417891
1279,0.9742747673782157,0.8888888888888887,1.0714285714285714,5.0,0.8181818181818182,0.5340985985579547,0.3465969423592802,0.9890530925013684,0.9365079365079365,0.7857142857142857,4.0,0.8181818181818182,0.5340985985579547,0.3465969423592802
1280,0.9594964422550629,0.8518518518518519,1.5,6.0,0.8181818181818182,0.6527830970436574,0.413737117098696,0.9879584017515052,0.9312169312169312,0.7142857142857143,3.0,0.8181818181818182,0.6527830970436574,0.413737117098696
1281,0.9693486590038315,0.8888888888888887,1.2142857142857142,7.0,0.8181818181818182,0.5182802899541596,0.40739553921333405,0.9956212370005473,0.9682539682539683,0.42857142857142855,2.0,0.8181818181818182,0.5182802899541596,0.40739553921333405
1282,0.9655172413793103,0.8624338624338624,1.4285714285714286,7.0,0.6666666666666666,0.6334367851359683,0.5113351923855172,0.9950738916256158,0.9629629629629629,0.5,2.0,1.0,0.6334367851359683,0.5113351923855172
1283,0.9616858237547894,0.8518518518518519,1.5,7.0,0.6666666666666666,0.6490181269315201,0.47099073215164255,0.9994526546250683,0.9947089947089945,0.07142857142857142,1.0,1.0,0.6490181269315201,0.47099073215164255
1284,0.9693486590038315,0.8624338624338624,1.3571428571428572,5.0,0.8181818181818182,0.5598049818008939,0.3454671573161723,0.9824849480021893,0.9312169312169312,0.8571428571428571,6.0,0.8181818181818182,0.5598049818008939,0.3454671573161723
1285,0.9649698960043787,0.8412698412698412,1.5,5.0,0.6666666666666666,0.6257621858735873,0.3784862494685729,0.9890530925013684,0.9417989417989417,0.6428571428571429,4.0,1.0,0.6257621858735873,0.3784862494685729
1286,0.9709906951286261,0.8624338624338624,1.5,5.0,0.6666666666666666,0.5393557858945606,0.3745354020953034,0.9896004378762999,0.9417989417989417,0.7142857142857143,3.0,1.0,0.5393557858945606,0.3745354020953034
1287,0.9742747673782157,0.8677248677248677,1.4285714285714286,5.0,0.6666666666666666,0.5170209481772368,0.3370427152680235,0.9857690202517788,0.9259259259259259,0.7857142857142857,4.0,1.0,0.5170209481772368,0.3370427152680235
1288,0.9655172413793103,0.8677248677248677,1.3571428571428572,6.0,0.8181818181818182,0.597336792529448,0.41972980799260856,0.9939792008757526,0.9576719576719577,0.5714285714285714,2.0,0.8181818181818182,0.597336792529448,0.41972980799260856
1289,0.9737274220032841,0.8835978835978835,1.1428571428571428,5.0,0.8181818181818182,0.4471979771617556,0.35988049749416084,0.9759168035030105,0.9312169312169312,0.9285714285714286,8.0,0.8181818181818182,0.4471979771617556,0.35988049749416084
1290,0.9655172413793103,0.8624338624338624,1.4285714285714286,7.0,0.6666666666666666,0.5194699502453032,0.40696835513101787,0.9950738916256158,0.9629629629629629,0.5,2.0,1.0,0.5194699502453032,0.40696835513101787
1291,0.9813902572523261,0.91005291005291,0.9285714285714286,5.0,0.8181818181818182,0.47130729681188727,0.3455765240967921,0.9901477832512315,0.947089947089947,0.6428571428571429,4.0,0.8181818181818182,0.47130729681188727,0.3455765240967921
1292,0.975369458128079,0.8941798941798942,1.1428571428571428,5.0,0.8181818181818182,0.5328797847492515,0.33576042874641987,0.9841269841269842,0.9312169312169312,0.7857142857142857,6.0,0.8181818181818182,0.5328797847492515,0.33576042874641987
1293,0.9551176792556102,0.8201058201058201,1.7142857142857142,7.0,0.6666666666666666,0.621708135945992,0.41484985246442746,0.990695128626163,0.9417989417989417,0.5714285714285714,3.0,1.0,0.621708135945992,0.41484985246442746
1294,0.967159277504105,0.8730158730158729,1.2857142857142858,7.0,0.6666666666666666,0.5681821772376741,0.44176579850764125,0.9983579638752054,0.9841269841269842,0.21428571428571427,1.0,1.0,0.5681821772376741,0.44176579850764125
1295,0.9638752052545155,0.8677248677248677,1.4285714285714286,7.0,0.8181818181818182,0.6413133312686579,0.4854452042432498,0.996168582375479,0.9682539682539683,0.42857142857142855,2.0,0.8181818181818182,0.6413133312686579,0.4854452042432498
1296,0.9512862616310892,0.8253968253968254,1.6428571428571428,7.0,0.8181818181818182,0.4192749428217889,0.39892505718524834,0.9365079365079365,0.8730158730158729,1.5714285714285714,11.0,0.6666666666666666,0.4192749428217889,0.39892505718524834
1297,0.9715380405035577,0.8677248677248677,1.2857142857142858,5.0,0.6666666666666666,0.5587974439585119,0.3573242830857377,0.9928845101258894,0.9682539682539683,0.42857142857142855,4.0,1.0,0.5587974439585119,0.3573242830857377
1298,0.962233169129721,0.8518518518518519,1.5,6.0,0.8181818181818182,0.5516413107363015,0.39623402192035057,0.9688013136288999,0.8994708994708994,1.2857142857142858,8.0,0.8181818181818182,0.5516413107363015,0.39623402192035057
1299,0.9638752052545155,0.8306878306878307,1.6428571428571428,5.0,0.6666666666666666,0.596881071029749,0.3699927373187868,0.986863711001642,0.9312169312169312,0.7142857142857143,4.0,1.0,0.596881071029749,0.3699927373187868
1300,0.9677066228790366,0.8677248677248677,1.4285714285714286,6.0,0.6666666666666666,0.5621724890837325,0.39641673313602677,0.9989053092501368,0.9894179894179893,0.14285714285714285,1.0,1.0,0.5621724890837325,0.39641673313602677
1301,0.9775588396278051,0.8835978835978835,1.2142857142857142,5.0,0.6666666666666666,0.5147020911379658,0.35462178337083344,0.9917898193760263,0.9523809523809524,0.5714285714285714,4.0,1.0,0.5147020911379658,0.35462178337083344
1302,0.9770114942528736,0.8941798941798942,1.1428571428571428,5.0,0.8181818181818182,0.49941773063231454,0.3758423438608755,0.994526546250684,0.9629629629629629,0.42857142857142855,3.0,0.8181818181818182,0.49941773063231454,0.3758423438608755
1303,0.9573070607553366,0.8412698412698412,1.5714285714285714,7.0,0.6666666666666666,0.6690275075135513,0.46357229567951164,0.9978106185002736,0.9841269841269842,0.21428571428571427,2.0,1.0,0.6690275075135513,0.46357229567951164
1304,0.9660645867542419,0.8677248677248677,1.3571428571428572,7.0,0.6666666666666666,0.5605338060669518,0.424591476780657,0.9989053092501368,0.9894179894179893,0.14285714285714285,1.0,1.0,0.5605338060669518,0.424591476780657
1305,0.9704433497536945,0.8941798941798942,1.2142857142857142,7.0,0.8181818181818182,0.5778811059223837,0.4808460538630321,0.994526546250684,0.9629629629629629,0.5,2.0,0.8181818181818182,0.5778811059223837,0.4808460538630321
1306,0.9644225506294472,0.8730158730158729,1.3571428571428572,7.0,0.8181818181818182,0.6093520650894417,0.4525427899702369,0.9967159277504104,0.9735449735449735,0.35714285714285715,2.0,0.8181818181818182,0.6093520650894417,0.4525427899702369
1307,0.9764641488779421,0.8941798941798942,1.1428571428571428,5.0,0.8181818181818182,0.4679612761991762,0.33190239022408147,0.986863711001642,0.9523809523809524,0.6428571428571429,6.0,0.8181818181818182,0.4679612761991762,0.33190239022408147
1308,0.9594964422550629,0.8465608465608466,1.5,7.0,0.6666666666666666,0.7193899049058228,0.5213166005064152,0.9983579638752054,0.9894179894179893,0.14285714285714285,2.0,1.0,0.7193899049058228,0.5213166005064152
1309,0.9573070607553366,0.8412698412698412,1.5714285714285714,7.0,0.6666666666666666,0.6343003013387287,0.42238693283089096,0.9978106185002736,0.9841269841269842,0.21428571428571427,2.0,1.0,0.6343003013387287,0.42238693283089096
1310,0.9649698960043787,0.8359788359788359,1.5714285714285714,5.0,0.6666666666666666,0.6234771631871443,0.39194342376260033,0.9874110563765736,0.9365079365079365,0.7142857142857143,4.0,1.0,0.6234771631871443,0.39194342376260033
1311,0.967159277504105,0.8730158730158729,1.2857142857142858,7.0,0.6666666666666666,0.724382473081338,0.562191236540669,0.9983579638752054,0.9841269841269842,0.21428571428571427,1.0,1.0,0.724382473081338,0.562191236540669
1312,0.9693486590038315,0.8783068783068783,1.2857142857142858,5.0,0.8181818181818182,0.5520732093917433,0.34613887151869654,0.983032293377121,0.9259259259259259,0.8571428571428571,6.0,0.8181818181818182,0.5520732093917433,0.34613887151869654
1313,0.9644225506294472,0.8730158730158729,1.3571428571428572,7.0,0.8181818181818182,0.6839744444213758,0.5280238145461729,0.9967159277504104,0.9735449735449735,0.35714285714285715,2.0,0.8181818181818182,0.6839744444213758,0.5280238145461729
1314,0.9813902572523261,0.9153439153439152,1.0,5.0,0.8181818181818182,0.45218377471650295,0.31173846172160796,0.9857690202517788,0.9417989417989417,0.6428571428571429,6.0,0.8181818181818182,0.45218377471650295,0.31173846172160796
1315,0.9677066228790366,0.8465608465608466,1.5714285714285714,5.0,0.6666666666666666,0.5612878644885437,0.3455625262998059,0.9824849480021893,0.9153439153439152,0.8571428571428571,5.0,1.0,0.5612878644885437,0.3455625262998059
1316,0.9594964422550629,0.8465608465608466,1.5,7.0,0.6666666666666666,0.6381160048643045,0.4509485906092097,0.9983579638752054,0.9894179894179893,0.14285714285714285,2.0,1.0,0.6381160048643045,0.4509485906092097
1317,0.6737821565407772,0.582010582010582,4.714285714285714,21.0,0.5384615384615384,0.7999999999999998,0.4390694161648131,0.6053639846743295,0.5873015873015872,4.928571428571429,22.0,0.42857142857142855,0.7999999999999998,0.4390694161648131
1318,0.9759168035030105,0.8888888888888887,1.1428571428571428,5.0,0.8181818181818182,0.528396934090489,0.34105883457118624,0.9896004378762999,0.9365079365079365,0.7857142857142857,4.0,0.8181818181818182,0.528396934090489,0.34105883457118624
1319,0.9704433497536945,0.8941798941798942,1.2142857142857142,7.0,0.8181818181818182,0.6115979811202066,0.49596684816648157,0.994526546250684,0.9629629629629629,0.5,2.0,0.8181818181818182,0.6115979811202066,0.49596684816648157
1320,0.9698960043787629,0.8835978835978835,1.2142857142857142,6.0,0.8181818181818182,0.5472480338886963,0.4058314148243312,0.994526546250684,0.9629629629629629,0.5,2.0,0.8181818181818182,0.5472480338886963,0.4058314148243312
1321,0.9693486590038315,0.8888888888888887,1.2142857142857142,7.0,0.8181818181818182,0.5338659745573568,0.4335312031645588,0.9956212370005473,0.9682539682539683,0.42857142857142855,2.0,0.8181818181818182,0.5338659745573568,0.4335312031645588
1322,0.967159277504105,0.8677248677248677,1.3571428571428572,7.0,0.6666666666666666,0.5476496414063263,0.42688275365775397,0.996168582375479,0.9682539682539683,0.42857142857142855,2.0,1.0,0.5476496414063263,0.42688275365775397
1323,0.9748221127531472,0.8941798941798942,1.1428571428571428,5.0,0.8181818181818182,0.5388268441870034,0.3422450590774086,0.9852216748768472,0.9417989417989417,0.7142857142857143,6.0,0.8181818181818182,0.5388268441870034,0.3422450590774086
1324,0.9792008757525997,0.9047619047619047,1.0,5.0,0.8181818181818182,0.44082958972767433,0.36271498406236097,0.9923371647509577,0.9523809523809524,0.5714285714285714,3.0,0.8181818181818182,0.44082958972767433,0.36271498406236097
1325,0.9693486590038315,0.8888888888888887,1.2142857142857142,7.0,0.8181818181818182,0.6095928057945736,0.4721434835922244,0.9956212370005473,0.9682539682539683,0.42857142857142855,2.0,0.8181818181818182,0.6095928057945736,0.4721434835922244
1326,0.9660645867542419,0.8677248677248677,1.3571428571428572,7.0,0.6666666666666666,0.6364626285077173,0.4786160343604336,0.9989053092501368,0.9894179894179893,0.14285714285714285,1.0,1.0,0.6364626285077173,0.4786160343604336
1327,0.9770114942528736,0.8835978835978835,1.2142857142857142,5.0,0.6666666666666666,0.512078076378615,0.36023046628789895,0.9939792008757526,0.9735449735449735,0.35714285714285715,4.0,1.0,0.512078076378615,0.36023046628789895
1328,0.9737274220032841,0.8624338624338624,1.4285714285714286,5.0,0.6666666666666666,0.5457869559763777,0.3694251707564629,0.986863711001642,0.9312169312169312,0.7142857142857143,4.0,1.0,0.5457869559763777,0.3694251707564629
1329,0.9573070607553366,0.8412698412698412,1.5714285714285714,7.0,0.6666666666666666,0.6364503185281245,0.41966142251991134,0.9978106185002736,0.9841269841269842,0.21428571428571427,2.0,1.0,0.6364503185281245,0.41966142251991134
1330,0.9715380405035577,0.8677248677248677,1.2857142857142858,5.0,0.6666666666666666,0.5747683910552783,0.3733116682451404,0.9928845101258894,0.9682539682539683,0.42857142857142855,4.0,1.0,0.5747683910552783,0.3733116682451404
1331,0.9781061850027366,0.91005291005291,1.0,7.0,0.6666666666666666,0.46910983056894673,0.41507095982659403,0.9863163656267103,0.9259259259259259,0.8571428571428571,3.0,1.0,0.46910983056894673,0.41507095982659403
1332,0.9638752052545155,0.8677248677248677,1.3571428571428572,7.0,0.8181818181818182,0.5951669383450566,0.42592398952324145,0.9978106185002736,0.9788359788359787,0.2857142857142857,1.0,0.8181818181818182,0.5951669383450566,0.42592398952324145
1333,0.9726327312534209,0.8677248677248677,1.3571428571428572,5.0,0.6666666666666666,0.5597693327438746,0.36530432121598067,0.9928845101258894,0.9682539682539683,0.42857142857142855,4.0,1.0,0.5597693327438746,0.36530432121598067
1334,0.939792008757526,0.7883597883597884,2.0714285714285716,7.0,0.6666666666666666,0.7809772594832265,0.47105335475829024,0.9819376026272578,0.91005291005291,1.0,4.0,1.0,0.7809772594832265,0.47105335475829024
1335,0.9748221127531472,0.9047619047619047,1.2142857142857142,7.0,0.8181818181818182,0.5575180653252467,0.47213724899720366,0.9890530925013684,0.9312169312169312,0.7857142857142857,3.0,0.8181818181818182,0.5575180653252467,0.47213724899720366
1336,0.9660645867542419,0.8677248677248677,1.3571428571428572,7.0,0.6666666666666666,0.6690994770629228,0.5212793558923777,0.9989053092501368,0.9894179894179893,0.14285714285714285,1.0,1.0,0.6690994770629228,0.5212793558923777
1337,0.9781061850027366,0.8994708994708994,1.0,5.0,0.8181818181818182,0.46135072534632515,0.3363987083110595,0.983032293377121,0.947089947089947,0.7142857142857143,7.0,0.8181818181818182,0.46135072534632515,0.3363987083110595
1338,0.9770114942528736,0.8783068783068783,1.2857142857142858,5.0,0.6666666666666666,0.5001466156117531,0.3657792681872217,0.990695128626163,0.947089947089947,0.6428571428571429,4.0,1.0,0.5001466156117531,0.3657792681872217
1339,0.9616858237547894,0.857142857142857,1.5,6.0,0.8181818181818182,0.6235437112642506,0.40680230918347166,0.986863711001642,0.9259259259259259,0.8571428571428571,3.0,0.8181818181818182,0.6235437112642506,0.40680230918347166
1340,0.9540229885057472,0.8465608465608466,1.6428571428571428,7.0,0.8181818181818182,0.6443069715717222,0.45854944917153256,0.9912424740010948,0.947089947089947,0.7142857142857143,3.0,0.8181818181818182,0.6443069715717222,0.45854944917153256
1341,0.9666119321291735,0.8518518518518519,1.5714285714285714,5.0,0.6666666666666666,0.559688467361976,0.3756621723148018,0.9879584017515052,0.9312169312169312,0.7857142857142857,3.0,1.0,0.559688467361976,0.3756621723148018
1342,0.9759168035030105,0.8994708994708994,1.0714285714285714,5.0,0.8181818181818182,0.535801479408858,0.32960126663622885,0.983032293377121,0.9259259259259259,0.8571428571428571,6.0,0.8181818181818182,0.535801479408858,0.32960126663622885
1343,0.9655172413793103,0.8624338624338624,1.4285714285714286,7.0,0.6666666666666666,0.5770287663070128,0.4428701821910406,0.9950738916256158,0.9629629629629629,0.5,2.0,1.0,0.5770287663070128,0.4428701821910406
1344,0.975369458128079,0.8835978835978835,1.2142857142857142,5.0,0.8181818181818182,0.39999999999999997,0.35280926804190404,0.9633278598795839,0.91005291005291,1.1428571428571428,9.0,0.8181818181818182,0.39999999999999997,0.35280926804190404
1345,0.9551176792556102,0.8253968253968254,1.7857142857142858,6.0,0.6666666666666666,0.6559810463094231,0.4141846118544109,0.9928845101258894,0.9576719576719577,0.5714285714285714,2.0,1.0,0.6559810463094231,0.4141846118544109
1346,0.9688013136288999,0.8835978835978835,1.2142857142857142,7.0,0.8181818181818182,0.5873242140797941,0.46607836612239,0.9967159277504104,0.9735449735449735,0.35714285714285715,2.0,0.8181818181818182,0.5873242140797941,0.46607836612239
1347,0.9594964422550629,0.8465608465608466,1.5,7.0,0.6666666666666666,0.6376972662811201,0.44473624671616757,0.9983579638752054,0.9894179894179893,0.14285714285714285,2.0,1.0,0.6376972662811201,0.44473624671616757
1348,0.9698960043787629,0.8783068783068783,1.2857142857142858,7.0,0.6666666666666666,0.5086400605461137,0.41785730533307297,0.9912424740010948,0.947089947089947,0.7142857142857143,3.0,1.0,0.5086400605461137,0.41785730533307297
1349,0.9693486590038315,0.8888888888888887,1.2142857142857142,7.0,0.8181818181818182,0.5684328914452237,0.44553763560722576,0.9956212370005473,0.9682539682539683,0.42857142857142855,2.0,0.8181818181818182,0.5684328914452237,0.44553763560722576
1350,0.967159277504105,0.8783068783068783,1.2857142857142858,6.0,0.8181818181818182,0.5207026069498921,0.3720313323316638,0.9682539682539683,0.9047619047619047,1.1428571428571428,9.0,0.8181818181818182,0.5207026069498921,0.3720313323316638
1351,0.9693486590038315,0.8624338624338624,1.3571428571428572,5.0,0.6666666666666666,0.600776875040139,0.3959756510196692,0.9950738916256158,0.9735449735449735,0.35714285714285715,3.0,1.0,0.600776875040139,0.3959756510196692
1352,0.9616858237547894,0.8518518518518519,1.5,7.0,0.6666666666666666,0.6214068790783754,0.4369781748749089,0.9994526546250683,0.9947089947089945,0.07142857142857142,1.0,1.0,0.6214068790783754,0.4369781748749089
1353,0.9693486590038315,0.8624338624338624,1.3571428571428572,5.0,0.6666666666666666,0.5733478929179285,0.3866855336107146,0.9950738916256158,0.9735449735449735,0.35714285714285715,3.0,1.0,0.5733478929179285,0.3866855336107146
1354,0.9759168035030105,0.8783068783068783,1.2857142857142858,5.0,0.8181818181818182,0.49968757108670137,0.332635778511975,0.980295566502463,0.9153439153439152,0.9285714285714286,6.0,0.8181818181818182,0.49968757108670137,0.332635778511975
1355,0.9616858237547894,0.8624338624338624,1.3571428571428572,7.0,0.8181818181818182,0.693440042269317,0.5214193346055874,0.9967159277504104,0.9735449735449735,0.35714285714285715,2.0,0.8181818181818182,0.693440042269317,0.5214193346055874
1356,0.9775588396278051,0.8994708994708994,1.1428571428571428,5.0,0.8181818181818182,0.4424321614702351,0.3366174389231557,0.9633278598795839,0.8941798941798942,1.2142857142857142,9.0,0.8181818181818182,0.4424321614702351,0.3366174389231557
1357,0.980295566502463,0.9312169312169312,0.9285714285714286,7.0,0.8181818181818182,0.48475260696230427,0.4368613047454098,0.9885057471264367,0.9259259259259259,0.7142857142857143,3.0,0.8181818181818182,0.48475260696230427,0.4368613047454098
1358,0.9469074986316366,0.8201058201058201,1.8571428571428572,8.0,0.8181818181818182,0.46954677401961054,0.4068628705079235,0.9239189928845101,0.8359788359788359,1.8571428571428572,11.0,0.6666666666666666,0.46954677401961054,0.4068628705079235
1359,0.9775588396278051,0.8835978835978835,1.2142857142857142,5.0,0.6666666666666666,0.5345817388370124,0.36880426920792797,0.9917898193760263,0.9523809523809524,0.5714285714285714,4.0,1.0,0.5345817388370124,0.36880426920792797
1360,0.9611384783798578,0.857142857142857,1.4285714285714286,7.0,0.8181818181818182,0.6116288657486364,0.42878233961766044,0.996168582375479,0.9682539682539683,0.42857142857142855,2.0,0.8181818181818182,0.6116288657486364,0.42878233961766044
1361,0.9715380405035577,0.8783068783068783,1.2142857142857142,5.0,0.8181818181818182,0.564080197181412,0.3434236116340211,0.9857690202517788,0.947089947089947,0.7142857142857143,6.0,0.8181818181818182,0.564080197181412,0.3434236116340211
1362,0.9644225506294472,0.857142857142857,1.4285714285714286,7.0,0.6666666666666666,0.6594706078457253,0.47383463092876416,0.9956212370005473,0.9682539682539683,0.42857142857142855,2.0,1.0,0.6594706078457253,0.47383463092876416
1363,0.9666119321291735,0.8677248677248677,1.3571428571428572,7.0,0.6666666666666666,0.5369374739482025,0.391983209531275,0.9978106185002736,0.9788359788359787,0.2857142857142857,1.0,1.0,0.5369374739482025,0.391983209531275
1364,0.9666119321291735,0.8677248677248677,1.3571428571428572,7.0,0.6666666666666666,0.5740328905158103,0.4151676060648357,0.9978106185002736,0.9788359788359787,0.2857142857142857,1.0,1.0,0.5740328905158103,0.4151676060648357
1365,0.9770114942528736,0.8888888888888887,1.2142857142857142,5.0,0.8181818181818182,0.49578392016637096,0.33660708932160427,0.9786535303776682,0.9047619047619047,1.0714285714285714,6.0,0.8181818181818182,0.49578392016637096,0.33660708932160427
1366,0.9573070607553366,0.8412698412698412,1.5714285714285714,7.0,0.6666666666666666,0.6699119921493579,0.45623480179275455,0.9978106185002736,0.9841269841269842,0.21428571428571427,2.0,1.0,0.6699119921493579,0.45623480179275455
1367,0.9594964422550629,0.8465608465608466,1.4285714285714286,6.0,0.8181818181818182,0.49043369625236016,0.397819036910995,0.9480021893814996,0.8730158730158729,1.5,11.0,0.8181818181818182,0.49043369625236016,0.397819036910995
1368,0.960591133004926,0.8412698412698412,1.6428571428571428,7.0,0.6666666666666666,0.6588365120842952,0.48046403430920254,0.986863711001642,0.9312169312169312,0.7857142857142857,3.0,1.0,0.6588365120842952,0.48046403430920254
1369,0.9693486590038315,0.8888888888888887,1.2142857142857142,7.0,0.8181818181818182,0.5679031267627366,0.4360814180795427,0.9956212370005473,0.9682539682539683,0.42857142857142855,2.0,0.8181818181818182,0.5679031267627366,0.4360814180795427
1370,0.9693486590038315,0.8783068783068783,1.2857142857142858,7.0,0.6666666666666666,0.5821192647060798,0.47653484569715143,0.9939792008757526,0.9576719576719577,0.5714285714285714,2.0,1.0,0.5821192647060798,0.47653484569715143
1371,0.9540229885057472,0.8201058201058201,1.7142857142857142,7.0,0.6666666666666666,0.6845988378675294,0.4633726796931961,0.9912424740010948,0.9417989417989417,0.5714285714285714,3.0,1.0,0.6845988378675294,0.4633726796931961
1372,0.9693486590038315,0.8783068783068783,1.2142857142857142,7.0,0.6666666666666666,0.5622893729219355,0.45294105770349274,0.996168582375479,0.9682539682539683,0.42857142857142855,2.0,1.0,0.5622893729219355,0.45294105770349274
1373,0.9545703338806788,0.8359788359788359,1.6428571428571428,7.0,0.6666666666666666,0.6726670159572816,0.45519221382329456,0.9967159277504104,0.9788359788359787,0.2857142857142857,2.0,1.0,0.6726670159572816,0.45519221382329456
1374,0.9616858237547894,0.8412698412698412,1.5714285714285714,7.0,0.6666666666666666,0.6269590991097442,0.447380061183823,0.990695128626163,0.9417989417989417,0.6428571428571429,3.0,1.0,0.6269590991097442,0.447380061183823
1375,0.967159277504105,0.8783068783068783,1.2857142857142858,7.0,0.8181818181818182,0.5807041010332556,0.43834964452726993,0.9978106185002736,0.9788359788359787,0.2857142857142857,1.0,0.8181818181818182,0.5807041010332556,0.43834964452726993
1376,0.9677066228790366,0.8518518518518519,1.5,5.0,0.6666666666666666,0.5741381986934496,0.34650863467156995,0.9863163656267103,0.9417989417989417,0.7142857142857143,5.0,1.0,0.5741381986934496,0.34650863467156995
1377,0.9633278598795839,0.857142857142857,1.5,7.0,0.6666666666666666,0.6562121695067704,0.4757001316059484,0.9999999999999998,1.0,0.0,0.0,1.0,0.6562121695067704,0.4757001316059484
1378,0.9616858237547894,0.8518518518518519,1.5,7.0,0.6666666666666666,0.5926716409080828,0.41294840273122374,0.9994526546250683,0.9947089947089945,0.07142857142857142,1.0,1.0,0.5926716409080828,0.41294840273122374
1379,0.9737274220032841,0.8730158730158729,1.2857142857142858,5.0,0.6666666666666666,0.5548059465137087,0.37805532207538667,0.9939792008757526,0.9735449735449735,0.35714285714285715,4.0,1.0,0.5548059465137087,0.37805532207538667
1380,0.9573070607553366,0.8201058201058201,1.7857142857142858,5.0,0.6666666666666666,0.6484689689784688,0.396012372201361,0.986863711001642,0.9312169312169312,0.7857142857142857,3.0,1.0,0.6484689689784688,0.396012372201361
1381,0.9693486590038315,0.8888888888888887,1.2142857142857142,7.0,0.8181818181818182,0.651098357723076,0.5144874837793914,0.9956212370005473,0.9682539682539683,0.42857142857142855,2.0,0.8181818181818182,0.651098357723076,0.5144874837793914
1382,0.9698960043787629,0.8888888888888887,1.1428571428571428,7.0,0.8181818181818182,0.702347483149276,0.5511737415746379,0.996168582375479,0.9682539682539683,0.35714285714285715,2.0,0.8181818181818182,0.702347483149276,0.5511737415746379
1383,0.9660645867542419,0.8677248677248677,1.3571428571428572,7.0,0.6666666666666666,0.6375439062448387,0.4907030480847615,0.9989053092501368,0.9894179894179893,0.14285714285714285,1.0,1.0,0.6375439062448387,0.4907030480847615
1384,0.9589490968801313,0.8412698412698412,1.5714285714285714,7.0,0.6666666666666666,0.6884533120796288,0.48710425865622115,0.9978106185002736,0.9841269841269842,0.14285714285714285,2.0,1.0,0.6884533120796288,0.48710425865622115
1385,0.962233169129721,0.8465608465608466,1.5714285714285714,7.0,0.6666666666666666,0.6711596461166067,0.4981118409994901,0.9912424740010948,0.947089947089947,0.6428571428571429,3.0,1.0,0.6711596461166067,0.4981118409994901
1386,0.9540229885057472,0.8306878306878307,1.6428571428571428,7.0,0.6666666666666666,0.6563071802784246,0.42579083012794566,0.996168582375479,0.9735449735449735,0.35714285714285715,2.0,1.0,0.6563071802784246,0.42579083012794566
1387,0.967159277504105,0.857142857142857,1.4285714285714286,5.0,0.6666666666666666,0.6042291027575051,0.391081313733913,0.994526546250684,0.9682539682539683,0.42857142857142855,3.0,1.0,0.6042291027575051,0.391081313733913
1388,0.967159277504105,0.8465608465608466,1.5,5.0,0.6666666666666666,0.591386252107641,0.359471354175783,0.9890530925013684,0.947089947089947,0.6428571428571429,4.0,1.0,0.591386252107641,0.359471354175783
1389,0.9693486590038315,0.8624338624338624,1.3571428571428572,5.0,0.6666666666666666,0.6045971946843235,0.38519685027557865,0.9923371647509577,0.9629629629629629,0.5,4.0,1.0,0.6045971946843235,0.38519685027557865
1390,0.9731800766283524,0.8888888888888887,1.2142857142857142,5.0,0.8181818181818182,0.5134610371464616,0.34784852373628944,0.9797482211275315,0.9259259259259259,0.9285714285714286,7.0,0.8181818181818182,0.5134610371464616,0.34784852373628944
1391,0.9737274220032841,0.8835978835978835,1.1428571428571428,5.0,0.8181818181818182,0.5258515468834255,0.36425979379708584,0.9912424740010948,0.9523809523809524,0.5714285714285714,4.0,0.8181818181818182,0.5258515468834255,0.36425979379708584
1392,0.950191570881226,0.8095238095238094,1.7857142857142858,7.0,0.6666666666666666,0.6853624819661217,0.44934208891268723,0.9917898193760263,0.9523809523809524,0.5714285714285714,3.0,1.0,0.6853624819661217,0.44934208891268723
1393,0.9786535303776682,0.8888888888888887,1.1428571428571428,5.0,0.6666666666666666,0.5193276323589641,0.35147528687701274,0.9923371647509577,0.9576719576719577,0.5714285714285714,4.0,1.0,0.5193276323589641,0.35147528687701274
1394,0.9655172413793103,0.8730158730158729,1.3571428571428572,7.0,0.8181818181818182,0.6074532382394637,0.4590848838727596,0.9983579638752054,0.9841269841269842,0.21428571428571427,1.0,0.8181818181818182,0.6074532382394637,0.4590848838727596
1395,0.9715380405035577,0.8677248677248677,1.2857142857142858,5.0,0.6666666666666666,0.5729840175695131,0.38029488407587164,0.9928845101258894,0.9682539682539683,0.42857142857142855,4.0,1.0,0.5729840175695131,0.38029488407587164
1396,0.9709906951286261,0.8835978835978835,1.1428571428571428,5.0,0.8181818181818182,0.5207461434136951,0.3641579593266299,0.9792008757525997,0.9206349206349207,1.0,7.0,0.8181818181818182,0.5207461434136951,0.3641579593266299
1397,0.9616858237547894,0.8412698412698412,1.5714285714285714,7.0,0.6666666666666666,0.6218352586986344,0.43591107125103873,0.9923371647509577,0.9523809523809524,0.5714285714285714,3.0,1.0,0.6218352586986344,0.43591107125103873
1398,0.9649698960043787,0.8677248677248677,1.4285714285714286,7.0,0.6666666666666666,0.6550724110569837,0.48918487569823943,0.9989053092501368,0.9894179894179893,0.14285714285714285,1.0,1.0,0.6550724110569837,0.48918487569823943
1399,0.975369458128079,0.8941798941798942,1.0714285714285714,5.0,0.8181818181818182,0.5169234732025434,0.3375251645044652,0.9857690202517788,0.9312169312169312,0.8571428571428571,5.0,0.8181818181818182,0.5169234732025434,0.3375251645044652
1400,0.980295566502463,0.91005291005291,1.0,5.0,0.8181818181818182,0.4985765422806608,0.3792977467137511,0.9912424740010948,0.947089947089947,0.6428571428571429,3.0,0.8181818181818182,0.4985765422806608,0.3792977467137511
1401,0.9529282977558841,0.8148148148148148,1.7857142857142858,7.0,0.6666666666666666,0.7258948368087348,0.49323706538966966,0.9917898193760263,0.947089947089947,0.5,3.0,1.0,0.7258948368087348,0.49323706538966966
1402,0.9600437876299945,0.8518518518518519,1.5,7.0,0.6666666666666666,0.6246943516299011,0.44317807365832407,0.9978106185002736,0.9841269841269842,0.21428571428571427,2.0,1.0,0.6246943516299011,0.44317807365832407
1403,0.9824849480021893,0.9417989417989417,0.7857142857142857,7.0,0.8181818181818182,0.7203461567906038,0.5601730783953021,0.9792008757525997,0.9047619047619047,1.0714285714285714,5.0,0.8181818181818182,0.7203461567906038,0.5601730783953021
1404,0.967159277504105,0.8783068783068783,1.2857142857142858,7.0,0.8181818181818182,0.6724853785086164,0.5302232535452498,0.9978106185002736,0.9788359788359787,0.2857142857142857,1.0,0.8181818181818182,0.6724853785086164,0.5302232535452498
1405,0.9715380405035577,0.8994708994708994,1.1428571428571428,7.0,0.8181818181818182,0.5847181741569218,0.4890448412915985,0.9939792008757526,0.9576719576719577,0.5,2.0,0.8181818181818182,0.5847181741569218,0.4890448412915985
1406,0.9551176792556102,0.8412698412698412,1.5714285714285714,7.0,0.8181818181818182,0.7268573288231075,0.5023831607875922,0.9950738916256158,0.9629629629629629,0.42857142857142855,2.0,0.8181818181818182,0.7268573288231075,0.5023831607875922
1407,0.9584017515051997,0.8518518518518519,1.5714285714285714,7.0,0.8181818181818182,0.41959300364153895,0.3606629220300895,0.9354132457580733,0.8677248677248677,1.5714285714285714,11.0,0.6666666666666666,0.41959300364153895,0.3606629220300895
1408,0.9660645867542419,0.8677248677248677,1.3571428571428572,7.0,0.6666666666666666,0.5708255043941056,0.41998376209812244,0.9989053092501368,0.9894179894179893,0.14285714285714285,1.0,1.0,0.5708255043941056,0.41998376209812244
1409,0.9698960043787629,0.8677248677248677,1.3571428571428572,5.0,0.6666666666666666,0.5602271497351623,0.38165484676216455,0.994526546250684,0.9682539682539683,0.42857142857142855,3.0,1.0,0.5602271497351623,0.38165484676216455
1410,0.9616858237547894,0.857142857142857,1.4285714285714286,6.0,0.8181818181818182,0.6430328678732187,0.40920122690514976,0.9890530925013684,0.9365079365079365,0.7142857142857143,3.0,0.8181818181818182,0.6430328678732187,0.40920122690514976
1411,0.9649698960043787,0.8624338624338624,1.4285714285714286,7.0,0.6666666666666666,0.6241516398550331,0.45224410926909586,0.9994526546250683,0.9947089947089945,0.07142857142857142,1.0,1.0,0.6241516398550331,0.45224410926909586
1412,0.9792008757525997,0.8941798941798942,1.0714285714285714,5.0,0.6666666666666666,0.4468258493369911,0.32251393846868265,0.9917898193760263,0.9523809523809524,0.6428571428571429,4.0,1.0,0.4468258493369911,0.32251393846868265
1413,0.9813902572523261,0.9365079365079365,0.8571428571428571,7.0,0.8181818181818182,0.5430638427486602,0.47153192137433,0.9863163656267103,0.9206349206349207,0.7857142857142857,3.0,0.8181818181818182,0.5430638427486602,0.47153192137433
1414,0.9633278598795839,0.8412698412698412,1.5,5.0,0.8181818181818182,0.5460591891062772,0.4077726014967519,0.9638752052545155,0.8677248677248677,1.5,7.0,0.8181818181818182,0.5460591891062772,0.4077726014967519
1415,0.9655172413793103,0.8624338624338624,1.4285714285714286,7.0,0.6666666666666666,0.53525126416447,0.4005731311644632,0.9950738916256158,0.9629629629629629,0.5,2.0,1.0,0.53525126416447,0.4005731311644632
1416,0.967159277504105,0.8624338624338624,1.5,6.0,0.6666666666666666,0.5179958833660065,0.3773490494830314,0.9928845101258894,0.9523809523809524,0.6428571428571429,2.0,1.0,0.5179958833660065,0.3773490494830314
1417,0.9655172413793103,0.8359788359788359,1.6428571428571428,5.0,0.6666666666666666,0.5856077052327503,0.3584842495762149,0.983032293377121,0.9153439153439152,0.8571428571428571,4.0,1.0,0.5856077052327503,0.3584842495762149
1418,0.9704433497536945,0.8941798941798942,1.2142857142857142,7.0,0.8181818181818182,0.7171342890368524,0.5585671445184263,0.994526546250684,0.9629629629629629,0.5,2.0,0.8181818181818182,0.7171342890368524,0.5585671445184263
1419,0.9759168035030105,0.8994708994708994,1.0714285714285714,5.0,0.8181818181818182,0.4940217446867963,0.3348047514957622,0.9846743295019157,0.9365079365079365,0.7142857142857143,6.0,0.8181818181818182,0.4940217446867963,0.3348047514957622
1420,0.9688013136288999,0.8783068783068783,1.2142857142857142,7.0,0.6666666666666666,0.6020685619112294,0.48219481608925646,0.9972632731253421,0.9788359788359787,0.2857142857142857,2.0,1.0,0.6020685619112294,0.48219481608925646
1421,0.6573617952928298,0.5502645502645502,4.785714285714286,21.0,0.5384615384615384,0.8,0.49781916954508676,0.5982484948002189,0.5873015873015872,5.0,22.0,0.42857142857142855,0.8,0.49781916954508676
1422,0.9611384783798578,0.857142857142857,1.4285714285714286,7.0,0.8181818181818182,0.651982411612673,0.4809771116405668,0.996168582375479,0.9682539682539683,0.42857142857142855,2.0,0.8181818181818182,0.651982411612673,0.4809771116405668
1423,0.9731800766283524,0.8730158730158729,1.3571428571428572,5.0,0.6666666666666666,0.5662895754393873,0.3835601241113636,0.9967159277504104,0.9841269841269842,0.21428571428571427,3.0,1.0,0.5662895754393873,0.3835601241113636
1424,0.9808429118773946,0.91005291005291,1.0714285714285714,5.0,0.8181818181818182,0.4987331620956415,0.3744229225091142,0.9896004378762999,0.9365079365079365,0.7857142857142857,2.0,0.8181818181818182,0.4987331620956415,0.3744229225091142
1425,0.9584017515051997,0.8518518518518519,1.5,7.0,0.8181818181818182,0.6225844127709381,0.4307211108159124,0.9950738916256158,0.9629629629629629,0.5,2.0,0.8181818181818182,0.6225844127709381,0.4307211108159124
1426,0.967159277504105,0.8730158730158729,1.2857142857142858,7.0,0.6666666666666666,0.6680211503451708,0.5183623361923826,0.9983579638752054,0.9841269841269842,0.21428571428571427,1.0,1.0,0.6680211503451708,0.5183623361923826
1427,0.960591133004926,0.8359788359788359,1.7142857142857142,6.0,0.6666666666666666,0.5975601727174147,0.3941683749296633,0.9874110563765736,0.9259259259259259,0.7857142857142857,3.0,1.0,0.5975601727174147,0.3941683749296633
1428,0.962233169129721,0.8730158730158729,1.5,7.0,0.8181818181818182,0.5847507491994381,0.4807539659665284,0.9863163656267103,0.9206349206349207,0.9285714285714286,4.0,0.8181818181818182,0.5847507491994381,0.4807539659665284
1429,0.967159277504105,0.8783068783068783,1.2857142857142858,7.0,0.8181818181818182,0.642464502739927,0.49161021919459996,0.9978106185002736,0.9788359788359787,0.2857142857142857,1.0,0.8181818181818182,0.642464502739927,0.49161021919459996
1430,0.9660645867542419,0.8624338624338624,1.4285714285714286,7.0,0.6666666666666666,0.5605030131700584,0.42219021215919167,0.9967159277504104,0.9735449735449735,0.35714285714285715,2.0,1.0,0.5605030131700584,0.42219021215919167
1431,0.9644225506294472,0.857142857142857,1.4285714285714286,7.0,0.6666666666666666,0.581411096748206,0.40174031443138203,0.9989053092501368,0.9894179894179893,0.14285714285714285,1.0,1.0,0.581411096748206,0.40174031443138203
1432,0.9759168035030105,0.8783068783068783,1.2142857142857142,5.0,0.8181818181818182,0.5003385735730483,0.3433251122553174,0.9792008757525997,0.9047619047619047,1.0714285714285714,6.0,0.8181818181818182,0.5003385735730483,0.3433251122553174
1433,0.9053092501368363,0.7566137566137565,2.2142857142857144,11.0,0.8181818181818182,0.4986412526877022,0.44011931074315247,0.8790366721401204,0.8042328042328042,2.357142857142857,14.0,0.6666666666666666,0.4986412526877022,0.44011931074315247
1434,0.9737274220032841,0.8835978835978835,1.2142857142857142,5.0,0.8181818181818182,0.5451640773107931,0.38439152287461553,0.994526546250684,0.9629629629629629,0.42857142857142855,3.0,0.8181818181818182,0.5451640773107931,0.38439152287461553
1435,0.9655172413793103,0.8465608465608466,1.5,5.0,0.6666666666666666,0.6261939590208506,0.37899618623601217,0.9896004378762999,0.947089947089947,0.6428571428571429,4.0,1.0,0.6261939590208506,0.37899618623601217
1436,0.9644225506294472,0.8624338624338624,1.5,7.0,0.6666666666666666,0.5769884625435389,0.46437396670318415,0.9923371647509577,0.9523809523809524,0.6428571428571429,2.0,1.0,0.5769884625435389,0.46437396670318415
1437,0.967159277504105,0.8783068783068783,1.2857142857142858,7.0,0.8181818181818182,0.5429822530581583,0.4144760221247097,0.9978106185002736,0.9788359788359787,0.2857142857142857,1.0,0.8181818181818182,0.5429822530581583,0.4144760221247097
1438,0.9660645867542419,0.8677248677248677,1.3571428571428572,6.0,0.8181818181818182,0.5694077537371645,0.3903124237627414,0.986863711001642,0.9259259259259259,0.8571428571428571,3.0,0.8181818181818182,0.5694077537371645,0.3903124237627414
1439,0.9682539682539683,0.8677248677248677,1.3571428571428572,5.0,0.8181818181818182,0.5980561506487864,0.4009827625628843,0.9917898193760263,0.947089947089947,0.6428571428571429,3.0,0.8181818181818182,0.5980561506487864,0.4009827625628843
1440,0.962233169129721,0.8412698412698412,1.5714285714285714,5.0,0.8181818181818182,0.6026985459387899,0.3915652220260323,0.9764641488779421,0.8994708994708994,1.1428571428571428,6.0,0.8181818181818182,0.6026985459387899,0.3915652220260323
1441,0.967159277504105,0.857142857142857,1.5714285714285714,5.0,0.6666666666666666,0.5515283554923247,0.368090995862002,0.9885057471264367,0.9365079365079365,0.7857142857142857,3.0,1.0,0.5515283554923247,0.368090995862002
1442,0.9627805145046523,0.8359788359788359,1.6428571428571428,5.0,0.6666666666666666,0.6517835110012336,0.3724912931727224,0.9835796387520527,0.9259259259259259,0.8571428571428571,5.0,1.0,0.6517835110012336,0.3724912931727224
1443,0.9737274220032841,0.8835978835978835,1.1428571428571428,5.0,0.8181818181818182,0.5302835773903154,0.34050917479664206,0.9863163656267103,0.9523809523809524,0.6428571428571429,6.0,0.8181818181818182,0.5302835773903154,0.34050917479664206
1444,0.9824849480021893,0.9153439153439152,0.8571428571428571,5.0,0.8181818181818182,0.4442923534201646,0.32933356861879565,0.9824849480021893,0.9417989417989417,0.7142857142857143,7.0,0.8181818181818182,0.4442923534201646,0.32933356861879565
1445,0.9704433497536945,0.8941798941798942,1.1428571428571428,7.0,0.8181818181818182,0.49808950372837274,0.4181164130822196,0.9950738916256158,0.9629629629629629,0.42857142857142855,2.0,0.8181818181818182,0.49808950372837274,0.4181164130822196
1446,0.9594964422550629,0.8465608465608466,1.5,7.0,0.6666666666666666,0.6613449499652626,0.4680959659410815,0.9983579638752054,0.9894179894179893,0.14285714285714285,2.0,1.0,0.6613449499652626,0.4680959659410815
1447,0.9737274220032841,0.8624338624338624,1.4285714285714286,5.0,0.6666666666666666,0.545622229021177,0.3529714896581075,0.9852216748768472,0.9206349206349207,0.8571428571428571,4.0,1.0,0.545622229021177,0.3529714896581075
1448,0.9655172413793103,0.8624338624338624,1.4285714285714286,7.0,0.6666666666666666,0.6136977558068031,0.46347072841249265,0.9950738916256158,0.9629629629629629,0.5,2.0,1.0,0.6136977558068031,0.46347072841249265
1449,0.9638752052545155,0.8677248677248677,1.3571428571428572,7.0,0.8181818181818182,0.6072521143786445,0.4437620869709368,0.9978106185002736,0.9788359788359787,0.2857142857142857,1.0,0.8181818181818182,0.6072521143786445,0.4437620869709368
1450,0.9600437876299945,0.8518518518518519,1.5,7.0,0.6666666666666666,0.5947254992684021,0.41263264655796544,0.9978106185002736,0.9841269841269842,0.21428571428571427,2.0,1.0,0.5947254992684021,0.41263264655796544
1451,0.9682539682539683,0.8783068783068783,1.2857142857142858,7.0,0.6666666666666666,0.6529863139650878,0.5160111059546834,0.9978106185002736,0.9788359788359787,0.2857142857142857,1.0,1.0,0.6529863139650878,0.5160111059546834
1452,0.9616858237547894,0.8624338624338624,1.4285714285714286,7.0,0.8181818181818182,0.632314341857841,0.4626059866669619,0.9950738916256158,0.9629629629629629,0.5,2.0,0.8181818181818182,0.632314341857841,0.4626059866669619
1453,0.9660645867542419,0.8677248677248677,1.3571428571428572,7.0,0.6666666666666666,0.5921800213286077,0.4546257636393181,0.9989053092501368,0.9894179894179893,0.14285714285714285,1.0,1.0,0.5921800213286077,0.4546257636393181
1454,0.9594964422550629,0.8465608465608466,1.5,7.0,0.6666666666666666,0.6227151105834682,0.42143962582723504,0.9983579638752054,0.9894179894179893,0.14285714285714285,2.0,1.0,0.6227151105834682,0.42143962582723504
1455,0.9534756431308156,0.8095238095238094,1.9285714285714286,6.0,0.6666666666666666,0.7023261339921192,0.3928550840094687,0.980295566502463,0.91005291005291,1.0,4.0,1.0,0.7023261339921192,0.3928550840094687
1456,0.9715380405035577,0.8730158730158729,1.3571428571428572,5.0,0.6666666666666666,0.5511761210675048,0.39191256977701294,0.9978106185002736,0.9841269841269842,0.21428571428571427,2.0,1.0,0.5511761210675048,0.39191256977701294
1457,0.9715380405035577,0.8677248677248677,1.2857142857142858,5.0,0.6666666666666666,0.5686130422721796,0.36497629612475874,0.9928845101258894,0.9682539682539683,0.42857142857142855,4.0,1.0,0.5686130422721796,0.36497629612475874
1458,0.9737274220032841,0.8994708994708994,1.2142857142857142,7.0,0.8181818181818182,0.5130948570656024,0.4379002647380595,0.9923371647509577,0.947089947089947,0.6428571428571429,2.0,0.8181818181818182,0.5130948570656024,0.4379002647380595
1459,0.9704433497536945,0.8941798941798942,1.2142857142857142,7.0,0.8181818181818182,0.6529383962801776,0.5264691981400889,0.994526546250684,0.9629629629629629,0.5,2.0,0.8181818181818182,0.6529383962801776,0.5264691981400889
1460,0.9616858237547894,0.8412698412698412,1.5714285714285714,7.0,0.6666666666666666,0.6116849954156193,0.43262478203567045,0.9923371647509577,0.9523809523809524,0.5714285714285714,3.0,1.0,0.6116849954156193,0.43262478203567045
1461,0.9786535303776682,0.8888888888888887,1.1428571428571428,5.0,0.6666666666666666,0.5293295617727343,0.35108397700987387,0.9923371647509577,0.9576719576719577,0.5714285714285714,4.0,1.0,0.5293295617727343,0.35108397700987387
1462,0.9594964422550629,0.8465608465608466,1.5,7.0,0.6666666666666666,0.6299825652514688,0.45050334045900803,0.9983579638752054,0.9894179894179893,0.14285714285714285,2.0,1.0,0.6299825652514688,0.45050334045900803
1463,0.9594964422550629,0.8306878306878307,1.7142857142857142,6.0,0.6666666666666666,0.5936896893116419,0.38924569528217573,0.9896004378762999,0.9312169312169312,0.6428571428571429,3.0,1.0,0.5936896893116419,0.38924569528217573
1464,0.9682539682539683,0.8783068783068783,1.2857142857142858,7.0,0.6666666666666666,0.6060329096774908,0.47581568312462275,0.9978106185002736,0.9788359788359787,0.2857142857142857,1.0,1.0,0.6060329096774908,0.47581568312462275
1465,0.9567597153804049,0.8201058201058201,1.7857142857142858,5.0,0.6666666666666666,0.6477412212942288,0.3949374640505939,0.9852216748768472,0.9206349206349207,0.8571428571428571,4.0,1.0,0.6477412212942288,0.3949374640505939
1466,0.9792008757525997,0.8994708994708994,1.0714285714285714,5.0,0.8181818181818182,0.49815924501422254,0.367113671512501,0.9923371647509577,0.9576719576719577,0.5,4.0,0.8181818181818182,0.49815924501422254,0.367113671512501
1467,0.9600437876299945,0.8465608465608466,1.5714285714285714,6.0,0.6666666666666666,0.6167505907267641,0.40671921566160074,0.9972632731253421,0.9788359788359787,0.2857142857142857,2.0,1.0,0.6167505907267641,0.40671921566160074
1468,0.9545703338806788,0.8359788359788359,1.6428571428571428,7.0,0.6666666666666666,0.7016901370332429,0.4801396710775059,0.9967159277504104,0.9788359788359787,0.2857142857142857,2.0,1.0,0.7016901370332429,0.4801396710775059
1469,0.967159277504105,0.8783068783068783,1.2857142857142858,7.0,0.8181818181818182,0.541946505621347,0.41864791156788134,0.9978106185002736,0.9788359788359787,0.2857142857142857,1.0,0.8181818181818182,0.541946505621347,0.41864791156788134
1470,0.9737274220032841,0.8835978835978835,1.1428571428571428,5.0,0.8181818181818182,0.49728286834722063,0.3496788598733043,0.9852216748768472,0.9417989417989417,0.7142857142857143,6.0,0.8181818181818182,0.49728286834722063,0.3496788598733043
1471,0.9638752052545155,0.8677248677248677,1.3571428571428572,7.0,0.8181818181818182,0.6165394165888292,0.45486215554771714,0.9978106185002736,0.9788359788359787,0.2857142857142857,1.0,0.8181818181818182,0.6165394165888292,0.45486215554771714
1472,0.9600437876299945,0.8518518518518519,1.5,7.0,0.6666666666666666,0.6578334224451425,0.4641573345458004,0.9978106185002736,0.9841269841269842,0.21428571428571427,2.0,1.0,0.6578334224451425,0.4641573345458004
1473,0.9731800766283524,0.8730158730158729,1.3571428571428572,5.0,0.8181818181818182,0.5260483528004158,0.35901291527184553,0.9742747673782157,0.8888888888888887,1.2857142857142858,6.0,0.8181818181818182,0.5260483528004158,0.35901291527184553
1474,0.9704433497536945,0.8941798941798942,1.1428571428571428,7.0,0.8181818181818182,0.5310559474189558,0.43880889976367676,0.9950738916256158,0.9629629629629629,0.42857142857142855,2.0,0.8181818181818182,0.5310559474189558,0.43880889976367676
1475,0.9720853858784892,0.8730158730158729,1.2857142857142858,5.0,0.6666666666666666,0.5492719354116042,0.38405341783681946,0.9967159277504104,0.9735449735449735,0.35714285714285715,2.0,1.0,0.5492719354116042,0.38405341783681946
1476,0.9797482211275315,0.9047619047619047,1.0714285714285714,5.0,0.8181818181818182,0.3999999999999999,0.3333368868095424,0.9704433497536945,0.91005291005291,1.0714285714285714,8.0,0.8181818181818182,0.3999999999999999,0.3333368868095424
1477,0.9573070607553366,0.8412698412698412,1.5714285714285714,7.0,0.6666666666666666,0.6230709110650454,0.4178915421990161,0.9978106185002736,0.9841269841269842,0.21428571428571427,2.0,1.0,0.6230709110650454,0.4178915421990161
1478,0.9715380405035577,0.8783068783068783,1.2142857142857142,5.0,0.8181818181818182,0.5284160604543855,0.35402534368320077,0.9857690202517788,0.947089947089947,0.7142857142857143,6.0,0.8181818181818182,0.5284160604543855,0.35402534368320077
1479,0.9551176792556102,0.8412698412698412,1.5714285714285714,7.0,0.8181818181818182,0.7353614232250472,0.5296383566333962,0.9950738916256158,0.9629629629629629,0.42857142857142855,2.0,0.8181818181818182,0.7353614232250472,0.5296383566333962
1480,0.9709906951286261,0.8835978835978835,1.2142857142857142,6.0,0.8181818181818182,0.5423516122673586,0.3967514252374791,0.9967159277504104,0.9735449735449735,0.35714285714285715,2.0,0.8181818181818182,0.5423516122673586,0.3967514252374791
1481,0.9600437876299945,0.8412698412698412,1.4285714285714286,6.0,0.8181818181818182,0.4985980733729655,0.3961993472241349,0.9551176792556102,0.8888888888888887,1.2857142857142858,10.0,0.8181818181818182,0.4985980733729655,0.3961993472241349
1482,0.9649698960043787,0.8624338624338624,1.4285714285714286,7.0,0.6666666666666666,0.6174053131154742,0.4448586745632537,0.9994526546250683,0.9947089947089945,0.07142857142857142,1.0,1.0,0.6174053131154742,0.4448586745632537
1483,0.9567597153804049,0.857142857142857,1.6428571428571428,7.0,0.8181818181818182,0.5930388501691459,0.4585685817564916,0.9885057471264367,0.9365079365079365,0.7857142857142857,4.0,0.8181818181818182,0.5930388501691459,0.4585685817564916
1484,0.9731800766283524,0.8730158730158729,1.3571428571428572,5.0,0.6666666666666666,0.5605704525071724,0.38568567635347173,0.9967159277504104,0.9841269841269842,0.21428571428571427,3.0,1.0,0.5605704525071724,0.38568567635347173
1485,0.9660645867542419,0.8624338624338624,1.3571428571428572,5.0,0.8181818181818182,0.601505722872792,0.3920795958328528,0.9912424740010948,0.9417989417989417,0.6428571428571429,3.0,0.8181818181818182,0.601505722872792,0.3920795958328528
1486,0.9666119321291735,0.8677248677248677,1.3571428571428572,7.0,0.6666666666666666,0.6255911459553862,0.4807709970607163,0.9978106185002736,0.9788359788359787,0.2857142857142857,1.0,1.0,0.6255911459553862,0.4807709970607163
1487,0.9792008757525997,0.8994708994708994,1.0714285714285714,5.0,0.8181818181818182,0.4749018310295277,0.3208770899327962,0.9874110563765736,0.9576719576719577,0.5714285714285714,6.0,0.8181818181818182,0.4749018310295277,0.3208770899327962
1488,0.9786535303776682,0.8888888888888887,1.1428571428571428,5.0,0.6666666666666666,0.5077104656715747,0.36131774440515785,0.9923371647509577,0.9576719576719577,0.5714285714285714,4.0,1.0,0.5077104656715747,0.36131774440515785
1489,0.9644225506294472,0.8465608465608466,1.5714285714285714,6.0,0.6666666666666666,0.5894085644579856,0.39699175302618034,0.9917898193760263,0.947089947089947,0.6428571428571429,3.0,1.0,0.5894085644579856,0.39699175302618034
1490,0.9518336070060207,0.8412698412698412,1.7142857142857142,7.0,0.8181818181818182,0.6675848065295221,0.46983644810040476,0.9901477832512315,0.9417989417989417,0.7142857142857143,3.0,0.8181818181818182,0.6675848065295221,0.46983644810040476
1491,0.9638752052545155,0.8677248677248677,1.3571428571428572,7.0,0.8181818181818182,0.6228028105202434,0.4613985896448669,0.9978106185002736,0.9788359788359787,0.2857142857142857,1.0,0.8181818181818182,0.6228028105202434,0.4613985896448669
1492,0.9781061850027366,0.9047619047619047,1.0,5.0,0.8181818181818182,0.5031516324099423,0.32668334870776533,0.9874110563765736,0.9417989417989417,0.7142857142857143,5.0,0.8181818181818182,0.5031516324099423,0.32668334870776533
1493,0.9556650246305418,0.8253968253968254,1.7142857142857142,7.0,0.6666666666666666,0.6697588485767922,0.46371084971722587,0.9917898193760263,0.947089947089947,0.5,3.0,1.0,0.6697588485767922,0.46371084971722587
1494,0.9731800766283524,0.8730158730158729,1.3571428571428572,5.0,0.8181818181818182,0.45378951699549647,0.3518925046067258,0.9616858237547894,0.8783068783068783,1.5,8.0,0.8181818181818182,0.45378951699549647,0.3518925046067258
1495,0.9698960043787629,0.8677248677248677,1.3571428571428572,5.0,0.6666666666666666,0.5772007877305965,0.38876659920477336,0.994526546250684,0.9682539682539683,0.42857142857142855,3.0,1.0,0.5772007877305965,0.38876659920477336
1496,0.9627805145046523,0.8518518518518519,1.5714285714285714,7.0,0.6666666666666666,0.57449173241891,0.4259782576705057,0.9923371647509577,0.9523809523809524,0.6428571428571429,2.0,1.0,0.57449173241891,0.4259782576705057
1497,0.9792008757525997,0.8994708994708994,1.0714285714285714,5.0,0.8181818181818182,0.5077592998333638,0.36403570185070455,0.9923371647509577,0.9576719576719577,0.5,4.0,0.8181818181818182,0.5077592998333638,0.36403570185070455
1498,0.9529282977558841,0.8148148148148148,1.7142857142857142,7.0,0.6666666666666666,0.7172568248818969,0.5025205436757066,0.9928845101258894,0.9576719576719577,0.5,3.0,1.0,0.7172568248818969,0.5025205436757066
1499,0.9594964422550629,0.8465608465608466,1.5,7.0,0.6666666666666666,0.6488876264533541,0.4554656034833739,0.9983579638752054,0.9894179894179893,0.14285714285714285,2.0,1.0,0.6488876264533541,0.4554656034833739
1500,0.9693486590038315,0.8888888888888887,1.2142857142857142,7.0,0.8181818181818182,0.6291392521527397,0.5144287128701643,0.9956212370005473,0.9682539682539683,0.42857142857142855,2.0,0.8181818181818182,0.6291392521527397,0.5144287128701643
1501,0.9682539682539683,0.8783068783068783,1.2857142857142858,7.0,0.6666666666666666,0.5137029538850348,0.39075595337703545,0.9978106185002736,0.9788359788359787,0.2857142857142857,1.0,1.0,0.5137029538850348,0.39075595337703545
1502,0.9677066228790366,0.857142857142857,1.5,5.0,0.8181818181818182,0.5290313348579723,0.33987264015223995,0.980295566502463,0.9153439153439152,0.8571428571428571,6.0,0.8181818181818182,0.5290313348579723,0.33987264015223995
1503,0.9633278598795839,0.8624338624338624,1.4285714285714286,7.0,0.6666666666666666,0.6267389939304904,0.4600518859804756,0.9983579638752054,0.9841269841269842,0.21428571428571427,1.0,1.0,0.6267389939304904,0.4600518859804756
1504,0.9567597153804049,0.8253968253968254,1.7142857142857142,7.0,0.6666666666666666,0.6652774191469588,0.4601809027071353,0.9901477832512315,0.9365079365079365,0.5714285714285714,3.0,1.0,0.6652774191469588,0.4601809027071353
1505,0.9540229885057472,0.8201058201058201,1.7142857142857142,7.0,0.6666666666666666,0.6803652874864599,0.4545471854573677,0.9912424740010948,0.9417989417989417,0.5714285714285714,3.0,1.0,0.6803652874864599,0.4545471854573677
1506,0.9660645867542419,0.8518518518518519,1.5,5.0,0.8181818181818182,0.6057978489333129,0.35688527412994453,0.9819376026272578,0.9312169312169312,0.8571428571428571,6.0,0.8181818181818182,0.6057978489333129,0.35688527412994453
1507,0.9655172413793103,0.8730158730158729,1.3571428571428572,7.0,0.8181818181818182,0.566842089166459,0.41568381635991053,0.9983579638752054,0.9841269841269842,0.21428571428571427,1.0,0.8181818181818182,0.566842089166459,0.41568381635991053
1508,0.9611384783798578,0.857142857142857,1.4285714285714286,7.0,0.8181818181818182,0.6520207124185669,0.4612783985509977,0.996168582375479,0.9682539682539683,0.42857142857142855,2.0,0.8181818181818182,0.6520207124185669,0.4612783985509977
1509,0.9742747673782157,0.8888888888888887,1.0714285714285714,5.0,0.8181818181818182,0.4610170655286962,0.3633118936426751,0.980295566502463,0.9365079365079365,0.8571428571428571,7.0,0.8181818181818182,0.4610170655286962,0.3633118936426751
1510,0.962233169129721,0.857142857142857,1.5,7.0,0.6666666666666666,0.6136702900011995,0.44084510335336924,0.9989053092501368,0.9894179894179893,0.14285714285714285,1.0,1.0,0.6136702900011995,0.44084510335336924
1511,0.9616858237547894,0.8518518518518519,1.5,7.0,0.6666666666666666,0.6412845388245343,0.46045102526438975,0.9994526546250683,0.9947089947089945,0.07142857142857142,1.0,1.0,0.6412845388245343,0.46045102526438975
1512,0.9792008757525997,0.8994708994708994,1.0714285714285714,5.0,0.8181818181818182,0.49910467786637985,0.3551756178486558,0.9923371647509577,0.9576719576719577,0.5,4.0,0.8181818181818182,0.49910467786637985,0.3551756178486558
1513,0.9490968801313627,0.8042328042328042,1.8571428571428572,7.0,0.6666666666666666,0.7145947580388594,0.45769190691598294,0.9912424740010948,0.947089947089947,0.5714285714285714,3.0,1.0,0.7145947580388594,0.45769190691598294
1514,0.9682539682539683,0.8677248677248677,1.2857142857142858,5.0,0.8181818181818182,0.5566181451946923,0.36348712935804733,0.9841269841269842,0.9365079365079365,0.7857142857142857,6.0,0.8181818181818182,0.5566181451946923,0.36348712935804733
1515,0.9693486590038315,0.8888888888888887,1.2142857142857142,7.0,0.8181818181818182,0.6545832727165388,0.5265722602412665,0.9956212370005473,0.9682539682539683,0.42857142857142855,2.0,0.8181818181818182,0.6545832727165388,0.5265722602412665
1516,0.9573070607553366,0.8465608465608466,1.5714285714285714,7.0,0.8181818181818182,0.6470803846239106,0.44331074741458887,0.9956212370005473,0.9682539682539683,0.42857142857142855,2.0,0.8181818181818182,0.6470803846239106,0.44331074741458887
1517,0.9704433497536945,0.8941798941798942,1.1428571428571428,7.0,0.8181818181818182,0.555928928304662,0.45881549082090617,0.9950738916256158,0.9629629629629629,0.42857142857142855,2.0,0.8181818181818182,0.555928928304662,0.45881549082090617
1518,0.967159277504105,0.8783068783068783,1.2857142857142858,7.0,0.8181818181818182,0.5490315086066433,0.41415210798061647,0.9978106185002736,0.9788359788359787,0.2857142857142857,1.0,0.8181818181818182,0.5490315086066433,0.41415210798061647
1519,0.9616858237547894,0.8518518518518519,1.5,7.0,0.6666666666666666,0.5731612064542433,0.40666587853728514,0.9994526546250683,0.9947089947089945,0.07142857142857142,1.0,1.0,0.5731612064542433,0.40666587853728514
1520,0.9660645867542419,0.8783068783068783,1.2857142857142858,7.0,0.8181818181818182,0.5596436715973971,0.4266299990197259,0.9956212370005473,0.9682539682539683,0.42857142857142855,2.0,0.8181818181818182,0.5596436715973971,0.4266299990197259
1521,0.967159277504105,0.8783068783068783,1.2857142857142858,7.0,0.8181818181818182,0.5980454457646169,0.452463940417969,0.9978106185002736,0.9788359788359787,0.2857142857142857,1.0,0.8181818181818182,0.5980454457646169,0.452463940417969
1522,0.9655172413793103,0.8624338624338624,1.3571428571428572,7.0,0.6666666666666666,0.6239719654134015,0.45050737565624344,0.9972632731253421,0.9735449735449735,0.35714285714285715,1.0,1.0,0.6239719654134015,0.45050737565624344
1523,0.9551176792556102,0.8253968253968254,1.7142857142857142,7.0,0.6666666666666666,0.6633776144733972,0.4464339125948989,0.994526546250684,0.9682539682539683,0.42857142857142855,2.0,1.0,0.6633776144733972,0.4464339125948989
1524,0.9693486590038315,0.8888888888888887,1.2142857142857142,7.0,0.8181818181818182,0.5532865320025302,0.4310294959440353,0.9956212370005473,0.9682539682539683,0.42857142857142855,2.0,0.8181818181818182,0.5532865320025302,0.4310294959440353
1525,0.9649698960043787,0.8624338624338624,1.4285714285714286,7.0,0.6666666666666666,0.5867419809668233,0.43066680539594127,0.9994526546250683,0.9947089947089945,0.07142857142857142,1.0,1.0,0.5867419809668233,0.43066680539594127
1526,0.9649698960043787,0.8465608465608466,1.6428571428571428,5.0,0.6666666666666666,0.566560292889744,0.36700668576735757,0.9857690202517788,0.9259259259259259,0.8571428571428571,3.0,1.0,0.566560292889744,0.36700668576735757
1527,0.9616858237547894,0.8412698412698412,1.5714285714285714,7.0,0.6666666666666666,0.6602111373886044,0.47072478438932286,0.990695128626163,0.9417989417989417,0.6428571428571429,3.0,1.0,0.6602111373886044,0.47072478438932286
1528,0.9627805145046523,0.8518518518518519,1.5714285714285714,7.0,0.6666666666666666,0.5530493653809232,0.4160862701916318,0.9923371647509577,0.9523809523809524,0.6428571428571429,2.0,1.0,0.5530493653809232,0.4160862701916318
1529,0.9638752052545155,0.8677248677248677,1.3571428571428572,7.0,0.8181818181818182,0.6544455231591206,0.4887104030782999,0.9978106185002736,0.9788359788359787,0.2857142857142857,1.0,0.8181818181818182,0.6544455231591206,0.4887104030782999
1530,0.9808429118773946,0.91005291005291,1.0,5.0,0.8181818181818182,0.4650508723239663,0.3199468698052905,0.9863163656267103,0.947089947089947,0.6428571428571429,6.0,0.8181818181818182,0.4650508723239663,0.3199468698052905
1531,0.9660645867542419,0.8677248677248677,1.3571428571428572,7.0,0.6666666666666666,0.6238254517936741,0.48312122132972374,0.9989053092501368,0.9894179894179893,0.14285714285714285,1.0,1.0,0.6238254517936741,0.48312122132972374
1532,0.9666119321291735,0.8730158730158729,1.3571428571428572,7.0,0.6666666666666666,0.5938127315532196,0.43984190055069133,0.9983579638752054,0.9841269841269842,0.21428571428571427,1.0,1.0,0.5938127315532196,0.43984190055069133
1533,0.9704433497536945,0.8941798941798942,1.2142857142857142,7.0,0.8181818181818182,0.7026917419382663,0.5513458709691332,0.994526546250684,0.9629629629629629,0.5,2.0,0.8181818181818182,0.7026917419382663,0.5513458709691332
1534,0.962233169129721,0.8465608465608466,1.5714285714285714,7.0,0.6666666666666666,0.7041334043524736,0.5293881015971836,0.9912424740010948,0.947089947089947,0.6428571428571429,3.0,1.0,0.7041334043524736,0.5293881015971836
1535,0.9704433497536945,0.8730158730158729,1.2857142857142858,5.0,0.8181818181818182,0.5753222261863571,0.3768148926390639,0.9896004378762999,0.9417989417989417,0.7142857142857143,4.0,0.8181818181818182,0.5753222261863571,0.3768148926390639
1536,0.9764641488779421,0.8941798941798942,1.1428571428571428,5.0,0.8181818181818182,0.5169077964441905,0.38656525240623335,0.990695128626163,0.9417989417989417,0.7142857142857143,3.0,0.8181818181818182,0.5169077964441905,0.38656525240623335
1537,0.9146141215106732,0.7936507936507936,2.357142857142857,11.0,0.8181818181818182,0.5234423489329472,0.37399803578010643,0.8735632183908046,0.798941798941799,2.357142857142857,14.0,0.6666666666666666,0.5234423489329472,0.37399803578010643
1538,0.9660645867542419,0.8677248677248677,1.3571428571428572,7.0,0.6666666666666666,0.5622481159180386,0.41451673278983664,0.9989053092501368,0.9894179894179893,0.14285714285714285,1.0,1.0,0.5622481159180386,0.41451673278983664
1539,0.9693486590038315,0.8624338624338624,1.3571428571428572,5.0,0.6666666666666666,0.5825211848779632,0.3748254891252934,0.9923371647509577,0.9629629629629629,0.5,4.0,1.0,0.5825211848779632,0.3748254891252934
1540,0.9594964422550629,0.8465608465608466,1.5,7.0,0.6666666666666666,0.6418310948871222,0.44140359532540646,0.9983579638752054,0.9894179894179893,0.14285714285714285,2.0,1.0,0.6418310948871222,0.44140359532540646
1541,0.9666119321291735,0.8677248677248677,1.3571428571428572,7.0,0.6666666666666666,0.5353904834053085,0.3930362256386447,0.9978106185002736,0.9788359788359787,0.2857142857142857,1.0,1.0,0.5353904834053085,0.3930362256386447
1542,0.9808429118773946,0.91005291005291,1.1428571428571428,4.0,1.0,0.3999999999999999,0.30147438563547735,0.9485495347564312,0.8518518518518519,1.5714285714285714,10.0,0.6666666666666666,0.3999999999999999,0.30147438563547735
1543,0.967159277504105,0.8783068783068783,1.2857142857142858,7.0,0.8181818181818182,0.5228483109727692,0.39899607581808644,0.9978106185002736,0.9788359788359787,0.2857142857142857,1.0,0.8181818181818182,0.5228483109727692,0.39899607581808644
1544,0.9666119321291735,0.8677248677248677,1.3571428571428572,7.0,0.6666666666666666,0.6442529670340764,0.4798321563043217,0.9978106185002736,0.9788359788359787,0.2857142857142857,1.0,1.0,0.6442529670340764,0.4798321563043217
1545,0.9764641488779421,0.8941798941798942,1.2142857142857142,5.0,0.8181818181818182,0.3999999999999999,0.33562483470919,0.962233169129721,0.8994708994708994,1.2142857142857142,9.0,0.8181818181818182,0.3999999999999999,0.33562483470919
1546,0.9589490968801313,0.8412698412698412,1.5714285714285714,7.0,0.6666666666666666,0.6125910204261815,0.4144552499859615,0.9978106185002736,0.9841269841269842,0.14285714285714285,2.0,1.0,0.6125910204261815,0.4144552499859615
1547,0.9775588396278051,0.8941798941798942,1.1428571428571428,5.0,0.8181818181818182,0.48831577602591353,0.3294564280807881,0.9879584017515052,0.9629629629629629,0.5,6.0,0.8181818181818182,0.48831577602591353,0.3294564280807881
1548,0.9518336070060207,0.8412698412698412,1.5714285714285714,7.0,0.8181818181818182,0.7133087264807227,0.5037425178664391,0.9923371647509577,0.9523809523809524,0.5714285714285714,3.0,0.8181818181818182,0.7133087264807227,0.5037425178664391
1549,0.967159277504105,0.8412698412698412,1.5714285714285714,5.0,0.6666666666666666,0.5903465018920935,0.37426613673335957,0.9852216748768472,0.9206349206349207,0.7857142857142857,4.0,1.0,0.5903465018920935,0.37426613673335957
1550,0.9715380405035577,0.8941798941798942,1.2857142857142858,7.0,0.8181818181818182,0.5606321633858848,0.4667375868293562,0.9928845101258894,0.9523809523809524,0.6428571428571429,2.0,0.8181818181818182,0.5606321633858848,0.4667375868293562
1551,0.9638752052545155,0.8677248677248677,1.3571428571428572,7.0,0.8181818181818182,0.6246015976430763,0.4651835272668689,0.9978106185002736,0.9788359788359787,0.2857142857142857,1.0,0.8181818181818182,0.6246015976430763,0.4651835272668689
1552,0.9518336070060207,0.8095238095238094,1.7857142857142858,7.0,0.6666666666666666,0.6909408203747208,0.4482531098039635,0.9879584017515052,0.9312169312169312,0.7142857142857143,4.0,1.0,0.6909408203747208,0.4482531098039635
1553,0.9594964422550629,0.8465608465608466,1.5,7.0,0.6666666666666666,0.6495240708749423,0.46422524650794683,0.9983579638752054,0.9894179894179893,0.14285714285714285,2.0,1.0,0.6495240708749423,0.46422524650794683
1554,0.9611384783798578,0.8359788359788359,1.5714285714285714,7.0,0.6666666666666666,0.6278173450906237,0.4365730225013359,0.9917898193760263,0.947089947089947,0.5714285714285714,3.0,1.0,0.6278173450906237,0.4365730225013359
1555,0.9578544061302682,0.8465608465608466,1.6428571428571428,6.0,0.6666666666666666,0.6388203049350601,0.41794950750163057,0.9956212370005473,0.9682539682539683,0.42857142857142855,2.0,1.0,0.6388203049350601,0.41794950750163057
1556,0.962233169129721,0.8465608465608466,1.5714285714285714,7.0,0.6666666666666666,0.5650931902117139,0.4003087655454306,0.9934318555008209,0.9576719576719577,0.5714285714285714,2.0,1.0,0.5650931902117139,0.4003087655454306
1557,0.9666119321291735,0.8677248677248677,1.3571428571428572,7.0,0.6666666666666666,0.5619645828777162,0.4161986165796417,0.9978106185002736,0.9788359788359787,0.2857142857142857,1.0,1.0,0.5619645828777162,0.4161986165796417
1558,0.9682539682539683,0.8783068783068783,1.2857142857142858,7.0,0.6666666666666666,0.6038171336392715,0.47711137784607055,0.9978106185002736,0.9788359788359787,0.2857142857142857,1.0,1.0,0.6038171336392715,0.47711137784607055
1559,0.9616858237547894,0.8412698412698412,1.5,6.0,0.8181818181818182,0.550225267552922,0.4013759435734711,0.9600437876299945,0.8888888888888887,1.2857142857142858,10.0,0.8181818181818182,0.550225267552922,0.4013759435734711
1560,0.9677066228790366,0.8730158730158729,1.2857142857142858,6.0,0.8181818181818182,0.563776835588977,0.4035528242889121,0.9967159277504104,0.9735449735449735,0.35714285714285715,2.0,0.8181818181818182,0.563776835588977,0.4035528242889121
1561,0.9666119321291735,0.8677248677248677,1.3571428571428572,7.0,0.6666666666666666,0.6050663569839336,0.44007345585192925,0.9978106185002736,0.9788359788359787,0.2857142857142857,1.0,1.0,0.6050663569839336,0.44007345585192925
1562,0.9600437876299945,0.8518518518518519,1.5,7.0,0.8181818181818182,0.634160758477688,0.4379443120929348,0.9967159277504104,0.9735449735449735,0.35714285714285715,2.0,0.8181818181818182,0.634160758477688,0.4379443120929348
1563,0.9693486590038315,0.8888888888888887,1.2142857142857142,7.0,0.8181818181818182,0.6456578980302816,0.5050274804235994,0.9956212370005473,0.9682539682539683,0.42857142857142855,2.0,0.8181818181818182,0.6456578980302816,0.5050274804235994
1564,0.962233169129721,0.8465608465608466,1.5714285714285714,7.0,0.6666666666666666,0.5755950077986562,0.42041827019384187,0.9912424740010948,0.947089947089947,0.6428571428571429,3.0,1.0,0.5755950077986562,0.42041827019384187
1565,0.9759168035030105,0.8941798941798942,1.0,5.0,0.8181818181818182,0.458203908484169,0.3485993297833584,0.9819376026272578,0.9417989417989417,0.7857142857142857,7.0,0.8181818181818182,0.458203908484169,0.3485993297833584
1566,0.9578544061302682,0.8306878306878307,1.7142857142857142,7.0,0.6666666666666666,0.6155619617381107,0.4155999834334734,0.9879584017515052,0.9312169312169312,0.7142857142857143,3.0,1.0,0.6155619617381107,0.4155999834334734
1567,0.9797482211275315,0.91005291005291,1.0,5.0,0.8181818181818182,0.4660029114339692,0.3290605499535266,0.9819376026272578,0.9365079365079365,0.7142857142857143,7.0,0.8181818181818182,0.4660029114339692,0.3290605499535266
1568,0.9770114942528736,0.8835978835978835,1.2142857142857142,5.0,0.6666666666666666,0.5001976023068739,0.35066346522768316,0.9939792008757526,0.9735449735449735,0.35714285714285715,4.0,1.0,0.5001976023068739,0.35066346522768316
1569,0.9786535303776682,0.9206349206349207,1.0714285714285714,7.0,0.8181818181818182,0.4827515533035869,0.4373608129557862,0.9901477832512315,0.9365079365079365,0.7142857142857143,3.0,0.8181818181818182,0.4827515533035869,0.4373608129557862
1570,0.9775588396278051,0.8888888888888887,1.1428571428571428,5.0,0.6666666666666666,0.48790624507228136,0.32993031085589325,0.9934318555008209,0.9682539682539683,0.42857142857142855,4.0,1.0,0.48790624507228136,0.32993031085589325
1571,0.9649698960043787,0.8624338624338624,1.4285714285714286,7.0,0.6666666666666666,0.6449572040285425,0.4838969699710384,0.9994526546250683,0.9947089947089945,0.07142857142857142,1.0,1.0,0.6449572040285425,0.4838969699710384
1572,0.962233169129721,0.8465608465608466,1.5,7.0,0.6666666666666666,0.6263897711457275,0.4319029564504832,0.9934318555008209,0.9576719576719577,0.5,3.0,1.0,0.6263897711457275,0.4319029564504832
1573,0.9792008757525997,0.8941798941798942,1.0714285714285714,5.0,0.6666666666666666,0.48010915142489113,0.3477492368209275,0.9928845101258894,0.9629629629629629,0.42857142857142855,4.0,1.0,0.48010915142489113,0.3477492368209275
1574,0.9688013136288999,0.8730158730158729,1.2857142857142858,5.0,0.8181818181818182,0.571540674644812,0.34511090197353067,0.9846743295019157,0.9417989417989417,0.7857142857142857,6.0,0.8181818181818182,0.571540674644812,0.34511090197353067
1575,0.980295566502463,0.8994708994708994,1.0714285714285714,5.0,0.6666666666666666,0.4682892335121795,0.34401995328981294,0.9923371647509577,0.9576719576719577,0.5,4.0,1.0,0.4682892335121795,0.34401995328981294
1576,0.9693486590038315,0.8624338624338624,1.3571428571428572,5.0,0.6666666666666666,0.5576366051330495,0.3515454376831038,0.9923371647509577,0.9629629629629629,0.5,4.0,1.0,0.5576366051330495,0.3515454376831038
1577,0.9573070607553366,0.8412698412698412,1.5714285714285714,7.0,0.6666666666666666,0.6877952617362089,0.48213722569201656,0.9978106185002736,0.9841269841269842,0.21428571428571427,2.0,1.0,0.6877952617362089,0.48213722569201656
1578,0.9666119321291735,0.8677248677248677,1.3571428571428572,7.0,0.6666666666666666,0.6039239645053756,0.41775867767148983,0.9978106185002736,0.9788359788359787,0.2857142857142857,1.0,1.0,0.6039239645053756,0.41775867767148983
1579,0.9649698960043787,0.8359788359788359,1.6428571428571428,5.0,0.6666666666666666,0.5952301537607005,0.36946358590550815,0.9863163656267103,0.9259259259259259,0.7142857142857143,4.0,1.0,0.5952301537607005,0.36946358590550815
1580,0.9523809523809524,0.8201058201058201,1.7857142857142858,7.0,0.6666666666666666,0.6631921227424988,0.4308166087125506,0.9934318555008209,0.9629629629629629,0.5,2.0,1.0,0.6631921227424988,0.4308166087125506
1581,0.9660645867542419,0.8677248677248677,1.4285714285714286,7.0,0.6666666666666666,0.5310864036268812,0.4219244079562701,0.9934318555008209,0.9576719576719577,0.5714285714285714,2.0,1.0,0.5310864036268812,0.4219244079562701
1582,0.9556650246305418,0.8253968253968254,1.7142857142857142,6.0,0.6666666666666666,0.6642281971643913,0.4131361974904209,0.9939792008757526,0.9576719576719577,0.5,2.0,1.0,0.6642281971643913,0.4131361974904209
1583,0.962233169129721,0.8465608465608466,1.5714285714285714,7.0,0.6666666666666666,0.6105260497091812,0.4461702009444077,0.9912424740010948,0.947089947089947,0.6428571428571429,3.0,1.0,0.6105260497091812,0.4461702009444077
1584,0.9594964422550629,0.8465608465608466,1.5,7.0,0.6666666666666666,0.673633154907221,0.4871848031976654,0.9983579638752054,0.9894179894179893,0.14285714285714285,2.0,1.0,0.673633154907221,0.4871848031976654
1585,0.9534756431308156,0.8148148148148148,1.7142857142857142,7.0,0.6666666666666666,0.773870405123362,0.5505757439423032,0.9901477832512315,0.9365079365079365,0.6428571428571429,3.0,1.0,0.773870405123362,0.5505757439423032
1586,0.9649698960043787,0.857142857142857,1.4285714285714286,7.0,0.6666666666666666,0.5976545516122316,0.44353157403572574,0.996168582375479,0.9682539682539683,0.42857142857142855,2.0,1.0,0.5976545516122316,0.44353157403572574
1587,0.9644225506294472,0.8412698412698412,1.5714285714285714,5.0,0.6666666666666666,0.6055301083367728,0.3691539086707581,0.9879584017515052,0.9417989417989417,0.7142857142857143,4.0,1.0,0.6055301083367728,0.3691539086707581
1588,0.9644225506294472,0.8730158730158729,1.3571428571428572,7.0,0.8181818181818182,0.6540612245814001,0.49640883460526486,0.9967159277504104,0.9735449735449735,0.35714285714285715,2.0,0.8181818181818182,0.6540612245814001,0.49640883460526486
1589,0.9633278598795839,0.8518518518518519,1.5714285714285714,6.0,0.6666666666666666,0.5920094128315028,0.3972866400928976,0.994526546250684,0.9629629629629629,0.42857142857142855,3.0,1.0,0.5920094128315028,0.3972866400928976
1590,0.9742747673782157,0.9047619047619047,1.2142857142857142,7.0,0.8181818181818182,0.5287992730181542,0.4620086529905531,0.9917898193760263,0.9417989417989417,0.6428571428571429,2.0,0.8181818181818182,0.5287992730181542,0.4620086529905531
1591,0.9649698960043787,0.8624338624338624,1.3571428571428572,6.0,0.8181818181818182,0.5943565402950131,0.41593937411096915,0.9950738916256158,0.9629629629629629,0.5,2.0,0.8181818181818182,0.5943565402950131,0.41593937411096915
1592,0.9759168035030105,0.8994708994708994,1.0714285714285714,5.0,0.8181818181818182,0.5312547361111799,0.3250783978293703,0.983032293377121,0.9259259259259259,0.8571428571428571,6.0,0.8181818181818182,0.5312547361111799,0.3250783978293703
1593,0.9545703338806788,0.8201058201058201,1.7857142857142858,6.0,0.6666666666666666,0.682370694151183,0.4194708526305345,0.9923371647509577,0.9523809523809524,0.5714285714285714,2.0,1.0,0.682370694151183,0.4194708526305345
1594,0.9638752052545155,0.8677248677248677,1.3571428571428572,7.0,0.8181818181818182,0.6008274012942927,0.44300627460065184,0.9978106185002736,0.9788359788359787,0.2857142857142857,1.0,0.8181818181818182,0.6008274012942927,0.44300627460065184
1595,0.9688013136288999,0.8730158730158729,1.3571428571428572,5.0,0.8181818181818182,0.5708452994131492,0.34819167914048293,0.9835796387520527,0.9312169312169312,0.7857142857142857,6.0,0.8181818181818182,0.5708452994131492,0.34819167914048293
1596,0.9775588396278051,0.9047619047619047,1.1428571428571428,6.0,0.8181818181818182,0.4855528001355112,0.3952777424503675,0.9912424740010948,0.9417989417989417,0.7142857142857143,2.0,0.8181818181818182,0.4855528001355112,0.3952777424503675
1597,0.9644225506294472,0.857142857142857,1.4285714285714286,7.0,0.6666666666666666,0.580644208928565,0.40213178209669154,0.9956212370005473,0.9682539682539683,0.42857142857142855,2.0,1.0,0.580644208928565,0.40213178209669154
1598,0.9611384783798578,0.857142857142857,1.4285714285714286,7.0,0.8181818181818182,0.6152423819494155,0.4384092186087197,0.996168582375479,0.9682539682539683,0.42857142857142855,2.0,0.8181818181818182,0.6152423819494155,0.4384092186087197
1599,0.9584017515051997,0.8253968253968254,1.7857142857142858,5.0,0.6666666666666666,0.6145395850096327,0.3881064273835214,0.9857690202517788,0.9259259259259259,0.7857142857142857,4.0,1.0,0.6145395850096327,0.3881064273835214
1600,0.9857690202517788,0.9365079365079365,0.7142857142857143,5.0,0.8181818181818182,0.4528373729042649,0.3228068827784425,0.9792008757525997,0.9206349206349207,0.9285714285714286,7.0,0.8181818181818182,0.4528373729042649,0.3228068827784425
1601,0.9627805145046523,0.8412698412698412,1.7142857142857142,5.0,0.6666666666666666,0.598442069528452,0.3876015732823953,0.9852216748768472,0.9206349206349207,0.8571428571428571,3.0,1.0,0.598442069528452,0.3876015732823953
1602,0.9813902572523261,0.91005291005291,0.9285714285714286,5.0,0.8181818181818182,0.4408903959239805,0.33739812260207785,0.983032293377121,0.947089947089947,0.7142857142857143,7.0,0.8181818181818182,0.4408903959239805,0.33739812260207785
1603,0.962233169129721,0.8518518518518519,1.5,6.0,0.6666666666666666,0.5834295926516795,0.3967620822807952,0.9978106185002736,0.9841269841269842,0.21428571428571427,2.0,1.0,0.5834295926516795,0.3967620822807952
1604,0.9600437876299945,0.8253968253968254,1.7142857142857142,5.0,0.6666666666666666,0.6215512869110296,0.3780645831378163,0.9835796387520527,0.9153439153439152,0.9285714285714286,4.0,1.0,0.6215512869110296,0.3780645831378163
1605,0.9655172413793103,0.8624338624338624,1.4285714285714286,7.0,0.6666666666666666,0.5629951224335243,0.4297741741399706,0.9950738916256158,0.9629629629629629,0.5,2.0,1.0,0.5629951224335243,0.4297741741399706
1606,0.9704433497536945,0.8835978835978835,1.2857142857142858,6.0,0.8181818181818182,0.5341815401552539,0.4069878400975465,0.9928845101258894,0.9523809523809524,0.6428571428571429,2.0,0.8181818181818182,0.5341815401552539,0.4069878400975465
1607,0.9786535303776682,0.8888888888888887,1.1428571428571428,5.0,0.6666666666666666,0.5094009411919911,0.3532156479229964,0.9923371647509577,0.9576719576719577,0.5714285714285714,4.0,1.0,0.5094009411919911,0.3532156479229964
1608,0.9584017515051997,0.8306878306878307,1.6428571428571428,6.0,0.8181818181818182,0.4549723332425863,0.3860611650371087,0.9365079365079365,0.8465608465608466,1.6428571428571428,11.0,0.8181818181818182,0.4549723332425863,0.3860611650371087
1609,0.9584017515051997,0.8412698412698412,1.6428571428571428,7.0,0.8181818181818182,0.4456264838194477,0.35881259596902076,0.9365079365079365,0.8465608465608466,1.7857142857142858,10.0,0.6666666666666666,0.4456264838194477,0.35881259596902076
1610,0.9534756431308156,0.8148148148148148,1.7857142857142858,7.0,0.6666666666666666,0.6819544612456059,0.4575235763606896,0.9885057471264367,0.9365079365079365,0.6428571428571429,4.0,1.0,0.6819544612456059,0.4575235763606896
1611,0.9704433497536945,0.8835978835978835,1.2142857142857142,5.0,0.8181818181818182,0.5582377761326383,0.34781156303461674,0.9824849480021893,0.9206349206349207,0.8571428571428571,6.0,0.8181818181818182,0.5582377761326383,0.34781156303461674
1612,0.9523809523809524,0.8306878306878307,1.5714285714285714,6.0,0.8181818181818182,0.4371174630310958,0.402809286872305,0.9414340448823207,0.8783068783068783,1.5,11.0,0.8181818181818182,0.4371174630310958,0.402809286872305
1613,0.9600437876299945,0.8518518518518519,1.5,7.0,0.6666666666666666,0.6365342682557146,0.4515190122526546,0.9978106185002736,0.9841269841269842,0.21428571428571427,2.0,1.0,0.6365342682557146,0.4515190122526546
1614,0.9649698960043787,0.8624338624338624,1.4285714285714286,7.0,0.6666666666666666,0.5717688324769801,0.4046838381569444,0.9994526546250683,0.9947089947089945,0.07142857142857142,1.0,1.0,0.5717688324769801,0.4046838381569444
1615,0.9660645867542419,0.8730158730158729,1.4285714285714286,7.0,0.8181818181818182,0.6242340732582852,0.4893604294607573,0.9934318555008209,0.9523809523809524,0.6428571428571429,2.0,0.8181818181818182,0.6242340732582852,0.4893604294607573
1616,0.9715380405035577,0.8677248677248677,1.2857142857142858,5.0,0.6666666666666666,0.5766616600638923,0.38367206453720804,0.9928845101258894,0.9682539682539683,0.42857142857142855,4.0,1.0,0.5766616600638923,0.38367206453720804
1617,0.9813902572523261,0.9153439153439152,1.0714285714285714,5.0,0.8181818181818182,0.43553521743906776,0.3656073814487355,0.9901477832512315,0.9417989417989417,0.7857142857142857,2.0,0.8181818181818182,0.43553521743906776,0.3656073814487355
1618,0.967159277504105,0.8783068783068783,1.2857142857142858,7.0,0.8181818181818182,0.6619576507911682,0.5048505003253414,0.9978106185002736,0.9788359788359787,0.2857142857142857,1.0,0.8181818181818182,0.6619576507911682,0.5048505003253414
1619,0.9792008757525997,0.9047619047619047,1.0,5.0,0.8181818181818182,0.44311826493671697,0.35775810494813454,0.9923371647509577,0.9523809523809524,0.5714285714285714,3.0,0.8181818181818182,0.44311826493671697,0.35775810494813454
1620,0.9748221127531472,0.8888888888888887,1.1428571428571428,5.0,0.8181818181818182,0.5258355686887145,0.34235551938110254,0.986863711001642,0.9365079365079365,0.7857142857142857,5.0,0.8181818181818182,0.5258355686887145,0.34235551938110254
1621,0.9638752052545155,0.8677248677248677,1.3571428571428572,7.0,0.8181818181818182,0.6165551931233904,0.46263181152312494,0.9978106185002736,0.9788359788359787,0.2857142857142857,1.0,0.8181818181818182,0.6165551931233904,0.46263181152312494
1622,0.9666119321291735,0.8730158730158729,1.3571428571428572,7.0,0.6666666666666666,0.5872952155960272,0.44250783299508467,0.9983579638752054,0.9841269841269842,0.21428571428571427,1.0,1.0,0.5872952155960272,0.44250783299508467
1623,0.8899835796387521,0.7407407407407407,2.5714285714285716,12.0,0.8181818181818182,0.5266240503423152,0.43530002859489897,0.8593322386425835,0.7883597883597884,2.642857142857143,14.0,0.6666666666666666,0.5266240503423152,0.43530002859489897
1624,0.967159277504105,0.8783068783068783,1.2857142857142858,7.0,0.8181818181818182,0.5496269303756832,0.422701850278376,0.9978106185002736,0.9788359788359787,0.2857142857142857,1.0,0.8181818181818182,0.5496269303756832,0.422701850278376
1625,0.9594964422550629,0.8465608465608466,1.5,7.0,0.6666666666666666,0.665693838091294,0.47221470717847136,0.9983579638752054,0.9894179894179893,0.14285714285714285,2.0,1.0,0.665693838091294,0.47221470717847136
1626,0.9693486590038315,0.8783068783068783,1.2857142857142858,7.0,0.6666666666666666,0.5320814656882487,0.43875118715377187,0.9939792008757526,0.9576719576719577,0.5714285714285714,2.0,1.0,0.5320814656882487,0.43875118715377187
1627,0.9666119321291735,0.8730158730158729,1.3571428571428572,7.0,0.6666666666666666,0.6500777538879405,0.49558810176459644,0.9983579638752054,0.9841269841269842,0.21428571428571427,1.0,1.0,0.6500777538879405,0.49558810176459644
1628,0.9693486590038315,0.8624338624338624,1.3571428571428572,5.0,0.6666666666666666,0.5916202451361479,0.3841176500745665,0.9923371647509577,0.9629629629629629,0.5,4.0,1.0,0.5916202451361479,0.3841176500745665
1629,0.9781061850027366,0.8941798941798942,1.1428571428571428,5.0,0.8181818181818182,0.5227967275002099,0.3608953237186314,0.9879584017515052,0.9312169312169312,0.8571428571428571,4.0,0.8181818181818182,0.5227967275002099,0.3608953237186314
1630,0.9737274220032841,0.8835978835978835,1.2142857142857142,5.0,0.8181818181818182,0.5328747591662792,0.386717896785888,0.994526546250684,0.9629629629629629,0.42857142857142855,3.0,0.8181818181818182,0.5328747591662792,0.386717896785888
1631,0.9616858237547894,0.8624338624338624,1.3571428571428572,7.0,0.8181818181818182,0.6064478563262565,0.428106967626797,0.9967159277504104,0.9735449735449735,0.35714285714285715,2.0,0.8181818181818182,0.6064478563262565,0.428106967626797
1632,0.962233169129721,0.8465608465608466,1.5714285714285714,7.0,0.6666666666666666,0.6229783112211946,0.463544680340053,0.9912424740010948,0.947089947089947,0.6428571428571429,3.0,1.0,0.6229783112211946,0.463544680340053
1633,0.9644225506294472,0.857142857142857,1.4285714285714286,7.0,0.6666666666666666,0.6449536906516451,0.4636985058378792,0.9956212370005473,0.9682539682539683,0.42857142857142855,2.0,1.0,0.6449536906516451,0.4636985058378792
1634,0.9627805145046523,0.8518518518518519,1.5714285714285714,7.0,0.6666666666666666,0.6085082587712343,0.4617778299100935,0.9923371647509577,0.9523809523809524,0.6428571428571429,2.0,1.0,0.6085082587712343,0.4617778299100935
1635,0.9655172413793103,0.8624338624338624,1.3571428571428572,5.0,0.8181818181818182,0.4741007934911143,0.372111908227875,0.9490968801313627,0.8783068783068783,1.4285714285714286,11.0,0.8181818181818182,0.4741007934911143,0.372111908227875
1636,0.9655172413793103,0.8465608465608466,1.5,5.0,0.6666666666666666,0.6229270380419385,0.38451498416208485,0.9896004378762999,0.947089947089947,0.6428571428571429,4.0,1.0,0.6229270380419385,0.38451498416208485
1637,0.9655172413793103,0.8624338624338624,1.4285714285714286,7.0,0.6666666666666666,0.6362987903375721,0.5011290999163188,0.9950738916256158,0.9629629629629629,0.5,2.0,1.0,0.6362987903375721,0.5011290999163188
1638,0.960591133004926,0.857142857142857,1.4285714285714286,7.0,0.8181818181818182,0.6865536189339463,0.48912279190526864,0.9972632731253421,0.9788359788359787,0.2857142857142857,2.0,0.8181818181818182,0.6865536189339463,0.48912279190526864
1639,0.9666119321291735,0.8677248677248677,1.3571428571428572,7.0,0.6666666666666666,0.5560827269152229,0.40762708215201815,0.9978106185002736,0.9788359788359787,0.2857142857142857,1.0,1.0,0.5560827269152229,0.40762708215201815
1640,0.9682539682539683,0.8518518518518519,1.4285714285714286,5.0,0.6666666666666666,0.6067400452783687,0.3760761264787413,0.990695128626163,0.9523809523809524,0.5714285714285714,4.0,1.0,0.6067400452783687,0.3760761264787413
1641,0.9660645867542419,0.8677248677248677,1.3571428571428572,7.0,0.6666666666666666,0.610000436939202,0.45385652494907,0.9989053092501368,0.9894179894179893,0.14285714285714285,1.0,1.0,0.610000436939202,0.45385652494907
1642,0.9655172413793103,0.8730158730158729,1.3571428571428572,7.0,0.8181818181818182,0.5980774251106022,0.4595767668703388,0.9950738916256158,0.9629629629629629,0.5,2.0,0.8181818181818182,0.5980774251106022,0.4595767668703388
1643,0.9737274220032841,0.8835978835978835,1.2142857142857142,5.0,0.8181818181818182,0.5429975088640966,0.38675071572930936,0.994526546250684,0.9629629629629629,0.42857142857142855,3.0,0.8181818181818182,0.5429975088640966,0.38675071572930936
1644,0.9660645867542419,0.8730158730158729,1.4285714285714286,7.0,0.8181818181818182,0.5776680833027376,0.44653615007887965,0.9934318555008209,0.9523809523809524,0.6428571428571429,2.0,0.8181818181818182,0.5776680833027376,0.44653615007887965
1645,0.9573070607553366,0.8412698412698412,1.5714285714285714,7.0,0.6666666666666666,0.6373519841796507,0.430376293739479,0.9978106185002736,0.9841269841269842,0.21428571428571427,2.0,1.0,0.6373519841796507,0.430376293739479
1646,0.9573070607553366,0.8465608465608466,1.5714285714285714,7.0,0.8181818181818182,0.6223188726362225,0.42117461081996316,0.9956212370005473,0.9682539682539683,0.42857142857142855,2.0,0.8181818181818182,0.6223188726362225,0.42117461081996316
1647,0.9638752052545155,0.8518518518518519,1.5,7.0,0.6666666666666666,0.57902976771552,0.40956315060321485,0.994526546250684,0.9629629629629629,0.5,2.0,1.0,0.57902976771552,0.40956315060321485
1648,0.9748221127531472,0.8941798941798942,1.1428571428571428,5.0,0.8181818181818182,0.4886172826107084,0.33767024244119964,0.9852216748768472,0.9417989417989417,0.7142857142857143,6.0,0.8181818181818182,0.4886172826107084,0.33767024244119964
1649,0.9573070607553366,0.8412698412698412,1.5714285714285714,7.0,0.6666666666666666,0.6960524181981704,0.4765596849871892,0.9978106185002736,0.9841269841269842,0.21428571428571427,2.0,1.0,0.6960524181981704,0.4765596849871892
1650,0.986863711001642,0.9523809523809524,0.6428571428571429,6.0,0.8181818181818182,0.3999999999999999,0.3712034648648953,0.9775588396278051,0.8941798941798942,1.1428571428571428,5.0,0.8181818181818182,0.3999999999999999,0.3712034648648953
1651,0.9567597153804049,0.8253968253968254,1.5714285714285714,6.0,0.8181818181818182,0.5024418841624136,0.40970240823100434,0.9463601532567051,0.8730158730158729,1.5,11.0,0.8181818181818182,0.5024418841624136,0.40970240823100434
1652,0.9677066228790366,0.8730158730158729,1.2857142857142858,6.0,0.8181818181818182,0.5529655649125229,0.40408403323216135,0.9967159277504104,0.9735449735449735,0.35714285714285715,2.0,0.8181818181818182,0.5529655649125229,0.40408403323216135
1653,0.9644225506294472,0.8465608465608466,1.5714285714285714,6.0,0.6666666666666666,0.5892374043498037,0.4004776283745191,0.9917898193760263,0.947089947089947,0.6428571428571429,3.0,1.0,0.5892374043498037,0.4004776283745191
1654,0.9709906951286261,0.8835978835978835,1.2142857142857142,6.0,0.8181818181818182,0.5283741725529265,0.3936816366907583,0.9967159277504104,0.9735449735449735,0.35714285714285715,2.0,0.8181818181818182,0.5283741725529265,0.3936816366907583
1655,0.9666119321291735,0.8677248677248677,1.3571428571428572,7.0,0.6666666666666666,0.6418485591373351,0.48828696419746975,0.9978106185002736,0.9788359788359787,0.2857142857142857,1.0,1.0,0.6418485591373351,0.48828696419746975
1656,0.9551176792556102,0.8253968253968254,1.7142857142857142,7.0,0.6666666666666666,0.6604298130126994,0.4556947438196953,0.994526546250684,0.9682539682539683,0.35714285714285715,3.0,1.0,0.6604298130126994,0.4556947438196953
1657,0.9797482211275315,0.8994708994708994,1.0714285714285714,5.0,0.8181818181818182,0.45497085577138874,0.3307295000849834,0.9835796387520527,0.9259259259259259,0.9285714285714286,6.0,0.8181818181818182,0.45497085577138874,0.3307295000849834
1658,0.9677066228790366,0.8624338624338624,1.3571428571428572,5.0,0.8181818181818182,0.6236179844959548,0.35985266025954304,0.9835796387520527,0.9312169312169312,0.7857142857142857,6.0,0.8181818181818182,0.6236179844959548,0.35985266025954304
1659,0.9573070607553366,0.8412698412698412,1.5714285714285714,7.0,0.6666666666666666,0.6478912945218667,0.44362217396309633,0.9978106185002736,0.9841269841269842,0.21428571428571427,2.0,1.0,0.6478912945218667,0.44362217396309633
1660,0.9600437876299945,0.8253968253968254,1.7142857142857142,5.0,0.6666666666666666,0.6301253225686382,0.3746047604080991,0.9835796387520527,0.9153439153439152,0.9285714285714286,4.0,1.0,0.6301253225686382,0.3746047604080991
1661,0.9616858237547894,0.8518518518518519,1.5,7.0,0.6666666666666666,0.6420376952807143,0.4625605279617762,0.9994526546250683,0.9947089947089945,0.07142857142857142,1.0,1.0,0.6420376952807143,0.4625605279617762
1662,0.9655172413793103,0.8624338624338624,1.4285714285714286,7.0,0.6666666666666666,0.5576439520295422,0.42382525974560464,0.9950738916256158,0.9629629629629629,0.5,2.0,1.0,0.5576439520295422,0.42382525974560464
1663,0.9611384783798578,0.857142857142857,1.5,7.0,0.8181818181818182,0.6001176368251346,0.4407612639507436,0.994526546250684,0.9576719576719577,0.5714285714285714,2.0,0.8181818181818182,0.6001176368251346,0.4407612639507436
1664,0.9666119321291735,0.8412698412698412,1.5,5.0,0.6666666666666666,0.5700189037852663,0.35623829430186277,0.9885057471264367,0.9417989417989417,0.6428571428571429,4.0,1.0,0.5700189037852663,0.35623829430186277
1665,0.9600437876299945,0.8518518518518519,1.5,7.0,0.6666666666666666,0.595940449441337,0.40968241407954986,0.9978106185002736,0.9841269841269842,0.21428571428571427,2.0,1.0,0.595940449441337,0.40968241407954986
1666,0.9594964422550629,0.8465608465608466,1.5,7.0,0.6666666666666666,0.6230363835290718,0.4316810696976616,0.9983579638752054,0.9894179894179893,0.14285714285714285,2.0,1.0,0.6230363835290718,0.4316810696976616
1667,0.9709906951286261,0.8730158730158729,1.2857142857142858,5.0,0.8181818181818182,0.5566152817377019,0.3848228887096205,0.9928845101258894,0.9523809523809524,0.5714285714285714,3.0,0.8181818181818182,0.5566152817377019,0.3848228887096205
1668,0.9551176792556102,0.8412698412698412,1.5714285714285714,7.0,0.8181818181818182,0.693038914395717,0.4772020349721416,0.9950738916256158,0.9629629629629629,0.42857142857142855,2.0,0.8181818181818182,0.693038914395717,0.4772020349721416
1669,0.975369458128079,0.8783068783068783,1.3571428571428572,5.0,0.6666666666666666,0.485022550421034,0.32194543021865685,0.9863163656267103,0.9259259259259259,0.8571428571428571,4.0,1.0,0.485022550421034,0.32194543021865685
1670,0.9731800766283524,0.8941798941798942,1.1428571428571428,6.0,0.8181818181818182,0.5102546942746835,0.398594116611211,0.994526546250684,0.9629629629629629,0.5,2.0,0.8181818181818182,0.5102546942746835,0.398594116611211
1671,0.9616858237547894,0.8518518518518519,1.5,7.0,0.6666666666666666,0.7014627673982474,0.5136520020518016,0.9994526546250683,0.9947089947089945,0.07142857142857142,1.0,1.0,0.7014627673982474,0.5136520020518016
1672,0.967159277504105,0.8783068783068783,1.2857142857142858,7.0,0.8181818181818182,0.5523343085508527,0.4179520693430063,0.9978106185002736,0.9788359788359787,0.2857142857142857,1.0,0.8181818181818182,0.5523343085508527,0.4179520693430063
1673,0.9726327312534209,0.8783068783068783,1.2142857142857142,5.0,0.6666666666666666,0.5327650043392089,0.33969816183405566,0.9896004378762999,0.9576719576719577,0.5714285714285714,5.0,1.0,0.5327650043392089,0.33969816183405566
1674,0.9594964422550629,0.8465608465608466,1.5,7.0,0.6666666666666666,0.6655382347809393,0.46255107047764726,0.9983579638752054,0.9894179894179893,0.14285714285714285,2.0,1.0,0.6655382347809393,0.46255107047764726
1675,0.9600437876299945,0.8518518518518519,1.5,7.0,0.6666666666666666,0.661838210688389,0.4680380130840856,0.9978106185002736,0.9841269841269842,0.21428571428571427,2.0,1.0,0.661838210688389,0.4680380130840856
1676,0.9688013136288999,0.8783068783068783,1.2142857142857142,7.0,0.6666666666666666,0.4918820116704334,0.3899851872483729,0.9972632731253421,0.9788359788359787,0.2857142857142857,2.0,1.0,0.4918820116704334,0.3899851872483729
1677,0.9518336070060207,0.8095238095238094,1.7857142857142858,7.0,0.6666666666666666,0.6573251111669436,0.4295575132098307,0.9923371647509577,0.9523809523809524,0.5,3.0,1.0,0.6573251111669436,0.4295575132098307
1678,0.9649698960043787,0.857142857142857,1.4285714285714286,5.0,0.8181818181818182,0.6449966540025884,0.3987723724801675,0.9917898193760263,0.947089947089947,0.6428571428571429,3.0,0.8181818181818182,0.6449966540025884,0.3987723724801675
1679,0.967159277504105,0.8783068783068783,1.2857142857142858,7.0,0.8181818181818182,0.5819805792125667,0.443093163379847,0.9978106185002736,0.9788359788359787,0.2857142857142857,1.0,0.8181818181818182,0.5819805792125667,0.443093163379847
1680,0.9759168035030105,0.8994708994708994,1.0714285714285714,5.0,0.8181818181818182,0.49737724959394725,0.3301688311250938,0.9846743295019157,0.9365079365079365,0.7142857142857143,6.0,0.8181818181818182,0.49737724959394725,0.3301688311250938
1681,0.9666119321291735,0.8677248677248677,1.3571428571428572,7.0,0.6666666666666666,0.5971455842532967,0.41123268289888426,0.9978106185002736,0.9788359788359787,0.2857142857142857,1.0,1.0,0.5971455842532967,0.41123268289888426
1682,0.9786535303776682,0.8888888888888887,1.1428571428571428,5.0,0.6666666666666666,0.5318988654380419,0.3587334870477568,0.9923371647509577,0.9576719576719577,0.5714285714285714,4.0,1.0,0.5318988654380419,0.3587334870477568
1683,0.9616858237547894,0.8624338624338624,1.4285714285714286,7.0,0.8181818181818182,0.5985911026705841,0.4215809267938747,0.9950738916256158,0.9629629629629629,0.5,2.0,0.8181818181818182,0.5985911026705841,0.4215809267938747
1684,0.9770114942528736,0.91005291005291,1.1428571428571428,7.0,0.8181818181818182,0.5352464358565587,0.4676232179282793,0.9901477832512315,0.9365079365079365,0.7142857142857143,3.0,0.8181818181818182,0.5352464358565587,0.4676232179282793
1685,0.9649698960043787,0.857142857142857,1.4285714285714286,7.0,0.6666666666666666,0.5899789417684742,0.4312303441521312,0.996168582375479,0.9682539682539683,0.42857142857142855,2.0,1.0,0.5899789417684742,0.4312303441521312
1686,0.9693486590038315,0.8624338624338624,1.3571428571428572,5.0,0.6666666666666666,0.5779020524015668,0.3938176333800633,0.9950738916256158,0.9735449735449735,0.35714285714285715,3.0,1.0,0.5779020524015668,0.3938176333800633
1687,0.9666119321291735,0.8677248677248677,1.3571428571428572,7.0,0.6666666666666666,0.5916429746003755,0.43749076507393625,0.9978106185002736,0.9788359788359787,0.2857142857142857,1.0,1.0,0.5916429746003755,0.43749076507393625
1688,0.9688013136288999,0.8730158730158729,1.2857142857142858,5.0,0.8181818181818182,0.570982177667414,0.3453346093234287,0.9835796387520527,0.9312169312169312,0.8571428571428571,6.0,0.8181818181818182,0.570982177667414,0.3453346093234287
1689,0.9638752052545155,0.8518518518518519,1.5,7.0,0.6666666666666666,0.5926652927486373,0.4198802412717581,0.994526546250684,0.9629629629629629,0.5,2.0,1.0,0.5926652927486373,0.4198802412717581
1690,0.9616858237547894,0.8624338624338624,1.3571428571428572,7.0,0.8181818181818182,0.5854344395434325,0.4101030077261341,0.9967159277504104,0.9735449735449735,0.35714285714285715,2.0,0.8181818181818182,0.5854344395434325,0.4101030077261341
1691,0.9726327312534209,0.8624338624338624,1.4285714285714286,5.0,0.6666666666666666,0.5745456960682741,0.3815807611399354,0.9885057471264367,0.9417989417989417,0.5714285714285714,4.0,1.0,0.5745456960682741,0.3815807611399354
1692,0.9616858237547894,0.8412698412698412,1.5714285714285714,7.0,0.6666666666666666,0.5897109505062633,0.40798939470531037,0.990695128626163,0.9417989417989417,0.6428571428571429,3.0,1.0,0.5897109505062633,0.40798939470531037
1693,0.9573070607553366,0.8412698412698412,1.5714285714285714,7.0,0.6666666666666666,0.6422599124739494,0.43543089285067654,0.9978106185002736,0.9841269841269842,0.21428571428571427,2.0,1.0,0.6422599124739494,0.43543089285067654
1694,0.962233169129721,0.8465608465608466,1.5714285714285714,7.0,0.6666666666666666,0.5974853604988479,0.4348129510891583,0.9912424740010948,0.947089947089947,0.6428571428571429,3.0,1.0,0.5974853604988479,0.4348129510891583
1695,0.9682539682539683,0.8783068783068783,1.2857142857142858,7.0,0.6666666666666666,0.6073304114302682,0.47057307684286365,0.9978106185002736,0.9788359788359787,0.2857142857142857,1.0,1.0,0.6073304114302682,0.47057307684286365
1696,0.9781061850027366,0.8994708994708994,1.2142857142857142,5.0,0.8181818181818182,0.4975131946640659,0.31551018253639684,0.9781061850027366,0.9047619047619047,1.1428571428571428,6.0,0.8181818181818182,0.4975131946640659,0.31551018253639684
1697,0.9649698960043787,0.857142857142857,1.4285714285714286,7.0,0.6666666666666666,0.5445170558211292,0.3927605833339622,0.996168582375479,0.9682539682539683,0.42857142857142855,2.0,1.0,0.5445170558211292,0.3927605833339622
1698,0.9786535303776682,0.8994708994708994,1.0714285714285714,5.0,0.8181818181818182,0.5166645631246691,0.3377455693526658,0.9874110563765736,0.9259259259259259,0.9285714285714286,4.0,0.8181818181818182,0.5166645631246691,0.3377455693526658
1699,0.9770114942528736,0.8835978835978835,1.2142857142857142,5.0,0.6666666666666666,0.5143065563269789,0.364563521593388,0.9939792008757526,0.9735449735449735,0.35714285714285715,4.0,1.0,0.5143065563269789,0.364563521593388
1700,0.9518336070060207,0.8095238095238094,1.7857142857142858,7.0,0.6666666666666666,0.6420547873777924,0.4196733755680794,0.9923371647509577,0.9523809523809524,0.5,3.0,1.0,0.6420547873777924,0.4196733755680794
1701,0.9616858237547894,0.8624338624338624,1.3571428571428572,7.0,0.8181818181818182,0.5769378601473478,0.40732681344864197,0.9967159277504104,0.9735449735449735,0.35714285714285715,2.0,0.8181818181818182,0.5769378601473478,0.40732681344864197
1702,0.926655719759168,0.8042328042328042,2.0,10.0,0.8181818181818182,0.5118371642811181,0.4113142177539409,0.8987411056376573,0.8201058201058201,2.142857142857143,13.0,0.6666666666666666,0.5118371642811181,0.4113142177539409
1703,0.9698960043787629,0.8677248677248677,1.3571428571428572,5.0,0.6666666666666666,0.5956837958694732,0.3959924851451264,0.994526546250684,0.9682539682539683,0.42857142857142855,3.0,1.0,0.5956837958694732,0.3959924851451264
1704,0.9666119321291735,0.8677248677248677,1.3571428571428572,7.0,0.6666666666666666,0.48131369243613,0.37877882209234964,0.994526546250684,0.9576719576719577,0.5714285714285714,2.0,1.0,0.48131369243613,0.37877882209234964
1705,0.9841269841269842,0.9206349206349207,1.0,4.0,0.8181818181818182,0.44265317819476174,0.36273740548953454,0.9896004378762999,0.9365079365079365,0.7857142857142857,3.0,0.8181818181818182,0.44265317819476174,0.36273740548953454
1706,0.9600437876299945,0.8518518518518519,1.5,7.0,0.6666666666666666,0.6448700943067551,0.4492405866725448,0.9978106185002736,0.9841269841269842,0.21428571428571427,2.0,1.0,0.6448700943067551,0.4492405866725448
1707,0.9638752052545155,0.8677248677248677,1.3571428571428572,7.0,0.8181818181818182,0.59737883859675,0.4364515549919566,0.9978106185002736,0.9788359788359787,0.2857142857142857,1.0,0.8181818181818182,0.59737883859675,0.4364515549919566
1708,0.962233169129721,0.8465608465608466,1.5,7.0,0.6666666666666666,0.5941084073474177,0.4040062140005498,0.9934318555008209,0.9576719576719577,0.5,3.0,1.0,0.5941084073474177,0.4040062140005498
1709,0.9556650246305418,0.8253968253968254,1.7142857142857142,7.0,0.6666666666666666,0.6416738793486472,0.43656061080354974,0.9917898193760263,0.947089947089947,0.5,3.0,1.0,0.6416738793486472,0.43656061080354974
1710,0.9551176792556102,0.8201058201058201,1.7142857142857142,7.0,0.6666666666666666,0.7223307846736424,0.5042254441654795,0.990695128626163,0.9417989417989417,0.5714285714285714,3.0,1.0,0.7223307846736424,0.5042254441654795
1711,0.9709906951286261,0.8835978835978835,1.2142857142857142,6.0,0.8181818181818182,0.5270824267027783,0.3936161314636066,0.9967159277504104,0.9735449735449735,0.35714285714285715,2.0,0.8181818181818182,0.5270824267027783,0.3936161314636066
1712,0.9748221127531472,0.8730158730158729,1.3571428571428572,5.0,0.6666666666666666,0.5115953127021129,0.3353203899785575,0.9874110563765736,0.9312169312169312,0.7857142857142857,4.0,1.0,0.5115953127021129,0.3353203899785575
1713,0.9594964422550629,0.8465608465608466,1.5,7.0,0.6666666666666666,0.6390019375206895,0.4574230182287708,0.9983579638752054,0.9894179894179893,0.14285714285714285,2.0,1.0,0.6390019375206895,0.4574230182287708
1714,0.9698960043787629,0.8888888888888887,1.2857142857142858,7.0,0.8181818181818182,0.7125527472135527,0.5562763736067763,0.9939792008757526,0.9576719576719577,0.5714285714285714,2.0,0.8181818181818182,0.7125527472135527,0.5562763736067763
1715,0.9655172413793103,0.8465608465608466,1.5,5.0,0.6666666666666666,0.6268358190072676,0.3837608704256284,0.9896004378762999,0.947089947089947,0.6428571428571429,4.0,1.0,0.6268358190072676,0.3837608704256284
1716,0.9638752052545155,0.8306878306878307,1.6428571428571428,5.0,0.6666666666666666,0.6138086030112981,0.38561795940627086,0.986863711001642,0.9312169312169312,0.7142857142857143,4.0,1.0,0.6138086030112981,0.38561795940627086
1717,0.9688013136288999,0.8730158730158729,1.2857142857142858,5.0,0.8181818181818182,0.5707148326838769,0.38904415235535145,0.990695128626163,0.9417989417989417,0.7142857142857143,3.0,0.8181818181818182,0.5707148326838769,0.38904415235535145
1718,0.9611384783798578,0.8253968253968254,1.7142857142857142,5.0,0.6666666666666666,0.6324718046114239,0.37739281055627255,0.9857690202517788,0.9259259259259259,0.7857142857142857,4.0,1.0,0.6324718046114239,0.37739281055627255
1719,0.9666119321291735,0.8412698412698412,1.5,5.0,0.6666666666666666,0.5984243221037656,0.3773983904612373,0.9885057471264367,0.9417989417989417,0.6428571428571429,4.0,1.0,0.5984243221037656,0.3773983904612373
1720,0.9726327312534209,0.8994708994708994,1.1428571428571428,7.0,0.8181818181818182,0.464931309569447,0.39522898121498173,0.994526546250684,0.9576719576719577,0.5,2.0,0.8181818181818182,0.464931309569447,0.39522898121498173
1721,0.9666119321291735,0.8677248677248677,1.2142857142857142,6.0,0.8181818181818182,0.5455603053728662,0.38864477253073026,0.9737274220032841,0.9153439153439152,1.0,8.0,0.8181818181818182,0.5455603053728662,0.38864477253073026
1722,0.9638752052545155,0.8306878306878307,1.6428571428571428,5.0,0.6666666666666666,0.6232016592512788,0.3749619799914124,0.986863711001642,0.9312169312169312,0.7142857142857143,4.0,1.0,0.6232016592512788,0.3749619799914124
1723,0.9775588396278051,0.8994708994708994,1.0714285714285714,5.0,0.8181818181818182,0.4846695332856707,0.3297351600190594,0.9885057471264367,0.947089947089947,0.6428571428571429,5.0,0.8181818181818182,0.4846695332856707,0.3297351600190594
1724,0.9644225506294472,0.8730158730158729,1.3571428571428572,7.0,0.8181818181818182,0.6102321147523306,0.4558113207586866,0.9967159277504104,0.9735449735449735,0.35714285714285715,2.0,0.8181818181818182,0.6102321147523306,0.4558113207586866
1725,0.9731800766283524,0.8783068783068783,1.2142857142857142,5.0,0.8181818181818182,0.5358625842173803,0.3517355701872288,0.990695128626163,0.947089947089947,0.6428571428571429,4.0,0.8181818181818182,0.5358625842173803,0.3517355701872288
1726,0.9693486590038315,0.8888888888888887,1.2142857142857142,7.0,0.8181818181818182,0.6118973810364835,0.48008251234389854,0.9956212370005473,0.9682539682539683,0.42857142857142855,2.0,0.8181818181818182,0.6118973810364835,0.48008251234389854
1727,0.9693486590038315,0.8783068783068783,1.2857142857142858,5.0,0.8181818181818182,0.5743836980286035,0.34695994375119016,0.983032293377121,0.9259259259259259,0.8571428571428571,6.0,0.8181818181818182,0.5743836980286035,0.34695994375119016
1728,0.9644225506294472,0.857142857142857,1.4285714285714286,7.0,0.6666666666666666,0.6997622235694909,0.5129316379018367,0.9956212370005473,0.9682539682539683,0.42857142857142855,2.0,1.0,0.6997622235694909,0.5129316379018367
1729,0.9726327312534209,0.8783068783068783,1.2857142857142858,5.0,0.6666666666666666,0.5434153636058622,0.390987519502184,0.9972632731253421,0.9788359788359787,0.21428571428571427,2.0,1.0,0.5434153636058622,0.390987519502184
1730,0.9726327312534209,0.8677248677248677,1.4285714285714286,5.0,0.6666666666666666,0.5543159144894316,0.3620350268388882,0.990695128626163,0.9576719576719577,0.5,4.0,1.0,0.5543159144894316,0.3620350268388882
1731,0.9748221127531472,0.8730158730158729,1.4285714285714286,5.0,0.6666666666666666,0.517206515808255,0.36567587893624026,0.986863711001642,0.9312169312169312,0.7857142857142857,4.0,1.0,0.517206515808255,0.36567587893624026
1732,0.9693486590038315,0.8888888888888887,1.2142857142857142,7.0,0.8181818181818182,0.5898186054536378,0.4690098371517798,0.9956212370005473,0.9682539682539683,0.42857142857142855,2.0,0.8181818181818182,0.5898186054536378,0.4690098371517798
1733,0.9917898193760263,0.947089947089947,0.7142857142857143,2.0,1.0,0.3999999999999999,0.2744760778724868,0.9627805145046523,0.8677248677248677,1.4285714285714286,8.0,0.6666666666666666,0.3999999999999999,0.2744760778724868
1734,0.9715380405035577,0.8783068783068783,1.2142857142857142,5.0,0.8181818181818182,0.5705807428713421,0.392904949771237,0.9934318555008209,0.9576719576719577,0.5,3.0,0.8181818181818182,0.5705807428713421,0.392904949771237
1735,0.9649698960043787,0.8518518518518519,1.5714285714285714,6.0,0.6666666666666666,0.5395465070045686,0.38545361284428215,0.990695128626163,0.9417989417989417,0.7142857142857143,3.0,1.0,0.5395465070045686,0.38545361284428215
1736,0.9644225506294472,0.8730158730158729,1.3571428571428572,7.0,0.8181818181818182,0.6134357813022777,0.45382429090591864,0.9967159277504104,0.9735449735449735,0.35714285714285715,2.0,0.8181818181818182,0.6134357813022777,0.45382429090591864
1737,0.9627805145046523,0.8412698412698412,1.7142857142857142,5.0,0.6666666666666666,0.5772681116044895,0.374370222342876,0.9852216748768472,0.9206349206349207,0.8571428571428571,3.0,1.0,0.5772681116044895,0.374370222342876
1738,0.983032293377121,0.9206349206349207,0.8571428571428571,5.0,0.8181818181818182,0.4658399628914975,0.3237798612502935,0.9885057471264367,0.9365079365079365,0.7857142857142857,4.0,0.8181818181818182,0.4658399628914975,0.3237798612502935
1739,0.9660645867542419,0.8412698412698412,1.5714285714285714,5.0,0.6666666666666666,0.572756717874165,0.3575562369876781,0.9857690202517788,0.9206349206349207,0.7857142857142857,4.0,1.0,0.572756717874165,0.3575562369876781
1740,0.9677066228790366,0.8624338624338624,1.3571428571428572,5.0,0.8181818181818182,0.5941037506526434,0.3573279329807217,0.983032293377121,0.9312169312169312,0.8571428571428571,6.0,0.8181818181818182,0.5941037506526434,0.3573279329807217
1741,0.9633278598795839,0.857142857142857,1.5,7.0,0.6666666666666666,0.5750470268211041,0.40072760092246495,0.9999999999999998,1.0,0.0,0.0,1.0,0.5750470268211041,0.40072760092246495
1742,0.9633278598795839,0.857142857142857,1.5,7.0,0.6666666666666666,0.639598703651254,0.46945170329095237,0.9999999999999998,1.0,0.0,0.0,1.0,0.639598703651254,0.46945170329095237
1743,0.9704433497536945,0.8941798941798942,1.2142857142857142,7.0,0.8181818181818182,0.5819313719565691,0.4746369227394154,0.994526546250684,0.9629629629629629,0.5,2.0,0.8181818181818182,0.5819313719565691,0.4746369227394154
1744,0.9594964422550629,0.8465608465608466,1.5,7.0,0.6666666666666666,0.6396970541717575,0.4584860152842347,0.9983579638752054,0.9894179894179893,0.14285714285714285,2.0,1.0,0.6396970541717575,0.4584860152842347
1745,0.9748221127531472,0.8941798941798942,1.1428571428571428,5.0,0.8181818181818182,0.5012595643544917,0.3269147493400365,0.9852216748768472,0.9417989417989417,0.7142857142857143,6.0,0.8181818181818182,0.5012595643544917,0.3269147493400365
1746,0.9616858237547894,0.8518518518518519,1.5,7.0,0.6666666666666666,0.6957887803275342,0.5130615105756494,0.9994526546250683,0.9947089947089945,0.07142857142857142,1.0,1.0,0.6957887803275342,0.5130615105756494
1747,0.9715380405035577,0.8783068783068783,1.2142857142857142,5.0,0.8181818181818182,0.5723854197255308,0.3912244060889554,0.9934318555008209,0.9576719576719577,0.5,3.0,0.8181818181818182,0.5723854197255308,0.3912244060889554
1748,0.9578544061302682,0.8306878306878307,1.7142857142857142,7.0,0.6666666666666666,0.6883698329247776,0.48211454466937353,0.9879584017515052,0.9312169312169312,0.7142857142857143,3.0,1.0,0.6883698329247776,0.48211454466937353
1749,0.9698960043787629,0.8835978835978835,1.2142857142857142,7.0,0.6666666666666666,0.5587118468562007,0.46078383754385316,0.9967159277504104,0.9735449735449735,0.35714285714285715,2.0,1.0,0.5587118468562007,0.46078383754385316
1750,0.9715380405035577,0.8677248677248677,1.2857142857142858,5.0,0.6666666666666666,0.548098754329376,0.36161919865383396,0.9928845101258894,0.9682539682539683,0.42857142857142855,4.0,1.0,0.548098754329376,0.36161919865383396
1751,0.9709906951286261,0.8835978835978835,1.1428571428571428,5.0,0.8181818181818182,0.5473372727735324,0.3669323382058488,0.9792008757525997,0.9206349206349207,1.0,7.0,0.8181818181818182,0.5473372727735324,0.3669323382058488
1752,0.9737274220032841,0.8624338624338624,1.4285714285714286,5.0,0.6666666666666666,0.5311061725649264,0.3457499402951712,0.9852216748768472,0.9206349206349207,0.8571428571428571,4.0,1.0,0.5311061725649264,0.3457499402951712
1753,0.9660645867542419,0.8465608465608466,1.5,5.0,0.8181818181818182,0.5828673276926757,0.35662074533888183,0.980295566502463,0.9153439153439152,0.9285714285714286,6.0,0.8181818181818182,0.5828673276926757,0.35662074533888183
1754,0.9808429118773946,0.9259259259259259,0.8571428571428571,7.0,0.8181818181818182,0.697295318081756,0.5486476590408781,0.9775588396278051,0.8994708994708994,1.1428571428571428,5.0,0.8181818181818182,0.697295318081756,0.5486476590408781
1755,0.9655172413793103,0.8624338624338624,1.4285714285714286,7.0,0.6666666666666666,0.5577756183001614,0.4182946687638276,0.9950738916256158,0.9629629629629629,0.5,2.0,1.0,0.5577756183001614,0.4182946687638276
1756,0.9792008757525997,0.8994708994708994,1.0714285714285714,5.0,0.8181818181818182,0.4749925572900147,0.354399984088069,0.9923371647509577,0.9576719576719577,0.5,4.0,0.8181818181818182,0.4749925572900147,0.354399984088069
1757,0.9666119321291735,0.8677248677248677,1.3571428571428572,7.0,0.6666666666666666,0.612794776248053,0.4642839630081827,0.9978106185002736,0.9788359788359787,0.2857142857142857,1.0,1.0,0.612794776248053,0.4642839630081827
1758,0.9540229885057472,0.8465608465608466,1.5714285714285714,7.0,0.8181818181818182,0.6199365118251932,0.42909192497398546,0.9928845101258894,0.9576719576719577,0.5714285714285714,3.0,0.8181818181818182,0.6199365118251932,0.42909192497398546
1759,0.9693486590038315,0.8624338624338624,1.3571428571428572,5.0,0.6666666666666666,0.5902721538496578,0.38750113994611424,0.9950738916256158,0.9735449735449735,0.35714285714285715,3.0,1.0,0.5902721538496578,0.38750113994611424
1760,0.9666119321291735,0.8677248677248677,1.3571428571428572,7.0,0.6666666666666666,0.6385957196086831,0.46685197468917844,0.9978106185002736,0.9788359788359787,0.2857142857142857,1.0,1.0,0.6385957196086831,0.46685197468917844
1761,0.9759168035030105,0.8941798941798942,1.0,5.0,0.8181818181818182,0.4796808602812686,0.3599941421998023,0.9819376026272578,0.9417989417989417,0.7857142857142857,7.0,0.8181818181818182,0.4796808602812686,0.3599941421998023
1762,0.9616858237547894,0.8412698412698412,1.5714285714285714,7.0,0.6666666666666666,0.5674461086667302,0.3930834880280091,0.990695128626163,0.9417989417989417,0.6428571428571429,3.0,1.0,0.5674461086667302,0.3930834880280091
1763,0.962233169129721,0.8465608465608466,1.5,7.0,0.6666666666666666,0.6477120089217632,0.4526579521507493,0.9934318555008209,0.9576719576719577,0.5,3.0,1.0,0.6477120089217632,0.4526579521507493
1764,0.9682539682539683,0.8730158730158729,1.2857142857142858,5.0,0.8181818181818182,0.588277149008058,0.40486911559156424,0.9950738916256158,0.9629629629629629,0.42857142857142855,2.0,0.8181818181818182,0.588277149008058,0.40486911559156424
1765,0.9573070607553366,0.8412698412698412,1.5714285714285714,7.0,0.6666666666666666,0.6378486941145483,0.43016535363476077,0.9978106185002736,0.9841269841269842,0.21428571428571427,2.0,1.0,0.6378486941145483,0.43016535363476077
1766,0.9759168035030105,0.8941798941798942,1.0,5.0,0.8181818181818182,0.48894975883380337,0.3499281425829367,0.9819376026272578,0.9417989417989417,0.7857142857142857,7.0,0.8181818181818182,0.48894975883380337,0.3499281425829367
1767,0.9408866995073891,0.8148148148148148,1.8571428571428572,6.0,0.8181818181818182,0.5496608325179777,0.4190986620116512,0.9282977558839628,0.8412698412698412,1.8571428571428572,12.0,0.8181818181818182,0.5496608325179777,0.4190986620116512
1768,0.967159277504105,0.8624338624338624,1.3571428571428572,5.0,0.8181818181818182,0.5878793975495828,0.366243086181038,0.9896004378762999,0.9417989417989417,0.7142857142857143,4.0,0.8181818181818182,0.5878793975495828,0.366243086181038
1769,0.9638752052545155,0.8624338624338624,1.4285714285714286,6.0,0.8181818181818182,0.6143645892755922,0.4089376826958076,0.9896004378762999,0.9417989417989417,0.7142857142857143,3.0,0.8181818181818182,0.6143645892755922,0.4089376826958076
1770,0.9737274220032841,0.8994708994708994,1.2142857142857142,7.0,0.8181818181818182,0.5688267581618511,0.48441337908092563,0.9923371647509577,0.947089947089947,0.6428571428571429,2.0,0.8181818181818182,0.5688267581618511,0.48441337908092563
1771,0.9562123700054733,0.8518518518518519,1.5714285714285714,7.0,0.8181818181818182,0.6539846136714096,0.49468306140711876,0.9901477832512315,0.9417989417989417,0.7142857142857143,3.0,0.8181818181818182,0.6539846136714096,0.49468306140711876
1772,0.9545703338806788,0.8359788359788359,1.6428571428571428,7.0,0.6666666666666666,0.7040238697410384,0.4808439139673236,0.9956212370005473,0.9682539682539683,0.35714285714285715,2.0,1.0,0.7040238697410384,0.4808439139673236
1773,0.9655172413793103,0.8624338624338624,1.3571428571428572,7.0,0.6666666666666666,0.6051626285984175,0.44397046622368047,0.9983579638752054,0.9841269841269842,0.21428571428571427,1.0,1.0,0.6051626285984175,0.44397046622368047
1774,0.9781061850027366,0.8888888888888887,1.0714285714285714,5.0,0.6666666666666666,0.48772658900387383,0.33298891513128354,0.9923371647509577,0.9576719576719577,0.5714285714285714,4.0,1.0,0.48772658900387383,0.33298891513128354
1775,0.8916256157635468,0.7407407407407407,2.5,11.0,0.8181818181818182,0.5570231503024186,0.443329172640229,0.8576902025177887,0.7777777777777777,2.642857142857143,15.0,0.6666666666666666,0.5570231503024186,0.443329172640229
1776,0.9633278598795839,0.8624338624338624,1.4285714285714286,7.0,0.6666666666666666,0.5968729277822524,0.42867028179507366,0.9983579638752054,0.9841269841269842,0.21428571428571427,1.0,1.0,0.5968729277822524,0.42867028179507366
1777,0.9644225506294472,0.8465608465608466,1.5714285714285714,5.0,0.8181818181818182,0.6470234806559867,0.3701209016607937,0.9808429118773946,0.9259259259259259,0.9285714285714286,6.0,0.8181818181818182,0.6470234806559867,0.3701209016607937
1778,0.9666119321291735,0.8677248677248677,1.3571428571428572,7.0,0.6666666666666666,0.5406773138771424,0.40228634192052043,0.9978106185002736,0.9788359788359787,0.2857142857142857,1.0,1.0,0.5406773138771424,0.40228634192052043
1779,0.9709906951286261,0.8835978835978835,1.2142857142857142,6.0,0.8181818181818182,0.5227031727902804,0.3886021301310228,0.9967159277504104,0.9735449735449735,0.35714285714285715,2.0,0.8181818181818182,0.5227031727902804,0.3886021301310228
1780,0.9797482211275315,0.8994708994708994,1.0714285714285714,5.0,0.6666666666666666,0.43802219576286155,0.3128632046596313,0.9890530925013684,0.947089947089947,0.7142857142857143,5.0,1.0,0.43802219576286155,0.3128632046596313
1781,0.9781061850027366,0.8888888888888887,1.1428571428571428,5.0,0.6666666666666666,0.4876401280099722,0.3638468747432304,0.9934318555008209,0.9682539682539683,0.35714285714285715,4.0,1.0,0.4876401280099722,0.3638468747432304
1782,0.962233169129721,0.8465608465608466,1.5714285714285714,7.0,0.6666666666666666,0.5949450485951682,0.4288273671205877,0.9912424740010948,0.947089947089947,0.6428571428571429,3.0,1.0,0.5949450485951682,0.4288273671205877
1783,0.9737274220032841,0.8835978835978835,1.1428571428571428,5.0,0.8181818181818182,0.5444472792137949,0.3730146795805418,0.9912424740010948,0.9523809523809524,0.5714285714285714,4.0,0.8181818181818182,0.5444472792137949,0.3730146795805418
1784,0.9490968801313627,0.8201058201058201,1.6428571428571428,6.0,0.8181818181818182,0.455783373364332,0.41233520239054744,0.939792008757526,0.8677248677248677,1.5,11.0,0.8181818181818182,0.455783373364332,0.41233520239054744
1785,0.9688013136288999,0.8835978835978835,1.2142857142857142,7.0,0.8181818181818182,0.5518728212141595,0.43007321007674404,0.9967159277504104,0.9735449735449735,0.35714285714285715,2.0,0.8181818181818182,0.5518728212141595,0.43007321007674404
1786,0.9797482211275315,0.8994708994708994,1.0714285714285714,5.0,0.6666666666666666,0.4702228121053891,0.3236451230703068,0.9890530925013684,0.947089947089947,0.7142857142857143,5.0,1.0,0.4702228121053891,0.3236451230703068
1787,0.9600437876299945,0.8518518518518519,1.5,7.0,0.6666666666666666,0.6647970019850119,0.4630277265035654,0.9978106185002736,0.9841269841269842,0.21428571428571427,2.0,1.0,0.6647970019850119,0.4630277265035654
1788,0.9737274220032841,0.8888888888888887,1.0714285714285714,5.0,0.8181818181818182,0.48661183692145465,0.3709036217675018,0.9813902572523261,0.9365079365079365,0.8571428571428571,7.0,0.8181818181818182,0.48661183692145465,0.3709036217675018
1789,0.9698960043787629,0.8888888888888887,1.2857142857142858,7.0,0.8181818181818182,0.6670980554476338,0.5335490277238168,0.9939792008757526,0.9576719576719577,0.5714285714285714,2.0,0.8181818181818182,0.6670980554476338,0.5335490277238168
1790,0.9584017515051997,0.8518518518518519,1.5,7.0,0.8181818181818182,0.6397746623860741,0.43440269871925147,0.9950738916256158,0.9629629629629629,0.5,2.0,0.8181818181818182,0.6397746623860741,0.43440269871925147
1791,0.9693486590038315,0.8624338624338624,1.3571428571428572,5.0,0.8181818181818182,0.5542788807576939,0.35847618271772225,0.9824849480021893,0.9312169312169312,0.8571428571428571,6.0,0.8181818181818182,0.5542788807576939,0.35847618271772225
1792,0.9693486590038315,0.8783068783068783,1.2857142857142858,5.0,0.8181818181818182,0.561920513739357,0.347663423690616,0.9841269841269842,0.9365079365079365,0.8571428571428571,6.0,0.8181818181818182,0.561920513739357,0.347663423690616
1793,0.9600437876299945,0.8518518518518519,1.5,7.0,0.6666666666666666,0.6153930132300822,0.41492736930142643,0.9978106185002736,0.9841269841269842,0.21428571428571427,2.0,1.0,0.6153930132300822,0.41492736930142643
1794,0.975369458128079,0.8888888888888887,1.2142857142857142,5.0,0.8181818181818182,0.4268689962050519,0.35048428372204193,0.9655172413793103,0.9047619047619047,1.1428571428571428,9.0,0.8181818181818182,0.4268689962050519,0.35048428372204193
1795,0.9764641488779421,0.8835978835978835,1.2142857142857142,5.0,0.8181818181818182,0.4718312209298989,0.36270693414580796,0.9742747673782157,0.8994708994708994,1.1428571428571428,7.0,0.8181818181818182,0.4718312209298989,0.36270693414580796
1796,0.9567597153804049,0.8253968253968254,1.7142857142857142,6.0,0.6666666666666666,0.6279991457872809,0.40689821467262166,0.990695128626163,0.9365079365079365,0.6428571428571429,3.0,1.0,0.6279991457872809,0.40689821467262166
1797,0.9666119321291735,0.8677248677248677,1.3571428571428572,7.0,0.6666666666666666,0.577987919494126,0.4054972906068069,0.9978106185002736,0.9788359788359787,0.2857142857142857,1.0,1.0,0.577987919494126,0.4054972906068069
1798,0.967159277504105,0.8624338624338624,1.4285714285714286,6.0,0.6666666666666666,0.5805583331351822,0.3917149125927124,0.9950738916256158,0.9629629629629629,0.5,2.0,1.0,0.5805583331351822,0.3917149125927124
1799,0.9698960043787629,0.8677248677248677,1.3571428571428572,5.0,0.6666666666666666,0.574521980573414,0.3867802098687859,0.994526546250684,0.9682539682539683,0.42857142857142855,3.0,1.0,0.574521980573414,0.3867802098687859
1800,0.9616858237547894,0.8518518518518519,1.5,7.0,0.6666666666666666,0.6433328411236516,0.46382486570142173,0.9994526546250683,0.9947089947089945,0.07142857142857142,1.0,1.0,0.6433328411236516,0.46382486570142173
1801,0.9518336070060207,0.8095238095238094,1.7857142857142858,7.0,0.6666666666666666,0.7395215080800264,0.5016809713361773,0.9923371647509577,0.9523809523809524,0.5,3.0,1.0,0.7395215080800264,0.5016809713361773
1802,0.9638752052545155,0.8677248677248677,1.3571428571428572,7.0,0.8181818181818182,0.6676296558043666,0.4986798590568505,0.9978106185002736,0.9788359788359787,0.2857142857142857,1.0,0.8181818181818182,0.6676296558043666,0.4986798590568505
1803,0.9666119321291735,0.8677248677248677,1.3571428571428572,7.0,0.6666666666666666,0.6081814842306554,0.425770972758328,0.9978106185002736,0.9788359788359787,0.2857142857142857,1.0,1.0,0.6081814842306554,0.425770972758328
1804,0.9677066228790366,0.8730158730158729,1.2857142857142858,7.0,0.6666666666666666,0.5408109005861446,0.4278372577360948,0.9972632731253421,0.9735449735449735,0.35714285714285715,1.0,1.0,0.5408109005861446,0.4278372577360948
1805,0.9540229885057472,0.8201058201058201,1.7142857142857142,7.0,0.6666666666666666,0.6666648153626528,0.4396295752319068,0.9912424740010948,0.9417989417989417,0.5714285714285714,3.0,1.0,0.6666648153626528,0.4396295752319068
1806,0.9748221127531472,0.8783068783068783,1.2857142857142858,5.0,0.6666666666666666,0.5411001529754931,0.3796353035097052,0.996168582375479,0.9788359788359787,0.2857142857142857,3.0,1.0,0.5411001529754931,0.3796353035097052
1807,0.967159277504105,0.8677248677248677,1.4285714285714286,7.0,0.6666666666666666,0.605729089957866,0.49861765439639266,0.990695128626163,0.947089947089947,0.7142857142857143,3.0,1.0,0.605729089957866,0.49861765439639266
1808,0.9666119321291735,0.8677248677248677,1.3571428571428572,7.0,0.6666666666666666,0.4883543058709307,0.3988415438903542,0.994526546250684,0.9576719576719577,0.5714285714285714,2.0,1.0,0.4883543058709307,0.3988415438903542
1809,0.9693486590038315,0.8888888888888887,1.2142857142857142,7.0,0.8181818181818182,0.6569607428819269,0.5261678199074763,0.9956212370005473,0.9682539682539683,0.42857142857142855,2.0,0.8181818181818182,0.6569607428819269,0.5261678199074763
1810,0.9633278598795839,0.8624338624338624,1.4285714285714286,6.0,0.8181818181818182,0.6000766140654301,0.40850254960066296,0.9967159277504104,0.9735449735449735,0.35714285714285715,2.0,0.8181818181818182,0.6000766140654301,0.40850254960066296
1811,0.9813902572523261,0.9153439153439152,1.0,5.0,0.8181818181818182,0.43331003769072973,0.31005345853875366,0.9857690202517788,0.9417989417989417,0.6428571428571429,6.0,0.8181818181818182,0.43331003769072973,0.31005345853875366
1812,0.9644225506294472,0.8730158730158729,1.3571428571428572,7.0,0.8181818181818182,0.6047326411752287,0.44980270021738455,0.9967159277504104,0.9735449735449735,0.35714285714285715,2.0,0.8181818181818182,0.6047326411752287,0.44980270021738455
1813,0.967159277504105,0.8677248677248677,1.3571428571428572,5.0,0.8181818181818182,0.5887130065731917,0.40357487202484743,0.9956212370005473,0.9682539682539683,0.42857142857142855,2.0,0.8181818181818182,0.5887130065731917,0.40357487202484743
1814,0.9578544061302682,0.8306878306878307,1.7142857142857142,7.0,0.6666666666666666,0.6780232098554603,0.462079935554146,0.9879584017515052,0.9312169312169312,0.7142857142857143,3.0,1.0,0.6780232098554603,0.462079935554146
1815,0.9627805145046523,0.8518518518518519,1.5714285714285714,7.0,0.6666666666666666,0.670547647640229,0.5093912445754379,0.9923371647509577,0.9523809523809524,0.6428571428571429,2.0,1.0,0.670547647640229,0.5093912445754379
1816,0.9682539682539683,0.8783068783068783,1.2857142857142858,6.0,0.8181818181818182,0.5437716076026711,0.40339669693669633,0.9956212370005473,0.9682539682539683,0.42857142857142855,2.0,0.8181818181818182,0.5437716076026711,0.40339669693669633
1817,0.9666119321291735,0.8677248677248677,1.3571428571428572,7.0,0.6666666666666666,0.6230130697825687,0.4566110023724008,0.9978106185002736,0.9788359788359787,0.2857142857142857,1.0,1.0,0.6230130697825687,0.4566110023724008
1818,0.9737274220032841,0.8730158730158729,1.2857142857142858,5.0,0.6666666666666666,0.5328511435202006,0.36152181721673354,0.9939792008757526,0.9735449735449735,0.35714285714285715,4.0,1.0,0.5328511435202006,0.36152181721673354
1819,0.9666119321291735,0.8677248677248677,1.3571428571428572,7.0,0.6666666666666666,0.562919284095199,0.42359916448900475,0.9978106185002736,0.9788359788359787,0.2857142857142857,1.0,1.0,0.562919284095199,0.42359916448900475
1820,0.9715380405035577,0.8941798941798942,1.2857142857142858,7.0,0.8181818181818182,0.5545550456678783,0.46284660287971885,0.9912424740010948,0.9417989417989417,0.7142857142857143,2.0,0.8181818181818182,0.5545550456678783,0.46284660287971885
1821,0.9704433497536945,0.8783068783068783,1.2857142857142858,5.0,0.8181818181818182,0.5667210783298378,0.3991576016972123,0.996168582375479,0.9682539682539683,0.35714285714285715,2.0,0.8181818181818182,0.5667210783298378,0.3991576016972123
1822,0.9781061850027366,0.8888888888888887,1.2142857142857142,5.0,0.6666666666666666,0.45825306304678426,0.3129158111895067,0.9874110563765736,0.9365079365079365,0.7857142857142857,5.0,1.0,0.45825306304678426,0.3129158111895067
1823,0.9688013136288999,0.8624338624338624,1.3571428571428572,5.0,0.8181818181818182,0.5345494235575723,0.3533333507461,0.9786535303776682,0.8994708994708994,1.0714285714285714,6.0,0.8181818181818182,0.5345494235575723,0.3533333507461
1824,0.9715380405035577,0.8677248677248677,1.2857142857142858,5.0,0.6666666666666666,0.5507088046247386,0.36989322383135925,0.9928845101258894,0.9682539682539683,0.42857142857142855,4.0,1.0,0.5507088046247386,0.36989322383135925
1825,0.9786535303776682,0.91005291005291,1.0,5.0,0.8181818181818182,0.4809693159831971,0.3118595993144505,0.9846743295019157,0.9365079365079365,0.7142857142857143,6.0,0.8181818181818182,0.4809693159831971,0.3118595993144505
1826,0.9655172413793103,0.8624338624338624,1.4285714285714286,7.0,0.6666666666666666,0.560102562175774,0.4420518082834001,0.9950738916256158,0.9629629629629629,0.5,2.0,1.0,0.560102562175774,0.4420518082834001
1827,0.9737274220032841,0.8888888888888887,1.1428571428571428,6.0,0.6666666666666666,0.45679713155724105,0.3747703718924117,0.9956212370005473,0.9682539682539683,0.42857142857142855,2.0,1.0,0.45679713155724105,0.3747703718924117
1828,0.9529282977558841,0.8148148148148148,1.7857142857142858,6.0,0.6666666666666666,0.6788638820576045,0.4135069384163872,0.9912424740010948,0.947089947089947,0.6428571428571429,3.0,1.0,0.6788638820576045,0.4135069384163872
1829,0.9737274220032841,0.8624338624338624,1.4285714285714286,5.0,0.6666666666666666,0.5390680969562517,0.3410984701258598,0.9852216748768472,0.9206349206349207,0.8571428571428571,4.0,1.0,0.5390680969562517,0.3410984701258598
1830,0.967159277504105,0.8730158730158729,1.3571428571428572,7.0,0.6666666666666666,0.5749789558308313,0.4281740182911661,0.9983579638752054,0.9841269841269842,0.21428571428571427,1.0,1.0,0.5749789558308313,0.4281740182911661
1831,0.9698960043787629,0.8888888888888887,1.2857142857142858,7.0,0.8181818181818182,0.5884600540766931,0.4822222634472146,0.9939792008757526,0.9576719576719577,0.5714285714285714,2.0,0.8181818181818182,0.5884600540766931,0.4822222634472146
1832,0.9660645867542419,0.8518518518518519,1.4285714285714286,5.0,0.6666666666666666,0.634402012394472,0.3882516707863372,0.9896004378762999,0.9417989417989417,0.6428571428571429,4.0,1.0,0.634402012394472,0.3882516707863372
1833,0.9698960043787629,0.8730158730158729,1.2857142857142858,6.0,0.6666666666666666,0.5329614890500405,0.39074375636385467,0.9978106185002736,0.9841269841269842,0.21428571428571427,2.0,1.0,0.5329614890500405,0.39074375636385467
1834,0.9594964422550629,0.8359788359788359,1.6428571428571428,7.0,0.6666666666666666,0.6198418745369032,0.4184551618657667,0.9901477832512315,0.9365079365079365,0.6428571428571429,3.0,1.0,0.6198418745369032,0.4184551618657667
1835,0.9551176792556102,0.8412698412698412,1.5714285714285714,7.0,0.8181818181818182,0.6771675463962672,0.467223016992668,0.9950738916256158,0.9629629629629629,0.42857142857142855,2.0,0.8181818181818182,0.6771675463962672,0.467223016992668
1836,0.9693486590038315,0.8624338624338624,1.3571428571428572,5.0,0.6666666666666666,0.5997679857142493,0.3965420499686579,0.9950738916256158,0.9735449735449735,0.35714285714285715,3.0,1.0,0.5997679857142493,0.3965420499686579
1837,0.9540229885057472,0.8201058201058201,1.7142857142857142,7.0,0.6666666666666666,0.6515916058880256,0.4288853517913308,0.9912424740010948,0.9417989417989417,0.5714285714285714,3.0,1.0,0.6515916058880256,0.4288853517913308
1838,0.9282977558839628,0.783068783068783,2.2142857142857144,7.0,0.8181818181818182,0.5977498131267357,0.471794847666649,0.9222769567597153,0.8201058201058201,2.0,12.0,0.8181818181818182,0.5977498131267357,0.471794847666649
1839,0.9698960043787629,0.8888888888888887,1.2857142857142858,7.0,0.8181818181818182,0.5770922806302898,0.46137713325069063,0.9939792008757526,0.9576719576719577,0.5714285714285714,2.0,0.8181818181818182,0.5770922806302898,0.46137713325069063
1840,0.967159277504105,0.8730158730158729,1.2857142857142858,7.0,0.6666666666666666,0.6441132329783705,0.4966177208570649,0.9983579638752054,0.9841269841269842,0.21428571428571427,1.0,1.0,0.6441132329783705,0.4966177208570649
1841,0.9545703338806788,0.8359788359788359,1.6428571428571428,7.0,0.6666666666666666,0.6630838246470698,0.4431693361837059,0.9956212370005473,0.9682539682539683,0.35714285714285715,2.0,1.0,0.6630838246470698,0.4431693361837059
1842,0.9666119321291735,0.8677248677248677,1.3571428571428572,7.0,0.6666666666666666,0.5985124957919816,0.4275257961803086,0.9978106185002736,0.9788359788359787,0.2857142857142857,1.0,1.0,0.5985124957919816,0.4275257961803086
1843,0.9584017515051997,0.8359788359788359,1.6428571428571428,7.0,0.6666666666666666,0.6655258458966888,0.4695312842941812,0.9928845101258894,0.9576719576719577,0.42857142857142855,3.0,1.0,0.6655258458966888,0.4695312842941812
1844,0.9611384783798578,0.8359788359788359,1.5714285714285714,7.0,0.6666666666666666,0.6604648816140148,0.4618027793184555,0.9917898193760263,0.947089947089947,0.5714285714285714,3.0,1.0,0.6604648816140148,0.4618027793184555
1845,0.9562123700054733,0.8201058201058201,1.7857142857142858,6.0,0.6666666666666666,0.630802568006011,0.40393143005891635,0.9879584017515052,0.9312169312169312,0.7142857142857143,4.0,1.0,0.630802568006011,0.40393143005891635
1846,0.9748221127531472,0.8783068783068783,1.2857142857142858,5.0,0.6666666666666666,0.5327953992486822,0.3793546879119707,0.996168582375479,0.9788359788359787,0.2857142857142857,3.0,1.0,0.5327953992486822,0.3793546879119707
1847,0.9644225506294472,0.8412698412698412,1.5714285714285714,5.0,0.6666666666666666,0.6397291144139996,0.39699073565438836,0.9879584017515052,0.9417989417989417,0.7142857142857143,4.0,1.0,0.6397291144139996,0.39699073565438836
1848,0.9616858237547894,0.8306878306878307,1.7142857142857142,5.0,0.6666666666666666,0.6361816767887625,0.3647524345407765,0.983032293377121,0.9206349206349207,0.8571428571428571,5.0,1.0,0.6361816767887625,0.3647524345407765
1849,0.9666119321291735,0.8677248677248677,1.3571428571428572,7.0,0.6666666666666666,0.5863800563477175,0.4041871189963637,0.9978106185002736,0.9788359788359787,0.2857142857142857,1.0,1.0,0.5863800563477175,0.4041871189963637
1850,0.9715380405035577,0.8677248677248677,1.2857142857142858,5.0,0.6666666666666666,0.5620795802989541,0.3743393902208473,0.9928845101258894,0.9682539682539683,0.42857142857142855,4.0,1.0,0.5620795802989541,0.3743393902208473
1851,0.9682539682539683,0.8730158730158729,1.2857142857142858,5.0,0.8181818181818182,0.5930309649884757,0.4043331720453583,0.9950738916256158,0.9629629629629629,0.42857142857142855,2.0,0.8181818181818182,0.5930309649884757,0.4043331720453583
1852,0.9600437876299945,0.8518518518518519,1.5,7.0,0.6666666666666666,0.6146498301871363,0.42346318013917317,0.9978106185002736,0.9841269841269842,0.21428571428571427,2.0,1.0,0.6146498301871363,0.42346318013917317
1853,0.9698960043787629,0.8888888888888887,1.2857142857142858,7.0,0.8181818181818182,0.5404313287523794,0.4282148427573957,0.9939792008757526,0.9576719576719577,0.5714285714285714,2.0,0.8181818181818182,0.5404313287523794,0.4282148427573957
1854,0.9808429118773946,0.91005291005291,0.9285714285714286,5.0,0.8181818181818182,0.4429826218612064,0.3332147905904252,0.983032293377121,0.947089947089947,0.6428571428571429,7.0,0.8181818181818182,0.4429826218612064,0.3332147905904252
1855,0.9693486590038315,0.8624338624338624,1.2857142857142858,5.0,0.8181818181818182,0.4851702287361535,0.3738181727412586,0.9759168035030105,0.91005291005291,1.0714285714285714,7.0,0.8181818181818182,0.4851702287361535,0.3738181727412586
1856,0.9748221127531472,0.8835978835978835,1.2857142857142858,5.0,0.6666666666666666,0.5470267806427052,0.385354685967327,0.9956212370005473,0.9735449735449735,0.2857142857142857,3.0,1.0,0.5470267806427052,0.385354685967327
1857,0.9584017515051997,0.8518518518518519,1.5,7.0,0.8181818181818182,0.6370287925737359,0.43897557534470727,0.9950738916256158,0.9629629629629629,0.5,2.0,0.8181818181818182,0.6370287925737359,0.43897557534470727
1858,0.9578544061302682,0.8306878306878307,1.7142857142857142,7.0,0.6666666666666666,0.6128374366655411,0.40726211327888145,0.9879584017515052,0.9312169312169312,0.7142857142857143,3.0,1.0,0.6128374366655411,0.40726211327888145
1859,0.9742747673782157,0.8888888888888887,1.1428571428571428,5.0,0.8181818181818182,0.5327857600177359,0.393148477846052,0.9934318555008209,0.9576719576719577,0.5,3.0,0.8181818181818182,0.5327857600177359,0.393148477846052
1860,0.9633278598795839,0.857142857142857,1.5,7.0,0.6666666666666666,0.6398402581308951,0.4560543269485728,0.9999999999999998,1.0,0.0,0.0,1.0,0.6398402581308951,0.4560543269485728
1861,0.962233169129721,0.8465608465608466,1.5714285714285714,7.0,0.6666666666666666,0.6227233365787268,0.44941922194692635,0.9912424740010948,0.947089947089947,0.6428571428571429,3.0,1.0,0.6227233365787268,0.44941922194692635
1862,0.9660645867542419,0.8677248677248677,1.3571428571428572,7.0,0.6666666666666666,0.5524056969600706,0.39882389142340324,0.9989053092501368,0.9894179894179893,0.14285714285714285,1.0,1.0,0.5524056969600706,0.39882389142340324
1863,0.967159277504105,0.8677248677248677,1.3571428571428572,7.0,0.6666666666666666,0.6108812735068045,0.47936347320502776,0.996168582375479,0.9682539682539683,0.42857142857142855,2.0,1.0,0.6108812735068045,0.47936347320502776
1864,0.9775588396278051,0.9047619047619047,1.1428571428571428,6.0,0.8181818181818182,0.4880910138107351,0.40483000941709363,0.9912424740010948,0.9417989417989417,0.7142857142857143,2.0,0.8181818181818182,0.4880910138107351,0.40483000941709363
1865,0.9688013136288999,0.8835978835978835,1.2142857142857142,7.0,0.8181818181818182,0.5987780221287102,0.4740288101718498,0.9967159277504104,0.9735449735449735,0.35714285714285715,2.0,0.8181818181818182,0.5987780221287102,0.4740288101718498
1866,0.9726327312534209,0.8730158730158729,1.3571428571428572,5.0,0.8181818181818182,0.5394049437176065,0.34570114894915,0.975369458128079,0.8888888888888887,1.2142857142857142,6.0,0.8181818181818182,0.5394049437176065,0.34570114894915
1867,0.9770114942528736,0.8835978835978835,1.2142857142857142,5.0,0.6666666666666666,0.5184801962823502,0.36056028770428067,0.9939792008757526,0.9735449735449735,0.35714285714285715,4.0,1.0,0.5184801962823502,0.36056028770428067
1868,0.9709906951286261,0.8677248677248677,1.4285714285714286,5.0,0.8181818181818182,0.5310806910468227,0.365072089662866,0.9737274220032841,0.8835978835978835,1.2857142857142858,6.0,0.8181818181818182,0.5310806910468227,0.365072089662866
1869,0.9813902572523261,0.9153439153439152,1.0,5.0,0.8181818181818182,0.4156017322229206,0.30388243739455795,0.9857690202517788,0.9417989417989417,0.6428571428571429,6.0,0.8181818181818182,0.4156017322229206,0.30388243739455795
1870,0.9698960043787629,0.8624338624338624,1.3571428571428572,5.0,0.8181818181818182,0.5167258867131808,0.35493269205198896,0.9781061850027366,0.8994708994708994,1.0714285714285714,6.0,0.8181818181818182,0.5167258867131808,0.35493269205198896
1871,0.9627805145046523,0.8518518518518519,1.5714285714285714,7.0,0.6666666666666666,0.5943916677043388,0.4416482899787275,0.9923371647509577,0.9523809523809524,0.6428571428571429,2.0,1.0,0.5943916677043388,0.4416482899787275
1872,0.9600437876299945,0.8518518518518519,1.5,7.0,0.6666666666666666,0.6181477171972156,0.4224877038459369,0.9978106185002736,0.9841269841269842,0.21428571428571427,2.0,1.0,0.6181477171972156,0.4224877038459369
1873,0.9616858237547894,0.8677248677248677,1.4285714285714286,8.0,0.8181818181818182,0.47640493371366505,0.31923885389616496,0.9211822660098522,0.8095238095238094,2.2142857142857144,10.0,0.6666666666666666,0.47640493371366505,0.31923885389616496
1874,0.9693486590038315,0.8624338624338624,1.3571428571428572,5.0,0.6666666666666666,0.5950219540091863,0.3744929889277956,0.9923371647509577,0.9629629629629629,0.5,4.0,1.0,0.5950219540091863,0.3744929889277956
1875,0.9633278598795839,0.8624338624338624,1.4285714285714286,7.0,0.6666666666666666,0.5736902538995201,0.40637422827539327,0.9983579638752054,0.9841269841269842,0.21428571428571427,1.0,1.0,0.5736902538995201,0.40637422827539327
1876,0.975369458128079,0.8888888888888887,1.2142857142857142,5.0,0.8181818181818182,0.5339539980920505,0.3817346289064464,0.9950738916256158,0.9682539682539683,0.35714285714285715,3.0,0.8181818181818182,0.5339539980920505,0.3817346289064464
1877,0.9748221127531472,0.8730158730158729,1.4285714285714286,5.0,0.6666666666666666,0.5106362666188432,0.34941274639470044,0.986863711001642,0.9312169312169312,0.7857142857142857,4.0,1.0,0.5106362666188432,0.34941274639470044
1878,0.9644225506294472,0.8359788359788359,1.6428571428571428,5.0,0.6666666666666666,0.574782064106355,0.3517505890363064,0.9841269841269842,0.9259259259259259,0.7857142857142857,5.0,1.0,0.574782064106355,0.3517505890363064
1879,0.962233169129721,0.8465608465608466,1.5714285714285714,7.0,0.6666666666666666,0.5860142245394739,0.42913129698826097,0.9890530925013684,0.9365079365079365,0.7142857142857143,3.0,1.0,0.5860142245394739,0.42913129698826097
1880,0.9589490968801313,0.8624338624338624,1.6428571428571428,7.0,0.8181818181818182,0.4242567049634085,0.35338765395079424,0.9304871373836892,0.8465608465608466,1.7142857142857142,11.0,0.6666666666666666,0.4242567049634085,0.35338765395079424
1881,0.9759168035030105,0.8888888888888887,1.1428571428571428,5.0,0.8181818181818182,0.5120766269216426,0.3665644280963019,0.9923371647509577,0.9576719576719577,0.5,4.0,0.8181818181818182,0.5120766269216426,0.3665644280963019
1882,0.967159277504105,0.8783068783068783,1.2857142857142858,7.0,0.8181818181818182,0.6750545084868742,0.5243502911569874,0.9978106185002736,0.9788359788359787,0.2857142857142857,1.0,0.8181818181818182,0.6750545084868742,0.5243502911569874
1883,0.9616858237547894,0.8518518518518519,1.5,7.0,0.6666666666666666,0.6619179304138898,0.48050922739338847,0.9994526546250683,0.9947089947089945,0.07142857142857142,1.0,1.0,0.6619179304138898,0.48050922739338847
1884,0.9677066228790366,0.8624338624338624,1.4285714285714286,5.0,0.6666666666666666,0.6074729074092162,0.395830317755068,0.9939792008757526,0.9629629629629629,0.5,3.0,1.0,0.6074729074092162,0.395830317755068
1885,0.9616858237547894,0.8518518518518519,1.5,7.0,0.6666666666666666,0.5897436118409319,0.4140166501914649,0.9994526546250683,0.9947089947089945,0.07142857142857142,1.0,1.0,0.5897436118409319,0.4140166501914649
1886,0.9693486590038315,0.8888888888888887,1.2142857142857142,7.0,0.8181818181818182,0.5688825569252907,0.43776081116754056,0.9956212370005473,0.9682539682539683,0.42857142857142855,2.0,0.8181818181818182,0.5688825569252907,0.43776081116754056
1887,0.9594964422550629,0.8465608465608466,1.5,7.0,0.6666666666666666,0.6028917049938791,0.41464203136700206,0.9983579638752054,0.9894179894179893,0.14285714285714285,2.0,1.0,0.6028917049938791,0.41464203136700206
1888,0.9715380405035577,0.8783068783068783,1.2142857142857142,5.0,0.8181818181818182,0.5626460508830139,0.34070908288832785,0.9857690202517788,0.947089947089947,0.7142857142857143,6.0,0.8181818181818182,0.5626460508830139,0.34070908288832785
1889,0.9556650246305418,0.8253968253968254,1.7857142857142858,7.0,0.6666666666666666,0.6567530703608448,0.4304158141695965,0.986863711001642,0.9259259259259259,0.7142857142857143,4.0,1.0,0.6567530703608448,0.4304158141695965
1890,0.9627805145046523,0.8518518518518519,1.5714285714285714,7.0,0.6666666666666666,0.6402338963267432,0.4860649273536836,0.9923371647509577,0.9523809523809524,0.6428571428571429,2.0,1.0,0.6402338963267432,0.4860649273536836
1891,0.9616858237547894,0.8412698412698412,1.5714285714285714,7.0,0.6666666666666666,0.6150672167127551,0.4329377977349968,0.990695128626163,0.9417989417989417,0.6428571428571429,3.0,1.0,0.6150672167127551,0.4329377977349968
1892,0.9720853858784892,0.8730158730158729,1.2857142857142858,5.0,0.6666666666666666,0.5570526404515737,0.35930716871483653,0.9923371647509577,0.9629629629629629,0.5,4.0,1.0,0.5570526404515737,0.35930716871483653
1893,0.9715380405035577,0.8677248677248677,1.2857142857142858,5.0,0.6666666666666666,0.5770023731042528,0.37794547486916,0.9928845101258894,0.9682539682539683,0.42857142857142855,4.0,1.0,0.5770023731042528,0.37794547486916
1894,0.960591133004926,0.8359788359788359,1.7142857142857142,6.0,0.6666666666666666,0.6045951930432989,0.39286907535884413,0.9874110563765736,0.9259259259259259,0.7857142857142857,3.0,1.0,0.6045951930432989,0.39286907535884413
1895,0.9616858237547894,0.857142857142857,1.4285714285714286,6.0,0.8181818181818182,0.6353457640450131,0.4132716115680529,0.9890530925013684,0.9365079365079365,0.7142857142857143,3.0,0.8181818181818182,0.6353457640450131,0.4132716115680529
1896,0.9704433497536945,0.857142857142857,1.5,5.0,0.6666666666666666,0.5784094757780724,0.38152550985202704,0.9874110563765736,0.9365079365079365,0.5714285714285714,4.0,1.0,0.5784094757780724,0.38152550985202704
1897,0.962233169129721,0.8518518518518519,1.5,6.0,0.6666666666666666,0.597054073738917,0.40611449804852956,0.9978106185002736,0.9841269841269842,0.21428571428571427,2.0,1.0,0.597054073738917,0.40611449804852956
1898,0.9688013136288999,0.8730158730158729,1.3571428571428572,5.0,0.8181818181818182,0.5722014530582223,0.3452053790520732,0.9846743295019157,0.9417989417989417,0.7857142857142857,6.0,0.8181818181818182,0.5722014530582223,0.3452053790520732
1899,0.9666119321291735,0.8677248677248677,1.3571428571428572,7.0,0.6666666666666666,0.6577600216105024,0.4947438016027792,0.9978106185002736,0.9788359788359787,0.2857142857142857,1.0,1.0,0.6577600216105024,0.4947438016027792
1900,0.967159277504105,0.8783068783068783,1.2857142857142858,7.0,0.8181818181818182,0.6277070856544773,0.4756691475695659,0.9978106185002736,0.9788359788359787,0.2857142857142857,1.0,0.8181818181818182,0.6277070856544773,0.4756691475695659
1901,0.967159277504105,0.8677248677248677,1.3571428571428572,5.0,0.8181818181818182,0.6010061926712666,0.4094467761351791,0.9956212370005473,0.9682539682539683,0.42857142857142855,2.0,0.8181818181818182,0.6010061926712666,0.4094467761351791
1902,0.9698960043787629,0.8888888888888887,1.2857142857142858,7.0,0.8181818181818182,0.5624345317173673,0.4516852674097479,0.9939792008757526,0.9576719576719577,0.5714285714285714,2.0,0.8181818181818182,0.5624345317173673,0.4516852674097479
1903,0.9633278598795839,0.857142857142857,1.5714285714285714,7.0,0.6666666666666666,0.6729900289965302,0.534736685017468,0.990695128626163,0.947089947089947,0.7142857142857143,2.0,1.0,0.6729900289965302,0.534736685017468
1904,0.9655172413793103,0.8624338624338624,1.4285714285714286,7.0,0.6666666666666666,0.703655018287199,0.5471620319017827,0.9950738916256158,0.9629629629629629,0.5,2.0,1.0,0.703655018287199,0.5471620319017827
1905,0.9737274220032841,0.8835978835978835,1.1428571428571428,5.0,0.8181818181818182,0.5584267630906989,0.3790553402230549,0.9912424740010948,0.9523809523809524,0.5714285714285714,4.0,0.8181818181818182,0.5584267630906989,0.3790553402230549
1906,0.9742747673782157,0.8677248677248677,1.4285714285714286,5.0,0.6666666666666666,0.5361562993328588,0.36333578401145056,0.9879584017515052,0.9365079365079365,0.7142857142857143,4.0,1.0,0.5361562993328588,0.36333578401145056
1907,0.9715380405035577,0.8677248677248677,1.2857142857142858,5.0,0.6666666666666666,0.5716614057342959,0.3665259315696346,0.9928845101258894,0.9682539682539683,0.42857142857142855,4.0,1.0,0.5716614057342959,0.3665259315696346
1908,0.9594964422550629,0.8624338624338624,1.5714285714285714,7.0,0.8181818181818182,0.6378090577830928,0.502424659585021,0.9901477832512315,0.9417989417989417,0.7857142857142857,3.0,0.8181818181818182,0.6378090577830928,0.502424659585021
1909,0.975369458128079,0.8888888888888887,1.2142857142857142,5.0,0.8181818181818182,0.534517801960944,0.38327815146616395,0.9950738916256158,0.9682539682539683,0.35714285714285715,3.0,0.8181818181818182,0.534517801960944,0.38327815146616395
1910,0.9704433497536945,0.8941798941798942,1.1428571428571428,7.0,0.8181818181818182,0.5661236540360632,0.47060751659622957,0.9950738916256158,0.9629629629629629,0.42857142857142855,2.0,0.8181818181818182,0.5661236540360632,0.47060751659622957
1911,0.9797482211275315,0.8941798941798942,1.1428571428571428,5.0,0.6666666666666666,0.46129432013016475,0.34991468624182315,0.9896004378762999,0.9417989417989417,0.7142857142857143,4.0,1.0,0.46129432013016475,0.34991468624182315
1912,0.9666119321291735,0.8677248677248677,1.3571428571428572,7.0,0.6666666666666666,0.6060766232001815,0.45314020018750945,0.9978106185002736,0.9788359788359787,0.2857142857142857,1.0,1.0,0.6060766232001815,0.45314020018750945
1913,0.9551176792556102,0.8201058201058201,1.7142857142857142,7.0,0.6666666666666666,0.6565348453491766,0.4465808749842511,0.990695128626163,0.9417989417989417,0.5714285714285714,3.0,1.0,0.6565348453491766,0.4465808749842511
1914,0.967159277504105,0.8783068783068783,1.2857142857142858,7.0,0.8181818181818182,0.6113836201398801,0.4580042976679363,0.9978106185002736,0.9788359788359787,0.2857142857142857,1.0,0.8181818181818182,0.6113836201398801,0.4580042976679363
1915,0.9660645867542419,0.8677248677248677,1.3571428571428572,7.0,0.6666666666666666,0.5414214300344871,0.39934554817425544,0.9989053092501368,0.9894179894179893,0.14285714285714285,1.0,1.0,0.5414214300344871,0.39934554817425544
1916,0.9748221127531472,0.8835978835978835,1.2142857142857142,5.0,0.8181818181818182,0.5425843895259246,0.3937070145436368,0.9912424740010948,0.9417989417989417,0.7142857142857143,3.0,0.8181818181818182,0.5425843895259246,0.3937070145436368
1917,0.9660645867542419,0.8677248677248677,1.3571428571428572,7.0,0.6666666666666666,0.5638335075705698,0.4200590760440843,0.9989053092501368,0.9894179894179893,0.14285714285714285,1.0,1.0,0.5638335075705698,0.4200590760440843
1918,0.9737274220032841,0.8835978835978835,1.1428571428571428,5.0,0.8181818181818182,0.525208004364117,0.35907896964866837,0.9912424740010948,0.9523809523809524,0.5714285714285714,4.0,0.8181818181818182,0.525208004364117,0.35907896964866837
1919,0.9638752052545155,0.8677248677248677,1.3571428571428572,7.0,0.8181818181818182,0.7221940498893578,0.5589539234722358,0.9978106185002736,0.9788359788359787,0.2857142857142857,1.0,0.8181818181818182,0.7221940498893578,0.5589539234722358
1920,0.9677066228790366,0.8624338624338624,1.5714285714285714,5.0,0.6666666666666666,0.5510095028623045,0.3682789819012209,0.986863711001642,0.9312169312169312,0.8571428571428571,3.0,1.0,0.5510095028623045,0.3682789819012209
1921,0.9715380405035577,0.8677248677248677,1.2857142857142858,5.0,0.6666666666666666,0.5650332423634596,0.3642293293693855,0.9928845101258894,0.9682539682539683,0.42857142857142855,4.0,1.0,0.5650332423634596,0.3642293293693855
1922,0.9682539682539683,0.8677248677248677,1.2857142857142858,5.0,0.8181818181818182,0.4745569898318565,0.37481437369493004,0.9600437876299945,0.9047619047619047,1.2857142857142858,10.0,0.8181818181818182,0.4745569898318565,0.37481437369493004
1923,0.9649698960043787,0.8624338624338624,1.4285714285714286,7.0,0.6666666666666666,0.5670909771238797,0.4038425455140087,0.9994526546250683,0.9947089947089945,0.07142857142857142,1.0,1.0,0.5670909771238797,0.4038425455140087
1924,0.9813902572523261,0.9153439153439152,1.0,5.0,0.8181818181818182,0.42373828222472665,0.30790492926252405,0.9857690202517788,0.9417989417989417,0.6428571428571429,6.0,0.8181818181818182,0.42373828222472665,0.30790492926252405
1925,0.9709906951286261,0.8835978835978835,1.1428571428571428,5.0,0.8181818181818182,0.5187062968358589,0.35921323830378504,0.9792008757525997,0.9206349206349207,1.0,7.0,0.8181818181818182,0.5187062968358589,0.35921323830378504
1926,0.967159277504105,0.8624338624338624,1.4285714285714286,5.0,0.6666666666666666,0.608493376415173,0.38850055379383286,0.990695128626163,0.9523809523809524,0.6428571428571429,4.0,1.0,0.608493376415173,0.38850055379383286
1927,0.9633278598795839,0.857142857142857,1.5,7.0,0.6666666666666666,0.594787602747626,0.41759502847197705,0.9999999999999998,1.0,0.0,0.0,1.0,0.594787602747626,0.41759502847197705
1928,0.967159277504105,0.8465608465608466,1.5,5.0,0.6666666666666666,0.5635960657243262,0.35395980192712917,0.9890530925013684,0.947089947089947,0.6428571428571429,4.0,1.0,0.5635960657243262,0.35395980192712917
1929,0.9518336070060207,0.8095238095238094,1.7857142857142858,7.0,0.6666666666666666,0.6796975094746365,0.44531910454241025,0.9879584017515052,0.9312169312169312,0.7142857142857143,4.0,1.0,0.6796975094746365,0.44531910454241025
1930,0.9594964422550629,0.8465608465608466,1.5,7.0,0.6666666666666666,0.6163442438770699,0.42769434392714606,0.9983579638752054,0.9894179894179893,0.14285714285714285,2.0,1.0,0.6163442438770699,0.42769434392714606
1931,0.9573070607553366,0.8412698412698412,1.5714285714285714,7.0,0.6666666666666666,0.6726081449702608,0.46324559198690257,0.9978106185002736,0.9841269841269842,0.21428571428571427,2.0,1.0,0.6726081449702608,0.46324559198690257
1932,0.9786535303776682,0.8888888888888887,1.1428571428571428,5.0,0.6666666666666666,0.4907005094364681,0.3478325860038737,0.9923371647509577,0.9576719576719577,0.5714285714285714,4.0,1.0,0.4907005094364681,0.3478325860038737
1933,0.967159277504105,0.8465608465608466,1.5,5.0,0.6666666666666666,0.554507980950367,0.34905763797582456,0.9890530925013684,0.947089947089947,0.6428571428571429,4.0,1.0,0.554507980950367,0.34905763797582456
1934,0.9781061850027366,0.9047619047619047,1.0714285714285714,5.0,0.8181818181818182,0.47466360723823753,0.32018237709429526,0.9857690202517788,0.9417989417989417,0.6428571428571429,6.0,0.8181818181818182,0.47466360723823753,0.32018237709429526
1935,0.9666119321291735,0.8677248677248677,1.3571428571428572,7.0,0.6666666666666666,0.6068939651822864,0.44135686646635025,0.9978106185002736,0.9788359788359787,0.2857142857142857,1.0,1.0,0.6068939651822864,0.44135686646635025
1936,0.9518336070060207,0.8095238095238094,1.7857142857142858,7.0,0.6666666666666666,0.6868498932738463,0.4525057415921673,0.9923371647509577,0.9523809523809524,0.5,3.0,1.0,0.6868498932738463,0.4525057415921673
1937,0.967159277504105,0.857142857142857,1.3571428571428572,5.0,0.8181818181818182,0.5904932478390319,0.37431315117352143,0.9824849480021893,0.9259259259259259,0.8571428571428571,6.0,0.8181818181818182,0.5904932478390319,0.37431315117352143
1938,0.9644225506294472,0.8359788359788359,1.6428571428571428,5.0,0.6666666666666666,0.5926072542630239,0.35466815241646965,0.9841269841269842,0.9259259259259259,0.7857142857142857,5.0,1.0,0.5926072542630239,0.35466815241646965
1939,0.9737274220032841,0.8730158730158729,1.2857142857142858,5.0,0.6666666666666666,0.553175911087521,0.3758442314721267,0.9939792008757526,0.9735449735449735,0.35714285714285715,4.0,1.0,0.553175911087521,0.3758442314721267
1940,0.9594964422550629,0.8465608465608466,1.5,7.0,0.6666666666666666,0.6597007475132877,0.4743240549997158,0.9983579638752054,0.9894179894179893,0.14285714285714285,2.0,1.0,0.6597007475132877,0.4743240549997158
1941,0.9649698960043787,0.8624338624338624,1.4285714285714286,7.0,0.6666666666666666,0.6982560340771036,0.5377660318584967,0.9994526546250683,0.9947089947089945,0.07142857142857142,1.0,1.0,0.6982560340771036,0.5377660318584967
1942,0.9770114942528736,0.8835978835978835,1.2142857142857142,5.0,0.6666666666666666,0.5073975462444298,0.34998682791889957,0.9939792008757526,0.9735449735449735,0.35714285714285715,4.0,1.0,0.5073975462444298,0.34998682791889957
1943,0.9660645867542419,0.8677248677248677,1.3571428571428572,7.0,0.6666666666666666,0.5363286619524977,0.4073322324774093,0.9989053092501368,0.9894179894179893,0.14285714285714285,1.0,1.0,0.5363286619524977,0.4073322324774093
1944,0.9611384783798578,0.857142857142857,1.4285714285714286,7.0,0.8181818181818182,0.6923136863824839,0.5023341564395326,0.996168582375479,0.9682539682539683,0.42857142857142855,2.0,0.8181818181818182,0.6923136863824839,0.5023341564395326
1945,0.9797482211275315,0.9047619047619047,1.0,5.0,0.8181818181818182,0.4390004430605936,0.3253686550988605,0.9917898193760263,0.9523809523809524,0.5714285714285714,4.0,0.8181818181818182,0.4390004430605936,0.3253686550988605
1946,0.9644225506294472,0.8624338624338624,1.4285714285714286,7.0,0.6666666666666666,0.5881844611701952,0.4242158651943222,0.9994526546250683,0.9947089947089945,0.07142857142857142,1.0,1.0,0.5881844611701952,0.4242158651943222
1947,0.9726327312534209,0.8783068783068783,1.2142857142857142,5.0,0.6666666666666666,0.5195063457620475,0.33537351166198687,0.9896004378762999,0.9576719576719577,0.5714285714285714,5.0,1.0,0.5195063457620475,0.33537351166198687
1948,0.967159277504105,0.8730158730158729,1.2857142857142858,7.0,0.6666666666666666,0.6713919220560156,0.5319301239843632,0.9983579638752054,0.9841269841269842,0.21428571428571427,1.0,1.0,0.6713919220560156,0.5319301239843632
1949,0.9698960043787629,0.8888888888888887,1.1428571428571428,7.0,0.8181818181818182,0.6410947243770764,0.5179549210194451,0.996168582375479,0.9682539682539683,0.35714285714285715,2.0,0.8181818181818182,0.6410947243770764,0.5179549210194451
1950,0.9737274220032841,0.8835978835978835,1.1428571428571428,5.0,0.8181818181818182,0.5494185637084092,0.37660268222431825,0.9912424740010948,0.9523809523809524,0.5714285714285714,4.0,0.8181818181818182,0.5494185637084092,0.37660268222431825
1951,0.9638752052545155,0.857142857142857,1.5,7.0,0.6666666666666666,0.5959768766130478,0.4077679599717067,0.9989053092501368,0.9894179894179893,0.14285714285714285,1.0,1.0,0.5959768766130478,0.4077679599717067
1952,0.9731800766283524,0.8941798941798942,1.1428571428571428,6.0,0.8181818181818182,0.5114421881068656,0.3952429731966378,0.994526546250684,0.9629629629629629,0.5,2.0,0.8181818181818182,0.5114421881068656,0.3952429731966378
1953,0.9638752052545155,0.8677248677248677,1.3571428571428572,7.0,0.8181818181818182,0.6880688654374655,0.5191695974590979,0.9978106185002736,0.9788359788359787,0.2857142857142857,1.0,0.8181818181818182,0.6880688654374655,0.5191695974590979
1954,0.9715380405035577,0.8783068783068783,1.2142857142857142,5.0,0.8181818181818182,0.5324665282820482,0.34296814268539416,0.9857690202517788,0.947089947089947,0.7142857142857143,6.0,0.8181818181818182,0.5324665282820482,0.34296814268539416
1955,0.9660645867542419,0.8677248677248677,1.3571428571428572,7.0,0.6666666666666666,0.5464347569321693,0.4034938447276598,0.9989053092501368,0.9894179894179893,0.14285714285714285,1.0,1.0,0.5464347569321693,0.4034938447276598
1956,0.9677066228790366,0.8730158730158729,1.2857142857142858,6.0,0.8181818181818182,0.5744298800300971,0.4049992423504543,0.9967159277504104,0.9735449735449735,0.35714285714285715,2.0,0.8181818181818182,0.5744298800300971,0.4049992423504543
1957,0.9797482211275315,0.9047619047619047,1.0,5.0,0.8181818181818182,0.47388698589304307,0.3346236385367209,0.9917898193760263,0.9523809523809524,0.5714285714285714,4.0,0.8181818181818182,0.47388698589304307,0.3346236385367209
1958,0.9578544061302682,0.8306878306878307,1.7142857142857142,7.0,0.6666666666666666,0.7082085454607678,0.4971243701415167,0.9879584017515052,0.9312169312169312,0.7142857142857143,3.0,1.0,0.7082085454607678,0.4971243701415167
1959,0.9709906951286261,0.8624338624338624,1.5,5.0,0.6666666666666666,0.538818809111342,0.3694536869930032,0.9874110563765736,0.9312169312169312,0.7857142857142857,3.0,1.0,0.538818809111342,0.3694536869930032
1960,0.9720853858784892,0.8835978835978835,1.1428571428571428,5.0,0.8181818181818182,0.5126569619841448,0.35414990946499086,0.9852216748768472,0.9417989417989417,0.7857142857142857,6.0,0.8181818181818182,0.5126569619841448,0.35414990946499086
1961,0.9660645867542419,0.8677248677248677,1.3571428571428572,7.0,0.6666666666666666,0.5641871620441123,0.42126542864004973,0.9989053092501368,0.9894179894179893,0.14285714285714285,1.0,1.0,0.5641871620441123,0.42126542864004973
1962,0.9611384783798578,0.857142857142857,1.4285714285714286,7.0,0.8181818181818182,0.666049821277606,0.4841699874133342,0.996168582375479,0.9682539682539683,0.42857142857142855,2.0,0.8181818181818182,0.666049821277606,0.4841699874133342
1963,0.975369458128079,0.8783068783068783,1.2857142857142858,5.0,0.6666666666666666,0.5530325870389321,0.37086040198330855,0.994526546250684,0.9788359788359787,0.2857142857142857,4.0,1.0,0.5530325870389321,0.37086040198330855
1964,0.9748221127531472,0.8730158730158729,1.3571428571428572,5.0,0.6666666666666666,0.49952451655150865,0.32499594033996554,0.9835796387520527,0.9206349206349207,0.8571428571428571,5.0,1.0,0.49952451655150865,0.32499594033996554
1965,0.9611384783798578,0.857142857142857,1.5,7.0,0.8181818181818182,0.6470741852261264,0.4808305529759184,0.994526546250684,0.9576719576719577,0.5714285714285714,2.0,0.8181818181818182,0.6470741852261264,0.4808305529759184
1966,0.9731800766283524,0.8783068783068783,1.2142857142857142,5.0,0.8181818181818182,0.5432915844426827,0.3560508670041584,0.990695128626163,0.947089947089947,0.6428571428571429,4.0,0.8181818181818182,0.5432915844426827,0.3560508670041584
1967,0.9731800766283524,0.857142857142857,1.4285714285714286,5.0,0.6666666666666666,0.5477042242016499,0.3618372662701374,0.9863163656267103,0.9259259259259259,0.7857142857142857,4.0,1.0,0.5477042242016499,0.3618372662701374
1968,0.9655172413793103,0.8624338624338624,1.3571428571428572,7.0,0.6666666666666666,0.5549595371733733,0.4070657662673264,0.9972632731253421,0.9735449735449735,0.35714285714285715,1.0,1.0,0.5549595371733733,0.4070657662673264
1969,0.9638752052545155,0.8677248677248677,1.3571428571428572,7.0,0.8181818181818182,0.5961931259667352,0.4317032411385071,0.9978106185002736,0.9788359788359787,0.2857142857142857,1.0,0.8181818181818182,0.5961931259667352,0.4317032411385071
1970,0.9666119321291735,0.8518518518518519,1.5714285714285714,5.0,0.6666666666666666,0.5624031789109802,0.37413953683891576,0.9879584017515052,0.9312169312169312,0.7857142857142857,3.0,1.0,0.5624031789109802,0.37413953683891576
1971,0.9748221127531472,0.8730158730158729,1.3571428571428572,5.0,0.6666666666666666,0.5306686276954606,0.3467148019628843,0.9890530925013684,0.9417989417989417,0.6428571428571429,4.0,1.0,0.5306686276954606,0.3467148019628843
1972,0.980295566502463,0.9047619047619047,1.0,5.0,0.8181818181818182,0.4479548959889342,0.3167836136249738,0.986863711001642,0.9523809523809524,0.6428571428571429,6.0,0.8181818181818182,0.4479548959889342,0.3167836136249738
1973,0.9649698960043787,0.8624338624338624,1.4285714285714286,7.0,0.6666666666666666,0.6354671885682162,0.46997724993120277,0.9994526546250683,0.9947089947089945,0.07142857142857142,1.0,1.0,0.6354671885682162,0.46997724993120277
1974,0.9786535303776682,0.9206349206349207,1.0714285714285714,7.0,0.8181818181818182,0.44662397297551093,0.4053548595200475,0.9901477832512315,0.9365079365079365,0.7142857142857143,3.0,0.8181818181818182,0.44662397297551093,0.4053548595200475
1975,0.9649698960043787,0.8518518518518519,1.4285714285714286,5.0,0.8181818181818182,0.5665142455177479,0.3725603985721638,0.9792008757525997,0.91005291005291,1.0714285714285714,6.0,0.8181818181818182,0.5665142455177479,0.3725603985721638
1976,0.9649698960043787,0.8624338624338624,1.4285714285714286,7.0,0.6666666666666666,0.6106009167470253,0.44759846312326257,0.9994526546250683,0.9947089947089945,0.07142857142857142,1.0,1.0,0.6106009167470253,0.44759846312326257
1977,0.9677066228790366,0.8730158730158729,1.2857142857142858,7.0,0.6666666666666666,0.6180215227289435,0.4923831685227064,0.9972632731253421,0.9735449735449735,0.35714285714285715,1.0,1.0,0.6180215227289435,0.4923831685227064
1978,0.9666119321291735,0.8412698412698412,1.5,5.0,0.6666666666666666,0.5982809022190307,0.38504490748115716,0.9885057471264367,0.9417989417989417,0.6428571428571429,4.0,1.0,0.5982809022190307,0.38504490748115716
1979,0.9611384783798578,0.8518518518518519,1.5,7.0,0.8181818181818182,0.4247048373870614,0.3519342067545357,0.9392446633825944,0.857142857142857,1.7142857142857142,10.0,0.6666666666666666,0.4247048373870614,0.3519342067545357
1980,0.9616858237547894,0.8624338624338624,1.3571428571428572,7.0,0.8181818181818182,0.6276223182058686,0.44886093784663494,0.9967159277504104,0.9735449735449735,0.35714285714285715,2.0,0.8181818181818182,0.6276223182058686,0.44886093784663494
1981,0.9666119321291735,0.8677248677248677,1.3571428571428572,7.0,0.6666666666666666,0.5568833811850804,0.4001887739814035,0.9978106185002736,0.9788359788359787,0.2857142857142857,1.0,1.0,0.5568833811850804,0.4001887739814035
1982,0.9518336070060207,0.8095238095238094,1.7857142857142858,7.0,0.6666666666666666,0.6970213808093115,0.4749249674526326,0.9923371647509577,0.9523809523809524,0.5,3.0,1.0,0.6970213808093115,0.4749249674526326
1983,0.9638752052545155,0.8624338624338624,1.3571428571428572,6.0,0.8181818181818182,0.6031134947714594,0.3781660487330493,0.986863711001642,0.9312169312169312,0.7857142857142857,4.0,0.8181818181818182,0.6031134947714594,0.3781660487330493
1984,0.9819376026272578,0.91005291005291,1.0,5.0,0.8181818181818182,0.4247455973554828,0.3157706444463723,0.9786535303776682,0.9153439153439152,1.0714285714285714,7.0,0.8181818181818182,0.4247455973554828,0.3157706444463723
1985,0.9638752052545155,0.8306878306878307,1.6428571428571428,5.0,0.6666666666666666,0.6102306019305535,0.3760963393149346,0.986863711001642,0.9312169312169312,0.7142857142857143,4.0,1.0,0.6102306019305535,0.3760963393149346
1986,0.9666119321291735,0.857142857142857,1.3571428571428572,5.0,0.8181818181818182,0.5507667578174194,0.3888597282273274,0.975369458128079,0.9047619047619047,1.1428571428571428,7.0,0.8181818181818182,0.5507667578174194,0.3888597282273274
1987,0.9649698960043787,0.8624338624338624,1.4285714285714286,7.0,0.6666666666666666,0.6585875756530528,0.48490101855799106,0.9994526546250683,0.9947089947089945,0.07142857142857142,1.0,1.0,0.6585875756530528,0.48490101855799106
1988,0.9638752052545155,0.8677248677248677,1.4285714285714286,7.0,0.8181818181818182,0.6328775567482245,0.47429980143457384,0.996168582375479,0.9682539682539683,0.42857142857142855,2.0,0.8181818181818182,0.6328775567482245,0.47429980143457384
1989,0.9698960043787629,0.8783068783068783,1.3571428571428572,6.0,0.8181818181818182,0.5425215728255447,0.40592732651804586,0.9923371647509577,0.947089947089947,0.7142857142857143,2.0,0.8181818181818182,0.5425215728255447,0.40592732651804586
1990,0.9693486590038315,0.8888888888888887,1.2142857142857142,7.0,0.8181818181818182,0.6278313717575301,0.4955449443440468,0.9956212370005473,0.9682539682539683,0.42857142857142855,2.0,0.8181818181818182,0.6278313717575301,0.4955449443440468
1991,0.9748221127531472,0.8730158730158729,1.4285714285714286,5.0,0.6666666666666666,0.4999329262683406,0.3586942266405868,0.986863711001642,0.9312169312169312,0.7857142857142857,4.0,1.0,0.4999329262683406,0.3586942266405868
1992,0.9786535303776682,0.8888888888888887,1.1428571428571428,5.0,0.6666666666666666,0.4873006408434199,0.3381738727236247,0.9923371647509577,0.9576719576719577,0.5714285714285714,4.0,1.0,0.4873006408434199,0.3381738727236247
1993,0.9742747673782157,0.8677248677248677,1.4285714285714286,5.0,0.6666666666666666,0.520725005383603,0.3462972895860295,0.9857690202517788,0.9259259259259259,0.7857142857142857,4.0,1.0,0.520725005383603,0.3462972895860295
1994,0.9594964422550629,0.8624338624338624,1.6428571428571428,7.0,0.8181818181818182,0.46499526945868647,0.3302455344661143,0.916256157635468,0.8148148148148148,2.0,12.0,0.6666666666666666,0.46499526945868647,0.3302455344661143
1995,0.9666119321291735,0.8677248677248677,1.3571428571428572,7.0,0.6666666666666666,0.5529020829134694,0.4089663680211343,0.9978106185002736,0.9788359788359787,0.2857142857142857,1.0,1.0,0.5529020829134694,0.4089663680211343
1996,0.9688013136288999,0.8624338624338624,1.3571428571428572,5.0,0.8181818181818182,0.5138949023288342,0.35712123493642767,0.9786535303776682,0.8994708994708994,1.0714285714285714,6.0,0.8181818181818182,0.5138949023288342,0.35712123493642767
1997,0.9551176792556102,0.8253968253968254,1.7142857142857142,7.0,0.6666666666666666,0.6854341145457568,0.4801558651603946,0.994526546250684,0.9682539682539683,0.35714285714285715,3.0,1.0,0.6854341145457568,0.4801558651603946
1998,0.9660645867542419,0.8677248677248677,1.3571428571428572,7.0,0.6666666666666666,0.5935420664921538,0.43256571199018756,0.9989053092501368,0.9894179894179893,0.14285714285714285,1.0,1.0,0.5935420664921538,0.43256571199018756
1999,0.9677066228790366,0.8465608465608466,1.5714285714285714,5.0,0.6666666666666666,0.5716894538857311,0.35724523609612285,0.9863163656267103,0.9259259259259259,0.7142857142857143,4.0,1.0,0.5716894538857311,0.35724523609612285
