scenario,media_score,awards_score,expertise_score,face_score,communication_score,family,varied_component,target_weight
0,0.25655193985962327,0.17125600025299859,0.14664851323822792,0.21574408959886626,0.20979945705028405,dirichlet_10,,
1,0.28090331478741387,0.22145901811032576,0.15534731218708192,0.106143557810413,0.23614679710476547,dirichlet_10,,
2,0.2041016668788741,0.1971660369749693,0.1429890189742343,0.19470919243845203,0.2610340847334703,dirichlet_10,,
3,0.16559658514175257,0.3006307976048445,0.25191397690603945,0.14257131073928214,0.13928732960808138,dirichlet_10,,
4,0.21259850105847738,0.22901591192534257,0.14557245332878097,0.25624855216179115,0.1565645815256078,dirichlet_10,,
5,0.31804697636151413,0.12226832685103894,0.16631104998947072,0.16800547951597194,0.2253681672820042,dirichlet_10,,
6,0.2773852594997593,0.21403190650039058,0.07265343304680459,0.1642194507798322,0.27170995017321353,dirichlet_10,,
7,0.26293461684138114,0.1321667661216734,0.12166785027661939,0.3016032321285674,0.18162753463175865,dirichlet_10,,
8,0.1477182822968136,0.2299277314591181,0.2783351518838429,0.1456488895223837,0.19836994483784165,dirichlet_10,,
9,0.19003835676839562,0.18716126690131402,0.23143541303346765,0.1742722537846265,0.2170927095121963,dirichlet_10,,
10,0.24765333657155086,0.1686178797186483,0.3099573000580658,0.1820800878174368,0.091691395834298,dirichlet_10,,
11,0.23038722724049607,0.15822093374330032,0.22264926753249792,0.2505893281842283,0.1381532432994775,dirichlet_10,,
12,0.15270652935518278,0.1483895348513136,0.23807799445215186,0.10253260950044339,0.35829333184090845,dirichlet_10,,
13,0.24328244944620753,0.18691064811918764,0.17115040910642856,0.2800898838812145,0.11856660944696187,dirichlet_10,,
14,0.19979589015132476,0.16631784359069202,0.13401860272522403,0.2249190314060544,0.2749486321267047,dirichlet_10,,
15,0.13777422633963077,0.2463526727077007,0.19277710466185694,0.2529986291044369,0.1700973671863748,dirichlet_10,,
16,0.175391940797836,0.13004649290401613,0.12997997631632474,0.22827366531923468,0.3363079246625885,dirichlet_10,,
17,0.2723615741211248,0.14555494166740313,0.2065724042135659,0.07876542418268626,0.29674565581522,dirichlet_10,,
18,0.2083482788992953,0.1976055492191563,0.22137647998694146,0.21406378683280605,0.15860590506180078,dirichlet_10,,
19,0.12729582015131902,0.1671378929287229,0.12142804361930215,0.3919414637061972,0.19219677959445883,dirichlet_10,,
20,0.18113803086666144,0.24393719469601619,0.2114333480560022,0.1933827857072338,0.17010864067408635,dirichlet_10,,
21,0.21213619275341936,0.15455071907183107,0.1686895722248395,0.1630992627614823,0.30152425318842785,dirichlet_10,,
22,0.21838988357871003,0.20572367477776288,0.17884731961462394,0.17490416216779237,0.22213495986111076,dirichlet_10,,
23,0.11738987212492712,0.2517749492785679,0.12136421446573771,0.19769876384294213,0.3117722002878251,dirichlet_10,,
24,0.21018266929454896,0.21377034131805925,0.22533455936132377,0.18137366082862402,0.16933876919744403,dirichlet_10,,
25,0.20011157984326694,0.18578320448817925,0.13711787288835925,0.22888082727710113,0.24810651550309348,dirichlet_10,,
26,0.18940478726626356,0.23451424520044725,0.20797969408230113,0.15279014953575468,0.21531112391523344,dirichlet_10,,
27,0.15122967944961305,0.23894389547553543,0.14083339123999117,0.20145677354184638,0.26753626029301386,dirichlet_10,,
28,0.2312877070342095,0.24851360421480978,0.18502794823770036,0.1408147627397617,0.19435597777351885,dirichlet_10,,
29,0.15729047382569716,0.12501933685781705,0.18337456307094852,0.32214325089987,0.21217237534566727,dirichlet_10,,
30,0.2219456865215024,0.17288618145834733,0.14735611142450353,0.27638337619522746,0.18142864440041923,dirichlet_10,,
31,0.2823241827322639,0.16377945688009735,0.250588381059384,0.12343100240435988,0.17987697692389487,dirichlet_10,,
32,0.1568172272607707,0.14213554080227753,0.19478206072479434,0.20155067212403413,0.30471449908812337,dirichlet_10,,
33,0.17146918532289543,0.2034589531996464,0.2455886158951741,0.17058159377748086,0.2089016518048032,dirichlet_10,,
34,0.15227321230162266,0.22090823500164553,0.24869046950857965,0.1318639063210776,0.24626417686707455,dirichlet_10,,
35,0.1851012079846658,0.17448340233003065,0.2920464044497785,0.1634059281946288,0.1849630570408963,dirichlet_10,,
36,0.22393266090616007,0.2573353963609472,0.1751108315831176,0.18348163688574728,0.16013947426402775,dirichlet_10,,
37,0.1122033972563404,0.22086579789856875,0.2658292517509,0.22715163324013224,0.17394991985405855,dirichlet_10,,
38,0.16854606373011155,0.2551290304923201,0.16734719623778796,0.1552601498632091,0.2537175596765714,dirichlet_10,,
39,0.20010138378422998,0.14228721055317808,0.1654962122669304,0.24099760404714343,0.25111758934851824,dirichlet_10,,
40,0.2910175252931085,0.1627279759363498,0.17372559376655922,0.178720380622255,0.1938085243817274,dirichlet_10,,
41,0.2375481184676256,0.12711183004235913,0.17031701685787046,0.2000463719997119,0.26497666263243286,dirichlet_10,,
42,0.22726862831161415,0.254583174823328,0.10778517659373472,0.2841660781940998,0.1261969420772232,dirichlet_10,,
43,0.21389576446232533,0.1640633681421967,0.13730951614746867,0.2751315325178466,0.20959981873016267,dirichlet_10,,
44,0.27785320883582876,0.16100520735866114,0.18108434246590985,0.17304928312973122,0.20700795820986906,dirichlet_10,,
45,0.21120050305342977,0.179636296464598,0.16377948074097878,0.23618452725045816,0.2091991924905352,dirichlet_10,,
46,0.225945142673973,0.1617761832147668,0.24974545876963541,0.14962540258174442,0.2129078127598803,dirichlet_10,,
47,0.14030105136538268,0.11852553826865671,0.16206101895077388,0.3202491391513494,0.25886325226383733,dirichlet_10,,
48,0.20254841999130965,0.19713489033190582,0.25416321138585024,0.17511774387850967,0.17103573441242467,dirichlet_10,,
49,0.22606392448546608,0.19910733053600022,0.17952609297831873,0.19527979471187787,0.20002285728833705,dirichlet_10,,
50,0.2253100123241593,0.15060410618716916,0.19557792071179808,0.20135413047704814,0.2271538302998254,dirichlet_10,,
51,0.2458234177918296,0.28547214199887344,0.19856296864175274,0.12682744787874817,0.1433140236887963,dirichlet_10,,
52,0.17229923974842737,0.24399538021509035,0.20741211489429243,0.23384707955523076,0.14244618558695918,dirichlet_10,,
53,0.17385392412077363,0.21249820163696,0.10622404714942413,0.2490380115531898,0.25838581553965223,dirichlet_10,,
54,0.11376367015804272,0.27395155971789603,0.10498407416348825,0.2499475163262722,0.2573531796343007,dirichlet_10,,
55,0.25960625205963,0.1940776144968727,0.18602404087673302,0.17096889748842653,0.18932319507833786,dirichlet_10,,
56,0.09964345125038931,0.1736086654500638,0.2180723472094631,0.2681079144588838,0.2405676216312,dirichlet_10,,
57,0.14735305408970784,0.17078434118179736,0.15900027782734774,0.26055992840561926,0.2623023984955277,dirichlet_10,,
58,0.2412450507131681,0.19035009567232347,0.2558577378109158,0.17353859583471162,0.13900851996888117,dirichlet_10,,
59,0.24445571496449695,0.16582336108843396,0.13320147173882105,0.2038092378268567,0.25271021438139135,dirichlet_10,,
60,0.1562290252065139,0.36007007663533197,0.14362744581278838,0.20978750864317888,0.13028594370218693,dirichlet_10,,
61,0.21244272594725613,0.21465056576795805,0.21220416959780797,0.14562466931152568,0.21507786937545204,dirichlet_10,,
62,0.2250182353761022,0.19396351152965716,0.26346550874922664,0.144749636324243,0.17280310802077098,dirichlet_10,,
63,0.22906764756866876,0.21364934192354257,0.19199362482370688,0.16921901927163466,0.19607036641244707,dirichlet_10,,
64,0.3241618604748214,0.20076419507012186,0.13521492811279107,0.167570145556969,0.1722888707852966,dirichlet_10,,
65,0.23731699878172482,0.25497006055654936,0.2422138100453738,0.11310670230185416,0.15239242831449795,dirichlet_10,,
66,0.14656212900935786,0.11860336941974874,0.33267203822860597,0.2238288298664266,0.1783336334758609,dirichlet_10,,
67,0.19322678812514862,0.2155623402976445,0.31851537436878813,0.1369657099818529,0.13572978722656578,dirichlet_10,,
68,0.16920475567661727,0.2548389129218982,0.19356597782181764,0.18165455492255755,0.2007357986571092,dirichlet_10,,
69,0.35177305689825317,0.25253700353984654,0.09992378949699898,0.12880333355714146,0.1669628165077599,dirichlet_10,,
70,0.21199636462221533,0.2911734408360704,0.1294193324298588,0.11141558367976054,0.25599527843209485,dirichlet_10,,
71,0.2562507366009638,0.17613383604428123,0.13902777584983111,0.09145166421964683,0.337135987285277,dirichlet_10,,
72,0.1799850488996447,0.16688041214995492,0.13871725853098604,0.33948731241475516,0.17492996800465926,dirichlet_10,,
73,0.11509589484272519,0.17783629103242937,0.18515170303975498,0.2657903624338571,0.2561257486512334,dirichlet_10,,
74,0.22657362248299184,0.20097010787596706,0.24479302580706236,0.2546606461318805,0.07300259770209826,dirichlet_10,,
75,0.17996160505592998,0.17698199714496882,0.16371253963719598,0.25009177903748625,0.22925207912441886,dirichlet_10,,
76,0.19728217892218233,0.16160231778766643,0.26068179917702317,0.1853330635713495,0.19510064054177853,dirichlet_10,,
77,0.2235144101656134,0.17263390037513543,0.1473251323730989,0.21205173642068417,0.24447482066546797,dirichlet_10,,
78,0.16306746502898903,0.3240595580854803,0.16310897974503968,0.23022209053952136,0.11954190660096954,dirichlet_10,,
79,0.21101095280006998,0.12548072065388619,0.2859308200852669,0.12480339716155017,0.2527741092992267,dirichlet_10,,
80,0.18837127165296536,0.17351660997081458,0.1717405175897872,0.2666981908269805,0.19967340995945232,dirichlet_10,,
81,0.22423121602830295,0.2955842255359389,0.19878976939021237,0.12410766896742975,0.15728712007811607,dirichlet_10,,
82,0.2546372865697338,0.15467586975596495,0.16705292092212948,0.26254676710083724,0.16108715565133452,dirichlet_10,,
83,0.17109570329356638,0.3115355721826147,0.14140834283387962,0.16503869237887042,0.2109216893110688,dirichlet_10,,
84,0.12921065470983265,0.26606677145787383,0.23183602865277217,0.21199921192325305,0.1608873332562684,dirichlet_10,,
85,0.20950113534715226,0.1748210200303747,0.20704932666867462,0.3113927002608236,0.09723581769297482,dirichlet_10,,
86,0.28077693419042127,0.1523451790370143,0.09786281929486676,0.19727019367996376,0.2717448737977339,dirichlet_10,,
87,0.2640865577160015,0.1464048166904258,0.14095831346447735,0.22480472266496238,0.22374558946413298,dirichlet_10,,
88,0.2100047199913197,0.23556898598076495,0.13581367296325855,0.18439990948574697,0.23421271157890994,dirichlet_10,,
89,0.14041915817090786,0.18653335894736262,0.2605973687887776,0.265949637716821,0.1465004763761308,dirichlet_10,,
90,0.10801976070359827,0.2951425790688575,0.19410992643502656,0.23341098138143532,0.1693167524110824,dirichlet_10,,
91,0.18611081861593526,0.1778330820339049,0.27491529116396907,0.2470061593011048,0.11413464888508586,dirichlet_10,,
92,0.23199484643372884,0.30745607283608134,0.17853259657794057,0.10251580477110445,0.17950067938114492,dirichlet_10,,
93,0.05536789021685439,0.14709748467671555,0.19204427711518096,0.34271646401863914,0.2627738839726101,dirichlet_10,,
94,0.13824119614139574,0.22447202365495575,0.22890133344545394,0.1657521217389705,0.24263332501922394,dirichlet_10,,
95,0.09126214141240693,0.14492008366814058,0.29587570959430964,0.19992090431950021,0.2680211610056426,dirichlet_10,,
96,0.19581048285716185,0.15297158388513382,0.21788023890882813,0.15972946530802776,0.2736082290408484,dirichlet_10,,
97,0.10724224337966899,0.13848117385915684,0.3631859452200878,0.25279930703113007,0.13829133050995648,dirichlet_10,,
98,0.20755779298564883,0.2728748591187602,0.1819690125796665,0.13199377926079556,0.20560455605512898,dirichlet_10,,
99,0.20661984147839807,0.254486021182962,0.16634433413115082,0.09947705139589512,0.273072751811594,dirichlet_10,,
100,0.1460964919863331,0.14984392181339454,0.18740741104847464,0.3143367699387724,0.20231540521302532,dirichlet_10,,
101,0.2041234539612424,0.1939899583443041,0.15318184310593091,0.15747576789005388,0.29122897669846864,dirichlet_10,,
102,0.2417704566705573,0.19574723725407667,0.15332652929623514,0.23513022659025118,0.17402555018887972,dirichlet_10,,
103,0.16753899464816793,0.13326127848986352,0.19376595929850915,0.3025836349376321,0.2028501326258273,dirichlet_10,,
104,0.28118525343653117,0.1765033645444768,0.22323050495664573,0.12183637739716165,0.1972444996651848,dirichlet_10,,
105,0.2785639346162274,0.10049577227310433,0.2743667909235998,0.1597925167801687,0.18678098540689989,dirichlet_10,,
106,0.18538556193899117,0.32887565903564997,0.19232496175042768,0.10244167363346697,0.1909721436414642,dirichlet_10,,
107,0.2850603069511096,0.145895291576065,0.26813975535307083,0.16105817015901647,0.13984647596073813,dirichlet_10,,
108,0.2587592396085915,0.11133400035608575,0.24894793083461264,0.1539075989765169,0.2270512302241932,dirichlet_10,,
109,0.27276097946097516,0.16991811882055458,0.24898507423950228,0.1837347139945922,0.12460111348437576,dirichlet_10,,
110,0.14415434710079214,0.18378991611798767,0.3087826320764999,0.188561000915456,0.17471210378926424,dirichlet_10,,
111,0.2303058953504776,0.17297980187501005,0.21159594544934623,0.16003686735233355,0.22508148997283253,dirichlet_10,,
112,0.12247527219265875,0.2924907512494269,0.20991493969733346,0.2530589784367063,0.12206005842387464,dirichlet_10,,
113,0.3137881948906551,0.1387005400147839,0.18037378511652644,0.146985994140902,0.22015148583713262,dirichlet_10,,
114,0.2062311535384274,0.22022162057404543,0.09549391034848242,0.2071913178091624,0.2708619977298823,dirichlet_10,,
115,0.23714910237235856,0.1710033505244767,0.1617358741594763,0.16883363583054753,0.26127803711314096,dirichlet_10,,
116,0.17368173908735016,0.27833732739818595,0.1887164967337691,0.2293818011795474,0.1298826356011474,dirichlet_10,,
117,0.18472715337499235,0.24675009752587498,0.24617381133916968,0.17294490309552987,0.14940403466443303,dirichlet_10,,
118,0.20379191887094117,0.2809397676680492,0.25692872913697984,0.11272895803823359,0.14561062628579627,dirichlet_10,,
119,0.22177105627789515,0.15891978087231387,0.2720777829465856,0.23157911255691696,0.11565226734628839,dirichlet_10,,
120,0.19207527647888156,0.22225905397732473,0.20877460300672646,0.11846543262898449,0.2584256339080828,dirichlet_10,,
121,0.16849284608738943,0.22063643215471454,0.1547922755192,0.20512812654579643,0.25095031969289966,dirichlet_10,,
122,0.19536882158671479,0.24457171223363203,0.2604954555919557,0.11613350772630877,0.18343050286138884,dirichlet_10,,
123,0.29019785426972156,0.2767291294570294,0.16471105016623133,0.1342534342154012,0.13410853189161653,dirichlet_10,,
124,0.1991367374312737,0.21002579423650763,0.17953588750023727,0.2849004388373631,0.12640114199461833,dirichlet_10,,
125,0.1991610392759212,0.25582776472692537,0.19196327719670656,0.12194558946760639,0.23110232933284058,dirichlet_10,,
126,0.28565307717361016,0.1766066784902979,0.21440086459528354,0.11596859658474298,0.20737078315606552,dirichlet_10,,
127,0.1664049546268579,0.14225018740045706,0.1712889484321006,0.2059714172200866,0.31408449232049795,dirichlet_10,,
128,0.14578495144446685,0.2773168305002497,0.20978108651976032,0.24303611892830967,0.12408101260721352,dirichlet_10,,
129,0.14944256687998822,0.2146111091208589,0.162578179033656,0.25080460589478687,0.22256353907071008,dirichlet_10,,
130,0.2326124115813124,0.1780848421925501,0.1595701972228789,0.26833203003006895,0.1614005189731895,dirichlet_10,,
131,0.20143172271423984,0.2514644148973517,0.19706355749968418,0.1853600490651681,0.1646802558235561,dirichlet_10,,
132,0.18460786013833225,0.24213010409199895,0.1721402262766239,0.15986415684076152,0.24125765265228327,dirichlet_10,,
133,0.1279259023062565,0.17218688830916878,0.20531625640551898,0.24219918254575973,0.25237177043329606,dirichlet_10,,
134,0.2694504730045575,0.1285104075637531,0.2038090290385984,0.21489391789092369,0.18333617250216727,dirichlet_10,,
135,0.1864531034232733,0.3320385166720568,0.11133294199284555,0.22200158696298666,0.1481738509488377,dirichlet_10,,
136,0.2523648970195226,0.2008831179767051,0.11612590531407233,0.21046162603552956,0.2201644536541704,dirichlet_10,,
137,0.19115640916560764,0.24167866957199616,0.21930912378187864,0.16025662510048272,0.1875991723800347,dirichlet_10,,
138,0.21271263930297954,0.22308041220305028,0.16879663471482448,0.1591358210324396,0.23627449274670623,dirichlet_10,,
139,0.26981019712374904,0.1318012551629846,0.1514499623635535,0.19361372958599243,0.2533248557637205,dirichlet_10,,
140,0.258913210594624,0.0771592324390139,0.2340339852298809,0.19687196616667602,0.23302160556980525,dirichlet_10,,
141,0.14732955374940468,0.24481081637482702,0.10719033702455255,0.32848323249529576,0.1721860603559201,dirichlet_10,,
142,0.2672019657992207,0.291597396362632,0.21184337440220652,0.13784030994756,0.09151695348838064,dirichlet_10,,
143,0.29591736031842475,0.1470626655395223,0.1340572241290671,0.22920202502504997,0.19376072498793595,dirichlet_10,,
144,0.07511105936346137,0.17028694144172943,0.2510395262847833,0.2798845375688164,0.22367793534120964,dirichlet_10,,
145,0.27754631132136287,0.15185017769155204,0.1878756340806452,0.14304885184825264,0.23967902505818708,dirichlet_10,,
146,0.21234841408133875,0.24830896317583115,0.1637620446102477,0.14875528047451939,0.22682529765806317,dirichlet_10,,
147,0.15918127574999413,0.20616312486628513,0.1608216050765441,0.29931318352786096,0.17452081077931572,dirichlet_10,,
148,0.16512063285081893,0.18768994407199835,0.2518081807607513,0.20618679138950474,0.18919445092692672,dirichlet_10,,
149,0.24410428883146115,0.18715655607770712,0.26207162953438956,0.1434364053799392,0.16323112017650276,dirichlet_10,,
150,0.23321884800331785,0.23669152553291703,0.14427470153003105,0.20950592018188652,0.17630900475184744,dirichlet_10,,
151,0.10127320649356149,0.2000934075138004,0.1448389322298222,0.19298082180846862,0.3608136319543475,dirichlet_10,,
152,0.18908794152228195,0.16246406931775717,0.1986022065549611,0.24870967454997905,0.2011361080550207,dirichlet_10,,
153,0.23010926643433377,0.19330616842200693,0.1586250535555268,0.33441495126695775,0.0835445603211748,dirichlet_10,,
154,0.11730842468887243,0.21344225254435711,0.27418059566336117,0.18645765121620336,0.2086110758872059,dirichlet_10,,
155,0.21323099434855328,0.12324852354100299,0.1999695842307061,0.2643819986236929,0.19916889925604467,dirichlet_10,,
156,0.33517765685755513,0.24124126118011754,0.1541243380875063,0.1484175627499885,0.12103918112483252,dirichlet_10,,
157,0.12847831771580956,0.1028849369093213,0.2538903875248523,0.17937928723140273,0.33536707061861415,dirichlet_10,,
158,0.25893784848695667,0.21083310070880626,0.15345379502286383,0.14854271404552613,0.22823254173584712,dirichlet_10,,
159,0.1744780467234486,0.17300714121812896,0.21899628368784899,0.23658601642661153,0.196932511943962,dirichlet_10,,
160,0.24445364185369264,0.2856128807911239,0.1466291612806035,0.14326823998798421,0.18003607608659583,dirichlet_10,,
161,0.2778540242521103,0.2203698255734279,0.10107586637519711,0.20255840098474065,0.1981418828145241,dirichlet_10,,
162,0.22046225964975313,0.2162270717573299,0.18295621985266447,0.19387199964929985,0.18648244909095266,dirichlet_10,,
163,0.16287311473674956,0.2474648609096403,0.22231906733239903,0.19038397877399682,0.17695897824721443,dirichlet_10,,
164,0.15484278810698568,0.22425156496539964,0.14390463208945614,0.2467590188169729,0.23024199602118556,dirichlet_10,,
165,0.16826532778580106,0.21502699124755825,0.13935324747266054,0.21427076464901337,0.26308366884496664,dirichlet_10,,
166,0.19772591064757786,0.1799389485233023,0.20139366699185807,0.18355631233886582,0.23738516149839603,dirichlet_10,,
167,0.22042474327753422,0.1299599345072214,0.2629424173701522,0.27389017058796206,0.11278273425712995,dirichlet_10,,
168,0.2427472545889664,0.19213133751480288,0.13007261220230046,0.16866356237435415,0.2663852333195762,dirichlet_10,,
169,0.20666239189498992,0.10315562396909213,0.21567086763786542,0.16181327282361627,0.31269784367443626,dirichlet_10,,
170,0.1817676421324183,0.14974212373481197,0.19889015834010967,0.15381780186529437,0.3157822739273657,dirichlet_10,,
171,0.2530570330636945,0.2217031674625965,0.20671621495919176,0.14399617386171337,0.1745274106528038,dirichlet_10,,
172,0.2498239169367765,0.19391795191574868,0.20054743177216702,0.17815999051563763,0.17755070885967017,dirichlet_10,,
173,0.22927005651226118,0.2721442455884313,0.18920895949307423,0.07772717754796864,0.23164956085826474,dirichlet_10,,
174,0.1309925084623117,0.12384617377666104,0.36943668345264175,0.24427752876343062,0.1314471055449549,dirichlet_10,,
175,0.19061231512201132,0.2398075242728517,0.19005069247955264,0.18126024918729727,0.19826921893828706,dirichlet_10,,
176,0.10509676016664701,0.2585765850888973,0.15798953682305672,0.23078884725124996,0.2475482706701489,dirichlet_10,,
177,0.16762719655950642,0.21686161616086846,0.20592296647903569,0.15052924790642788,0.2590589728941617,dirichlet_10,,
178,0.2508678424653475,0.24885256793082686,0.09428032220389856,0.15832061027241887,0.24767865712750833,dirichlet_10,,
179,0.20627338554426072,0.12362724507252414,0.24292442767500383,0.21158845692523334,0.2155864847829779,dirichlet_10,,
180,0.12158795243020266,0.1841009673929223,0.2978628062131134,0.21083003109868068,0.18561824286508105,dirichlet_10,,
181,0.29603501282212236,0.17753761725062359,0.0886636533129001,0.22759503471567208,0.21016868189868196,dirichlet_10,,
182,0.14082754733498246,0.2393825659998315,0.11157078001190693,0.17958121851517814,0.328637888138101,dirichlet_10,,
183,0.2966651603756586,0.16386577844612227,0.3041658693448661,0.08795043950303827,0.14735275233031472,dirichlet_10,,
184,0.17239115286135762,0.17780805082024284,0.2171672206970883,0.257785631122013,0.17484794449929822,dirichlet_10,,
185,0.19178592983591733,0.2891817629310413,0.15815906423572307,0.18452853980900005,0.17634470318831827,dirichlet_10,,
186,0.13601526903999522,0.21400935036083388,0.24303288768903805,0.18394841601768386,0.22299407689244888,dirichlet_10,,
187,0.27889882106389813,0.20744554108676067,0.14847053613625108,0.20322517807787227,0.16195992363521794,dirichlet_10,,
188,0.13994156757773032,0.12274205326728038,0.224271414546194,0.2018968792127564,0.31114808539603883,dirichlet_10,,
189,0.12883884976478124,0.28851431423228224,0.18894116233778674,0.236649292422879,0.15705638124227073,dirichlet_10,,
190,0.14973306468208802,0.1976705207035122,0.2299294760463231,0.17291953853797234,0.24974740003010426,dirichlet_10,,
191,0.1915241929720114,0.14208236884794265,0.17158453456675313,0.25641412807318326,0.2383947755401095,dirichlet_10,,
192,0.21534516951752214,0.15481245885722614,0.20861520334534303,0.27654255708974107,0.14468461119016776,dirichlet_10,,
193,0.2146517178184053,0.178014452466119,0.24585316215999767,0.17715394514556093,0.1843267224099171,dirichlet_10,,
194,0.2924063011523478,0.2222522803738017,0.13797403190314703,0.16485768965621295,0.1825096969144904,dirichlet_10,,
195,0.10298904882069111,0.23320683020211846,0.2250646861286773,0.22391337314637105,0.21482606170214194,dirichlet_10,,
196,0.25786705848669583,0.23040864208813938,0.14038271281062975,0.18016191905053813,0.19117966756399699,dirichlet_10,,
197,0.1098509528076381,0.28120597874272446,0.16721595162685005,0.1854557035458513,0.2562714132769362,dirichlet_10,,
198,0.17451999367222137,0.19043003465252514,0.2013283721254274,0.175745288560242,0.25797631098958407,dirichlet_10,,
199,0.202083950417715,0.13906491476198243,0.29208572498274693,0.20565609871392426,0.16110931112363147,dirichlet_10,,
200,0.1930101054485621,0.22154642555639437,0.28719337196428696,0.1585241502755503,0.13972594675520614,dirichlet_10,,
201,0.18513900823709378,0.3183170822635706,0.12129051729833258,0.141376089480292,0.23387730272071114,dirichlet_10,,
202,0.15013907487280476,0.2020336691115752,0.2863970271248213,0.1944507899907541,0.16697943890004469,dirichlet_10,,
203,0.1871140091480959,0.1501991722688724,0.17396324174881259,0.2874876187505927,0.20123595808362643,dirichlet_10,,
204,0.24636885971911038,0.11650088117767257,0.24450750585718278,0.17235253794062533,0.22027021530540886,dirichlet_10,,
205,0.15978451884934788,0.3650413023039625,0.18015288958841064,0.12380202934786863,0.17121925991041026,dirichlet_10,,
206,0.29522852407637795,0.13166494217205074,0.19577052675765835,0.1943573702352974,0.18297863675861545,dirichlet_10,,
207,0.18010862347619447,0.21365350166971542,0.1207534654872654,0.27381523246277206,0.2116691769040527,dirichlet_10,,
208,0.1286271943546108,0.11197032860815334,0.13962717088590273,0.20116712448998658,0.41860818166134656,dirichlet_10,,
209,0.20725371321129724,0.27095199496832534,0.22308375427192376,0.12702671355915615,0.17168382398929752,dirichlet_10,,
210,0.28069884114078014,0.2079422513848393,0.15453304550078298,0.15145049498399346,0.205375366989604,dirichlet_10,,
211,0.1420360398970243,0.264826221444899,0.2665561814943644,0.15137427554580793,0.17520728161790447,dirichlet_10,,
212,0.19727380651956075,0.11429340876536508,0.27905762068261164,0.19610884616139396,0.2132663178710685,dirichlet_10,,
213,0.3333228862833564,0.15901867125961086,0.11727821782873615,0.2659865282295837,0.12439369639871284,dirichlet_10,,
214,0.22897491331481126,0.21919614648470626,0.08846829119122401,0.21695111408217263,0.24640953492708573,dirichlet_10,,
215,0.17642735732227696,0.13589733063500092,0.1781513511235877,0.24582983973644532,0.263694121182689,dirichlet_10,,
216,0.17334418850970318,0.23760098930574944,0.2529104512309321,0.16659659006114752,0.1695477808924676,dirichlet_10,,
217,0.2323278357950125,0.17307595626548006,0.14580053910588037,0.15513060110153176,0.29366506773209533,dirichlet_10,,
218,0.3370528812989654,0.21280954175801378,0.15882147413939648,0.12197673334318332,0.16933936946044098,dirichlet_10,,
219,0.21934309594612117,0.09597665040945573,0.3150097150303801,0.20300905347039494,0.16666148514364812,dirichlet_10,,
220,0.28657273299533575,0.11999590658747027,0.20036882702011125,0.26703917451388526,0.12602335888319757,dirichlet_10,,
221,0.23743022450599516,0.16136896760526004,0.14082400523067526,0.2619674625058707,0.19840934015219874,dirichlet_10,,
222,0.22493196932221918,0.12169496452982238,0.18577468581906162,0.16729513868924292,0.3003032416396538,dirichlet_10,,
223,0.22575662636815458,0.1573390255103535,0.1565567809295409,0.3489388021356398,0.11140876505631107,dirichlet_10,,
224,0.3070607759797607,0.15365495527801326,0.20517548296923407,0.11050480732034675,0.22360397845264512,dirichlet_10,,
225,0.17523055526117992,0.21131679752755644,0.15066292215393887,0.17303544160357356,0.28975428345375115,dirichlet_10,,
226,0.24210834818577104,0.206891818509501,0.2005696410173581,0.1942128382782237,0.15621735400914602,dirichlet_10,,
227,0.25729557933862385,0.1707409240072035,0.2354086801294768,0.23296296110306683,0.1035918554216291,dirichlet_10,,
228,0.19402797277261347,0.15007290249967478,0.23945170674394747,0.22542107306283377,0.19102634492093032,dirichlet_10,,
229,0.14665513253168838,0.23819850437418616,0.11601306119039609,0.33398401212972867,0.16514928977400076,dirichlet_10,,
230,0.1344922314127767,0.2847536900664699,0.18288919327131928,0.16119055141020786,0.23667433383922626,dirichlet_10,,
231,0.2620666115382255,0.10877815534797773,0.1591052378353749,0.1861074528238868,0.28394254245453504,dirichlet_10,,
232,0.2685610281884334,0.24700267548624094,0.17417346620318305,0.1589109610426322,0.15135186907951026,dirichlet_10,,
233,0.23036986978050997,0.23980955551142163,0.14807175891334462,0.16993352162311137,0.21181529417161257,dirichlet_10,,
234,0.18058481319826641,0.16524121521361387,0.12901260524209152,0.34306390964464273,0.18209745670138555,dirichlet_10,,
235,0.17910642483452963,0.25932766598008666,0.11983064254551906,0.21463536750209045,0.22709989913777412,dirichlet_10,,
236,0.19004728114472605,0.2031724037766445,0.13436246132270013,0.1412810718151527,0.33113678194077656,dirichlet_10,,
237,0.1454707568309809,0.32936058503846427,0.2021431080397643,0.17844416751168554,0.144581382579105,dirichlet_10,,
238,0.10333593698118532,0.24861414600086665,0.24180383082693885,0.22721581727148446,0.17903026891952464,dirichlet_10,,
239,0.18688086823461064,0.2987325556405408,0.1924473306289334,0.15913436273573373,0.16280488276018137,dirichlet_10,,
240,0.16376495507035177,0.26601663539858356,0.2803528043376262,0.1430173550266503,0.1468482501667882,dirichlet_10,,
241,0.14911704774437406,0.28337378539324765,0.27544182607392936,0.1279486774856744,0.1641186633027744,dirichlet_10,,
242,0.20551287104971186,0.17154214516118468,0.27316364523655834,0.23262764372743955,0.11715369482510556,dirichlet_10,,
243,0.24513798284425478,0.1821830775827926,0.2111996384200949,0.15598896838314835,0.20549033276970946,dirichlet_10,,
244,0.17489959336576602,0.23607384883380847,0.22865238262962675,0.21568398956308346,0.14469018560771524,dirichlet_10,,
245,0.21647925956540914,0.15805609999084486,0.20800863694416072,0.181628885001459,0.23582711849812632,dirichlet_10,,
246,0.17827205656525572,0.16921966111175696,0.15360531227174362,0.2618768604034924,0.23702610964775145,dirichlet_10,,
247,0.17026053487968326,0.2637420447226463,0.18183519514951993,0.21119154783079042,0.17297067741736016,dirichlet_10,,
248,0.1981517583106258,0.21903868409568444,0.14404105439169887,0.18691259735268118,0.25185590584930956,dirichlet_10,,
249,0.21995730528485763,0.12609872280637466,0.21716364473994812,0.20684111093857713,0.22993921623024258,dirichlet_10,,
250,0.20875427886559977,0.18840094216719316,0.12646946419153368,0.20163057631200976,0.2747447384636637,dirichlet_10,,
251,0.14088892352654814,0.14170224693448788,0.21550705293434505,0.1884721670277168,0.31342960957690225,dirichlet_10,,
252,0.09276472885433228,0.33002749438255924,0.16021918747789707,0.21321517544565521,0.20377341383955616,dirichlet_10,,
253,0.2346892079719958,0.23948633679149325,0.21933606405822448,0.14483742702865776,0.16165096414962868,dirichlet_10,,
254,0.3168392340590449,0.14079202314513373,0.21162900705527357,0.22092956345340012,0.10981017228714766,dirichlet_10,,
255,0.16892742203714783,0.14846779186770817,0.20630246512225447,0.26331809103291637,0.21298422993997326,dirichlet_10,,
256,0.17817660998866072,0.12481594926005274,0.2263043766860534,0.3541129599407781,0.11659010412445524,dirichlet_10,,
257,0.1783136381993525,0.18963295287561552,0.17596356981150846,0.22076733744294885,0.23532250167057484,dirichlet_10,,
258,0.153713310683323,0.2319572685743235,0.3000258499507544,0.25006133801184016,0.064242232779759,dirichlet_10,,
259,0.24723842495778553,0.17140653295836547,0.184135363532807,0.2260587335624947,0.17116094498854734,dirichlet_10,,
260,0.278129423991515,0.15634938709619733,0.22273861746404697,0.20590937995245323,0.1368731914957874,dirichlet_10,,
261,0.14448262407906437,0.17238020511209123,0.25625211856369434,0.1103030239050124,0.31658202834013766,dirichlet_10,,
262,0.33155105245955807,0.18427734966847822,0.11351047050146673,0.17583938516923017,0.1948217422012668,dirichlet_10,,
263,0.21998737366240145,0.18490975566864531,0.24696895889828568,0.1677990825814323,0.18033482918923519,dirichlet_10,,
264,0.13283692991452314,0.21387499817744254,0.22152449676725247,0.19384842086747908,0.23791515427330287,dirichlet_10,,
265,0.250667906643852,0.17047846805727013,0.1476216077250382,0.11633278018513094,0.3148992373887086,dirichlet_10,,
266,0.3090756016357356,0.1693149537729656,0.1748937163307234,0.16759231716383569,0.17912341109673977,dirichlet_10,,
267,0.20859469457229882,0.1887593314532014,0.18161495270472142,0.1488252596453869,0.2722057616243914,dirichlet_10,,
268,0.2137295703591705,0.2301748354463435,0.15706728851686275,0.15706231307444832,0.24196599260317483,dirichlet_10,,
269,0.2022826953670545,0.23432630542495245,0.16925252426891058,0.16662511035570032,0.2275133645833822,dirichlet_10,,
270,0.15880548446115508,0.20746219720086567,0.2164703697913611,0.1855020356382561,0.2317599129083621,dirichlet_10,,
271,0.18630872067051246,0.2859187770758221,0.17541244136329592,0.1994304368551505,0.1529296240352189,dirichlet_10,,
272,0.16387148440910906,0.18686864579617432,0.2021924872898584,0.22799286319331938,0.21907451931153873,dirichlet_10,,
273,0.20478740028811612,0.1991198902074145,0.1293573583267145,0.22062469699091042,0.24611065418684433,dirichlet_10,,
274,0.17464146883417928,0.1681689397879055,0.25363540107307825,0.16601088711743564,0.23754330318740133,dirichlet_10,,
275,0.21643482428927396,0.1689508918577722,0.18383400890649812,0.2199548656789859,0.2108254092674697,dirichlet_10,,
276,0.2807067232925709,0.23262932464145963,0.15825760996989896,0.12936804473921712,0.19903829735685344,dirichlet_10,,
277,0.19117131599809292,0.11208760193305821,0.18732198512617595,0.2607676596542666,0.24865143728840625,dirichlet_10,,
278,0.17471276345616488,0.23169756320729087,0.16376014496640345,0.18756130296939105,0.24226822540074977,dirichlet_10,,
279,0.10837297572443884,0.25476809904471664,0.20674542888349393,0.2835890206095986,0.1465244757377519,dirichlet_10,,
280,0.18485749132937657,0.18260692376548468,0.24079785872085233,0.19460728514407685,0.1971304410402094,dirichlet_10,,
281,0.11757632395364195,0.3171844593631973,0.19008341358995592,0.20996471638315467,0.16519108671005012,dirichlet_10,,
282,0.1682041633491719,0.22592757329630317,0.21556504731702925,0.15930310494384997,0.2310001110936455,dirichlet_10,,
283,0.196411764263754,0.2193080626171348,0.185661466784262,0.14106695253050078,0.25755175380434836,dirichlet_10,,
284,0.16431569101251614,0.22297020002095383,0.2543600098214853,0.22812231767155494,0.13023178147348977,dirichlet_10,,
285,0.10299168779953297,0.2480184822358834,0.18700180182608084,0.30355055818357446,0.15843746995492836,dirichlet_10,,
286,0.22337475600433823,0.11200758776106805,0.29000648980610705,0.18126355403184538,0.1933476123966412,dirichlet_10,,
287,0.06867295002128003,0.17440032169805988,0.27879045568135125,0.18743189306400745,0.29070437953530137,dirichlet_10,,
288,0.20071529390517584,0.2010251046844126,0.14028302322511876,0.2757145424537445,0.18226203573154845,dirichlet_10,,
289,0.29179788474184093,0.23144021977114493,0.18449481465791862,0.18237739321811758,0.10988968761097805,dirichlet_10,,
290,0.26663511414631563,0.20378352368653266,0.12296255713924024,0.2006492659094697,0.20596953911844168,dirichlet_10,,
291,0.15175381877941238,0.29765719496332815,0.14342921886243853,0.1664416347540634,0.24071813264075753,dirichlet_10,,
292,0.1548825078030044,0.21219394493076113,0.19628777701008618,0.28515849074017635,0.15147727951597187,dirichlet_10,,
293,0.15535779477552478,0.20518934312985418,0.2073643626496912,0.28435328682013566,0.14773521262479425,dirichlet_10,,
294,0.22651777664505848,0.20741180746416105,0.23171010380761609,0.17434860429127813,0.16001170779188614,dirichlet_10,,
295,0.17446891878388252,0.21626993251569512,0.12005938372436299,0.40364772499496926,0.08555403998109008,dirichlet_10,,
296,0.29134386451411515,0.27564060312337885,0.17609334170887112,0.16432334290869996,0.0925988477449351,dirichlet_10,,
297,0.17328322144616343,0.2565121825299797,0.14261378442270528,0.2763085435859738,0.15128226801517802,dirichlet_10,,
298,0.2361871264616414,0.19790584769724662,0.13336518056012145,0.25016727219020995,0.18237457309078053,dirichlet_10,,
299,0.2630708940562823,0.1430674332067,0.17933228598260875,0.17060779995532102,0.24392158679908785,dirichlet_10,,
300,0.261254607029659,0.18891744147715298,0.1475076074534275,0.2581457161370925,0.14417462790266794,dirichlet_10,,
301,0.2594587386603119,0.16795897732201434,0.31318453486197273,0.14449492990336515,0.11490281925233602,dirichlet_10,,
302,0.14556624753005185,0.193567446172206,0.18882858164547195,0.2190592460596601,0.25297847859261013,dirichlet_10,,
303,0.10269577553256998,0.3519481140125601,0.18531414350826683,0.19239754738141215,0.16764441956519108,dirichlet_10,,
304,0.14761071781789567,0.17715859760629502,0.16211654561175387,0.2894864068548032,0.22362773210925227,dirichlet_10,,
305,0.2853361370095032,0.1511842523912604,0.1364843398776383,0.1605459109717254,0.2664493597498726,dirichlet_10,,
306,0.23620197734888793,0.2563227475299139,0.17394635987544074,0.2106080946835055,0.12292082056225188,dirichlet_10,,
307,0.18444292809587085,0.12525854822830046,0.19387497170023005,0.3248677138534962,0.17155583812210237,dirichlet_10,,
308,0.30104900865527007,0.16798319028057956,0.1296331762203542,0.18778210960345293,0.21355251524034316,dirichlet_10,,
309,0.15820778329783758,0.12474518419749647,0.2826232447003376,0.147367044081169,0.2870567437231594,dirichlet_10,,
310,0.11760918752904875,0.18878691139638168,0.3394229041057637,0.17216964428679388,0.18201135268201185,dirichlet_10,,
311,0.24478774710368803,0.26459667964500405,0.18623432205134516,0.1447658766921214,0.15961537450784136,dirichlet_10,,
312,0.20412565971808758,0.29046011404801386,0.1412342727987119,0.17273416378372317,0.19144578965146355,dirichlet_10,,
313,0.12300335735358735,0.26334488832010383,0.1704264482096528,0.3075930216509907,0.13563228446566541,dirichlet_10,,
314,0.23653284972894875,0.1658068036425819,0.16951930999378062,0.3186351956034444,0.10950584103124418,dirichlet_10,,
315,0.1716649973710498,0.11402006645261573,0.16056674828328935,0.3485532475523509,0.20519494034069422,dirichlet_10,,
316,0.26723431513982127,0.22333032214116233,0.18538833929757256,0.12000418985713111,0.2040428335643127,dirichlet_10,,
317,0.14539232961401966,0.2862239058331946,0.16301265882662938,0.20125602742934334,0.204115078296813,dirichlet_10,,
318,0.20468368889535693,0.16066041916754517,0.27755629590911984,0.10032433440459236,0.25677526162338576,dirichlet_10,,
319,0.32758373950498093,0.1922542742539021,0.17149544686754842,0.17617445992716574,0.13249207944640298,dirichlet_10,,
320,0.22002486031739385,0.23976254216096787,0.1815819309242588,0.24501325000707247,0.1136174165903071,dirichlet_10,,
321,0.2156587987204635,0.1586472359660824,0.2299942672116257,0.15921642798242808,0.23648327011940054,dirichlet_10,,
322,0.19789386923252095,0.19560974759498354,0.2936878386848705,0.2491921018873789,0.06361644260024617,dirichlet_10,,
323,0.13268043748554778,0.18199658559087245,0.23479129773148832,0.1924903151943196,0.2580413639977718,dirichlet_10,,
324,0.19429374179045603,0.30869817865921134,0.13327085602752864,0.10493730866242962,0.2587999148603744,dirichlet_10,,
325,0.13442658209444375,0.232909155978405,0.1097770596141212,0.36140378080929003,0.1614834215037399,dirichlet_10,,
326,0.3933084732064266,0.23330804991003987,0.11800738198524678,0.11502235167928568,0.14035374321900115,dirichlet_10,,
327,0.16321205415261866,0.20417473773763975,0.11210671008583735,0.31275370032423094,0.2077527976996732,dirichlet_10,,
328,0.3038133362415707,0.2323143523683105,0.11877309766133738,0.22443890900025548,0.12066030472852592,dirichlet_10,,
329,0.14345229584832242,0.22765287671135126,0.18929642910942754,0.15426900837097826,0.2853293899599205,dirichlet_10,,
330,0.23557003559219197,0.20250128786678667,0.18409846030894697,0.1738231188263972,0.2040070974056772,dirichlet_10,,
331,0.1271301527962859,0.3747946998889684,0.1779020046680002,0.13745089937416174,0.18272224327258374,dirichlet_10,,
332,0.3032219491444095,0.1698713784290047,0.14722603817251267,0.14127560528493252,0.23840502896914045,dirichlet_10,,
333,0.16583311268570033,0.1885762723568708,0.17774036527588968,0.23857517314226778,0.22927507653927134,dirichlet_10,,
334,0.19250516767830783,0.2044706716872028,0.2806194657751592,0.13818132945752937,0.1842233654018008,dirichlet_10,,
335,0.1744352396410152,0.22630825677900965,0.18781526810838528,0.1459915288724476,0.2654497065991424,dirichlet_10,,
336,0.25957249078292577,0.26129360177413485,0.21328112117024195,0.12815364475196517,0.13769914152073232,dirichlet_10,,
337,0.21570285306061754,0.21007961523989283,0.20893529882260012,0.1782839568715306,0.18699827600535876,dirichlet_10,,
338,0.2201622852164043,0.2278636140598853,0.28091740223681283,0.11141463373444076,0.1596420647524569,dirichlet_10,,
339,0.19814368335035232,0.10519837992823833,0.2648335002137297,0.27027532775174745,0.16154910875593223,dirichlet_10,,
340,0.17620585611387493,0.21767146889867306,0.22138163485107895,0.12833258581385953,0.25640845432251347,dirichlet_10,,
341,0.21511406720064266,0.20062832856484636,0.2063355538338531,0.08886550924271593,0.28905654115794194,dirichlet_10,,
342,0.23979057532529113,0.1283265833906397,0.20450421679248623,0.28033857745995033,0.1470400470316327,dirichlet_10,,
343,0.2010803292462927,0.14440726633194237,0.22045575071054607,0.19273581134683668,0.24132084236438223,dirichlet_10,,
344,0.16802072321612008,0.15617653205200271,0.277675173574841,0.1925596407182555,0.20556793043878083,dirichlet_10,,
345,0.20392930807654014,0.15063985384695253,0.17434382823196276,0.17511415607287237,0.29597285377167204,dirichlet_10,,
346,0.21052734620579622,0.2280183389958773,0.19944149933447541,0.18860511773735456,0.1734076977264964,dirichlet_10,,
347,0.30945651457422607,0.1625308744698614,0.11265639492877685,0.30129361605881505,0.11406259996832044,dirichlet_10,,
348,0.26028756296004857,0.20342229582897836,0.16859123178460925,0.16606201069993418,0.20163689872642965,dirichlet_10,,
349,0.12893704223696342,0.24134708399950278,0.21926438568322332,0.17478999978121348,0.235661488299097,dirichlet_10,,
350,0.2231828553951109,0.1500335815343896,0.1990689086728979,0.19595229905087289,0.23176235534672868,dirichlet_10,,
351,0.11818419004803017,0.19175925886067924,0.2800010625406708,0.2677743610728534,0.14228112747776633,dirichlet_10,,
352,0.25507075221636255,0.12875618340274583,0.2900044012650234,0.15873398021219007,0.167434682903678,dirichlet_10,,
353,0.21562279598107362,0.19842790261044047,0.12254982222325042,0.20181566242271298,0.26158381676252235,dirichlet_10,,
354,0.2185953413830214,0.24277272247687798,0.17110849358977293,0.14258317869539788,0.22494026385492977,dirichlet_10,,
355,0.18419634920105354,0.29249942996153994,0.20694385108729413,0.18966954641160155,0.12669082333851084,dirichlet_10,,
356,0.14666436784332074,0.20045999359224412,0.2372981583639855,0.22089511091567618,0.1946823692847733,dirichlet_10,,
357,0.14872420481839568,0.20840990990393166,0.18818202353023755,0.2553735000566317,0.19931036169080338,dirichlet_10,,
358,0.26896786585719235,0.147403102725461,0.2067710507123416,0.18286333628430923,0.1939946444206958,dirichlet_10,,
359,0.13626614242377577,0.20153048734322238,0.24578945182869844,0.29654217557443974,0.11987174282986376,dirichlet_10,,
360,0.21458636589638325,0.2331900031946887,0.16074018295658207,0.13849385402216013,0.252989593930186,dirichlet_10,,
361,0.1996965549385032,0.1621172806164443,0.2647588955247025,0.15739987811428496,0.21602739080606512,dirichlet_10,,
362,0.27927531920628157,0.19789062795484183,0.1805338736793883,0.2712171584701598,0.07108302068932838,dirichlet_10,,
363,0.14068644663830632,0.1597987406870062,0.25191083631488237,0.20281625936767678,0.2447877169921282,dirichlet_10,,
364,0.1133527104309519,0.2764010438060602,0.30704128437150785,0.13507289794630845,0.16813206344517156,dirichlet_10,,
365,0.2758353757788775,0.20212336566369682,0.19988547517379,0.1418308295895616,0.18032495379407384,dirichlet_10,,
366,0.19402727862027075,0.28159884660040085,0.14843164745575926,0.15070743721129223,0.22523479011227704,dirichlet_10,,
367,0.14094215043270855,0.34710976101741636,0.21939826528156128,0.08826588714818114,0.20428393612013257,dirichlet_10,,
368,0.1260905136773409,0.302949268512859,0.22986219789375037,0.19130197554136652,0.14979604437468316,dirichlet_10,,
369,0.2458099568600423,0.1797830122727347,0.28367648064750367,0.17114390039218014,0.11958664982753918,dirichlet_10,,
370,0.12810349546403885,0.23647914725981609,0.1326844999817324,0.2517040506278209,0.2510288066665918,dirichlet_10,,
371,0.17015586176162975,0.13064016941188572,0.20508560570580978,0.2615335663483219,0.23258479677235297,dirichlet_10,,
372,0.35540400150836415,0.10538472893580407,0.20700466906056042,0.08084613321655414,0.2513604672787173,dirichlet_10,,
373,0.17516637307269814,0.16243146619373142,0.3140977981053109,0.1930624078058561,0.1552419548224033,dirichlet_10,,
374,0.2526884436075139,0.2550952230956601,0.15801957497330993,0.15425646561997508,0.17994029270354112,dirichlet_10,,
375,0.216601365849415,0.17539091026404963,0.18975678038173524,0.14492590059112032,0.2733250429136797,dirichlet_10,,
376,0.11922929229766412,0.1586588458466908,0.25138718348277156,0.30257866891325186,0.16814600945962166,dirichlet_10,,
377,0.08456065151645645,0.19757229624546305,0.14391986163966378,0.24350155601911605,0.33044563457930065,dirichlet_10,,
378,0.31427034286098593,0.18424935555255045,0.20170109799066516,0.06769899210384103,0.23208021149195748,dirichlet_10,,
379,0.15069643910964026,0.2517210421392127,0.12078813712963292,0.22290345127686523,0.25389093034464894,dirichlet_10,,
380,0.09005259143501264,0.17998652511343302,0.2441022955603361,0.309278415063672,0.17658017282754618,dirichlet_10,,
381,0.23652056068955687,0.10274365945731513,0.2794014361557418,0.192268165311006,0.18906617838638018,dirichlet_10,,
382,0.22360379355889384,0.18889307477784031,0.13410392764905263,0.2494586871391767,0.20394051687503656,dirichlet_10,,
383,0.13815583535523004,0.10310400553373553,0.2751853324718681,0.18641954372347685,0.2971352829156896,dirichlet_10,,
384,0.19975781738489465,0.1743564317841234,0.2674957847306485,0.18735246622364918,0.17103749987668423,dirichlet_10,,
385,0.3475920435500802,0.16453531311052183,0.14141656196005814,0.202426741577942,0.14402933980139784,dirichlet_10,,
386,0.13551521836194438,0.25768994012001867,0.2987924475684694,0.16577181824827567,0.14223057570129194,dirichlet_10,,
387,0.20910495181447486,0.1757548450127595,0.10885998856924006,0.2980533978583814,0.20822681674514426,dirichlet_10,,
388,0.073749430816031,0.16533325424414647,0.10453404345284657,0.3279758415187937,0.32840742996818223,dirichlet_10,,
389,0.3383501242921745,0.1435311685857547,0.1535522583018377,0.18699843430578478,0.1775680145144483,dirichlet_10,,
390,0.13463864236203985,0.22907145261079034,0.18546196812639865,0.3089991135589495,0.14182882334182165,dirichlet_10,,
391,0.16541088213841706,0.218240453392508,0.22650741326680512,0.2576938226137632,0.1321474285885065,dirichlet_10,,
392,0.16942378707754346,0.16098116707903012,0.18371376145976193,0.26063044272578295,0.2252508416578815,dirichlet_10,,
393,0.13687538883385797,0.20584379809741246,0.13775243548593877,0.3068411277759802,0.21268724980681075,dirichlet_10,,
394,0.2537364886352445,0.10462541633708301,0.22909095664757298,0.17083671436857611,0.24171042401152326,dirichlet_10,,
395,0.18313873562579908,0.1976367204728017,0.22425027759484029,0.16224558716387233,0.2327286791426866,dirichlet_10,,
396,0.15158771096723656,0.1503107387641971,0.20730310272286487,0.26227318811429473,0.22852525943140664,dirichlet_10,,
397,0.36996165420786176,0.1750715290142543,0.13283818885702545,0.14112166574983256,0.18100696217102596,dirichlet_10,,
398,0.21532505687452452,0.21425466749730385,0.1700677107898716,0.19671745125989296,0.20363511357840694,dirichlet_10,,
399,0.22694707687460788,0.1779311004918275,0.15323338120662364,0.2689820362012594,0.17290640522568168,dirichlet_10,,
400,0.185507094128403,0.13525157951738823,0.17882647474059724,0.22460789737815506,0.27580695423545654,dirichlet_10,,
401,0.23519928816891061,0.1263617497174527,0.26206165927980396,0.21734102924722784,0.1590362735866049,dirichlet_10,,
402,0.2091183839741422,0.11387154813463987,0.255223015180699,0.23704308969759058,0.18474396301292814,dirichlet_10,,
403,0.19700596551350819,0.2991043278522876,0.18034727004771042,0.19225460881347087,0.13128782777302306,dirichlet_10,,
404,0.18279582610888265,0.20813833450209934,0.23268759361563499,0.19636119252638642,0.18001705324699668,dirichlet_10,,
405,0.19842137008371072,0.1388402083654851,0.30944001704767105,0.2311970614607632,0.12210134304236997,dirichlet_10,,
406,0.15358301746804306,0.2607733413652149,0.20425951839724565,0.17708443914343366,0.20429968362606277,dirichlet_10,,
407,0.21387636189156767,0.2652806868267774,0.12856547678154556,0.250697496215635,0.14157997828447424,dirichlet_10,,
408,0.1058064116180108,0.21362735316520276,0.20220014304122033,0.1702684084501807,0.30809768372538554,dirichlet_10,,
409,0.19046725367016246,0.20901451268066978,0.1552816391478363,0.2690442300360495,0.17619236446528203,dirichlet_10,,
410,0.2396960809126548,0.1925333552854236,0.22312123285618166,0.1447475067610461,0.1999018241846938,dirichlet_10,,
411,0.14886531212268816,0.25689569039723686,0.20794011411764557,0.22308652680435495,0.16321235655807462,dirichlet_10,,
412,0.25662895683898435,0.1936369689485437,0.16881688419030386,0.2538284969017508,0.1270886931204174,dirichlet_10,,
413,0.16688760598070515,0.17341100573281926,0.21862684437440855,0.2862396422276704,0.1548349016843966,dirichlet_10,,
414,0.16629114705204623,0.11146054133433451,0.2199922735695371,0.3100766743784216,0.1921793636656604,dirichlet_10,,
415,0.16584249937266085,0.19864063085821942,0.23072783418874032,0.22388523913155103,0.1809037964488284,dirichlet_10,,
416,0.2851672411140422,0.19990257257565247,0.1904459374336895,0.1987468120381922,0.1257374368384235,dirichlet_10,,
417,0.23651017916819247,0.1222112640693916,0.13410138672441702,0.25506682600380365,0.2521103440341952,dirichlet_10,,
418,0.17583557344557013,0.1267611684453309,0.1834971381053179,0.27395489721098054,0.2399512227928004,dirichlet_10,,
419,0.1589163092799209,0.28058102136120827,0.13127718185012105,0.1955723270065741,0.23365316050217574,dirichlet_10,,
420,0.2752405882074771,0.192722932771006,0.14860499013912673,0.21789593765041643,0.1655355512319737,dirichlet_10,,
421,0.20762195299950406,0.20708257564683422,0.16473028238336734,0.26123956843226104,0.15932562053803342,dirichlet_10,,
422,0.2779958665308002,0.2813662995763564,0.13276530979783185,0.14653716356940055,0.16133536052561107,dirichlet_10,,
423,0.1283807047793134,0.2804828899914804,0.19902697661592078,0.24258346867687158,0.1495259599364138,dirichlet_10,,
424,0.26230897576775924,0.15578765249619886,0.2700569761574239,0.16159880628379686,0.15024758929482102,dirichlet_10,,
425,0.16628366199870992,0.20747320353750803,0.22579052869420724,0.1951490327672041,0.2053035730023707,dirichlet_10,,
426,0.2476313100191992,0.34838339877570695,0.23110985641456602,0.11734488312694266,0.055530551663585316,dirichlet_10,,
427,0.23681823454168444,0.1591286987370172,0.25161705450925326,0.09120700398416247,0.2612290082278826,dirichlet_10,,
428,0.1317327637674716,0.18691039406163396,0.31359207865167577,0.16448572488070992,0.20327903863850866,dirichlet_10,,
429,0.18914763617025476,0.14164882070865545,0.19040681920090294,0.24003640712489946,0.2387603167952875,dirichlet_10,,
430,0.19636416941503088,0.34304445083455715,0.19792064244580992,0.14083512913088053,0.12183560817372162,dirichlet_10,,
431,0.11267211683378192,0.2262028419588165,0.29685547411831364,0.18410202817239435,0.18016753891669351,dirichlet_10,,
432,0.21216594330039493,0.12762252010324163,0.26222222548038676,0.22379576116504404,0.17419354995093267,dirichlet_10,,
433,0.29286041293668597,0.23282483401365353,0.10217337829429467,0.18524095003300586,0.18690042472235993,dirichlet_10,,
434,0.23342076108660648,0.17352120961856873,0.2722780295444375,0.1538818446624552,0.16689815508793207,dirichlet_10,,
435,0.2313970245287865,0.10080508450566888,0.11921420668148217,0.19378134840657768,0.35480233587748466,dirichlet_10,,
436,0.13924073206446352,0.1988839365582215,0.2495433421248345,0.12758931432967924,0.2847426749228013,dirichlet_10,,
437,0.2541975727075891,0.18166507615133382,0.22028972788834444,0.17831297895357162,0.16553464429916112,dirichlet_10,,
438,0.15684696135251078,0.2693771096979816,0.17587767595921464,0.2065214992263285,0.19137675376396454,dirichlet_10,,
439,0.1953289842900876,0.22412817060709872,0.23820443853445722,0.20236471803972783,0.1399736885286286,dirichlet_10,,
440,0.27219464221037326,0.18528932464500533,0.1626438422439259,0.15175515610499324,0.2281170347957023,dirichlet_10,,
441,0.1743399263621474,0.22343442086143267,0.20699910425496112,0.2034013406637689,0.19182520785768994,dirichlet_10,,
442,0.1354265199632778,0.2296454870061004,0.15271087499168695,0.2741689331644224,0.20804818487451246,dirichlet_10,,
443,0.17051551039019824,0.27936714202631086,0.1528339950873845,0.2311354977783562,0.16614785471775012,dirichlet_10,,
444,0.14661882988508676,0.24415010839564827,0.13044973779418478,0.2656396339819722,0.21314168994310798,dirichlet_10,,
445,0.13159439071616558,0.2018820396555486,0.12819972983320316,0.32075772896696997,0.21756611082811264,dirichlet_10,,
446,0.2142433456247067,0.1605750799111167,0.21306087034516713,0.18387535953232445,0.22824534458668497,dirichlet_10,,
447,0.12214861533045038,0.23400605160058033,0.26931871312267647,0.15309635863412038,0.22143026131217236,dirichlet_10,,
448,0.19919290631091097,0.30831154657378373,0.1219062590277769,0.19624720119706396,0.17434208689046446,dirichlet_10,,
449,0.20731681621162085,0.1768870233209704,0.2027585769113299,0.2211864021947737,0.19185118136130502,dirichlet_10,,
450,0.2385515946163628,0.21888472891485783,0.12389533353626879,0.24667247132765233,0.17199587160485832,dirichlet_10,,
451,0.18100939323005774,0.1478201761925984,0.2736278738713073,0.15275410885908106,0.24478844784695544,dirichlet_10,,
452,0.17792734772568955,0.1884527781238204,0.23523380366786362,0.1834150833206687,0.2149709871619578,dirichlet_10,,
453,0.21700771583429374,0.25374605180468623,0.16163241092524314,0.11424172277518277,0.2533720986605941,dirichlet_10,,
454,0.17406337512366657,0.21295611921821644,0.2817129722492698,0.13065301465574816,0.20061451875309916,dirichlet_10,,
455,0.24763885861006735,0.1660571726732698,0.24248157181423227,0.16861049125129252,0.1752119056511381,dirichlet_10,,
456,0.18453996676657644,0.24979135905016156,0.12173656557895336,0.2785502046680954,0.16538190393621324,dirichlet_10,,
457,0.2441347929386678,0.26523379640992645,0.1202223401237433,0.0900871089440297,0.28032196158363265,dirichlet_10,,
458,0.1387632635653491,0.18157770779786414,0.2647766404951111,0.21251018789120732,0.20237220025046823,dirichlet_10,,
459,0.225737134972039,0.17582491249568924,0.25253699289139964,0.17673484238321752,0.16916611725765449,dirichlet_10,,
460,0.18530214175023996,0.18480887488627906,0.17200694005199504,0.12712685641637464,0.33075518689511124,dirichlet_10,,
461,0.06825449727216333,0.2400621907848271,0.15943183422848528,0.22426964449813513,0.30798183321638906,dirichlet_10,,
462,0.22290874817317774,0.1723056029450155,0.16540787863105819,0.18246021881345043,0.25691755143729794,dirichlet_10,,
463,0.1433995053196203,0.15177790988758427,0.2543293234313187,0.15009853092971248,0.3003947304317641,dirichlet_10,,
464,0.15106536611539226,0.20628977421233258,0.2547345611707356,0.19060050955967778,0.19730978894186166,dirichlet_10,,
465,0.19559441775894185,0.2909813879387763,0.2030717030398168,0.15486410282417556,0.15548838843828944,dirichlet_10,,
466,0.296795674112902,0.26475878977981826,0.06749394301721923,0.1374093096215143,0.23354228346854608,dirichlet_10,,
467,0.22144011859586782,0.3319141941711731,0.1299817834371607,0.08730488599164213,0.22935901780415618,dirichlet_10,,
468,0.16179713567152057,0.2323582691525852,0.2683064028774104,0.182023257162498,0.1555149351359858,dirichlet_10,,
469,0.2868397408497726,0.16953537382173278,0.12125448658461771,0.18989508641484096,0.23247531232903587,dirichlet_10,,
470,0.28578236055527745,0.09727235661601889,0.16150538078121118,0.20138232095032077,0.25405758109717186,dirichlet_10,,
471,0.22093529986949595,0.09068335397135593,0.2535955365951984,0.21999890570862707,0.21478690385532256,dirichlet_10,,
472,0.16836203098205899,0.16667292844919512,0.175364904436384,0.19995257906708097,0.2896475570652809,dirichlet_10,,
473,0.20982569704632842,0.2121144477845342,0.18599231310774003,0.1646443922106391,0.2274231498507582,dirichlet_10,,
474,0.15680544177363104,0.26228469817970246,0.19647977193028765,0.1974253531868893,0.18700473492948946,dirichlet_10,,
475,0.2090755823937984,0.19486256942534208,0.16466798800609816,0.21870236877089605,0.2126914914038653,dirichlet_10,,
476,0.20528970384118278,0.17837018977561836,0.17774964263822401,0.20393453747489731,0.2346559262700777,dirichlet_10,,
477,0.21528078648065596,0.06205599299447367,0.20967576079528447,0.27382223842969095,0.23916522129989493,dirichlet_10,,
478,0.2097213017881056,0.16641304660551462,0.17973227007908563,0.14949341040064965,0.2946399711266446,dirichlet_10,,
479,0.2110732497904202,0.16938173784308846,0.1820124634048149,0.2628414823966118,0.17469106656506475,dirichlet_10,,
480,0.2057196817135829,0.17190459693834112,0.25032843139020955,0.19145615976895042,0.18059113018891595,dirichlet_10,,
481,0.1652833635027807,0.22138645881597535,0.1829341673595495,0.13799875055220615,0.29239725976948816,dirichlet_10,,
482,0.14935937047754164,0.2549384869259893,0.17995703212724298,0.20200477491395222,0.2137403355552738,dirichlet_10,,
483,0.12042579483128962,0.21330329567772188,0.2621515112976283,0.24373078601292134,0.16038861218043884,dirichlet_10,,
484,0.22074811188176371,0.17444854734846893,0.28755938790908636,0.19459378652485432,0.12265016633582675,dirichlet_10,,
485,0.34919493198933854,0.13706348356657844,0.16652653159035302,0.22473242405876115,0.12248262879496893,dirichlet_10,,
486,0.2325681790146007,0.10981160989214928,0.26505694105046973,0.2159320827639446,0.17663118727883556,dirichlet_10,,
487,0.20694143376275606,0.21309168605981976,0.21672380102098246,0.21328135510642665,0.14996172405001496,dirichlet_10,,
488,0.18841395340650077,0.21932212733239279,0.2547806875163614,0.22064308482350403,0.11684014692124113,dirichlet_10,,
489,0.1826046507136381,0.15022532724679422,0.2789068721828285,0.1730186486138206,0.21524450124291877,dirichlet_10,,
490,0.13379750367617266,0.2672233976160096,0.2535230209829476,0.18992619952502215,0.15552987819984798,dirichlet_10,,
491,0.16254867161319966,0.257586124153267,0.20240201810413141,0.1666934766132488,0.21076970951615323,dirichlet_10,,
492,0.20836928857206705,0.2219335063019729,0.1217601591612263,0.18603076724753267,0.2619062787172011,dirichlet_10,,
493,0.2008317755575617,0.13367105882775002,0.11616381588230662,0.20641794528655294,0.34291540444582863,dirichlet_10,,
494,0.14734980626808986,0.2231335071552822,0.21742714880939903,0.27698459368081196,0.13510494408641704,dirichlet_10,,
495,0.19506144878523365,0.19370984444326764,0.23223714683918306,0.22743066685873534,0.15156089307358034,dirichlet_10,,
496,0.3171710691391853,0.1723218881153714,0.1659632864063563,0.18792573377081542,0.15661802256827156,dirichlet_10,,
497,0.3383197728781229,0.26175745974527226,0.12751673997784968,0.12153739242672354,0.15086863497203185,dirichlet_10,,
498,0.2648638938744379,0.2940382273815648,0.1378270954296984,0.11866054902993631,0.18461023428436263,dirichlet_10,,
499,0.14773456967169774,0.2587118245951845,0.174184583222643,0.23223506694715218,0.18713395556332282,dirichlet_10,,
500,0.18534294918070593,0.23246279050232022,0.12543139352771523,0.21341269960524345,0.2433501671840152,dirichlet_10,,
501,0.27533894399363756,0.2322289048800671,0.16234195126983564,0.11305366253683546,0.21703653731962416,dirichlet_10,,
502,0.2646115092524068,0.16228967424640464,0.15240693427010824,0.17673937079577243,0.24395251143530788,dirichlet_10,,
503,0.16026057095782553,0.2721632265992345,0.21089956099640492,0.15069576084001973,0.20598088060651534,dirichlet_10,,
504,0.2646228945428296,0.13619121191960207,0.2260688694875524,0.16560935174356384,0.20750767230645203,dirichlet_10,,
505,0.18810167311811446,0.24812794740035987,0.1155659485752666,0.14162169888168735,0.3065827320245718,dirichlet_10,,
506,0.2689776736905337,0.1716405321141597,0.21144765626347573,0.12324986037052711,0.2246842775613038,dirichlet_10,,
507,0.15352326285806378,0.20982914907557806,0.20440861386787224,0.16178587078931,0.27045310340917583,dirichlet_10,,
508,0.24408459613102096,0.20555995261945592,0.1336987027044371,0.1686350600524878,0.24802168849259826,dirichlet_10,,
509,0.17558045141661976,0.30532853133999144,0.17649328466308747,0.23318296231698563,0.10941477026331563,dirichlet_10,,
510,0.23217546577999576,0.19697781402706516,0.22775776047997126,0.1423985901762562,0.2006903695367117,dirichlet_10,,
511,0.2436201916422235,0.2553230925304314,0.11834394273948402,0.2416667162923812,0.14104605679548,dirichlet_10,,
512,0.19536239560538002,0.15154326075025348,0.1941752720870992,0.27700665548391606,0.1819124160733514,dirichlet_10,,
513,0.22601534469679221,0.12290705386117368,0.15485031450655584,0.175893943367547,0.3203333435679313,dirichlet_10,,
514,0.4003723758511053,0.10033403505133914,0.22516282952192226,0.1365803008179574,0.13755045875767577,dirichlet_10,,
515,0.12873820329216548,0.16565387822368097,0.17701370858016627,0.2892834906680496,0.23931071923593764,dirichlet_10,,
516,0.2435149976794912,0.06627839322713555,0.224768489690909,0.2879205040064229,0.1775176153960414,dirichlet_10,,
517,0.1949458761140645,0.23322876436593415,0.2635703175683202,0.14107783986968067,0.16717720208200043,dirichlet_10,,
518,0.1405989007866817,0.2624390515323225,0.2216327296673636,0.16859688143956808,0.2067324365740642,dirichlet_10,,
519,0.14199216679930607,0.12238702362008487,0.21069536386316032,0.21451902465898806,0.3104064210584607,dirichlet_10,,
520,0.1923417902429316,0.2693903725278508,0.13717731354356758,0.1734272570166939,0.2276632666689562,dirichlet_10,,
521,0.0880981523180512,0.09465930696948345,0.3956881592982316,0.12332353086664045,0.2982308505475933,dirichlet_10,,
522,0.21785148343287056,0.15664310506189102,0.12961311717414647,0.24809599664922707,0.2477962976818648,dirichlet_10,,
523,0.18452720210091691,0.1913790342273817,0.2039622394823886,0.25867286800632466,0.16145865618298802,dirichlet_10,,
524,0.14635698190833027,0.26057221561415406,0.19095273978142094,0.21032102161366154,0.19179704108243323,dirichlet_10,,
525,0.11118265265937967,0.2774693103790603,0.1672479224581844,0.2810813693757174,0.16301874512765838,dirichlet_10,,
526,0.20303238124121448,0.178321419723707,0.113568908481936,0.2530746767895254,0.2520026137636172,dirichlet_10,,
527,0.21002426443542063,0.16747149706832137,0.1726455819504597,0.2240526800871502,0.22580597645864808,dirichlet_10,,
528,0.31488337638775993,0.2040520949280646,0.1749073229075225,0.20243019521713798,0.10372701055951515,dirichlet_10,,
529,0.209198859240006,0.19190388214112128,0.24342037652916554,0.21898801908082366,0.13648886300888366,dirichlet_10,,
530,0.27665154023570726,0.2114091142593848,0.23986776898769346,0.09259235888611064,0.1794792176311039,dirichlet_10,,
531,0.18991006181568643,0.23930887067447196,0.1875525698208005,0.18659342362070577,0.19663507406833539,dirichlet_10,,
532,0.13924151122866232,0.1896093767868793,0.22925053274336,0.2412808417380318,0.2006177375030665,dirichlet_10,,
533,0.13392733220343417,0.20405169692335065,0.20532567653718545,0.19953278109850472,0.2571625132375249,dirichlet_10,,
534,0.24895586053362098,0.1682815664205031,0.22509198938164562,0.10921046823948938,0.248460115424741,dirichlet_10,,
535,0.2714694382232461,0.24333211757075307,0.10552809666507855,0.1964297445655045,0.18324060297541794,dirichlet_10,,
536,0.1820522793035182,0.18592518876226277,0.2524555686508785,0.1704716740111453,0.20909528927219517,dirichlet_10,,
537,0.12446459505971509,0.19469658872123705,0.3237633695417082,0.20535300183505428,0.15172244484228545,dirichlet_10,,
538,0.23795267261450384,0.21213673851165335,0.18115138180103874,0.22799503557283982,0.14076417149996417,dirichlet_10,,
539,0.19278124325844884,0.23685251823657819,0.12839927679321922,0.22259032305181445,0.21937663865993934,dirichlet_10,,
540,0.24421983904917968,0.25938313536033636,0.09421582157082577,0.1672734110834689,0.2349077929361893,dirichlet_10,,
541,0.23257187115311548,0.22628198146115436,0.16577652481754876,0.22766327229857486,0.1477063502696064,dirichlet_10,,
542,0.33531333961153165,0.13516771034511968,0.1564673922174493,0.15370745825086335,0.21934409957503595,dirichlet_10,,
543,0.2494514364090285,0.1346749526402056,0.23209888867777545,0.10843445991471705,0.27534026235827336,dirichlet_10,,
544,0.1664291755075268,0.11970492835462056,0.16931986454144557,0.3237149308090129,0.2208311007873942,dirichlet_10,,
545,0.14551486644551126,0.16770162461479346,0.16986805904296967,0.25519057874149537,0.26172487115523024,dirichlet_10,,
546,0.1724207522189685,0.16730247520974525,0.386374715001961,0.18416812218747095,0.08973393538185431,dirichlet_10,,
547,0.14404830855501843,0.16961641743809794,0.21864005604025344,0.2518761247971386,0.21581909316949158,dirichlet_10,,
548,0.15362435527159307,0.20937345435429694,0.2686704268583758,0.13715538629870516,0.23117637721702905,dirichlet_10,,
549,0.1886905903759641,0.2677845848165062,0.15457509609933165,0.27548347618804236,0.11346625252015578,dirichlet_10,,
550,0.13169518246258272,0.2478815736669457,0.21863821525584773,0.13405048630455976,0.2677345423100641,dirichlet_10,,
551,0.2753748316286614,0.1459440545752183,0.16946899785346659,0.17016932959895506,0.2390427863436985,dirichlet_10,,
552,0.2753794296900374,0.1320622896198384,0.1589157949800825,0.20213366520110176,0.23150882050893992,dirichlet_10,,
553,0.2086311240652838,0.04373192912365562,0.1635505322710683,0.27196319437566224,0.31212322016433014,dirichlet_10,,
554,0.1657707054074331,0.13203265101424028,0.19759105265691637,0.2652797660762973,0.23932582484511286,dirichlet_10,,
555,0.15185202503057926,0.32278735781224316,0.26011673705277494,0.14695062203158651,0.11829325807281618,dirichlet_10,,
556,0.20332197679664196,0.24652279887730394,0.15730889088393923,0.1263061328834077,0.2665402005587072,dirichlet_10,,
557,0.15324739774428178,0.19271406178917774,0.2379591679623353,0.17434229905799042,0.24173707344621478,dirichlet_10,,
558,0.21781080972586403,0.22317020446703426,0.09666333882814926,0.14710559198365092,0.3152500549953016,dirichlet_10,,
559,0.16112866612786386,0.2292470162732836,0.2986366786347489,0.20609387107621704,0.10489376788788657,dirichlet_10,,
560,0.16869794606980906,0.09681928042984983,0.2526666911132919,0.2851244009219991,0.1966916814650504,dirichlet_10,,
561,0.17913758091908735,0.18433481370216923,0.20962548685230786,0.271373415131687,0.15552870339474878,dirichlet_10,,
562,0.1728969568741763,0.2361636979683595,0.18967557586475606,0.1949137971794367,0.2063499721132715,dirichlet_10,,
563,0.17454992745551481,0.21652570334998972,0.23030794720129497,0.19051141706224548,0.18810500493095497,dirichlet_10,,
564,0.15262301213114368,0.2562671822836706,0.2571850111605386,0.24159167520479985,0.09233311921984733,dirichlet_10,,
565,0.262156462409393,0.23141909750503756,0.14584415668078365,0.11318966276207568,0.2473906206427101,dirichlet_10,,
566,0.24221587204037162,0.09086879699868547,0.2415428688130116,0.1931873819012513,0.23218508024668,dirichlet_10,,
567,0.17426637197373532,0.20409293401048204,0.18823021762152028,0.18655229480646274,0.24685818158779962,dirichlet_10,,
568,0.19341512343247622,0.2413330992449048,0.1032243877470506,0.27454633929251954,0.18748105028304884,dirichlet_10,,
569,0.15825781537586886,0.09526455453847703,0.13048741897687519,0.28858629347400977,0.32740391763476906,dirichlet_10,,
570,0.13019032013043857,0.24615441933270726,0.16402687388897563,0.2685528985368349,0.19107548811104358,dirichlet_10,,
571,0.13761850066396134,0.30800756473754465,0.13946464218635266,0.23963569525885658,0.1752735971532848,dirichlet_10,,
572,0.1503204950820497,0.23480508143238352,0.15823640596212207,0.22958853705433094,0.22704948046911375,dirichlet_10,,
573,0.12124827755550016,0.156315213582947,0.21620438400351116,0.24845183372424057,0.25778029113380124,dirichlet_10,,
574,0.2743806160999053,0.1987661087394042,0.19393602508276714,0.17268423190544188,0.16023301817248164,dirichlet_10,,
575,0.28091835962410167,0.17185689920410382,0.1884871720867864,0.24271462425983165,0.11602294482517655,dirichlet_10,,
576,0.1767104549253785,0.11868416031852418,0.23248146840799638,0.24383202381941504,0.22829189252868595,dirichlet_10,,
577,0.15097837710986253,0.1763218829124242,0.2551984852042503,0.11927570141458936,0.2982255533588736,dirichlet_10,,
578,0.24194403294621422,0.17959491654085535,0.14406433139001346,0.13880052828934983,0.29559619083356714,dirichlet_10,,
579,0.25180900493987574,0.16343976004627417,0.2017405622475194,0.22880746463119775,0.15420320813513286,dirichlet_10,,
580,0.2803513957312512,0.2242573954654725,0.1389894740816023,0.15302414688976798,0.20337758783190601,dirichlet_10,,
581,0.15946940749885813,0.1657030727274321,0.14575654101372906,0.24461331755658797,0.28445766120339266,dirichlet_10,,
582,0.1683336026147622,0.19151092244171827,0.2817098041264209,0.17228820960778268,0.18615746120931612,dirichlet_10,,
583,0.2267051797807207,0.21172662999889724,0.13252518551816492,0.18361533271686412,0.24542767198535306,dirichlet_10,,
584,0.13573316892373596,0.19231389472341212,0.20482113811896133,0.31009346162784623,0.15703833660604422,dirichlet_10,,
585,0.24760091303029247,0.3267038304306787,0.09836177595051063,0.1116692798950778,0.2156642006934405,dirichlet_10,,
586,0.17635885670452947,0.15347395402571745,0.13920168780712672,0.23391536613588168,0.2970501353267448,dirichlet_10,,
587,0.11681455888228677,0.3389437722678643,0.1718326902975933,0.1751942202412115,0.19721475831104418,dirichlet_10,,
588,0.18676875972562898,0.22156952414027917,0.1759812245160127,0.2505260381826881,0.16515445343539115,dirichlet_10,,
589,0.22353202888834084,0.20003901205669833,0.1744675604542383,0.2726221044328426,0.12933929416787981,dirichlet_10,,
590,0.13557079773633499,0.2542404633582185,0.283543983536066,0.16933047018163078,0.1573142851877498,dirichlet_10,,
591,0.18214761513264227,0.22478474234842563,0.21390021850817015,0.22953388609924516,0.14963353791151682,dirichlet_10,,
592,0.25459939965202877,0.21256414232716955,0.21727162176032436,0.16980861852751467,0.1457562177329626,dirichlet_10,,
593,0.1427342656898371,0.17695115630165056,0.1618784578987789,0.23658627535627136,0.2818498447534621,dirichlet_10,,
594,0.16052809799154752,0.17518662500009496,0.20890550837534644,0.2098241368694489,0.24555563176356213,dirichlet_10,,
595,0.1756591355056689,0.24725318754874637,0.18806274125011657,0.17179323242678152,0.2172317032686866,dirichlet_10,,
596,0.1483098233366541,0.23604266579991046,0.18578539368648475,0.14873428400674252,0.28112783317020823,dirichlet_10,,
597,0.21348955002077533,0.20979250013232273,0.18905697591244808,0.2584967966446076,0.12916417728984622,dirichlet_10,,
598,0.1460401897399217,0.27150596135301824,0.21999767537659942,0.23022610253752954,0.13223007099293124,dirichlet_10,,
599,0.2545994947247022,0.1827667335998984,0.1352672192654264,0.2084960910232035,0.2188704613867697,dirichlet_10,,
600,0.16664081637776845,0.20754888526768808,0.17778554960717372,0.2132231987400799,0.23480155000728986,dirichlet_10,,
601,0.19503683402600916,0.14190884139774546,0.1529689439215152,0.18560431009570252,0.3244810705590278,dirichlet_10,,
602,0.12592217713633072,0.26381391712815,0.2264453826653926,0.20197713928603456,0.1818413837840922,dirichlet_10,,
603,0.18739592556337678,0.15628871487366958,0.3112339601889575,0.19566701201174927,0.14941438736224694,dirichlet_10,,
604,0.19234044508669512,0.14666458323082665,0.2974234547384696,0.167925885376671,0.1956456315673377,dirichlet_10,,
605,0.2476409046712065,0.18194074655077738,0.22186661851195844,0.16893756416532538,0.17961416610073233,dirichlet_10,,
606,0.1715773282443168,0.3087070592303969,0.26486089945099744,0.19147754849718052,0.06337716457710828,dirichlet_10,,
607,0.26921827956747113,0.1825473663921104,0.15072772731805517,0.2566731761215148,0.14083345060084837,dirichlet_10,,
608,0.16988153136675496,0.2783030364826519,0.22715788223100097,0.177645882744811,0.14701166717478112,dirichlet_10,,
609,0.34837223234982645,0.17323137033646308,0.1643874551022857,0.20003488047316104,0.11397406173826374,dirichlet_10,,
610,0.24706801233179165,0.22351569749911107,0.15772541215088048,0.16090914609007212,0.21078173192814467,dirichlet_10,,
611,0.17575336869027205,0.23323729655789394,0.16237491913022864,0.20499808789728455,0.2236363277243209,dirichlet_10,,
612,0.09233361043980946,0.2730696892389077,0.19276847821568402,0.2253520728526084,0.21647614925299039,dirichlet_10,,
613,0.29302868796674136,0.12540455138179493,0.28944788308152897,0.16616462017216788,0.12595425739776678,dirichlet_10,,
614,0.22811073445703048,0.260413972059412,0.2360567355772821,0.07690555683200019,0.1985130010742753,dirichlet_10,,
615,0.13802523932920158,0.3145995606833525,0.17145229410375318,0.2055585023978224,0.17036440348587026,dirichlet_10,,
616,0.20972272690055158,0.13046593545948762,0.23751006730713548,0.1506063489344903,0.27169492139833495,dirichlet_10,,
617,0.15876736582063605,0.22220938273731042,0.12773523246345483,0.27553667613857585,0.21575134284002295,dirichlet_10,,
618,0.19484948349330786,0.21468107585727467,0.24968748623996068,0.22083116203475828,0.11995079237469856,dirichlet_10,,
619,0.3395817730267599,0.1380561237755745,0.20759287102114904,0.1662273104661659,0.1485419217103508,dirichlet_10,,
620,0.23989073935405444,0.2380863130526834,0.15272662104466986,0.1943776772601057,0.1749186492884867,dirichlet_10,,
621,0.2642229280618443,0.14583964939539976,0.18547732100788764,0.23599347501446674,0.16846662652040156,dirichlet_10,,
622,0.12301403265837967,0.22003004790518033,0.1518827705480253,0.29581640586311814,0.20925674302529665,dirichlet_10,,
623,0.10124967850493061,0.2844307504501031,0.18013909984876572,0.24529985269529514,0.18888061850090562,dirichlet_10,,
624,0.2859314166968421,0.19328687580962126,0.19445606225293333,0.15195410529082592,0.17437153994977742,dirichlet_10,,
625,0.07983187156717944,0.24023880003014667,0.12956513884912524,0.3110278699566646,0.23933631959688398,dirichlet_10,,
626,0.16797522501193918,0.14921264970156575,0.26075341955751025,0.18505465189171236,0.23700405383727252,dirichlet_10,,
627,0.16915379261256072,0.26430023012248116,0.14860489996124546,0.3190545176631481,0.0988865596405645,dirichlet_10,,
628,0.1716076821326952,0.23404219072721832,0.152204214434598,0.17786701236013738,0.2642789003453511,dirichlet_10,,
629,0.19119073006601764,0.3032066034907457,0.2072147527495847,0.15741673849990054,0.14097117519375146,dirichlet_10,,
630,0.14899512285121197,0.18759770682974344,0.21555703642230228,0.17439926698025435,0.273450866916488,dirichlet_10,,
631,0.17897343245821343,0.3511260529574897,0.13035772800053252,0.20956126250788648,0.12998152407587765,dirichlet_10,,
632,0.2823038118250031,0.12658275638329258,0.2366508803350797,0.18995549519263322,0.1645070562639915,dirichlet_10,,
633,0.2525798059630005,0.21139464347673653,0.2833908712191601,0.06500049416849041,0.18763418517261235,dirichlet_10,,
634,0.1569527991431928,0.09769474330374725,0.3087135101390577,0.17872383357762944,0.2579151138363729,dirichlet_10,,
635,0.11775287644788172,0.22069503818596953,0.2195113097660151,0.2500761264596316,0.19196464914050201,dirichlet_10,,
636,0.19721100518653914,0.19134520370913582,0.20686434144798035,0.15337713595813238,0.2512023136982124,dirichlet_10,,
637,0.1895663593974666,0.28844320310148824,0.15218210383674474,0.16601959321724574,0.20378874044705456,dirichlet_10,,
638,0.12030257206600607,0.20320661845196605,0.16601490865977492,0.33093420936595724,0.17954169145629595,dirichlet_10,,
639,0.2556129919586258,0.19000561849780626,0.3175234712993724,0.15514252809373105,0.08171539015046456,dirichlet_10,,
640,0.3003844358424217,0.17217384762003396,0.17938923209863739,0.1332844995267005,0.21476798491220658,dirichlet_10,,
641,0.1269638134864986,0.23990671802095875,0.284497984767076,0.24903801150004215,0.09959347222542449,dirichlet_10,,
642,0.23633994305331255,0.18915000524186457,0.25296867022497577,0.1282607140671142,0.1932806674127329,dirichlet_10,,
643,0.17396586089963093,0.3038568487564364,0.1115144695001221,0.16671628459388596,0.24394653624992452,dirichlet_10,,
644,0.2208401633553009,0.19111602126542993,0.27655353519519027,0.16511521907074989,0.14637506111332904,dirichlet_10,,
645,0.3285334853061035,0.2509261111416164,0.1882460346468886,0.10147006447099143,0.13082430443440016,dirichlet_10,,
646,0.16428973595815827,0.22322917778439955,0.21807420240130743,0.25021660657584466,0.14419027728029,dirichlet_10,,
647,0.15352315320894247,0.25448363510513133,0.22575142018421368,0.2125791427844152,0.15366264871729723,dirichlet_10,,
648,0.3445829181103753,0.16077025663478758,0.09618318997191233,0.17915463830484568,0.219308996978079,dirichlet_10,,
649,0.13578390041532365,0.1356979922863477,0.3199527532109015,0.18103223928262613,0.2275331148048009,dirichlet_10,,
650,0.18344246575744133,0.24186325309778067,0.1613407231921907,0.24591332679201136,0.16744023116057585,dirichlet_10,,
651,0.17529519969455615,0.23627610988259914,0.16992489127872684,0.2132570046946395,0.20524679444947835,dirichlet_10,,
652,0.1546192215330612,0.21573914296793342,0.21182329295329033,0.2135325454020405,0.20428579714367465,dirichlet_10,,
653,0.21409941382011266,0.17232876585398343,0.2266073976923394,0.1514881586977712,0.2354762639357933,dirichlet_10,,
654,0.23616717153772845,0.2196109053053359,0.16401181515870628,0.2156967401878586,0.16451336781037068,dirichlet_10,,
655,0.16532483130834943,0.2504469414136187,0.15632939516207559,0.19415735367105505,0.2337414784449013,dirichlet_10,,
656,0.2040834238768964,0.28314949684088997,0.16385789261709394,0.1845723529489633,0.16433683371615626,dirichlet_10,,
657,0.2047767803342059,0.22298431909624195,0.20728864757258858,0.1911417096727992,0.17380854332416432,dirichlet_10,,
658,0.37639188102367876,0.15280848526870056,0.16177317030434793,0.13909352067622893,0.16993294272704387,dirichlet_10,,
659,0.1895901328637935,0.13782749302843153,0.2028292091589057,0.1916472794576133,0.27810588549125603,dirichlet_10,,
660,0.16872655864164907,0.13000234364847138,0.2373336927140576,0.16467463324371195,0.29926277175210997,dirichlet_10,,
661,0.20492647187112756,0.2515923007699737,0.14910619176412893,0.17686672307484563,0.21750831251992425,dirichlet_10,,
662,0.2156779988469547,0.1574251941838235,0.21472767690124933,0.18977621689826357,0.22239291316970886,dirichlet_10,,
663,0.21618681559333283,0.2783941317079138,0.08181485953686846,0.17122174001485216,0.2523824531470329,dirichlet_10,,
664,0.24188351183530407,0.19796066886112768,0.2460125349241996,0.19098214655584478,0.12316113782352399,dirichlet_10,,
665,0.1873975836540227,0.2984366276546716,0.15674085159168005,0.21239982211252154,0.14502511498710388,dirichlet_10,,
666,0.12921782652276834,0.27910392467429035,0.22285982620863365,0.22730751163084223,0.14151091096346533,dirichlet_10,,
667,0.27637691742005804,0.17536983537766135,0.2123510332457805,0.15619711788019783,0.17970509607630253,dirichlet_10,,
668,0.1504322352932168,0.242145663238215,0.17732528125695343,0.26701808919115,0.16307873102046466,dirichlet_10,,
669,0.13595881666556464,0.17483232844951907,0.22077414109486126,0.3105526453488041,0.1578820684412509,dirichlet_10,,
670,0.18977190030860255,0.2570377299949688,0.18590863710889757,0.28872126527902875,0.07856046730850219,dirichlet_10,,
671,0.14366948345283173,0.23827483307396177,0.2168552862140699,0.1472915260317074,0.2539088712274292,dirichlet_10,,
672,0.22184544538048334,0.28311100853516147,0.10734029627848607,0.12480663330375764,0.2628966165021113,dirichlet_10,,
673,0.21864523413166187,0.18263000179804356,0.1923455330981402,0.2292190790967237,0.17716015187543066,dirichlet_10,,
674,0.240997919060461,0.1085481336165243,0.12544697971627536,0.3102493698619151,0.2147575977448243,dirichlet_10,,
675,0.2019895938194463,0.2701536323126484,0.1328649536940849,0.2611690406113218,0.13382277956249874,dirichlet_10,,
676,0.1271146526063294,0.13218169851623876,0.23089613777189943,0.2300220167172569,0.27978549438827555,dirichlet_10,,
677,0.19232316372427039,0.1984821391953027,0.23369351035183597,0.22180031809814002,0.15370086863045102,dirichlet_10,,
678,0.21596785412486916,0.10069581019006538,0.22855407699277844,0.2927704552520075,0.1620118034402795,dirichlet_10,,
679,0.08692979511134394,0.18413065741398482,0.2444615095225307,0.23023884710078826,0.25423919085135227,dirichlet_10,,
680,0.10511834830277969,0.28723831926213594,0.2726950106709409,0.15959266611254302,0.1753556556516005,dirichlet_10,,
681,0.15897344048297224,0.21560231257861176,0.1972502755747817,0.22123247684038216,0.2069414945232521,dirichlet_10,,
682,0.1509665039743505,0.1765053803345056,0.20423948447497917,0.28526555430457623,0.1830230769115887,dirichlet_10,,
683,0.13412576044020064,0.13811795472792013,0.2715732542562775,0.278344949607317,0.17783808096828482,dirichlet_10,,
684,0.1622196292314309,0.19026775767393067,0.25962940242912824,0.14453573246909418,0.24334747819641595,dirichlet_10,,
685,0.15036356705329834,0.22142906969717047,0.2158452976214412,0.21169538590030557,0.20066667972778432,dirichlet_10,,
686,0.19717044311564114,0.2582154017300148,0.19656168474797553,0.1054752014582365,0.24257726894813228,dirichlet_10,,
687,0.2682483165976111,0.19941807755745786,0.23521932058886943,0.10177964005233871,0.19533464520372282,dirichlet_10,,
688,0.21584769492752096,0.14694972653960378,0.20418255147160166,0.20177961276270612,0.23124041429856762,dirichlet_10,,
689,0.21517169716277768,0.2293621016515679,0.16699241933636685,0.18363463510701183,0.20483914674227574,dirichlet_10,,
690,0.15952932217332394,0.16021030738236716,0.281995144984678,0.2517230965516605,0.14654212890797047,dirichlet_10,,
691,0.2029923462576754,0.17027970793663555,0.19883482647133938,0.17802667646559855,0.24986644286875107,dirichlet_10,,
692,0.20725082680025864,0.19785192880811256,0.21700364564961624,0.1943757803431128,0.1835178183988999,dirichlet_10,,
693,0.27301068810415907,0.21191452338425643,0.2370492898758182,0.14622939726985607,0.13179610136591033,dirichlet_10,,
694,0.19202222151197448,0.2094728335082422,0.2060274633516695,0.18605262707537368,0.20642485455274012,dirichlet_10,,
695,0.25134875276508123,0.18089818114875725,0.15005574283585693,0.26174885695022354,0.1559484663000809,dirichlet_10,,
696,0.13635050990725023,0.1347188673472731,0.21662193512454817,0.30099302010959905,0.21131566751132957,dirichlet_10,,
697,0.26421758267308953,0.13621630327013906,0.16363206321537055,0.29043794149184865,0.1454961093495524,dirichlet_10,,
698,0.15043424274118045,0.20098645376260238,0.15950200615623725,0.24144769700004445,0.24762960033993553,dirichlet_10,,
699,0.19463568140356194,0.1996178555425218,0.24709263886203067,0.21465072093823068,0.14400310325365484,dirichlet_10,,
700,0.1963122225773455,0.15558784966815867,0.21442545616295786,0.2617347996415298,0.17193967195000814,dirichlet_10,,
701,0.12482966441395602,0.1630090278742625,0.31956742904314667,0.22511616039143983,0.167477718277195,dirichlet_10,,
702,0.12386005140954616,0.2765747941790981,0.16977909461016366,0.21717755007522374,0.21260850972596843,dirichlet_10,,
703,0.19285892021468826,0.17918184649481,0.21737291116189567,0.15513046367767186,0.25545585845093394,dirichlet_10,,
704,0.16741374136747547,0.26473549589541645,0.2025408623826857,0.16591407988836704,0.1993958204660553,dirichlet_10,,
705,0.18937678020256346,0.15252918316150685,0.27076986797269964,0.21276286818862822,0.17456130047460178,dirichlet_10,,
706,0.317184706873992,0.2713366803641142,0.11381259046498952,0.1741725662620231,0.1234934560348811,dirichlet_10,,
707,0.13221595183868406,0.2179053510288673,0.23980779438932812,0.1827292727975671,0.22734162994555346,dirichlet_10,,
708,0.14402568528778967,0.3042584197065783,0.2643265895703221,0.1598072105045179,0.1275820949307919,dirichlet_10,,
709,0.17799980141554136,0.1954763591190658,0.14955667918382098,0.1462391755391804,0.3307279847423915,dirichlet_10,,
710,0.26328073209061503,0.22101304265809182,0.22691955722570464,0.1963384414078761,0.09244822661771249,dirichlet_10,,
711,0.1185477625225879,0.2604625553589544,0.2096971991791529,0.19245401157866043,0.21883847136064433,dirichlet_10,,
712,0.223044407624214,0.2226590605805448,0.1380134449337645,0.16187437960593198,0.2544087072555448,dirichlet_10,,
713,0.24576211169657391,0.1509959702530587,0.2719483900229538,0.17673610175874685,0.15455742626866684,dirichlet_10,,
714,0.16471399643402426,0.1717468763505314,0.22544527804786396,0.27383686626331927,0.16425698290426122,dirichlet_10,,
715,0.23316695637987989,0.24747886353436957,0.19895817171546878,0.13086135889137485,0.18953464947890677,dirichlet_10,,
716,0.2204566572476251,0.26467439726413244,0.20470998549586644,0.18257597731581604,0.12758298267656007,dirichlet_10,,
717,0.21533281203427157,0.13156657629397964,0.23560036878456964,0.2000127830466516,0.2174874598405276,dirichlet_10,,
718,0.21048858921273095,0.24453202124372492,0.0909098085404574,0.2567768133234183,0.19729276767966838,dirichlet_10,,
719,0.1770163001888329,0.11478248901050495,0.3634032570534277,0.1451140933563083,0.1996838603909261,dirichlet_10,,
720,0.16833053290916852,0.24040349345736842,0.21633641355618277,0.15977022814312913,0.2151593319341512,dirichlet_10,,
721,0.24348629319959636,0.2444027633830742,0.1255160760503178,0.2098658378747759,0.1767290294922357,dirichlet_10,,
722,0.20969353314315026,0.30118813720308807,0.1689665268835122,0.21185020096746818,0.1083016018027813,dirichlet_10,,
723,0.20433197636298683,0.12639796120335967,0.27553185822813464,0.2048822106042757,0.1888559936012431,dirichlet_10,,
724,0.1368425616123291,0.2638383535469455,0.2356321830951142,0.17960186149367818,0.18408504025193295,dirichlet_10,,
725,0.19384788483478135,0.14599039861900942,0.19011811725716285,0.2154734214232008,0.2545701778658456,dirichlet_10,,
726,0.15222645137169363,0.2683866058859481,0.20970810867547693,0.23425619692766445,0.13542263713921682,dirichlet_10,,
727,0.3126414301548377,0.2212454154185523,0.16858438525539107,0.14280391108872462,0.1547248580824944,dirichlet_10,,
728,0.17525704557341604,0.1859274471541375,0.24462149641884018,0.16101934861287426,0.23317466224073194,dirichlet_10,,
729,0.210774071593121,0.22723572973210016,0.2145313377049045,0.16030316152574187,0.18715569944413254,dirichlet_10,,
730,0.22775799269323696,0.12391257399340808,0.07879235393440116,0.31249205003087605,0.25704502934807766,dirichlet_10,,
731,0.31518411030988713,0.17033433627226804,0.18065219397171467,0.1751914681878498,0.1586378912582805,dirichlet_10,,
732,0.26586980265481464,0.18971667953203034,0.19137123741898426,0.12650692011702575,0.22653536027714502,dirichlet_10,,
733,0.18975252448453528,0.20488335642614466,0.18634013741224134,0.17385184963761596,0.2451721320394627,dirichlet_10,,
734,0.19369590604358314,0.2165530594675972,0.1338688354475469,0.28577699038956544,0.17010520865170722,dirichlet_10,,
735,0.2028732989020822,0.2480825521401255,0.21410110301947374,0.19135513268975146,0.143587913248567,dirichlet_10,,
736,0.16666943447746646,0.15447848492780875,0.28884740009939475,0.14530329888066018,0.24470138161466987,dirichlet_10,,
737,0.1617815784350969,0.23092032700966508,0.1524388708822405,0.27997391024398954,0.17488531342900798,dirichlet_10,,
738,0.1235883618255707,0.32991176935944116,0.2216442652896219,0.12470046585971209,0.20015513766565415,dirichlet_10,,
739,0.25385644154723375,0.18671780607034882,0.14127287049918122,0.19563031259196184,0.2225225692912743,dirichlet_10,,
740,0.21293322958122823,0.2270253931964681,0.2523617690210681,0.1383537450450546,0.16932586315618098,dirichlet_10,,
741,0.22493506815046438,0.08931026895609637,0.2682650117081929,0.29255114468010585,0.12493850650514064,dirichlet_10,,
742,0.15486157426892,0.22686285377380444,0.2345264497110012,0.27543751409313494,0.10831160815313945,dirichlet_10,,
743,0.2460271261325081,0.18926697030201814,0.18235556672452216,0.15395903279676623,0.22839130404418545,dirichlet_10,,
744,0.13919189940983057,0.2298704456583446,0.1586225838044868,0.17855730497677766,0.2937577661505604,dirichlet_10,,
745,0.23832898017405033,0.21087446175288996,0.1518126774458209,0.2786470244400704,0.12033685618716831,dirichlet_10,,
746,0.21643605046412034,0.17605012582393545,0.11997988708149462,0.2943196508671154,0.19321428576333408,dirichlet_10,,
747,0.19505860562225633,0.17757177007230796,0.18987387578796597,0.22989167496383234,0.20760407355363764,dirichlet_10,,
748,0.24563334971019016,0.1786611782858896,0.1731318156849222,0.26754414144980027,0.13502951486919754,dirichlet_10,,
749,0.17615066246349773,0.16352961730539106,0.28713977395408435,0.19420013354549998,0.17897981273152685,dirichlet_10,,
750,0.2221934076968403,0.20335045737746593,0.1888883089671194,0.14719099631888566,0.23837682963968881,dirichlet_10,,
751,0.13095043874908072,0.09908374961998297,0.23344707254124564,0.23752481448120533,0.2989939246084854,dirichlet_10,,
752,0.09934626688583208,0.24326886747295953,0.20766765589838818,0.20626215464719366,0.24345505509562634,dirichlet_10,,
753,0.0852303092286615,0.22026653765545423,0.22605324339480504,0.32126696529108084,0.1471829444299985,dirichlet_10,,
754,0.19100658437406645,0.21599290447688477,0.15998207688708904,0.21012391883117684,0.22289451543078284,dirichlet_10,,
755,0.18251551336051824,0.2571835203840436,0.13038408544221802,0.15818333234747584,0.2717335484657445,dirichlet_10,,
756,0.16742600862323767,0.15962388094598406,0.2360590442542846,0.17955154559775743,0.2573395205787363,dirichlet_10,,
757,0.17227442979264737,0.10734183164136175,0.29367963185419016,0.18937648927742015,0.23732761743438058,dirichlet_10,,
758,0.14473975929819227,0.22967165906367534,0.2148966502189529,0.21507940064264902,0.19561253077653037,dirichlet_10,,
759,0.2984028678073427,0.17951029406275731,0.17694493164881972,0.20381401419298698,0.14132789228809323,dirichlet_10,,
760,0.22942514550166568,0.2283666888731856,0.26231988920383204,0.1810211604655917,0.09886711595572496,dirichlet_10,,
761,0.14451170894105542,0.18648491921780314,0.2445432663468973,0.16630062878131568,0.25815947671292844,dirichlet_10,,
762,0.2027311748525065,0.28061002257101353,0.15505130160415445,0.16109312869805986,0.20051437227426586,dirichlet_10,,
763,0.2032170958747541,0.14281730672844817,0.20492872406314158,0.3036706905627549,0.1453661827709011,dirichlet_10,,
764,0.23411060946192833,0.18312039673193553,0.08098115603281082,0.2871738236888113,0.21461401408451408,dirichlet_10,,
765,0.18719237051532783,0.25093278650870193,0.18165922479632465,0.1663882135861832,0.2138274045934624,dirichlet_10,,
766,0.17297891937060186,0.15955289598143005,0.16435905611332283,0.3760071010128326,0.12710202752181257,dirichlet_10,,
767,0.15377608640061224,0.18796593333116118,0.171894125917658,0.24629683077217648,0.24006702357839202,dirichlet_10,,
768,0.2785516779275383,0.21591599165176403,0.23150114852718306,0.11515598522397426,0.1588751966695404,dirichlet_10,,
769,0.1977851242370962,0.211604982267818,0.1486114582166269,0.2742145373301694,0.16778389794828955,dirichlet_10,,
770,0.18618103968687302,0.2463141984136575,0.1431428900391467,0.2868098147352718,0.13755205712505095,dirichlet_10,,
771,0.18871595488782816,0.23249465332595887,0.1437564339102552,0.23690412011626139,0.19812883775969628,dirichlet_10,,
772,0.21954874626608623,0.1566410089537469,0.22772626913512636,0.2623164369295124,0.13376753871552827,dirichlet_10,,
773,0.3086678147693467,0.16110691245712844,0.14877883054849084,0.14074644399512007,0.24069999822991395,dirichlet_10,,
774,0.1327690935230736,0.150103018296186,0.31816383674623766,0.2014699801785333,0.1974940712559695,dirichlet_10,,
775,0.16556034370832012,0.31488732560901694,0.1330138798838436,0.26713660137910555,0.11940184941971367,dirichlet_10,,
776,0.15289999174290253,0.19776635364210335,0.4125682816717037,0.10889699959809063,0.12786837334519988,dirichlet_10,,
777,0.15915460064294468,0.22400095603493644,0.23532582900517465,0.1783614875043692,0.20315712681257503,dirichlet_10,,
778,0.12280121821221553,0.2666462105915122,0.22490311449509365,0.23519938998197196,0.15045006671920663,dirichlet_10,,
779,0.1923744021901696,0.2947304577545104,0.12642426056521744,0.15011163710173228,0.2363592423883703,dirichlet_10,,
780,0.2073175604679981,0.14933912315877176,0.207885262163037,0.3104687437103151,0.12498931049987805,dirichlet_10,,
781,0.201158363117494,0.163239087339093,0.26513834425315563,0.1911063772082326,0.17935782808202475,dirichlet_10,,
782,0.24247264691013146,0.16261282509491384,0.17136263775811858,0.1924576552250642,0.23109423501177187,dirichlet_10,,
783,0.23267722472037955,0.11455952775333648,0.12027588373936414,0.27226688025498863,0.2602204835319312,dirichlet_10,,
784,0.32272623083857316,0.16031373041955133,0.19715701404488029,0.16210878265148534,0.15769424204550975,dirichlet_10,,
785,0.2208482769461651,0.3286127579057328,0.17819503084381846,0.14477298640898947,0.1275709478952942,dirichlet_10,,
786,0.19808361555066148,0.22247214849302033,0.13658178771855453,0.24932111827314876,0.1935413299646149,dirichlet_10,,
787,0.1393318690457161,0.19708387588766352,0.22161201866836663,0.20501893987237618,0.23695329652587765,dirichlet_10,,
788,0.08977670685580653,0.18469498919988453,0.24310022337140613,0.26139165173085993,0.2210364288420429,dirichlet_10,,
789,0.08997072140019878,0.2976025923645493,0.30590340484159556,0.19972695897655757,0.106796322417099,dirichlet_10,,
790,0.1986316466198508,0.17719072941774672,0.2014357120637331,0.25875858722316497,0.16398332467550447,dirichlet_10,,
791,0.14372498480959697,0.3333704139670006,0.1355933678852049,0.2201963141759792,0.1671149191622183,dirichlet_10,,
792,0.28012232581819274,0.21914818877723916,0.11290740442907929,0.19577287772291518,0.19204920325257366,dirichlet_10,,
793,0.1405168990076123,0.23555275457828628,0.20289437227377477,0.1868806165078252,0.23415535763250142,dirichlet_10,,
794,0.10397881289414695,0.3002743442896008,0.135913692001676,0.2017541106992869,0.2580790401152894,dirichlet_10,,
795,0.2242249848047346,0.1856760459081022,0.2473972095218699,0.22964966138177278,0.11305209838352069,dirichlet_10,,
796,0.23185851722351608,0.1987452376857495,0.14848963048226285,0.13845231715655304,0.2824542974519185,dirichlet_10,,
797,0.12763021077062203,0.19567771976377277,0.21907934865202117,0.26602553852467015,0.19158718228891394,dirichlet_10,,
798,0.2577739721299649,0.2202642057853762,0.11982562529719902,0.18159943847181118,0.22053675831564845,dirichlet_10,,
799,0.26730057726561396,0.27381431056400896,0.14255721141210304,0.13295925533129352,0.1833686454269805,dirichlet_10,,
800,0.18194926258468716,0.10512513790101079,0.30400343729098805,0.23812619801277268,0.17079596421054125,dirichlet_10,,
801,0.17230555004664377,0.1620326503567471,0.2629756219409839,0.2256654062359317,0.17702077141969338,dirichlet_10,,
802,0.3034251220866641,0.18648763629071063,0.1856896051351892,0.23059885395593682,0.09379878253149929,dirichlet_10,,
803,0.33379262615118754,0.19294779716338117,0.0757122085821452,0.14878121913303377,0.24876614897025218,dirichlet_10,,
804,0.18895395011254926,0.174712677178451,0.18461250853168043,0.142590071045096,0.30913079313222336,dirichlet_10,,
805,0.16281901837974253,0.2686211961967064,0.07479569197968927,0.29940937658913835,0.19435471685472347,dirichlet_10,,
806,0.15278030760073516,0.1195670230481883,0.32452208091553597,0.20063471747822226,0.2024958709573181,dirichlet_10,,
807,0.16770034658363359,0.2321361655443715,0.14334689178234303,0.22749641808964002,0.2293201780000119,dirichlet_10,,
808,0.13530539885217793,0.22211821561284323,0.1715542565913286,0.2655256106378178,0.20549651830583224,dirichlet_10,,
809,0.16679270618285455,0.2906189841208806,0.1487945322110058,0.16402570294729127,0.22976807453796763,dirichlet_10,,
810,0.13569771859416982,0.3249382162310907,0.188506687952029,0.1819805037894352,0.16887687343327526,dirichlet_10,,
811,0.16173708231934664,0.2699159859437877,0.21319284987844284,0.2015845185483254,0.15356956331009733,dirichlet_10,,
812,0.20761122852806682,0.17194897125395994,0.14850852154572813,0.2856907310658262,0.18624054760641903,dirichlet_10,,
813,0.17776087875612073,0.19691349906633288,0.20087593322291178,0.2687779787397781,0.15567171021485635,dirichlet_10,,
814,0.23758717158173348,0.24474277785196197,0.16448108494011782,0.19317703795106841,0.16001192767511835,dirichlet_10,,
815,0.11678389940527065,0.16900488484874868,0.2835203439260829,0.2342101802446467,0.19648069157525108,dirichlet_10,,
816,0.19584812555267506,0.19774854346953907,0.09757322100030959,0.21877771960790934,0.290052390369567,dirichlet_10,,
817,0.18663279087553988,0.21674493887776433,0.2762583280070506,0.17422152191433357,0.1461424203253116,dirichlet_10,,
818,0.2598288843982719,0.26537592074163974,0.20563300879215715,0.17586737233773508,0.09329481373019619,dirichlet_10,,
819,0.12859950110288682,0.13502949571141254,0.2912102547940406,0.21272210857378343,0.23243863981787677,dirichlet_10,,
820,0.19278683669476776,0.21461106909644556,0.22085117409339128,0.1898100593830131,0.1819408607323823,dirichlet_10,,
821,0.24018021264679368,0.12174656711758784,0.24550138339649355,0.2525374264636307,0.1400344103754943,dirichlet_10,,
822,0.17236127506138524,0.22140708777158233,0.16884466238805287,0.2706684515890517,0.166718523189928,dirichlet_10,,
823,0.2816133853492553,0.20142603530242817,0.2056488565538473,0.2162198023426107,0.09509192045185842,dirichlet_10,,
824,0.21260027735074316,0.17484836817004035,0.21965447109872926,0.12576469863665918,0.26713218474382805,dirichlet_10,,
825,0.1965360436879081,0.15776586770589746,0.2566855029337429,0.19213598618416566,0.19687659948828562,dirichlet_10,,
826,0.18693266204028672,0.18138655091048947,0.25878881915887486,0.1826610406015314,0.19023092728881744,dirichlet_10,,
827,0.2040338070821106,0.23507236130640158,0.17003530422238522,0.19139283019795533,0.19946569719114737,dirichlet_10,,
828,0.16981916239059436,0.30009008959777783,0.11324639615267784,0.20387745994390064,0.21296689191504928,dirichlet_10,,
829,0.22963738334209033,0.19172004596547934,0.17327578771137586,0.1786986102967663,0.22666817268428813,dirichlet_10,,
830,0.18339849519635035,0.23391423300005423,0.1990834391482852,0.10177223893092001,0.28183159372439026,dirichlet_10,,
831,0.18216416077477576,0.24470299006621923,0.1703284902791115,0.14899031213846753,0.2538140467414259,dirichlet_10,,
832,0.21695228020056737,0.10612075154536055,0.1268667545309048,0.351798100068885,0.19826211365428223,dirichlet_10,,
833,0.19808106880166634,0.35914983036996057,0.1047104611647283,0.24218160205206232,0.09587703761158256,dirichlet_10,,
834,0.20071699656372066,0.13575527083691147,0.2771200700896855,0.17880591055675626,0.20760175195292618,dirichlet_10,,
835,0.1337593274989657,0.22424389657437963,0.26799578162301696,0.19723241063954558,0.17676858366409218,dirichlet_10,,
836,0.131342775875382,0.30272070641297016,0.19005558439398382,0.24382770738494283,0.13205322593272126,dirichlet_10,,
837,0.15719675031450261,0.19094534954643066,0.15163724993057642,0.2421229568880427,0.2580976933204477,dirichlet_10,,
838,0.18780327182769407,0.15259189909166823,0.17349326030513165,0.179768599715602,0.30634296905990416,dirichlet_10,,
839,0.17220012571622542,0.14152696839135237,0.3059129980815838,0.20853873803070502,0.17182116978013337,dirichlet_10,,
840,0.13533583052203266,0.11524865169357902,0.17650955127733617,0.2559379341954463,0.31696803231160575,dirichlet_10,,
841,0.2332960619356462,0.23289733150427536,0.13876240389509933,0.2702421992052098,0.1248020034597691,dirichlet_10,,
842,0.24901027440996482,0.1410212017498739,0.21810711142544462,0.2807010185336583,0.11116039388105836,dirichlet_10,,
843,0.16272174728768218,0.2662668167088689,0.270117597097657,0.12793603044251753,0.17295780846327433,dirichlet_10,,
844,0.19484359820404215,0.12750881525112423,0.2190871046439832,0.13436417867820075,0.3241963032226496,dirichlet_10,,
845,0.23429285270908132,0.31597021705095907,0.17479112035265526,0.09670740358697529,0.17823840630032903,dirichlet_10,,
846,0.19385806359336769,0.15871318010867358,0.2482871788288985,0.23662191564307386,0.1625196618259864,dirichlet_10,,
847,0.12015829793553591,0.24302044229889722,0.28614107062745897,0.1462276949262078,0.20445249421190012,dirichlet_10,,
848,0.1522226300470621,0.20602752495815171,0.1979587674120594,0.27691590361308277,0.16687517396964402,dirichlet_10,,
849,0.2123902573173406,0.12174892091178338,0.36094103142005085,0.1387073138341703,0.1662124765166549,dirichlet_10,,
850,0.3273333217634549,0.2422324735175147,0.18228977017737946,0.12903615960243647,0.1191082749392144,dirichlet_10,,
851,0.23037587872834323,0.15652608368855936,0.16126632965439283,0.2526311184464413,0.19920058948226327,dirichlet_10,,
852,0.1658999918339721,0.1620844926738693,0.1333101236186507,0.23402033861338506,0.3046850532601228,dirichlet_10,,
853,0.18779453310307392,0.15898384572075389,0.1958622276979244,0.13641512113656512,0.32094427234168266,dirichlet_10,,
854,0.22392446865479926,0.16414651078116257,0.21548208676838485,0.25770086774217327,0.1387460660534802,dirichlet_10,,
855,0.17637178777821622,0.22578132712391724,0.10942087931807928,0.34504596965232837,0.14338003612745895,dirichlet_10,,
856,0.14652572201612934,0.2399561200435848,0.14622849825271522,0.26482634870169347,0.20246331098587725,dirichlet_10,,
857,0.15272061554809832,0.24651619957012688,0.2613591996986302,0.2099986372183971,0.12940534796474748,dirichlet_10,,
858,0.20817029543003018,0.21556229526240345,0.16293080464517767,0.23669899046031162,0.17663761420207696,dirichlet_10,,
859,0.2509793115103145,0.14491158374280227,0.1566395526520829,0.33637459699590105,0.11109495509889927,dirichlet_10,,
860,0.0890307172815294,0.21064787018254427,0.28236437243887835,0.2638015303263779,0.1541555097706702,dirichlet_10,,
861,0.2073953447874064,0.2050358226754926,0.21501096393650287,0.21187166882591055,0.16068619977468762,dirichlet_10,,
862,0.26450831447633355,0.2970471308070361,0.10685872325134266,0.13849633876437345,0.19308949270091444,dirichlet_10,,
863,0.28892803339699774,0.13862828177832498,0.2332881947705904,0.1281377055095486,0.21101778454453832,dirichlet_10,,
864,0.21740989126613253,0.14822008717166743,0.18437694855859793,0.15428023803802746,0.29571283496557466,dirichlet_10,,
865,0.1647938947213341,0.247239765607806,0.26422940804964273,0.19642030233092483,0.12731662929029233,dirichlet_10,,
866,0.2095618703542537,0.18660913733118029,0.11302833323986838,0.1820832737561897,0.308717385318508,dirichlet_10,,
867,0.314887799456157,0.20191073915494975,0.14328352401815184,0.12545234545614545,0.21446559191459594,dirichlet_10,,
868,0.26187983978754104,0.19823663978721323,0.12499311790825941,0.14383790494327298,0.2710524975737135,dirichlet_10,,
869,0.36521554001112616,0.20138756555276097,0.22996960963815966,0.08765202949249735,0.1157752553054559,dirichlet_10,,
870,0.1445941115264803,0.24512357226427925,0.10563230394812849,0.20456433584006598,0.30008567642104605,dirichlet_10,,
871,0.19005681715755698,0.2245715418409279,0.1974622927417731,0.18781695577948818,0.2000923924802538,dirichlet_10,,
872,0.1163125465822728,0.22805416874288736,0.24407854293487716,0.2383839991240966,0.17317074261586612,dirichlet_10,,
873,0.17857696366844045,0.1883388380726954,0.22049560275680613,0.2729753624622767,0.13961323303978124,dirichlet_10,,
874,0.18943058465935378,0.24040398984369654,0.1531682196848336,0.23381912858634474,0.18317807722577142,dirichlet_10,,
875,0.184311311995257,0.162296945549428,0.20200892824093694,0.2113975126321347,0.2399853015822432,dirichlet_10,,
876,0.17164699699435523,0.14838630966299166,0.10631338425820104,0.32242613186824925,0.2512271772162028,dirichlet_10,,
877,0.18578278917036364,0.17379582145248879,0.263016559247933,0.1676287753331881,0.2097760547960265,dirichlet_10,,
878,0.09156316849001472,0.17330662699188293,0.28161361648407823,0.2512236103852209,0.20229297764880316,dirichlet_10,,
879,0.2354519712603425,0.24379943099689022,0.14349963028677679,0.22556322630872772,0.15168574114726266,dirichlet_10,,
880,0.13124269796293425,0.1724463244278564,0.2555421846870805,0.20825354798843929,0.23251524493368955,dirichlet_10,,
881,0.15226838181598573,0.13618951647922975,0.26662076205697516,0.18776700766090743,0.2571543319869021,dirichlet_10,,
882,0.254333073277952,0.18635788673455833,0.32955988970403904,0.11242106483976771,0.11732808544368277,dirichlet_10,,
883,0.1388998585163062,0.2060610871564825,0.2194202707300066,0.28709498917656695,0.14852379442063787,dirichlet_10,,
884,0.22225560237924571,0.29800325779404085,0.1737348638284512,0.11979389262647652,0.18621238337178564,dirichlet_10,,
885,0.16261325895383644,0.1065760162875029,0.22102358662476254,0.35142748593542805,0.15835965219847004,dirichlet_10,,
886,0.23627264850014393,0.15609454659924,0.22791141881332452,0.2524651397129527,0.12725624637433885,dirichlet_10,,
887,0.23742688623031372,0.22652886995048332,0.1527944051945266,0.16303240168307956,0.22021743694159696,dirichlet_10,,
888,0.2208501048173987,0.28844499090340325,0.15723413138124456,0.15737455491634958,0.17609621798160405,dirichlet_10,,
889,0.1388992695050418,0.12864153356186891,0.35732292192421516,0.1884273586427252,0.18670891636614897,dirichlet_10,,
890,0.10733183595989687,0.23865322391534052,0.20629836910862,0.24253327180454184,0.20518329921160086,dirichlet_10,,
891,0.19405798916164654,0.2346246873933172,0.2529961206544481,0.17615215026044698,0.14216905253014123,dirichlet_10,,
892,0.15835195964254414,0.13700804032546812,0.18684652851606867,0.1672263278844982,0.3505671436314208,dirichlet_10,,
893,0.19734121935764207,0.17395867151332817,0.2150693540042124,0.15900494240262272,0.2546258127221946,dirichlet_10,,
894,0.22616068578807244,0.1302044379489251,0.28284187841988645,0.2036727306577255,0.15712026718539057,dirichlet_10,,
895,0.20258934918553803,0.09950548990132506,0.1839913726235136,0.2200806201486906,0.29383316814093263,dirichlet_10,,
896,0.06108963168822609,0.17634962239633273,0.20278762439282455,0.23422801743847338,0.3255451040841434,dirichlet_10,,
897,0.17510386098417402,0.252000525655722,0.14566818008111865,0.26131042064079707,0.1659170126381884,dirichlet_10,,
898,0.15254689668066546,0.30621637932088447,0.21487129971657273,0.15718675950386796,0.16917866477800952,dirichlet_10,,
899,0.2576198807534011,0.1503526388757637,0.1977913945911616,0.16314964001403973,0.23108644576563378,dirichlet_10,,
900,0.1424162306763284,0.18465175363480593,0.25169333296077795,0.1546537437406138,0.2665849389874741,dirichlet_10,,
901,0.29527763475850577,0.18991921086078425,0.13881428207910573,0.14691602246307717,0.22907284983852716,dirichlet_10,,
902,0.1440103892345357,0.20198409117072577,0.18818226065956437,0.18304173298262236,0.28278152595255185,dirichlet_10,,
903,0.11709672611229298,0.3132296593316083,0.2299829508064855,0.22808514603040878,0.11160551771920445,dirichlet_10,,
904,0.21257910926523427,0.12889369147236235,0.18433739435570226,0.25234533659102276,0.2218444683156782,dirichlet_10,,
905,0.12952460821556885,0.2783517436025098,0.27333215397722155,0.13544971240785522,0.18334178179684452,dirichlet_10,,
906,0.2503151541825904,0.1088462314238702,0.20443606156719624,0.1647077371918883,0.2716948156344548,dirichlet_10,,
907,0.21315489283296646,0.14704067498082063,0.13813975271836648,0.285483966948236,0.21618071251961027,dirichlet_10,,
908,0.28867043308631934,0.18955055959482678,0.13786010804113152,0.1881915568451433,0.195727342432579,dirichlet_10,,
909,0.18383922806469066,0.2109971138163503,0.15054114977607674,0.3132462498721704,0.14137625847071178,dirichlet_10,,
910,0.23134397339023366,0.19216794855339023,0.14970394956640348,0.24809226142399562,0.17869186706597698,dirichlet_10,,
911,0.15742367031398,0.21642552639355597,0.15483958469246942,0.28210482995890157,0.18920638864109313,dirichlet_10,,
912,0.15005881239659027,0.11168137050966774,0.23346558876943374,0.2919571221443266,0.2128371061799817,dirichlet_10,,
913,0.11466367400357111,0.19674552265039452,0.12088227933711067,0.3545309576349471,0.21317756637397645,dirichlet_10,,
914,0.22102070964043855,0.1930351847764736,0.19399040409342855,0.1905830574761746,0.20137064401348487,dirichlet_10,,
915,0.10638798929735523,0.142533704571336,0.20379432160931021,0.2390232639974314,0.30826072052456716,dirichlet_10,,
916,0.09745632721934705,0.25630128065625374,0.2587261465897837,0.21022913852962802,0.1772871070049876,dirichlet_10,,
917,0.16965657800331554,0.1795675057806512,0.26688933445854585,0.14475833824499687,0.2391282435124907,dirichlet_10,,
918,0.1663900890266997,0.26787217924707724,0.15226910125156307,0.29548551192522415,0.11798311854943574,dirichlet_10,,
919,0.23900295041610314,0.11261889677987093,0.28867673258548354,0.19737205006508846,0.16232937015345386,dirichlet_10,,
920,0.2452587201814819,0.28137913890629024,0.11352732692348808,0.12475566276637995,0.2350791512223599,dirichlet_10,,
921,0.1889993768105457,0.2084112572570301,0.1930696485121733,0.1680614630648453,0.24145825435540558,dirichlet_10,,
922,0.2542493724935471,0.28754841679239457,0.14710310824574166,0.18300445686380104,0.12809464560451547,dirichlet_10,,
923,0.28830446657690384,0.13578612456468303,0.2817532557273839,0.133083177441532,0.16107297568949713,dirichlet_10,,
924,0.19840064215787825,0.13234613454661856,0.22819805248803002,0.20918798552151913,0.23186718528595396,dirichlet_10,,
925,0.24250828250690817,0.24033609374999307,0.095054679672665,0.25449694590472693,0.16760399816570687,dirichlet_10,,
926,0.22988571768218302,0.1429371833067451,0.23600851316780283,0.14067755108834157,0.2504910347549274,dirichlet_10,,
927,0.32209038237153237,0.19861504250517384,0.1633675449083798,0.13358649938954087,0.18234053082537305,dirichlet_10,,
928,0.2551306499904109,0.15283224118009736,0.2049449255997622,0.1511994653124781,0.23589271791725142,dirichlet_10,,
929,0.2793360084869077,0.1369979933390078,0.2166812487609592,0.14490177668939647,0.22208297272372882,dirichlet_10,,
930,0.21512599766079227,0.09850345067842711,0.18836828817748688,0.17876092236362712,0.3192413411196667,dirichlet_10,,
931,0.19869826486907832,0.29253599521155704,0.21310977703449113,0.1440667091816442,0.15158925370322923,dirichlet_10,,
932,0.1338152110606002,0.28224776671328944,0.1704142943497478,0.1525283535860251,0.26099437429033745,dirichlet_10,,
933,0.2831486183316315,0.1227896692116988,0.21380855845615926,0.16885363950385346,0.21139951449665687,dirichlet_10,,
934,0.19376481119652994,0.18517794261549314,0.24944899647287197,0.24333559056158213,0.128272659153523,dirichlet_10,,
935,0.15462557740066576,0.14532700087248074,0.28926900298060687,0.23657916425160297,0.1741992544946436,dirichlet_10,,
936,0.23371881958720073,0.1606954295318188,0.21823482026365373,0.1843115456639621,0.20303938495336452,dirichlet_10,,
937,0.08075990703683823,0.20114345670494913,0.25753875929280234,0.18949934186647333,0.27105853509893707,dirichlet_10,,
938,0.3094837996069679,0.23376411200374342,0.1609905576147959,0.19178261027744514,0.10397892049704754,dirichlet_10,,
939,0.19811561188366977,0.10736193123184422,0.1830507684183313,0.3462990759857503,0.1651726124804042,dirichlet_10,,
940,0.17263888947812872,0.2307692190582866,0.23921795797838522,0.24334523114834283,0.11402870233685665,dirichlet_10,,
941,0.2300117014685529,0.168880583459834,0.22537532183384973,0.18419785835441063,0.19153453488335262,dirichlet_10,,
942,0.18833216910590844,0.2947556470757241,0.2144607781762326,0.15373921570494692,0.14871218993718796,dirichlet_10,,
943,0.17441060366556307,0.15007803739718426,0.18560531830337912,0.17530570863394687,0.3146003319999269,dirichlet_10,,
944,0.294238664354211,0.1648746506594564,0.14685187319545465,0.24938062884641013,0.144654182944468,dirichlet_10,,
945,0.15206856657546072,0.3026539830805942,0.19946439505529237,0.1873281237764081,0.15848493151224463,dirichlet_10,,
946,0.3271512735173687,0.22912880242330466,0.08315032059774995,0.23631995016648558,0.12424965329509105,dirichlet_10,,
947,0.2844474749706476,0.14080132042975865,0.23438276895417373,0.10116326323005123,0.23920517241536868,dirichlet_10,,
948,0.2283103679032575,0.1739726203192255,0.18363408697437428,0.1322792240027994,0.2818037008003433,dirichlet_10,,
949,0.14577113615517734,0.2222804491533152,0.25768323074999966,0.23589979586013815,0.13836538808136964,dirichlet_10,,
950,0.17002917482586344,0.3284064345260852,0.20987813971850683,0.13955983915660305,0.15212641177294145,dirichlet_10,,
951,0.1137119230269878,0.2903022125685843,0.1870145330212208,0.17735766281017712,0.23161366857302995,dirichlet_10,,
952,0.17748580672421715,0.13719978036062244,0.3262817993866967,0.13976657212328703,0.2192660414051766,dirichlet_10,,
953,0.15372342699356942,0.10528144821531607,0.3063511162753027,0.1900869379738911,0.24455707054192066,dirichlet_10,,
954,0.2429630716921128,0.07304992827597794,0.27435437591586054,0.1869499724576832,0.22268265165836543,dirichlet_10,,
955,0.1362144276405907,0.25899500862406377,0.15291686386641276,0.18937273794513138,0.26250096192380135,dirichlet_10,,
956,0.1898321549444172,0.40250729412804565,0.07261925276898311,0.15004836292213597,0.18499293523641808,dirichlet_10,,
957,0.1281824660256719,0.24223039694559342,0.2991417390584043,0.17552012038749215,0.15492527758283825,dirichlet_10,,
958,0.24301534268334926,0.2011538067011395,0.2046203812472724,0.21449081951633764,0.13671964985190105,dirichlet_10,,
959,0.12705273483852883,0.11356276440578884,0.3371525510019729,0.26305683768415705,0.15917511206955254,dirichlet_10,,
960,0.3000116279018691,0.16519199389266753,0.17367521528540092,0.19503749275951732,0.1660836701605451,dirichlet_10,,
961,0.12278980776998384,0.13409933785716352,0.16012603096626055,0.2500592313779569,0.33292559202863525,dirichlet_10,,
962,0.19195797057700434,0.17751971593463467,0.14406233442791103,0.22263630362214418,0.26382367543830576,dirichlet_10,,
963,0.2738375119289671,0.19277734250532888,0.20687931510247334,0.1471905434715802,0.17931528699165053,dirichlet_10,,
964,0.19971653955992788,0.1306095916087801,0.21460679468835503,0.15566016030911486,0.2994069138338222,dirichlet_10,,
965,0.18574063328963258,0.16101981171626847,0.21291221749931344,0.2028864717974309,0.23744086569735445,dirichlet_10,,
966,0.09064555989024513,0.08135635041431942,0.4388467645436689,0.16085942217478258,0.22829190297698385,dirichlet_10,,
967,0.11582000897955409,0.11728861459448776,0.1619544651239061,0.24945546019892953,0.3554814511031225,dirichlet_10,,
968,0.11924825660160626,0.353697651848288,0.18771240648410004,0.13991490963691347,0.19942677542909218,dirichlet_10,,
969,0.20288150451012135,0.20465145301195103,0.17550927184557347,0.30426560127660063,0.11269216935575348,dirichlet_10,,
970,0.18427455654140482,0.242253978458308,0.25264752921673067,0.21998559194057118,0.10083834384298535,dirichlet_10,,
971,0.2912393515119709,0.14075691139215007,0.1641049818505359,0.20348142248899176,0.2004173327563515,dirichlet_10,,
972,0.2183536565434168,0.18409769510089016,0.13713988545596398,0.22232691540343097,0.23808184749629813,dirichlet_10,,
973,0.23235365021814317,0.15339419375741095,0.07951894750172997,0.24952585633032212,0.2852073521923938,dirichlet_10,,
974,0.18053464939124042,0.1788720199063926,0.24758830135142318,0.2014060758189387,0.19159895353200507,dirichlet_10,,
975,0.21361417774393573,0.1765146740592115,0.07511829742971078,0.3547558516798554,0.17999699908728645,dirichlet_10,,
976,0.30119458642465785,0.20388451726256204,0.1806969582744834,0.12933359936182262,0.1848903386764741,dirichlet_10,,
977,0.1787760493418396,0.17248139234941315,0.18873079651577898,0.2576643343452849,0.2023474274476833,dirichlet_10,,
978,0.1449748762605713,0.20699205391486486,0.2626511182611635,0.19297552016209946,0.19240643140130084,dirichlet_10,,
979,0.22477238357389107,0.22323826687268053,0.19977380549175283,0.16460301675294745,0.1876125273087283,dirichlet_10,,
980,0.21219359976743274,0.18926530619305307,0.11446325333693086,0.26363330673805146,0.22044453396453195,dirichlet_10,,
981,0.35082394431866515,0.15843070028439948,0.1378672161688639,0.1998848135963375,0.15299332563173404,dirichlet_10,,
982,0.1919472315415742,0.2282519505663115,0.11517017545940395,0.27333524941017856,0.19129539302253176,dirichlet_10,,
983,0.17226129786069033,0.14422727590892614,0.14779618083059465,0.21770182796366525,0.31801341743612355,dirichlet_10,,
984,0.2233591381512856,0.11437509270218633,0.20187070611190983,0.15565427623935763,0.3047407867952606,dirichlet_10,,
985,0.2432899285007231,0.14079062139728896,0.30889701297950123,0.1405475907097678,0.16647484641271879,dirichlet_10,,
986,0.27224301791031574,0.2456524209089801,0.1452619313599892,0.13687658657599586,0.19996604324471925,dirichlet_10,,
987,0.2373585495524554,0.12196334319108477,0.10984537702417088,0.2659237239742666,0.2649090062580224,dirichlet_10,,
988,0.161541926893546,0.2011819661062847,0.23344269905746728,0.12584897663900427,0.27798443130369765,dirichlet_10,,
989,0.20696290150692384,0.18783777981712568,0.11617107377576377,0.23064695239207977,0.25838129250810704,dirichlet_10,,
990,0.13257821595148012,0.15961432522204727,0.2463595657492632,0.22845487764360686,0.23299301543360257,dirichlet_10,,
991,0.18872391800133675,0.12888887412348424,0.22352001302483585,0.25717504085700843,0.20169215399333462,dirichlet_10,,
992,0.21484186879466924,0.2794171394492093,0.1506459146345456,0.13687066163268702,0.21822441548888885,dirichlet_10,,
993,0.17103357306948658,0.15939930794526422,0.23351241206476733,0.2242163718143693,0.2118383351061126,dirichlet_10,,
994,0.08044465903104485,0.2459509043429737,0.2649507155330854,0.1901646800980218,0.21848904099487435,dirichlet_10,,
995,0.21483714297289772,0.1838389454105021,0.2093303415068213,0.1962540526963675,0.19573951741341147,dirichlet_10,,
996,0.2659786291386765,0.2564479591917426,0.12463193484101225,0.17113120846283383,0.18181026836573494,dirichlet_10,,
997,0.2325428075775279,0.2968080551229237,0.142733857856189,0.18126776090617927,0.14664751853718,dirichlet_10,,
998,0.22224222818233877,0.2323032528061407,0.16402034078198263,0.17979406952600158,0.20164010870353635,dirichlet_10,,
999,0.1386236471863201,0.17927591350244107,0.22402404090542366,0.18672627811510184,0.27135012029071315,dirichlet_10,,
1000,0.09145660237831237,0.026809655867362135,0.10872517236164528,0.4869366514865417,0.28607191790613834,dirichlet_1,,
1001,0.17823503030652382,0.16756509997100835,0.31135280574182195,0.20889086182197295,0.13395620215867296,dirichlet_1,,
1002,0.16370472413843662,0.03718962966771206,0.6130083899994613,0.03533415420130739,0.15076310199308265,dirichlet_1,,
1003,0.25343771133253384,0.4662159874336697,0.06945644701258319,0.02844515111753187,0.1824447031036814,dirichlet_1,,
1004,0.44674331983231425,0.06121453209266657,0.06068360174276821,0.3796521032097451,0.05170644312250597,dirichlet_1,,
1005,0.06051283060493067,0.34677545645389146,0.03969859192931637,0.16873254382617048,0.3842805771856911,dirichlet_1,,
1006,0.24421743383046787,0.23015716676367534,0.32923753353125934,0.10509571801659612,0.09129214785800134,dirichlet_1,,
1007,0.026644282696648917,0.07214557743425166,0.5172680515408843,0.28497255375062613,0.09896953457758904,dirichlet_1,,
1008,0.010906605102522796,0.15492923129145764,0.32149359309548853,0.041634015527704876,0.4710365549828262,dirichlet_1,,
1009,0.2885191465152816,0.530934812793102,0.03703242336351413,0.12600926430771386,0.017504353020388552,dirichlet_1,,
1010,0.4961206731100499,0.003883648705830157,0.4660318593957326,0.02097307012122686,0.012990748667160492,dirichlet_1,,
1011,0.1824417205830941,0.29833745363423125,0.2359769187413852,0.25213967308948626,0.03110423395180334,dirichlet_1,,
1012,0.2338187008668421,0.03532584894040013,0.03446230488182109,0.6298224787279083,0.06657066658302845,dirichlet_1,,
1013,0.6527177996957697,0.09839617731444159,0.09790359686097286,0.02045698996339748,0.13052543616541853,dirichlet_1,,
1014,0.32086499072252134,0.1731016248303823,0.1656160473591855,0.08347921187097393,0.256938125216937,dirichlet_1,,
1015,0.11081671559940358,0.47262316622427786,0.2817346630900875,0.08959521142506022,0.045230243661170885,dirichlet_1,,
1016,0.1080614110510848,0.25001169533070094,0.1942863177281152,0.3784111539131038,0.06922942197699525,dirichlet_1,,
1017,0.06811171623334811,0.0549364726745387,0.13013311763950824,0.45395491506298846,0.29286377838961647,dirichlet_1,,
1018,0.3216418649924581,0.19116458705552922,0.05972993091409158,0.18496018004554773,0.2425034369923733,dirichlet_1,,
1019,0.4198828603146579,0.0644933443569309,0.2374668160773692,0.24940006212689841,0.028756917124143737,dirichlet_1,,
1020,0.014555548794862486,0.5444670889160792,0.12209646590324881,0.15878941418491518,0.1600914822008944,dirichlet_1,,
1021,0.03303053028769421,0.21240871397668673,0.1508037538544138,0.18472764778744605,0.4190293540937592,dirichlet_1,,
1022,0.11749468441234298,0.0421328312029939,0.29485507837209785,0.09480650074274811,0.45071090526981705,dirichlet_1,,
1023,0.15254811190073314,0.16902778556544787,0.0775201918568935,0.41444368718952024,0.18646022348740515,dirichlet_1,,
1024,0.08734411699833851,0.3950542358115572,0.2491861612644376,0.1417975642157,0.12661792170996677,dirichlet_1,,
1025,0.02418676780411302,0.6024618167124531,0.050044805383267714,0.14930418683472907,0.174002423265437,dirichlet_1,,
1026,0.3250876138406553,0.32971814345265976,0.09819850428283437,0.10132123724116662,0.14567450118268382,dirichlet_1,,
1027,0.4471752984825103,0.08313469759380857,0.261270481860088,0.13647563522576792,0.07194388683782531,dirichlet_1,,
1028,0.10391190099436265,0.19065808814517934,0.1354035812239973,0.334813262567032,0.23521316706942866,dirichlet_1,,
1029,0.09048832270649461,0.01306585474112423,0.034876160446820376,0.0701949286566775,0.7913747334488834,dirichlet_1,,
1030,0.3023339639289044,0.039362623174360414,0.2152211565878855,0.09942742648142268,0.343654829827427,dirichlet_1,,
1031,0.2234839509434058,0.004760698163937732,0.17326192905075177,0.5903118053707709,0.008181616471133767,dirichlet_1,,
1032,0.1582989869992972,0.06061822099256516,0.3948639434171232,0.08098604851979392,0.30523280007122056,dirichlet_1,,
1033,0.14753354419008285,0.31347618237084557,0.35118870745325026,0.07410643940531592,0.11369512658050539,dirichlet_1,,
1034,0.02656342755062323,0.1908630610570106,0.42641091551242,0.00751688639614922,0.3486457094837971,dirichlet_1,,
1035,0.3889529203189785,0.1110299354965303,0.08175510225359169,0.17896919221918284,0.23929284971171672,dirichlet_1,,
1036,0.3676960260707527,0.3146449359874069,0.16204987524265083,0.10868642586796161,0.04692273683122795,dirichlet_1,,
1037,0.008889186344510414,0.20069623398463274,0.0920822652122535,0.06773654685541498,0.6305957676031884,dirichlet_1,,
1038,0.1045503710275415,0.15252370126316858,0.01685545165387201,0.2640551318248217,0.46201534423059626,dirichlet_1,,
1039,0.23755749170590024,0.01722118403088784,0.009235930156861291,0.4115412750745752,0.3244441190317755,dirichlet_1,,
1040,0.0915317217970617,0.1226913623935963,0.4892866369628204,0.23540838258714655,0.061081896259375004,dirichlet_1,,
1041,0.04562808610090028,0.13770822426118168,0.4995932404516326,0.23130990111245628,0.08576054807382913,dirichlet_1,,
1042,0.5541463768200097,0.046608863879607484,0.12949945944005878,0.1580546699211447,0.11169062993917941,dirichlet_1,,
1043,0.07703318508526705,0.521077561920724,0.2207795267999304,0.008271357531151213,0.17283836866292737,dirichlet_1,,
1044,0.021899825737888817,0.2667043557107876,0.6153844194812493,0.03983418346627489,0.056177215603799326,dirichlet_1,,
1045,0.17520201622929102,0.005724842205230377,0.21647322282983222,0.017502758552314878,0.5850971601833315,dirichlet_1,,
1046,0.44846078151159685,0.03198644902900393,0.013674441633021407,0.3502074477288343,0.1556708800975436,dirichlet_1,,
1047,0.19255510177404442,0.022597234051025608,0.15268930141538836,0.29614523773970286,0.3360131250198387,dirichlet_1,,
1048,0.22031650835461347,0.41685906502465303,0.03140306712327828,0.23850850659331704,0.09291285290413817,dirichlet_1,,
1049,0.33178405882594,0.05233781714267653,0.17106017529566242,0.4087566736755954,0.03606127506012559,dirichlet_1,,
1050,0.10116350498532477,0.011051210128712519,0.3019819370908924,0.2817479137948683,0.3040554340002021,dirichlet_1,,
1051,0.03426001634480086,0.2902918735047773,0.3576954462365839,0.24970001048351612,0.06805265343032187,dirichlet_1,,
1052,0.2777595137534408,0.053505609509880654,0.2489987872573211,0.10522934878058401,0.3145067406987733,dirichlet_1,,
1053,0.309771353963591,0.22363701184392937,0.10075957773635023,0.10136181247007987,0.2644702439860496,dirichlet_1,,
1054,0.7801473271749035,0.008207280952371089,0.009824959450539943,0.13563154967173205,0.06618888275045351,dirichlet_1,,
1055,0.34430782985494696,0.259549194969431,0.1134135009269009,0.22600377930367552,0.056725694945045535,dirichlet_1,,
1056,0.011345369368821441,0.03850283917796331,0.19322646886144393,0.1855806568469952,0.5713446657447762,dirichlet_1,,
1057,0.10523618415014736,0.3211630788638483,0.19780449764081406,0.23399864292105993,0.14179759642413037,dirichlet_1,,
1058,0.18650756499671317,0.11298619424511608,0.29908373549300266,0.039825019784421954,0.3615974854807462,dirichlet_1,,
1059,0.025700559601234508,0.2216068881675942,0.09795120709475855,0.05800206639295612,0.5967392787434567,dirichlet_1,,
1060,0.06879988990103006,0.079413282948914,0.01712697657919278,0.6437770297356472,0.19088282083521618,dirichlet_1,,
1061,0.15105540323218722,0.1044053423299286,0.4177340048834142,0.05559944187535587,0.2712058076791141,dirichlet_1,,
1062,0.4463667448182488,0.04087615639978234,0.09011933850243092,0.015095757202142115,0.40754200307739574,dirichlet_1,,
1063,0.032058274610455094,0.08981569536353544,0.08907012990882639,0.31631902705093534,0.4727368730662478,dirichlet_1,,
1064,0.14839143472123886,0.04168005973130588,0.3326547741774003,0.18698018373046682,0.2902935476395882,dirichlet_1,,
1065,0.1875357416959631,0.06444429418827143,0.33692319372698654,0.3689566398341627,0.04214013055461619,dirichlet_1,,
1066,0.09849312861434645,0.08888306056130295,0.4082517239763483,0.39269454511552715,0.011677541732475132,dirichlet_1,,
1067,0.3167525255146727,0.026460404989946416,0.02257326747108207,0.5861465943853659,0.04806720763893293,dirichlet_1,,
1068,0.10418678139630831,0.11604143363231247,0.061584147764982104,0.03739106176879969,0.6807965754375974,dirichlet_1,,
1069,0.26565001912894576,0.04532771877330632,0.0946525357124071,0.3992127235912117,0.195157002794129,dirichlet_1,,
1070,0.6512945898659163,0.026196029012828505,0.01273947319957868,0.18364095294157257,0.12612895498010404,dirichlet_1,,
1071,0.1544281929849815,0.21506563444684093,0.2814276690546521,0.019240465623910668,0.32983803788961485,dirichlet_1,,
1072,0.4806332041306949,0.24156032425675883,0.06347773483360974,0.18296310613906036,0.03136563063987628,dirichlet_1,,
1073,0.2714983808429914,0.1283937604481117,0.2613514138057604,0.3059215922115009,0.032834852691635615,dirichlet_1,,
1074,0.24159320857441516,0.13189120824797285,0.11924229841940963,0.01715835461089002,0.49011493014731244,dirichlet_1,,
1075,0.32002023421039266,0.0933389165494832,0.07225144907578507,0.30158285052927325,0.21280654963506587,dirichlet_1,,
1076,0.04115162906502852,0.45536168801809934,0.2834731705531844,0.1750540105346299,0.044959501829057814,dirichlet_1,,
1077,0.6641056589965971,0.10928934056056251,0.0046482922158587025,0.13970769829009796,0.0822490099368836,dirichlet_1,,
1078,0.15755463022027202,0.13438022177954262,0.2005009053358029,0.17441156630774626,0.3331526763566363,dirichlet_1,,
1079,0.17387784083384486,0.08991967379768727,0.001142644142728565,0.27457449556815744,0.460485345657582,dirichlet_1,,
1080,0.4200047776631903,0.20029460344752834,0.039448558617823704,0.1925692923324321,0.14768276793902543,dirichlet_1,,
1081,0.2463753361510223,0.015926976462795315,0.06411689625269464,0.32550633627645137,0.34807445485703614,dirichlet_1,,
1082,0.6363810884388503,0.1094155342636384,0.19871334498738524,0.030798936680570342,0.024691095629555782,dirichlet_1,,
1083,0.023005164482085047,0.14401702901841337,0.06777949017035942,0.33391565928210004,0.43128265704704205,dirichlet_1,,
1084,0.21013293057338175,0.29715481491922263,0.06369581512348967,0.20391099264077245,0.22510544674313346,dirichlet_1,,
1085,0.12671732994243295,0.36456306591157683,0.05595291205091032,0.3883971212580056,0.06436957083707441,dirichlet_1,,
1086,0.23005175690395258,0.1691798089163953,0.006244477212659969,0.14598992523117937,0.4485340317358128,dirichlet_1,,
1087,0.018656642016229706,0.6671016806222626,0.11925616503693544,0.1845301567148812,0.010455355609691049,dirichlet_1,,
1088,0.4828954738495826,0.016225316748310518,0.22894826593666537,0.15495015164386602,0.11698079182157543,dirichlet_1,,
1089,0.14307294596655837,0.24976332876623314,0.02938068082392875,0.36970704610159294,0.2080759983416869,dirichlet_1,,
1090,0.25660728023079044,0.21298053144252282,0.2520059801898477,0.08003448641726389,0.19837172171957523,dirichlet_1,,
1091,0.005808437275325201,0.0903017282703613,0.7727861364751833,0.12461355816072167,0.006490139818408507,dirichlet_1,,
1092,0.24194961868508935,0.48044868293055354,0.16458294239943785,0.09043937865296314,0.022579377331956082,dirichlet_1,,
1093,0.11552453149421303,0.569013271701226,0.2387213438392437,0.05750698392415613,0.019233869041161145,dirichlet_1,,
1094,0.0048914329685826735,0.024491553224445274,0.39349209205388935,0.07158426987720935,0.5055406518758734,dirichlet_1,,
1095,0.10472006669307725,0.14752022377915525,0.4618050503292981,0.07163312095468236,0.21432153824378705,dirichlet_1,,
1096,0.6180731360019966,0.040490705711451094,0.22789455039389547,0.07516766782340246,0.038373940069254334,dirichlet_1,,
1097,0.08421777417697832,0.40642063499026354,0.02187748797022822,0.39526944076964404,0.09221466209288591,dirichlet_1,,
1098,0.5575396252869114,0.14051033190121784,0.09819396915954345,0.05309418178054561,0.1506618918717817,dirichlet_1,,
1099,0.15319166169400325,0.14777546995014612,0.4405285465098522,0.05590680325418108,0.20259751859181738,dirichlet_1,,
1100,0.5636298612633313,0.03903005528775507,0.23472752703210736,0.006155898903797558,0.156456657513009,dirichlet_1,,
1101,0.006340387373360496,0.014564828170456193,0.11794343716279541,0.4751133523752021,0.3860379949181859,dirichlet_1,,
1102,0.024264651985457655,0.2018698739402894,0.2722021236590564,0.40467513475357164,0.096988215661625,dirichlet_1,,
1103,0.08326859225469901,0.22239733382982185,0.06920456530663323,0.35398475889014397,0.27114474971870184,dirichlet_1,,
1104,0.2158279094438658,0.08597204109152459,0.23490146956000504,0.41528998194196753,0.048008597962637116,dirichlet_1,,
1105,0.11848683308387936,0.09870726807913296,0.4074225599998556,0.11288100868225986,0.26250233015487223,dirichlet_1,,
1106,0.1667846678499667,0.2879332731856778,0.04100349919431093,0.19488589975780105,0.30939266001224347,dirichlet_1,,
1107,0.17145583612739732,0.3980197814489717,0.016986377941974794,0.27834803959961074,0.13518996488204535,dirichlet_1,,
1108,0.5026180783738292,0.1442714398724848,0.2794166563600678,0.05130438811129753,0.02238943728232045,dirichlet_1,,
1109,0.34612065568122513,0.22575576086933216,0.16089403516674422,0.16934282704852607,0.0978867212341726,dirichlet_1,,
1110,0.1487524149523982,0.23871932132875168,0.28851210112312115,0.18961959111909552,0.13439657147663345,dirichlet_1,,
1111,0.18666543082026657,0.23735052631812703,0.1352386787292279,0.12969377569335405,0.3110515884390244,dirichlet_1,,
1112,0.6751485144727083,0.012240271195243999,0.15909313251713803,0.0281320831778618,0.1253859986370478,dirichlet_1,,
1113,0.03693978446848308,0.12953389385991462,0.11783823230779578,0.32203278723053835,0.39365530213326827,dirichlet_1,,
1114,0.055544816019424174,0.22378446586015902,0.2037173423708414,0.02742257759357494,0.48953079815600054,dirichlet_1,,
1115,0.26803210369086017,0.06369929264776393,0.11268112516841838,0.22445407220310185,0.3311334062898558,dirichlet_1,,
1116,0.019314144104015732,0.1669364562032844,0.48757207138560815,0.22447139382309156,0.10170593448400013,dirichlet_1,,
1117,0.0713897668680637,0.5025982143557953,0.19810707730169227,0.1296788039838219,0.09822613749062668,dirichlet_1,,
1118,0.22696460333865134,0.45934406983209886,0.03009244119835549,0.1783124383451407,0.10528644728575355,dirichlet_1,,
1119,0.04185853229430122,0.033654786767755844,0.18801895568015004,0.6215256371453933,0.11494208811239964,dirichlet_1,,
1120,0.10546332014099462,0.10998212020559446,0.4558188302707514,0.24374440847991924,0.08499132090274021,dirichlet_1,,
1121,0.36625861559755724,0.03930357542855933,0.2610668664184926,0.22809201829613804,0.10527892425925285,dirichlet_1,,
1122,0.21329161962580673,0.17153383483468027,0.14359632951421938,0.2990547211860662,0.17252349483922752,dirichlet_1,,
1123,0.049566456603553695,0.11785495253513055,0.781390545393579,0.003654276155372108,0.04753376931236471,dirichlet_1,,
1124,0.05676092546146214,0.5916034526736662,0.148519548093663,0.022049759950701915,0.1810663138205069,dirichlet_1,,
1125,0.14634256134881513,0.08398856036174573,0.38598572281188864,0.09672083335696938,0.2869623221205811,dirichlet_1,,
1126,0.0010438001886167096,0.021556595324525512,0.12324162245797111,0.5272910889434071,0.32686689308547956,dirichlet_1,,
1127,0.19278923006438187,0.30935216433760776,0.04291524848973809,0.01559515494857567,0.4393482021596965,dirichlet_1,,
1128,0.020365085103173218,0.4150931675789691,0.08562731931131476,0.4055119357270854,0.07340249227945746,dirichlet_1,,
1129,0.21071365342253798,0.38991299212601377,0.0921537460221959,0.2621589759121332,0.0450606325171191,dirichlet_1,,
1130,0.11375378151740685,0.19539988179027395,0.4658061757057518,0.1531811714610306,0.07185898952553688,dirichlet_1,,
1131,0.00916525146512852,0.3665843671993317,0.20861667250891763,0.4135654695169012,0.0020682393097208613,dirichlet_1,,
1132,0.08600758209143779,0.43840911831421603,0.1773790675445326,0.06519227342940041,0.23301195862041324,dirichlet_1,,
1133,0.10612026411631081,0.1746298132422106,0.03545431654061808,0.3242469847002216,0.35954862140063876,dirichlet_1,,
1134,0.243231519870732,0.1968090872493761,0.26276410353973706,0.23218064624685578,0.06501464309329907,dirichlet_1,,
1135,0.035404854549285936,0.12059000481106527,0.20056280538766433,0.5846400175840955,0.05880231766788885,dirichlet_1,,
1136,0.005778878433668017,0.4210736275504845,0.3733396555441393,0.12851579088422438,0.071292047587484,dirichlet_1,,
1137,0.15191759682128483,0.025699265497745524,0.17867948431945388,0.2853828078677316,0.3583208454937842,dirichlet_1,,
1138,0.10006465373369516,0.46375007178864097,0.08292929378408355,0.017323950850047065,0.3359320298435333,dirichlet_1,,
1139,0.21287685155870228,0.1071055709017446,0.22036740680688463,0.10984200574408975,0.34980816498857875,dirichlet_1,,
1140,0.400224957981081,0.059140886599549344,0.033145613685096394,0.22412626948891884,0.2833622722453545,dirichlet_1,,
1141,0.15564323412602168,0.019031069361887695,0.7135112837593155,0.058018550794366505,0.053795861958408485,dirichlet_1,,
1142,0.21133303312860105,0.030874712275840897,0.09125862684351903,0.05221270473549817,0.6143209230165407,dirichlet_1,,
1143,0.304467574531635,0.0357812352800063,0.08935453115384537,0.03532648857282494,0.5350701704616885,dirichlet_1,,
1144,0.08452962039124921,0.34258984181770724,0.029711904554204742,0.4518360639385201,0.09133256929831875,dirichlet_1,,
1145,0.04598800937672647,0.010427264648401524,0.49373252656356803,0.3933388266485047,0.056513372762799184,dirichlet_1,,
1146,0.10283601070547946,0.07755047477161026,0.19233808408563147,0.05487427701536229,0.5724011534219166,dirichlet_1,,
1147,0.17608557041968018,0.22616490624799396,0.05611158918992519,0.4706776725215103,0.07096026162089034,dirichlet_1,,
1148,0.04666299195574653,0.3708581802361702,0.039237670827340414,0.13921873020424488,0.4040224267764979,dirichlet_1,,
1149,0.11698715506478055,0.0103079840382438,0.3738665257093235,0.18382398451520743,0.3150143506724447,dirichlet_1,,
1150,0.3106822990198359,0.26480477678899605,0.16780815406007316,0.11684657486451575,0.13985819526657894,dirichlet_1,,
1151,0.04052306446876843,0.20138470484764437,0.20844322034336352,0.4069669368162929,0.1426820735239307,dirichlet_1,,
1152,0.6171222602830594,0.17248920424661204,0.07652713314050001,0.05612413403452366,0.07773726829530496,dirichlet_1,,
1153,0.41477207807934185,0.31331574626587827,0.19354944863418222,0.06777674619606229,0.010585980824535473,dirichlet_1,,
1154,0.08297845440132644,0.44762180957074543,0.25461305014851365,0.05560981724676953,0.15917686863264477,dirichlet_1,,
1155,0.09458492529234515,0.19401583334759606,0.010184344409704922,0.15939089860641964,0.5418239983439341,dirichlet_1,,
1156,0.18598961117185261,0.15998252160587578,0.03761033833798835,0.615568098387945,0.0008494304963382012,dirichlet_1,,
1157,0.30641790619389947,0.510568777499254,0.06116623050998987,0.10052797209433993,0.021319113702516733,dirichlet_1,,
1158,0.05448470259216302,0.13156203734400687,0.13958440110361134,0.03321184744997509,0.6411570115102437,dirichlet_1,,
1159,0.20705156028066285,0.2655383768862974,0.01359733998535199,0.10650683571847162,0.40730588712921617,dirichlet_1,,
1160,0.05643970768583321,0.1431242770713265,0.0865794707674549,0.4610113771231755,0.25284516735221,dirichlet_1,,
1161,0.2982885165469319,0.11938005877217515,0.36291564365719253,0.05146193067466339,0.1679538503490372,dirichlet_1,,
1162,0.520000950528005,0.27673124893091855,0.06688625729425864,0.09719782128640166,0.03918372196041616,dirichlet_1,,
1163,0.040763526062365586,0.49100822542584094,0.05094667298201856,0.25159544904800124,0.16568612648177364,dirichlet_1,,
1164,0.08909474191036951,0.025070428746721503,0.409482169000652,0.1528493446617398,0.32350331568051727,dirichlet_1,,
1165,0.4663445457684158,0.20713135201358146,0.023233044225043596,0.015929196249100958,0.28736186174385825,dirichlet_1,,
1166,0.6347912357858231,0.13547988956633067,0.04645618170820667,0.05626361925529465,0.1270090736843449,dirichlet_1,,
1167,0.06147956388741247,0.25187956124656646,0.43148709022552006,0.22398913989862002,0.031164644741880975,dirichlet_1,,
1168,0.6417290920125358,0.04176441788723224,0.10173515854999422,0.0865142783482613,0.12825705320197653,dirichlet_1,,
1169,0.06550682840558122,0.11191973124613934,0.11527649085610205,0.04415312903483025,0.663143820457347,dirichlet_1,,
1170,0.335998967303942,0.27273823737682784,0.12970690728925952,0.1763252917146056,0.08523059631536503,dirichlet_1,,
1171,0.13324003801460058,0.2082250217897336,0.22356154294627806,0.20894364344862643,0.2260297538007614,dirichlet_1,,
1172,0.09076783422039293,0.16478528175307414,0.23459329509261292,0.0714585709050458,0.43839501802887404,dirichlet_1,,
1173,0.0015115543417229909,0.050477554894960905,0.08737725250443086,0.3776451177483266,0.4829885205105587,dirichlet_1,,
1174,0.051088955557323436,0.23774089118261998,0.4397724246328112,0.1476200738519143,0.12377765477533097,dirichlet_1,,
1175,0.11463791183306464,0.08503030625874725,0.15368589339793495,0.4148768461228446,0.2317690423874087,dirichlet_1,,
1176,0.06342482068871366,0.3208429617915768,0.03432004354837787,0.45953097355031336,0.1218812004210184,dirichlet_1,,
1177,0.10982995687473417,0.16445277946725498,0.2755923892985416,0.3092853983986598,0.14083947596080948,dirichlet_1,,
1178,0.43201562033879565,0.00837966810291901,0.13972545016303273,0.32286855974009293,0.09701070165515968,dirichlet_1,,
1179,0.050164077230538236,0.23183101675177567,0.0012417916524717157,0.1700048286846981,0.5467582856805163,dirichlet_1,,
1180,0.11114577810393547,0.5653934103267184,0.06357322272956001,0.15933300849658288,0.10055458034320326,dirichlet_1,,
1181,0.023434565140238006,0.03756089886113145,0.036507587159813185,0.7909478689953315,0.11154907984348571,dirichlet_1,,
1182,0.12243310356323425,0.5117225101179644,0.12188157367976668,0.08450606477530606,0.15945674786372868,dirichlet_1,,
1183,0.1468604860679731,0.11940169820082641,0.084971699587626,0.647299161934081,0.0014669542094935247,dirichlet_1,,
1184,0.010933502357283718,0.2574918818322439,0.25953338555813293,0.28716291885944273,0.18487831139289662,dirichlet_1,,
1185,0.02592361947332899,0.042906119324246796,0.35713784650819647,0.09599632596683497,0.4780360887273929,dirichlet_1,,
1186,0.17579847336823493,0.5286213361497195,0.2690714407681157,0.009040261535080411,0.017468488178849453,dirichlet_1,,
1187,0.7301298594494006,0.005398850015382,0.03652914963209832,0.22253659683223695,0.005405544070882133,dirichlet_1,,
1188,0.07819104304983074,0.3712108076585706,0.02949959471583214,0.1530038160970404,0.36809473847872615,dirichlet_1,,
1189,0.5456154649342788,0.21270805368661602,0.103230162066643,0.061882326916814404,0.07656399239564798,dirichlet_1,,
1190,0.382067953567188,0.34468337447119357,0.13981804671823805,0.0927013205283622,0.04072930471501805,dirichlet_1,,
1191,0.002753196719070592,0.16194303298502527,0.08747410601629615,0.7312174150231846,0.016612249256423437,dirichlet_1,,
1192,0.1252309142427871,0.13939564241648292,0.09391590364074676,0.5525896916098423,0.08886784809014081,dirichlet_1,,
1193,0.11573530977314,0.08736725820432718,0.07745463996430914,0.22754019384418042,0.4919025982140433,dirichlet_1,,
1194,0.20117372287010515,0.2782443626864725,0.05390286897012632,0.27900122136864586,0.18767782410465006,dirichlet_1,,
1195,0.09131810557510085,0.4286277044730906,0.3521875846720486,0.07475498744894217,0.05311161783081784,dirichlet_1,,
1196,0.1823057211897322,0.024241028563474192,0.5194062159742924,0.1419083058025484,0.13213872846995295,dirichlet_1,,
1197,0.2620274875893389,0.20172727034270893,0.2812973510411745,0.13018898734676895,0.12475890368000866,dirichlet_1,,
1198,0.2712580909114916,0.04808283063676856,0.4096788511416704,0.23730169703691745,0.03367853027315199,dirichlet_1,,
1199,0.1351591151535124,0.16353748773450325,0.29824330233746144,0.26789761801813006,0.13516247675639279,dirichlet_1,,
1200,0.0021286519900351845,0.03136685885998638,0.3705444937669921,0.5250068971597275,0.07095309822325872,dirichlet_1,,
1201,0.20046721880112955,0.005577696948210416,0.7485231142073989,0.014811727683506158,0.030620242359754864,dirichlet_1,,
1202,0.019787291095704863,0.575728437226726,0.19310254259187373,0.11912873339523024,0.092252995690465,dirichlet_1,,
1203,0.08481741561180156,0.1647114857912101,0.026770554627834092,0.22587114985193082,0.4978293941172235,dirichlet_1,,
1204,0.4062505916805127,0.38637053288459045,0.024961927570818852,0.11388500308001034,0.06853194478406753,dirichlet_1,,
1205,0.15408810881006121,0.10719506494466413,0.3774328011218223,0.2408804749432778,0.12040355018017446,dirichlet_1,,
1206,0.12783826171339358,0.3529209622369024,0.15525233117373527,0.1279955602162647,0.2359928846597041,dirichlet_1,,
1207,0.7633227677225375,0.03420954598123819,0.09174960791435428,0.0488302300133226,0.06188784836854737,dirichlet_1,,
1208,0.5298524855682237,0.1620602629014557,0.1514325040914649,0.13019002434301385,0.026464723095841896,dirichlet_1,,
1209,0.17475239350065594,0.1690527383595499,0.08120546830864733,0.15585459294114629,0.41913480689000054,dirichlet_1,,
1210,0.5525134598875515,0.1869815981926227,0.06644636988521405,0.03433617304307642,0.15972239899153542,dirichlet_1,,
1211,0.3869171810975123,0.021897516688164385,0.05178970399168563,0.11677358576755574,0.42262201245508196,dirichlet_1,,
1212,0.09365615056897185,0.033655242042740396,0.5294765533081914,0.14083504189195525,0.20237701218814114,dirichlet_1,,
1213,0.2886659428508455,0.2087188551840961,0.06482174859009857,0.16920817313666667,0.26858528023829314,dirichlet_1,,
1214,0.0010159799429599466,0.24053247157527613,0.02176902398347584,0.6530557105868341,0.08362681391145389,dirichlet_1,,
1215,0.04051002994606624,0.23313244995826557,0.5214240782915589,0.02443975836966927,0.18049368343444014,dirichlet_1,,
1216,0.06691446461803928,0.16572769288253844,0.09579560430870114,0.3898697924487463,0.28169244574197483,dirichlet_1,,
1217,0.05579824425238508,0.23187815965832906,0.5107804838714289,0.06597244736373001,0.13557066485412683,dirichlet_1,,
1218,0.14873016498222721,0.19229431672986153,0.06403295948463093,0.5635803548498861,0.03136220395339442,dirichlet_1,,
1219,0.13266883947573932,0.011840685591045038,0.5122468056441942,0.1382432744299997,0.20500039485902163,dirichlet_1,,
1220,0.4527008223430425,0.44734249517768854,0.006121792718723685,0.0061361028314679345,0.08769878692907734,dirichlet_1,,
1221,0.017712237310651305,0.2873710640877862,0.18400351462011041,0.1703327854206616,0.34058039856079037,dirichlet_1,,
1222,0.03173475303990558,0.020275400555443347,0.2958925532738561,0.47971919828642523,0.17237809484436967,dirichlet_1,,
1223,0.01981870516257696,0.11903668977550116,0.6320691196766322,0.0003263847851389722,0.22874910060015083,dirichlet_1,,
1224,0.0790340680814255,0.19200458084696947,0.25721446108317414,0.11650551991366147,0.35524137007476947,dirichlet_1,,
1225,0.12212543777202765,0.7990363412688499,0.039023558226438396,0.009188832943136492,0.030625829789547403,dirichlet_1,,
1226,0.0024597486189825257,0.5125217121722495,0.19922343266820347,0.050338402420982406,0.23545670411958206,dirichlet_1,,
1227,0.05607896784491329,0.009228170130282218,0.0450969461133369,0.6524125196369527,0.2371833962745149,dirichlet_1,,
1228,0.43641816754177354,0.07396804399078657,0.1933692903245402,0.11158215481134916,0.18466234333155054,dirichlet_1,,
1229,0.1387395767564733,0.030261352845175563,0.26164002283603705,0.33027628845557316,0.239082759106741,dirichlet_1,,
1230,0.01714586059801104,0.20845331931285546,0.17444334147111595,0.5077868294348857,0.0921706491831318,dirichlet_1,,
1231,0.0992240197122219,0.17697099277493333,0.1140450931341092,0.13553805052210488,0.4742218438566307,dirichlet_1,,
1232,0.5016055941163451,0.0012603715874238933,0.3615429223476399,0.01755081876277917,0.11804029318581195,dirichlet_1,,
1233,0.5364277115820258,0.11817247507275148,0.09271152164346166,0.0378562043947037,0.21483208730705738,dirichlet_1,,
1234,0.4011033574650562,0.013429140905589294,0.41335903950397,0.044743460490502554,0.127365001634882,dirichlet_1,,
1235,0.21974029169646642,0.1793881284537045,0.36802788637759926,0.009144456491309464,0.22369923698092037,dirichlet_1,,
1236,0.15447725915234775,0.5203201258334172,0.23221482801186752,0.04154282685772153,0.05144496014464601,dirichlet_1,,
1237,0.3800099043782764,0.11025404422673282,0.1778408454691609,0.0766526413715519,0.2552425645542779,dirichlet_1,,
1238,0.45727095815926666,0.12651298611000106,0.37580260877845323,0.014854964170496142,0.025558482781782795,dirichlet_1,,
1239,0.014950383597925814,0.2589833666960872,0.5701436129579582,0.10794267290899544,0.04797996383903339,dirichlet_1,,
1240,0.11356258356630496,0.18491687981159188,0.2665525750994517,0.057646477654993956,0.37732148386765757,dirichlet_1,,
1241,0.19488072996050632,0.3227802432341471,0.07986960784878223,0.38651219926588576,0.01595721969067849,dirichlet_1,,
1242,0.11341196677793743,0.3654683014745757,0.1728394458360119,0.05249190612902353,0.29578837978245137,dirichlet_1,,
1243,0.2811973367050188,0.06630573007466148,0.05459509216485553,0.37336015106507686,0.2245416899903873,dirichlet_1,,
1244,0.4488420310488497,0.06905744484227068,0.11973162619501987,0.007274314172752049,0.35509458374110764,dirichlet_1,,
1245,0.006169319356307733,0.19047606469125405,0.6191372346974487,0.17514753432912,0.009069846925869363,dirichlet_1,,
1246,0.3763803269164583,0.1826044004321843,0.2011261159822496,0.14509012707222096,0.0947990295968868,dirichlet_1,,
1247,0.10849875077353979,0.05940049660107511,0.20027902199856945,0.47909023596350925,0.15273149466330624,dirichlet_1,,
1248,0.02427517898293001,0.07084243086227812,0.047579813380754316,0.6833842541812122,0.1739183225928253,dirichlet_1,,
1249,0.7915035619774551,0.0015595625491060167,0.014260051057102758,0.13253039887330717,0.06014642554302905,dirichlet_1,,
1250,0.2748365891963497,0.024346183898262312,0.37962537643660327,0.14202893812566467,0.17916291234312007,dirichlet_1,,
1251,0.05256878035640362,0.06823474252898426,0.6433141087397239,0.21097079627331228,0.02491157210157587,dirichlet_1,,
1252,0.005189145523800064,0.3543048670125487,0.1680560118303075,0.2926257129770158,0.17982426265632803,dirichlet_1,,
1253,0.08442452392549162,0.697737164680533,0.10627851778027717,0.01716663416331761,0.09439315945038043,dirichlet_1,,
1254,0.06599837570410877,0.36468419492774323,0.09924742963945989,0.30608385869855526,0.16398614103013276,dirichlet_1,,
1255,0.547018283904483,0.22775421500184642,0.11390524621393802,0.00959305552123658,0.10172919935849593,dirichlet_1,,
1256,0.2563338244411492,0.24285267146153838,0.15045853987133373,0.2984040273869538,0.05195093683902492,dirichlet_1,,
1257,0.15592955187319027,0.07206509352281543,0.5138054126903091,0.10623085268422344,0.1519690892294616,dirichlet_1,,
1258,0.03737407087605945,0.5758851277256597,0.05548256987217767,0.19711615417360842,0.1341420773524948,dirichlet_1,,
1259,0.039694036336825014,0.18843642136515756,0.3521191080274062,0.3915614166302402,0.028189017640371003,dirichlet_1,,
1260,0.20750720082678262,0.1318595820321373,0.20474781293254485,0.03741954919509558,0.4184658550134397,dirichlet_1,,
1261,0.30000172957898597,0.28064256238219776,0.07640379164157367,0.21239054513606237,0.13056137126118025,dirichlet_1,,
1262,0.01583994825891654,0.15872599214647265,0.020729048453015698,0.654892193815653,0.14981281732594204,dirichlet_1,,
1263,0.18451087440599295,0.45794233619697355,0.06916495101012841,0.1291955339499919,0.1591863044369133,dirichlet_1,,
1264,0.16789467546277678,0.28185955421608916,0.06632780952985952,0.12173449990729836,0.36218346088397607,dirichlet_1,,
1265,0.1719979165871383,0.014862762015579942,0.06737901068470975,0.3517242247309472,0.39403608598162493,dirichlet_1,,
1266,0.0689600767254044,0.7215552435651971,0.10312684492407993,0.012415690139904761,0.09394214464541376,dirichlet_1,,
1267,0.013004879741635654,0.09233501164625808,0.06458470311303013,0.637612710872538,0.19246269462653795,dirichlet_1,,
1268,0.012205200133515962,0.07017227321974955,0.7325197776685732,0.04215963228706292,0.14294311669109824,dirichlet_1,,
1269,0.22034200078246896,0.08850405259511311,0.2833883174160215,0.25225951387846307,0.15550611532793346,dirichlet_1,,
1270,0.0021313006552398654,0.25262333249983754,0.14464957784872065,0.06447689893292545,0.5361188900632766,dirichlet_1,,
1271,0.1634954972782821,0.43730366561154,0.1799687166303241,0.009151430295078943,0.21008069018477488,dirichlet_1,,
1272,0.6525930994474944,0.07484170012805957,0.037616006376879695,0.16946327287606633,0.06548592117149984,dirichlet_1,,
1273,0.19071093860989505,0.0661070136170774,0.3869141103000344,0.2960074176318248,0.06026051984116835,dirichlet_1,,
1274,0.3227835242125525,0.043982197729948186,0.015364368635395094,0.024954345837811507,0.5929155635842928,dirichlet_1,,
1275,0.3563484868263614,0.06889752536029997,0.18418070672815032,0.27366913175752966,0.11690414932765855,dirichlet_1,,
1276,0.3111144024552846,0.0046309460092714555,0.48340750678965205,0.024477237087464146,0.17636990765832772,dirichlet_1,,
1277,0.5635206924231312,0.014549196616979294,0.18400345524650666,0.1905564081683184,0.04737024754506454,dirichlet_1,,
1278,0.011200244532597785,0.18922826880607027,0.4411470194937861,0.35625098309696546,0.0021734840705804406,dirichlet_1,,
1279,0.1543153528476918,0.011924752419160446,0.5151583415104136,0.06816734295286363,0.25043421026987045,dirichlet_1,,
1280,0.18604948852754888,0.05914082274362229,0.5927669455725739,0.035846014630109065,0.12619672852614594,dirichlet_1,,
1281,0.1238685895693674,0.28341803104399604,0.29985185768131895,0.20966830718060778,0.08319321452470982,dirichlet_1,,
1282,0.032577033872430536,0.4556263015453542,0.10374409481630274,0.23889826267587394,0.16915430709003848,dirichlet_1,,
1283,0.14276565213292716,0.09511411164394991,0.2503738678784812,0.4950039534043451,0.016742414940296556,dirichlet_1,,
1284,0.20842152075133663,0.14691663480344075,0.39995984578450366,0.05918398210730352,0.18551801655341524,dirichlet_1,,
1285,0.1725394741089466,0.2916683102456039,0.11101877586693629,0.23307209703489815,0.19170134274361497,dirichlet_1,,
1286,0.049472772788726686,0.3483139533219296,0.028469389132772152,0.3714213203248003,0.20232256443177138,dirichlet_1,,
1287,0.014300302457286836,0.019443574204844608,0.26858622582513086,0.27083711835304797,0.4268327791596897,dirichlet_1,,
1288,0.13804093319448985,0.011908955823161782,0.4429801266411924,0.17511196062937462,0.23195802371178137,dirichlet_1,,
1289,0.2591643272144321,0.015205371914583092,0.2546078305829493,0.2457563727832285,0.22526609750480694,dirichlet_1,,
1290,0.28760441370629913,0.17820287074799795,0.07733001784352288,0.41036578656661704,0.04649691113556284,dirichlet_1,,
1291,0.5102431666631309,0.11778540703095591,0.07149369293958721,0.08330192162479531,0.21717581174153056,dirichlet_1,,
1292,0.043669537477901164,0.03723376539904152,0.5545763340155353,0.26865118026480017,0.09586918284272207,dirichlet_1,,
1293,0.31053450711341907,0.15072447618183338,0.01933555920205801,0.2831357545242772,0.23626970297841238,dirichlet_1,,
1294,0.16136192606904606,0.020228548929684623,0.43780357505422224,0.16041361407883287,0.2201923358682144,dirichlet_1,,
1295,0.3898585185780237,0.11385455936133858,0.2659212987872581,0.04612815729115062,0.1842374659822287,dirichlet_1,,
1296,0.3943935764802391,0.049911507346359026,0.1986789359044973,0.24666838546414632,0.11034759480475821,dirichlet_1,,
1297,0.19941943926123562,0.1517854012085709,0.19664095010553198,0.3534018791966367,0.09875233022802472,dirichlet_1,,
1298,0.33314799436118286,0.16309363320342318,0.041004583677648,0.06486877129138274,0.3978850174663633,dirichlet_1,,
1299,0.23743865935892283,0.04034405210553014,0.34017417526181154,0.30157063982952825,0.08047247344420715,dirichlet_1,,
1300,0.002322772833511817,0.07752211632972483,0.5077101112302387,0.33748505044068905,0.07495994916583565,dirichlet_1,,
1301,0.14983708162397077,0.04515136676378606,0.2623216564698118,0.11193804868026626,0.430751846462165,dirichlet_1,,
1302,0.4031776060660948,0.020914128084175365,0.12156760608288467,0.06420312838090975,0.3901375313859354,dirichlet_1,,
1303,0.08486016654755116,0.18843062479608363,0.526350987130782,0.09861619517567193,0.1017420263499113,dirichlet_1,,
1304,0.013279930973089531,0.18400853899850442,0.5977189690995528,0.09649395320107157,0.10849860772778185,dirichlet_1,,
1305,0.035890800932084764,0.16364015095224202,0.18061917203368366,0.15860582358508798,0.4612440524969016,dirichlet_1,,
1306,0.37169833519881623,0.06272912281925551,0.0913559808357028,0.08055602450261508,0.39366053664361034,dirichlet_1,,
1307,0.17418804643610547,0.13350846967935798,0.5691256918064059,0.05940884656667891,0.06376894551145182,dirichlet_1,,
1308,0.747397915731014,0.04806374154981859,0.066368421496138,0.09020487860289494,0.047965042620134624,dirichlet_1,,
1309,0.09680858468870618,0.13002896159759603,0.33049856942601935,0.20604128944510194,0.23662259484257647,dirichlet_1,,
1310,0.18338211987403613,0.014737404726430533,0.3370665855912195,0.29182539443132294,0.17298849537699074,dirichlet_1,,
1311,0.2746610394176815,0.15833948551978044,0.19758993121710003,0.3133160776250575,0.05609346622038058,dirichlet_1,,
1312,0.14813012971065148,0.5986993058174743,0.0731940112903551,0.1178153512893706,0.06216120189214864,dirichlet_1,,
1313,0.3178393413247083,0.022047867111224403,0.0725493217293333,0.12440953207459172,0.4631539377601423,dirichlet_1,,
1314,0.06359080517571918,0.4762250481199378,0.07915358015845832,0.06642791777139746,0.31460264877448724,dirichlet_1,,
1315,0.14698943279262822,0.3900640776915718,0.03247303392461786,0.07821324515180596,0.352260210439376,dirichlet_1,,
1316,0.3698570902754615,0.05026757734217611,0.2651112923489615,0.14419285085089692,0.17057118918250394,dirichlet_1,,
1317,0.0897599595144945,0.06191143708392763,0.5496445792148368,0.016338110873432482,0.28234591331330866,dirichlet_1,,
1318,0.05701093673569329,0.6608572108194503,0.11333580781223973,0.06847920734849071,0.10031683728412585,dirichlet_1,,
1319,0.05389661132182658,0.036338898746168025,0.34384545064365796,0.11524014953024467,0.4506788897581028,dirichlet_1,,
1320,0.5802644064163257,0.2963539419374113,0.10213352140056163,0.000137874761049652,0.02111025548465162,dirichlet_1,,
1321,0.12187482506869186,0.37067629259428947,0.2566929280955743,0.047585332003823845,0.20317062223762056,dirichlet_1,,
1322,0.05638818534473274,0.5930350974214953,0.18058246232743047,0.06390639779633087,0.10608785711001048,dirichlet_1,,
1323,0.08207961565198564,0.29120940946159896,0.08452616015944876,0.14668052687540425,0.3955042878515623,dirichlet_1,,
1324,0.018786568974856088,0.7697613040847237,0.08881770923955067,0.0836374518047241,0.038996965896145444,dirichlet_1,,
1325,0.043202827231546344,0.12895857730677804,0.42392757315050933,0.24036822778240777,0.16354279452875856,dirichlet_1,,
1326,0.00624244550326502,0.2604066278087793,0.42398244936984103,0.19379528654036554,0.11557319077774923,dirichlet_1,,
1327,0.21894598139517582,0.1669209652369518,0.26776191560637025,0.3306983432120802,0.015672794549422008,dirichlet_1,,
1328,0.1493689571400726,0.15676352751674494,0.3849550053762732,0.10852734889210143,0.20038516107480792,dirichlet_1,,
1329,0.15941567988038488,0.06736683570273576,0.19190025157168114,0.2029572967592025,0.37835993608599583,dirichlet_1,,
1330,0.19272667544457564,0.1860615641026637,0.2922611355040345,0.001964653587892993,0.3269859713608333,dirichlet_1,,
1331,0.3129683103639185,0.17657338379220866,0.3028065974168017,0.02807069535647802,0.17958101307059307,dirichlet_1,,
1332,0.05091620022904793,0.11156482108255575,0.0959556859240611,0.6137911194841333,0.12777217328020193,dirichlet_1,,
1333,0.4474675580222238,0.1971515048703561,0.20917789754767058,0.11083738102253236,0.03536565853721711,dirichlet_1,,
1334,0.2482592420364144,0.1527542145373569,0.11993007637964073,0.20591644341893398,0.2731400236276539,dirichlet_1,,
1335,0.22101164171988427,0.13663756758563403,0.10439926332073333,0.11398081324827038,0.4239707141254781,dirichlet_1,,
1336,0.06934518940141528,0.13179638115403897,0.0668340733975787,0.29130897873362616,0.440715377313341,dirichlet_1,,
1337,0.15218071402286157,0.09686925836340479,0.22624406367671693,0.027902365525090275,0.49680359841192645,dirichlet_1,,
1338,0.16204449581137528,0.04796400348546817,0.35093034474873575,0.28892929627142117,0.15013185968299964,dirichlet_1,,
1339,0.24258413832797696,0.37457825088794827,0.11954302463848047,0.09422990894114065,0.1690646772044536,dirichlet_1,,
1340,0.4050159330105024,0.16547098899649582,0.30119527197565665,0.004051939699083757,0.12426586631826136,dirichlet_1,,
1341,0.3806768537790614,0.1781502317386056,0.3247339925893062,0.01791924452655705,0.09851967736646972,dirichlet_1,,
1342,0.22598498974864806,0.12099079046616272,0.23948395305831954,0.24383446341734835,0.16970580330952129,dirichlet_1,,
1343,0.08147839536540624,0.05334939368041311,0.652088428537799,0.09953460644117038,0.11354917597521137,dirichlet_1,,
1344,0.07764937495186476,0.48266702017755847,0.06673894895676052,0.1404398985804611,0.23250475733335516,dirichlet_1,,
1345,0.24851431452222922,0.1665506785050968,0.07810417135127969,0.12371331968180099,0.3831175159395932,dirichlet_1,,
1346,0.09535575618244849,0.10332195858235507,0.08246569836155106,0.5221457176847387,0.1967108691889065,dirichlet_1,,
1347,0.07274727437645662,0.006684054672556055,0.32368627778697806,0.3448467967278968,0.2520355964361124,dirichlet_1,,
1348,0.0019116848195133583,0.035721927209142176,0.7617849239194389,0.19172581802811559,0.008855646023790105,dirichlet_1,,
1349,0.29968307691152785,0.14546992667539307,0.12420077186255159,0.24732544051612468,0.18332078403440283,dirichlet_1,,
1350,0.0382489569691834,0.37914322515058735,0.4521421619288204,0.09943752413452205,0.031028131816886826,dirichlet_1,,
1351,0.31723927614453673,0.0658137432066951,0.11066397375305624,0.4122988229631138,0.09398418393259825,dirichlet_1,,
1352,0.496481141872231,0.14733474639036176,0.19389254516259782,0.032947216312387465,0.1293443502624218,dirichlet_1,,
1353,0.05989054093591235,0.4009052190778323,0.3619758480997403,0.040301400724965436,0.13692699116154966,dirichlet_1,,
1354,0.10077220671016544,0.29708196438639267,0.310677916338101,0.007259011181827061,0.2842089013835138,dirichlet_1,,
1355,0.16974524983330516,0.4518586557382969,0.23880863269441854,0.09246582747759004,0.047121634256389405,dirichlet_1,,
1356,0.14000991845490274,0.3178133304245927,0.09665466636275949,0.18572047193406505,0.25980161282368,dirichlet_1,,
1357,0.022053032202971324,0.5563750698251516,0.0354326808361185,0.36664952538436046,0.019489691751397892,dirichlet_1,,
1358,0.08576998338310449,0.08673371467989445,0.2610618261141095,0.3059806464101623,0.2604538294127292,dirichlet_1,,
1359,0.18478675818163573,0.013319064920873647,0.38249843313101317,0.34921554545373673,0.07018019831274078,dirichlet_1,,
1360,0.3106550621396625,0.5415794963975554,0.07279359002825342,0.04489966015267508,0.030072191281853528,dirichlet_1,,
1361,0.18200848231235822,0.030933189747891034,0.4764743716264654,0.0239850360155002,0.2865989202977852,dirichlet_1,,
1362,0.09147286499615104,0.2288599829441848,0.43501087770593566,0.04947289435046847,0.19518338000326008,dirichlet_1,,
1363,0.141575289081137,0.06707193781776874,0.17826041225784336,0.1447365317827051,0.46835582906054574,dirichlet_1,,
1364,0.46433750825470915,0.09113375858650594,0.15508722048314869,0.12300976705034261,0.1664317456252936,dirichlet_1,,
1365,0.5073350527183539,0.08524795183804171,0.15475450997049736,0.05724944943486969,0.19541303603823731,dirichlet_1,,
1366,0.44879659787121556,0.15129230540542252,0.2818424067278967,0.053363811432476954,0.06470487856298832,dirichlet_1,,
1367,0.25105169644280245,0.07980055977168617,0.2550449439854877,0.39776666618052453,0.016336133619499173,dirichlet_1,,
1368,0.13638591833786504,0.21993287844239567,0.20212483280418986,0.28332760906622967,0.15822876134931976,dirichlet_1,,
1369,0.005708570291505627,0.07576778742357757,0.021819930623001294,0.6992693173056662,0.1974343943562493,dirichlet_1,,
1370,0.3376614434089251,0.026695368392812346,0.06862704097228212,0.11716814984742241,0.4498479973785579,dirichlet_1,,
1371,0.1268617233778059,0.025101780993380063,0.20986676963205594,0.6368747141632055,0.0012950118335524343,dirichlet_1,,
1372,0.23731390588127105,0.19069174703267486,0.11956266367746869,0.23774683664488688,0.21468484676369848,dirichlet_1,,
1373,0.038580722906498305,0.7083545053107378,0.1198717651565039,0.03280109198946341,0.10039191463679649,dirichlet_1,,
1374,0.20407287942710273,0.02013355546885332,0.15001866614840703,0.45564112428471437,0.17013377467092256,dirichlet_1,,
1375,0.15170158471889536,0.13890075669981766,0.24821147868854213,0.21703649735927472,0.2441496825334702,dirichlet_1,,
1376,0.041420093893604376,0.3112931570862101,0.18384448662450215,0.2775720944898009,0.18587016790588254,dirichlet_1,,
1377,0.27251583326439627,0.14757375457343416,0.07578468349831255,0.26850519619567953,0.23562053246817752,dirichlet_1,,
1378,0.39738857516790854,0.23396871322683918,0.21756272156056178,0.10071838656088845,0.050361603483801885,dirichlet_1,,
1379,0.04851195603298699,0.41936793311474174,0.2897942559370725,0.1524945736403211,0.08983128127487773,dirichlet_1,,
1380,0.3061479081996467,0.1690959959138339,0.11189748080376817,0.17031865612438213,0.24253995895836897,dirichlet_1,,
1381,0.23094354820485335,0.046289964660103225,0.13120706596369713,0.5467938436854869,0.044765577485859485,dirichlet_1,,
1382,0.0398251376855662,0.23616733384245114,0.15881308580899706,0.4060521429689107,0.15914229969407478,dirichlet_1,,
1383,0.1526893518707241,0.043910662715228276,0.3467591909594147,0.42589361454113905,0.030747179913493843,dirichlet_1,,
1384,0.2774870590840738,0.3422252709868687,0.19542208202716824,0.11913811468148475,0.06572747322040444,dirichlet_1,,
1385,0.06939282481516071,0.46117846530632883,0.3000163365209627,0.10196432253008603,0.0674480508274618,dirichlet_1,,
1386,0.09647261016413898,0.118254605551948,0.3387460914413521,0.4000415418643906,0.04648515097817038,dirichlet_1,,
1387,0.09200623972388554,0.06675236612076194,0.2912154361450678,0.4846878932779846,0.06533806473230007,dirichlet_1,,
1388,0.20163486669490116,0.10357237658839664,0.20492568044737844,0.3206371211454519,0.1692299551238719,dirichlet_1,,
1389,0.2903600977458657,0.023050762182379687,0.14938930455514646,0.5162865551508778,0.020913280365730282,dirichlet_1,,
1390,0.348720993783264,0.23808014373596842,0.17034794431340014,0.07815222632750174,0.16469869183986569,dirichlet_1,,
1391,0.3689951318181665,0.15693361414987853,0.19464964345382804,0.015377330472585545,0.2640442801055413,dirichlet_1,,
1392,0.041253498673276684,0.38684318803538287,0.02566462030755081,0.2652269012587294,0.2810117917250603,dirichlet_1,,
1393,0.29890764415523247,0.15591601061249918,0.0894480058379587,0.27947389504802883,0.17625444434628088,dirichlet_1,,
1394,0.19712388648714962,0.5661100422391326,0.095581992429023,0.08345033497349015,0.057733743871204626,dirichlet_1,,
1395,0.020999057775537913,0.3209483717387821,0.1337202681192619,0.49149308186643154,0.03283922049998643,dirichlet_1,,
1396,0.39266629573700707,0.1149278405101198,0.15395512411727194,0.15843680199762525,0.18001393763797596,dirichlet_1,,
1397,0.028561215157157326,0.04064178955364542,0.2638892730530301,0.3823864228187632,0.28452129941740395,dirichlet_1,,
1398,0.041178763297130785,0.482842555145543,0.3231445269066029,0.13667912670412058,0.016155027946602653,dirichlet_1,,
1399,0.022761394751919142,0.45292518103452023,0.11449843506282115,0.2871002746975767,0.12271471445316286,dirichlet_1,,
1400,0.07938988850188923,0.12989531745314942,0.11833934195629348,0.4792503582780368,0.19312509381063092,dirichlet_1,,
1401,0.41422560327064967,0.08805299584153135,0.3717909203465066,0.014860538782049982,0.11106994175926244,dirichlet_1,,
1402,0.46979388097213987,0.2666596073983083,0.13993402380352757,0.0876316710499215,0.03598081677610279,dirichlet_1,,
1403,0.004835978158039087,0.44569314594452564,0.019597016153460427,0.36337680256842897,0.16649705717554586,dirichlet_1,,
1404,0.10254619696110974,0.13666369102002174,0.1186787928154834,0.6276742764312367,0.0144370427721485,dirichlet_1,,
1405,0.0909497785086982,0.2141885002650406,0.24631986815978288,0.267485183375278,0.1810566696912006,dirichlet_1,,
1406,0.08571551262437094,0.02461418201958672,0.06287011460483545,0.8041623696189056,0.02263782113230132,dirichlet_1,,
1407,0.2318372074037564,0.16029110053803247,0.18015747787417458,0.020908311960429683,0.4068059022236069,dirichlet_1,,
1408,0.15957246358129765,0.24661111269490005,0.008467681560454993,0.1341372971032075,0.45121144506013994,dirichlet_1,,
1409,0.16247029493428106,0.11753684534608301,0.4199139941371968,0.03733830800756684,0.2627405575748722,dirichlet_1,,
1410,0.5982176354087109,0.07637012262252284,0.00985096967822156,0.16808046890936612,0.14748080338117855,dirichlet_1,,
1411,0.10084718309467232,0.086285584780673,0.06967089828685802,0.5946449539911384,0.14855137984665817,dirichlet_1,,
1412,0.045516206410058775,0.48796565619498466,0.38996493000218757,0.02350621864957495,0.05304698874319416,dirichlet_1,,
1413,0.018698581854617577,0.6473900629623498,0.03724065263906368,0.19125966876897496,0.10541103377499392,dirichlet_1,,
1414,0.03442928326912491,0.4292991370484662,0.13977363884456534,0.3407777080315354,0.055720232806308355,dirichlet_1,,
1415,0.20413984106580627,0.09775946456891002,0.1190151883318658,0.06150325897844872,0.517582247054969,dirichlet_1,,
1416,0.27153448238829286,0.04911955510471608,0.49178565617900616,0.10099299027911245,0.0865673160488724,dirichlet_1,,
1417,0.3664058834637169,0.1719003016371671,0.17834761202463248,0.047920521786399065,0.23542568108808443,dirichlet_1,,
1418,0.28584086776158324,0.32766175940448217,0.2539676465735734,0.09594911615785408,0.03658061010250719,dirichlet_1,,
1419,0.4403903646512312,0.0801813056312398,0.1689347877930781,0.12889377956448647,0.18159976235996436,dirichlet_1,,
1420,0.17934993923561332,0.15363766060707468,0.1095009028508265,0.3609552082896721,0.19655628901681352,dirichlet_1,,
1421,0.03433690948892989,0.2776371701134469,0.14927280212272603,0.36215362099486,0.176599497280037,dirichlet_1,,
1422,0.13528295060348083,0.05261840829892767,0.058543656679315666,0.33286879129273694,0.42068619312553895,dirichlet_1,,
1423,0.21802856700313908,0.17932647407210894,0.3698575659863803,0.14972687112632413,0.08306052181204755,dirichlet_1,,
1424,0.3394124280238687,0.1743601321313413,0.06504480130331713,0.2889999364870543,0.1321827020544185,dirichlet_1,,
1425,0.04147275166795137,0.04643155541585094,0.8168299032868229,0.06688056573259116,0.028385223896783492,dirichlet_1,,
1426,0.14178310634787358,0.1422540683756069,0.16396921855340107,0.08019814935912292,0.4717954573639955,dirichlet_1,,
1427,0.06102532539884114,0.0977119030626589,0.20471037042772752,0.392212086013384,0.24434031509738857,dirichlet_1,,
1428,0.129629316710401,0.25519173615971524,0.04744842254858304,0.18845814096591681,0.3792723836153839,dirichlet_1,,
1429,0.03781445090825832,0.25529255401194745,0.14833046875629732,0.25526045807707176,0.30330206824642525,dirichlet_1,,
1430,0.0033893899759530007,0.5572813997972559,0.02037899565514799,0.3386344357473983,0.08031577882424468,dirichlet_1,,
1431,0.59718033076879,0.07018326554411405,0.1875258054708331,0.06829070544398332,0.07681989277227945,dirichlet_1,,
1432,0.017763514214238767,0.22069176341065355,0.11405061731766691,0.6108304012172395,0.0366637038402014,dirichlet_1,,
1433,0.17639005061171284,0.27105764861429354,0.19740452570088857,0.09981857019243798,0.255329204880667,dirichlet_1,,
1434,0.1502754303586455,0.14899683662221272,0.0366627206836599,0.6182443548339498,0.04582065750153195,dirichlet_1,,
1435,0.5052078416626126,0.3172094023891353,0.0386687701919325,0.0758272098099791,0.06308677594634049,dirichlet_1,,
1436,0.15437302882613277,0.05178908019006194,0.20486765036980334,0.5035922188118596,0.08537802180214242,dirichlet_1,,
1437,0.30534617557986743,0.053129461191368736,0.009674682282663737,0.21482157485036757,0.4170281060957326,dirichlet_1,,
1438,0.07818564431184721,0.33737516628488673,0.04954350246896898,0.1356288298181908,0.3992668571161061,dirichlet_1,,
1439,0.1851037941639563,0.06726761904106918,0.3602616593380976,0.003499096267747635,0.3838678311891292,dirichlet_1,,
1440,0.4010346190509336,0.029944179948683303,0.04283941700780195,0.48536063148565467,0.040821152506926375,dirichlet_1,,
1441,0.2150993689662178,0.28899340724021627,0.02512398118079991,0.07384907877758506,0.3969341638351809,dirichlet_1,,
1442,0.18111560693325426,0.23595474629778948,0.07560367321947964,0.3433329691144907,0.16399300443498596,dirichlet_1,,
1443,0.1723028341504612,0.050968297044659605,0.034726103624133906,0.3031960475426333,0.43880671763811196,dirichlet_1,,
1444,0.0674306748207388,0.18451994169558542,0.0008468625364978417,0.02312649036536003,0.7240760305818178,dirichlet_1,,
1445,0.1818913692621193,0.1478190400895217,0.03515698968805605,0.4973810837037819,0.13775151725652127,dirichlet_1,,
1446,0.3719744842821261,0.44854731056767805,0.05954637846834461,0.08089401386948825,0.03903781281236303,dirichlet_1,,
1447,0.053366696792159364,0.007064777780331866,0.3720970919156251,0.39110344479250125,0.17636798871938242,dirichlet_1,,
1448,0.06470071549073454,0.3383055355556778,0.1942612401850222,0.11635244912054872,0.2863800596480167,dirichlet_1,,
1449,0.3735973594740826,0.14528673871508488,0.23198689343586587,0.0022456034476000548,0.24688340492736657,dirichlet_1,,
1450,0.4281443876228545,0.29175705213722114,0.03684661183466617,0.12634977754838123,0.11690217085687692,dirichlet_1,,
1451,0.008690755959853486,0.3508010286408046,0.1203512550340911,0.028601467565774464,0.49155549279947647,dirichlet_1,,
1452,0.011641576994193844,0.07425288286178663,0.00715658865362697,0.1581595504214456,0.748789401068947,dirichlet_1,,
1453,0.0952202018301094,0.20994806428284116,0.0424252416484973,0.035061060645705654,0.6173454315928465,dirichlet_1,,
1454,0.0021866730874168586,0.3968483568441507,0.08956518361087647,0.01769028862001536,0.4937094978375406,dirichlet_1,,
1455,0.5309040132301286,0.01823981571104012,0.13664112442796805,0.1774960283395591,0.13671901829130417,dirichlet_1,,
1456,0.03675252665918585,0.4769159301793577,0.19667433714316043,0.07962146921465946,0.21003573680363652,dirichlet_1,,
1457,0.012225568622061155,0.32761628496841183,0.11410482414563493,0.25938549286532986,0.2866678293985622,dirichlet_1,,
1458,0.20909677742429758,0.28444921152415936,0.216948516447788,0.2302551623455071,0.05925033225824804,dirichlet_1,,
1459,0.20040072599265638,0.05637141834765487,0.06077265833065711,0.42849279025829806,0.2539624070707336,dirichlet_1,,
1460,0.02358878830867546,0.17026181401144044,0.39420531375951884,0.39493960594393185,0.017004477976433462,dirichlet_1,,
1461,0.05055887138656388,0.018059557572190583,0.03936313007479559,0.26927929778026993,0.6227391431861798,dirichlet_1,,
1462,0.3596470200284548,0.13016753119345448,0.1240400625079275,0.22041793802498813,0.165727448245175,dirichlet_1,,
1463,0.17537861924577233,0.3760870721493257,0.34207195377576033,0.10077233225237499,0.00569002257676668,dirichlet_1,,
1464,0.1461785251576044,0.010022829702145311,0.6396576326539882,0.0835766096915471,0.12056440279471484,dirichlet_1,,
1465,0.17890926702597415,0.06645050127751273,0.41329512674909613,0.1996109632379907,0.14173414170942614,dirichlet_1,,
1466,0.1126072659352899,0.007361061327365829,0.1631484618173336,0.4669006829804787,0.2499825279395319,dirichlet_1,,
1467,0.24728271146677785,0.36983743996704277,0.1917075517961797,0.0012504326985142724,0.18992186407148537,dirichlet_1,,
1468,0.5620949106724508,0.023120427330427174,0.30369533708559443,0.07463110311744857,0.03645822179407912,dirichlet_1,,
1469,0.2923281526583641,0.2646337317275671,0.3481647322793427,0.012450438208609756,0.0824229451261163,dirichlet_1,,
1470,0.0049520863650239,0.40034665019321336,0.3878193045173347,0.0760884081896491,0.13079355073477894,dirichlet_1,,
1471,0.3966497865912329,0.17248016119080925,0.011549788654507816,0.28706568834842117,0.13225457521502887,dirichlet_1,,
1472,0.10349292402051925,0.3437605666644177,0.051817077233356997,0.395275838326865,0.10565359375484107,dirichlet_1,,
1473,0.3885374311944379,0.04471461341056394,0.3163148354522053,0.1673318690624102,0.08310125088038275,dirichlet_1,,
1474,0.1986036991417975,0.2793558625123168,0.08315193712293246,0.18304951183196452,0.2558389893909887,dirichlet_1,,
1475,0.3574845144600118,0.004020757062331681,0.44888727980399645,0.12056319866312948,0.06904425001053068,dirichlet_1,,
1476,0.36169798732966546,0.04639761430208513,0.2595614469901174,0.03732629386057668,0.2950166575175554,dirichlet_1,,
1477,0.2955993836332358,0.2665651708650412,0.1271692410462596,0.14004420842154125,0.17062199603392217,dirichlet_1,,
1478,0.09644159129711889,0.18458983715933758,0.022953635339133836,0.004547225320782747,0.691467710883627,dirichlet_1,,
1479,0.13248031497142448,0.03128995311132862,0.38053912059054024,0.16159177412667053,0.2940988372000362,dirichlet_1,,
1480,0.29148477703597825,0.048605106286480175,0.10494050445643414,0.20362546093750472,0.35134415128360263,dirichlet_1,,
1481,0.08857509343640947,0.1749831286099017,0.04891865130591289,0.36511068963718096,0.322412437010595,dirichlet_1,,
1482,0.0909552630025991,0.20622788742519688,0.45104056908488543,0.00018930619858228268,0.25158697428873633,dirichlet_1,,
1483,0.13797062398934704,0.03578314020043688,0.24057819872166622,0.1793318877947347,0.4063361492938151,dirichlet_1,,
1484,0.286894382197742,0.13150622521187225,0.138745544349397,0.028322694021485,0.4145311542195036,dirichlet_1,,
1485,0.0035289191409485546,0.07098390084559662,0.49054498328771584,0.0050845459186825955,0.42985765080705635,dirichlet_1,,
1486,0.2246380832946953,0.053805529914198805,0.02017325734920246,0.0052665167042463025,0.6961166127376571,dirichlet_1,,
1487,0.2817376113107347,0.0029594889202440217,0.2732379159758407,0.3435285169933298,0.09853646679985062,dirichlet_1,,
1488,0.2545738985537895,0.13775396526722827,0.16353692561508512,0.011725805961415703,0.43240940460248156,dirichlet_1,,
1489,0.3555276625971412,0.027652687821416562,0.3094087633319106,0.12880368653320834,0.1786071997163233,dirichlet_1,,
1490,0.21317287130883633,0.009155326894415233,0.17120373322027121,0.03066533429534881,0.5758027342811285,dirichlet_1,,
1491,0.2129659268018183,0.06980361929463896,0.07817007303693811,0.42403770035798755,0.2150226805086171,dirichlet_1,,
1492,0.052861346537962116,0.3108173187885153,0.2633956947745423,0.05137569494974612,0.3215499449492341,dirichlet_1,,
1493,0.05360612561963326,0.12901293141571607,0.5885050257302816,0.020812466986263697,0.20806345024810516,dirichlet_1,,
1494,0.0885974228487328,0.2952094091404308,0.08447235605521212,0.49760294371646485,0.03411786823915959,dirichlet_1,,
1495,0.3091602675799391,0.4323152396069975,0.1558651309300114,0.09435946874198696,0.00829989314106504,dirichlet_1,,
1496,0.22502850812556977,0.03398775670743846,0.5644862497244908,0.0631472147410062,0.11335027070149466,dirichlet_1,,
1497,0.07885176705266948,0.13602338274205036,0.007621683709128524,0.42710688151912873,0.3503962849770228,dirichlet_1,,
1498,0.3997553604838326,0.2946597028982356,0.04184698077852962,0.18172585457085746,0.08201210126854465,dirichlet_1,,
1499,0.03238662082854011,0.2319600463520496,0.04790525202962495,0.5994486395140824,0.08829944127570308,dirichlet_1,,
1500,0.14240178371558712,0.02106918669394997,0.09543188054594709,0.5810916040794376,0.16000554496507807,dirichlet_1,,
1501,0.05180455405726886,0.4547379037116571,0.2832716835086394,0.02387180340054755,0.18631405532188705,dirichlet_1,,
1502,0.027426795218054294,0.06960721358898725,0.779594952458263,0.07184717104557872,0.05152386768911673,dirichlet_1,,
1503,0.3180908037387623,0.19803289637420918,0.0427922970811301,0.012984840465108932,0.42809916234078943,dirichlet_1,,
1504,0.11623513190799334,0.4210215416657646,0.1560705975251351,0.09979787218930589,0.2068748567118011,dirichlet_1,,
1505,0.11513748237100314,0.24264964756600416,0.3569244944007244,0.1656749410965433,0.11961343456572493,dirichlet_1,,
1506,0.02435199336086497,0.6324181201170541,0.07379336558362197,0.21282218902997152,0.056614331908487546,dirichlet_1,,
1507,0.33744611647227307,0.07494010558233156,0.11970366023495335,0.3590063139075571,0.1089038038028849,dirichlet_1,,
1508,0.21398408699577479,0.47584244878906246,0.16897575939827425,0.09881934868270262,0.04237835613418596,dirichlet_1,,
1509,0.1933159938308459,0.12510603468175466,0.22252982371725127,0.4390355591904836,0.020012588579664578,dirichlet_1,,
1510,0.20151663614449977,0.05075360603460999,0.4431277708801451,0.025325256258567467,0.27927673068217773,dirichlet_1,,
1511,0.11481350666292858,0.3130648113619521,0.11195823222055636,0.39229745898118806,0.06786599077337503,dirichlet_1,,
1512,0.19273899131672614,0.09013301340578907,0.396506182559021,0.0484058948066501,0.2722159179118136,dirichlet_1,,
1513,0.020896087159495872,0.36039412099771484,0.07770470430263396,0.351609564632138,0.18939552290801728,dirichlet_1,,
1514,0.03659801900266252,0.1881702376452087,0.2148765175228028,0.3644651284523338,0.19589009737699212,dirichlet_1,,
1515,0.08256857216709478,0.11108140190727263,0.2651682328831587,0.3693922566716556,0.17178953637081829,dirichlet_1,,
1516,0.4620642592788175,0.026739264763450336,0.05471764251051599,0.3827693789091912,0.07370945453802494,dirichlet_1,,
1517,0.03838883985257336,0.5175242310284238,0.19007900468158362,0.03209320947892715,0.22191471495849194,dirichlet_1,,
1518,0.20078698743089313,0.0040133398542489635,0.029364416325356368,0.19841306931606292,0.5674221870734386,dirichlet_1,,
1519,0.20422311663876283,0.5583614506582025,0.2170998018008864,0.010202487109465634,0.010113143792682511,dirichlet_1,,
1520,0.2957573312957913,0.06080640023483107,0.25718110270347394,0.21998598367299474,0.16626918209290878,dirichlet_1,,
1521,0.6166662763953461,0.17281578992542276,0.007667062190308467,0.12611985774763082,0.07673101374129188,dirichlet_1,,
1522,0.1636440347691905,0.35801932729120434,0.2810648711989,0.13623904751254015,0.06103271922816493,dirichlet_1,,
1523,0.2199254322759512,0.29890903658428797,0.3072030681671625,0.02781183651179939,0.14615062646079885,dirichlet_1,,
1524,0.047475782399945515,0.28863449638575506,0.14936742321287028,0.12612972334866446,0.38839257465276467,dirichlet_1,,
1525,0.1457410375236802,0.5003769477266922,0.10300992447183477,0.22734494767748134,0.023527142600311624,dirichlet_1,,
1526,0.18475799603023443,0.1260305298518417,0.15931481153105906,0.16447701426289063,0.3654196483239742,dirichlet_1,,
1527,0.04322144431757346,0.057936343802024254,0.23227190170998113,0.4326768447186635,0.23389346545175765,dirichlet_1,,
1528,0.1622473404965296,0.5175013082044259,0.041946015489451746,0.016158050877358148,0.26214728493223466,dirichlet_1,,
1529,0.021114037328844263,0.45773730436888427,0.10537968270165299,0.2687545027679002,0.14701447283271846,dirichlet_1,,
1530,0.26852172765178894,0.21240836102539037,0.3613312970905354,0.12583438574186104,0.031904228490424194,dirichlet_1,,
1531,0.14499900827519474,0.25433492627507465,0.014718274224877065,0.07868615999549519,0.5072616312293584,dirichlet_1,,
1532,0.16277044173657734,0.0254015601109483,0.01226661254406527,0.5966826991497919,0.20287868645861729,dirichlet_1,,
1533,0.07972904744070611,0.1356597910735277,0.328094292827755,0.154484763151617,0.3020321055063943,dirichlet_1,,
1534,0.30349196334315076,0.1930724261872609,0.20791927657049586,0.2447132172925714,0.05080311660652111,dirichlet_1,,
1535,0.10273060098532653,0.3244188546935187,0.1154601122207065,0.0780871212004758,0.37930331089997255,dirichlet_1,,
1536,0.28640747578055553,0.08877276298997794,0.2534307620600918,0.32460289822739,0.04678610094198471,dirichlet_1,,
1537,0.24063958263884444,0.4977129603466444,0.0348522798799711,0.04700532137918376,0.17978985575535633,dirichlet_1,,
1538,0.39469709645132706,0.08222106594488295,0.13071105722606458,0.3171653224348922,0.07520545794283319,dirichlet_1,,
1539,0.08887613732554125,0.11083734310829862,0.015841403951039983,0.14678339767173923,0.6376617179433809,dirichlet_1,,
1540,0.012746232992066802,0.12312340558890365,0.11880409882712271,0.20132522250663984,0.5440010400852668,dirichlet_1,,
1541,0.21233998751159575,0.048454988977266494,0.3121593391483721,0.294418162765477,0.13262752159728872,dirichlet_1,,
1542,0.03920006989623624,0.29867733527412216,0.1805254099177265,0.45451337768268407,0.027083807229231077,dirichlet_1,,
1543,0.15887150376297726,0.2339468130837687,0.21633469863851834,0.07314057725359205,0.3177064072611438,dirichlet_1,,
1544,0.2099028060926152,0.3144851735389015,0.08702993189752266,0.19019006916740436,0.19839201930355618,dirichlet_1,,
1545,0.1729997596552664,0.12923083497844257,0.21390459349276428,0.4806151124890299,0.0032496993844970705,dirichlet_1,,
1546,0.37990120085918727,0.036533821598766725,0.3811705289474821,0.06785717781076091,0.1345372707838029,dirichlet_1,,
1547,0.05300375074907576,0.04740846114759468,0.34605850413931827,0.21316423179324076,0.3403650521707705,dirichlet_1,,
1548,0.03271257128804128,0.1537841064455325,0.3643107458937856,0.3760356004742868,0.07315697589835397,dirichlet_1,,
1549,0.1949971173377469,0.02614900022984615,0.30840431656901784,0.20000225018726384,0.27044731567612534,dirichlet_1,,
1550,0.10501258552012359,0.3451104125574706,0.020242070424779362,0.18293464342395382,0.3467002880736726,dirichlet_1,,
1551,0.3307181879018863,0.23349932069693616,0.0753867188846995,0.3496053177981756,0.010790454718302351,dirichlet_1,,
1552,0.24331782659080722,0.1413917017962515,0.22429001330185871,0.22049282605447798,0.17050763225660467,dirichlet_1,,
1553,0.04363518217033467,0.041897576658381126,0.059651352586269406,0.14687548954966978,0.7079403990353451,dirichlet_1,,
1554,0.27816371638998577,0.08584875920247356,0.01797762490912156,0.5684614228191892,0.04954847667922973,dirichlet_1,,
1555,0.06333047311388726,0.02873218264284423,0.13290188958569316,0.43259545956326334,0.3424399950943119,dirichlet_1,,
1556,0.11639270042674282,0.1406721352461037,0.12465725021091376,0.3476910917817656,0.27058682233447406,dirichlet_1,,
1557,0.09433624084208363,0.160885653138014,0.12027473574467237,0.47801105158489016,0.14649231869033982,dirichlet_1,,
1558,0.3450549165745342,0.06767180703635434,0.20424476879688874,0.3250583559470745,0.05797015164514834,dirichlet_1,,
1559,0.15299496735405946,0.03808829696478114,0.028855743517335917,0.47403206266816345,0.30602892949566013,dirichlet_1,,
1560,0.039116720112641494,0.4943671347404982,0.17883606282660083,0.08885577889404452,0.198824303426215,dirichlet_1,,
1561,0.08865203395292738,0.14628683527984096,0.14255828156160089,0.5773862412753523,0.045116607930278524,dirichlet_1,,
1562,0.24480030035814487,0.042485926447900224,0.4757803166999753,0.13779996171225337,0.09913349478172642,dirichlet_1,,
1563,0.45744230443104145,0.002536642754125074,0.23347759928247855,0.2050904482978858,0.10145300523446918,dirichlet_1,,
1564,0.3342213911551223,0.13837578213566132,0.04343170975643172,0.311268349798427,0.1727027671543577,dirichlet_1,,
1565,0.20188198709906996,0.10224715030281152,0.2792769412393007,0.11695347455630975,0.299640446802508,dirichlet_1,,
1566,0.07446790118121976,0.22766207008699946,0.26604629867782387,0.29572953117924655,0.1360941988747105,dirichlet_1,,
1567,0.22121592062583365,0.06251934451180835,0.29899723958750085,0.2778434846995276,0.13942401057532952,dirichlet_1,,
1568,0.23499984238300928,0.2781685556816974,0.14079574656355665,0.2924343034253952,0.05360155194634157,dirichlet_1,,
1569,0.18268764729507628,0.06487924377882277,0.3466289579823085,0.12825413551692977,0.2775500154268626,dirichlet_1,,
1570,0.10055826965810441,0.3089082209917086,0.04298331911030257,0.2794592949395614,0.26809089530032315,dirichlet_1,,
1571,0.466669788376354,0.08761650939520992,0.1599848675530739,0.023265634526416435,0.26246320014894575,dirichlet_1,,
1572,0.5012377859210776,0.08420760604879604,0.012034760168120339,0.02600777125387339,0.37651207660813263,dirichlet_1,,
1573,0.20015023603090046,0.03594618696204141,0.038084331592514946,0.014566911764197265,0.7112523336503459,dirichlet_1,,
1574,0.06635547917515723,0.023589851549227964,0.2841509842084196,0.10240295626558721,0.523500728801608,dirichlet_1,,
1575,0.5001634125568752,0.06946479869062906,0.22235827160052718,0.05630802214529038,0.15170549500667813,dirichlet_1,,
1576,0.2980010400375287,0.10139803507922589,0.01484422086560742,0.43815942377872774,0.14759728023891028,dirichlet_1,,
1577,0.40079421595743603,0.023097630374121693,0.05930632713747197,0.37326621650635095,0.14353561002461956,dirichlet_1,,
1578,0.3591759865577582,0.060722436206998034,0.0022292665965210293,0.41894031474575605,0.15893199589296658,dirichlet_1,,
1579,0.03705134559726773,0.08108392809993947,0.2771526573452401,0.40637251644454414,0.19833955251300842,dirichlet_1,,
1580,0.2713205079650948,0.08831958925117006,0.32608481361894226,0.2732376674973214,0.041037421667471444,dirichlet_1,,
1581,0.06608362064830195,0.6697911778934446,0.2237847693328858,0.012132199896375224,0.028208232228992557,dirichlet_1,,
1582,0.2820492558064151,0.1747593910114809,0.1801048854022469,0.05850260235394384,0.30458386542591326,dirichlet_1,,
1583,0.009643197749375249,0.041240661723800705,0.4975973241025015,0.1210225009578154,0.3304963154665069,dirichlet_1,,
1584,0.26015333848518984,0.23373765009686487,0.02784852455007982,0.24144373916453818,0.2368167477033272,dirichlet_1,,
1585,0.256506447248631,0.3504555811679849,0.18385440886456364,0.1310380253298375,0.07814553738898299,dirichlet_1,,
1586,0.25413761854839156,0.24178220577003623,0.2896064671755238,0.01453999067113567,0.19993371783491282,dirichlet_1,,
1587,0.2048267245328781,0.19585519948034685,0.04644673525984779,0.20028167625862883,0.3525896644682985,dirichlet_1,,
1588,0.22189551945854505,0.5821058089774019,0.07956776092344477,0.0031018133119289767,0.11332909732867938,dirichlet_1,,
1589,0.32723859441393255,0.09897243048883998,0.06040118458812238,0.030173944230914976,0.4832138462781901,dirichlet_1,,
1590,0.5591278410515508,0.08712398090982468,0.10995721512706513,0.08542803134959946,0.1583629315619599,dirichlet_1,,
1591,0.11482700445323807,0.2825820882481996,0.20463070777178313,0.30968289812781713,0.08827730139896202,dirichlet_1,,
1592,0.062465777111077876,0.14661365743268645,0.1309188891717165,0.2891241001602596,0.3708775761242596,dirichlet_1,,
1593,0.28778637704969234,0.14126968414367846,0.25835357990355706,0.12654121167455998,0.18604914722851215,dirichlet_1,,
1594,0.23498968167079248,0.2217384240891052,0.1106702272181613,0.259160084900416,0.17344158212152508,dirichlet_1,,
1595,0.09065531811525582,0.06515331624479376,0.4038662153162715,0.10254282881133277,0.3377823215123461,dirichlet_1,,
1596,0.02189601442572184,0.4450143432258974,0.08799469172327239,0.16953379084299794,0.27556115978211043,dirichlet_1,,
1597,0.14575805221245242,0.053279002684225765,0.16203032538722736,0.42375502991256025,0.21517758980353419,dirichlet_1,,
1598,0.11173956200566577,0.18262280817597437,0.10714701696673365,0.025075025379185014,0.5734155874724413,dirichlet_1,,
1599,0.21468213483055645,0.16261645056992668,0.4614067807035075,0.03524738461190295,0.12604724928410638,dirichlet_1,,
1600,0.07119832473001758,0.005275290108320247,0.1914504622923956,0.350472911477237,0.38160301139202946,dirichlet_1,,
1601,0.6458622599504606,0.0676741033688062,0.11053274769970363,0.17223469997369265,0.0036961890073369443,dirichlet_1,,
1602,0.024946404070290307,0.07536447048021046,0.04025760284843105,0.0037720418311732924,0.855659480769895,dirichlet_1,,
1603,0.6672485669240722,0.027837602245555506,0.181779515982199,0.07204872995144446,0.05108558489672882,dirichlet_1,,
1604,0.21888506214785564,0.07126805316985875,0.46094878262396644,0.22936124382704046,0.019536858231278802,dirichlet_1,,
1605,0.248674713419001,0.27201845576987765,0.30177878767461747,0.07302067201700202,0.10450737111950201,dirichlet_1,,
1606,0.21652860636479207,0.039596177800578246,0.3420422934454045,0.2724909435251597,0.1293419788640653,dirichlet_1,,
1607,0.35217772556395305,0.1379954470116161,0.08772014926969463,0.3175927250198785,0.10451395313485785,dirichlet_1,,
1608,0.020370499288212253,0.17576320111104943,0.13885655482441867,0.23980093055883386,0.42520881421748563,dirichlet_1,,
1609,0.2394353759214474,0.239141735709492,0.15939135273686164,0.004000253485533756,0.35803128214666513,dirichlet_1,,
1610,0.2742514919755921,0.31478964049865565,0.069100175568014,0.09173166996476861,0.25012702199296954,dirichlet_1,,
1611,0.06591247008119988,0.016552578638096168,0.7551330588715024,0.005451597038348785,0.15695029537085292,dirichlet_1,,
1612,0.029723575231085354,0.16824830762543078,0.22701827177909994,0.06992095781266748,0.5050888875517163,dirichlet_1,,
1613,0.29030574254843317,0.13340241807832687,0.09282327657125186,0.15118754025136516,0.3322810225506232,dirichlet_1,,
1614,0.006193330299269216,0.6620885811368292,0.21311278084493152,0.044922295538269846,0.07368301218070018,dirichlet_1,,
1615,0.5349591735254628,0.029274586498918922,0.22999016189035895,0.03464742339641073,0.17112865468884852,dirichlet_1,,
1616,0.24406064081987097,0.006945215531122352,0.10913371868245783,0.18880694035180165,0.45105348461474726,dirichlet_1,,
1617,0.16923213259598105,0.34001449865421784,0.14089671803402326,0.2468965288027996,0.10296012191297829,dirichlet_1,,
1618,0.0819464092293976,0.224698400850462,0.31107170244569,0.31921819216020564,0.06306529531424467,dirichlet_1,,
1619,0.42025827997644755,0.06286152586207734,0.12326035032465323,0.15250106384089193,0.24111877999593007,dirichlet_1,,
1620,0.09971000600814028,0.34683347243943147,0.24950904600245052,0.26826337013165114,0.03568410541832656,dirichlet_1,,
1621,0.0074613925603042005,0.49583298367501244,0.05123053349571448,0.2682831971946399,0.177191893074329,dirichlet_1,,
1622,0.2138988203524346,0.14385972258621968,0.1757790219614341,0.1261525212485407,0.34030991385137094,dirichlet_1,,
1623,0.31519445856869166,0.006580575124298094,0.04881712162016807,0.13237438074646046,0.49703346394038167,dirichlet_1,,
1624,0.21356521761414574,0.0773928720795263,0.225265046915347,0.3405281040548695,0.14324875933611148,dirichlet_1,,
1625,0.09793319152126938,0.30634909472084076,0.21891339038709173,0.28574182424681593,0.09106249912398238,dirichlet_1,,
1626,0.03565900051322799,0.13965663458082803,0.3457536371989621,0.2878711915013059,0.1910595362056758,dirichlet_1,,
1627,0.06460830090555092,0.16927765890720237,0.0073426449373868745,0.19201242422398926,0.5667589710258707,dirichlet_1,,
1628,0.025061847991488535,0.7388853996556879,0.05075831068934442,0.12065711725249857,0.06463732441098051,dirichlet_1,,
1629,0.2535853126021078,0.11930124116451046,0.2566827277309682,0.08961854479720772,0.2808121737052058,dirichlet_1,,
1630,0.43714719436871236,0.0912405439883563,0.1543656851092597,0.06278360472226643,0.254462971811405,dirichlet_1,,
1631,0.2842742884006199,0.022808278356580777,0.019720530159990566,0.027505500070574663,0.6456914030122342,dirichlet_1,,
1632,0.024947847296908684,0.43183834472346827,0.17691093809299144,0.34701517110050056,0.019287698786131083,dirichlet_1,,
1633,0.16047947384579403,0.1484368892591818,0.08524690627022966,0.30957311392433673,0.29626361670045787,dirichlet_1,,
1634,0.11519690911245505,0.48330029524126095,0.2965243681133402,0.07819251907091021,0.026785908462033537,dirichlet_1,,
1635,0.13754432888733464,0.4813956817999198,0.3151044086168934,0.0019210603229108216,0.06403452037294116,dirichlet_1,,
1636,0.06622798056296239,0.017850775271721447,0.5957537229906898,0.2873588726479576,0.03280864852666873,dirichlet_1,,
1637,0.30028457262874475,0.3658073980982515,0.21146165040943368,0.014184349142732762,0.10826202972083723,dirichlet_1,,
1638,0.23418506345531356,0.28054927668907864,0.030189569158195127,0.16302801366809333,0.2920480770293195,dirichlet_1,,
1639,0.12850747568098575,0.06958033981890359,0.23486494532375396,0.48754103353018236,0.07950620564617447,dirichlet_1,,
1640,0.30211857761250605,0.10704876286093752,0.04155647204932878,0.11580442681280227,0.43347176066442555,dirichlet_1,,
1641,0.1903168488763363,0.2444473131549272,0.16610597414732708,0.16443577801551584,0.2346940858058935,dirichlet_1,,
1642,0.23359446854865204,0.13687689964110114,0.2035803452975386,0.3395842491643794,0.08636403734832875,dirichlet_1,,
1643,0.39799669102252905,0.20895808875965338,0.04008781288645863,0.327203806832083,0.02575360049927591,dirichlet_1,,
1644,0.12046005066551019,0.25795778400470215,0.3170342597894081,0.22544310346519048,0.07910480207518912,dirichlet_1,,
1645,0.20390176598057574,0.10033251394710131,0.4863669648510037,0.05412317048085141,0.1552755847404678,dirichlet_1,,
1646,0.4417875083743044,0.08776465988856237,0.3866051007339325,0.08100149067568826,0.0028412403275124213,dirichlet_1,,
1647,0.20737769168549613,0.04872025204516924,0.31439005180022583,0.40049010222954573,0.029021902239563097,dirichlet_1,,
1648,0.12054568102483887,0.07130351211799305,0.06560839389812316,0.17606746855635214,0.5664749444026927,dirichlet_1,,
1649,0.1888993088244756,0.021755172729845108,0.4341970779677391,0.26115302958662057,0.09399541089131958,dirichlet_1,,
1650,0.20307304213235824,0.07413237122970152,0.6667639706662216,0.0033874943465604765,0.05264312162515821,dirichlet_1,,
1651,0.06960993481993775,0.35976031496850985,0.4264428818208706,0.12450102820973949,0.01968584018094237,dirichlet_1,,
1652,0.06608913096077791,0.2311779682705695,0.17565951741795663,0.20973029922878653,0.3173430841219095,dirichlet_1,,
1653,0.03920382680710499,0.144148648483354,0.027566831266353578,0.006955863577999315,0.782124829865188,dirichlet_1,,
1654,0.04132906090717097,0.38762828280642564,0.08949013210178128,0.3033763488078869,0.1781761753767352,dirichlet_1,,
1655,0.24477187513820503,0.035896995851330236,0.17587195341484863,0.324183120450296,0.21927605514532,dirichlet_1,,
1656,0.4048373061820753,0.19673408806891973,0.18653667520645698,0.09424988092197577,0.11764204962057226,dirichlet_1,,
1657,0.04771021051333834,0.322023280214068,0.15840594980283534,0.3934166056905216,0.07844395377923667,dirichlet_1,,
1658,0.13578211163683457,0.16880732308333804,0.3816596557017523,0.16416022677544556,0.14959068280262958,dirichlet_1,,
1659,0.5535603644164798,0.03132414266890152,0.07075218471902274,0.055119138646494786,0.2892441695491011,dirichlet_1,,
1660,0.08467022395809186,0.14976964754273606,0.2563457520756488,0.4897271294774619,0.019487246946061406,dirichlet_1,,
1661,0.28696546805516737,0.1923739982198572,0.20734204383375435,0.10086935267741688,0.2124491372138043,dirichlet_1,,
1662,0.014307746329412384,0.1540800131376,0.12496264466963844,0.0690483744433559,0.6376012214199933,dirichlet_1,,
1663,0.05062743072015461,0.05422163945329337,0.08770175195373178,0.6614747141596887,0.14597446371313158,dirichlet_1,,
1664,0.09760224787676709,0.1772586539557958,0.2115762713112219,0.354949852828136,0.15861297402807925,dirichlet_1,,
1665,0.17038967616199235,0.21018642012415972,0.03326492660186377,0.44979591346776193,0.1363630636442222,dirichlet_1,,
1666,0.3787286996997644,0.04072512744167182,0.05027514823910138,0.009218917140686652,0.5210521074787756,dirichlet_1,,
1667,0.21717461967334617,0.17129522927250643,0.013691721970839966,0.0816708062544547,0.5161676228288525,dirichlet_1,,
1668,0.08663631073590027,0.7382885238103134,0.08327391388965379,0.010179770972739758,0.08162148059139271,dirichlet_1,,
1669,0.4023622637887342,0.32573987049824166,0.007032486622518927,0.172287722942308,0.09257765614819716,dirichlet_1,,
1670,0.21305330190312025,0.052467160775039594,0.49631234372450556,0.15362622402375428,0.08454096957358027,dirichlet_1,,
1671,0.06420300622816576,0.3053574722347699,0.016094675876012956,0.3785733063713243,0.23577153928972694,dirichlet_1,,
1672,0.008472121642721958,0.07031380006551158,0.05624842998284948,0.030578936175023472,0.8343867121338936,dirichlet_1,,
1673,0.23342461989647795,0.15711380578563522,0.1237147923193946,0.2781882467144133,0.20755853528407908,dirichlet_1,,
1674,0.0635261089206949,0.588238085816105,0.2451936982099752,0.06400674015620575,0.03903536689701902,dirichlet_1,,
1675,0.3559117801384861,0.42806810668921086,0.1105994537708359,0.06498865051452742,0.04043200888693967,dirichlet_1,,
1676,0.0017201774729841619,0.09384195981836475,0.10746541131589178,0.45318628591954296,0.34378616547321644,dirichlet_1,,
1677,0.09518128598559197,0.27196476913583784,0.14031909889093555,0.2439815980421224,0.2485532479455123,dirichlet_1,,
1678,0.03399398352729541,0.2096156270068904,0.1977101393573791,0.21684636853227937,0.3418338815761556,dirichlet_1,,
1679,0.06473873547182613,0.2628734226494244,0.10665180761895882,0.39543440386747924,0.17030163039231133,dirichlet_1,,
1680,0.013798639799763226,0.5433196766474699,0.19480688874929192,0.035054560717065024,0.21302023408640983,dirichlet_1,,
1681,0.17658046712144776,0.2893382339595631,0.3223553921488626,0.13822628115030616,0.0734996256198205,dirichlet_1,,
1682,0.017928946056518732,0.40519307119670833,0.016723776501170375,0.2194137813441107,0.3407404249014918,dirichlet_1,,
1683,0.14509248964194488,0.0747692113271212,0.08357168453254347,0.08636188013350038,0.6102047343648901,dirichlet_1,,
1684,0.3487666854479468,0.1920444960565535,0.0770936911200066,0.15618371281772855,0.2259114145577646,dirichlet_1,,
1685,0.5533920840571929,0.0008154403453351936,0.08860054751298502,0.32955555857518953,0.027636369509297445,dirichlet_1,,
1686,0.4720185225286402,0.16949906004487278,0.034430443104426535,0.2595689678715741,0.06448300645048632,dirichlet_1,,
1687,0.20855040575166744,0.13397695653909608,0.3059317304176725,0.32611400476275654,0.025426902528807357,dirichlet_1,,
1688,0.09874320967536351,0.10194534282390046,0.38370543713985855,0.34173811270676985,0.07386789765410767,dirichlet_1,,
1689,0.26697158804567556,0.3612337490884901,0.05004507656676628,0.06069450218761705,0.26105508411145095,dirichlet_1,,
1690,0.17061242093778053,0.1743620718994365,0.10137889006449598,0.5143933658182983,0.0392532512799888,dirichlet_1,,
1691,0.3879223403868054,0.16527921810350402,0.2951392310744006,0.07157332962454113,0.08008588081074873,dirichlet_1,,
1692,0.07914203228652299,0.08476291679992812,0.2030953064999462,0.10818223318995572,0.524817511223647,dirichlet_1,,
1693,0.017416035037306342,0.04794802042019383,0.2723516842153736,0.5947946160270138,0.06748964430011258,dirichlet_1,,
1694,0.16365677393951863,0.2390077342852948,0.40360343889684974,0.1035884592184335,0.09014359365990347,dirichlet_1,,
1695,0.177491177828816,0.09789855826017846,0.39399296678809936,0.018503299764030652,0.31211399735887563,dirichlet_1,,
1696,0.2528571329110845,0.009221960199165522,0.06969093803629726,0.05985238078039314,0.6083775880730595,dirichlet_1,,
1697,0.017481659911849037,0.15725863245571,0.7727864339161387,0.015017918675674048,0.03745535504062805,dirichlet_1,,
1698,0.6875415443079411,0.04819285871363815,0.021297175043750144,0.06426126846533736,0.17870715346933302,dirichlet_1,,
1699,0.05032713812596839,0.01716341675586729,0.1228391062195137,0.02176160227514137,0.7879087366235094,dirichlet_1,,
1700,0.04035269415499472,0.43271146796942217,0.43345875706465964,0.04828397434647583,0.045193106464447484,dirichlet_1,,
1701,0.7775229346518917,0.039494069005863226,0.1354063090022132,0.006237598182500284,0.04133908915753152,dirichlet_1,,
1702,0.3049893913379888,0.09605282189692005,0.30028681611365643,0.05378511553189333,0.24488585511954133,dirichlet_1,,
1703,0.020529449681896867,0.5277539263259133,0.12519962209752689,0.013434533628955974,0.31308246826570696,dirichlet_1,,
1704,0.22462859337990915,0.6148119718069481,0.01850076562307321,0.10765984995850626,0.03439881923156336,dirichlet_1,,
1705,0.07524322670165191,0.05762663365690566,0.3962554075920999,0.1581251049780728,0.31274962707126974,dirichlet_1,,
1706,0.4835206507314142,0.12979945214319286,0.16126871416132155,0.09925139253584926,0.12615979042822206,dirichlet_1,,
1707,0.3446483093140877,0.29841656394276006,0.022487805282282447,0.10619762272329344,0.22824969873757617,dirichlet_1,,
1708,0.1245003580469756,0.24889331550236019,0.18102407661826658,0.08256717528145832,0.36301507455093923,dirichlet_1,,
1709,0.2437495761379316,0.09191721185248201,0.2790676706149278,0.19850103443859687,0.18676450695606156,dirichlet_1,,
1710,0.13331653831853568,0.17236479205249824,0.42543704221498574,0.10639714656462355,0.16248448084935663,dirichlet_1,,
1711,0.12153870564418456,0.015203633540469087,0.19253171156683738,0.5034221232340605,0.16730382601444854,dirichlet_1,,
1712,0.18310616180585199,0.12524997490070033,0.11520615593174972,0.30368549952630836,0.27275220783538956,dirichlet_1,,
1713,0.16481561464119085,0.22753000392989947,0.01163176732227871,0.10513168831510385,0.49089092579152716,dirichlet_1,,
1714,0.4469401337189292,0.21793108830383873,0.04928161165078672,0.21114733319220444,0.07469983313424086,dirichlet_1,,
1715,0.13543985401669306,0.08494653932653783,0.1657011707709281,0.5838844880601541,0.030027947825686987,dirichlet_1,,
1716,0.008158223932497245,0.23864337844958441,0.0018661860503506576,0.20967676606870153,0.5416554454988661,dirichlet_1,,
1717,0.02492342033059258,0.3787552931173395,0.2841892814546425,0.2218569284421881,0.09027507665523718,dirichlet_1,,
1718,0.11220989822161215,0.06442349585729977,0.001179653872929135,0.5467750789838772,0.2754118730642817,dirichlet_1,,
1719,0.11268992412600391,0.3385677593532046,0.08225763081245856,0.13158723631295616,0.33489744939537686,dirichlet_1,,
1720,0.24822552928251215,0.1808959362801904,0.0919958970461158,0.2128202967682854,0.26606234062289635,dirichlet_1,,
1721,0.029288805417174754,0.18879368531551147,0.21008690445811476,0.03744297714081059,0.5343876276683884,dirichlet_1,,
1722,0.034343297358259486,0.02999890921788669,0.20706586170669342,0.417199383808071,0.31139254790908966,dirichlet_1,,
1723,0.06748656095666734,0.04673256508469964,0.6924815831769106,0.010168721914421978,0.18313056886730059,dirichlet_1,,
1724,0.008277481520818088,0.4658824688326265,0.22187737050276787,0.12382761646870263,0.18013506267508494,dirichlet_1,,
1725,0.20182146295070252,0.006994261472623626,0.05873396017827848,0.7182123901221741,0.014237925276221178,dirichlet_1,,
1726,0.2457423183551471,0.11226254253160697,0.31391528178865985,0.19767838040668637,0.13040147691789977,dirichlet_1,,
1727,0.41814486579341054,0.18503985968024186,0.09456013494841548,0.14990744117221436,0.15234769840571777,dirichlet_1,,
1728,0.17440573565549625,0.4370718690498429,0.05258668787969063,0.20972175077228922,0.1262139566426811,dirichlet_1,,
1729,0.06591266162423978,0.1616482285630939,0.40558555520670914,0.20807934175692103,0.15877421284903612,dirichlet_1,,
1730,0.13305779050815716,0.3152706504744102,0.15656709001189595,0.3351899233481461,0.05991454565739036,dirichlet_1,,
1731,0.3322001982993917,0.11101202294791088,0.20785695256870776,0.19987592148214278,0.1490549047018467,dirichlet_1,,
1732,0.15082716098817975,0.16778951499713887,0.34962341025790833,0.19813401217835352,0.1336259015784196,dirichlet_1,,
1733,0.09950903156804018,0.42089410701497726,0.19006984105713579,0.24667506631122746,0.04285195404861942,dirichlet_1,,
1734,0.6873936310323614,0.07993447336503703,0.02815579643271204,0.18908053700656796,0.015435562163321573,dirichlet_1,,
1735,0.10855295456539137,0.1841372542948326,0.3352983018349856,0.20711632068144414,0.16489516862334613,dirichlet_1,,
1736,0.28186214227336814,0.41085726239243153,0.12241591135832267,0.1819839517684025,0.00288073220747514,dirichlet_1,,
1737,0.07619834415231265,0.16468225681304105,0.32526858922347057,0.19430986062762837,0.23954094918354743,dirichlet_1,,
1738,0.5161233823823232,0.21318395537190424,0.12135864956178204,0.05676926402756805,0.0925647486564225,dirichlet_1,,
1739,0.10430136610050922,0.2875619056448509,0.10150099181870297,0.12130951329701958,0.3853262231389174,dirichlet_1,,
1740,0.07251299074882782,0.26713939632721034,0.16337951562483155,0.11783683765907892,0.3791312596400513,dirichlet_1,,
1741,0.6653221682281951,0.0732874953478063,0.12103597931837201,0.06706920396217446,0.07328515314345223,dirichlet_1,,
1742,0.01824344800033719,0.035771088959799,0.10849726260963466,0.24417766223955106,0.593310538190678,dirichlet_1,,
1743,0.21832891221561895,0.16718696036530847,0.05330822815348145,0.17940406154117253,0.3817718377244187,dirichlet_1,,
1744,0.14455051094896687,0.2201769230814273,0.08925596619937592,0.08403196021186601,0.461984639558364,dirichlet_1,,
1745,0.6069723050587336,0.12840109293930005,0.09080987198907287,0.16279707569845472,0.011019654314438684,dirichlet_1,,
1746,0.10845123215182949,0.7062092685968608,0.09598629388291097,0.026486442847407213,0.06286676252099153,dirichlet_1,,
1747,0.7679120029204722,0.05682456197033233,0.04296730553320327,0.0026957547487865474,0.12960037482720554,dirichlet_1,,
1748,0.149305003788699,0.5427225936087678,0.13827862828639204,0.013132395414918712,0.15656137890122263,dirichlet_1,,
1749,0.08257396158511611,0.15104118957582977,0.6357179412884592,0.014918172752293488,0.1157487347983014,dirichlet_1,,
1750,0.18631973281729122,0.5152463683860872,0.24392683433411053,0.016644927132558107,0.03786213732995284,dirichlet_1,,
1751,0.16758727332983303,0.27644249538766164,0.057521441537696956,0.3791923692825956,0.11925642046221294,dirichlet_1,,
1752,0.13808742480522906,0.25547760585574536,0.057278722711758226,0.19279493731923109,0.35636130930803656,dirichlet_1,,
1753,0.16414464284042954,0.3186451601109485,0.2175033944100232,0.06412456364571832,0.2355822389928806,dirichlet_1,,
1754,0.3561268098466878,0.041914090880242165,0.3901297025897616,0.18718725298644964,0.02464214369685882,dirichlet_1,,
1755,0.2159966493658397,0.12753651242211525,0.018334138625522,0.26466098091767876,0.3734717186688443,dirichlet_1,,
1756,0.07582942634153313,0.6224055821425822,0.1860393390997886,0.04153331645151576,0.07419233596458044,dirichlet_1,,
1757,0.1609503757794625,0.30542876341949693,0.14923737468049303,0.24187280346445242,0.14251068265609523,dirichlet_1,,
1758,0.04438047062605181,0.26698805081178506,0.2138579019654492,0.029494386551076772,0.445279190045637,dirichlet_1,,
1759,0.2520986719025477,0.16886967558708854,0.5541202261320483,0.00017506377452768677,0.02473636260378806,dirichlet_1,,
1760,0.1222295621386059,0.1439156073126104,0.15475741119086953,0.185598882677951,0.39349853667996315,dirichlet_1,,
1761,0.6692446675016052,0.06296543963248416,0.08440106268615444,0.10446742686330507,0.07892140331645096,dirichlet_1,,
1762,0.5599814773798137,0.08846715507419872,0.16959655412000232,0.15738275358283496,0.024572059843150102,dirichlet_1,,
1763,0.36335853672759605,0.18060492491420335,0.06207273205584804,0.18140237671355514,0.21256142958879745,dirichlet_1,,
1764,0.06783745465829169,0.15900036471688764,0.0953059637116777,0.1549625702314946,0.5228936466816484,dirichlet_1,,
1765,0.017342104811116976,0.1842450546903755,0.10487912569824179,0.5128103295692277,0.1807233852310381,dirichlet_1,,
1766,0.2271633935049404,0.10775890329274476,0.26225485361257345,0.23066206744122902,0.17216078214851235,dirichlet_1,,
1767,0.2402133603241969,0.06795434586857785,0.015431533367258245,0.47585120263811576,0.20054955780185119,dirichlet_1,,
1768,0.1306282723136272,0.2870757540040956,0.01958144012808369,0.44797180480610127,0.11474272874809224,dirichlet_1,,
1769,0.05670554671607949,0.019395359766254696,0.18558055566649131,0.32048306911340524,0.4178354687377692,dirichlet_1,,
1770,0.08949300524714528,0.4671067778825461,0.09446850867529837,0.27884217910956366,0.07008952908544674,dirichlet_1,,
1771,0.4423886498150453,0.19659555000890344,0.01257127420952325,0.18024947078883108,0.1681950551776968,dirichlet_1,,
1772,0.30760935688033986,0.09628590036269041,0.3880565883093558,0.04315822572972288,0.16488992871789102,dirichlet_1,,
1773,0.06867444154208038,0.11988285346270636,0.4162189829115204,0.17786157720087692,0.21736214488281597,dirichlet_1,,
1774,0.3909069715070832,0.12804763879895079,0.06894328645764608,0.000680827623527802,0.4114212756127923,dirichlet_1,,
1775,0.05078859037600672,0.20746966003862305,0.13345342879417643,0.07264987049008396,0.5356384503011098,dirichlet_1,,
1776,0.05644342296803748,0.220428693298482,0.14071590787437105,0.4590202432358712,0.12339173262323817,dirichlet_1,,
1777,0.2681823758979071,0.026180660121998177,0.1772156511264053,0.4252309440865078,0.10319036876718157,dirichlet_1,,
1778,0.20422456473765052,0.5240437900624489,0.17057452516059524,0.07182662379518243,0.02933049624412282,dirichlet_1,,
1779,0.013060186849237251,0.19061620088891598,0.48770705800874936,0.2175161460460771,0.09110040820702031,dirichlet_1,,
1780,0.18932975673373004,0.08602748206383481,0.1456575772130342,0.028786899921532133,0.5501982840678689,dirichlet_1,,
1781,0.1113236783161757,0.21854395921409941,0.44313308626514797,0.17912045196323118,0.0478788242413457,dirichlet_1,,
1782,0.3170628640038284,0.05682623010069214,0.15641457877067375,0.4247990731048398,0.04489725401996597,dirichlet_1,,
1783,0.01527412476753705,0.4520249059844429,0.40577231782756323,0.09302330796485253,0.03390534345560425,dirichlet_1,,
1784,0.18535241948278064,0.2074932441799814,0.21176054772574443,0.32443370909080077,0.0709600795206929,dirichlet_1,,
1785,0.061015265395549176,0.03716420894286349,0.3365664324452634,0.559448921085196,0.005805172131127979,dirichlet_1,,
1786,0.2829640474010326,0.2598202421992296,0.33588253007400587,0.04270993340357291,0.0786232469221589,dirichlet_1,,
1787,0.24090579966267553,0.29434799185915994,0.15507995825858673,0.04573941676346931,0.26392683345610857,dirichlet_1,,
1788,0.1506839026681629,0.21460035707303934,0.15409382559993653,0.2695804634275579,0.2110414512313033,dirichlet_1,,
1789,0.49344162926380736,0.01519429699279151,0.2646044935017357,0.053192712480362295,0.17356686776130315,dirichlet_1,,
1790,0.48193677058268436,0.21948367413910766,0.0681847811800216,0.2168781354085664,0.013516638689619916,dirichlet_1,,
1791,0.1999893377584544,0.14023688797771447,0.02618820838692649,0.34899698409118374,0.28458858178572083,dirichlet_1,,
1792,0.11270477780588899,0.33717409085086486,0.16607540012202404,0.12820413980112957,0.25584159142009255,dirichlet_1,,
1793,0.0513005329798204,0.18121002178089785,0.5434603004615459,0.20775790641390782,0.01627123836382805,dirichlet_1,,
1794,0.8879203918485706,0.019136357381552012,0.00947787686698734,0.07080073344577656,0.012664640457113461,dirichlet_1,,
1795,0.19402561008761132,0.13784788460444805,0.18309307172952072,0.19926900275320394,0.285764430825216,dirichlet_1,,
1796,0.2878731702165919,0.0897934417376714,0.07897718892766453,0.07233557014287145,0.4710206289752007,dirichlet_1,,
1797,0.013472320619904363,0.5036250918258243,0.13614656054551588,0.053037450041269106,0.29371857696748643,dirichlet_1,,
1798,0.007956959123939438,0.3617195046620708,0.1724792311241383,0.03933301648760552,0.41851128860224596,dirichlet_1,,
1799,0.2021383376626639,0.14055979946745029,0.5408737939816948,0.09534840284691572,0.021079666041275407,dirichlet_1,,
1800,0.5087311399822269,0.08463346764696274,0.05913109892720163,0.20839075923296668,0.139113534210642,dirichlet_1,,
1801,0.17236821000944746,0.15159976393105928,0.12434410357866284,0.5468870047340845,0.00480091774674599,dirichlet_1,,
1802,0.03851610789773436,0.26963670993327316,0.10948917327357865,0.05728569331926508,0.5250723155761486,dirichlet_1,,
1803,0.012620771934710085,0.29916074872225495,0.662183932614189,0.02210413352098298,0.00393041320786306,dirichlet_1,,
1804,0.15923293345032188,0.4357314961143882,0.16013946459397932,0.1806881481709413,0.06420795767036934,dirichlet_1,,
1805,0.048937258842726164,0.22303776040387369,0.14086052359171006,0.4695140372919328,0.11765041986975727,dirichlet_1,,
1806,0.3521603601933947,0.004933169218981941,0.26782802502105535,0.20110162389914366,0.17397682166742437,dirichlet_1,,
1807,0.2878841969179171,0.02248054450655471,0.32847596585646843,0.1389011527662758,0.22225813995278387,dirichlet_1,,
1808,0.30179604989145115,0.027214234405652786,0.35880388291687043,0.1392828235735944,0.17290300921243135,dirichlet_1,,
1809,0.35119672406665187,0.2548055580641151,0.10023131336647756,0.17069541648231992,0.12307098802043552,dirichlet_1,,
1810,0.38479158662829827,0.1980987293264632,0.02341689989505547,0.17675458939785318,0.21693819475232992,dirichlet_1,,
1811,0.4709952927452961,0.1302941724865612,0.04843348449230026,0.08241656511483,0.26786048516101246,dirichlet_1,,
1812,0.5245118745368228,0.2883394097680493,0.04745849417100389,0.016320165156666257,0.12337005636745775,dirichlet_1,,
1813,0.012069171671683114,0.20824585004713492,0.2250153901231138,0.4013918023798409,0.15327778577822726,dirichlet_1,,
1814,0.084351306737682,0.3819289722972024,0.17707134349816583,0.2088280113919129,0.14782036607503693,dirichlet_1,,
1815,0.20051219969430278,0.11821029473093486,0.0674144683269916,0.4406309197525304,0.1732321174952403,dirichlet_1,,
1816,0.15100092950456356,0.14683465841984303,0.08926994917310321,0.48246969318666794,0.13042476971582223,dirichlet_1,,
1817,0.249905972353181,0.0704637169233128,0.23230550432999178,0.16230177779979596,0.28502302859371853,dirichlet_1,,
1818,0.37994453368144876,0.10835092470117207,0.2298100994682974,0.18808808782027653,0.0938063543288052,dirichlet_1,,
1819,0.10178944816942065,0.28521672499308265,0.11163531636811876,0.48247954363549883,0.01887896683387919,dirichlet_1,,
1820,0.19393144843259993,0.4752455238465048,0.12943032702066978,0.07301626622244134,0.12837643447778407,dirichlet_1,,
1821,0.47762919716944924,0.10125657022679485,0.03225729035288562,0.25928306708550364,0.12957387516536664,dirichlet_1,,
1822,0.3027377311002465,0.2247769261926028,0.1121601021121985,0.2066080158895363,0.15371722470541585,dirichlet_1,,
1823,0.16796551369669724,0.13250741930711044,0.3372679709798908,0.3560040279949364,0.006255068021365014,dirichlet_1,,
1824,0.16688051918952015,0.057148082303645105,0.021836579280267863,0.27154815322869613,0.48258666599787087,dirichlet_1,,
1825,0.3073218573523087,0.04689372427596824,0.10531502058875816,0.024316145396191546,0.5161532523867733,dirichlet_1,,
1826,0.1666701419751386,0.2799164684915639,0.27105983798989,0.08393921913108185,0.19841433241232567,dirichlet_1,,
1827,0.1724896799202563,0.12448764441324812,0.4650344898125639,0.04170761430423235,0.19628057154969938,dirichlet_1,,
1828,0.16349238515997133,0.5495464809042487,0.12068578495027124,0.037215057340052274,0.12906029164545643,dirichlet_1,,
1829,0.0023438017101891613,0.4486574872361001,0.13821619589415718,0.33193351336813026,0.0788490017914233,dirichlet_1,,
1830,0.28275942154474093,0.306927925480816,0.025604271080167825,0.2254430846660163,0.15926529722825902,dirichlet_1,,
1831,0.054464262546649184,0.7104377243969493,0.031202141887925774,0.17812817540226794,0.02576769576620784,dirichlet_1,,
1832,0.05429605826870146,0.295915037679844,0.16969871699848485,0.21423038589084858,0.26585980116212116,dirichlet_1,,
1833,0.0917916262696109,0.10522803934866373,0.11387255469146736,0.6563726090186051,0.032735170671653074,dirichlet_1,,
1834,0.19531708048867144,0.012793743201892813,0.04661370428360496,0.14763730755562415,0.5976381644702066,dirichlet_1,,
1835,0.06498955218770772,0.08903173868653678,0.793252944736781,0.015048918801306103,0.037676845587668456,dirichlet_1,,
1836,0.20246212885652753,0.3498069220761665,0.3149353593049726,0.06168436345527071,0.07111122630706279,dirichlet_1,,
1837,0.10136026871339089,0.10077064115226389,0.2826872135956665,0.4002034464136468,0.11497843012503199,dirichlet_1,,
1838,0.053559977707101206,0.13559568230670407,0.2240279896545494,0.2131681504653653,0.37364819986627995,dirichlet_1,,
1839,0.4699761341595827,0.08124535035123531,0.3792815189746612,0.01095080645378564,0.05854619006073514,dirichlet_1,,
1840,0.06649759395346824,0.10234790652174938,0.23874365612771,0.04728891000846399,0.5451219333886084,dirichlet_1,,
1841,0.12125553671560918,0.16297162684222666,0.23841813521239727,0.2835748440623805,0.1937798571673864,dirichlet_1,,
1842,0.05297515127429661,0.2910890173796345,0.1415746397666645,0.30302169197619117,0.21133949960321344,dirichlet_1,,
1843,0.10186455690370788,0.047688373458950016,0.04310828806019625,0.6723898180284856,0.13494896354866012,dirichlet_1,,
1844,0.440983919138582,0.08266640155135137,0.018063738355266704,0.07052731231986031,0.38775862863493965,dirichlet_1,,
1845,0.007765177750380138,0.1535742304120622,0.24861453051407192,0.48470455580766386,0.105341505515822,dirichlet_1,,
1846,0.27088777259399194,0.039920639527912125,0.37168232455572764,0.025955402809948337,0.2915538605124201,dirichlet_1,,
1847,0.029796685886592563,0.06835355055748546,0.1057721213109454,0.291546281778188,0.5045313604667886,dirichlet_1,,
1848,0.08858498852731074,0.3209553443752,0.2922538548007757,0.06860709331688573,0.22959871897982773,dirichlet_1,,
1849,0.20843462718967173,0.06779648037660209,0.26585518014802756,0.33423770039564454,0.12367601189005412,dirichlet_1,,
1850,0.19558084910352846,0.34417003038788435,0.27944449691557016,0.10942971661198467,0.07137490698103248,dirichlet_1,,
1851,0.3988262507406774,0.1307926447603867,0.16584379217762454,0.09176306800472876,0.2127742443165825,dirichlet_1,,
1852,0.15263467283384646,0.23137819968035536,0.47005241360408145,0.0646737539135882,0.08126095996812835,dirichlet_1,,
1853,0.3357010136121637,0.10705646357802168,0.010002797806195441,0.43448962738999747,0.11275009761362183,dirichlet_1,,
1854,0.00844083519507779,0.09084024574401976,0.11850449350625696,0.3814883963337174,0.4007260292209281,dirichlet_1,,
1855,0.11376506710720732,0.3202410377800544,0.24989607339592393,0.1616533305184919,0.1544444911983224,dirichlet_1,,
1856,0.02473139060794405,0.05103345130755831,0.13416046221823633,0.6780807007685319,0.11199399509772952,dirichlet_1,,
1857,0.009765692875630191,0.2988267289797608,0.45549655074079143,0.026380219876936884,0.20953080752688066,dirichlet_1,,
1858,0.29997228957260097,0.03418521930915678,0.14767242781026257,0.5059805611661159,0.012189502141863795,dirichlet_1,,
1859,0.049895754643004914,0.1959921779354941,0.13946684389419509,0.16986986210134308,0.44477536142596297,dirichlet_1,,
1860,0.532790650406161,0.03664103786191185,0.0746795599724858,0.27583745365960743,0.08005129809983384,dirichlet_1,,
1861,0.214828543690514,0.02221951349254687,0.2160966899938189,0.33556541183764316,0.2112898409854771,dirichlet_1,,
1862,0.033318223020640116,0.12672948088100996,0.2373324083484481,0.4249065936440195,0.17771329410588235,dirichlet_1,,
1863,0.25637296137316845,0.08794288418483624,0.28549290016815126,0.28024741841963574,0.08994383585420825,dirichlet_1,,
1864,0.5044468306022147,0.008047394958021911,0.25622068649971413,0.013773335380586794,0.21751175255946248,dirichlet_1,,
1865,0.03435504701323557,0.4449527552780367,0.15532977439664392,0.12519256765196404,0.2401698556601198,dirichlet_1,,
1866,0.23876055642072938,0.4016612207623769,0.1279071803000012,0.12338762005393128,0.10828342246296123,dirichlet_1,,
1867,0.18927144012003655,0.32857068322784977,0.08786452936797365,0.21730988256138223,0.17698346472275772,dirichlet_1,,
1868,0.44180525245149344,0.02553774405829953,0.009853673979061253,0.45027209572602905,0.07253123378511668,dirichlet_1,,
1869,0.09012648506312554,0.5120856456419499,0.07749751209042875,0.2533614076587291,0.0669289495457666,dirichlet_1,,
1870,0.05119255023052249,0.27681790534317374,0.06530518246260536,0.27942716362366216,0.32725719834003636,dirichlet_1,,
1871,0.09304977495826404,0.16561180547609647,0.11634133379178545,0.1344305423369182,0.490566543436936,dirichlet_1,,
1872,0.3111684524243393,0.2444166907684791,0.0719133713549249,0.34628464101704065,0.026216844435215814,dirichlet_1,,
1873,0.01918066584173974,0.007574728666129684,0.12484036877085418,0.1389804364925159,0.7094238002287605,dirichlet_1,,
1874,0.1593575527937254,0.23223439414715838,0.05400890338476763,0.07928669478462644,0.4751124548897222,dirichlet_1,,
1875,0.4266527165989566,0.09754706677208295,0.1257082358025217,0.02686001141570785,0.3232319694107308,dirichlet_1,,
1876,0.12070164525376142,0.08268318844189794,0.2162881196395877,0.15798888962152768,0.4223381570432253,dirichlet_1,,
1877,0.04174905776811804,0.0066669540300334385,0.012110461520696673,0.19147666087799028,0.7479968658031615,dirichlet_1,,
1878,0.2787454567009871,0.1157004493299413,0.08300736125858622,0.24765300229373577,0.2748937304167495,dirichlet_1,,
1879,0.2623925344898176,0.1247035469731039,0.003656465857921097,0.15625878982630198,0.4529886628528555,dirichlet_1,,
1880,0.0030387347431864945,0.4206956294771978,0.12840460538632292,0.012483356623149705,0.435377673770143,dirichlet_1,,
1881,0.0014015509840756188,0.14470771144650857,0.10596257115456195,0.526264317061585,0.22166384935326894,dirichlet_1,,
1882,0.38008522807229633,0.03849885858810359,0.11037732375411743,0.20797032559112869,0.2630682639943539,dirichlet_1,,
1883,0.09744928767587432,0.319613351763097,0.39616624962491964,0.01987601402943582,0.16689509690667315,dirichlet_1,,
1884,0.03778162338343965,0.2546074211066469,0.19945354982166874,0.4776245184229537,0.030532887265291072,dirichlet_1,,
1885,0.4180285458297197,0.32535474326759306,0.09137579315836308,0.12573560834700137,0.039505309397322816,dirichlet_1,,
1886,0.13743438270621855,0.23480867160724397,0.10590426736260125,0.03390726349646386,0.4879454148274723,dirichlet_1,,
1887,0.1729324379690625,0.178872890026276,0.10925486927439154,0.13044663934961154,0.4084931633806584,dirichlet_1,,
1888,0.036763959766182214,0.37576754112494665,0.23611133521435154,0.19065376902315925,0.1607033948713604,dirichlet_1,,
1889,0.11954101657407923,0.05297833485240231,0.045203495876233506,0.6507907397572493,0.1314864129400356,dirichlet_1,,
1890,0.042410072436341754,0.24127042405316904,0.07948468452094652,0.04763543322185613,0.5891993857676866,dirichlet_1,,
1891,0.22277413337647148,0.11062523520157955,0.09957422820239625,0.04106954087615767,0.5259568623433949,dirichlet_1,,
1892,0.5889123756311193,0.17873053500954275,0.05365711102808594,0.1457269845952484,0.03297299373600358,dirichlet_1,,
1893,0.1463710694978903,0.26057285003330094,0.5667011176331153,0.024030901595539295,0.002324061240154045,dirichlet_1,,
1894,0.030976735012084086,0.17880104992906992,0.12418415221318235,0.08500222793949906,0.5810358349061645,dirichlet_1,,
1895,0.13230456629283666,0.06887890727864494,0.05034617014283201,0.04345329592107006,0.7050170603646164,dirichlet_1,,
1896,0.026881489112482625,0.4034566034692021,0.036393943872767544,0.17005810787837516,0.36320985566717273,dirichlet_1,,
1897,0.4167686149919037,0.08075783254420081,0.1504522895795537,0.21897174373975792,0.133049519144584,dirichlet_1,,
1898,0.31383066751047506,0.32983661693364164,0.0853282386439357,0.20293752624953043,0.06806695066241719,dirichlet_1,,
1899,0.02672630760563134,0.5693262049812053,0.21373741511599112,0.0984101472199974,0.09179992507717466,dirichlet_1,,
1900,0.07770484855878008,0.5040075346020763,0.07691237441226509,0.11435747717810374,0.2270177652487749,dirichlet_1,,
1901,0.06310918248755194,0.1337800928030815,0.6304650716369077,0.037320202127931815,0.1353254509445269,dirichlet_1,,
1902,0.032969404274967966,0.0132967949734923,0.3010365663479497,0.11352809948997084,0.5391691349136192,dirichlet_1,,
1903,0.7429200578623667,0.16393847489985675,0.01687175561058916,0.0660713850834723,0.0101983265437151,dirichlet_1,,
1904,0.4086624564934332,0.13864684218966153,0.18090859905024997,0.23864770252212672,0.03313439974452854,dirichlet_1,,
1905,0.24468865419552124,0.09156110774739727,0.007671849459361512,0.11879464308329768,0.5372837455144224,dirichlet_1,,
1906,0.14356968170640527,0.5783458535319427,0.08024868832041297,0.14334672474840385,0.05448905169283535,dirichlet_1,,
1907,0.08028201406089508,0.41620831521977114,0.3542139663091062,0.08881143572058688,0.06048426868964059,dirichlet_1,,
1908,0.29065439316189695,0.223458184472431,0.06804200851623164,0.39263322268927625,0.025212191160164207,dirichlet_1,,
1909,0.15878685555201127,0.11940977699812812,0.3492113663425556,0.22040312611689034,0.1521888749904146,dirichlet_1,,
1910,0.27645379181421326,0.23206626915385126,0.17035823913454276,0.18349139229857375,0.13763030759881897,dirichlet_1,,
1911,0.41700292370508035,0.1840680923091073,0.04859220552308341,0.340451418423004,0.009885360039725028,dirichlet_1,,
1912,0.3990125827622915,0.1444109550359486,0.21760316579618974,0.13466046726156305,0.10431282914400701,dirichlet_1,,
1913,0.3661096932380589,0.017325384113714988,0.17796036447268365,0.06388635248640563,0.3747182056891368,dirichlet_1,,
1914,0.0190312770305491,0.14762024949320973,0.002183848866467643,0.539234423934828,0.29193020067494546,dirichlet_1,,
1915,0.3700087005640034,0.0009184894721131454,0.08371419958555497,0.17617138002142746,0.36918723035690104,dirichlet_1,,
1916,2.7476521941370328e-05,0.17672217014157085,0.6946583685196621,0.11688095842420079,0.011711026392624994,dirichlet_1,,
1917,0.1689605327371218,0.4035866871733993,0.0611513685383479,0.26375299727200385,0.1025484142791272,dirichlet_1,,
1918,0.02896297568932471,0.26041366249978154,0.14131063943091093,0.5444166094046828,0.02489611297529999,dirichlet_1,,
1919,0.03610694957298468,0.21185748299971327,0.3828298445876809,0.10465007912760653,0.2645556437120147,dirichlet_1,,
1920,0.059156893488296114,0.03603292158773607,0.39186813265842835,0.38943703723981893,0.12350501502572063,dirichlet_1,,
1921,0.02026304138457135,0.21544967409947682,0.28804242591371726,0.4020091614699243,0.07423569713231015,dirichlet_1,,
1922,0.6680072027911571,0.015095374867854814,0.017395396663861855,0.03101271771711091,0.26848930796001524,dirichlet_1,,
1923,0.03989474311220262,0.2549416319294008,0.1657450059386274,0.030280585462474502,0.5091380335572947,dirichlet_1,,
1924,0.16155606071821071,0.10053824599982528,0.3847102762420035,0.13988110952225066,0.2133143075177099,dirichlet_1,,
1925,0.03253214430637204,0.4060423263943272,0.37909773153706056,0.16990948339319395,0.012418314369046226,dirichlet_1,,
1926,0.0006915393310126612,0.1994304442259731,0.4306326992349731,0.1492324207161332,0.22001289649190792,dirichlet_1,,
1927,0.1660927129929796,0.44293713830920683,0.2568205012454294,0.13140020587288453,0.002749441579499647,dirichlet_1,,
1928,0.037713869310541194,0.10647244733974431,0.09490353445176557,0.6907753650763204,0.07013478382162837,dirichlet_1,,
1929,0.5425796458784237,0.00601815804089932,0.05451992753505629,0.379741012669877,0.017141255875743847,dirichlet_1,,
1930,0.0346177162009467,0.1311583055795435,0.40331883307174116,0.16953450881570437,0.2613706363320642,dirichlet_1,,
1931,0.487600981902027,0.022552307034575128,0.2354689378641681,0.22207390996143966,0.032303863237789984,dirichlet_1,,
1932,0.2868887514163945,0.4371110848313523,0.030347228654170312,0.23224790184574962,0.013405033252333125,dirichlet_1,,
1933,0.6513684166179524,0.015478184269940024,0.039910103595642746,0.15378109485769492,0.13946220065876988,dirichlet_1,,
1934,0.315468517900624,0.0655958499116246,0.24283591489477344,0.29724773187934556,0.07885198541363247,dirichlet_1,,
1935,0.1336538773586005,0.4708271339025719,0.19885201574113656,0.0407031037980872,0.15596386919960378,dirichlet_1,,
1936,0.008759626156843968,0.6899085628560323,0.12819322405202835,0.07588987958095694,0.09724870735413843,dirichlet_1,,
1937,0.023060328425096817,0.592925365243802,0.20136260278646195,0.12218744938213008,0.06046425416250927,dirichlet_1,,
1938,0.18034799075328317,0.27620801997112016,0.14702164078136876,0.3653861676880136,0.03103618080621434,dirichlet_1,,
1939,0.14473119924991626,0.5156992524317591,0.2849367104670217,0.012632021345851396,0.04200081650545168,dirichlet_1,,
1940,0.1657648491434004,0.38055818192842383,0.3493739562023206,0.055073718774090744,0.049229293951764334,dirichlet_1,,
1941,0.007642441492318315,0.048657764284661766,0.5860548728248197,0.0720519945779321,0.2855929268202683,dirichlet_1,,
1942,0.46382870376378854,0.21379470204129858,0.011227703356315254,0.23423115000858913,0.07691774083000844,dirichlet_1,,
1943,0.13830551335307018,0.04268156124572337,0.43442455183607964,0.13687704323924252,0.24771133032588422,dirichlet_1,,
1944,0.16461443037701456,0.20013430492904183,0.1683380885797121,0.26783973781849024,0.1990734382957414,dirichlet_1,,
1945,0.10424212047205449,0.04927832302657011,0.3483521078572351,0.06891997612753809,0.42920747251660235,dirichlet_1,,
1946,0.7259648524904776,0.008865553623611381,0.0309595156790241,0.026727930299675275,0.2074821479072117,dirichlet_1,,
1947,0.17630723783749233,0.5268665758783531,0.029708759609310565,0.04027233535757995,0.22684509131726413,dirichlet_1,,
1948,0.2867861620559777,0.3383486107312264,0.06609074701449932,0.014489562112381622,0.2942849180859151,dirichlet_1,,
1949,0.06692768176122807,0.17943584598606993,0.4658640090982021,0.14698573334340315,0.14078672981109663,dirichlet_1,,
1950,0.5087083029687562,0.01714615298532045,0.08022710209834127,0.30576672795772497,0.08815171398985715,dirichlet_1,,
1951,0.13253997011803884,0.1381466004433748,0.1215835928106331,0.28911722076481844,0.31861261586313494,dirichlet_1,,
1952,0.131309342809227,0.020923938999329844,0.20516174669298937,0.35547900106113695,0.28712597043731686,dirichlet_1,,
1953,0.2118156798066759,0.1552560389970865,0.3357363695449843,0.03841877674924275,0.25877313490201054,dirichlet_1,,
1954,0.20008746105982722,0.02629702234774537,0.2339885649962299,0.014366870694060348,0.5252600809021372,dirichlet_1,,
1955,0.1316294461353855,0.05124802390032726,0.1853278666062508,0.4916504160726421,0.1401442472853944,dirichlet_1,,
1956,0.20170837465535116,0.6619674108917717,0.0019095260859624302,0.056528106606406656,0.0778865817605081,dirichlet_1,,
1957,0.1250966940655474,0.060709039117299426,0.3790803850663468,0.14340863241153037,0.2917052493392761,dirichlet_1,,
1958,0.08393152141547316,0.3783689433861807,0.03815985716667999,0.19469432611882703,0.30484535191283924,dirichlet_1,,
1959,0.5537666895131147,0.0668078241325001,0.03713947124391273,0.21370481517449494,0.12858119993597766,dirichlet_1,,
1960,0.10899090499479408,0.10575951059426614,0.05360658555448306,0.7245163556194487,0.00712664323700794,dirichlet_1,,
1961,0.26636546497288666,0.11806569401701167,0.13621901099251094,0.2897210153217043,0.18962881469588644,dirichlet_1,,
1962,0.20266090381609117,0.03761319442775252,0.48810780222703526,0.15424747318041632,0.11737062634870489,dirichlet_1,,
1963,0.09652776692657276,0.05274029903961333,0.12876543911287683,0.3220796801337346,0.3998868147872024,dirichlet_1,,
1964,0.46233681539137494,0.03812655309856191,0.1305520959566841,0.21177987107684082,0.15720466447653825,dirichlet_1,,
1965,0.17795563204823975,0.43718415465901667,0.1568227838374483,0.12019193672273865,0.10784549273255656,dirichlet_1,,
1966,0.032751673431187775,0.390758667068895,0.3116567564815108,0.1671529235738969,0.09767997944450943,dirichlet_1,,
1967,0.4287855799075297,0.09882426694647536,0.1216963994739463,0.13181421778324695,0.21887953588880169,dirichlet_1,,
1968,0.4147512435202793,0.09317605434486344,0.013948613901172711,0.2701341799391628,0.2079899082945218,dirichlet_1,,
1969,0.41126378749024894,0.2012562193599909,0.04693067613707459,0.0043942624088171515,0.33615505460386835,dirichlet_1,,
1970,0.10557649724869449,0.2713109483172107,0.17008244025926406,0.18841988611240765,0.26461022806242324,dirichlet_1,,
1971,0.024537666480709902,0.42871511694491304,0.14707090266501469,0.15850331801073578,0.24117299589862673,dirichlet_1,,
1972,0.06083583873016796,0.0714281719834141,0.5445223389387661,0.22599179760477547,0.0972218527428762,dirichlet_1,,
1973,0.32768768705282975,0.030256503562447655,0.14458984113376552,0.10928656426793246,0.3881794039830245,dirichlet_1,,
1974,0.05922950443527776,0.11050866939846475,0.501857702638616,0.0017961887285738202,0.3266079347990676,dirichlet_1,,
1975,0.024079180475090303,0.25701521228665736,0.09880655430170913,0.055442973807615224,0.564656079128928,dirichlet_1,,
1976,0.1338101734075018,0.04290824142813546,0.31307020225413684,0.3630339054365175,0.14717747747370838,dirichlet_1,,
1977,0.09438831983067103,0.2448533156117474,0.1272001275448045,0.20528115824829032,0.32827707876448675,dirichlet_1,,
1978,0.0277743935703088,0.38595677852377186,0.09336117561696246,0.29274913744747433,0.2001585148414825,dirichlet_1,,
1979,0.44929152478317386,0.018186716728533586,0.25155933529874,0.15199883780426895,0.12896358538528346,dirichlet_1,,
1980,0.38757882391315795,0.3019193240943079,0.18224585013663913,0.04988515165026881,0.07837085020562631,dirichlet_1,,
1981,0.008353101398464409,0.060301470117041185,0.7386313036072527,0.03369939943309155,0.15901472544415016,dirichlet_1,,
1982,0.21771639662452014,0.11783542320245087,0.027770763663815427,0.31589085538070316,0.32078656112851034,dirichlet_1,,
1983,0.023319260564166274,0.20155658658831627,0.12648105930364195,0.19915459655352302,0.4494884969903526,dirichlet_1,,
1984,0.22260430853872967,0.09334346936555026,0.09455379463525021,0.4296142472837771,0.1598841801766927,dirichlet_1,,
1985,0.0544551985181855,0.07813407065744725,0.27094819107355483,0.08117869275790096,0.5152838469929114,dirichlet_1,,
1986,0.30832774194031887,0.04644603214366034,0.49397796583852105,0.13259586197097847,0.018652398106521216,dirichlet_1,,
1987,0.07513924141209935,0.038412805628678735,0.4468929719138905,0.16404100332785063,0.27551397771748076,dirichlet_1,,
1988,0.28818630052020267,0.04000469692179712,0.2046721436445439,0.25286504563512036,0.214271813278336,dirichlet_1,,
1989,0.17239018311040646,0.06394179626427923,0.1641192780003983,0.19990987211598038,0.39963887050893554,dirichlet_1,,
1990,0.3657211045707611,0.4937056562546867,0.037110961749245934,0.008083421742145361,0.09537885568316096,dirichlet_1,,
1991,0.07535582510682882,0.19095140614643294,0.11858362437940237,0.15017637004399084,0.4649327743233451,dirichlet_1,,
1992,0.1366440366490891,0.4193953067267865,0.1614553485005541,0.0047646697039141666,0.277740638419656,dirichlet_1,,
1993,0.15266007589952502,0.07709642616583152,0.532350276231641,0.22589522752911045,0.011997994173891966,dirichlet_1,,
1994,0.03442531573868469,0.007953021867341523,0.6696152854515958,0.10155350792891124,0.18645286901346686,dirichlet_1,,
1995,0.058535032076472086,0.5848121324822008,0.06497112827932205,0.09307427627723332,0.19860743088477167,dirichlet_1,,
1996,0.25413922988563614,0.06923234281148734,0.19175638659888625,0.4247267811604033,0.06014525954358705,dirichlet_1,,
1997,0.2926224628831194,0.09475120928010264,0.32464598041800374,0.1240378185641402,0.16394252885463403,dirichlet_1,,
1998,0.017248597109431885,0.11603701006537241,0.6023313607996211,0.1322805022654118,0.1321025297601628,dirichlet_1,,
1999,0.5298266986617249,0.1341545298615422,0.19002355149828054,0.026709301093584173,0.11928591888486804,dirichlet_1,,
2000,2.7830058897838845e-14,1.5232227319625432e-12,0.05095743664860617,0.821193681598955,0.12784888175088785,dirichlet_0.2,,
2001,0.11032467823866694,0.26787532536829733,0.007924089428663758,0.612823791835966,0.0010521151284059096,dirichlet_0.2,,
2002,9.243022686654289e-11,0.30211147776554886,1.724784150937037e-05,0.11241008944367195,0.5854611848568397,dirichlet_0.2,,
2003,0.01768241204493686,0.0049243580125913735,0.8390549511760129,0.0020463092942100683,0.13629196947224884,dirichlet_0.2,,
2004,0.9608799089843906,0.035901920481775595,1.5232684446331292e-07,0.0030382632600386168,0.00017975494695067213,dirichlet_0.2,,
2005,0.23761115690602694,5.870347151737917e-07,0.0027581980746690096,0.0005264955717456787,0.7591035624128433,dirichlet_0.2,,
2006,0.0004178574818616963,0.7483313516295936,2.070851870860243e-06,2.343453576508158e-07,0.2512484856913163,dirichlet_0.2,,
2007,0.17285652950953623,0.5686600211144194,0.0004877696351182035,0.11624537826485709,0.1417503014760693,dirichlet_0.2,,
2008,0.3691858954759002,0.19927390509773638,0.0601181786491275,0.08704474119066968,0.2843772795865663,dirichlet_0.2,,
2009,0.10561841290090919,2.583951130270271e-07,1.0887271004196942e-07,0.0015265481507403553,0.8928546716805275,dirichlet_0.2,,
2010,0.029007437243738728,0.31908371048294226,0.0029730477073141017,0.5210590671265396,0.1278767374394654,dirichlet_0.2,,
2011,0.0006262373909295684,4.302270632109887e-06,0.2933197354361419,0.6641658841238839,0.04188384077841271,dirichlet_0.2,,
2012,0.004461110235288293,0.8869362901987635,9.352101696950814e-05,0.10848776981587889,2.1308733099914202e-05,dirichlet_0.2,,
2013,0.9919877615610491,0.0005501290458158048,0.0005033459190511754,9.894838368711165e-06,0.0069488686357152924,dirichlet_0.2,,
2014,0.10411286644522212,0.5082410463576092,0.384699468954392,0.0028128964039446686,0.00013372183883218625,dirichlet_0.2,,
2015,0.13722759179832966,0.12551303512351245,0.6298085833242324,6.283569270091369e-10,0.10745078912556831,dirichlet_0.2,,
2016,0.00011647448038559052,0.0021093070752219436,0.0061809889420152,0.9915932292118078,2.905694000758932e-10,dirichlet_0.2,,
2017,0.03006791492158194,9.68247887136451e-05,0.1799366158324369,0.3895277786631518,0.4003708657941156,dirichlet_0.2,,
2018,0.001544852836768569,0.19123528305340246,0.25290994255636856,0.06655473799758689,0.48775518355587344,dirichlet_0.2,,
2019,0.40432584673738126,0.012403966736770605,1.5621936632740116e-06,0.003790041946884122,0.5794785823853007,dirichlet_0.2,,
2020,0.014521422783435607,0.21142089870291098,0.006832307627555964,0.18670887478963466,0.5805164960964629,dirichlet_0.2,,
2021,0.0020463528611327324,0.510452113626127,4.384243950598834e-06,0.22644440538411623,0.26105274388467337,dirichlet_0.2,,
2022,0.014304883380592995,0.04634831385924872,2.9504295848775776e-05,0.9388457820356041,0.0004715164287053639,dirichlet_0.2,,
2023,0.0029173033804846733,0.047557781662574926,1.7903766373043744e-09,0.11539564689644909,0.8341292662701145,dirichlet_0.2,,
2024,0.0007633227998196046,0.01355903416585331,0.9672549107242581,0.01842243316191493,2.991481540497782e-07,dirichlet_0.2,,
2025,0.12222339887828369,0.47816323906321484,0.33626774216958355,0.04290399866122039,0.0204416212276975,dirichlet_0.2,,
2026,0.007976651501805017,1.4259768403534495e-05,0.8903142942714891,0.007908957346987731,0.0937858371113147,dirichlet_0.2,,
2027,3.366493112856795e-13,0.3642705853646042,0.6351665449597367,0.0005628650500475031,4.625274981257376e-09,dirichlet_0.2,,
2028,0.042217675199739936,1.6659291904351871e-06,0.5360168012650666,0.32252824578525313,0.09923561182074976,dirichlet_0.2,,
2029,0.026928926527078286,5.673496174380101e-07,0.13058685144896845,0.8422452133791715,0.0002384412951644124,dirichlet_0.2,,
2030,0.5258634841940583,0.43756782217302925,0.003874758792012807,0.03269386939882462,6.544207503705876e-08,dirichlet_0.2,,
2031,0.1877682640134726,0.03304623022431831,0.1577199643771498,0.4476970963357087,0.1737684450493506,dirichlet_0.2,,
2032,0.0023296771108170904,0.8799559951749524,0.07113612502254346,0.00014407183748276351,0.04643413085420449,dirichlet_0.2,,
2033,0.01882666069747721,0.8399117568149543,3.6200251881490947e-06,0.0005732381954896752,0.1406847242668905,dirichlet_0.2,,
2034,0.057207556079769926,0.0026520210377810483,0.9395558133111733,0.0005129481223756009,7.166144890008787e-05,dirichlet_0.2,,
2035,0.20347416670109408,0.2972608125795858,0.002582365320264904,0.008251025068244216,0.488431630330811,dirichlet_0.2,,
2036,0.000576973556501005,0.17734409438875892,0.07908157996140414,0.003349118133305712,0.7396482339600302,dirichlet_0.2,,
2037,0.010357455256300212,1.5293869274754425e-07,0.9354687028733238,0.0005583317724282384,0.05361535715925484,dirichlet_0.2,,
2038,0.14362740841191676,0.506754975899569,1.9142883211275997e-05,0.004442901656285805,0.34515557114901707,dirichlet_0.2,,
2039,0.006776706142628933,0.12024816406469038,0.0069106630179174375,0.8652934689297402,0.0007709978450230361,dirichlet_0.2,,
2040,0.8587482171433638,0.09676087825581875,1.1124738254373076e-06,0.018547799088498927,0.02594199303849294,dirichlet_0.2,,
2041,0.0007704669953491092,0.5610864354231685,0.4353023787882673,0.0027979877909380542,4.2731002277030894e-05,dirichlet_0.2,,
2042,0.004322530048352343,0.0703921080000912,0.00034806515095713747,0.01896363366782245,0.9059736631327768,dirichlet_0.2,,
2043,0.7856815269288693,0.056126765483215005,0.12781479351879732,0.029587198481253137,0.0007897155878651555,dirichlet_0.2,,
2044,0.10191765655014218,0.023291959182290288,0.4197704551092268,0.23288027162006208,0.22213965753827852,dirichlet_0.2,,
2045,0.13490789566534597,0.00810252397008525,6.011071295316744e-07,0.7911831610829355,0.06580581817450358,dirichlet_0.2,,
2046,0.43415772809784775,0.24079615052430528,0.10782945925318432,8.775986591838486e-08,0.21721657436479663,dirichlet_0.2,,
2047,0.5690700167130047,0.05180202676658007,0.34365599523048884,0.0349099410747578,0.000562020215168427,dirichlet_0.2,,
2048,5.486805457522028e-08,0.0019942085976541193,0.5410038191618951,0.44823319498591213,0.008768722386484162,dirichlet_0.2,,
2049,1.8849811484959858e-05,0.4703943414210255,0.5133230806108939,5.601704195846727e-05,0.0162077111146372,dirichlet_0.2,,
2050,0.5087634553992185,0.013430208094123314,0.28224297858215275,0.14460399974029658,0.05095935818420891,dirichlet_0.2,,
2051,0.0009209231971328706,1.0532659085475924e-09,0.0252091014636265,0.26448408928540235,0.7093858850005724,dirichlet_0.2,,
2052,0.0012848946139661025,0.00019004467155409247,0.07927198001147501,0.8471107029063722,0.07214237779663261,dirichlet_0.2,,
2053,2.23591427373193e-05,0.3834847111870559,0.049084828394213804,0.0038199722163754935,0.5635881290596174,dirichlet_0.2,,
2054,3.207316165630619e-07,0.2886143049537058,0.46765146324519347,0.22974613755272202,0.013987773516761998,dirichlet_0.2,,
2055,3.1630926060462106e-09,0.7398991118837265,0.0015999486386436242,0.005391910753040289,0.25310902556149695,dirichlet_0.2,,
2056,0.39865512868498254,0.23480530239405414,0.1182918056094317,0.2482473195372495,4.4377428214326904e-07,dirichlet_0.2,,
2057,0.0004638108221853479,0.10617631032793116,0.7569268430585543,0.11150393410111065,0.024929101690218742,dirichlet_0.2,,
2058,0.90842250779325,0.011909626367349442,0.0020005080873633165,0.07766735769914658,5.2890802839200014e-11,dirichlet_0.2,,
2059,1.0625566602153398e-11,0.7136784606861576,0.045942539150760055,3.6898122428060274e-15,0.24037900015245325,dirichlet_0.2,,
2060,0.9613703619037051,0.0070444989528843024,0.027116600064929296,0.004261537697491173,0.00020700138099033187,dirichlet_0.2,,
2061,0.5918310377234274,0.006248535756217934,0.00027666987109931595,0.4014123644401286,0.00023139220912665598,dirichlet_0.2,,
2062,0.02261443216197321,0.9124951202857634,0.002006228673378733,0.06274665802720646,0.00013756085167808976,dirichlet_0.2,,
2063,0.5281026908756687,4.284715390451128e-06,0.17440845514075354,3.88302299648659e-05,0.29744573903822225,dirichlet_0.2,,
2064,0.00026220474041700823,0.00010209287162631774,0.9664148793893408,0.029213461431969137,0.004007361566646665,dirichlet_0.2,,
2065,0.33142992751500794,0.010636023489573982,0.04904859535974084,0.4520569244550097,0.15682852918066756,dirichlet_0.2,,
2066,2.4628532294208533e-05,0.22854481900993898,0.1541201860522663,0.04686645431647372,0.5704439120890268,dirichlet_0.2,,
2067,2.8531458456485826e-05,1.1223344138965479e-05,0.9810360212114516,0.015833934593046283,0.0030902893929066737,dirichlet_0.2,,
2068,0.9318818140706918,0.0518602065081476,0.006733848405964042,1.499025180336171e-06,0.009522631990016118,dirichlet_0.2,,
2069,0.5601097433133275,0.378354011335781,0.05812650320878912,0.00238256331642003,0.0010271788256824626,dirichlet_0.2,,
2070,0.5875748916469044,0.05298361992401633,0.32015107722909064,0.03911472763887044,0.00017568356111824005,dirichlet_0.2,,
2071,0.6436395690256106,0.0013889058427284304,0.08768190507359591,0.004362152794824274,0.2629274672632408,dirichlet_0.2,,
2072,1.936805751092448e-05,0.12706526534381515,0.01028316646257631,0.7984472687032748,0.06418493143282276,dirichlet_0.2,,
2073,0.0008664283173669389,0.00198900048218879,0.2755507075123044,0.687374112694213,0.03421975099392682,dirichlet_0.2,,
2074,0.0003854966522216874,0.0011241986175142312,0.022818290014098314,0.698010210437144,0.27766180427902176,dirichlet_0.2,,
2075,6.602566616034556e-07,0.9623760568057881,0.0015369854415228966,0.036009389776879515,7.690771914788272e-05,dirichlet_0.2,,
2076,0.6093793726203588,0.3317783276333076,0.04298586868783824,0.012693663337276987,0.0031627677212184096,dirichlet_0.2,,
2077,0.9140031983809468,0.0012122336330438034,0.053785827640124725,0.030350388137732956,0.0006483522081516434,dirichlet_0.2,,
2078,0.29481387531572145,0.004096129211318035,0.004124566579001489,0.6756829417161666,0.021282487177792516,dirichlet_0.2,,
2079,0.8427544572688276,0.11241512485414161,0.03733633239850092,0.00015325410746361,0.007340831371066399,dirichlet_0.2,,
2080,0.5302187062121498,0.13515071635746834,0.01722181319868082,0.24109974607658116,0.0763090181551199,dirichlet_0.2,,
2081,0.00016112689701821268,0.0006714456007994306,0.9021713506927852,0.08662469485975441,0.010371381949642707,dirichlet_0.2,,
2082,0.10479686078068992,0.10056940159615634,0.4233935865600587,1.3141887417671893e-06,0.37123883687435333,dirichlet_0.2,,
2083,0.06948546114768402,0.21272879348725046,0.0016775242004229173,0.696724879919696,0.0193833412449467,dirichlet_0.2,,
2084,0.055782743032859086,0.0031727929505579976,0.024185607385098354,0.03455985049444251,0.8822990061370422,dirichlet_0.2,,
2085,0.01806974366083988,0.1106174919744224,0.004284543489541679,0.0017003973462256699,0.8653278235289704,dirichlet_0.2,,
2086,0.9285474217293388,0.0006615408295650887,0.0036515392803252843,8.635883157548127e-05,0.06705313932919539,dirichlet_0.2,,
2087,0.010138971491532147,0.00019166180847388542,0.9727427146305228,3.162743309782781e-05,0.01689502463637343,dirichlet_0.2,,
2088,0.008406574654464597,0.001121230781200477,0.4368117252607555,0.5536565379128675,3.9313907117486645e-06,dirichlet_0.2,,
2089,0.3859373419240405,0.037249721768432,0.04650017726203402,0.5302657872155571,4.697182993641357e-05,dirichlet_0.2,,
2090,0.0005861692386177992,0.016166389514313702,0.06763865919407047,0.9154926148392906,0.00011616721370734307,dirichlet_0.2,,
2091,0.18747537303340941,0.7840486698141602,0.00026119822949418464,0.02074088860009378,0.007473870322842241,dirichlet_0.2,,
2092,0.00397621406137749,0.6992574718137659,0.0027740210569214044,0.0009521385408979748,0.2930401545270372,dirichlet_0.2,,
2093,0.00549049253806221,0.038777024153034786,0.9550965532598741,0.0005340318401000387,0.00010189820892879907,dirichlet_0.2,,
2094,7.057906573821885e-05,0.03372831722762017,0.07935650946329503,0.019407903142136692,0.8674366911012099,dirichlet_0.2,,
2095,0.04441374858842764,0.03459830858859456,0.00018602567678228268,0.04276061585648045,0.878041301289715,dirichlet_0.2,,
2096,0.9461230119781807,1.0371390384469188e-05,0.04881289034578061,7.170979003228198e-06,0.005046555306650884,dirichlet_0.2,,
2097,0.00010310723511659823,0.008857682510119372,0.005229712781677226,0.9705871701861399,0.015222327286947057,dirichlet_0.2,,
2098,2.8655043281532647e-08,6.43695917385066e-05,0.0003404472049674676,0.9965187160898695,0.003076438458381212,dirichlet_0.2,,
2099,0.34992705552765907,0.5691958961509757,0.00013222895006853713,0.016722860452879837,0.0640219589184168,dirichlet_0.2,,
2100,0.9834191558008911,3.463503079228795e-16,0.007554265797514986,0.0063069387926210085,0.002719639608972422,dirichlet_0.2,,
2101,0.0022604321081951912,0.7585837227224018,0.04313319785336357,0.005753554507196098,0.19026909280884322,dirichlet_0.2,,
2102,0.00832132856913856,0.9823523216332648,2.7929005225355933e-06,0.00014737555735352983,0.009176181339720476,dirichlet_0.2,,
2103,0.015640062065531417,0.37875509764258036,0.17101732617914123,3.1402263975685876e-05,0.4345561118487714,dirichlet_0.2,,
2104,5.2500963149959583e-05,0.0048308769727855635,0.9209902986471784,0.03333616756448461,0.04079015585240143,dirichlet_0.2,,
2105,0.1766923619276847,0.819116264987814,0.00031038621935528866,0.002916350579799449,0.0009646362853465555,dirichlet_0.2,,
2106,5.419221074312029e-05,0.007870128061757565,7.4468233783803495e-06,3.178561735184426e-08,0.9920682011185036,dirichlet_0.2,,
2107,7.539771613658861e-07,0.9526104917901189,0.04685162551001092,0.0005371113240139911,1.7398694842349078e-08,dirichlet_0.2,,
2108,0.9295369672643495,0.00032181546231503644,6.598106914857226e-08,0.07014115123899409,5.3272221555324257e-11,dirichlet_0.2,,
2109,0.26856550324089085,0.003661728806409593,0.3496941116629527,0.377756876997344,0.0003217792924029354,dirichlet_0.2,,
2110,0.4003326429183421,0.006102253197814261,0.1635286475127084,0.43003644918988765,7.1812474901688544e-09,dirichlet_0.2,,
2111,0.003399279167214862,0.029026719585376903,0.18266690431705168,0.4892066479853082,0.29570044894504843,dirichlet_0.2,,
2112,4.553522078396624e-06,0.5350319497818513,0.4065504674254202,0.05839485901247925,1.8170258170669773e-05,dirichlet_0.2,,
2113,0.012771428988658849,0.016117665579761558,0.7605519949655459,0.00031748723709789376,0.21024142322893577,dirichlet_0.2,,
2114,3.9068186469881916e-07,0.0028384945836468964,0.9669249032422701,0.00448367021696207,0.02575254127525631,dirichlet_0.2,,
2115,0.053619227391159006,0.062349793552821144,5.879346632146337e-05,0.19911257585914452,0.6848596097305539,dirichlet_0.2,,
2116,0.00010112238717251861,0.15133629473856444,0.3582561991634753,0.4899528742003216,0.00035350951046621255,dirichlet_0.2,,
2117,0.03777126630467528,0.7189597993290697,0.22005118823680303,0.013077906168374573,0.01013983996107737,dirichlet_0.2,,
2118,0.1607154550640569,3.180194864269823e-06,0.19864058325045023,0.6377677855277175,0.002872995962911089,dirichlet_0.2,,
2119,0.7154993997143382,0.006021777081883797,0.2768562421974691,1.819284584189481e-06,0.0016207617217245352,dirichlet_0.2,,
2120,0.9522204918825627,7.268541388683409e-05,0.005166263171351327,0.04254055654859963,2.983599678006947e-09,dirichlet_0.2,,
2121,0.06307288685917119,0.0006971535940173824,0.0018836798758294715,0.12505568548896848,0.8092905941820135,dirichlet_0.2,,
2122,0.36197702183982555,0.01228145912035499,0.0014844526909528586,0.0012505912118190828,0.6230064751370475,dirichlet_0.2,,
2123,0.9483875192676442,0.047038812121120856,8.285680790783382e-07,0.00026001388556200325,0.004312826157594034,dirichlet_0.2,,
2124,0.020872607874561924,0.5345135418393306,1.0592884324620689e-05,0.00996015570199247,0.43464310169979037,dirichlet_0.2,,
2125,1.878983564991209e-05,0.0014396061799818506,0.0004929639640662321,0.30751797209084475,0.6905306679294574,dirichlet_0.2,,
2126,0.00018016477287086338,0.4322496961574666,0.11992711734226352,0.008869890646479686,0.4387731310809192,dirichlet_0.2,,
2127,0.0021161425725007336,0.17285806087619232,0.011947488607334234,0.8130783035802128,4.3637598801413066e-09,dirichlet_0.2,,
2128,0.000592515431679986,0.0025509501138457264,0.9758438489252862,3.518509714268896e-05,0.02097750043204535,dirichlet_0.2,,
2129,0.030074184799152314,3.349810585964564e-05,0.01174015723268281,3.590481624558538e-05,0.9581162550460596,dirichlet_0.2,,
2130,4.1198735929585095e-05,0.010771815114682464,0.46155090404731247,4.6885735015303965e-11,0.5276360820551897,dirichlet_0.2,,
2131,0.00013766624333384607,0.16133452039078136,0.5386335819741764,0.2998942233675501,8.02415811137026e-09,dirichlet_0.2,,
2132,5.8524689077122006e-05,0.14982720374299227,0.21970301897966402,0.6162764556987286,0.014134796889537903,dirichlet_0.2,,
2133,0.07276452237440205,0.3816288376473709,0.15714032361194047,0.385855866686317,0.002610449679969629,dirichlet_0.2,,
2134,4.336718013294258e-07,0.1574346375578087,0.01421878943156115,9.608196375460178e-05,0.8282500573750743,dirichlet_0.2,,
2135,0.29532048831288366,0.08421433340546314,0.019777696680439823,0.5931001515838593,0.007587330017354114,dirichlet_0.2,,
2136,0.008592990628370623,0.27587282277887976,3.651294816588297e-10,0.6954159385295676,0.02011824769805257,dirichlet_0.2,,
2137,0.9622874007014591,7.946653368328948e-11,0.021941828555111956,0.00012271902013621293,0.01564805164382607,dirichlet_0.2,,
2138,0.09772181263612453,0.0003960800815251242,0.01560517165755598,0.8760756372989613,0.010201298325833108,dirichlet_0.2,,
2139,0.10839124902879449,0.004160327699835437,0.00015309718941102735,0.8855175680276853,0.0017777580542736586,dirichlet_0.2,,
2140,0.8177147760666896,0.17564713295992995,0.002668744140278334,0.0021676245590494456,0.0018017222740525733,dirichlet_0.2,,
2141,0.05639008243463195,0.13070581141020812,6.248654669240072e-07,0.7611419257532406,0.051761555536452494,dirichlet_0.2,,
2142,2.2406945851399673e-07,0.0004900023802347929,0.000740102390309982,0.9984263655923802,0.00034330556761656364,dirichlet_0.2,,
2143,0.02470808856222862,0.009042471240628831,0.12637808541965767,0.012867239111377923,0.8270041156661069,dirichlet_0.2,,
2144,0.5972686163202059,0.005441917399856014,0.24562077980221844,0.13742834496623624,0.014240341511483323,dirichlet_0.2,,
2145,0.7223480576296909,0.04516989736349254,8.695051340001995e-05,0.0012466626531025722,0.23114843184031386,dirichlet_0.2,,
2146,0.0010564857748501756,0.024802509278717813,4.147109808742218e-07,0.9741405902350343,4.1692077471616456e-13,dirichlet_0.2,,
2147,0.02349627058029568,0.00533841082654553,0.5545124159745783,0.23547843569334426,0.18117446692523603,dirichlet_0.2,,
2148,0.020679944910436895,0.7948747559069763,0.17449775552820604,0.009002624814033883,0.000944918840346839,dirichlet_0.2,,
2149,0.008251634076055928,0.015929377727735495,8.495243973841064e-05,0.9757235129487989,1.0522807671093883e-05,dirichlet_0.2,,
2150,0.028073209189008207,0.7455416020850052,0.20035707446120732,0.011479108512146778,0.014549005752632491,dirichlet_0.2,,
2151,0.0012352199940104767,0.6217639267272782,0.00017075177333736083,0.3767654761270894,6.462537828466683e-05,dirichlet_0.2,,
2152,0.04368256542674638,0.0003382841575195929,1.444516913687786e-05,0.09976394188847205,0.8562007633581252,dirichlet_0.2,,
2153,0.016025770349440707,0.08480096102144287,0.4427759539503528,2.5171442478719677e-07,0.4563970629643389,dirichlet_0.2,,
2154,0.11123271763131755,0.009120915168677387,0.023450102927979034,0.000513630775796841,0.8556826334962293,dirichlet_0.2,,
2155,0.10661474522318948,0.8882035564860236,0.005009470490898111,0.0001575096585916682,1.4718141297132654e-05,dirichlet_0.2,,
2156,0.092879528707035,0.12666977537569774,0.3281020078316249,0.16441012450330839,0.287938563582334,dirichlet_0.2,,
2157,0.012068770486560935,5.943580232042385e-06,0.0003076011115816108,0.005098255266468714,0.9825194295551567,dirichlet_0.2,,
2158,0.891937325350216,0.013483637568201355,0.05812377867175252,0.002780017453524931,0.033675240956305266,dirichlet_0.2,,
2159,9.633320351219992e-07,0.700227894474912,0.010447528067031827,0.1200079242174393,0.16931568990858192,dirichlet_0.2,,
2160,0.08655440048315886,0.010993715330180079,0.0010126564927716575,0.11691742045811306,0.7845218072357764,dirichlet_0.2,,
2161,0.009505597720028227,0.875884853695002,9.037460005141666e-06,0.11336465973963372,0.0012358513853310243,dirichlet_0.2,,
2162,0.02475173922649125,9.973265716415885e-10,0.3732276598627232,0.0027145443816962004,0.5993060555317629,dirichlet_0.2,,
2163,0.002507828143280812,1.8275039140906913e-06,0.04743237553899129,0.013529667785293117,0.9365283010285207,dirichlet_0.2,,
2164,0.0033167990666298,0.8758585576106778,0.0006869520354379635,0.00033858638664901504,0.11979910490060547,dirichlet_0.2,,
2165,0.4414906469190811,0.2922153125569883,0.001935847693162836,0.21831767685638592,0.04604051597438186,dirichlet_0.2,,
2166,1.9924212628117363e-06,0.9297547728436792,0.0001961446526614275,0.03990387606418084,0.030143214018215826,dirichlet_0.2,,
2167,0.00279738845079269,0.0006828901143093333,5.5545628433479474e-08,0.5901985637742677,0.40632110211500194,dirichlet_0.2,,
2168,0.05140406575315774,0.4181585333199106,2.1167867124969133e-07,0.006549862948244342,0.523887326300016,dirichlet_0.2,,
2169,0.004140831045818568,0.1210840745888432,0.39401529681679937,0.4671069168392578,0.013652880709280998,dirichlet_0.2,,
2170,0.5190014658345334,0.004709265424152086,0.04581000268738972,4.055335518121581e-09,0.43047926199858916,dirichlet_0.2,,
2171,0.04268761259256764,0.1033741625078604,0.00046544849866816143,0.8523697644010676,0.001103011999836197,dirichlet_0.2,,
2172,0.9823228386756773,0.01607124453249433,2.1015512141328892e-05,3.1746071002051814e-06,0.001581726672586982,dirichlet_0.2,,
2173,0.03811469680255147,0.9391551281703544,0.01973182123128716,0.00012470654720508719,0.002873647248601955,dirichlet_0.2,,
2174,0.0002619003856817562,0.21740861305850237,0.0040738491455191254,0.016871811838206897,0.7613838255720898,dirichlet_0.2,,
2175,0.000847620126723378,0.0003697209816550883,0.8977190121074724,1.573844498275464e-15,0.10106364678414757,dirichlet_0.2,,
2176,0.0003900474540615992,0.0019136463922149894,1.0689216961225062e-05,0.9769653653383752,0.020720251598386957,dirichlet_0.2,,
2177,0.12914024533656238,0.001102152169318116,0.03178901308995482,1.7750723495448575e-06,0.8379668143318152,dirichlet_0.2,,
2178,0.4257955922070308,0.005630580035658024,0.5511337418112776,0.004709756009001866,0.012730329937031576,dirichlet_0.2,,
2179,0.0015462195111760584,0.008017075510459767,0.00812283505021678,2.9712751792763247e-06,0.982310898652968,dirichlet_0.2,,
2180,0.7615029157668349,0.011823949229263754,0.221221662753926,0.0042572108064724565,0.0011942614435029417,dirichlet_0.2,,
2181,0.7233262362658401,0.18536887768335517,0.01273879182322302,3.333782835938362e-05,0.07853275639922232,dirichlet_0.2,,
2182,0.011532705592159876,6.158400970443099e-07,0.1304793245329264,8.0042442162394e-05,0.8579073115926542,dirichlet_0.2,,
2183,0.0050742527076359034,0.00787264354978396,0.007086217278505905,0.014686819726233489,0.9652800667378406,dirichlet_0.2,,
2184,0.5856520524213954,0.003500856224202659,0.367079377610334,5.199310613235481e-05,0.04371572063793582,dirichlet_0.2,,
2185,0.009082722860425198,0.01832814869667369,0.915703236022449,0.01605518753603872,0.040830704884413455,dirichlet_0.2,,
2186,0.307398436034094,0.302047960120364,0.2820167051748008,0.06940160830130726,0.039135290369433834,dirichlet_0.2,,
2187,0.25189762886135164,0.003125702085319981,0.6231485036099124,0.07950402014177618,0.0423241453016398,dirichlet_0.2,,
2188,0.10026951480344844,0.0017365053598011845,0.17923806902190031,0.0019472185971028913,0.7168086922177472,dirichlet_0.2,,
2189,0.021610400276069763,0.09399817881572796,8.40125780750227e-05,0.028011328473587456,0.8562960798565399,dirichlet_0.2,,
2190,0.0002372476246902651,0.04956393210068329,0.07438826000757719,0.023348917037900714,0.8524616432291485,dirichlet_0.2,,
2191,0.015437068543905601,0.007865713075934058,1.868036327596589e-05,0.21949144351989175,0.7571870944969926,dirichlet_0.2,,
2192,0.7686550985207928,2.6199584976436987e-09,0.17819753026227686,0.00658281602886171,0.046564552568109915,dirichlet_0.2,,
2193,0.05394102728338934,0.024122167641595388,0.8109694455158142,0.032939667279362254,0.07802769227983901,dirichlet_0.2,,
2194,0.0007365338259854976,0.07997164984653135,0.013042295640930584,0.9062464318844426,3.0888021098327383e-06,dirichlet_0.2,,
2195,0.0019790793666798526,9.121893708717948e-05,0.9412798299336403,0.05487503304321508,0.0017748387193774926,dirichlet_0.2,,
2196,0.013435530640736907,0.8729929098302709,0.06725173055400688,4.01601588313265e-06,0.04631581295910211,dirichlet_0.2,,
2197,0.2053774113921438,6.858925435502003e-07,0.7426062655032742,7.157959115299842e-05,0.05194405762088542,dirichlet_0.2,,
2198,0.007578866314494772,6.622366160414089e-11,0.443997573512708,0.285981046123639,0.2624425139829346,dirichlet_0.2,,
2199,2.403558909285761e-05,0.0005410412598678427,0.053679037395367356,0.0027549103461571084,0.9430009754095149,dirichlet_0.2,,
2200,0.018973240855767976,0.9709226812265757,0.0020894206545823742,7.831232220030541e-09,0.008014649431841651,dirichlet_0.2,,
2201,1.1587277108439849e-06,0.0013431880409236231,6.583573402243975e-09,0.9621751466546401,0.036480499993152074,dirichlet_0.2,,
2202,0.3351209482363724,0.44267334538698283,0.22210315347822432,0.00010245772271308847,9.517570755521492e-08,dirichlet_0.2,,
2203,0.12289942368285497,0.5666080061746223,0.2879179952180499,0.004529472922119954,0.01804510200235303,dirichlet_0.2,,
2204,0.33340174490108715,0.005958659998267239,0.0011455277315737162,0.435639754918582,0.22385431245048998,dirichlet_0.2,,
2205,0.7231921125161733,0.01669388786360235,8.272488313652802e-05,0.13348222240384353,0.12654905233324423,dirichlet_0.2,,
2206,0.9590659091216003,0.0249740211392087,2.0424036694219636e-05,8.783413195723176e-08,0.015939557868364825,dirichlet_0.2,,
2207,0.016541615175227835,0.6774346493196931,0.2343508945193527,0.05608390052820178,0.015588940457524335,dirichlet_0.2,,
2208,0.20478100850389047,1.3782283154583692e-12,0.5118693816029647,0.0151832747702446,0.26816633512152194,dirichlet_0.2,,
2209,4.494450449948843e-14,0.7650556596269452,0.17342168647851575,0.05441088789293265,0.007111766001561456,dirichlet_0.2,,
2210,6.578656868135948e-07,4.647708077456275e-05,8.627141531528749e-07,0.31565431351776496,0.6842976888216206,dirichlet_0.2,,
2211,0.19647979231603696,0.7557331301727519,0.020138932889996443,0.027648129028189118,1.5593025760226848e-08,dirichlet_0.2,,
2212,3.579823677906402e-05,0.001501601739474307,0.005198421847405184,0.5024268252535924,0.4908373529227491,dirichlet_0.2,,
2213,2.7503567352144493e-05,0.96324780535376,0.0006198579283202856,2.9329826405596578e-08,0.03610480382074127,dirichlet_0.2,,
2214,2.1896693046306334e-06,0.0014332667252465671,8.601321589411616e-07,0.9973473639110786,0.001216319562211184,dirichlet_0.2,,
2215,3.6483886554628034e-07,0.12426247477697366,0.0019136706522213927,0.8724915596183024,0.0013319301136370835,dirichlet_0.2,,
2216,0.7141800416586268,0.008476628371410076,0.0887782967558275,0.177156702626021,0.011408330588114609,dirichlet_0.2,,
2217,0.0002916876577081588,0.9765307852662161,0.00026123674663760616,0.021315550208916834,0.0016007401205213505,dirichlet_0.2,,
2218,0.001100002076583329,0.07618481205773962,0.9148192245387583,0.006388329077028244,0.0015076322498905536,dirichlet_0.2,,
2219,0.009390256651455757,0.01862055309986334,0.008151506251759663,0.963777896850611,5.978714631002809e-05,dirichlet_0.2,,
2220,0.19838423338976585,7.679850670819049e-08,0.10954800339408445,0.69133864289185,0.0007290435257927784,dirichlet_0.2,,
2221,0.09533410039061635,0.00024326370451380555,0.8966401946967297,7.727584855582302e-07,0.00778166844965459,dirichlet_0.2,,
2222,0.21877170010150868,0.002984570987083333,0.7572060138696531,0.0012958004763097884,0.019741914565445065,dirichlet_0.2,,
2223,0.004380386723356741,0.37098111171722103,0.05986582432060432,0.2448137474305678,0.31995892980825025,dirichlet_0.2,,
2224,0.0016238383366649987,0.7089094526121505,0.00019757160672588268,0.28926897701636217,1.6042809638789733e-07,dirichlet_0.2,,
2225,0.0004321947159572698,0.0003582784737149004,0.01118771104630581,0.006298309787377433,0.9817235059766446,dirichlet_0.2,,
2226,0.3373609987327298,0.0020320089463669363,6.514260309978974e-07,8.795235393652909e-08,0.6606062529425184,dirichlet_0.2,,
2227,0.09288926575234582,0.18866258167345853,0.04941275931962692,0.6609097302205024,0.008125663034066187,dirichlet_0.2,,
2228,0.7352126318714977,0.18007612511862336,0.015421647905434958,0.008375305858464426,0.06091428924597954,dirichlet_0.2,,
2229,0.743445592568003,0.2442460452015239,0.0017001343130622897,0.010592000780767009,1.6227136643707023e-05,dirichlet_0.2,,
2230,0.009909595456416839,0.010822702109157964,0.021026502132712344,0.37515299180501677,0.5830882084966961,dirichlet_0.2,,
2231,0.024269835900591875,0.000679293332386551,0.918597032682499,4.091775555450304e-06,0.05644974630896703,dirichlet_0.2,,
2232,0.8664314439050096,0.0613074402429064,0.0644142836004038,0.007844547467160939,2.2847845191623355e-06,dirichlet_0.2,,
2233,0.0006041484515842408,0.8667748763267061,0.1323560002871165,0.00025899289194532385,5.982042647673566e-06,dirichlet_0.2,,
2234,5.912171118570177e-06,2.4066330160211736e-06,0.15464155466346854,0.1534912591650335,0.6918588673673634,dirichlet_0.2,,
2235,0.02091813159825393,0.00132067856817262,0.00013941579492843533,0.8739487900669953,0.10367298397164963,dirichlet_0.2,,
2236,0.16191351144565855,0.7733441254468513,0.03495225076939353,0.029771282053727553,1.8830284369087815e-05,dirichlet_0.2,,
2237,0.19001583121444804,0.7213354981132746,0.08613152547473482,0.0008170460324061978,0.001700099165136516,dirichlet_0.2,,
2238,0.30852130713462783,0.11881469432098686,0.40215208311451683,0.033857596955971965,0.1366543184738965,dirichlet_0.2,,
2239,0.00019975430020421442,0.0005085384243091915,0.8780479653388675,0.12110622447249184,0.00013751746412720466,dirichlet_0.2,,
2240,3.124136478589534e-06,0.009930076912972142,0.00040270105251184984,0.21173756112565123,0.7779265367723863,dirichlet_0.2,,
2241,0.09321870767308636,0.0014998135595251333,0.8566190106139807,0.009905874178580581,0.038756593974827155,dirichlet_0.2,,
2242,0.08768722225985892,2.206020310857925e-07,0.5340390512626576,0.3759553990808026,0.002318106794649742,dirichlet_0.2,,
2243,0.0074736384855644735,0.14670667475828605,0.07474239831572303,0.039748012036036895,0.7313292764043896,dirichlet_0.2,,
2244,0.0013357933883994396,6.235976182383886e-07,0.8694696930757204,0.12918888769920492,5.002239057049504e-06,dirichlet_0.2,,
2245,1.0859967527384124e-07,0.6314167088870626,0.07074100543701901,0.2938632100551167,0.0039789670211265666,dirichlet_0.2,,
2246,0.32709861635749676,0.028957471715984152,1.0278555409031955e-05,0.5440597824536803,0.09987385091742992,dirichlet_0.2,,
2247,2.7489566856556978e-05,0.25025215345872814,6.965102305288314e-09,0.6255898078298602,0.1241305421794529,dirichlet_0.2,,
2248,0.09193100841617188,0.12660200541346597,0.6335544405563508,0.0012143729807275784,0.14669817263328364,dirichlet_0.2,,
2249,0.503395232348399,0.003647123711936536,0.2906227932246239,0.0034619407903325743,0.19887290992470813,dirichlet_0.2,,
2250,0.7321000071347487,2.613348467662781e-07,1.5894267365881983e-06,0.07585910029648986,0.19203904180717812,dirichlet_0.2,,
2251,0.041829238002025246,0.4865962390234076,0.04580003339110996,0.39992650231108007,0.02584798727237715,dirichlet_0.2,,
2252,0.039052193101827226,0.8932855617337306,0.0676594137755619,2.3731736361305715e-06,4.5821524411091043e-07,dirichlet_0.2,,
2253,0.05285981952898519,0.0010060079346309362,0.0809762429528108,0.0011849101627415925,0.8639730194208314,dirichlet_0.2,,
2254,3.07711683268582e-05,0.8882226422664342,0.002599173388950099,0.0008908992141232427,0.10825651396216562,dirichlet_0.2,,
2255,2.6801794613977285e-05,0.7624593593559192,0.12791294721734628,0.08640823033600159,0.023192661296119032,dirichlet_0.2,,
2256,0.35726126153459214,1.3889869809047478e-05,0.09483567336796328,1.842788338684475e-05,0.5478707473442487,dirichlet_0.2,,
2257,0.0389020729526335,0.4241671388113781,0.04842568345366797,0.03411301247775106,0.45439209230456945,dirichlet_0.2,,
2258,0.19477878804667495,0.0007770151349293725,0.44948398934434514,0.18115505942915267,0.17380514804489794,dirichlet_0.2,,
2259,0.020571264445800767,0.12183178835630137,0.7450873575870716,9.644101563190184e-05,0.11241314859519443,dirichlet_0.2,,
2260,0.19763834653786305,0.49632456174432327,2.0697355869201903e-05,0.0001594723908148246,0.3058569219711297,dirichlet_0.2,,
2261,0.1040280453664203,1.2748208449037935e-08,0.5907871443680833,0.017932990383158626,0.28725180713412934,dirichlet_0.2,,
2262,0.3712489034784821,0.165842182496457,0.39213713836162667,0.00016231396702821152,0.07060946169640604,dirichlet_0.2,,
2263,7.105303502649677e-05,0.9989654727443159,0.0002871318886727831,0.0006763412536229446,1.0783620037799774e-09,dirichlet_0.2,,
2264,2.603480602076027e-12,0.1285225866430024,0.09996977308968469,0.7712390981184759,0.0002685421462335275,dirichlet_0.2,,
2265,0.02127314583169924,0.09589470020852582,0.8529878942839091,0.029340880471889992,0.0005033792039757844,dirichlet_0.2,,
2266,3.82330390174222e-06,3.68319170773259e-07,0.0032039393992418287,0.021730124985612418,0.9750617439920733,dirichlet_0.2,,
2267,0.0011903763433248175,0.5120175827971597,0.07312746370036698,0.3580043250351872,0.05566025212396121,dirichlet_0.2,,
2268,0.0014789255049421912,0.7149472978301601,0.00804232844135183,1.5203678417733237e-05,0.2755162445451281,dirichlet_0.2,,
2269,2.822274569773564e-05,0.003948775935207246,0.6259699468952014,0.36998837280999575,6.468161389777124e-05,dirichlet_0.2,,
2270,0.01684831299597561,0.7923629640270207,0.17340954452834936,0.0025569109212872075,0.01482226752736702,dirichlet_0.2,,
2271,0.1134255735130865,0.19263307345657601,0.10855498328893336,0.27640427130316547,0.30898209843823854,dirichlet_0.2,,
2272,0.5564806515638195,0.39232109430575923,0.05119814496731148,1.0905814492116076e-07,1.0496476706393549e-10,dirichlet_0.2,,
2273,0.2558855734574073,0.0012941512310594198,0.021434074287640558,0.02477276902681013,0.6966134319970826,dirichlet_0.2,,
2274,0.040117841666837135,0.011869803470867208,0.020070066669728145,2.241850957729344e-07,0.9279420640074717,dirichlet_0.2,,
2275,0.00043432916827774255,4.93505651625759e-06,0.06369078059066435,0.9356469476394677,0.0002230075450740294,dirichlet_0.2,,
2276,0.3478301057443003,0.008894765999836903,0.03341357386392701,0.44114888999047486,0.16871266440146107,dirichlet_0.2,,
2277,0.0028649193800120904,0.09282489048694242,0.6961218257716935,0.0008986507710385087,0.2072897135903133,dirichlet_0.2,,
2278,2.794718171999299e-06,4.972009994371901e-12,0.8948778919862964,0.016038845445430615,0.08908046784512892,dirichlet_0.2,,
2279,0.8695456618685325,0.002325335485357305,0.10027735701509409,0.020677552210590335,0.007174093420425631,dirichlet_0.2,,
2280,0.0009067436544283339,0.6324607886401419,0.36364362112153387,0.001040443550120679,0.0019484030337752426,dirichlet_0.2,,
2281,0.6729813920278991,0.00109324161207118,0.2725090876302885,0.007308112370273136,0.046108166359468024,dirichlet_0.2,,
2282,0.07458570070071148,0.005411200175656116,5.054551929265471e-05,0.9076657989419851,0.012286754662354585,dirichlet_0.2,,
2283,4.798484886254552e-05,0.0012520451026821957,0.9942610327010566,0.004131325424648213,0.0003076119227506154,dirichlet_0.2,,
2284,0.001550384522304353,0.28699808048629116,0.0017593971842378726,0.7090295769426961,0.0006625608644703069,dirichlet_0.2,,
2285,0.31399623441629343,0.29791427782741814,7.257280154092142e-07,0.3865110921172513,0.0015776699110215547,dirichlet_0.2,,
2286,0.0022787380643449454,0.8508659637716812,0.02392035161105348,5.448461820743092e-06,0.12292949809109938,dirichlet_0.2,,
2287,0.0013306032662001152,0.9460683719117498,0.006411470247358187,0.04613758756970367,5.1967004988334885e-05,dirichlet_0.2,,
2288,0.00659993065995068,0.007005012283587227,0.971534670017571,0.014860374444103918,1.2594787226730358e-08,dirichlet_0.2,,
2289,0.4579674000034662,0.008219668510566547,1.2465964828882409e-06,0.45762820280263433,0.07618348208684995,dirichlet_0.2,,
2290,0.015037323693050757,0.000720561538417117,0.0615940872484499,0.4773844842332697,0.4452635432868126,dirichlet_0.2,,
2291,0.16138656459621575,6.035449362237261e-08,0.002997796011716495,0.0003210749645804457,0.8352945040729937,dirichlet_0.2,,
2292,0.001752110176059956,0.2971059379194389,0.0015385457230422163,0.555652307941999,0.1439510982394599,dirichlet_0.2,,
2293,0.01233466713376349,0.0015394822894577898,0.19957683196886764,0.7865489284097982,9.019811313909074e-08,dirichlet_0.2,,
2294,0.04789128580144123,0.7781868951781825,0.17125894669509079,9.197273816172568e-06,0.0026536750514692896,dirichlet_0.2,,
2295,0.0027459238153988946,0.036291410692626244,0.00010044759056917425,0.02813860198480184,0.9327236159166038,dirichlet_0.2,,
2296,0.4815622450729829,0.016431868657949274,0.484494626252143,0.006782186218373134,0.010729073798551682,dirichlet_0.2,,
2297,0.9663150818227796,0.010704930986739582,0.0007091531642411991,0.0222708171559827,1.6870256780530184e-08,dirichlet_0.2,,
2298,0.008720875130813797,0.6338280350221487,0.17042790101683877,0.042595708863603345,0.14442747996659547,dirichlet_0.2,,
2299,0.7390692145086697,9.090395890541218e-06,0.0002636756638433587,0.2221474337986269,0.038510585632969434,dirichlet_0.2,,
2300,0.1506960012785749,0.0024396242092627643,0.827357458312463,0.013939384232934853,0.005567531966764526,dirichlet_0.2,,
2301,0.02639509724918921,0.009419902611928151,3.6231185304696706e-06,0.9630874016407024,0.001093975379649861,dirichlet_0.2,,
2302,0.9584670639223436,5.926440395419108e-05,0.00520844371479516,0.001610015010447646,0.03465521294845928,dirichlet_0.2,,
2303,0.2828875672266993,0.10081340539424205,0.584502488861278,0.031796536602427795,1.9153528035921e-09,dirichlet_0.2,,
2304,0.040076180942278744,0.00015135773308410578,0.7010582561018108,2.0800251450284044e-05,0.25869340497137616,dirichlet_0.2,,
2305,0.02923058440159884,0.006053905865624085,3.138676913480973e-05,0.33013069452690097,0.6345534284367412,dirichlet_0.2,,
2306,0.9354139870168702,0.0015941435111990157,0.00028200908895053347,1.572000581818406e-05,0.06269414037716199,dirichlet_0.2,,
2307,0.07963602681150467,0.08293376568241052,0.07455390607429416,0.7620479409479526,0.0008283604838380212,dirichlet_0.2,,
2308,0.0003372741288457063,0.711604955528772,7.386151388071729e-05,0.06713619700138386,0.22084771182711774,dirichlet_0.2,,
2309,0.5266323132378599,0.21018318697658905,0.23213935547426598,2.2664736171126843e-06,0.03104287783766809,dirichlet_0.2,,
2310,0.020470918073809637,0.037162721167813786,0.8938992213067962,0.023462736835721,0.025004402615859317,dirichlet_0.2,,
2311,0.045561130418187525,0.8221256837807138,0.12134387988489248,0.0005753875849133842,0.010393918331292946,dirichlet_0.2,,
2312,0.07875473181337811,0.5217155826486765,0.35983399328709526,3.013090100725579e-08,0.03969566211994918,dirichlet_0.2,,
2313,0.9105116420141158,0.00469614612087741,0.0010155275643260152,0.058014623452253285,0.02576206084842765,dirichlet_0.2,,
2314,0.057885427848092225,0.5365320057947235,0.001486704714805036,0.4040767324473423,1.9129195036866854e-05,dirichlet_0.2,,
2315,0.49984686412834267,1.052690939477051e-05,0.00028919185630133724,0.07291560935109127,0.4269378077548699,dirichlet_0.2,,
2316,2.943906382888844e-06,0.00010413946318034288,0.0009631288389463557,0.6777689030000965,0.3211608847913939,dirichlet_0.2,,
2317,0.000334525728619946,0.5156226528366955,1.619970944394639e-06,0.48099332959809243,0.003047871865647711,dirichlet_0.2,,
2318,1.3893543880421237e-05,0.8497194064552795,0.0034577156522031523,0.14680897487443828,9.474198651459404e-09,dirichlet_0.2,,
2319,0.7966682008659111,3.6957619873541383e-07,0.0009523441206350048,0.1927178036432545,0.009661281794000711,dirichlet_0.2,,
2320,4.641081409376304e-05,0.0033428051476618995,0.99608140267189,2.675130009306713e-07,0.0005291138533536111,dirichlet_0.2,,
2321,0.037638245938309986,0.004118465287827552,0.6123983442380603,0.0099840641215649,0.3358608804142373,dirichlet_0.2,,
2322,0.01400402974785699,0.4488428999324112,0.3549809369932134,0.002652204994280393,0.17951992833223804,dirichlet_0.2,,
2323,2.3252439319222736e-06,0.07546947876116868,0.028516252258875555,1.1547237973045913e-07,0.8960118282636441,dirichlet_0.2,,
2324,0.5537566864046917,0.44358654600376257,0.0026523499441703387,3.9897195537774375e-06,4.279278216147627e-07,dirichlet_0.2,,
2325,0.036815556891581454,0.8339055716771085,0.003158964949628438,3.6701736939791406e-10,0.12611990611466414,dirichlet_0.2,,
2326,0.1527381488192871,0.16793277998815173,0.5523776680481424,0.11995626967114088,0.006995133473277941,dirichlet_0.2,,
2327,0.22684421315656458,0.34923247264676543,0.0953405184925652,0.3282327683099156,0.00035002739418911124,dirichlet_0.2,,
2328,0.2747176481894372,0.00029743868404586245,0.17562356068753143,0.49479593707353847,0.05456541536544703,dirichlet_0.2,,
2329,2.672697923816118e-07,0.0016925664421166883,0.5184396645048127,0.4779661540532365,0.001901347730041841,dirichlet_0.2,,
2330,0.03759263996979526,0.018889782009515046,0.942977702695145,2.9720179629866442e-09,0.0005398723535266294,dirichlet_0.2,,
2331,0.0026169648938534833,0.0019021568635650419,0.139109370300376,0.2727256176748168,0.5836458902673887,dirichlet_0.2,,
2332,0.06559257685540464,0.19859155223968755,0.7340637065103139,1.4960925115200447e-07,0.0017520147853427141,dirichlet_0.2,,
2333,6.621847807676169e-06,0.025756311760178684,0.876948405074152,0.013539842778630615,0.08374881853923109,dirichlet_0.2,,
2334,0.3377375426374834,0.19690065735239748,0.4295285636697545,0.017305445945129328,0.018527790395235173,dirichlet_0.2,,
2335,0.03171053298177736,1.3348822599243454e-05,0.703684650421706,0.17237577846528815,0.09221568930862914,dirichlet_0.2,,
2336,2.1608872221395465e-06,0.12389721549826152,0.04193977079376495,0.8130275707979487,0.02113328202280264,dirichlet_0.2,,
2337,0.011403890869976277,0.0007363475513660851,0.43641095385582024,0.015034271146174654,0.5364145365766627,dirichlet_0.2,,
2338,0.0005542009214322401,0.9219869754902121,0.005846671944188232,0.0003453106045807895,0.0712668410395864,dirichlet_0.2,,
2339,0.004342493124294263,0.09011668986924186,3.310223173376043e-10,0.8308128913431837,0.07472792533225787,dirichlet_0.2,,
2340,3.2620882201414916e-05,0.002131969488597118,4.527337778216149e-06,0.00018371496591951803,0.9976471673255036,dirichlet_0.2,,
2341,0.00034322719926428594,0.5641136934313878,0.11034174343891513,0.32520118334606457,1.5258436820183784e-07,dirichlet_0.2,,
2342,0.0017837033482600274,1.1349712812498166e-07,0.0012744745736457226,0.9933344059183506,0.0036073026626154358,dirichlet_0.2,,
2343,0.40950316999587594,0.01708800820089252,8.183719022764373e-08,0.001236421927744726,0.5721723180382965,dirichlet_0.2,,
2344,0.1898380767654779,0.0012898866777853258,0.5975635731279146,0.20555013158511123,0.005758331843710793,dirichlet_0.2,,
2345,0.4070966831378421,0.017815626248427384,1.7092590002844983e-05,0.2276284159954832,0.3474421820282446,dirichlet_0.2,,
2346,1.8399976147588017e-07,3.474273469858087e-06,1.787885567143812e-08,0.0014077299112007135,0.9985885939367123,dirichlet_0.2,,
2347,0.31040084970160015,0.15020710844612503,0.4025065234715046,8.642808524432368e-06,0.13687687557224554,dirichlet_0.2,,
2348,0.009654429947911923,6.812233035322299e-05,0.00014271992033327145,0.9559349023251954,0.034199825476206175,dirichlet_0.2,,
2349,0.01909857154999365,0.00038357658749306646,0.6662285813884262,0.05309074170094484,0.26119852877314215,dirichlet_0.2,,
2350,0.019737993946000384,0.5063422612955746,0.47391801367505004,1.564273251523659e-06,1.668101234332904e-07,dirichlet_0.2,,
2351,0.049373519042905975,0.00896692894047669,0.0983198058706394,0.06506905362688724,0.7782706925190905,dirichlet_0.2,,
2352,0.6909414296972319,0.0031280006037746355,6.0201726250195875e-05,0.30582376675657813,4.660121616506109e-05,dirichlet_0.2,,
2353,0.06012517117706308,0.9382693831377169,2.816888302351905e-15,0.0006343534469877828,0.0009710922382294147,dirichlet_0.2,,
2354,1.9437836044149606e-10,0.17521396884989546,0.0008431085547224417,0.732149502440698,0.0917934199603058,dirichlet_0.2,,
2355,0.2257954935982485,2.9397321088768316e-05,0.01995621546559213,9.499461499934445e-07,0.7542179436689206,dirichlet_0.2,,
2356,0.7603533846972454,0.001162353292990169,0.0096009787454615,0.0023018708491541833,0.22658141241514862,dirichlet_0.2,,
2357,0.386573874765901,0.001780197274867005,0.5754500541673967,0.0018730857954106458,0.0343227879964246,dirichlet_0.2,,
2358,0.4603950322580697,0.03169154922045238,0.3641620879247526,0.00612636994564637,0.1376249606510791,dirichlet_0.2,,
2359,0.14346916648078953,0.03410001368268639,0.8223736927932651,5.710103485543633e-05,2.6008403468059587e-08,dirichlet_0.2,,
2360,0.04861342335156201,0.5160632330979554,0.40616639277916544,0.021542908145555855,0.007614042625761382,dirichlet_0.2,,
2361,0.0005575522260948314,0.002451283771212028,0.009807641686855328,0.009124278064222058,0.9780592442516157,dirichlet_0.2,,
2362,0.8281566587683109,0.07759279144787358,0.050932266242958435,5.040091850548051e-05,0.04326788262235148,dirichlet_0.2,,
2363,0.017921080381376842,0.68770324444027,0.24354378949085445,0.040038510385736595,0.010793375301762132,dirichlet_0.2,,
2364,0.4114114691403682,0.001975765717803473,0.5481670170304126,0.0022807556647037115,0.03616499244671203,dirichlet_0.2,,
2365,0.12975686069594863,9.721334649382944e-07,0.8315277965812464,0.00028222017268470515,0.038432150416655146,dirichlet_0.2,,
2366,0.9566884398121263,0.04166919495245737,4.174508995956184e-06,9.032276325307247e-11,0.0016381906360976384,dirichlet_0.2,,
2367,0.0011202733557724197,0.9930327801790338,0.0023004074497810826,0.0025695898849441333,0.0009769491304683418,dirichlet_0.2,,
2368,0.0004513566168683455,0.36180352904173146,0.5436231668578662,0.05045720756693857,0.04366473991659568,dirichlet_0.2,,
2369,0.7955721586215521,0.0012754242100644078,0.016042723416154647,0.005787761486519744,0.18132193226570897,dirichlet_0.2,,
2370,0.04985113290058775,0.003935205380879497,1.413154886854944e-05,0.9461973972130173,2.1329566469208606e-06,dirichlet_0.2,,
2371,0.003686128119506618,4.084001885226813e-05,0.21770463144617663,0.7744766090296187,0.004091791385845733,dirichlet_0.2,,
2372,0.0022763147523702535,0.060672144861616456,0.28477402725783396,0.6522774432346627,6.989351655099223e-08,dirichlet_0.2,,
2373,0.00872357445780416,0.0010953198222117984,0.020034700822915797,0.8443107035171138,0.12583570137995467,dirichlet_0.2,,
2374,0.38367729581110654,0.0003802085346069005,0.3637415338394914,0.07166958743262558,0.18053137438216948,dirichlet_0.2,,
2375,0.18671142079920017,4.0211857244957905e-08,0.6504922895940296,0.16276696384205983,2.9285552853156858e-05,dirichlet_0.2,,
2376,0.0003035077318609876,0.3253673595500738,0.39878131473156786,0.1987109203426453,0.07683689764385208,dirichlet_0.2,,
2377,1.9589397716419092e-05,0.0008713683543053495,0.27085526072124627,0.02695020723818569,0.7013035742885463,dirichlet_0.2,,
2378,0.011237767571142376,0.47977059427042934,0.4109640557569704,0.008382681430545677,0.08964490097091217,dirichlet_0.2,,
2379,0.30043432226694905,0.10394570635322505,0.05505713192751897,0.4599115667578926,0.08065127269441431,dirichlet_0.2,,
2380,0.177258999265722,2.956700372217105e-06,0.07532669669494749,0.011720355933152037,0.7356909914058062,dirichlet_0.2,,
2381,0.0252913454246823,0.00517449660579254,2.1480362660621587e-06,0.17271204415655794,0.7968199657767012,dirichlet_0.2,,
2382,0.8956630056559989,5.355629101161716e-05,3.854312304057329e-09,0.1041224889841651,0.00016094521451220356,dirichlet_0.2,,
2383,0.00609214763658773,0.8051757297084683,0.18216425458488147,0.0027455345904533555,0.0038223334796093048,dirichlet_0.2,,
2384,0.008549394318944917,0.31341258443575243,0.02667699338984241,2.2069892854815464e-05,0.6513389579626054,dirichlet_0.2,,
2385,0.10783557850189239,0.013245445723348863,0.10552240700231741,0.7696171339229605,0.0037794348494808016,dirichlet_0.2,,
2386,0.6149261080495915,0.15319400623601526,0.00013739573511514815,0.014467450060308773,0.21727503991896924,dirichlet_0.2,,
2387,0.7633745239915349,0.0003312371159357709,0.0901090403096706,0.00048764994742727985,0.14569754863543127,dirichlet_0.2,,
2388,0.14463835402414144,0.4684464901907188,0.24233232801502758,0.12179140072225919,0.02279142704785294,dirichlet_0.2,,
2389,0.5486480074352741,0.04362349155858219,0.1811048073804798,0.06727984054700663,0.15934385307865728,dirichlet_0.2,,
2390,0.21389064043623096,0.29625237063273596,0.02801708323471599,0.08601704600959827,0.3758228596867188,dirichlet_0.2,,
2391,0.03689530692830639,0.5323932379991617,0.35972268631857046,0.06066163967179707,0.010327129082164323,dirichlet_0.2,,
2392,0.00010176545227830288,0.2813832399173137,0.6826543269532815,0.03575862125036524,0.00010204642676123627,dirichlet_0.2,,
2393,0.058574049103847545,0.939899712649479,0.0003079460770827682,0.0008798660662430029,0.00033842610334759363,dirichlet_0.2,,
2394,0.00019749378035306952,0.9370093848627851,0.0007708610272013863,0.06191558853355636,0.00010667179610414388,dirichlet_0.2,,
2395,0.0022883416336656084,0.0895065565716351,7.173719294171213e-05,0.9069449068032995,0.0011884577984580603,dirichlet_0.2,,
2396,0.5741737129767963,0.0013780232970797455,0.4011488208740036,0.022912313499092236,0.0003871293530281343,dirichlet_0.2,,
2397,0.5560803483385143,0.40767186126007865,0.01769132165693535,0.0015474975188471628,0.017008971225624506,dirichlet_0.2,,
2398,0.45699629572014616,0.005788416193802692,0.2634171233853163,0.09707654547004924,0.17672161923068574,dirichlet_0.2,,
2399,0.12915772632570718,0.758485502992294,0.11235380385584533,2.9536915495730756e-07,2.6714569987728594e-06,dirichlet_0.2,,
2400,2.4076902821031592e-06,0.8789528366635143,0.06382507601937593,0.05710674661946047,0.00011293300736694188,dirichlet_0.2,,
2401,0.0008477066590745115,0.044685729090672845,2.6093788738044216e-08,0.00021516798515009027,0.9542513701713139,dirichlet_0.2,,
2402,0.13168215333886252,0.2124737151043287,0.3908809099746896,0.2627290650103111,0.0022341565718080538,dirichlet_0.2,,
2403,2.932060286406213e-08,0.30508990165984773,0.003866349178015221,0.298455499080251,0.3925882207612832,dirichlet_0.2,,
2404,0.8714688055564122,1.4928296938635795e-10,0.12144519465065895,0.007085999452060153,1.9158570591217588e-10,dirichlet_0.2,,
2405,0.19936509246153294,0.5886698695490284,7.563204168408448e-08,1.354523382415332e-07,0.2119648269050586,dirichlet_0.2,,
2406,0.04774259980137888,9.673301490608665e-12,0.8358960197844975,0.11636138036884178,3.560856429694996e-11,dirichlet_0.2,,
2407,0.00014795978268553964,0.00015881797161809493,0.8219126685404984,0.17265393309434232,0.005126620610855752,dirichlet_0.2,,
2408,8.52613277236429e-09,0.025964947572135366,0.00021359725386085594,0.0020070780739680164,0.9718143685739028,dirichlet_0.2,,
2409,0.023324894751952777,0.00022799547787734738,0.005350348341173909,0.7326366239721244,0.2384601374568716,dirichlet_0.2,,
2410,1.45091928026511e-06,0.056457560654722315,1.9552429482222914e-06,1.7611274458788564e-09,0.9435390314219217,dirichlet_0.2,,
2411,0.0196147686210562,0.00015676394434280011,0.24104896124309502,0.7041174348741696,0.035062071317336393,dirichlet_0.2,,
2412,0.11347386404845926,0.05842370996620833,2.800024628926489e-07,0.8280981229201752,4.023062694284328e-06,dirichlet_0.2,,
2413,1.5988637942285528e-06,0.00030872897277424037,0.6203936048335853,0.029352193888094825,0.34994387344175126,dirichlet_0.2,,
2414,0.012635550125202752,0.3710238154683855,0.036063196760514574,0.05002385752222305,0.5302535801236741,dirichlet_0.2,,
2415,0.5975565750113863,0.01154384228620675,0.006364314653683235,0.25355390995487537,0.13098135809384848,dirichlet_0.2,,
2416,0.05655825240738503,0.012162556695917244,0.02230608226183922,0.0033995361739248406,0.9055735724609337,dirichlet_0.2,,
2417,0.3206867624732541,0.0013401746636970324,0.09140819001192407,0.3183765644899104,0.2681883083612145,dirichlet_0.2,,
2418,0.39124564689734187,0.030786189923866683,0.011424740169632982,0.5665434230080295,1.1289964644973331e-12,dirichlet_0.2,,
2419,0.00012340574586859797,3.967358118831359e-06,0.9084885549761855,0.012335427741041844,0.07904864417878522,dirichlet_0.2,,
2420,0.14365028727789358,0.12879165429499007,0.01725603205851087,0.7102294810228073,7.25453457981958e-05,dirichlet_0.2,,
2421,0.3879796834950163,0.04617399348701245,0.13572283087049225,1.5498909668474366e-06,0.4301219422565121,dirichlet_0.2,,
2422,0.10127372227326559,3.537307259168603e-06,1.7945118074491413e-05,0.8960229781579563,0.00268181714344452,dirichlet_0.2,,
2423,0.0030962258777816583,0.09046237943514941,0.895234561914769,0.011188851401547531,1.7981370752284657e-05,dirichlet_0.2,,
2424,0.24242868014483349,4.182566701984491e-06,0.4410230627029619,0.3164617490749588,8.232551054385418e-05,dirichlet_0.2,,
2425,0.9961798741518426,0.0007056372818434545,0.0003473046481708664,0.0016143999874210437,0.0011527839307220761,dirichlet_0.2,,
2426,0.8463065713110667,0.02684271227209739,0.00048328651385214186,0.12363895421162611,0.0027284756913578366,dirichlet_0.2,,
2427,0.044586172556413756,0.04396334234695281,0.216773328230644,0.0016069728784977636,0.6930701839874918,dirichlet_0.2,,
2428,5.274097880991797e-05,0.005076503609081077,0.8045954121316656,0.16377658098533668,0.02649876229510687,dirichlet_0.2,,
2429,0.04876277204660832,0.0002210357836907286,0.9468529939619724,0.0025417002992270425,0.0016214979085014836,dirichlet_0.2,,
2430,0.14446072811599414,0.8438019409881744,0.0006602985676323041,0.01106901883751921,8.013490679958475e-06,dirichlet_0.2,,
2431,0.014933543859175403,0.0007329540189391704,0.9794377690789324,0.0035494226139501984,0.001346310429002695,dirichlet_0.2,,
2432,0.13719906062935847,0.26153482267638434,0.022121844010391002,0.010781092554620801,0.5683631801292454,dirichlet_0.2,,
2433,0.04536399987475729,0.11706919853394067,0.2361376677704584,0.5798504520203949,0.021578681800448984,dirichlet_0.2,,
2434,0.00010957651709720256,0.512437659533537,1.38048140527308e-07,0.48745262569001335,2.1121198375769235e-10,dirichlet_0.2,,
2435,0.5859250314519046,0.07287515752176348,0.01024652982832397,0.0008992481494615518,0.3300540330485464,dirichlet_0.2,,
2436,0.061408252814266893,0.015742559190047994,1.2851513175865773e-08,0.08908065731824769,0.8337685178259242,dirichlet_0.2,,
2437,4.4378078866110624e-05,0.3863024511606689,0.007799013404537513,0.24900460008603245,0.3568495572698951,dirichlet_0.2,,
2438,0.058112125727293705,0.0669356048885474,0.001387015082717964,0.8485387607073253,0.025026493594115767,dirichlet_0.2,,
2439,0.017034397570271417,0.17669431554593837,0.02507939760550223,0.7455367396255262,0.03565514965276187,dirichlet_0.2,,
2440,0.034746095766530496,0.5358329279475008,0.3614615017414982,0.05613154789277816,0.011827926651692208,dirichlet_0.2,,
2441,0.01397129153839666,0.0049804659491645325,0.015715447859700058,0.9653185930132677,1.4201639471014983e-05,dirichlet_0.2,,
2442,0.8242849408919976,0.0008945980956210846,0.024124905292881537,0.129077106756318,0.021618448963181856,dirichlet_0.2,,
2443,0.0710128881107237,0.00014865342635688586,0.18054155369029176,1.1611345656365312e-05,0.7482852934269713,dirichlet_0.2,,
2444,0.12890800811846145,0.19421698945778254,0.06169861616562327,0.16807323635989915,0.44710314989823374,dirichlet_0.2,,
2445,0.5213845401786046,0.07363327898119804,0.30398273320590175,0.1009964853309148,2.9623033808851774e-06,dirichlet_0.2,,
2446,0.1913966581112004,0.010505323668557167,0.6107961833264292,0.17009896388771245,0.01720287100610074,dirichlet_0.2,,
2447,0.17105964025382084,8.399820216040593e-05,0.03673984116287433,0.06750364107043733,0.7246128793107071,dirichlet_0.2,,
2448,0.02225980686029247,0.3077735280549053,0.07078130410916839,0.1764006949832219,0.4227846659924119,dirichlet_0.2,,
2449,0.4558060957149553,0.09395414101724894,0.0002948776328303667,3.773785601322911e-05,0.4499071477789521,dirichlet_0.2,,
2450,0.08515068014792848,1.2620229409159613e-05,0.5851935706333946,0.1853064385936747,0.14433669039559308,dirichlet_0.2,,
2451,0.5827462788556951,5.4742163072528034e-05,6.895527030491578e-11,3.978563629455979e-05,0.4171591932759826,dirichlet_0.2,,
2452,0.6412080035061214,0.25922658042402846,0.06685048291681056,0.032649562774312677,6.537037872686418e-05,dirichlet_0.2,,
2453,0.008034577986677826,0.22132370340747465,0.1307537278380627,0.6398713129485761,1.6677819208754556e-05,dirichlet_0.2,,
2454,2.9152163154758006e-05,7.224856503427654e-07,0.01866204311472249,0.19554922746790593,0.7857588547685664,dirichlet_0.2,,
2455,0.4947246263550038,4.323836294994244e-07,0.1844579587135243,0.20106643269069824,0.11975054985714421,dirichlet_0.2,,
2456,0.00020722414221220219,0.0002100673782486759,0.990019445179518,1.5213942272606738e-09,0.009563261778626906,dirichlet_0.2,,
2457,0.0006563484834957096,0.0035639758630149655,1.2175108952417507e-05,0.11414775363922633,0.8816197469053106,dirichlet_0.2,,
2458,0.04597162307554663,0.07755849534507038,0.052471601506330005,0.8199071624397728,0.004091117633280084,dirichlet_0.2,,
2459,0.08315095232926188,2.9482558000048755e-08,5.7036123164359415e-05,0.00021539903487004247,0.9165765830301458,dirichlet_0.2,,
2460,2.919490302678221e-06,0.6052953536053451,2.9173344589300554e-07,0.002919696487897494,0.39178173868300886,dirichlet_0.2,,
2461,0.841888989174668,0.0198050590102439,1.157116153614491e-05,0.10947311325574478,0.028821267397807094,dirichlet_0.2,,
2462,5.563319049198548e-08,0.8898507747733911,0.011453106079507707,3.7606793124391186e-06,0.09869230283459818,dirichlet_0.2,,
2463,0.0022925837068115927,0.3167636100371649,0.6734543644333353,0.00011529030135944372,0.007374151521328729,dirichlet_0.2,,
2464,0.8627437207015838,1.710083133595136e-05,0.0007782148144016543,1.371759543492636e-07,0.13646082647672408,dirichlet_0.2,,
2465,0.0024959083917329952,0.024683775366642423,0.008267194835394972,0.9645530962057305,2.5200499186233624e-08,dirichlet_0.2,,
2466,0.09489232713050903,0.5703627538818723,0.00024525922053278307,0.2852390490875376,0.049260610679548275,dirichlet_0.2,,
2467,0.9165618117810336,0.011002115051733059,4.9190868492807355e-11,0.0001340001405436561,0.0723020729774989,dirichlet_0.2,,
2468,0.491360656119087,0.3147459150151062,0.007078434558605686,0.18666404810566545,0.00015094620153568582,dirichlet_0.2,,
2469,0.014390159056830434,0.2308670009168337,0.0008116628802142246,0.24353035631254097,0.5104008208335805,dirichlet_0.2,,
2470,0.19724711416521856,0.032818599879738224,0.005469564004043254,0.46699168618884096,0.2974730357621589,dirichlet_0.2,,
2471,0.00019062615004723367,3.1815106621690867e-06,0.9861435416858912,0.00517785639847416,0.008484794254925111,dirichlet_0.2,,
2472,0.6662238091694264,0.0011930507164879167,0.19018790099656063,0.14239523852803904,5.894859882506993e-10,dirichlet_0.2,,
2473,0.7935723172971243,0.06272584294453486,0.12067889307615076,0.0038622637117799465,0.01916068297041014,dirichlet_0.2,,
2474,0.003222187164499131,0.09842007877932522,0.8724668066916889,4.317713180112403e-06,0.025886609651306704,dirichlet_0.2,,
2475,0.039189259586504675,0.27309649509644884,0.6145322684781876,0.031050141558264174,0.04213183528059447,dirichlet_0.2,,
2476,0.18013070091111133,0.027558578205699527,0.04394086007215986,0.612257075803098,0.13611278500793123,dirichlet_0.2,,
2477,0.002732980996505047,0.1414890613028718,0.0012983376714689875,0.12851312202434234,0.7259664980048117,dirichlet_0.2,,
2478,0.037546018194938136,0.7989497051218828,0.14412089137222706,0.006195964162931227,0.013187421148020559,dirichlet_0.2,,
2479,9.433054139830359e-08,0.015026419815556984,0.4640914089510552,0.5143003460826402,0.006581730820206062,dirichlet_0.2,,
2480,0.8887957393815483,0.03687765051191718,0.022097634227534368,0.05222402062820246,4.9552507978087826e-06,dirichlet_0.2,,
2481,0.0002692645981174163,0.012190683982385792,0.08655183400194787,0.4801646262997119,0.42082359111783707,dirichlet_0.2,,
2482,0.4420210490251541,1.5877208667561776e-09,9.169763065691896e-06,0.24236102655440814,0.3156087530696511,dirichlet_0.2,,
2483,0.023859541877262837,0.48444896979316987,0.004572881898903591,0.12244417372246567,0.364674432708198,dirichlet_0.2,,
2484,0.46861452196361186,0.10563351405840764,0.0007245822391853646,0.40015288333439425,0.024874498404400817,dirichlet_0.2,,
2485,0.5729352082715709,0.011223457460483761,0.0005490214485638224,0.4129366669717116,0.0023556458476700344,dirichlet_0.2,,
2486,0.6651749735454889,2.825488772478835e-08,0.32947750478106935,0.00534449513228373,2.998286270157375e-06,dirichlet_0.2,,
2487,0.855221145543294,7.646680937511969e-07,0.021004755352345122,0.09557152327206392,0.028201811164203183,dirichlet_0.2,,
2488,0.4732753282912153,0.25219150150042596,0.05859726581521705,0.21593590433946588,5.367572031490356e-11,dirichlet_0.2,,
2489,1.7480081490324453e-07,0.001530245711246459,0.9846059144533922,0.01386365592263224,9.111914300118699e-09,dirichlet_0.2,,
2490,0.01622681011247077,0.1507079306325137,0.02899560872306276,0.692067505759823,0.11200214477212973,dirichlet_0.2,,
2491,0.0007375574571738942,0.3325058607393347,0.04174620267918323,0.13092821727805132,0.4940821618462568,dirichlet_0.2,,
2492,4.2596020755559415e-06,0.01492071221798856,0.0835922013713285,0.751897434780893,0.1495853920277144,dirichlet_0.2,,
2493,7.268748704622364e-05,0.11362117873125088,0.03077135591991686,0.8544751266497236,0.0010596512120625312,dirichlet_0.2,,
2494,0.2938934598199908,0.6984682011286077,6.708881784132354e-07,0.005807134905561004,0.0018305332576621178,dirichlet_0.2,,
2495,0.0001482609634616074,0.00034785192866189574,0.8248528776298033,0.00015009541306503293,0.17450091406500823,dirichlet_0.2,,
2496,0.1666156809624992,0.4570621149980443,0.19121852356266025,0.00048563131559165826,0.18461804916120467,dirichlet_0.2,,
2497,0.04117445162923756,0.7527432750734084,0.059937045930540236,9.162436183072684e-05,0.1460536030049831,dirichlet_0.2,,
2498,0.6810770123328859,0.0029182835122692464,0.012672461305300383,0.2855724373051774,0.017759805544367093,dirichlet_0.2,,
2499,0.5525081330910144,4.417629980369949e-06,0.004289739084488974,0.041313770574089526,0.40188393962042696,dirichlet_0.2,,
2500,3.676773502836557e-05,0.001709092799019171,0.9936798175629947,0.004573327576036152,9.943269216286906e-07,dirichlet_0.2,,
2501,0.007133945982824991,0.7389184437028243,5.541422382555299e-13,0.002045581720525899,0.25190202859327054,dirichlet_0.2,,
2502,0.09407108152113906,1.9349786569577895e-07,0.2813503068774617,0.6243169072494356,0.00026151085409795605,dirichlet_0.2,,
2503,0.6662160663454151,0.0036790432205171734,0.004782619525760052,0.002702362103937375,0.3226199088043704,dirichlet_0.2,,
2504,0.0600693580522452,0.018813160129288894,0.8161891350401074,0.1035981491100465,0.0013301976683121634,dirichlet_0.2,,
2505,0.052659687652550344,0.24484690924715743,0.009861368386782412,0.0016881612742403785,0.6909438734392694,dirichlet_0.2,,
2506,1.3781727471577911e-06,0.6347888385545081,0.06525171967839771,0.2988766625675964,0.0010814010267506788,dirichlet_0.2,,
2507,0.023184082720401743,0.18821647350293563,0.7866711934618549,1.1101608087011603e-05,0.001917148706720737,dirichlet_0.2,,
2508,0.0010797949889978012,0.07498444865348976,3.2924363229215704e-13,0.8856715996644875,0.03826415669269589,dirichlet_0.2,,
2509,0.0002092273781987636,0.22148009776563313,0.030931962590892766,0.6082728322481266,0.13910588001714874,dirichlet_0.2,,
2510,0.24455131139049752,0.08758657364148041,0.004558901287357854,0.0012138548953658417,0.6620893587852984,dirichlet_0.2,,
2511,3.9558407065434423e-08,0.03317594647893835,0.9497652933086306,0.010917966871072722,0.006140753782951221,dirichlet_0.2,,
2512,0.00012360261731614834,7.4587694166727505e-06,0.0002527380399761566,0.373325792865414,0.6262904077078768,dirichlet_0.2,,
2513,0.005504945278730148,0.0014583624557882881,0.0031433341164815655,0.5358416370198916,0.4540517211291082,dirichlet_0.2,,
2514,0.28629396192045625,0.04168729239274816,0.24498878881662495,0.41738731826536996,0.009642638604800649,dirichlet_0.2,,
2515,0.674785979083003,0.0018803828566371671,0.03036834671882463,0.26040370681506947,0.03256158452646594,dirichlet_0.2,,
2516,0.005025021645591616,0.03960343840873187,0.08537314575993978,5.562169417986989e-05,0.8699427724915568,dirichlet_0.2,,
2517,0.12892704470538144,0.00010780789634172489,0.7845538164372727,0.028344775788409268,0.058066555172594965,dirichlet_0.2,,
2518,0.4701016501484529,0.19829569697866867,0.034215129155665575,0.24665448930999898,0.05073303440721391,dirichlet_0.2,,
2519,0.4243862845856227,0.006565576619282421,0.3140700736932852,0.10450484616992528,0.15047321893188434,dirichlet_0.2,,
2520,7.14816205944758e-06,0.10777113276249305,0.44924315522885516,0.44296627368216984,1.2290164422511479e-05,dirichlet_0.2,,
2521,0.003977516130641768,0.9758683615898737,0.002218488610843439,0.0003018671568911878,0.017633766511749905,dirichlet_0.2,,
2522,0.40029822911107166,0.053234040611724,0.001666970324496199,2.4737453925081855e-06,0.5447982862073159,dirichlet_0.2,,
2523,0.11718577005200745,0.867982740211403,0.010918619704500419,0.003912867865236306,2.166852867685878e-09,dirichlet_0.2,,
2524,0.7078230701209582,0.02020540761689534,0.24502334279725027,3.8798841291680306e-05,0.026909380623604342,dirichlet_0.2,,
2525,0.39283789992154017,0.0133578653592507,6.66716617085921e-10,0.5927715770778095,0.0010326569746830108,dirichlet_0.2,,
2526,3.719450782545285e-05,0.9954746818465809,0.00018047790465377218,0.00013577229616566617,0.004171873444774186,dirichlet_0.2,,
2527,0.0007136799581291208,0.9904198893946823,0.003760603321664046,0.005029399834457695,7.642749106677045e-05,dirichlet_0.2,,
2528,0.014412596638118912,0.001001373396097265,0.0020897234518230893,0.9204192048179296,0.06207710169603111,dirichlet_0.2,,
2529,0.0003237571783041065,1.2964684017088497e-06,0.1224707125608225,0.8772037796837829,4.541086887497042e-07,dirichlet_0.2,,
2530,0.13970349788934974,0.04781166384351715,0.3377394481491205,0.47070526539844704,0.004040124719565307,dirichlet_0.2,,
2531,0.10941200169573495,0.5950486530635163,0.07169708923624016,0.158324691902442,0.06551756410206663,dirichlet_0.2,,
2532,0.8124024189378944,0.0014723967321452192,0.0024290281619505,0.003263070980088579,0.18043308518792114,dirichlet_0.2,,
2533,0.49352972751298363,0.01745184740524105,0.48629176612006575,0.000993483721851576,0.001733175239858079,dirichlet_0.2,,
2534,2.0140528138729182e-05,0.04240675075785798,0.0004362296242654942,0.002935044346663097,0.9542018347430747,dirichlet_0.2,,
2535,0.0004936772456819946,0.12246325338996723,0.005912537508164381,0.042745468931962974,0.8283850629242234,dirichlet_0.2,,
2536,0.00026166781390755603,0.9350268376994105,0.04837130501140586,0.00830991408632866,0.008030275388947357,dirichlet_0.2,,
2537,0.010646493034828298,0.6357871052077162,0.3250558348207259,9.877156636437733e-06,0.028500689780093222,dirichlet_0.2,,
2538,0.0005961788240290831,0.3003580458688029,0.6562863825415598,0.029980599804059666,0.012778792961548414,dirichlet_0.2,,
2539,0.12711538215564921,0.0020909253317326314,0.8701761595990515,7.40658968631646e-05,0.0005434670167035037,dirichlet_0.2,,
2540,0.0003789792443113472,0.6272993369127414,6.092109708094409e-07,0.37014426013772445,0.002176814494252231,dirichlet_0.2,,
2541,0.017249764056055238,0.9034799119026468,0.011054295223382273,0.06804867935047644,0.00016734946743924152,dirichlet_0.2,,
2542,0.5478681883835511,0.21800783824378567,0.2306083164221274,3.0594181501132455e-05,0.00348506276903471,dirichlet_0.2,,
2543,0.08090468802985017,0.00011595695332582629,0.1118410096256233,0.8071383453852441,5.95657407373255e-12,dirichlet_0.2,,
2544,5.2032012739596225e-06,2.122875702220983e-12,0.3043708365152197,0.14626770765362995,0.5493562526277536,dirichlet_0.2,,
2545,0.00017014480878899672,0.0019622936656518665,5.68763819084738e-05,0.2035220535035923,0.7942886316400585,dirichlet_0.2,,
2546,0.0010986485392316557,0.06384301652482134,3.7635399139934075e-08,0.00031376338942407523,0.9347445339111238,dirichlet_0.2,,
2547,0.4247610247271948,0.0003163298363443218,0.56464787812272,0.0011769748677661963,0.009097792445974582,dirichlet_0.2,,
2548,0.14807717418563832,0.39309778354470615,0.009496438105697889,0.44826166497850783,0.001066939185450018,dirichlet_0.2,,
2549,0.0011390760549635911,0.9979086675711527,0.0009469380802410559,4.614635294535883e-06,7.036583481452657e-07,dirichlet_0.2,,
2550,3.5197447161704645e-06,0.4039302891429446,0.002057749593133818,0.2249162004658861,0.36909224105331934,dirichlet_0.2,,
2551,0.0073254039801144534,0.4933949053957134,0.06090354146123482,0.018377983406958003,0.4199981657559795,dirichlet_0.2,,
2552,0.5029067651527769,0.020164168431591755,0.01991441077026868,0.4431743424652742,0.01384031318008855,dirichlet_0.2,,
2553,4.1246454370900325e-05,0.04575437280679459,0.1083304810352801,0.43191178700658994,0.41396211269696437,dirichlet_0.2,,
2554,0.00046889132787046,1.7670032286007265e-08,0.9679973484168186,0.028207196040071148,0.003326546545207648,dirichlet_0.2,,
2555,0.030389500691542313,0.15145493017976625,0.5417835074022727,1.273000558574169e-05,0.27635933172083305,dirichlet_0.2,,
2556,0.040770760249231305,6.183693194422123e-05,7.011318022384497e-07,1.1332912424996786e-05,0.9591553687745972,dirichlet_0.2,,
2557,0.8898013307639092,5.974432827616607e-08,0.10195131143743018,0.0001203694609397434,0.008126928593392401,dirichlet_0.2,,
2558,0.5370045571192011,0.01197640580725174,0.18560697705829354,0.2653189406626571,9.311935259655367e-05,dirichlet_0.2,,
2559,0.0006538887234307793,0.5628050255417236,3.5893398452214854e-11,0.09282020810012317,0.34372087759882897,dirichlet_0.2,,
2560,1.5897361127230117e-05,0.02651641682169874,1.7351330806314224e-08,0.1023796864990019,0.8710879819668413,dirichlet_0.2,,
2561,2.4764456458973035e-05,0.04024167904299828,0.01213079860831736,0.24053377188071864,0.7070689860115066,dirichlet_0.2,,
2562,0.18105537232191896,0.018416556248817283,0.27292158910521597,0.5060517543634128,0.02155472796063505,dirichlet_0.2,,
2563,0.9979094246795076,0.0001888820201985103,0.001346784658686263,1.3480648981193889e-06,0.0005535605767096194,dirichlet_0.2,,
2564,0.012189185417322602,0.16520912413710348,9.337749450867923e-05,0.010921406527259356,0.8115869064238059,dirichlet_0.2,,
2565,0.0008973588249195975,0.3246442271198677,0.0036473708775876593,0.6704531609652539,0.0003578822123711973,dirichlet_0.2,,
2566,0.0002585971197759277,0.009096945165450374,0.6569521352076828,0.00084131011687273,0.3328510123902182,dirichlet_0.2,,
2567,0.9984825635529353,3.741873217873149e-05,0.0004591729956694683,5.1923980237175205e-06,0.001015652321192748,dirichlet_0.2,,
2568,0.09175613259313421,0.16515548830276638,0.29086662083731973,0.000234521811969035,0.45198723645481054,dirichlet_0.2,,
2569,0.00046610622451635195,0.03688940458676999,0.0017492496663295486,0.05685575192951933,0.9040394875928647,dirichlet_0.2,,
2570,0.007901537072120265,0.0010376243498797701,0.616764993624918,0.2179149408697275,0.15638090408335437,dirichlet_0.2,,
2571,0.13401198418599095,0.04025022352518784,0.13320751361898608,0.09080483001315287,0.6017254486566823,dirichlet_0.2,,
2572,0.0782506329382371,0.05488974270780852,0.00022782723826446453,0.016079373026224485,0.8505524240894653,dirichlet_0.2,,
2573,0.24210901741647695,0.0011197328207796988,0.11471936396767157,8.570742023092777e-05,0.641966178374841,dirichlet_0.2,,
2574,0.2439769133396933,0.032066653386295586,0.30748884587841646,0.0697322609723326,0.34673532642326216,dirichlet_0.2,,
2575,0.11996890576920158,0.021381800882738465,7.33873373015185e-07,0.19219697200963143,0.6664515874650555,dirichlet_0.2,,
2576,0.007783448819172622,0.0003069118791387649,0.9843948272379708,4.501021781432413e-05,0.007469801845903508,dirichlet_0.2,,
2577,0.11702925031567625,0.41194886716752716,0.43610876766792167,0.03490376691631716,9.347932557687756e-06,dirichlet_0.2,,
2578,0.014681862198054974,0.031634228626941444,0.004331276304750865,0.9493526327300397,1.4021287302803134e-10,dirichlet_0.2,,
2579,8.522925274421618e-06,0.15953643226217604,0.4874155637803907,0.001142344104431282,0.3518971369277274,dirichlet_0.2,,
2580,0.24173457576360544,9.759163000492531e-05,0.05574808308991516,3.824171254918299e-05,0.7023815078039252,dirichlet_0.2,,
2581,0.0010231268261325895,0.10614622044237679,0.8051196799302666,5.7896850341944065e-05,0.08765307595088218,dirichlet_0.2,,
2582,8.713510036717256e-07,8.84507409170703e-05,0.34402222442614955,0.07365832933450275,0.5822301241474269,dirichlet_0.2,,
2583,0.5155046994966423,0.2795288351147027,0.004813915616518904,0.07900722912878483,0.12114532064335115,dirichlet_0.2,,
2584,0.935115814075002,0.0018653125425298945,1.5952899175303648e-05,0.06265620377686616,0.00034671670642675683,dirichlet_0.2,,
2585,2.939572484770234e-06,0.19541568460933464,0.5113253726468124,0.2896107038681325,0.003645299303235603,dirichlet_0.2,,
2586,0.3490685231654904,0.01551324264835451,0.024569026286177166,0.6108459246693835,3.2832305945492746e-06,dirichlet_0.2,,
2587,0.001769679489556988,0.22324833404895553,0.28053599679345853,0.027223040820798496,0.4672229488472304,dirichlet_0.2,,
2588,0.4142383011263651,0.0001274567510936559,0.08896618461539052,0.4965990549295392,6.900257761156847e-05,dirichlet_0.2,,
2589,0.1423022501982663,0.6509290785205358,0.13549155237778235,0.0675815553623815,0.0036955635410341,dirichlet_0.2,,
2590,0.05730934279009968,0.9115049835502568,0.0031632257443341616,0.02644406270912804,0.0015783852061815211,dirichlet_0.2,,
2591,0.008895641668446135,0.0024800304685245796,0.4849260273697684,0.3013497484116349,0.2023485520816258,dirichlet_0.2,,
2592,0.024332770336707058,0.06659924814964455,0.8957304984274622,0.0003361422915006148,0.013001340794685573,dirichlet_0.2,,
2593,0.6779036250636469,0.07131529078244747,0.0025590419749621854,3.9090191493960797e-10,0.24822204178804158,dirichlet_0.2,,
2594,0.01181967457023911,0.0003887096704463008,0.5124040436344959,0.45650952913286447,0.018878042991954325,dirichlet_0.2,,
2595,0.00013080340535756105,0.3616635976428396,0.49374591727377365,0.1444549179686819,4.763709347314592e-06,dirichlet_0.2,,
2596,0.0013194584387655247,0.7075109634023051,0.002851749414919838,0.005235032585464227,0.28308279615854537,dirichlet_0.2,,
2597,5.533469550567049e-09,0.13660600088831598,0.7721570795503894,2.3747040386088666e-09,0.09123691165312116,dirichlet_0.2,,
2598,0.15814814006408698,0.0034809774637801923,0.2698108048931288,0.027243422460007386,0.5413166551189966,dirichlet_0.2,,
2599,0.5596948875360335,4.598038705254187e-05,0.025379725401426058,0.015236831074835573,0.39964257560065236,dirichlet_0.2,,
2600,0.8686054000974492,8.587922309096932e-07,0.001448315898503526,0.02350178838829273,0.10644363682352356,dirichlet_0.2,,
2601,0.0018055345100718532,0.00028870623375802727,0.01140091009638569,0.04798565698600591,0.9385191921737784,dirichlet_0.2,,
2602,0.2127624905268018,0.039364584163987144,0.7072818657227922,0.028980907328068684,0.01161015225835012,dirichlet_0.2,,
2603,0.03870837558494293,5.997978737929685e-07,0.007800401219132032,0.32715425560591976,0.6263363677921315,dirichlet_0.2,,
2604,0.7845432831795481,0.035186542245988044,3.515521068201402e-05,0.18018278379645428,5.2235567327604e-05,dirichlet_0.2,,
2605,0.0010660222692766138,0.016685919534323853,5.700672055942938e-09,4.1881847330750044e-11,0.9822480524538456,dirichlet_0.2,,
2606,0.13868576861264814,0.0625696829429037,0.7557213701732312,2.8312414195092108e-08,0.043023149958802874,dirichlet_0.2,,
2607,0.0010059121594433941,0.0003683501331742183,0.3653833980839784,0.25881628129431045,0.3744260583290934,dirichlet_0.2,,
2608,0.004473880575565798,0.4271208456775417,0.388852419193908,0.02167869041462764,0.1578741641383568,dirichlet_0.2,,
2609,0.11939521021467077,0.8495794271345842,0.013719710401319158,4.089729916207534e-06,0.01730156251950954,dirichlet_0.2,,
2610,0.9429851308181578,0.00223765047961308,0.02302447117395532,3.1624444686505854e-05,0.03172112308358723,dirichlet_0.2,,
2611,0.0006238965463533769,8.25742737718003e-05,0.16117618862181146,0.15655596502793837,0.6815613755301251,dirichlet_0.2,,
2612,0.02617427148006733,0.9486659984723343,0.02501008027792175,8.24149518212677e-05,6.723481785542423e-05,dirichlet_0.2,,
2613,0.008888948580843098,5.091717018232838e-06,0.07154489434788924,0.01294727742251888,0.9066137879317305,dirichlet_0.2,,
2614,0.1477551100562482,0.03160631657447853,0.6256320219707697,0.06364003397075663,0.1313665174277469,dirichlet_0.2,,
2615,1.8543409637142762e-06,0.12787749717301997,0.6948046516695568,0.1767488877929033,0.0005671090235563443,dirichlet_0.2,,
2616,0.3091346527206537,0.28831782972563375,0.09805295000024883,0.30449448025171344,8.730175012961079e-08,dirichlet_0.2,,
2617,0.0301790150470679,0.4623230795598632,0.42428717608795263,1.909913959854021e-07,0.08321053831372024,dirichlet_0.2,,
2618,0.007049041011110636,0.044617379218123636,0.6896803596984654,0.014680625417536765,0.24397259465476356,dirichlet_0.2,,
2619,0.9317525248747148,3.4112190063456985e-05,0.000945258128649946,0.004475814739314574,0.06279229006725713,dirichlet_0.2,,
2620,0.13236643478747773,0.17151202494809542,0.0017672039066750427,0.6942723438950941,8.199246265791916e-05,dirichlet_0.2,,
2621,0.042818506845607035,0.320574117621435,7.281404651045865e-05,0.6360511188586255,0.0004834426278219666,dirichlet_0.2,,
2622,3.561017242382465e-08,0.0010569489139980598,0.8193284596801121,0.1383321668002444,0.04128238899547302,dirichlet_0.2,,
2623,9.165121450285953e-06,7.793804974112887e-05,0.22154460443930188,0.3017943551173113,0.4765739372721954,dirichlet_0.2,,
2624,0.6139682642617664,0.0017560079443432847,0.00010796418441394021,0.0005562368971304033,0.38361152671234605,dirichlet_0.2,,
2625,0.8341804638747334,0.0006401932927802571,0.004968860574545964,0.16004414309364376,0.00016633916429678727,dirichlet_0.2,,
2626,0.10269278894815612,0.8829956829959044,5.143256811165001e-05,4.5609984595802155e-06,0.014255534489368405,dirichlet_0.2,,
2627,0.06745137063797113,0.00662958469621959,0.9108692028292515,0.01504980014487799,4.169167969415698e-08,dirichlet_0.2,,
2628,0.01202842812278453,0.6284618115132939,0.3339410132558318,0.0009121490958523418,0.02465659801223732,dirichlet_0.2,,
2629,0.25655311597036967,0.7196884249333196,0.02341841304790333,3.402981876796527e-05,0.00030601622963919773,dirichlet_0.2,,
2630,0.0003007841486231361,0.0030125843580469567,0.020145159115025187,0.9765413215589209,1.5081938377803508e-07,dirichlet_0.2,,
2631,0.116452978739411,0.051672935249162374,0.7122567943905929,6.38984101261986e-05,0.11955339321070751,dirichlet_0.2,,
2632,0.01054157157886532,0.1996164538406158,0.06363619804362107,2.1949412413526364e-05,0.7261838271244841,dirichlet_0.2,,
2633,0.00033912745725307025,0.4700875528563703,7.055206334023633e-05,0.5285024792625763,0.0010002883604599865,dirichlet_0.2,,
2634,0.0006659389718027954,0.00015202940100270953,0.10384637695649075,0.8933746273560292,0.0019610273146744507,dirichlet_0.2,,
2635,0.022361644351669433,0.00025185171751152896,0.9740043837194015,8.853978647606288e-05,0.003293580424941433,dirichlet_0.2,,
2636,0.00025804581033933745,0.14767781994971838,0.807527030073499,0.044264223370531396,0.0002728807959120125,dirichlet_0.2,,
2637,0.01571924089333134,0.9813695021539561,1.7489256052516556e-07,0.00011903132246559738,0.0027920507376864093,dirichlet_0.2,,
2638,0.6538773207877618,0.0020154711559345383,0.016743292773938906,0.3261932775434957,0.001170637738868978,dirichlet_0.2,,
2639,0.2245540962185015,0.02069345047511482,0.0004258224350755916,0.6355432676108523,0.11878336326045569,dirichlet_0.2,,
2640,0.7668931889286802,0.033306156507733525,1.5392354815414594e-09,0.18358202181399652,0.01621863121035436,dirichlet_0.2,,
2641,0.0822901173332915,0.072996770131806,0.8392397049945601,0.004190046405691773,0.0012833611346505882,dirichlet_0.2,,
2642,4.454161767693901e-07,0.5092711797469694,0.4656399842599333,0.024931866356563057,0.00015652422035749417,dirichlet_0.2,,
2643,0.00014253251757853058,0.020270396685999354,0.0008737148343872603,3.075986414609859e-05,0.9786825960978887,dirichlet_0.2,,
2644,0.4900308176134661,0.180669868423743,0.29501440696451525,1.2892379546706494e-05,0.03427201461872879,dirichlet_0.2,,
2645,1.7425427099007507e-05,0.009501866867950005,0.0011171438474052659,0.9888533889751924,0.0005101748823533444,dirichlet_0.2,,
2646,0.014945280996623787,0.27078317085137144,0.005958397640022802,0.0005026164200794375,0.7078105340919025,dirichlet_0.2,,
2647,0.00030149273173388024,0.8978633569095177,0.05481600524857945,0.045304053243671115,0.001715091866497944,dirichlet_0.2,,
2648,0.569820786211735,0.0014311997257999125,0.006902235289408629,0.05629463905151218,0.36555113972154424,dirichlet_0.2,,
2649,0.039846946500517885,0.33835154894552105,0.11304924318905618,0.31398260195261124,0.19476965941229368,dirichlet_0.2,,
2650,0.0010894662846896027,0.0049003248969899825,0.4541378445686592,0.539630089584241,0.00024227466542032318,dirichlet_0.2,,
2651,0.18242054518821835,0.042273598403373934,0.1076086811550171,0.6120596508027638,0.05563752445062681,dirichlet_0.2,,
2652,0.03891545550868316,0.029126149864700645,0.042538393792360685,0.7421555769259462,0.14726442390830935,dirichlet_0.2,,
2653,0.09046027460319687,0.17665142865612965,0.5186863038625071,0.027403210068577055,0.18679878280958928,dirichlet_0.2,,
2654,1.0349972801242923e-05,1.1472950356428295e-06,0.9999506090280057,3.564683854535045e-05,2.2468656120837604e-06,dirichlet_0.2,,
2655,0.0016278309675252707,0.15131017138096467,0.8351699670156256,0.01188153537522882,1.0495260655504424e-05,dirichlet_0.2,,
2656,0.7889439118774861,0.08429283539038215,0.04783656170738466,0.02606370110876262,0.052862989915984454,dirichlet_0.2,,
2657,0.5151315836157765,0.015450542446357718,4.350754735543872e-13,0.4532687273462766,0.016149146591154274,dirichlet_0.2,,
2658,0.04948243864743934,0.370634609434175,0.23799504068169586,0.004682736515466666,0.33720517472122324,dirichlet_0.2,,
2659,7.143634544293578e-06,0.15398082773854188,0.1152814192088032,2.421298842301701e-06,0.7307281881192683,dirichlet_0.2,,
2660,0.0003305935718819753,1.7359224792865187e-05,0.00035260104074577174,0.004505980823072766,0.9947934653395065,dirichlet_0.2,,
2661,0.11527482014496022,0.22427902365941635,0.6162264707432209,0.04384031950810978,0.0003793659442926118,dirichlet_0.2,,
2662,0.25344008086772,0.3294988721771403,0.413106115709736,0.003947499077685956,7.432167717734548e-06,dirichlet_0.2,,
2663,0.00040065223548955726,0.28940927290018303,0.054710800099549116,0.47465981471643115,0.18081946004834706,dirichlet_0.2,,
2664,0.11734952511271635,4.122031591401946e-09,0.006901303343750978,0.8622573350726963,0.013491832348804739,dirichlet_0.2,,
2665,0.704869463237041,0.03801110559854054,0.1858617727197586,0.04638053431262171,0.024877124132038207,dirichlet_0.2,,
2666,0.0007253329453727228,0.10866966728857343,0.33584451605208243,0.008025501403475693,0.5467349823104957,dirichlet_0.2,,
2667,0.27277828588427294,0.22245342471133533,0.0010906051614312108,0.00933768534873757,0.4943399988942229,dirichlet_0.2,,
2668,8.503127480170271e-06,0.00515112782621006,0.020565508452529548,0.015850935871648004,0.9584239247221322,dirichlet_0.2,,
2669,0.0012955521789614623,0.054427580028642154,0.9430298139190101,0.0004020409829035829,0.000845012890482721,dirichlet_0.2,,
2670,0.01223473591006384,0.00018507783167991552,0.1245776109098831,0.5200254291352865,0.3429771462130866,dirichlet_0.2,,
2671,5.059057562501082e-05,2.5297895400241854e-07,0.0038240416098993904,0.9961221843814843,2.930454037191132e-06,dirichlet_0.2,,
2672,3.790367684922337e-09,0.7596078652111146,0.036483732455866266,0.0007501385278784721,0.20315826001477305,dirichlet_0.2,,
2673,0.08540414476121591,0.4059381623021866,0.23879860620515983,0.11338595939452087,0.15647312733691676,dirichlet_0.2,,
2674,0.06977840210482046,0.28037253257683176,2.6923067233725047e-06,0.11643449993465134,0.5334118730769731,dirichlet_0.2,,
2675,5.718446788210942e-05,0.5887193206805973,0.008463291900256567,0.08100255225010385,0.32175765070116014,dirichlet_0.2,,
2676,4.809366831070953e-05,0.757729410730961,0.04792550840037609,0.1939086957038531,0.0003882914964992009,dirichlet_0.2,,
2677,0.1785662449184481,2.757001236818707e-05,0.7631406543171007,0.0376983891291311,0.02056714162295185,dirichlet_0.2,,
2678,0.06826089760172988,0.00011840692520488992,0.133791121208788,0.7975564321963885,0.0002731420678888938,dirichlet_0.2,,
2679,3.801594443168137e-05,0.08922325812226797,5.885864052511821e-05,1.5738741319233796e-06,0.9106782934186434,dirichlet_0.2,,
2680,1.0879024285874629e-05,0.6130515552308088,0.21857879310591752,0.012382472426693889,0.15597630021229386,dirichlet_0.2,,
2681,0.0394495873073877,0.053195039580136765,0.4963742119801755,0.2411800984330059,0.16980106269929415,dirichlet_0.2,,
2682,0.01256916322320583,0.8884403081875308,0.07669808568955838,5.4603062570840916e-05,0.022237839837134187,dirichlet_0.2,,
2683,0.00011868994303169709,0.0028701049142249154,2.4306681625761605e-09,0.8633740464970573,0.133637156215018,dirichlet_0.2,,
2684,0.14105079462639628,0.6016655343332591,0.08427203940276018,0.10868819922095423,0.06432343241663022,dirichlet_0.2,,
2685,0.004209542659905849,0.0014124765963894098,1.935971468766861e-05,5.617416576107396e-08,0.9943585648548513,dirichlet_0.2,,
2686,0.00017051146630778102,0.15657105997940307,4.1775750192098583e-10,2.1832931966871206e-05,0.8432365952045647,dirichlet_0.2,,
2687,0.22213207579109634,0.006101412280152282,0.5827694968419737,0.1887842703288049,0.0002127447579727146,dirichlet_0.2,,
2688,1.1804318179320501e-06,0.03770009779573248,3.069324663114439e-07,4.146081259941765e-08,0.9622983733791707,dirichlet_0.2,,
2689,0.04273949420669682,0.9289697231642722,1.233899319078132e-06,0.027947599377784578,0.0003419493519274183,dirichlet_0.2,,
2690,0.3939528016655466,0.2501028973466598,0.04036067167913692,0.30170652480736737,0.013877104501289391,dirichlet_0.2,,
2691,0.011391429686024279,0.6647218249146994,0.10247962086118098,0.13884271997174727,0.08256440456634807,dirichlet_0.2,,
2692,0.22588965253273305,0.443014814140125,0.3309933882163574,7.303613769965522e-06,9.484149701453076e-05,dirichlet_0.2,,
2693,0.019394521981217848,0.00015389552980793817,0.012864874214408304,0.19097135947240254,0.7766153488021633,dirichlet_0.2,,
2694,0.02104112285231255,0.0158952096622378,0.03923260655723589,0.0003718450844612155,0.9234592158437526,dirichlet_0.2,,
2695,0.09822216864860339,0.43845271584128,0.2194518932179679,0.02022131806915626,0.22365190422299247,dirichlet_0.2,,
2696,0.48256590114645515,0.1289082625336692,0.31969771263966434,2.3344191525268793e-10,0.06882812344676945,dirichlet_0.2,,
2697,0.03383179622593789,0.0006730617619756989,0.0006647519631735181,0.003976022669652588,0.9608543673792602,dirichlet_0.2,,
2698,0.003500327070145295,4.849596954148482e-10,0.5055318698032345,0.0012529029794952165,0.4897148996621652,dirichlet_0.2,,
2699,0.6321596792144856,0.0010666186941787486,0.36300637069432373,5.0618225547211106e-17,0.0037673313970120075,dirichlet_0.2,,
2700,0.008931790139654486,0.1555672814028071,0.6892862743610666,0.14560631942023036,0.0006083346762416069,dirichlet_0.2,,
2701,2.0524495789625316e-05,0.056147404359794297,0.9422938709394523,1.4034033389653103e-08,0.0015381861709304302,dirichlet_0.2,,
2702,1.6538763683283444e-05,0.026490355619288895,0.6685123900002424,0.20045498710729684,0.10452572850948863,dirichlet_0.2,,
2703,0.18225778485268257,0.5170011592724185,0.06342433267877066,2.4166856233774924e-09,0.23731672077944269,dirichlet_0.2,,
2704,0.7070560960586452,0.00010979367205308108,0.29230621891568337,0.0002606048058101745,0.00026728654780809033,dirichlet_0.2,,
2705,0.10652946639306322,0.06207123273040058,0.001401648624490508,0.7727882365748301,0.05720941567721555,dirichlet_0.2,,
2706,0.2437055961199252,0.002495396864576641,0.001582203280525072,0.7522168007514176,2.9835555981425e-09,dirichlet_0.2,,
2707,0.9342493944057799,0.003166345744464772,0.06165107319321723,0.00017672895147118338,0.0007564577050667903,dirichlet_0.2,,
2708,0.10465693876159896,0.16622450044664744,0.26616343129128767,0.21837263902314125,0.24458249047732464,dirichlet_0.2,,
2709,2.3636720454148053e-05,0.48739911984832723,0.08574951366369879,0.4266933042894095,0.00013442547811026297,dirichlet_0.2,,
2710,1.0625402139331587e-05,0.05337022591939991,0.6157673149897948,0.08483899382756921,0.24601283986109676,dirichlet_0.2,,
2711,0.0002225645922448464,0.11444318840023256,0.4737626144202884,0.0278274472899776,0.3837441852972567,dirichlet_0.2,,
2712,0.2563836781642604,0.014442032739240199,0.6282466674358905,0.00021534380637190656,0.10071227785423688,dirichlet_0.2,,
2713,0.20283366608046702,6.53264445534788e-05,0.008106701463854164,0.5421495036395205,0.24684480237160467,dirichlet_0.2,,
2714,0.8555723773960074,0.0003158844306843603,0.13400864021926026,0.00809890989227239,0.002004188061775673,dirichlet_0.2,,
2715,0.09542455020484017,0.7910643694336953,0.0010793651816813357,0.1124155522438949,1.6162935888274212e-05,dirichlet_0.2,,
2716,5.575526398211025e-07,0.006628118709030234,0.16073700107361807,0.19656395865035972,0.6360703640143522,dirichlet_0.2,,
2717,1.846822265199295e-08,0.06090135517075954,0.8283835129100527,0.1021534086017065,0.008561704849258549,dirichlet_0.2,,
2718,0.035123905979035044,0.10895286835777065,0.00036757161113106326,0.7095348710605679,0.14602078299149523,dirichlet_0.2,,
2719,0.4843624013471899,0.02684887526654088,4.208391913784053e-06,0.00561174812948887,0.48317276686486654,dirichlet_0.2,,
2720,0.20931783892215255,9.384619689680813e-06,0.0066916146363570446,0.08928469874886819,0.6946964630729324,dirichlet_0.2,,
2721,0.13530857934878818,1.660541950506305e-06,9.606095675662e-09,0.24852011209991764,0.616169638403248,dirichlet_0.2,,
2722,0.5241874010042396,0.012119305332702807,0.001794729309181602,0.4618947821689777,3.78218489854261e-06,dirichlet_0.2,,
2723,0.0006311063813297282,2.0753066271141686e-07,0.9769081144345045,0.00492559844697946,0.017534973206523616,dirichlet_0.2,,
2724,3.3701185467522926e-05,0.8856772055029422,0.11252204197379864,0.0013438886583544568,0.0004231626794372011,dirichlet_0.2,,
2725,9.276128979179472e-05,0.8516986015523299,0.0010198326169205206,0.021304938053551697,0.12588386648740607,dirichlet_0.2,,
2726,0.02931102942820394,0.3778903727464734,0.2605350325614659,3.905180341761071e-06,0.33225966008351493,dirichlet_0.2,,
2727,0.022924039482990537,0.11702425988992994,0.5653307190984413,0.14909371267010116,0.14562726885853716,dirichlet_0.2,,
2728,0.9831086718208484,0.014354584370068573,0.0005069981807555824,0.001645619488557648,0.0003841261397698232,dirichlet_0.2,,
2729,0.1809687073891833,4.053915063611232e-06,0.7737876083986951,0.010401128243460305,0.03483850205359776,dirichlet_0.2,,
2730,0.033026016018894065,0.07939211090026746,0.3475401686988124,0.14138006331803135,0.3986616410639948,dirichlet_0.2,,
2731,0.7902742103280951,0.0052422201010641715,0.0005836565970204374,0.16822948609021676,0.0356704268836036,dirichlet_0.2,,
2732,0.0001815836684896809,0.3676854838856608,0.5327218094578805,0.05787403995389982,0.041537083034069146,dirichlet_0.2,,
2733,0.000730383371069174,8.342261779762035e-05,0.9928708225808033,1.8011872482026466e-16,0.006315371430329755,dirichlet_0.2,,
2734,0.0024264316691626295,0.023271246205030766,0.06875155788387416,1.1138444062137107e-05,0.9055396257978703,dirichlet_0.2,,
2735,0.2274819852665695,0.24353924910015612,4.321159354482254e-07,0.5207695658348775,0.00820876768246144,dirichlet_0.2,,
2736,0.8696461763381791,0.0008721932526221624,0.0031643278786584713,0.014137734093180719,0.11217956843735964,dirichlet_0.2,,
2737,0.11431438190986182,0.0014568890171583007,0.12022730970205124,0.7636135441860505,0.00038787518487832937,dirichlet_0.2,,
2738,0.9518041929712097,0.0111288323509939,1.5888206388586128e-06,0.03676103012330071,0.00030435573385681036,dirichlet_0.2,,
2739,0.0007954536820228008,0.7014305656190492,0.00025808247240233375,0.07308755504244281,0.22442834318408283,dirichlet_0.2,,
2740,0.45808574671273,0.12147186758667472,0.0019782229953674894,0.4184641566816349,6.023592946318611e-09,dirichlet_0.2,,
2741,0.5956339341460293,0.0970037240813747,0.30700586812982666,6.566193196209033e-10,0.00035647298614991383,dirichlet_0.2,,
2742,0.001247123890854417,0.17005907975744886,0.5608848872037432,0.021654110155649085,0.2461547989923043,dirichlet_0.2,,
2743,0.13028294160353823,0.5671478579178906,0.3011205988770628,0.0014486013992764364,2.0223216777861562e-10,dirichlet_0.2,,
2744,0.015204828797347648,0.24375232495630958,0.0007952416888573027,0.05256159972211711,0.6876860048353683,dirichlet_0.2,,
2745,0.7527155316369155,6.691455209453389e-06,0.19705288657084846,0.005790846273477642,0.04443404406354899,dirichlet_0.2,,
2746,0.003738809300631211,9.189517698583902e-05,0.0038259016415722676,0.30863365409861393,0.6837097397821967,dirichlet_0.2,,
2747,0.30048124617823607,3.522942877735381e-05,0.3797617344848475,0.0027323964900781736,0.3169893934180609,dirichlet_0.2,,
2748,0.017135470862950405,0.00012638962003921404,0.004004087376827756,0.027849361503294277,0.9508846906368884,dirichlet_0.2,,
2749,0.7059754308994625,0.0017236378824725394,0.24141710237827096,1.5297590140002411e-06,0.05088229908077998,dirichlet_0.2,,
2750,0.36677917700666374,0.0003397751844029379,0.0007477316801377764,1.3492068905669593e-10,0.6321333159938749,dirichlet_0.2,,
2751,0.00033435227735065394,0.1397259085820926,0.3178680450738146,0.4729390684408847,0.06913262562585731,dirichlet_0.2,,
2752,0.01381286893554486,0.01108041389122927,0.7410528267873397,0.227427916351503,0.006625974034382936,dirichlet_0.2,,
2753,0.00013004384809628102,0.06916462231584332,0.18243694884264064,0.012603696503505143,0.7356646884899146,dirichlet_0.2,,
2754,0.32266405123189723,0.00025459918918529096,0.6236210084571719,0.04990051210050316,0.0035598290212421955,dirichlet_0.2,,
2755,0.05127520531051849,0.743763201007652,0.19647638120065056,0.008426308251141271,5.890423003762963e-05,dirichlet_0.2,,
2756,2.669816811947804e-05,0.00011934279016184604,0.345503870452539,0.5646625627777114,0.08968752581146813,dirichlet_0.2,,
2757,0.0002716616054469678,0.4080009436872353,0.003021777788420852,0.02782019026732073,0.560885426651576,dirichlet_0.2,,
2758,0.7637006368041389,0.1425368160126429,0.04153109919397902,0.0511888968819026,0.0010425511073368534,dirichlet_0.2,,
2759,0.07847905146963394,0.8202889705927543,0.06403178090646454,0.0015473817516892072,0.035652815279457975,dirichlet_0.2,,
2760,7.015888498932243e-05,0.7533089171577,0.2391276727976886,0.0007661989022211579,0.006727052257401,dirichlet_0.2,,
2761,0.0757749114743054,0.7010643087209741,0.19840870461013213,0.02473723636937935,1.4838825209034786e-05,dirichlet_0.2,,
2762,0.7807325164189987,0.0025201082590659975,0.011355057914196302,0.20536472305023054,2.7594357508595197e-05,dirichlet_0.2,,
2763,3.4592964648951426e-09,0.3382670346378374,0.07602830096991899,0.0028996114842139535,0.5828050494487332,dirichlet_0.2,,
2764,0.0001343812288623947,0.6993388662941068,0.3005265603684481,1.91746816610463e-07,3.617658871371288e-10,dirichlet_0.2,,
2765,0.26029540929263456,0.041739522498300305,0.00015066595011846448,0.04494047020081817,0.6528739320581286,dirichlet_0.2,,
2766,0.03297009678486443,0.6858695302569715,0.22266664161572314,4.0438935057542684e-06,0.05848968744893514,dirichlet_0.2,,
2767,0.2681242527934062,0.10302811250492376,0.19655010300387504,0.10232582347833973,0.3299717082194552,dirichlet_0.2,,
2768,0.35901520086535976,0.0008280509299239525,0.14200467233165973,0.10332424679059002,0.39482782908246655,dirichlet_0.2,,
2769,0.7577011527191195,0.15539821881111507,0.07902164270295377,0.0024546024748088747,0.005424383292002615,dirichlet_0.2,,
2770,0.06516044024334372,0.017220630784016824,0.010049025992313502,0.8454149566392375,0.062154946341088466,dirichlet_0.2,,
2771,0.9739267054398477,3.244152764645519e-05,2.656504097456123e-05,1.4438540962426628e-05,0.025999849450568782,dirichlet_0.2,,
2772,0.0008249131024149989,0.5582167868441837,0.44092565068484374,7.350010736312268e-07,3.191436748381578e-05,dirichlet_0.2,,
2773,0.0020815480452091397,0.0008853280173904482,0.017028495854414887,0.9800045571587679,7.092421769170464e-08,dirichlet_0.2,,
2774,0.00021894999730936548,0.014570123658618992,0.19295781863851225,0.416437850489583,0.3758152572159765,dirichlet_0.2,,
2775,0.12523293375751138,0.5411995764141894,0.2835599551715263,0.022572594484328447,0.0274349401724445,dirichlet_0.2,,
2776,0.3741186249744073,0.12770901667204232,0.03738312471515055,0.46078611423284827,3.1194055515206373e-06,dirichlet_0.2,,
2777,0.004961594564852733,0.05598893534495666,0.0016364377415241404,0.101077426569993,0.8363356057786734,dirichlet_0.2,,
2778,0.4630800186223808,0.07437071977862694,0.15279228741930267,0.03907493540282334,0.27068203877686625,dirichlet_0.2,,
2779,0.005168190061552231,0.0001920777769912543,0.9647870641676743,0.0298526667290389,1.264743314558891e-09,dirichlet_0.2,,
2780,3.5858695727261685e-05,0.000145691138388798,0.37736201099430977,0.6224558500740777,5.890974964305e-07,dirichlet_0.2,,
2781,0.32458605872165286,0.34544222671033514,4.6379710944006896e-05,0.28704689571670267,0.04287843914036515,dirichlet_0.2,,
2782,0.9005817295899152,1.651549601580179e-05,0.09489606182876972,0.0045056898774211585,3.2078780181707134e-09,dirichlet_0.2,,
2783,0.004307916235178985,0.974138783373356,0.0002600105836953422,0.018170963008648417,0.0031223267991210366,dirichlet_0.2,,
2784,0.025883969875886467,0.5968439038522856,0.025262851968641854,0.3516819028513232,0.0003273714518630979,dirichlet_0.2,,
2785,1.9613682103826864e-11,0.06477212553776275,0.06098743263007531,0.08673616853581056,0.7875042732767376,dirichlet_0.2,,
2786,4.307097025299718e-05,0.009715452837626877,0.09856123452926699,0.8419722690540629,0.049707972608790264,dirichlet_0.2,,
2787,0.07688831267715426,0.11198452224749433,0.25539173769629553,0.1432842727364347,0.4124511546426212,dirichlet_0.2,,
2788,0.016853739650910297,0.1634898747309663,0.003160802815860088,0.81041005309002,0.0060855297122432515,dirichlet_0.2,,
2789,0.02362483621491954,0.0001911949680771707,0.36071155821210565,0.037927509031362105,0.5775449015735356,dirichlet_0.2,,
2790,1.8338861456560414e-10,0.019115177274054367,0.015824421595577426,0.8841038414381605,0.08095655950881911,dirichlet_0.2,,
2791,0.0511419096948593,1.891531362568805e-07,0.000673320149487782,0.003155410852348996,0.9450291701501677,dirichlet_0.2,,
2792,0.0010396668028120524,0.0057848355830399135,0.0018646575041151125,0.9664077372240556,0.024903102885977416,dirichlet_0.2,,
2793,0.29802113105127215,0.24672137276794412,0.011308989939034628,0.442435680295366,0.00151282594638322,dirichlet_0.2,,
2794,0.0024424116997443968,0.04711163772997246,0.0018757704020971222,0.0007000406864183711,0.9478701394817677,dirichlet_0.2,,
2795,0.003323397851116951,0.9205732710599804,0.07244812934879105,0.0002636741115541567,0.003391527628557474,dirichlet_0.2,,
2796,0.29498223701962084,0.0662745877829604,0.5985748305319855,0.0005504384982181331,0.03961790616721507,dirichlet_0.2,,
2797,0.02134563187487319,0.5096191362996362,0.06092759599732386,0.3926951661905911,0.015412469637575634,dirichlet_0.2,,
2798,0.09391413669784636,0.11608062557483857,1.0136452809457984e-05,0.00946363882678613,0.7805314624477195,dirichlet_0.2,,
2799,0.998034217832846,3.786409900876782e-05,1.4302479765956757e-07,0.001925499023076034,2.276020271582158e-06,dirichlet_0.2,,
2800,5.420152582504428e-07,5.846651594567802e-07,0.003197519048624473,0.7664735936990658,0.23032776057189197,dirichlet_0.2,,
2801,0.00439266760367234,0.4028872151229804,4.8743595509477833e-08,0.5819993501644577,0.010720718365293959,dirichlet_0.2,,
2802,0.5123299629702491,0.3755615823743447,0.0006911661366658418,0.0005183262045905797,0.11089896231414957,dirichlet_0.2,,
2803,0.005781127819710227,0.006472072389172698,0.9465935064071551,0.019282283805027473,0.021871009578934484,dirichlet_0.2,,
2804,0.2598976306007415,0.03516652875301534,0.6557275067244438,0.0005167957454661462,0.04869153817633312,dirichlet_0.2,,
2805,0.9155476072765999,2.2075209235670094e-09,0.00028313914166973076,0.0015932322289392245,0.08257601914527042,dirichlet_0.2,,
2806,0.941585592960161,0.007861793863303046,1.0895258093905131e-05,0.05053939092723576,2.326991206271929e-06,dirichlet_0.2,,
2807,0.4054736668179681,0.08065895643096054,0.07405684048943878,0.0004075158593117857,0.43940302040232077,dirichlet_0.2,,
2808,0.9410471922065256,5.02831399347168e-09,0.04263995243737141,0.01406976560096305,0.002243084726826044,dirichlet_0.2,,
2809,0.00010760882401815376,1.7970073530517805e-07,0.11868140946426063,0.007396736072644247,0.8738140659383418,dirichlet_0.2,,
2810,0.15303301657727364,0.00689439747641114,0.8390335594724496,0.00036817514147754316,0.0006708513323879252,dirichlet_0.2,,
2811,0.36886129991969285,6.0035049999968653e-05,6.235718741252398e-05,0.0027411116609396555,0.628275196181955,dirichlet_0.2,,
2812,0.009207870921254661,1.706022602318943e-08,0.465907526717665,0.17499558365725112,0.3498890016436033,dirichlet_0.2,,
2813,0.4124121135773719,2.4617151219427813e-06,0.5834863407788088,0.004097488359766984,1.5955689304913593e-06,dirichlet_0.2,,
2814,0.21122735884214675,0.07852365638341588,2.7070221701667305e-08,0.7102220280266339,2.6929677581909864e-05,dirichlet_0.2,,
2815,0.08989421004450882,0.012970477034477136,0.6678118784698841,0.22930492235235478,1.8512098775084918e-05,dirichlet_0.2,,
2816,4.4998821378162905e-05,0.0007181240607745867,0.021985478782135838,0.008229458312505364,0.9690219400232062,dirichlet_0.2,,
2817,0.3066462118589849,0.3842213681931946,4.0981514553156335e-05,0.3029273586900703,0.0061640797431970545,dirichlet_0.2,,
2818,4.9932777326169545e-06,2.422309797058361e-24,0.00550914382432899,0.986100632439978,0.008385230457960408,dirichlet_0.2,,
2819,0.6259475050302366,0.25477770785865694,1.164536388016903e-12,0.11927362372630597,1.1633836360972719e-06,dirichlet_0.2,,
2820,0.17405314175794567,0.7963278318369552,0.028185141830573492,0.0014336830269679082,2.0154755764059978e-07,dirichlet_0.2,,
2821,0.7855042272792834,5.725702075673627e-07,0.11690105663933423,0.005300373346412249,0.09229377016476246,dirichlet_0.2,,
2822,0.08969619509382304,0.0008399294230282864,0.712574066184636,9.009340717849566e-13,0.1968898092976116,dirichlet_0.2,,
2823,0.3277967461763569,0.3075078477356513,0.0003113293159741037,0.3641891422593181,0.00019493451269969323,dirichlet_0.2,,
2824,0.006754099287473144,0.6177360806570209,0.0405967953448843,0.3253443185325213,0.009568706178100454,dirichlet_0.2,,
2825,8.227152817734128e-07,3.681159167616329e-06,0.006770246385433944,0.03393955447208283,0.9592856952680339,dirichlet_0.2,,
2826,0.0018337373089536782,0.38423148384274336,0.21253708573929375,0.18065643508192616,0.22074125802708316,dirichlet_0.2,,
2827,0.94508298971529,0.04148392347548339,0.0022700175208741707,0.005301515942691744,0.005861553345660673,dirichlet_0.2,,
2828,0.32842785508149686,0.39580206879761737,4.646172074696528e-13,0.24310890321932213,0.032661172901098996,dirichlet_0.2,,
2829,0.04433295615400794,0.26684606142233436,0.5558652549646393,0.0064228826840936415,0.12653284477492463,dirichlet_0.2,,
2830,6.053066122486794e-05,0.023452553229786337,0.2547201883712615,0.4856636060744487,0.23610312166327865,dirichlet_0.2,,
2831,0.3048533898297226,0.26365289537109476,7.943510992873437e-05,0.007539891393988449,0.4238743882952656,dirichlet_0.2,,
2832,0.10430397712829877,0.8201974042873531,0.039399818888335165,1.989417525911857e-06,0.03609681027848704,dirichlet_0.2,,
2833,0.2647951270381101,0.7278267509929203,0.00431396515312923,5.566225631715373e-08,0.0030641011535839082,dirichlet_0.2,,
2834,0.0526411862817738,1.5046526106236084e-05,2.0103266942866894e-07,0.24381245914947336,0.7035311070099772,dirichlet_0.2,,
2835,0.001358986438534754,0.04230355426551332,0.9170864689870187,0.005106922964509243,0.03414406734442397,dirichlet_0.2,,
2836,0.0079819789111388,0.23370217298833668,0.0002768873580368532,0.02763971112796236,0.7303992496145255,dirichlet_0.2,,
2837,0.0009499604393784928,0.11820476378548132,0.7308741687711121,0.0002691983801788186,0.149701908623849,dirichlet_0.2,,
2838,5.741452370143169e-05,0.20301753308561973,0.21585491533864587,0.5809470470320739,0.00012309001995914904,dirichlet_0.2,,
2839,0.24604075223542993,8.911244169628499e-05,5.573651686400645e-06,0.0001598334246018557,0.7537047282465855,dirichlet_0.2,,
2840,0.0012840706650719528,0.001141217937328465,0.9968950198639246,2.258536733281122e-05,0.0006571061663422057,dirichlet_0.2,,
2841,0.0735162966584998,0.12119292755228765,0.003476791215566437,0.07597811326395407,0.725835871309692,dirichlet_0.2,,
2842,0.987337131988045,0.009525211811917624,4.98963625015638e-06,0.0030566171282627886,7.604943552452941e-05,dirichlet_0.2,,
2843,6.883650537480241e-07,0.001816239813445709,0.18432525134312278,0.8114889583008164,0.002368862177561359,dirichlet_0.2,,
2844,0.02180234580665589,1.995514879811879e-05,0.012940311706866808,0.89313394344621,0.07210344389146922,dirichlet_0.2,,
2845,0.0024916341401053153,0.002593816773598692,9.011694314405729e-06,0.9949054978289334,3.9563048031772944e-08,dirichlet_0.2,,
2846,0.037949577527048396,0.0006905349170275222,1.564662429274906e-05,0.7601399184063937,0.20120432252523754,dirichlet_0.2,,
2847,0.36811139262920634,0.27581427099001987,0.14230249441273465,0.20701216190405508,0.006759680063984019,dirichlet_0.2,,
2848,0.0025377638020797127,0.005750773988947109,2.6233934278989867e-05,0.9155073342609982,0.07617789401369607,dirichlet_0.2,,
2849,0.005308254604145135,0.000596976063732689,1.983187668013417e-10,0.6699017627528255,0.324193006380978,dirichlet_0.2,,
2850,0.00024267968054226798,0.0001206407774412702,0.1751576569579271,0.687428811424222,0.1370502111598674,dirichlet_0.2,,
2851,0.9348446810184434,0.06453416173740263,1.4384483625065746e-06,0.0005448700938350906,7.484870195643657e-05,dirichlet_0.2,,
2852,4.6562662721863986e-08,0.2818669185366048,0.6632790300398937,0.037756812835192895,0.0170971920256458,dirichlet_0.2,,
2853,0.013932773223641181,0.7708324023596409,0.1077829637291131,0.04608228724738516,0.06136957344021977,dirichlet_0.2,,
2854,4.2210183326144166e-05,0.22950539776592752,0.5917988870181384,0.010178548583265171,0.1684749564493428,dirichlet_0.2,,
2855,0.19971461515863512,0.7774418155637899,0.0010641762849669784,3.7144599524692385e-07,0.021779021546612713,dirichlet_0.2,,
2856,0.005745763382005254,0.19851241674494166,0.006566087307226314,0.7883098982257184,0.0008658343401083632,dirichlet_0.2,,
2857,0.5842094817979434,0.03810873091310076,0.36873051911806837,0.00853491988209222,0.00041634828879533983,dirichlet_0.2,,
2858,0.23071796860341892,0.09076700528087862,2.5609905960058412e-05,0.6780296419935855,0.0004597742161568404,dirichlet_0.2,,
2859,0.00015048807551678507,0.387000290726947,0.13575574997091222,0.00047179708777330326,0.47662167413885065,dirichlet_0.2,,
2860,1.0124759532833041e-08,0.44612161067704403,5.3571907661093485e-06,0.0026063986733682364,0.5512666233340622,dirichlet_0.2,,
2861,0.7811314908119992,0.002333990720539576,1.0832758604143883e-08,0.13927964871201656,0.07725485892268605,dirichlet_0.2,,
2862,0.0003267173638430702,0.011399520826376843,0.08289089761743891,0.8948498124280404,0.010533051764300746,dirichlet_0.2,,
2863,9.622851327852586e-06,0.00018570826459229917,0.063622819131601,0.9302408668354617,0.005940982917017163,dirichlet_0.2,,
2864,0.02113623641283179,0.005173728741378781,0.001854014476241083,0.1132890078933973,0.8585470124761512,dirichlet_0.2,,
2865,0.998480070228609,0.0012945059453648715,4.806369350776347e-10,1.2922190686334049e-05,0.00021250115470277235,dirichlet_0.2,,
2866,0.0007109806598456347,0.3575086536373948,0.5982003409746253,0.006438863261149052,0.037141161466985345,dirichlet_0.2,,
2867,0.43222998329954704,0.0009339418113450673,0.016079552585627134,0.5155555638988476,0.03520095840463307,dirichlet_0.2,,
2868,0.0976871646433641,0.06862770538212104,0.0038999808158749275,0.5704555218831616,0.2593296272754783,dirichlet_0.2,,
2869,0.0003927627254179586,0.000653090973512799,2.26325079852975e-05,0.0028987434875997883,0.9960327703054841,dirichlet_0.2,,
2870,0.0013487190722684026,1.086152039831143e-06,0.9733610626742965,0.007567860244887388,0.017721271856508,dirichlet_0.2,,
2871,0.11356058225669403,2.526436985931958e-05,0.06947137383484754,0.8080886211111762,0.008854158427422956,dirichlet_0.2,,
2872,0.04206375812446332,0.26943635622020673,0.6257364294961405,0.00370765802561917,0.05905579813357029,dirichlet_0.2,,
2873,0.016422192219956097,0.6203535838517424,0.0010814013676147915,0.31740211030481835,0.04474071225586827,dirichlet_0.2,,
2874,0.020069348146630674,0.25387848750687203,6.319529517833135e-07,0.375099269697929,0.3509522626956166,dirichlet_0.2,,
2875,0.000783853812454562,0.19329854782649492,0.8057685134751249,0.00010442436285700595,4.466052306861134e-05,dirichlet_0.2,,
2876,4.187059344720777e-05,0.5744310124652923,0.13814544041504154,0.2873728680942483,8.808431970715736e-06,dirichlet_0.2,,
2877,0.40675678311554453,1.4775169211868464e-08,0.017791524979091602,0.02223818941355029,0.5532134877166445,dirichlet_0.2,,
2878,0.8383664751796602,0.004874000754351287,0.15644776055764834,0.00010742362859570587,0.00020433987974438145,dirichlet_0.2,,
2879,0.24065711182623245,0.08304298265938508,0.6542826998262032,0.011519094307716698,0.01049811138046248,dirichlet_0.2,,
2880,0.034403252606495016,0.00010224445080495868,0.01717911864267045,0.9318864027682826,0.01642898153174691,dirichlet_0.2,,
2881,0.0001264434798213658,0.009909726818939172,0.3106784270810209,0.3840284471453466,0.295256955474872,dirichlet_0.2,,
2882,0.4498711551893654,0.021765885927293678,5.7695704981372896e-05,0.5254624137623322,0.002842849416027516,dirichlet_0.2,,
2883,0.017284979782475292,0.07399937470272037,0.8908869898081992,5.923464811723197e-05,0.017769421058487875,dirichlet_0.2,,
2884,0.00023597561658802137,0.9594491688292746,0.04011163421155317,0.00017533463938366065,2.7886703200673232e-05,dirichlet_0.2,,
2885,4.533702158645898e-05,0.008166237750352577,0.41438655157061294,0.26792892655146416,0.30947294710598383,dirichlet_0.2,,
2886,0.5717684276883779,0.00017538276080068162,0.04934302971266051,0.17291167973233224,0.20580148010582885,dirichlet_0.2,,
2887,0.8858848432229968,0.00024420701115559443,0.11379355008373097,1.9150367482246126e-08,7.73805317491443e-05,dirichlet_0.2,,
2888,0.27610643356189096,0.0008642309261134022,0.003743700285495292,0.1818272664249422,0.5374583688015582,dirichlet_0.2,,
2889,0.8334066137777869,0.14039153979289232,0.026185621743537127,1.4172490421266517e-05,2.0521953623806265e-06,dirichlet_0.2,,
2890,0.0022344759765284385,0.6278753631718584,0.00042195623483708573,0.3224163212784526,0.0470518833383235,dirichlet_0.2,,
2891,0.3664986033759026,0.04327760239718502,0.5901250144221578,7.95891521081199e-05,1.9190652646338348e-05,dirichlet_0.2,,
2892,0.03369978085279397,0.01588744235009569,7.359997096247057e-05,0.08078555873139366,0.8695536180947543,dirichlet_0.2,,
2893,7.679993562358197e-05,0.06254475197087442,0.6445705619379641,0.290486274197424,0.00232161195811385,dirichlet_0.2,,
2894,0.038321750475479005,0.038034107957124565,0.48614760427221204,0.43738576622143344,0.0001107710737510684,dirichlet_0.2,,
2895,0.5100605907766484,0.4504943047367142,0.006419690002126265,0.033000952928710976,2.4461555799929137e-05,dirichlet_0.2,,
2896,0.010972612694983497,0.014939792642451313,0.922435740781659,0.05165150534321,3.485376960366139e-07,dirichlet_0.2,,
2897,0.6839995582756958,0.04487705262821429,0.002677632525202261,0.20942683173510054,0.059018924835786975,dirichlet_0.2,,
2898,4.1060661577811905e-05,2.1836599191113437e-07,0.5864214877162798,0.3284003849917485,0.08513684826440195,dirichlet_0.2,,
2899,0.29818394817905747,0.14292080702570353,3.547753230788162e-08,0.502208859685233,0.056686349632473654,dirichlet_0.2,,
2900,0.014508241034886094,0.00010466734332200733,0.0004664212035482048,0.5194974881789904,0.4654231822392533,dirichlet_0.2,,
2901,0.7101936530803956,0.16227017878775138,0.08159033379394169,0.04592796348854847,1.787084936305951e-05,dirichlet_0.2,,
2902,0.20812357357261693,0.38674320321038436,0.0006547217528893416,0.13487426477002554,0.2696042366940839,dirichlet_0.2,,
2903,3.790836724004286e-14,0.15605853405637915,0.0021874321138198975,0.8417540045384866,2.9291276356857144e-08,dirichlet_0.2,,
2904,0.33678381779887284,0.24258180237782942,1.5578676654949315e-05,0.1363124669318553,0.2843063342147875,dirichlet_0.2,,
2905,0.15101887406502876,0.016967289190561584,0.046683212444438876,3.4132407869367443e-09,0.78533062088673,dirichlet_0.2,,
2906,0.031242852353230533,0.08705448753161092,0.8337199246811001,0.012864114475768082,0.03511862095829049,dirichlet_0.2,,
2907,0.12443525621296683,0.770624746692187,0.0056017419860391205,0.07953214139953338,0.019806113709273612,dirichlet_0.2,,
2908,2.5779018578849334e-05,0.08961635394197465,0.3947930769590098,0.0014334444330822537,0.5141313456473545,dirichlet_0.2,,
2909,0.004214169166198639,0.009320318003025943,0.4777077036698721,0.2970917299689625,0.21166607919194091,dirichlet_0.2,,
2910,4.6041424599904823e-07,0.999318167809366,0.0002576321300377127,0.0003383811298239977,8.535851652622139e-05,dirichlet_0.2,,
2911,0.021230742033211365,6.830834123742819e-05,0.925567228692444,0.053130933120442404,2.7878126649021278e-06,dirichlet_0.2,,
2912,0.06583613328906825,0.024397830925787345,4.117936225096314e-07,0.016273542864992514,0.8934920811265293,dirichlet_0.2,,
2913,2.629213056265281e-05,0.10368419378247164,0.4379874164666721,0.09772223729612771,0.3605798603241659,dirichlet_0.2,,
2914,0.00126737069530345,0.05343520605114016,0.6327527944701646,0.034135605726164475,0.2784090230572274,dirichlet_0.2,,
2915,0.2382597173747581,0.0002109943449071709,1.1688898652013243e-08,0.6412353853280649,0.120293891263371,dirichlet_0.2,,
2916,0.1320793916838552,0.2352736096342417,0.39567885537861996,0.23632339390163357,0.0006447494016496331,dirichlet_0.2,,
2917,0.008689431999736942,0.3716498974163517,0.5094115432185629,0.08554330983650066,0.024705817528847915,dirichlet_0.2,,
2918,0.0018026812681795205,0.0012932458987817298,0.34157379594789095,0.654511888817566,0.0008183880675817893,dirichlet_0.2,,
2919,0.18649783833804942,0.005837018892764086,0.01050418925455147,0.5268487444742858,0.27031220904034936,dirichlet_0.2,,
2920,0.07679167284790565,0.02387803407344196,0.8483541986191532,0.003256742639892468,0.04771935181960666,dirichlet_0.2,,
2921,0.42796460896843946,0.04549201208494393,0.50285127185818,0.023691820746560784,2.863418757460478e-07,dirichlet_0.2,,
2922,0.0091114388684377,0.10507050015234547,0.6588778338821549,0.1924022898337052,0.03453793726335662,dirichlet_0.2,,
2923,0.9057000639752707,7.875946458600067e-07,6.963135322602732e-05,0.09373367178814877,0.0004958452887086323,dirichlet_0.2,,
2924,0.003350575240895646,0.0013280935427114346,3.307991640345901e-05,0.346402137255637,0.6488861140443525,dirichlet_0.2,,
2925,0.13279581222955159,0.4266504875327768,4.0181032137218e-09,6.663673549424098e-06,0.44054703254601896,dirichlet_0.2,,
2926,0.05762871991890451,0.2357078226517222,0.706266773827319,4.326003972582058e-10,0.0003966831694540846,dirichlet_0.2,,
2927,0.894895785446569,0.01611195759035618,0.0006941805543980233,9.087177132336502e-05,0.08820720463735347,dirichlet_0.2,,
2928,0.004089136458829727,0.09999861432514398,0.7084093923335747,0.142923693587334,0.04457916329511761,dirichlet_0.2,,
2929,0.0013443314666063105,0.563428083261854,0.03461973269941691,0.2848332616755922,0.1157745908965306,dirichlet_0.2,,
2930,0.36615021360060035,0.034677880126571484,0.00631785152721668,0.08310162497971152,0.5097524297659,dirichlet_0.2,,
2931,0.009254549777831874,0.7595418007082751,0.2311343035735024,8.044551465123498e-06,6.13013889255379e-05,dirichlet_0.2,,
2932,0.000457063416898786,0.6870467449833438,4.901463483676087e-06,0.10100237492854573,0.2114889152077278,dirichlet_0.2,,
2933,0.010201118312501863,0.864636525715271,6.602286355104408e-06,7.315223941446038e-10,0.12515575295434944,dirichlet_0.2,,
2934,1.2451444960380803e-07,0.4434683992353982,0.041517263592322544,0.3054240836993589,0.20959012895847068,dirichlet_0.2,,
2935,0.2531087146988321,0.052734878883744785,0.5171980548462555,0.022643766949847544,0.15431458462132008,dirichlet_0.2,,
2936,0.08413016231174353,0.11590641981963856,0.7230335025770012,0.028168344093107197,0.04876157119850953,dirichlet_0.2,,
2937,0.02104170535152869,0.12146074040002577,0.03197610550327529,0.34152568868517064,0.48399576005999967,dirichlet_0.2,,
2938,6.115117888721679e-08,0.0015430840301379229,2.3404885341963022e-05,0.8320868332214189,0.16634661671192238,dirichlet_0.2,,
2939,0.0016677790178536904,0.3479706140294319,0.5237968293402141,0.017442471873679078,0.10912230573882117,dirichlet_0.2,,
2940,0.01576747697481427,0.009598171336525017,0.11558239437000467,0.8330909084040321,0.025961048914623946,dirichlet_0.2,,
2941,0.9939604031119785,1.4616804820542869e-05,0.00022119115247849923,0.005549542861144075,0.0002542460695781925,dirichlet_0.2,,
2942,0.054252697198208986,0.6410740727017535,2.4836028336553804e-05,0.05939833343705681,0.24525006063464402,dirichlet_0.2,,
2943,0.2874518516637703,0.4062301611869685,3.1142699114979063e-10,0.15950547923082461,0.14681250760700967,dirichlet_0.2,,
2944,0.4251427282546393,0.5323721237849635,0.042471933098871935,5.0918757529544113e-08,1.3163942767753182e-05,dirichlet_0.2,,
2945,0.8382086754566652,0.1593571879174804,0.0024324200528800777,1.7165699391474974e-06,3.035088939255227e-12,dirichlet_0.2,,
2946,0.025291015038382852,0.6048327352287082,0.00023899434841193122,0.3696049113592688,3.234402522827049e-05,dirichlet_0.2,,
2947,0.04333173449059492,0.01028522400155518,0.04278886899084624,0.9034124510584036,0.0001817214586000599,dirichlet_0.2,,
2948,0.006214442214108787,0.04777254445100781,0.00014635758717478826,0.8061600861425089,0.13970656960519973,dirichlet_0.2,,
2949,0.0004942937279984449,0.06251130313685337,0.394193898507482,0.5276464037614539,0.015154100866212205,dirichlet_0.2,,
2950,0.698979958189498,2.9913662634084504e-05,0.28743445234569237,0.008302561783354031,0.0052531140188215916,dirichlet_0.2,,
2951,0.5025505080963417,0.46739583662742185,4.580614209285495e-06,1.9114602569293456e-05,0.030029960059457825,dirichlet_0.2,,
2952,0.2521766147287751,0.010232829901832016,0.3578180897143541,0.2356079670739686,0.14416449858107014,dirichlet_0.2,,
2953,0.06738396902363643,0.003172306363964422,0.6268153954090431,3.256318840021474e-06,0.30262507288451596,dirichlet_0.2,,
2954,0.0031933173684827796,0.006146477386158654,0.16425601810532287,0.4721283152728281,0.3542758718672076,dirichlet_0.2,,
2955,0.003426826442407695,0.19745643308796404,0.7424750405988967,0.05032142262082035,0.0063202772499113494,dirichlet_0.2,,
2956,0.29155037665829087,0.6272452654155607,0.0052990725652481835,0.06333572925781954,0.012569556103080684,dirichlet_0.2,,
2957,0.028972579342070124,0.016652777691370375,0.036511122083651676,0.08257522394768256,0.8352882969352253,dirichlet_0.2,,
2958,0.011800697687232171,0.3426553903101995,0.39145790950279835,0.00686335498801314,0.24722264751175702,dirichlet_0.2,,
2959,0.2904507973064241,0.0013460359500027605,0.014124034349705395,0.6922349773534845,0.0018441550403833142,dirichlet_0.2,,
2960,0.8922578069352898,0.03143818718210613,0.03398229198523585,0.03788547526032926,0.004436238637038863,dirichlet_0.2,,
2961,0.6285344748078563,0.34316866696554693,7.905885019707632e-05,0.021221371782256245,0.006996427594143538,dirichlet_0.2,,
2962,0.882296061271399,7.672149652430365e-05,7.288949809626623e-05,0.11755383824718145,4.894867990105077e-07,dirichlet_0.2,,
2963,0.06411612881599395,0.16828029522914215,0.7676034832554759,1.7906679740936637e-08,7.479270834409502e-08,dirichlet_0.2,,
2964,0.0016007643069553764,0.7707865560944122,0.21297111526022913,0.004663915555906107,0.009977648782497343,dirichlet_0.2,,
2965,0.3651756616012528,0.3789330481352367,0.006572768647617909,0.24931653684682778,1.9847690646839656e-06,dirichlet_0.2,,
2966,0.21144734144482416,0.7139420923139886,0.005969907141966201,0.000433162776779385,0.06820749632244183,dirichlet_0.2,,
2967,0.0013233052326730066,0.012913445131429608,0.0003867406061859275,0.8712088195001515,0.11416768952956005,dirichlet_0.2,,
2968,0.05431592519654646,0.013689624442833457,0.27142173763907035,0.010379560422309751,0.65019315229924,dirichlet_0.2,,
2969,0.8760901604702995,0.002173215492741101,0.02927931220030479,0.007822174108433076,0.08463513772822151,dirichlet_0.2,,
2970,0.0005723775788605948,0.2958728839038376,0.1308223203688562,0.572731363547716,1.0546007295011585e-06,dirichlet_0.2,,
2971,0.1637935619941368,0.04112322160820777,0.6711442076392498,0.007691924658636424,0.11624708409976937,dirichlet_0.2,,
2972,0.0004999559897241603,2.5588657867880063e-09,0.055875630693519425,0.6716686774989331,0.2719557332589576,dirichlet_0.2,,
2973,2.8370525667633012e-11,0.0019612357370747653,0.15701885325074647,0.8409724391433985,4.747184040975585e-05,dirichlet_0.2,,
2974,0.0014688701617950478,0.04532636207276562,0.8366609193066841,0.1165279110141604,1.5937444594911847e-05,dirichlet_0.2,,
2975,0.007419060796971745,0.9920728801221693,1.4504754420418245e-05,5.127681197732117e-05,0.0004422775144610626,dirichlet_0.2,,
2976,0.227030602826735,0.20917778839072057,0.014203297984564824,1.568779143686677e-07,0.5495881539200652,dirichlet_0.2,,
2977,0.15503561719153525,0.006466168203314576,0.2737992243914103,0.48476409061322645,0.0799348996005134,dirichlet_0.2,,
2978,0.09352861541601697,0.56831999782926,0.00016607733698157292,0.33797282524058014,1.2484177161232515e-05,dirichlet_0.2,,
2979,0.0732715585570086,0.002484579649649262,0.8571833315866131,0.009939678099967415,0.057120852106761426,dirichlet_0.2,,
2980,0.6192619775578856,0.3144565843911204,0.0011528208471603078,0.020240278211599568,0.0448883389922344,dirichlet_0.2,,
2981,0.1281191710250865,0.8553532166948942,0.0006347072011383962,0.015607022862682809,0.00028588221619828036,dirichlet_0.2,,
2982,0.004291901244253919,0.2839132983798602,0.013444308724329276,0.48083398918711145,0.21751650246444518,dirichlet_0.2,,
2983,0.82203762541513,0.06265927693804117,0.0014328284411768946,0.004533390703200005,0.10933687850245193,dirichlet_0.2,,
2984,0.0007261244177833058,0.0023407872668675333,0.2177419060112582,0.7245895268345911,0.0546016554694999,dirichlet_0.2,,
2985,0.019795192197987765,0.6008200555309122,0.001721753700757867,0.0017518630231617047,0.37591113554718036,dirichlet_0.2,,
2986,0.1786609034874721,0.00026698747126816587,0.015182511422597382,0.7441488405458188,0.061740757072843655,dirichlet_0.2,,
2987,0.012100419101995356,0.9689345056572821,0.00010635321143324564,0.017382980191624268,0.0014757418376650808,dirichlet_0.2,,
2988,0.003959455826933315,0.5428814552766497,0.00014902194888720996,0.4471178953310639,0.005892171616465884,dirichlet_0.2,,
2989,0.3136064740590859,0.014381828163229629,0.010575006446686196,0.4859369210631631,0.17549977026783511,dirichlet_0.2,,
2990,0.12556153237037468,0.8674955492573647,0.006925715322068717,1.9984457952102365e-06,1.5204604396603326e-05,dirichlet_0.2,,
2991,0.018548841523883405,0.6562330639570841,0.06959587115009748,0.1447421610969664,0.11088006227196857,dirichlet_0.2,,
2992,0.9124589731513356,0.01789112291185466,0.06370791272031698,0.0005456757098472401,0.0053963155066456955,dirichlet_0.2,,
2993,0.8451103201080182,7.091205284836907e-05,0.15280007104766402,0.0009838040834619355,0.0010348927080075763,dirichlet_0.2,,
2994,0.09947691076839868,2.6285061004799922e-05,0.3023297140129176,0.580404122022341,0.017762968135337943,dirichlet_0.2,,
2995,0.25069133717551934,0.1305412508913636,0.5019758986737062,0.10595517962312714,0.01083633363628405,dirichlet_0.2,,
2996,0.00028183501575943605,0.8218938923635353,0.15775435831435553,0.020064018311629402,5.895994720323766e-06,dirichlet_0.2,,
2997,0.11285949681170428,0.7030973100721989,0.1837730601839874,7.052705007863834e-05,0.00019960588203071975,dirichlet_0.2,,
2998,0.0301571431580261,0.0016941079954774984,0.2534051188314641,0.5777922764270236,0.13695135358800867,dirichlet_0.2,,
2999,0.19056128799163508,0.7274302111476145,0.0435960971761569,7.844820065820524e-06,0.03840455886452771,dirichlet_0.2,,
3000,0.0,0.25,0.25,0.25,0.25,one_at_a_time,media_score,0.0
3001,0.05,0.2375,0.2375,0.2375,0.2375,one_at_a_time,media_score,0.05
3002,0.1,0.225,0.225,0.225,0.225,one_at_a_time,media_score,0.1
3003,0.15000000000000002,0.2125,0.2125,0.2125,0.2125,one_at_a_time,media_score,0.15000000000000002
3004,0.2,0.2,0.2,0.2,0.2,one_at_a_time,media_score,0.2
3005,0.25,0.1875,0.1875,0.1875,0.1875,one_at_a_time,media_score,0.25
3006,0.30000000000000004,0.175,0.175,0.175,0.175,one_at_a_time,media_score,0.30000000000000004
3007,0.35000000000000003,0.16249999999999998,0.16249999999999998,0.16249999999999998,0.16249999999999998,one_at_a_time,media_score,0.35000000000000003
3008,0.4,0.15,0.15,0.15,0.15,one_at_a_time,media_score,0.4
3009,0.45,0.1375,0.1375,0.1375,0.1375,one_at_a_time,media_score,0.45
3010,0.5,0.125,0.125,0.125,0.125,one_at_a_time,media_score,0.5
3011,0.55,0.11249999999999999,0.11249999999999999,0.11249999999999999,0.11249999999999999,one_at_a_time,media_score,0.55
3012,0.6000000000000001,0.09999999999999998,0.09999999999999998,0.09999999999999998,0.09999999999999998,one_at_a_time,media_score,0.6000000000000001
3013,0.65,0.0875,0.0875,0.0875,0.0875,one_at_a_time,media_score,0.65
3014,0.7000000000000001,0.07499999999999998,0.07499999999999998,0.07499999999999998,0.07499999999999998,one_at_a_time,media_score,0.7000000000000001
3015,0.75,0.0625,0.0625,0.0625,0.0625,one_at_a_time,media_score,0.75
3016,0.8,0.04999999999999999,0.04999999999999999,0.04999999999999999,0.04999999999999999,one_at_a_time,media_score,0.8
3017,0.8500000000000001,0.03749999999999998,0.03749999999999998,0.03749999999999998,0.03749999999999998,one_at_a_time,media_score,0.8500000000000001
3018,0.9,0.024999999999999994,0.024999999999999994,0.024999999999999994,0.024999999999999994,one_at_a_time,media_score,0.9
3019,0.9500000000000001,0.012499999999999983,0.012499999999999983,0.012499999999999983,0.012499999999999983,one_at_a_time,media_score,0.9500000000000001
3020,1.0,0.0,0.0,0.0,0.0,one_at_a_time,media_score,1.0
3021,0.25,0.0,0.25,0.25,0.25,one_at_a_time,awards_score,0.0
3022,0.2375,0.05,0.2375,0.2375,0.2375,one_at_a_time,awards_score,0.05
3023,0.225,0.1,0.225,0.225,0.225,one_at_a_time,awards_score,0.1
3024,0.2125,0.15000000000000002,0.2125,0.2125,0.2125,one_at_a_time,awards_score,0.15000000000000002
3025,0.2,0.2,0.2,0.2,0.2,one_at_a_time,awards_score,0.2
3026,0.1875,0.25,0.1875,0.1875,0.1875,one_at_a_time,awards_score,0.25
3027,0.175,0.30000000000000004,0.175,0.175,0.175,one_at_a_time,awards_score,0.30000000000000004
3028,0.16249999999999998,0.35000000000000003,0.16249999999999998,0.16249999999999998,0.16249999999999998,one_at_a_time,awards_score,0.35000000000000003
3029,0.15,0.4,0.15,0.15,0.15,one_at_a_time,awards_score,0.4
3030,0.1375,0.45,0.1375,0.1375,0.1375,one_at_a_time,awards_score,0.45
3031,0.125,0.5,0.125,0.125,0.125,one_at_a_time,awards_score,0.5
3032,0.11249999999999999,0.55,0.11249999999999999,0.11249999999999999,0.11249999999999999,one_at_a_time,awards_score,0.55
3033,0.09999999999999998,0.6000000000000001,0.09999999999999998,0.09999999999999998,0.09999999999999998,one_at_a_time,awards_score,0.6000000000000001
3034,0.0875,0.65,0.0875,0.0875,0.0875,one_at_a_time,awards_score,0.65
3035,0.07499999999999998,0.7000000000000001,0.07499999999999998,0.07499999999999998,0.07499999999999998,one_at_a_time,awards_score,0.7000000000000001
3036,0.0625,0.75,0.0625,0.0625,0.0625,one_at_a_time,awards_score,0.75
3037,0.04999999999999999,0.8,0.04999999999999999,0.04999999999999999,0.04999999999999999,one_at_a_time,awards_score,0.8
3038,0.03749999999999998,0.8500000000000001,0.03749999999999998,0.03749999999999998,0.03749999999999998,one_at_a_time,awards_score,0.8500000000000001
3039,0.024999999999999994,0.9,0.024999999999999994,0.024999999999999994,0.024999999999999994,one_at_a_time,awards_score,0.9
3040,0.012499999999999983,0.9500000000000001,0.012499999999999983,0.012499999999999983,0.012499999999999983,one_at_a_time,awards_score,0.9500000000000001
3041,0.0,1.0,0.0,0.0,0.0,one_at_a_time,awards_score,1.0
3042,0.25,0.25,0.0,0.25,0.25,one_at_a_time,expertise_score,0.0
3043,0.2375,0.2375,0.05,0.2375,0.2375,one_at_a_time,expertise_score,0.05
3044,0.225,0.225,0.1,0.225,0.225,one_at_a_time,expertise_score,0.1
3045,0.2125,0.2125,0.15000000000000002,0.2125,0.2125,one_at_a_time,expertise_score,0.15000000000000002
3046,0.2,0.2,0.2,0.2,0.2,one_at_a_time,expertise_score,0.2
3047,0.1875,0.1875,0.25,0.1875,0.1875,one_at_a_time,expertise_score,0.25
3048,0.175,0.175,0.30000000000000004,0.175,0.175,one_at_a_time,expertise_score,0.30000000000000004
3049,0.16249999999999998,0.16249999999999998,0.35000000000000003,0.16249999999999998,0.16249999999999998,one_at_a_time,expertise_score,0.35000000000000003
3050,0.15,0.15,0.4,0.15,0.15,one_at_a_time,expertise_score,0.4
3051,0.1375,0.1375,0.45,0.1375,0.1375,one_at_a_time,expertise_score,0.45
3052,0.125,0.125,0.5,0.125,0.125,one_at_a_time,expertise_score,0.5
3053,0.11249999999999999,0.11249999999999999,0.55,0.11249999999999999,0.11249999999999999,one_at_a_time,expertise_score,0.55
3054,0.09999999999999998,0.09999999999999998,0.6000000000000001,0.09999999999999998,0.09999999999999998,one_at_a_time,expertise_score,0.6000000000000001
3055,0.0875,0.0875,0.65,0.0875,0.0875,one_at_a_time,expertise_score,0.65
3056,0.07499999999999998,0.07499999999999998,0.7000000000000001,0.07499999999999998,0.07499999999999998,one_at_a_time,expertise_score,0.7000000000000001
3057,0.0625,0.0625,0.75,0.0625,0.0625,one_at_a_time,expertise_score,0.75
3058,0.04999999999999999,0.04999999999999999,0.8,0.04999999999999999,0.04999999999999999,one_at_a_time,expertise_score,0.8
3059,0.03749999999999998,0.03749999999999998,0.8500000000000001,0.03749999999999998,0.03749999999999998,one_at_a_time,expertise_score,0.8500000000000001
3060,0.024999999999999994,0.024999999999999994,0.9,0.024999999999999994,0.024999999999999994,one_at_a_time,expertise_score,0.9
3061,0.012499999999999983,0.012499999999999983,0.9500000000000001,0.012499999999999983,0.012499999999999983,one_at_a_time,expertise_score,0.9500000000000001
3062,0.0,0.0,1.0,0.0,0.0,one_at_a_time,expertise_score,1.0
3063,0.25,0.25,0.25,0.0,0.25,one_at_a_time,face_score,0.0
3064,0.2375,0.2375,0.2375,0.05,0.2375,one_at_a_time,face_score,0.05
3065,0.225,0.225,0.225,0.1,0.225,one_at_a_time,face_score,0.1
3066,0.2125,0.2125,0.2125,0.15000000000000002,0.2125,one_at_a_time,face_score,0.15000000000000002
3067,0.2,0.2,0.2,0.2,0.2,one_at_a_time,face_score,0.2
3068,0.1875,0.1875,0.1875,0.25,0.1875,one_at_a_time,face_score,0.25
3069,0.175,0.175,0.175,0.30000000000000004,0.175,one_at_a_time,face_score,0.30000000000000004
3070,0.16249999999999998,0.16249999999999998,0.16249999999999998,0.35000000000000003,0.16249999999999998,one_at_a_time,face_score,0.35000000000000003
3071,0.15,0.15,0.15,0.4,0.15,one_at_a_time,face_score,0.4
3072,0.1375,0.1375,0.1375,0.45,0.1375,one_at_a_time,face_score,0.45
3073,0.125,0.125,0.125,0.5,0.125,one_at_a_time,face_score,0.5
3074,0.11249999999999999,0.11249999999999999,0.11249999999999999,0.55,0.11249999999999999,one_at_a_time,face_score,0.55
3075,0.09999999999999998,0.09999999999999998,0.09999999999999998,0.6000000000000001,0.09999999999999998,one_at_a_time,face_score,0.6000000000000001
3076,0.0875,0.0875,0.0875,0.65,0.0875,one_at_a_time,face_score,0.65
3077,0.07499999999999998,0.07499999999999998,0.07499999999999998,0.7000000000000001,0.07499999999999998,one_at_a_time,face_score,0.7000000000000001
3078,0.0625,0.0625,0.0625,0.75,0.0625,one_at_a_time,face_score,0.75
3079,0.04999999999999999,0.04999999999999999,0.04999999999999999,0.8,0.04999999999999999,one_at_a_time,face_score,0.8
3080,0.03749999999999998,0.03749999999999998,0.03749999999999998,0.8500000000000001,0.03749999999999998,one_at_a_time,face_score,0.8500000000000001
3081,0.024999999999999994,0.024999999999999994,0.024999999999999994,0.9,0.024999999999999994,one_at_a_time,face_score,0.9
3082,0.012499999999999983,0.012499999999999983,0.012499999999999983,0.9500000000000001,0.012499999999999983,one_at_a_time,face_score,0.9500000000000001
3083,0.0,0.0,0.0,1.0,0.0,one_at_a_time,face_score,1.0
3084,0.25,0.25,0.25,0.25,0.0,one_at_a_time,communication_score,0.0
3085,0.2375,0.2375,0.2375,0.2375,0.05,one_at_a_time,communication_score,0.05
3086,0.225,0.225,0.225,0.225,0.1,one_at_a_time,communication_score,0.1
3087,0.2125,0.2125,0.2125,0.2125,0.15000000000000002,one_at_a_time,communication_score,0.15000000000000002
3088,0.2,0.2,0.2,0.2,0.2,one_at_a_time,communication_score,0.2
3089,0.1875,0.1875,0.1875,0.1875,0.25,one_at_a_time,communication_score,0.25
3090,0.175,0.175,0.175,0.175,0.30000000000000004,one_at_a_time,communication_score,0.30000000000000004
3091,0.16249999999999998,0.16249999999999998,0.16249999999999998,0.16249999999999998,0.35000000000000003,one_at_a_time,communication_score,0.35000000000000003
3092,0.15,0.15,0.15,0.15,0.4,one_at_a_time,communication_score,0.4
3093,0.1375,0.1375,0.1375,0.1375,0.45,one_at_a_time,communication_score,0.45
3094,0.125,0.125,0.125,0.125,0.5,one_at_a_time,communication_score,0.5
3095,0.11249999999999999,0.11249999999999999,0.11249999999999999,0.11249999999999999,0.55,one_at_a_time,communication_score,0.55
3096,0.09999999999999998,0.09999999999999998,0.09999999999999998,0.09999999999999998,0.6000000000000001,one_at_a_time,communication_score,0.6000000000000001
3097,0.0875,0.0875,0.0875,0.0875,0.65,one_at_a_time,communication_score,0.65
3098,0.07499999999999998,0.07499999999999998,0.07499999999999998,0.07499999999999998,0.7000000000000001,one_at_a_time,communication_score,0.7000000000000001
3099,0.0625,0.0625,0.0625,0.0625,0.75,one_at_a_time,communication_score,0.75
3100,0.04999999999999999,0.04999999999999999,0.04999999999999999,0.04999999999999999,0.8,one_at_a_time,communication_score,0.8
3101,0.03749999999999998,0.03749999999999998,0.03749999999999998,0.03749999999999998,0.8500000000000001,one_at_a_time,communication_score,0.8500000000000001
3102,0.024999999999999994,0.024999999999999994,0.024999999999999994,0.024999999999999994,0.9,one_at_a_time,communication_score,0.9
3103,0.012499999999999983,0.012499999999999983,0.012499999999999983,0.012499999999999983,0.9500000000000001,one_at_a_time,communication_score,0.9500000000000001
3104,0.0,0.0,0.0,0.0,1.0,one_at_a_time,communication_score,1.0
