ticker,name,kind,record,institution,qualification_degree,level_used,foreign_education
ABIO,Масюк Сергей Владимирович,education,0,,Unknown,,0
ABIO,Исаев Артур Александрович,education,0,Ростовский государственный медицинский университет,Specialist degree,master,0
ABIO,Исаев Артур Александрович,education,1,Московская международная высшая школа бизнеса «МИРБИС»,MBA,,0
ABIO,Исаев Артур Александрович,degrees,0,Московская международная высшая школа бизнеса «МИРБИС»,MBA,,0
ABIO,Богуславский Дмитрий Эдгардович,education,0,Южный федеральный университет,Specialist degree,master,0
ABIO,Богуславский Дмитрий Эдгардович,degrees,0,,Doctoral degree,doctoral,0
ABIO,Деев Роман Вадимович,education,0,Военно-медицинская академия имени С.М. Кирова,Specialist degree,master,0
ABIO,Деев Роман Вадимович,degrees,0,Военно-медицинская академия имени С.М. Кирова,Doctoral degree,doctoral,0
ABIO,Деев Роман Вадимович,degrees,1,,,,0
ABIO,Исаев Андрей Александрович,education,0,Южный федеральный университет,Specialist degree,master,0
ABIO,Мауэр Константин Николаевич,education,0,Ростовский государственный экономический университет (РИНХ),Specialist degree,master,0
ABIO,Мауэр Константин Николаевич,education,1,"Институт управления, бизнеса и права (Ростов-на-Дону)",,,0
ABIO,Мауэр Константин Николаевич,education,2,Российская академия народного хозяйства и государственной службы при Президенте Российской Федерации,MBA,,0
ABIO,Мауэр Константин Николаевич,degrees,0,Российская академия народного хозяйства и государственной службы при Президенте Российской Федерации,MBA,,0
ABIO,Киселев Сергей Львович,education,0,Национальный исследовательский ядерный университет «МИФИ»,Specialist degree,master,0
ABIO,Киселев Сергей Львович,degrees,0,,Doctoral degree,doctoral,0
ABIO,Киселев Сергей Львович,degrees,1,,,,0
ABIO,Примак Алексей Евгеньевич,education,0,Ростовский государственный экономический университет (РИНХ),Specialist degree,master,0
ABIO,Александров Дмитрий Андреевич,education,0,Московский государственный университет имени М.В. Ломоносова,Specialist degree,master,0
ABIO,Александров Дмитрий Андреевич,degrees,0,Московский государственный университет имени М.В. Ломоносова,Doctoral degree,doctoral,0
AFKS,Ситдеков Тагир Алиевич,education,0,Российский экономический университет имени Г.В. Плеханова,Specialist degree,master,0
AFKS,Ситдеков Тагир Алиевич,education,1,University of Chicago Booth School of Business,MBA,,1
AFKS,Ситдеков Тагир Алиевич,degrees,0,University of Chicago Booth School of Business,MBA,,1
AFKS,Шохин Александр Николаевич,education,0,Московский государственный университет имени М.В. Ломоносова,Specialist degree,master,0
AFKS,Шохин Александр Николаевич,degrees,0,,Doctoral degree,doctoral,0
AFKS,Шохин Александр Николаевич,degrees,1,Центральный экономико-математический институт Академии наук СССР (ЦЭМИ АН СССР),Doctoral degree,doctoral,0
AFKS,Шохин Александр Николаевич,degrees,2,,,,0
AFKS,Маслов Алексей Александрович,education,0,Московский государственный университет имени М.В. Ломоносова,Specialist degree,master,0
AFKS,Маслов Алексей Александрович,degrees,0,Институт Дальнего Востока Российской академии наук,Doctoral degree,doctoral,0
AFKS,Маслов Алексей Александрович,degrees,1,Институт Дальнего Востока Российской академии наук,Doctoral degree,doctoral,0
AFKS,Маслов Алексей Александрович,degrees,2,,Doctoral degree,doctoral,0
AFKS,Кузьминов Ярослав Иванович,education,0,Московский государственный университет имени М.В. Ломоносова,Specialist degree,master,0
AFKS,Кузьминов Ярослав Иванович,degrees,0,Московский государственный университет имени М.В. Ломоносова,Doctoral degree,doctoral,0
AFKS,Евтушенков Феликс Владимирович,education,0,Московский университет имени А.С. Грибоедова,Specialist degree,master,0
AFKS,Евтушенков Феликс Владимирович,education,1,Российский государственный университет нефти и газа (национальный исследовательский университет) имени И.М. Губкина,,,0
AFKS,Евтушенков Владимир Петрович,education,0,Российский химико-технологический университет имени Д.И. Менделеева,Specialist degree,master,0
AFKS,Евтушенков Владимир Петрович,education,1,Московский государственный университет имени М.В. Ломоносова,Specialist degree,master,0
AFKS,Евтушенков Владимир Петрович,degrees,0,Государственный университет управления,Doctoral degree,doctoral,0
AFKS,Вьюгин Олег Вячеславович,education,0,Московский государственный университет имени М.В. Ломоносова,Specialist degree,master,0
AFKS,Вьюгин Олег Вячеславович,degrees,0,Московский государственный университет имени М.В. Ломоносова,Doctoral degree,doctoral,0
AFKS,Волошин Александр Стальевич,education,0,Российский университет транспорта,Specialist degree,master,0
AFKS,Волошин Александр Стальевич,education,1,Всероссийская академия внешней торговли,Professional certification,,0
AFKS,Васадзе Леван Шиоевич,education,0,Тбилисский государственный университет имени Иванэ Джавахишвили,Specialist degree,master,1
AFKS,Васадзе Леван Шиоевич,education,1,"Goizueta Business School, Emory University",MBA,,1
AFKS,Васадзе Леван Шиоевич,degrees,0,"Goizueta Business School, Emory University",MBA,,1
AFLT,Александровский Сергей Владимирович,education,0,Российский государственный социальный университет,Specialist degree,master,0
AFLT,Бадеха Вадим Александрович,education,0,Уральский государственный юридический университет имени В.Ф. Яковлева,Specialist degree,master,0
AFLT,Бадеха Вадим Александрович,education,1,Самарский национальный исследовательский университет имени академика С.П. Королёва,Specialist degree,master,0
AFLT,Каменской Игорь Александрович,education,0,Московский педагогический государственный университет,Specialist degree,master,0
AFLT,Ликсутов Максим Станиславович,education,0,Российский экономический университет имени Г.В. Плеханова,Specialist degree,master,0
AFLT,Ликсутов Максим Станиславович,education,1,Международный юридический институт,Specialist degree,master,0
AFLT,Моисеев Алексей Владимирович,education,0,Государственный университет управления,Specialist degree,master,0
AFLT,Моисеев Алексей Владимирович,education,1,University of Rochester,MBA,,1
AFLT,Никитин Андрей Сергеевич,education,0,Государственный университет управления,Specialist degree,master,0
AFLT,Никитин Андрей Сергеевич,degrees,0,,Doctoral degree,doctoral,0
AFLT,Никитин Андрей Сергеевич,degrees,1,,Doctoral degree,doctoral,0
AFLT,Песков Дмитрий Николаевич,education,0,Воронежский государственный университет,Specialist degree,master,0
AFLT,Песков Дмитрий Николаевич,education,1,University of Manchester,Master's degree,master,1
AFLT,Песков Дмитрий Николаевич,degrees,0,,Master's degree,master,0
AFLT,Прокофьев Станислав Евгеньевич,education,0,Саратовский государственный технический университет имени Гагарина Ю.А.,Specialist degree,master,0
AFLT,Прокофьев Станислав Евгеньевич,education,1,Российская академия народного хозяйства и государственной службы при Президенте Российской Федерации,Professional certification,,0
AFLT,Прокофьев Станислав Евгеньевич,degrees,0,,Doctoral degree,doctoral,0
AFLT,Савельев Виталий Геннадьевич,education,0,Санкт-Петербургский политехнический университет Петра Великого,Specialist degree,master,0
AFLT,Савельев Виталий Геннадьевич,education,1,Санкт-Петербургский государственный экономический университет,Specialist degree,master,0
AFLT,Савельев Виталий Геннадьевич,degrees,0,,Doctoral degree,doctoral,0
AFLT,Чемезов Сергей Викторович,education,0,Байкальский государственный университет,Specialist degree,master,0
AFLT,Чемезов Сергей Викторович,education,1,Военная академия Генерального штаба Вооружённых Сил Российской Федерации,Executive education,,0
AFLT,Чемезов Сергей Викторович,degrees,0,,Doctoral degree,doctoral,0
AFLT,Чемезов Сергей Викторович,degrees,1,,,,0
AFLT,Шадаев Максут Игоревич,education,0,Российский государственный социальный университет,Specialist degree,master,0
AFLT,Чиханчин Андрей Юрьевич,education,0,Финансовый университет при Правительстве Российской Федерации,Specialist degree,master,0
AFLT,Чиханчин Андрей Юрьевич,degrees,0,,Doctoral degree,doctoral,0
AGRO,Липатов Тимур Владимирович,education,0,Национальный исследовательский университет «МЭИ»,Specialist degree,master,0
AGRO,Липатов Тимур Владимирович,education,1,Международный независимый эколого-политологический университет,Professional certification,,0
AGRO,Липатов Тимур Владимирович,education,2,"European School of Management and Technology, Berlin",MBA,,1
AGRO,Липатов Тимур Владимирович,degrees,0,"European School of Management and Technology, Berlin",MBA,,1
AKRN,Куницкий Владимир Яковлевич,education,0,Уральский федеральный университет имени первого Президента России Б.Н. Ельцина,Specialist degree,master,0
AKRN,Попов Александр Валериевич,education,0,Финансовый университет при Правительстве Российской Федерации,Specialist degree,master,0
AKRN,Гавриков Владимир Викторович,education,0,Новомосковский институт (филиал) РХТУ им. Д.И. Менделеева,Specialist degree,master,0
AKRN,Колосовский Андрей Леонидович,education,0,Ивановский государственный химико-технологический университет,Specialist degree,master,0
AKRN,Колосовский Андрей Леонидович,degrees,0,,Doctoral degree,doctoral,0
AKRN,Данильченко Нина Викторовна,education,0,Российский государственный геологоразведочный университет имени Серго Орджоникидзе,Specialist degree,master,0
AKRN,Корнышев Олег Александрович,education,0,Московский государственный юридический университет имени О.Е. Кутафина (МГЮА),Specialist degree,master,0
AKRN,Беликов Игорь Вячеславович,education,0,Воронежский государственный университет,Specialist degree,master,0
AKRN,Беликов Игорь Вячеславович,education,1,Институт Африки Российской академии наук,Doctoral degree,doctoral,0
AKRN,Беликов Игорь Вячеславович,education,2,Финансовый университет при Правительстве Российской Федерации,Professional certification,,0
AKRN,Беликов Игорь Вячеславович,degrees,0,,Doctoral degree,doctoral,0
AKRN,Дынкин Александр Александрович,education,0,Московский авиационный институт (национальный исследовательский университет),Specialist degree,master,0
AKRN,Дынкин Александр Александрович,education,1,Институт мировой экономики и международных отношений имени Е.М. Примакова РАН,Doctoral degree,doctoral,0
AKRN,Дынкин Александр Александрович,degrees,0,,Doctoral degree,doctoral,0
AKRN,Дынкин Александр Александрович,degrees,1,,Doctoral degree,doctoral,0
AKRN,Дынкин Александр Александрович,degrees,2,,Unknown,,0
AKRN,Швалюк Валерий Петрович,education,0,Московский политехнический университет,,,0
AKRN,Швалюк Валерий Петрович,education,1,Государственный университет управления,,,0
AKRN,Кантолинский Михаил Иосифович,education,0,Финансовый университет при Правительстве Российской Федерации,Specialist degree,master,0
AKRN,Кантолинский Михаил Иосифович,degrees,0,,Doctoral degree,doctoral,0
ALRS,Маринычев Павел Алексеевич,education,0,Новосибирская академия экономики и управления,Specialist degree,master,0
ALRS,Маринычев Павел Алексеевич,education,1,Московский институт нефтегазового бизнеса,Professional certification,,0
ALRS,Силуанов Антон Германович,education,0,Финансовый университет при Правительстве Российской Федерации,Specialist degree,master,0
ALRS,Силуанов Антон Германович,education,1,Финансовый университет при Правительстве Российской Федерации,Professional certification,,0
ALRS,Силуанов Антон Германович,education,2,Финансовый университет при Правительстве Российской Федерации,Professional certification,,0
ALRS,Силуанов Антон Германович,degrees,0,,Doctoral degree,doctoral,0
ALRS,Силуанов Антон Германович,degrees,1,,Doctoral degree,doctoral,0
ALRS,Силуанов Антон Германович,degrees,2,,,,0
ALRS,Николаев Айсен Сергеевич,education,0,Московский государственный университет имени М.В. Ломоносова,Specialist degree,master,0
ALRS,Николаев Айсен Сергеевич,education,1,Российская академия народного хозяйства и государственной службы при Президенте Российской Федерации,,,0
ALRS,Иванов Сергей Сергеевич,education,0,Московский государственный институт международных отношений (университет) Министерства иностранных дел Российской Федерации,Specialist degree,master,0
ALRS,Иванов Сергей Сергеевич,education,1,Московский государственный институт международных отношений (университет) Министерства иностранных дел Российской Федерации,Specialist degree,master,0
ALRS,Иванов Сергей Сергеевич,degrees,0,Российский экономический университет имени Г.В. Плеханова,Doctoral degree,doctoral,0
ALRS,Моисеев Алексей Владимирович,education,0,Государственный университет управления,Specialist degree,master,0
ALRS,Моисеев Алексей Владимирович,education,1,University of Rochester,MBA,,1
ALRS,Моисеев Алексей Владимирович,education,2,Финансовый университет при Правительстве Российской Федерации,Professional certification,,0
ALRS,Моисеев Алексей Владимирович,education,3,Российская академия народного хозяйства и государственной службы при Президенте Российской Федерации,Professional certification,,0
ALRS,Моисеев Алексей Владимирович,degrees,0,University of Rochester,MBA,,1
ALRS,Дяченко Сергей Николаевич,education,0,Санкт-Петербургский горный университет императрицы Екатерины II,Specialist degree,master,0
ALRS,Дяченко Сергей Николаевич,education,1,University of Pretoria,Master's degree,master,1
ALRS,Дяченко Сергей Николаевич,degrees,0,University of Pretoria,Master's degree,master,1
ALRS,Жондоров Валерий Алексеевич,education,0,Национальный исследовательский университет «МИЭТ»,Specialist degree,master,0
ALRS,Жондоров Валерий Алексеевич,education,1,Академия труда и социальных отношений,Specialist degree,master,0
ALRS,Жондоров Валерий Алексеевич,education,2,Российская академия народного хозяйства и государственной службы при Президенте Российской Федерации,Professional certification,,0
ALRS,Донец Андрей Иванович,education,0,Благовещенский государственный педагогический университет,Specialist degree,master,0
ALRS,Багынанов Павел Николаевич,education,0,Якутский финансово-экономический колледж,Secondary education,secondary,0
ALRS,Багынанов Павел Николаевич,education,1,Хабаровский государственный университет экономики и права,Specialist degree,master,0
ALRS,Багынанов Павел Николаевич,education,2,Российская академия народного хозяйства и государственной службы при Президенте Российской Федерации,,,0
ALRS,Григорьева Евгения Васильевна,education,0,Рижский институт инженеров гражданской авиации имени Ленинского комсомола,Specialist degree,master,1
ALRS,Григорьева Евгения Васильевна,education,1,Северо-Восточный федеральный университет имени М.К. Аммосова,Specialist degree,master,0
ALRS,Григорьева Евгения Васильевна,education,2,Дальневосточный институт управления - филиал РАНХиГС,Professional certification,,0
ALRS,Николаев Игорь Иванович,education,0,Государственный университет управления,,,0
ALRS,Рюмин Андрей Валерьевич,education,0,Московский государственный университет имени М.В. Ломоносова,Specialist degree,master,0
ALRS,Рюмин Андрей Валерьевич,degrees,0,,Doctoral degree,doctoral,0
ALRS,Фрадков Пётр Михайлович,education,0,Московский государственный институт международных отношений (университет) Министерства иностранных дел Российской Федерации,Specialist degree,master,0
ALRS,Фрадков Пётр Михайлович,education,1,Российская академия народного хозяйства и государственной службы при Президенте Российской Федерации,Doctoral degree,doctoral,0
ALRS,Фрадков Пётр Михайлович,education,2,Российская академия народного хозяйства и государственной службы при Президенте Российской Федерации,MBA,,0
ALRS,Фрадков Пётр Михайлович,education,3,Kingston University,MBA,,1
ALRS,Фрадков Пётр Михайлович,degrees,0,,Doctoral degree,doctoral,0
ALRS,Фрадков Пётр Михайлович,degrees,1,,MBA,,0
ALRS,Павленко Сергей Витальевич,education,0,Национальный исследовательский технологический университет «МИСиС»,Specialist degree,master,0
APTK,Кузин Александр Владимирович,education,0,Национальный исследовательский ядерный университет «МИФИ»,Specialist degree,master,0
APTK,Кузин Александр Владимирович,degrees,0,Московская международная высшая школа бизнеса «МИРБИС»,MBA,,0
AQUA,Соснов Илья Геннадьевич,education,0,Московский государственный университет имени М.В. Ломоносова,Specialist degree,master,0
AQUA,Чернова Екатерина Анатольевна,education,0,Финансовый университет при Правительстве Российской Федерации,Specialist degree,master,0
AQUA,Чернова Екатерина Анатольевна,education,1,Harvard Business School,Executive education,,1
AQUA,Чернова Екатерина Анатольевна,education,2,Association of Chartered Certified Accountants (ACCA),Professional certification,,0
AQUA,Аюпова Сайёра Якуповна,education,0,Ташкентский государственный университет востоковедения,Bachelor's degree,bachelor,1
AQUA,Аюпова Сайёра Якуповна,education,1,Institute of Directors (IoD),Professional certification,,0
AQUA,Аюпова Сайёра Якуповна,education,2,INSEAD,Executive education,,1
AQUA,Погуляев Владислав Юрьевич,education,0,Московский государственный университет имени М.В. Ломоносова,Bachelor's degree,bachelor,0
AQUA,Погуляев Владислав Юрьевич,education,1,Московская школа управления «Сколково»,MBA,,0
AQUA,Погуляев Владислав Юрьевич,education,2,,Professional certification,,0
AQUA,Погуляев Владислав Юрьевич,education,3,Саморегулируемая организация аудиторов «Аудиторская палата России»,Professional certification,,0
AQUA,Погуляев Владислав Юрьевич,education,4,CFA Institute,Professional certification,,0
AQUA,Погуляев Владислав Юрьевич,degrees,0,,Doctoral degree,doctoral,0
AQUA,Александров Владимир Валерьевич,education,0,Финансовый университет при Правительстве Российской Федерации,Bachelor's degree,bachelor,0
AQUA,Александров Владимир Валерьевич,education,1,Harvard Business School,MBA,,1
AQUA,Александров Владимир Валерьевич,degrees,0,Harvard Business School,MBA,,1
AQUA,Васильков Дмитрий Олегович,education,0,Московский государственный институт международных отношений (университет) Министерства иностранных дел Российской Федерации,Master's degree,master,0
AQUA,Васильков Дмитрий Олегович,degrees,0,Московский государственный институт международных отношений (университет) Министерства иностранных дел Российской Федерации,Master's degree,master,0
AQUA,Кащеев Роман Витальевич,education,0,Московский государственный университет имени М.В. Ломоносова,Master's degree,master,0
AQUA,Кащеев Роман Витальевич,education,1,International Compliance Association,Professional certification,,0
AQUA,Кащеев Роман Витальевич,degrees,0,Московский государственный университет имени М.В. Ломоносова,Master's degree,master,0
AQUA,Благирев Алексей Павлович,education,0,Российский государственный университет инновационных технологий и предпринимательства,Specialist degree,master,0
AQUA,Благирев Алексей Павлович,education,1,Association of Chartered Certified Accountants (ACCA),Professional certification,,0
AQUA,Василенко Анна Геннадьевна,education,0,Московский государственный университет имени М.В. Ломоносова,Unknown,,0
AQUA,Василенко Анна Геннадьевна,education,1,Московская школа управления «Сколково»,MBA,,0
AQUA,Василенко Анна Геннадьевна,education,2,Institute of Directors (IoD),Professional certification,,0
AQUA,Марченко Андрей Александрович,education,0,Московский государственный открытый университет имени В.С. Черномырдина,Specialist degree,master,0
AQUA,Марченко Андрей Александрович,education,1,Московский государственный университет имени М.В. Ломоносова,Unknown,doctoral,0
AQUA,Марченко Андрей Александрович,education,2,Федеральная служба по финансовым рынкам,Professional certification,,0
AQUA,Марченко Андрей Александрович,degrees,0,Московский государственный университет имени М.В. Ломоносова,Doctoral degree,doctoral,0
ASTR,Сивцев Илья Игоревич,education,0,,,,0
ASTR,Сивцев Илья Игоревич,education,1,Московская школа управления «Сколково»,,,0
ASTR,Прянишников Николай Николаевич,education,0,Московский автомобильно-дорожный государственный технический университет (МАДИ),Specialist degree,master,0
ASTR,Прянишников Николай Николаевич,education,1,Финансовый университет при Правительстве Российской Федерации,Specialist degree,master,0
ASTR,Прянишников Николай Николаевич,education,2,Высшая коммерческая школа Министерства внешних экономических связей и торговли Российской Федерации,MBA,,0
ASTR,Прянишников Николай Николаевич,degrees,0,,Doctoral degree,doctoral,0
ASTR,Фролов Денис Владимирович,education,0,Национальный исследовательский университет «Высшая школа экономики»,Bachelor's degree,bachelor,0
ASTR,Фролов Денис Владимирович,education,1,Национальный исследовательский университет «Высшая школа экономики»,Master's degree,master,0
ASTR,Фролов Денис Владимирович,education,2,"НПП ""Гамма""",Professional certification,,0
BANEP,Стрельцов Тимофей Михайлович,education,0,Новосибирский национальный исследовательский государственный университет,Specialist degree,master,0
BELU,Прохоров Константин Анатольевич,education,0,Приморская государственная сельскохозяйственная академия,Specialist degree,master,0
BELU,Белокопытов Николай Владимирович,education,0,Дальневосточный федеральный университет,Specialist degree,master,0
BELU,Гукасян Мелине Генриковна,education,0,Кубанский государственный университет,Specialist degree,master,0
BELU,Гукасян Мелине Генриковна,education,1,Российский экономический университет имени Г.В. Плеханова,Specialist degree,master,0
BELU,Гукасян Мелине Генриковна,education,2,INSEAD,MBA,,1
BELU,Иконников Александр Вячеславович,education,0,Российский государственный университет нефти и газа (национальный исследовательский университет) имени И.М. Губкина,Specialist degree,master,0
BELU,Иконников Александр Вячеславович,education,1,Institute of Directors (IoD),Professional certification,,0
BELU,Иконников Александр Вячеславович,education,2,Институт корпоративных директоров Австралии,Professional certification,,0
BELU,Иконников Александр Вячеславович,degrees,0,Российский государственный университет нефти и газа (национальный исследовательский университет) имени И.М. Губкина,Doctoral degree,doctoral,0
BELU,Купцов Сергей Александрович,education,0,Дальневосточный федеральный университет,,,0
BELU,Крачковский Александр Борисович,education,0,Дальневосточный федеральный университет,Specialist degree,master,0
BELU,Мечетин Александр Анатольевич,education,0,Дальневосточный федеральный университет,Specialist degree,master,0
BELU,Мечетин Александр Анатольевич,education,1,Дальневосточный федеральный университет,Specialist degree,master,0
BELU,Мечетин Александр Анатольевич,education,2,University of Oxford,MBA,,1
BELU,Мечетин Александр Анатольевич,degrees,0,,Doctoral degree,doctoral,0
BELU,Молчанов Сергей Витальевич,education,0,Дальневосточный федеральный университет,Specialist degree,master,0
BELU,Молчанов Сергей Витальевич,education,1,University of Maryland University College,Bachelor's degree,bachelor,1
BELU,Ордовский-Танаевский Бланко Ростислав,education,0,"Университет имени Симона Боливара, Каракас, Венесуэла",Bachelor's degree,bachelor,1
BSPB,Савельев Александр Васильевич,education,0,Казанский национальный исследовательский технический университет имени А.Н. Туполева — КАИ,Specialist degree,master,0
BSPB,Иванникова Елена Викторовна,education,0,Київський національний економічний університет імені Вадима Гетьмана,Specialist degree,master,1
CBOM,Маликова Дина Ринатовна,education,0,Казанский (Приволжский) федеральный университет,Specialist degree,master,0
CBOM,Маликова Дина Ринатовна,education,1,The Open University,Executive education,,1
CBOM,Маликова Дина Ринатовна,degrees,0,Казанский (Приволжский) федеральный университет,Doctoral degree,doctoral,0
CHMF,Шевелёв Александр Анатольевич,education,0,Вологодская государственная молочнохозяйственная академия имени Н.В. Верещагина,Specialist degree,master,0
CHMF,Шевелёв Александр Анатольевич,education,1,Санкт-Петербургский политехнический университет Петра Великого,Specialist degree,master,0
CHMF,Шевелёв Александр Анатольевич,education,2,Northumbria University,MBA,,1
CHMF,Шевелёв Александр Анатольевич,degrees,0,Northumbria University,MBA,,1
CHMF,Мордашов Алексей Александрович,education,0,Санкт-Петербургский государственный экономический университет,Specialist degree,master,0
CHMF,Мордашов Алексей Александрович,education,1,Northumbria University,MBA,,1
CHMF,Мордашов Алексей Александрович,degrees,0,Northumbria University,MBA,,1
CHMK,Капнин Владимир Викторович,education,0,Национальный исследовательский технологический университет «МИСиС»,Specialist degree,master,0
CHMK,Капнин Владимир Викторович,degrees,0,Национальный исследовательский технологический университет «МИСиС»,Doctoral degree,doctoral,0
CIAN,Григорьев Дмитрий Константинович,education,0,Национальный исследовательский университет «МИЭТ»,Specialist degree,master,0
CIAN,Мельников Максим Анатольевич,education,0,Финансовый университет при Правительстве Российской Федерации,Master's degree,master,0
CIAN,Мельников Максим Анатольевич,education,1,Stanford Graduate School of Business,MBA,,1
CIAN,Мельников Максим Анатольевич,degrees,0,Финансовый университет при Правительстве Российской Федерации,Master's degree,master,0
CIAN,Мельников Максим Анатольевич,degrees,1,Stanford Graduate School of Business,MBA,,1
DATA,Пустовой Максим Владимирович,education,0,Московский государственный университет имени М.В. Ломоносова,Specialist degree,master,0
DATA,Пустовой Максим Владимирович,education,1,Национальный исследовательский ядерный университет «МИФИ»,Specialist degree,master,0
DATA,Пустовой Максим Владимирович,education,2,IE Business School,MBA,,1
DATA,Пустовой Максим Владимирович,education,3,Государственный университет управления,MBA,,0
DATA,Жуков Андрей,education,0,Национальный исследовательский технологический университет «МИСиС»,Specialist degree,master,0
DATA,Бушуева Екатерина Андреевна,education,0,Финансовый университет при Правительстве Российской Федерации,Master's degree,master,0
DATA,Бушуева Екатерина Андреевна,education,1,Association of Chartered Certified Accountants (ACCA),Professional certification,,0
DATA,Гревцев Виктор Викторович,education,0,Уральский федеральный университет имени первого Президента России Б.Н. Ельцина,Specialist degree,master,0
DATA,Муницына Мария Анатольевна,education,0,Московский государственный институт международных отношений (университет) Министерства иностранных дел Российской Федерации,Specialist degree,master,0
DELI,Бехтина Елена Александровна,education,0,"НИУ ""Высшая школа экономики""",Bachelor's degree,bachelor,0
DELI,Бехтина Елена Александровна,degrees,0,"НИУ ""Высшая школа экономики""",Bachelor's degree,bachelor,0
DELI,Лойко Михаил,education,0,МГУ имени М. В. Ломоносова,Unknown,,0
DELI,Лойко Михаил,education,1,РАНХиГС,MBA,,0
DELI,Лойко Михаил,education,2,Kingston University London / РАНХиГС,MBA,,0
DELI,Лойко Михаил,degrees,0,РАНХиГС,MBA,,0
DELI,Лойко Михаил,degrees,1,Kingston University London / РАНХиГС,MBA,,0
DELI,Коновальчук Виталий,education,0,"Школа бизнеса ""Синергия""",MBA,,0
DELI,Коновальчук Виталий,education,1,Киевский национальный экономический университет имени Вадима Гетьмана,Master's degree,master,1
DELI,Коновальчук Виталий,degrees,0,"Школа бизнеса ""Синергия""",MBA,,0
DELI,Коновальчук Виталий,degrees,1,Киевский национальный экономический университет имени Вадима Гетьмана,Master's degree,master,1
DELI,Чарухин Денис Юрьевич,education,0,Финансовый университет / ВГНА,Specialist degree,master,0
DELI,Чарухин Денис Юрьевич,education,1,РАНХиГС,Executive education,,0
DELI,Чарухин Денис Юрьевич,degrees,0,Финансовый университет при Правительстве Российской Федерации,Doctoral degree,doctoral,0
DELI,Алгульян Даниил Валерьевич,education,0,МГИМО,Specialist degree,master,0
DELI,Алгульян Даниил Валерьевич,education,1,МГИМО,Master's degree,master,0
DELI,Алгульян Даниил Валерьевич,education,2,МГИМО,Specialist degree,master,0
DELI,Алгульян Даниил Валерьевич,education,3,London Business School,MBA,,1
DELI,Алгульян Даниил Валерьевич,degrees,0,London Business School,MBA,,1
DELI,Алгульян Даниил Валерьевич,degrees,1,МГИМО,Master's degree,master,0
DELI,Артюх Константин Юрьевич,education,0,Российский университет дружбы народов,Specialist degree,master,0
DELI,Артюх Константин Юрьевич,education,1,Университет Валенсии,Unknown,,1
DELI,Артюх Константин Юрьевич,education,2,Школа бизнеса Бута Университета Чикаго,MBA,,0
DELI,Артюх Константин Юрьевич,degrees,0,Российский университет дружбы народов,Doctoral degree,doctoral,0
DELI,Артюх Константин Юрьевич,degrees,1,University of Chicago Booth School of Business,MBA,,1
DELI,Гюванч Донмез,education,0,Босфорский университет,Bachelor's degree,bachelor,1
DELI,Меликян Артур Борисович,education,0,Российская правовая академия Министерства юстиции Российской Федерации,Specialist degree,master,0
DELI,Меликян Артур Борисович,education,1,"НИУ ""Высшая школа экономики""",Specialist degree,master,0
DELI,Меликян Артур Борисович,education,2,Северо-Западная академия государственной службы,Specialist degree,master,0
DELI,Меликян Артур Борисович,degrees,0,Российская правовая академия Министерства юстиции Российской Федерации,Doctoral degree,doctoral,0
DELI,Полещук Ярослав Николаевич,education,0,"Московский государственный университет экономики, статистики и информатики",Unknown,,0
DELI,Саволайнен Ольга Викторовна,education,0,Санкт-Петербургский университет МВД России,Specialist degree,master,0
DELI,Садовин Владимир Альбертович,education,0,МГИМО МИД Российской Федерации,Specialist degree,master,0
DELI,Чораян Григорий Ованесович,education,0,Ростовский государственный университет / Южный федеральный университет,Specialist degree,master,0
DELI,Чораян Григорий Ованесович,education,1,Murray State University,Master's degree,master,1
DELI,Чораян Григорий Ованесович,degrees,0,Murray State University,Master's degree,master,1
DELI,Чораян Григорий Ованесович,degrees,1,Ростовский государственный университет,Doctoral degree,doctoral,0
DIAS,Глазков Александр Валериевич,education,0,Московский авиационный институт (национальный исследовательский университет),Specialist degree,master,0
DIAS,Глазков Александр Валериевич,degrees,0,,Doctoral degree,doctoral,0
DIAS,Бочкарев Сергей Викторович,education,0,Киевское высшее военное инженерное дважды Краснознамённое училище имени М.И. Калинина,Specialist degree,master,1
DIAS,Бочкарев Сергей Викторович,education,1,Международный институт переподготовки кадров Санкт-Петербургской государственной инженерной академии,Professional certification,,0
DIAS,Бочкарев Сергей Викторович,degrees,0,,Doctoral degree,doctoral,0
DIAS,Ляшков Александр Анатольевич,education,0,Московский государственный технический университет имени Н.Э. Баумана,Specialist degree,master,0
DIAS,Лебедев Дмитрий Владимирович,education,0,Национальный исследовательский университет «МИЭТ»,Specialist degree,master,0
DIAS,Бабкин Алексей Анатольевич,education,0,Национальный исследовательский университет «МИЭТ»,Specialist degree,master,0
DIAS,Таскаева Татьяна Петровна,education,0,Московский государственный технический университет имени Н.Э. Баумана,,,0
DIAS,Клишина Екатерина Александровна,education,0,Государственный университет «Дубна»,Specialist degree,master,0
DIAS,Клишина Екатерина Александровна,education,1,Государственный университет «Дубна»,Bachelor's degree,bachelor,0
DVEC,Кимерин Владимир Анатольевич,education,0,Уфимский государственный нефтяной технический университет,Specialist degree,master,0
DVEC,Кимерин Владимир Анатольевич,education,1,Российская академия народного хозяйства и государственной службы при Президенте Российской Федерации,Executive education,,0
DVEC,Кимерин Владимир Анатольевич,degrees,0,,Doctoral degree,doctoral,0
DVEC,Власов Алексей Валерьевич,education,0,,,,0
DVEC,Бельченко Антон Леонидович,education,0,Государственный университет управления,Specialist degree,master,0
DVEC,Борисенко Вера Валентиновна,education,0,,,,0
DVEC,Кабанова Лариса Владимировна,education,0,Московская государственная академия легкой промышленности,Specialist degree,master,0
DVEC,Коптяков Станислав Сергеевич,education,0,Национальный исследовательский Томский государственный университет,Specialist degree,master,0
DVEC,Коптяков Станислав Сергеевич,education,1,Национальный исследовательский Томский государственный университет,Specialist degree,master,0
DVEC,Осенкова Ксения Геннадьевна,education,0,,,,0
DVEC,Сорокин Роман Юрьевич,education,0,Современная гуманитарная академия,Bachelor's degree,bachelor,0
DVEC,Сорокин Роман Юрьевич,education,1,Российский экономический университет имени Г.В. Плеханова,,,0
DVEC,Стороженко Виталий Анатольевич,education,0,Благовещенский технологический институт,Specialist degree,master,0
DVEC,Стороженко Виталий Анатольевич,education,1,Амурский государственный университет,Specialist degree,master,0
DVEC,Тюльпанов Евгений Викторович,education,0,,,,0
DVEC,Ажимов Олег Евгеньевич,education,0,Уральский федеральный университет имени первого Президента России Б.Н. Ельцина,Specialist degree,master,0
DVEC,Ажимов Олег Евгеньевич,education,1,Уральский федеральный университет имени первого Президента России Б.Н. Ельцина,Specialist degree,master,0
DVEC,Ажимов Олег Евгеньевич,education,2,Российская академия народного хозяйства и государственной службы при Президенте Российской Федерации,Executive education,,0
DVEC,Ажимов Олег Евгеньевич,degrees,0,,Professional certification,,0
DVEC,Ажимов Олег Евгеньевич,degrees,1,,Professional certification,,0
DVEC,Доланова Елена Федоровна,education,0,,,,0
DVEC,Меделец Светлана Юрьевна,education,0,,,,0
DVEC,Коломиец Владимир Александрович,education,0,,,,0
DVEC,Дьяченко Ксения Юрьевна,education,0,,,,0
ELFV,Тналин Алибек Айбекович,education,0,Московский государственный институт международных отношений (университет) Министерства иностранных дел Российской Федерации,Specialist degree,master,0
ELFV,Атцени Москвитин Матвей Владимирович,education,0,University of Cagliari,Unknown,,1
ELFV,Атцени Москвитин Матвей Владимирович,education,1,Государственный университет управления,MBA,,0
ELFV,Атцени Москвитин Матвей Владимирович,degrees,0,Государственный университет управления,MBA,,0
ELFV,Верещагин Михаил Игоревич,education,0,Российский химико-технологический университет имени Д.И. Менделеева,Specialist degree,master,0
ELFV,Верещагин Михаил Игоревич,education,1,Bocconi University,Executive education,,1
ELFV,Верещагин Михаил Игоревич,education,2,Московский гештальт-институт,Professional certification,,0
ELFV,Верещагин Михаил Игоревич,education,3,Московская международная высшая школа бизнеса «МИРБИС»,Master's degree,master,0
ELFV,Верещагин Михаил Игоревич,degrees,0,Московская международная высшая школа бизнеса «МИРБИС»,Master's degree,master,0
ELFV,Косменюк Олег Николаевич,education,0,Павлодарский государственный университет,Specialist degree,master,1
ELFV,Косменюк Олег Николаевич,education,1,Павлодарский монтажный колледж,Secondary education,secondary,1
ELFV,Леонова Нина Васильевна,education,0,Российский экономический университет имени Г.В. Плеханова,Master's degree,master,0
ELFV,Седова Жанна Игоревна,education,0,Пермский государственный национальный исследовательский университет,Specialist degree,master,0
ELFV,Седова Жанна Игоревна,degrees,0,Российская академия народного хозяйства и государственной службы при Президенте Российской Федерации,Doctoral degree,doctoral,0
ELFV,Седова Жанна Игоревна,degrees,1,Российская академия народного хозяйства и государственной службы при Президенте Российской Федерации,Doctoral degree,doctoral,0
ELFV,Рачкин Сергей Владимирович,education,0,Московский психолого-социальный институт,Specialist degree,master,0
ELFV,Рачкин Сергей Владимирович,education,1,Конаковский энергетический колледж,Secondary education,secondary,0
ELFV,Рожина Лариса Николаевна,education,0,Ростовский государственный экономический университет (РИНХ),Unknown,,0
ELFV,Юзефович Елена Константиновна,education,0,Russian New University,Unknown,,0
ELFV,Юзефович Елена Константиновна,education,1,Финансовый университет при Правительстве Российской Федерации,Specialist degree,master,0
ENPG,Колмогоров Владимир Васильевич,education,0,Новосибирский государственный технический университет,Specialist degree,master,0
ENPG,Колмогоров Владимир Васильевич,degrees,0,Российская академия народного хозяйства и государственной службы при Президенте Российской Федерации,Doctoral degree,doctoral,0
ENPG,Колмогоров Владимир Васильевич,degrees,1,,Doctoral degree,doctoral,0
ENPG,Колмогоров Владимир Васильевич,degrees,2,,Doctoral degree,doctoral,0
ENPG,Малевинская Анна Александровна,education,0,Российский экономический университет имени Г.В. Плеханова,Specialist degree,master,0
ENPG,Малевинская Анна Александровна,education,1,Association of Chartered Certified Accountants (ACCA),Professional certification,,0
ENPG,Малевинская Анна Александровна,degrees,0,Московский государственный университет имени М.В. Ломоносова,Doctoral degree,doctoral,0
ENPG,Погосбеков Давид Дешенович,education,0,Финансовый университет при Правительстве Российской Федерации,Specialist degree,master,0
ENPG,Погосбеков Давид Дешенович,degrees,0,Финансовый университет при Правительстве Российской Федерации,MBA,,0
ENPG,Данилов Александр,education,0,Московский государственный институт международных отношений (университет) Министерства иностранных дел Российской Федерации,Specialist degree,master,0
ENPG,Данилов Александр,education,1,University of Michigan,Master's degree,master,1
ENPG,Данилов Александр,education,2,University of Chicago Booth School of Business,MBA,,1
ENPG,Данилов Александр,degrees,0,University of Michigan,Master's degree,master,1
ENPG,Данилов Александр,degrees,1,University of Chicago Booth School of Business,MBA,,1
ENPG,Санарова Ольга,education,0,Красноярский государственный университет (впоследствии Сибирский федеральный университет),Specialist degree,master,0
ENPG,Бахтина Ирина,education,0,Дальневосточный федеральный университет,Specialist degree,master,0
ENPG,Бахтина Ирина,education,1,MIT Sloan School of Management,MBA,,1
ENPG,Бахтина Ирина,education,2,INSEAD,,,1
ENPG,Бахтина Ирина,education,3,Высшая школа менеджмента Санкт-Петербургского государственного университета,,,0
ENPG,Бахтина Ирина,degrees,0,MIT Sloan School of Management,MBA,,1
ENPG,Бахтина Ирина,degrees,1,,,doctoral,0
ENPG,Кристофер Бэнкрофт Бернэм (Christopher Bancroft Burnham),education,0,Washington and Lee University,Bachelor's degree,bachelor,1
ENPG,Кристофер Бэнкрофт Бернэм (Christopher Bancroft Burnham),education,1,Harvard University / Harvard Kennedy School,Master's degree,master,1
ENPG,Кристофер Бэнкрофт Бернэм (Christopher Bancroft Burnham),education,2,Georgetown University,,,1
ENPG,Кристофер Бэнкрофт Бернэм (Christopher Bancroft Burnham),degrees,0,Washington and Lee University,Bachelor's degree,bachelor,1
ENPG,Кристофер Бэнкрофт Бернэм (Christopher Bancroft Burnham),degrees,1,Harvard University / Harvard Kennedy School,Master's degree,master,1
ENPG,Галенская Людмила Петровна,education,0,Иркутский государственный университет,Specialist degree,master,0
ENPG,Тэргуд Маршалл Мл. (Thurgood Marshall Jr.),education,0,University of Virginia,Bachelor's degree,bachelor,1
ENPG,Тэргуд Маршалл Мл. (Thurgood Marshall Jr.),education,1,University of Virginia,Doctoral degree,doctoral,1
ENPG,Тэргуд Маршалл Мл. (Thurgood Marshall Jr.),degrees,0,University of Virginia,Bachelor's degree,bachelor,1
ENPG,Тэргуд Маршалл Мл. (Thurgood Marshall Jr.),degrees,1,University of Virginia,Doctoral degree,doctoral,1
ENPG,Джеймс У. Рэйдер (J.W. Rader),education,0,University of Arkansas,Bachelor's degree,bachelor,1
ENPG,Джеймс У. Рэйдер (J.W. Rader),education,1,University of Arkansas,Doctoral degree,doctoral,1
ENPG,Джеймс У. Рэйдер (J.W. Rader),education,2,Georgetown University Law Center,Master's degree,master,1
ENPG,Джеймс У. Рэйдер (J.W. Rader),degrees,0,University of Arkansas,Bachelor's degree,bachelor,1
ENPG,Джеймс У. Рэйдер (J.W. Rader),degrees,1,University of Arkansas,Doctoral degree,doctoral,1
ENPG,Джеймс У. Рэйдер (J.W. Rader),degrees,2,Georgetown University Law Center,Master's degree,master,1
ENPG,Фокина Жанна Сергеевна,education,0,Сибирский федеральный университет,,,0
ENPG,Шаронов Андрей Владимирович,education,0,Уфимский университет науки и технологий,Specialist degree,master,0
ENPG,Шаронов Андрей Владимирович,education,1,Российская академия народного хозяйства и государственной службы при Президенте Российской Федерации,Doctoral degree,doctoral,0
ENPG,Шаронов Андрей Владимирович,education,2,Bocconi University,Doctoral degree,doctoral,1
ENPG,Шаронов Андрей Владимирович,degrees,0,,Doctoral degree,doctoral,0
ENPG,Шаронов Андрей Владимирович,degrees,1,Bocconi University,Doctoral degree,doctoral,1
ENPG,Джеймс Шваб (James Schwab),education,0,United States Naval Academy,Bachelor's degree,bachelor,1
ENPG,Джеймс Шваб (James Schwab),education,1,Harvard Business School,MBA,,1
ENPG,Джеймс Шваб (James Schwab),degrees,0,United States Naval Academy,Bachelor's degree,bachelor,1
ENPG,Джеймс Шваб (James Schwab),degrees,1,Harvard Business School,MBA,,1
ENPG,Яновский Андрей Владимирович,education,0,Рижское высшее военное авиационное инженерное училище имени Якова Алксниса,,,1
ENPG,Яновский Андрей Владимирович,education,1,Kingston University,MBA,,1
ENPG,Яновский Андрей Владимирович,degrees,0,Kingston University,MBA,,1
ENPG,Гераскин Вадим Викторович,education,0,Московский государственный университет имени М.В. Ломоносова,Specialist degree,master,0
ENPG,Горбатова Анастасия Владимировна,education,0,Московский государственный институт международных отношений (университет) Министерства иностранных дел Российской Федерации,Specialist degree,master,0
ENPG,Плугарь Андрей Георгиевич,education,0,Московский государственный институт международных отношений (университет) Министерства иностранных дел Российской Федерации,Specialist degree,master,0
ENPG,Филина Ольга Владимировна,education,0,Moscow State University of Culture and Arts,Bachelor's degree,bachelor,0
ENPG,Филина Ольга Владимировна,education,1,Российский университет кооперации,,,0
ENPG,Филина Ольга Владимировна,degrees,0,Moscow State University of Culture and Arts,Bachelor's degree,bachelor,0
ETLN,Бузулуцкий Михаил Игоревич,education,0,Санкт-Петербургский государственный экономический университет,Specialist degree,master,0
ETLN,Бузулуцкий Михаил Игоревич,education,1,Российский экономический университет имени Г.В. Плеханова,Doctoral degree,doctoral,0
ETLN,Бузулуцкий Михаил Игоревич,education,2,Российский экономический университет имени Г.В. Плеханова,MBA,,0
ETLN,Бузулуцкий Михаил Игоревич,degrees,0,,Doctoral degree,doctoral,0
ETLN,Егоров Сергей Валерьевич,education,0,Кыргызский национальный университет,Specialist degree,master,1
ETLN,Щербина Геннадий Филиппович,education,0,Балашовское высшее военное авиационное училище лётчиков,Specialist degree,master,0
ETLN,Щербина Геннадий Филиппович,education,1,Военно-морская академия имени Маршала Советского Союза А.А. Гречко,Executive education,,0
ETLN,Щербина Геннадий Филиппович,education,2,Санкт-Петербургский государственный архитектурно-строительный университет,Executive education,,0
ETLN,Щербина Геннадий Филиппович,degrees,0,,Doctoral degree,doctoral,0
ETLN,Щербина Геннадий Филиппович,degrees,1,,Doctoral degree,doctoral,0
ETLN,Волошин Александр Стальевич,education,0,Российский университет транспорта,Specialist degree,master,0
ETLN,Волошин Александр Стальевич,education,1,Всероссийская академия внешней торговли,Professional certification,,0
ETLN,Оглоблина Марина Евгеньевна,education,0,Финансовый университет при Правительстве Российской Федерации,Specialist degree,master,0
ETLN,Оглоблина Марина Евгеньевна,degrees,0,,Doctoral degree,doctoral,0
ETLN,Пыльцов Виталий Николаевич,education,0,Финансовый университет при Правительстве Российской Федерации,Specialist degree,master,0
ETLN,Пыльцов Виталий Николаевич,education,1,Humboldt-Universität zu Berlin,Incomplete higher education,,1
ETLN,Крифтис Андреас,education,0,University of Manchester,Bachelor's degree,bachelor,1
ETLN,Крифтис Андреас,degrees,0,,Professional certification,,0
EUTR,Алексеенков Олег Олегович,education,0,Вебстерский университет США,MBA,,1
EUTR,Мартышов Игорь Юрьевич,education,0,Московская государственная юридическая академия,Specialist degree,master,0
EUTR,Мартышов Игорь Юрьевич,education,1,Институт переподготовки и повышения квалификации кадров по финансово-банковским специальностям Финансовой академии при Правительстве РФ,Professional certification,,0
EUTR,Мартышов Игорь Юрьевич,education,2,Институт профессиональных бухгалтеров и аудиторов России,Professional certification,,0
EUTR,Алексеенков Сергей Олегович,education,0,МГТУ им. Н.Э. Баумана,Specialist degree,master,0
EUTR,Алексеенков Сергей Олегович,education,1,Московский университет МВД России,,,0
EUTR,Алексеенков Сергей Олегович,degrees,0,,Doctoral degree,doctoral,0
EUTR,Дорошенко Николай Николаевич,education,0,Московский ордена Трудового Красного Знамени текстильный институт,Specialist degree,master,0
EUTR,Дорошенко Николай Николаевич,education,1,ВНИИ легкого и текстильного машиностроения,Doctoral degree,doctoral,0
EUTR,Дорошенко Николай Николаевич,degrees,0,,Doctoral degree,doctoral,0
EUTR,Панкратьева Наталья Михайловна,education,0,Московская гуманитарно-социальная академия,Specialist degree,master,0
EUTR,Шемякин Борис Олегович,education,0,Серпуховское высшее военное командное училище им. Ленинского комсомола,Specialist degree,master,0
EUTR,Шемякин Борис Олегович,degrees,0,,Doctoral degree,doctoral,0
EUTR,Сафонов Олег Петрович,education,0,Государственная финансовая академия при Правительстве РФ,Specialist degree,master,0
EUTR,Сафонов Олег Петрович,education,1,Военный университет МО РФ,Doctoral degree,doctoral,0
EUTR,Сафонов Олег Петрович,degrees,0,,Doctoral degree,doctoral,0
EUTR,Сигова Мария Викторовна,education,0,Санкт-Петербургский государственный университет экономики и финансов,Specialist degree,master,0
EUTR,Сигова Мария Викторовна,degrees,0,,Doctoral degree,doctoral,0
EUTR,Сигова Мария Викторовна,degrees,1,,Doctoral degree,doctoral,0
EUTR,Хазин Андрей Леонидович,education,0,"Санкт-Петербургский институт внешнеэкономических связей, экономики и права",Specialist degree,master,0
EUTR,Хазин Андрей Леонидович,education,1,"Санкт-Петербургский институт внешнеэкономических связей, экономики и права",Specialist degree,master,0
EUTR,Хазин Андрей Леонидович,education,2,Российская академия государственной службы при Президенте РФ,Professional certification,,0
EUTR,Хазин Андрей Леонидович,degrees,0,,Doctoral degree,doctoral,0
EUTR,Хазин Андрей Леонидович,degrees,1,,,,0
EUTR,Депутатов Георгий Юрьевич,education,0,Российская экономическая академия им. Г.В. Плеханова,Specialist degree,master,0
FEES,Рюмин Андрей Валерьевич,education,0,Московский государственный университет имени М.В. Ломоносова,Specialist degree,master,0
FEES,Рюмин Андрей Валерьевич,degrees,0,Институт проблем рынка Российской академии наук,Doctoral degree,doctoral,0
FEES,Муров Андрей Евгеньевич,education,0,Санкт-Петербургский государственный университет,Specialist degree,master,0
FEES,Муров Андрей Евгеньевич,education,1,Межотраслевой институт повышения квалификации и переподготовки руководящих кадров,Professional certification,,0
FEES,Муров Андрей Евгеньевич,education,2,Санкт-Петербургский государственный университет гражданской авиации,Specialist degree,master,0
FEES,Муров Андрей Евгеньевич,degrees,0,Санкт-Петербургский государственный экономический университет,Doctoral degree,doctoral,0
FEES,Краинский Даниил Владимирович,education,0,Московский государственный юридический университет имени О.Е. Кутафина (МГЮА),Specialist degree,master,0
FEES,Ляпунов Евгений Викторович,education,0,Ивановский государственный энергетический университет имени В.И. Ленина,Specialist degree,master,0
FEES,Мольский Алексей Валерьевич,education,0,Национальный исследовательский университет «МЭИ»,Specialist degree,master,0
FEES,Полинов Алексей Александрович,education,0,Национальный исследовательский Московский государственный строительный университет,Specialist degree,master,0
FEES,Полинов Алексей Александрович,degrees,0,,Doctoral degree,doctoral,0
FEES,Харитонов Владимир Вячеславович,education,0,Российский университет дружбы народов имени Патриса Лумумбы,Master's degree,master,0
FEES,Харитонов Владимир Вячеславович,education,1,Российская академия народного хозяйства и государственной службы при Президенте Российской Федерации,MBA,,0
FEES,Харитонов Владимир Вячеславович,degrees,0,Российский университет дружбы народов имени Патриса Лумумбы,Doctoral degree,doctoral,0
FEES,Новак Александр Валентинович,education,0,Норильский государственный индустриальный институт,Specialist degree,master,0
FEES,Новак Александр Валентинович,education,1,Московский государственный университет имени М.В. Ломоносова,Specialist degree,master,0
FEES,Макаров Владимир Александрович,education,0,Московский государственный юридический университет имени О.Е. Кутафина (МГЮА),Specialist degree,master,0
FEES,Ульянов Антон Сергеевич,education,0,Московский государственный юридический университет имени О.Е. Кутафина (МГЮА),Specialist degree,master,0
FEES,Ульянов Антон Сергеевич,education,1,"АНО ДПО ""Институт внутренних аудиторов""",Professional certification,,0
FESH,Иванов Петр Валерьевич,education,0,Финансовый университет при Правительстве Российской Федерации,Specialist degree,master,0
FESH,Иванов Петр Валерьевич,education,1,Московский государственный юридический университет имени О.Е. Кутафина (МГЮА),Specialist degree,master,0
FESH,Иванов Петр Валерьевич,degrees,0,,Doctoral degree,doctoral,0
FESH,Плотников Юрий Олегович,education,0,Академия ФСБ России,Specialist degree,master,0
FESH,Плотников Юрий Олегович,education,1,Российская академия народного хозяйства и государственной службы при Президенте Российской Федерации,Specialist degree,master,0
FIVE,Шехтерман Игорь Владимирович,education,0,Калининградский государственный технический университет,Bachelor's degree,bachelor,0
FIVE,Шехтерман Игорь Владимирович,education,1,Institute d'Administration des Enterprises,,,0
FIVE,Шехтерман Игорь Владимирович,education,2,Danish Management School,,,1
FIVE,Шехтерман Игорь Владимирович,degrees,0,Калининградский государственный технический университет,Bachelor's degree,bachelor,0
FIVE,Шехтерман Игорь Владимирович,degrees,1,Institute d'Administration des Enterprises,,,0
FIVE,Шехтерман Игорь Владимирович,degrees,2,Danish Management School,,,1
FIVE,Лобачева Екатерина Владимировна,education,0,Российская академия народного хозяйства и государственной службы при Президенте Российской Федерации,Specialist degree,master,0
FIVE,Лобачева Екатерина Владимировна,education,1,Российский экономический университет имени Г.В. Плеханова,Specialist degree,master,0
FIVE,Лобачева Екатерина Владимировна,education,2,IMD Business School,MBA,,1
FIVE,Лобачева Екатерина Владимировна,degrees,0,Российская академия народного хозяйства и государственной службы при Президенте Российской Федерации,Specialist degree,master,0
FIVE,Лобачева Екатерина Владимировна,degrees,1,Российский экономический университет имени Г.В. Плеханова,Specialist degree,master,0
FIVE,Лобачева Екатерина Владимировна,degrees,2,IMD Business School,MBA,,1
FIVE,Ворона Иван Николаевич,education,0,University of Maryland University College,Bachelor's degree,bachelor,1
FIVE,Ворона Иван Николаевич,education,1,Дальневосточный федеральный университет,Specialist degree,master,0
FIVE,Ворона Иван Николаевич,education,2,University of Chicago Booth School of Business,MBA,,1
FIVE,Ворона Иван Николаевич,degrees,0,University of Maryland University College,Bachelor's degree,bachelor,1
FIVE,Ворона Иван Николаевич,degrees,1,Дальневосточный федеральный университет,Specialist degree,master,0
FIVE,Ворона Иван Николаевич,degrees,2,University of Chicago Booth School of Business,MBA,,1
FIVE,Ворона Иван Николаевич,degrees,3,,Professional certification,,0
FIVE,Мурашкин Андрей Игоревич,education,0,Новгородский государственный университет имени Ярослава Мудрого,Specialist degree,master,0
FIVE,Мурашкин Андрей Игоревич,education,1,Новгородский государственный университет имени Ярослава Мудрого,Doctoral degree,doctoral,0
FIVE,Мурашкин Андрей Игоревич,degrees,0,Новгородский государственный университет имени Ярослава Мудрого,Specialist degree,master,0
FIVE,Мурашкин Андрей Игоревич,degrees,1,Новгородский государственный университет имени Ярослава Мудрого,Doctoral degree,doctoral,0
FIXP,Кирсанов Дмитрий Николаевич,education,0,The Open University,,,1
FIXP,Кирсанов Дмитрий Николаевич,education,1,International Business Academy,,,0
FIXP,Кирсанов Дмитрий Николаевич,education,2,Российский экономический университет имени Г.В. Плеханова,MBA,,0
FIXP,Кирсанов Дмитрий Николаевич,degrees,0,The Open University,,,1
FIXP,Погонин Владимир Петрович,education,0,Serpukhov Higher Military Engineering School of Missile Forces,Specialist degree,master,0
FIXP,Погонин Владимир Петрович,degrees,0,Serpukhov Higher Military Engineering School of Missile Forces,Specialist degree,master,0
FLOT,Тонковидов Игорь Васильевич,education,0,Одесский институт инженеров морского флота,Specialist degree,master,1
FLOT,Тонковидов Игорь Васильевич,education,1,University of London,Master's degree,master,1
FLOT,Тонковидов Игорь Васильевич,education,2,INSEAD,Executive education,,1
FLOT,Франк Сергей Оттович,education,0,Морской государственный университет имени адмирала Г.И. Невельского,Specialist degree,master,0
FLOT,Франк Сергей Оттович,education,1,Дальневосточный федеральный университет,Specialist degree,master,0
FLOT,Франк Сергей Оттович,education,2,Высшая коммерческая школа Министерства внешних экономических связей и торговли Российской Федерации,Professional certification,,0
FLOT,Франк Сергей Оттович,degrees,0,,Doctoral degree,doctoral,0
GAZP,Миллер Алексей Борисович,education,0,Санкт-Петербургский государственный экономический университет,Specialist degree,master,0
GAZP,Миллер Алексей Борисович,degrees,0,Санкт-Петербургский государственный экономический университет,Doctoral degree,doctoral,0
GAZP,Илюхина Елена Анатольевна,education,0,Санкт-Петербургский государственный электротехнический университет «ЛЭТИ» имени В.И. Ульянова (Ленина),Specialist degree,master,0
GAZP,Илюхина Елена Анатольевна,education,1,Санкт-Петербургский государственный университет,Specialist degree,master,0
GAZP,Илюхина Елена Анатольевна,degrees,0,,Doctoral degree,doctoral,0
GAZP,Аксютин Олег Евгеньевич,education,0,Самарский национальный исследовательский университет имени академика С.П. Королёва,Specialist degree,master,0
GAZP,Аксютин Олег Евгеньевич,degrees,0,,Doctoral degree,doctoral,0
GAZP,Аксютин Олег Евгеньевич,degrees,1,,,,0
GAZP,Куприянов Сергей Владимирович,education,0,Московский физико-технический институт (национальный исследовательский университет),Specialist degree,master,0
GAZP,Путин Михаил Евгеньевич,education,0,Ивановский государственный медицинский институт им. А. С. Бубнова,Specialist degree,master,0
GAZP,Путин Михаил Евгеньевич,education,1,Государственный университет управления,Executive education,,0
GAZP,Путин Михаил Евгеньевич,degrees,0,,Doctoral degree,doctoral,0
GAZP,Россеев Михаил Николаевич,education,0,Национальный исследовательский Мордовский государственный университет имени Н.П. Огарёва,Specialist degree,master,0
GAZP,Садыгов Фамил Камиль оглы,education,0,Государственный университет управления,Specialist degree,master,0
GAZP,Садыгов Фамил Камиль оглы,degrees,0,Финансовый университет при Правительстве Российской Федерации,Doctoral degree,doctoral,0
GAZP,Хомяков Сергей Федорович,education,0,Санкт-Петербургский государственный электротехнический университет «ЛЭТИ» имени В.И. Ульянова (Ленина),Specialist degree,master,0
GAZP,Хомяков Сергей Федорович,degrees,0,Санкт-Петербургский государственный экономический университет,Doctoral degree,doctoral,0
GAZP,Кузнец Сергей Иванович,education,0,Московский государственный университет имени М.В. Ломоносова,Specialist degree,master,0
GAZP,Марков Владимир Константинович,education,0,Рязанский радиотехнический институт,Specialist degree,master,0
GAZP,Марков Владимир Константинович,education,1,Российская академия народного хозяйства и государственной службы при Президенте Российской Федерации,Executive education,,0
GAZP,Марков Владимир Константинович,education,2,Московская академия экономики и права,Doctoral degree,doctoral,0
GAZP,Марков Владимир Константинович,degrees,0,Московская академия экономики и права,Doctoral degree,doctoral,0
GAZP,Марков Владимир Константинович,degrees,1,,Doctoral degree,doctoral,0
GAZP,Меньшиков Сергей Николаевич,education,0,Грозненский государственный нефтяной технический университет имени академика М.Д. Миллионщикова,Specialist degree,master,0
GAZP,Меньшиков Сергей Николаевич,degrees,0,,Doctoral degree,doctoral,0
GAZP,Михаленко Вячеслав Александрович,education,0,Брянский институт транспортного машиностроения,Specialist degree,master,0
GAZP,Михаленко Вячеслав Александрович,degrees,0,,Doctoral degree,doctoral,0
GAZP,Симдякин Вадим Михайлович,education,0,Ярославский политехнический институт,Specialist degree,master,0
GAZP,Симдякин Вадим Михайлович,education,1,Финансовый университет при Правительстве Российской Федерации,Specialist degree,master,0
GAZP,Зубков Виктор Алексеевич,education,0,Ленинградский сельскохозяйственный институт,Specialist degree,master,0
GAZP,Зубков Виктор Алексеевич,degrees,0,Санкт-Петербургский горный университет императрицы Екатерины II,Doctoral degree,doctoral,0
GAZP,Зубков Виктор Алексеевич,degrees,1,Российская академия народного хозяйства и государственной службы при Президенте Российской Федерации,Doctoral degree,doctoral,0
GAZP,Мантуров Денис Валентинович,education,0,Московский государственный университет имени М.В. Ломоносова,Specialist degree,master,0
GAZP,Мантуров Денис Валентинович,education,1,Российская академия народного хозяйства и государственной службы при Президенте Российской Федерации,,,0
GAZP,Мантуров Денис Валентинович,degrees,0,Московский государственный университет имени М.В. Ломоносова,Doctoral degree,doctoral,0
GAZP,Мантуров Денис Валентинович,degrees,1,,Doctoral degree,doctoral,0
GAZP,Маркелов Виталий Анатольевич,education,0,Самарский национальный исследовательский университет имени академика С.П. Королёва,Specialist degree,master,0
GAZP,Маркелов Виталий Анатольевич,degrees,0,,Doctoral degree,doctoral,0
GAZP,Акимов Андрей Игоревич,education,0,Финансовый университет при Правительстве Российской Федерации,Specialist degree,master,0
GAZP,Мартынов Виктор Георгиевич,education,0,Российский государственный университет нефти и газа (национальный исследовательский университет) имени И.М. Губкина,Specialist degree,master,0
GAZP,Мартынов Виктор Георгиевич,degrees,0,,Doctoral degree,doctoral,0
GAZP,Мартынов Виктор Георгиевич,degrees,1,,Doctoral degree,doctoral,0
GAZP,Мартынов Виктор Георгиевич,degrees,2,,,,0
GAZP,Мартынов Виктор Георгиевич,degrees,3,,,,0
GAZP,Максимцев Игорь Анатольевич,education,0,Балтийский государственный технический университет «ВОЕНМЕХ» имени Д.Ф. Устинова,Specialist degree,master,0
GAZP,Максимцев Игорь Анатольевич,degrees,0,,Doctoral degree,doctoral,0
GAZP,Максимцев Игорь Анатольевич,degrees,1,,,,0
GAZP,Середа Михаил Леонидович,education,0,Санкт-Петербургский государственный экономический университет,Specialist degree,master,0
GAZP,Середа Михаил Леонидович,education,1,Международный институт менеджмента (IMISP),MBA,,0
GAZP,Новак Александр Валентинович,education,0,Норильский государственный индустриальный институт,Specialist degree,master,0
GAZP,Новак Александр Валентинович,education,1,Московский государственный университет имени М.В. Ломоносова,Executive education,,0
GAZP,Патрушев Дмитрий Николаевич,education,0,Государственный университет управления,Specialist degree,master,0
GAZP,Патрушев Дмитрий Николаевич,education,1,Дипломатическая академия Министерства иностранных дел Российской Федерации,Master's degree,master,0
GAZP,Патрушев Дмитрий Николаевич,education,2,Академия ФСБ России,,,0
GAZP,Патрушев Дмитрий Николаевич,degrees,0,,Doctoral degree,doctoral,0
GAZP,Патрушев Дмитрий Николаевич,degrees,1,,Doctoral degree,doctoral,0
GEMC,Яновский Андрей Владимирович,education,0,Saint Petersburg State Institute of Technology (Technical University),Specialist degree,master,0
GEMC,Яновский Андрей Владимирович,education,1,Riga Higher Military-Political School,Specialist degree,master,1
GEMC,Яновский Андрей Владимирович,education,2,Санкт-Петербургский государственный экономический университет,Specialist degree,master,0
GEMC,Яновский Андрей Владимирович,education,3,Kingston University,MBA,,1
GEMC,Яновский Андрей Владимирович,degrees,0,Kingston University,MBA,,1
GLTR,Газизов Антон / Anton Gazizov,education,0,University of Cambridge,Bachelor's degree,bachelor,1
GLTR,Газизов Антон / Anton Gazizov,education,1,London Business School,MBA,,1
GLTR,Газизов Антон / Anton Gazizov,education,2,CFA Institute,Professional certification,,0
GLTR,Джафар Борхан / Jaafar Borhan Jaafar,education,0,Beirut Arab University,Bachelor's degree,bachelor,1
GLTR,Жуслен Хейраллах / Jouslin Khairallah,education,0,Beirut Arab University,Bachelor's degree,bachelor,1
GLTR,Абдултайаб Бахрейнвала / Dr. Abdultaiyab Bahrainwala,education,0,European University Institute in Paris,Doctoral degree,doctoral,1
GLTR,Абдултайаб Бахрейнвала / Dr. Abdultaiyab Bahrainwala,education,1,National University of Singapore,Master's degree,master,1
GLTR,Абдултайаб Бахрейнвала / Dr. Abdultaiyab Bahrainwala,education,2,Maharaja Sayajirao University of Baroda,Bachelor's degree,bachelor,1
GLTR,Абдултайаб Бахрейнвала / Dr. Abdultaiyab Bahrainwala,degrees,0,European University Institute in Paris,Doctoral degree,doctoral,1
GLTR,Альбина Амангельдинова / Albina Amangeldinova,education,0,Almaty Institute of National Economy,Specialist degree,master,1
GLTR,Альбина Амангельдинова / Albina Amangeldinova,education,1,Kazakh Humanitarian-Legal University,,,1
GLTR,Ержан Ниязалиев / Yerzhan Niyazaliyev,education,0,M. Auezov South Kazakhstan University,Bachelor's degree,bachelor,1
GLTR,Ержан Ниязалиев / Yerzhan Niyazaliyev,education,1,Maqsut Narikbayev University,Bachelor's degree,bachelor,1
GLTR,Ержан Ниязалиев / Yerzhan Niyazaliyev,education,2,Regional Social and Innovation University,Master's degree,master,0
GLTR,Кайрат Итемгенов / Kairat Itemgenov,education,0,Kazakh State National University,Specialist degree,master,1
GLTR,Кайрат Итемгенов / Kairat Itemgenov,education,1,Технологический институт в Семее,Specialist degree,master,1
GLTR,Сторожев Александр Валентинович / Alexander Storozhev,education,0,Kiev Military Academy of Aviation and Engineering,Specialist degree,master,1
GLTR,Сторожев Александр Валентинович / Alexander Storozhev,education,1,Московская международная высшая школа бизнеса «МИРБИС»,Master's degree,master,0
GLTR,Вячеслав Станиславский / Viacheslav Stanislavskiy,education,0,Иркутский национальный исследовательский технический университет,Specialist degree,master,0
GLTR,Вячеслав Станиславский / Viacheslav Stanislavskiy,education,1,,Specialist degree,master,0
GLTR,Руслан Изатов / Ruslan Izatov,education,0,Taraz State University,,,1
GLTR,Стефан Хенрих / Stefan Henrich,education,0,Queen Mary University of London,Master's degree,master,1
GLTR,Юсеф Абу Лабан / Yousef Abu Laban,education,0,The World Islamic Sciences & Education University (W.I.S.E),Bachelor's degree,bachelor,1
GMKN,Потанин Владимир Олегович,education,0,Московский государственный институт международных отношений (университет) Министерства иностранных дел Российской Федерации,Specialist degree,master,0
HEAD,Сергиенков Дмитрий Сергеевич,education,0,Государственный университет управления,Specialist degree,master,0
HEAD,Арсеньев Сергей Станиславович,education,0,"European Business School, London",Bachelor's degree,bachelor,1
HEAD,Арсеньев Сергей Станиславович,degrees,0,Securities Institute,Professional certification,,0
HEAD,Байцур Антон Григорьевич,education,0,Национальный исследовательский университет «Высшая школа экономики»,Bachelor's degree,bachelor,0
HEAD,Дуглас Гарднер,education,0,University of Oklahoma,Bachelor's degree,bachelor,1
HEAD,Григорьев Дмитрий Константинович,education,0,Национальный исследовательский университет «МИЭТ»,Specialist degree,master,0
HEAD,Крюков Дмитрий Викторович,education,0,Московский государственный университет имени М.В. Ломоносова,Master's degree,master,0
HEAD,Машков Валентин Сергеевич,education,0,Национальный исследовательский университет «Высшая школа экономики»,Bachelor's degree,bachelor,0
HEAD,Ушакова Светлана Александровна,education,0,Oxford Brookes University,Bachelor's degree,bachelor,1
HEAD,Ушакова Светлана Александровна,education,1,London School of Economics and Political Science,Master's degree,master,1
HEAD,Филатова Ольга Геннадьевна,education,0,Национальный исследовательский университет «Высшая школа экономики»,Bachelor's degree,bachelor,0
HEAD,Филатова Ольга Геннадьевна,education,1,Национальный исследовательский университет «Высшая школа экономики»,Master's degree,master,0
HEAD,Филатова Ольга Геннадьевна,education,2,Stockholm School of Economics,MBA,,1
HNFG,Мелконян Гагик Аршавирович,education,0,Национальный политехнический университет Армении,Specialist degree,master,0
HNFG,Арутюнян Рубен Альбертович,education,0,Национальный политехнический университет Армении,Specialist degree,master,0
HNFG,Арутюнян Рубен Альбертович,education,1,Высшая коммерческая школа Министерства внешних экономических связей и торговли Российской Федерации,MBA,,0
HNFG,Адамян Амаяк Степаевич,education,0,Национальный политехнический университет Армении,Specialist degree,master,0
HNFG,Глазов Василий Владимирович,education,0,Финансовый университет при Правительстве Российской Федерации,Specialist degree,master,0
HNFG,Коршунова Анна Сергеевна,education,0,Международный институт экономики и права,Specialist degree,master,0
HNFG,Мороз Александр Евгеньевич,education,0,Uniwersytet Gdański,Master's degree,master,1
HNFG,Нахапетян Гор Борисович,education,0,Ереванский государственный университет,Specialist degree,master,1
HNFG,Нахапетян Гор Борисович,education,1,American University of Armenia,Executive education,,1
HNFG,Нахапетян Гор Борисович,education,2,INSEAD,Executive education,,1
HNFG,Рихтер Пауль,education,0,"Sales Management Academy, Vienna, Austria",MBA,,1
HNFG,Саркисян Акоп Гургенович,education,0,Национальный политехнический университет Армении,Specialist degree,master,0
HYDR,Хмарин Виктор Викторович,education,0,Санкт-Петербургский государственный университет,Specialist degree,master,0
HYDR,Хмарин Виктор Викторович,degrees,0,,Doctoral degree,doctoral,0
HYDR,Исаков Александр Юрьевич,education,0,,Unknown,,0
HYDR,Недотко Вадим Владиславович,education,0,,Unknown,,0
HYDR,Финкель Дмитрий Владимирович,education,0,Северный (Арктический) федеральный университет имени М.В. Ломоносова,Specialist degree,master,0
HYDR,Финкель Дмитрий Владимирович,education,1,Северный (Арктический) федеральный университет имени М.В. Ломоносова,Specialist degree,master,0
IRAO,Дрегваль Сергей Георгиевич,education,0,Киевский международный университет гражданской авиации,Specialist degree,master,1
IRAO,Дрегваль Сергей Георгиевич,education,1,Тюменский индустриальный университет,Specialist degree,master,0
IRAO,Бугров Андрей Евгеньевич,education,0,Московский государственный институт международных отношений (университет) Министерства иностранных дел Российской Федерации,Specialist degree,master,0
IRAO,Бугров Андрей Евгеньевич,degrees,0,,Doctoral degree,doctoral,0
IRAO,Быстров Максим Сергеевич,education,0,Национальный исследовательский Московский государственный строительный университет,Specialist degree,master,0
IRAO,Быстров Максим Сергеевич,education,1,Всероссийская академия внешней торговли,Specialist degree,master,0
IRAO,Гавриленко Анатолий Анатольевич,education,0,Московский государственный университет имени М.В. Ломоносова,Specialist degree,master,0
IRAO,Гавриленко Анатолий Анатольевич,education,1,Московский государственный университет имени М.В. Ломоносова,Specialist degree,master,0
IRAO,Локшин Александр Маркович,education,0,Санкт-Петербургский политехнический университет Петра Великого,Specialist degree,master,0
IRAO,Локшин Александр Маркович,education,1,Российская академия народного хозяйства и государственной службы при Президенте Российской Федерации,Executive education,,0
IRAO,Миловидов Владимир Дмитриевич,education,0,Московский государственный университет имени М.В. Ломоносова,Specialist degree,master,0
IRAO,Миловидов Владимир Дмитриевич,degrees,0,Московский государственный институт международных отношений (университет) Министерства иностранных дел Российской Федерации,Doctoral degree,doctoral,0
IRAO,Муров Андрей Евгеньевич,education,0,Санкт-Петербургский государственный университет,Specialist degree,master,0
IRAO,Муров Андрей Евгеньевич,education,1,Межотраслевой институт повышения квалификации и переподготовки руководящих кадров,Professional certification,,0
IRAO,Муров Андрей Евгеньевич,education,2,Санкт-Петербургский государственный университет гражданской авиации,Specialist degree,master,0
IRAO,Муров Андрей Евгеньевич,degrees,0,,Doctoral degree,doctoral,0
IRAO,Опадчий Фёдор Юрьевич,education,0,Национальный исследовательский ядерный университет «МИФИ»,Specialist degree,master,0
IRAO,Опадчий Фёдор Юрьевич,education,1,Российская академия народного хозяйства и государственной службы при Президенте Российской Федерации,Professional certification,,0
IRAO,Опадчий Фёдор Юрьевич,education,2,Финансовый университет при Правительстве Российской Федерации,Professional certification,,0
IRAO,Сечин Игорь Иванович,education,0,Санкт-Петербургский государственный университет,Specialist degree,master,0
IRAO,Сечин Игорь Иванович,degrees,0,Санкт-Петербургский горный университет императрицы Екатерины II,Doctoral degree,doctoral,0
IRAO,Федоров Денис Владимирович,education,0,Московский государственный технический университет имени Н.Э. Баумана,Specialist degree,master,0
IRAO,Федоров Денис Владимирович,education,1,Национальный исследовательский университет «МЭИ»,Doctoral degree,doctoral,0
IRAO,Федоров Денис Владимирович,degrees,0,,Doctoral degree,doctoral,0
IRAO,Шугаев Дмитрий Евгеньевич,education,0,Московский государственный институт международных отношений (университет) Министерства иностранных дел Российской Федерации,Specialist degree,master,0
IRAO,Шугаев Дмитрий Евгеньевич,degrees,0,,Doctoral degree,doctoral,0
IVAT,Иодковский Станислав Эрикович,education,0,Российский государственный социальный университет,Specialist degree,master,0
IVAT,Зокин Андрей Александрович,education,0,Московский государственный институт международных отношений (университет) Министерства иностранных дел Российской Федерации,Unknown,,0
IVAT,Зокин Андрей Александрович,degrees,0,,Doctoral degree,doctoral,0
IVAT,Терентьев Евгений Викторович,education,0,Национальный исследовательский университет «Высшая школа экономики»,Bachelor's degree,bachelor,0
IVAT,Черных Сергей Дмитриевич,education,0,"АНО ВО ""Институт Деловой карьеры""",Bachelor's degree,bachelor,0
IVAT,Петров Виктор Александрович,education,0,Российская академия народного хозяйства и государственной службы при Президенте Российской Федерации,Unknown,,0
IVAT,Смирнов Максим Сергеевич,education,0,Санкт-Петербургский государственный университет,Bachelor's degree,bachelor,0
IVAT,Батыров Ренат Рафикович,education,0,Астраханский государственный технический университет,Unknown,,0
IVAT,Батыров Ренат Рафикович,education,1,Саратовская государственная юридическая академия,Unknown,,0
IVAT,Манойло Андрей Федорович,education,0,Национальный исследовательский ядерный университет «МИФИ»,Specialist degree,master,0
IVAT,Манойло Андрей Федорович,education,1,Государственный университет управления,Unknown,,0
IVAT,Смирнов Павел Игоревич,education,0,Санкт-Петербургский государственный университет телекоммуникаций им. проф. М.А. Бонч-Бруевича,Bachelor's degree,bachelor,0
IVAT,Смирнов Павел Игоревич,education,1,Институт экономических стратегий РАН,MBA,,0
IVAT,Смирнов Павел Игоревич,degrees,0,,Doctoral degree,doctoral,0
KAZT,Герасименко Александр Викторович,education,0,Тольяттинский государственный университет,Specialist degree,master,0
KAZT,Герасименко Александр Викторович,education,1,Самарский государственный технический университет,Specialist degree,master,0
KAZT,Герасименко Александр Викторович,education,2,Oxford Brookes University,MBA,,1
KAZT,Герасименко Александр Викторович,degrees,0,Oxford Brookes University,MBA,,1
KAZT,Аникушин Сергей Александрович,education,0,Самарский государственный технический университет,Specialist degree,master,0
KAZT,Аникушин Сергей Александрович,education,1,Самарский государственный экономический университет,Executive education,,0
KAZT,Аникушин Сергей Александрович,education,2,Государственная программа подготовки управленческих кадров для организаций народного хозяйства Российской Федерации,Executive education,,0
KAZT,Ардамаков Сергей Витальевич,education,0,Тольяттинский государственный университет,Specialist degree,master,0
KAZT,Бобровский Сергей Викторович,education,0,Тольяттинский государственный университет,Specialist degree,master,0
KAZT,Былинин Андрей Николаевич,education,0,Самарский государственный технический университет,Specialist degree,master,0
KAZT,Былинин Андрей Николаевич,education,1,Самарский университет государственного управления,Executive education,,0
KAZT,Былинин Андрей Николаевич,education,2,Государственная программа подготовки управленческих кадров для организаций народного хозяйства Российской Федерации,Executive education,,0
KAZT,Герасименко Виктор Иванович,education,0,Самарский государственный технический университет,Specialist degree,master,0
KAZT,Герасименко Виктор Иванович,education,1,Российская академия народного хозяйства и государственной службы при Президенте Российской Федерации,Executive education,,0
KAZT,Кудашев Виктор Николаевич,education,0,Волжский университет им. Татищева,Specialist degree,master,0
KAZT,Кудрявцев Виктор Петрович,education,0,Самарский государственный технический университет,Specialist degree,master,0
KAZT,Кудрявцев Виктор Петрович,education,1,Самарский университет государственного управления,Executive education,,0
KAZT,Кудрявцев Виктор Петрович,education,2,Государственная программа подготовки управленческих кадров для организаций народного хозяйства Российской Федерации,Executive education,,0
KAZT,Огарков Анатолий Аркадьевич,education,0,Ивановский государственный химико-технологический университет,Specialist degree,master,0
KAZT,Рачин Константин Геннадьевич,education,0,Национальный исследовательский университет ИТМО,Specialist degree,master,0
KAZT,Рачин Константин Геннадьевич,education,1,Программа Tacis / TCL (Лондон) / CNOF (Сорбонна),Executive education,,1
KAZT,Рачин Константин Геннадьевич,education,2,Самарский университет государственного управления,Executive education,,0
KAZT,Рачин Константин Геннадьевич,education,3,Государственная программа подготовки управленческих кадров для организаций народного хозяйства Российской Федерации,Executive education,,0
KAZT,Рыбкин Дмитрий Васильевич,education,0,Самарский государственный экономический университет,Specialist degree,master,0
KAZT,Рыбкин Дмитрий Васильевич,education,1,Самарский университет государственного управления,Executive education,,0
KAZT,Рыбкин Дмитрий Васильевич,education,2,Государственная программа подготовки управленческих кадров для организаций народного хозяйства Российской Федерации,Executive education,,0
KAZT,Туманов Сергей Александрович,education,0,Пензенский государственный университет,Specialist degree,master,0
KAZT,Туманов Сергей Александрович,education,1,Санкт-Петербургский Гуманитарный университет профсоюзов,Specialist degree,master,0
KAZT,Туманов Сергей Александрович,education,2,Национальный исследовательский университет «Высшая школа экономики»,Executive education,,0
KAZT,Шульженко Юрий Григорьевич,education,0,Самарский государственный технический университет,Specialist degree,master,0
KZOS,Сафин Айрат Фоатович,education,0,Казанский национальный исследовательский технологический университет,Specialist degree,master,0
KZOS,Сафин Айрат Фоатович,education,1,Казанский национальный исследовательский технологический университет,Specialist degree,master,0
LEAS,Мизюра Сергей Николаевич,education,0,Пятигорский государственный лингвистический университет,Specialist degree,master,0
LEAS,Мизюра Сергей Николаевич,education,1,Московская международная высшая школа бизнеса «МИРБИС»,MBA,,0
LEAS,Мизюра Сергей Николаевич,education,2,American Institute of Business and Economics,Executive education,,0
LENT,Сорокин Владимир Леонидович,education,0,Санкт-Петербургский торгово-экономический университет,Specialist degree,master,0
LENT,Сорокин Владимир Леонидович,education,1,Национальный исследовательский университет «Высшая школа экономики»,Specialist degree,master,0
LKOH,Кочкуров Сергей Алексеевич,education,0,Уфимский государственный нефтяной технический университет,Specialist degree,master,0
LKOH,Кочкуров Сергей Алексеевич,education,1,Тюменский индустриальный университет,,,0
LKOH,Кочкуров Сергей Алексеевич,education,2,Московский институт нефтегазового бизнеса,Professional certification,,0
LSNGP,Кузьмин Игорь Анатольевич,education,0,Курганский государственный университет,Specialist degree,master,0
LSNGP,Кузьмин Игорь Анатольевич,education,1,Санкт-Петербургская академия управления и экономики,Executive education,,0
LSNGP,Кузьмин Игорь Анатольевич,education,2,Санкт-Петербургский государственный университет,MBA,,0
LSNGP,Рюмин Андрей Валерьевич,education,0,Московский государственный университет имени М.В. Ломоносова,Specialist degree,master,0
LSNGP,Рюмин Андрей Валерьевич,degrees,0,Институт проблем рынка Российской академии наук,Doctoral degree,doctoral,0
LSNGP,Пикин Сергей Сергеевич,education,0,Московский государственный университет имени М.В. Ломоносова,Master's degree,master,0
LSNGP,Пикин Сергей Сергеевич,education,1,Московский государственный университет имени М.В. Ломоносова,,master,0
LSNGP,Мольский Алексей Валерьевич,education,0,Национальный исследовательский университет «МЭИ»,Specialist degree,master,0
LSNGP,Ляпунов Евгений Викторович,education,0,Ивановский государственный энергетический университет имени В.И. Ленина,Specialist degree,master,0
LSNGP,Полинов Алексей Александрович,education,0,Национальный исследовательский Московский государственный строительный университет,Specialist degree,master,0
LSNGP,Полинов Алексей Александрович,degrees,0,,Doctoral degree,doctoral,0
LSNGP,Краинский Даниил Владимирович,education,0,Московский государственный юридический университет имени О.Е. Кутафина (МГЮА),Specialist degree,master,0
LSNGP,Протасов Станислав Дмитриевич,education,0,Санкт-Петербургский государственный экономический университет,Specialist degree,master,0
LSNGP,Мельникова Светлана Анатольевна,education,0,Санкт-Петербургский государственный университет,Specialist degree,master,0
LSNGP,Мельникова Светлана Анатольевна,education,1,Межотраслевой институт повышения квалификации и переподготовки руководящих кадров при Санкт-Петербургском государственном университете экономики и финансов,Professional certification,,0
LSNGP,Мельникова Светлана Анатольевна,education,2,Российская академия народного хозяйства и государственной службы при Президенте Российской Федерации,,,0
LSNGP,Денисов Игорь Вадимович,education,0,Санкт-Петербургский политехнический университет Петра Великого,Specialist degree,master,0
LSNGP,Котвицкий Константин Валерьевич,education,0,Санкт-Петербургский государственный университет промышленных технологий и дизайна,Specialist degree,master,0
LSNGP,Казаев Владимир Александрович,education,0,Санкт-Петербургский политехнический университет Петра Великого,Specialist degree,master,0
LSRG,Кутузов Дмитрий Владимирович,education,0,Санкт-Петербургский государственный экономический университет,Specialist degree,master,0
LSRG,Кутузов Дмитрий Владимирович,education,1,Международный институт менеджмента (IMISP),Executive education,,0
LSRG,Волчецкая Галина Александровна,education,0,Санкт-Петербургский государственный университет,Specialist degree,master,0
LSRG,Волчецкая Галина Александровна,degrees,0,,Doctoral degree,doctoral,0
LSRG,Игнатенко Виталий Никитич,education,0,Московский государственный университет имени М.В. Ломоносова,Specialist degree,master,0
LSRG,Кудимов Юрий Александрович,education,0,Московский государственный университет имени М.В. Ломоносова,Specialist degree,master,0
LSRG,Кудимов Юрий Александрович,education,1,Dowling College,MBA,,1
LSRG,Кудимов Юрий Александрович,degrees,0,,MBA,,0
LSRG,Левит Игорь Михайлович,education,0,Санкт-Петербургский политехнический университет Петра Великого,Specialist degree,master,0
LSRG,Левит Игорь Михайлович,degrees,0,,Doctoral degree,doctoral,0
LSRG,Молчанов Егор Андреевич,education,0,New York University,Bachelor's degree,bachelor,1
LSRG,Молчанов Егор Андреевич,education,1,Санкт-Петербургский государственный архитектурно-строительный университет,Professional certification,,0
LSRG,Молчанов Егор Андреевич,degrees,0,,Bachelor's degree,bachelor,0
LSRG,Осипов Юрий Сергеевич,education,0,Уральский федеральный университет имени первого Президента России Б.Н. Ельцина,Specialist degree,master,0
LSRG,Осипов Юрий Сергеевич,degrees,0,,Doctoral degree,doctoral,0
LSRG,Осипов Юрий Сергеевич,degrees,1,,,,0
LSRG,Осипов Юрий Сергеевич,degrees,2,,,,0
LSRG,Осипов Юрий Сергеевич,degrees,3,,Doctoral degree,doctoral,0
LSRG,Шадрина Любовь Викторовна,education,0,Санкт-Петербургский государственный университет,Specialist degree,master,0
LSRG,Яковлев Владимир Анатольевич,education,0,Санкт-Петербургский политехнический университет Петра Великого,Specialist degree,master,0
LSRG,Яковлев Владимир Анатольевич,degrees,0,,Doctoral degree,doctoral,0
LSRG,Яковлев Владимир Анатольевич,degrees,1,,Doctoral degree,doctoral,0
LSRG,Яковлев Владимир Анатольевич,degrees,2,,,,0
MAGN,Шиляев Павел Владимирович,education,0,Южно-Уральский государственный университет (национальный исследовательский университет),Specialist degree,master,0
MAGN,Шиляев Павел Владимирович,education,1,Stockholm School of Economics,Executive education,,1
MAGN,Шиляев Павел Владимирович,degrees,0,,Doctoral degree,doctoral,0
MAGN,Рашников Виктор Филиппович,education,0,Магнитогорский государственный технический университет имени Г.И. Носова,Specialist degree,master,0
MAGN,Рашников Виктор Филиппович,education,1,Магнитогорский государственный технический университет имени Г.И. Носова,Specialist degree,master,0
MAGN,Рашников Виктор Филиппович,degrees,0,,Doctoral degree,doctoral,0
MAGN,Рашников Виктор Филиппович,degrees,1,,,,0
MAGN,Еремин Андрей Анатольевич,education,0,Государственный университет управления,Specialist degree,master,0
MAGN,Еремин Андрей Анатольевич,education,1,Российская академия народного хозяйства и государственной службы при Президенте Российской Федерации,MBA,,0
MAGN,Исмаилов Рашид Рустам оглы,education,0,Московский государственный университет имени М.В. Ломоносова,Specialist degree,master,0
MAGN,Исмаилов Рашид Рустам оглы,education,1,Московский политехнический университет,,,0
MAGN,Марцинович Валерий Ярославович,education,0,Uniwersytet Gdański,Master's degree,master,1
MAGN,Марцинович Валерий Ярославович,education,1,London Metropolitan University,Executive education,,1
MAGN,Марцинович Валерий Ярославович,degrees,0,,Master's degree,master,0
MAGN,Морган Ральф Таваколян,education,0,Yale University,Bachelor's degree,bachelor,1
MAGN,Морган Ральф Таваколян,education,1,"St Antony's College, University of Oxford",Master's degree,master,1
MAGN,Морган Ральф Таваколян,degrees,0,,Bachelor's degree,bachelor,0
MAGN,Морган Ральф Таваколян,degrees,1,,Master's degree,master,0
MAGN,Наумова Ольга Валерьевна,education,0,Московский государственный университет имени М.В. Ломоносова,Specialist degree,master,0
MAGN,Осеевский Михаил Эдуардович,education,0,Санкт-Петербургский политехнический университет Петра Великого,Specialist degree,master,0
MAGN,Осеевский Михаил Эдуардович,degrees,0,,Doctoral degree,doctoral,0
MAGN,Рашникова Ольга Викторовна,education,0,Franklin University Switzerland,Bachelor's degree,bachelor,1
MAGN,Рашникова Ольга Викторовна,education,1,Государственный университет управления,MBA,,0
MAGN,Ушаков Сергей Николаевич,education,0,Магнитогорский государственный технический университет имени Г.И. Носова,,,0
MAGN,Ушаков Сергей Николаевич,degrees,0,,Doctoral degree,doctoral,0
MBNK,Иссопов Эдуард Александрович,education,0,Финансовый университет при Правительстве Российской Федерации,Specialist degree,master,0
MBNK,Иссопов Эдуард Александрович,education,1,École des Ponts ParisTech / University of Bristol / IESE Business School (Universidad de Navarra),MBA,,1
MDMG,Курцер Марк Аркадьевич,education,0,Российский национальный исследовательский медицинский университет имени Н.И. Пирогова,Specialist degree,master,0
MDMG,Курцер Марк Аркадьевич,education,1,Российский национальный исследовательский медицинский университет имени Н.И. Пирогова,Professional certification,,0
MDMG,Курцер Марк Аркадьевич,degrees,0,,Doctoral degree,doctoral,0
MDMG,Курцер Марк Аркадьевич,degrees,1,,Doctoral degree,doctoral,0
MDMG,Курцер Марк Аркадьевич,degrees,2,,Unknown,,0
MDMG,Калугин Сергей Борисович,education,0,Московский государственный университет имени М.В. Ломоносова,Specialist degree,master,0
MDMG,Кудимов Юрий Александрович,education,0,Московский государственный университет имени М.В. Ломоносова,Specialist degree,master,0
MDMG,Кудимов Юрий Александрович,education,1,Dowling College,MBA,,1
MDMG,Лукина Татьяна Борисовна,education,0,Финансовый университет при Правительстве Российской Федерации,Specialist degree,master,0
MDMG,Лукина Татьяна Борисовна,education,1,Association of Chartered Certified Accountants (ACCA),Professional certification,,0
MDMG,Лукина Татьяна Борисовна,degrees,0,,Doctoral degree,doctoral,0
MDMG,Меклер Владимир Александрович,education,0,Московский государственный университет имени М.В. Ломоносова,Specialist degree,master,0
MDMG,Устименко Виталий Александрович,education,0,Финансовый университет при Правительстве Российской Федерации,Specialist degree,master,0
MDMG,Устименко Виталий Александрович,degrees,0,,Doctoral degree,doctoral,0
MGNT,Евгений Сергеевич Случевский,education,0,Тюменский индустриальный университет,Bachelor's degree,bachelor,0
MGNT,Евгений Сергеевич Случевский,education,1,Московский физико-технический институт (национальный исследовательский университет),Master's degree,master,0
MGNT,Дмитрий Анатольевич Иванов,education,0,Санкт-Петербургский государственный экономический университет,Specialist degree,master,0
MGNT,Юрий Мисник,education,0,Санкт-Петербургский политехнический университет Петра Великого,Specialist degree,master,0
MGNT,Юрий Мисник,education,1,University of Texas at Austin,Incomplete higher education,,1
MGNT,Андрей Юрьевич Бодров,education,0,Московский государственный институт международных отношений (университет) Министерства иностранных дел Российской Федерации,Bachelor's degree,bachelor,0
MGNT,Андрей Юрьевич Бодров,education,1,Московский государственный институт международных отношений (университет) Министерства иностранных дел Российской Федерации,Master's degree,master,0
MGNT,Анна Юрьевна Мелешина,education,0,Санкт-Петербургский государственный университет,Specialist degree,master,0
MGNT,Анна Юрьевна Мелешина,education,1,Henley Management College,MBA,,1
MGNT,Анна Николаевна Боброва,education,0,Московский государственный университет имени М.В. Ломоносова,Specialist degree,master,0
MGNT,Сергей Юрьевич Буйлов,education,0,Российский экономический университет имени Г.В. Плеханова,Specialist degree,master,0
MGNT,Маргарита Викторовна Витихович,education,0,Кубанский государственный аграрный университет имени И.Т. Трубилина,Specialist degree,master,0
MGNT,Наталья Анатольевна Дуличенко,education,0,Московский государственный университет имени М.В. Ломоносова,Specialist degree,master,0
MGNT,Илья Игоревич Соколов,education,0,Военный университет Министерства обороны Российской Федерации,Specialist degree,master,0
MGTSP,Альберт Тимурович Гильманов,education,0,Уральский государственный экономический университет,Specialist degree,master,0
MGTSP,Виктор Леонидович Белов,education,0,,Specialist degree,master,0
MGTSP,Лариса Владимировна Бодягина,education,0,Новосибирская государственная академия водного транспорта,Specialist degree,master,0
MGTSP,Лариса Владимировна Бодягина,education,1,Новосибирский национальный исследовательский государственный университет,,,0
MGTSP,Лариса Владимировна Бодягина,education,2,International Institute for Management Development (IMD),MBA,,1
MGTSP,Инеса Галактионова,education,0,Вильнюсский университет,Bachelor's degree,bachelor,1
MGTSP,Александр Сергеевич Дмитриев,education,0,Национальный исследовательский университет «Высшая школа экономики»,Master's degree,master,0
MGTSP,Александр Сергеевич Дмитриев,education,1,Bremerhaven University of Applied Sciences,Bachelor's degree,bachelor,1
MGTSP,Александр Сергеевич Дмитриев,education,2,Московская школа управления «Сколково»,MBA,,0
MGTSP,Дмитрий Николаевич Рылов,education,0,Самарский национальный исследовательский университет имени академика С.П. Королёва,Specialist degree,master,0
MGTSP,Дмитрий Николаевич Рылов,education,1,International Market Institute,Professional certification,,0
MGTSP,Ирина Владимировна Карева,education,0,Уральский федеральный университет имени первого Президента России Б.Н. Ельцина,Specialist degree,master,0
MGTSP,Ирина Владимировна Карева,education,1,Российский экономический университет имени Г.В. Плеханова,,,0
MGTSP,Ирина Владимировна Карева,education,2,Российская академия народного хозяйства и государственной службы при Президенте Российской Федерации,MBA,,0
MOEX,Yuriy Denisov,education,0,Московский государственный институт международных отношений (университет) Министерства иностранных дел Российской Федерации,Specialist degree,master,0
MOEX,Andrei Selyuk,education,0,Санкт-Петербургский государственный экономический университет,Specialist degree,master,0
MOEX,Olga Vyacheslavovna Melentyeva,education,0,Российский экономический университет имени Г.В. Плеханова,Unknown,,0
MOEX,Andrey Burilov,education,0,Московский государственный университет имени М.В. Ломоносова,Specialist degree,master,0
MOEX,Aleksandr Mikhailovich Kamenskiy,education,0,Московский государственный университет имени М.В. Ломоносова,Specialist degree,master,0
MOEX,Aleksandr Mikhailovich Kamenskiy,education,1,INSEAD,Executive education,,1
MOEX,Aleksandr Mikhailovich Kamenskiy,education,2,Institute of Directors (IoD),Professional certification,,0
MOEX,Dmitry Shcheglov,education,0,Московский государственный технологический университет «СТАНКИН»,Specialist degree,master,0
MOEX,Dmitry Shcheglov,education,1,Московская школа управления «Сколково»,MBA,,0
MOEX,Dmitry Shcheglov,degrees,0,,Doctoral degree,doctoral,0
MOEX,Anton Vladimirovich Terentiev,education,0,Национальный исследовательский ядерный университет «МИФИ»,Specialist degree,master,0
MOEX,Sergey Anatolyevich Shvetsov,education,0,Московский государственный университет имени М.В. Ломоносова,Specialist degree,master,0
MOEX,Aleksandr Vadimovich Izosimov,education,0,Московский авиационный институт (национальный исследовательский университет),Specialist degree,master,0
MOEX,Aleksandr Vadimovich Izosimov,education,1,INSEAD,MBA,,1
MOEX,Aleksandr Vadimovich Izosimov,degrees,0,,MBA,,0
MOEX,Bella Zlatkis,education,0,Финансовый университет при Правительстве Российской Федерации,Specialist degree,master,0
MOEX,Bella Zlatkis,degrees,0,,Doctoral degree,doctoral,0
MOEX,Paul Anne F Bodart,education,0,INSEAD,MBA,,1
MOEX,Paul Anne F Bodart,degrees,0,,MBA,,0
MOEX,Ramón Morales Adarraga,education,0,Universidad Pontificia Comillas (ICADE),Unknown,,1
MOEX,Sergey Lykov,education,0,Московский государственный университет имени М.В. Ломоносова,Unknown,,0
MOEX,Valery Pavlovich Goreglyad,education,0,Московский авиационный институт (национальный исследовательский университет),Specialist degree,master,0
MOEX,Valery Pavlovich Goreglyad,degrees,0,,Doctoral degree,doctoral,0
MRKC,Маковский Игорь Владимирович,education,0,Алма-Атинское высшее пограничное командное училище имени Ф.Э. Дзержинского,Specialist degree,master,1
MRKC,Маковский Игорь Владимирович,education,1,Балтийский федеральный университет имени Иммануила Канта,Specialist degree,master,0
MRKC,Маковский Игорь Владимирович,education,2,Российская академия народного хозяйства и государственной службы при Президенте Российской Федерации,Professional certification,,0
MRKC,Маковский Игорь Владимирович,education,3,Ивановский государственный энергетический университет имени В.И. Ленина,Bachelor's degree,bachelor,0
MRKC,Алёшин Артём Геннадьевич,education,0,Нижегородский государственный технический университет имени Р.Е. Алексеева,Specialist degree,master,0
MRKC,Алёшин Артём Геннадьевич,education,1,Российская академия народного хозяйства и государственной службы при Президенте Российской Федерации,Specialist degree,master,0
MRKC,Шаркова Юлия Эдуардовна,education,0,Дальневосточный федеральный университет,Specialist degree,master,0
MRKC,Саух Максим Михайлович,education,0,Санкт-Петербургский Гуманитарный университет профсоюзов,Specialist degree,master,0
MRKC,Шевчук Александр Викторович,education,0,Финансовый университет при Правительстве Российской Федерации,Specialist degree,master,0
MRKC,Головцов Александр Викторович,education,0,Балтийский государственный технический университет «ВОЕНМЕХ» имени Д.Ф. Устинова,Specialist degree,master,0
MRKC,Зархин Виталий Юрьевич,education,0,Национальный исследовательский университет «Высшая школа экономики»,Bachelor's degree,bachelor,0
MRKC,Зархин Виталий Юрьевич,education,1,Национальный исследовательский университет «Высшая школа экономики»,Master's degree,master,0
MRKC,Романовская Лариса Анатольевна,education,0,Самарский государственный экономический университет,Specialist degree,master,0
MRKC,Логаткин Андрей Вячеславович,education,0,Bocconi University,Specialist degree,master,1
MRKC,Чевкин Дмитрий Александрович,education,0,Финансовый университет при Правительстве Российской Федерации,Specialist degree,master,0
MRKC,Варварин Александр Викторович,education,0,Институт международного права и экономики имени А.С. Грибоедова,Specialist degree,master,0
MRKC,Казаков Александр Иванович,education,0,Государственный университет управления,Specialist degree,master,0
MRKC,Казаков Александр Иванович,degrees,0,,Doctoral degree,doctoral,0
MRKP,Игорь Владимирович Маковский,education,0,Высшее пограничное командное училище КГБ СССР имени Ф.Э. Дзержинского,Specialist degree,master,0
MRKP,Игорь Владимирович Маковский,education,1,Калининградский государственный университет,Specialist degree,master,0
MRKP,Игорь Владимирович Маковский,education,2,Северо-Западная академия государственной службы,Professional certification,,0
MRKP,Игорь Владимирович Маковский,education,3,Ивановский государственный энергетический университет имени В.И. Ленина,Bachelor's degree,bachelor,0
MRKP,Сергей Александрович Терников,education,0,Государственный университет управления,Master's degree,master,0
MRKP,Сергей Владимирович Хлусов,education,0,Марийский государственный университет,,,0
MRKP,Олег Романович Федоров,education,0,Московский государственный университет имени М.В. Ломоносова,Specialist degree,master,0
MRKP,Андрей Владимирович Морозов,education,0,Российская правовая академия Министерства юстиции Российской Федерации,Specialist degree,master,0
MRKP,Андрей Владимирович Морозов,education,1,Harvard Law School,Master's degree,master,1
MRKP,Виталий Юрьевич Зархин,education,0,Высшая школа экономики,Bachelor's degree,bachelor,0
MRKP,Виталий Юрьевич Зархин,education,1,Высшая школа экономики,Master's degree,master,0
MRKU,Дмитрий Александрович Воденников,education,0,Курганский государственный университет,Specialist degree,master,0
MRKU,Дмитрий Александрович Воденников,education,1,Российский университет дружбы народов имени Патриса Лумумбы,,,0
MRKU,Даниил Владимирович Краинский,education,0,Московский государственный юридический университет имени О.Е. Кутафина (МГЮА),Specialist degree,master,0
MRKU,Елена Викторовна Андреева,education,0,Ивановский государственный энергетический университет имени В.И. Ленина,Specialist degree,master,0
MRKU,Михаил Александрович Бычко,education,0,Национальный исследовательский университет «МЭИ»,Specialist degree,master,0
MRKU,Михаил Александрович Бычко,education,1,Российская академия народного хозяйства и государственной службы при Президенте Российской Федерации,Executive education,,0
MRKU,Марина Александровна Лаврова,education,0,Государственный университет управления,Specialist degree,master,0
MRKU,Марина Александровна Лаврова,education,1,Финансовый университет при Правительстве Российской Федерации,,,0
MRKU,Марина Александровна Лаврова,education,2,Московский государственный институт международных отношений (университет) Министерства иностранных дел Российской Федерации,,,0
MRKU,Алексей Александрович Полинов,education,0,Национальный исследовательский Московский государственный строительный университет,Specialist degree,master,0
MRKU,Алексей Александрович Полинов,degrees,0,,Doctoral degree,doctoral,0
MRKU,Мария Геннадьевна Тихонова,education,0,Волго-Вятская академия государственной службы,Specialist degree,master,0
MRKU,Мария Геннадьевна Тихонова,education,1,Российская академия народного хозяйства и государственной службы при Президенте Российской Федерации,Executive education,,0
MRKU,Мария Геннадьевна Тихонова,education,2,Национальный исследовательский университет «Высшая школа экономики»,,,0
MRKU,Мария Геннадьевна Тихонова,degrees,0,,Doctoral degree,doctoral,0
MRKU,Александр Викторович Шевчук,education,0,Финансовый университет при Правительстве Российской Федерации,Specialist degree,master,0
MRKU,Павел Валерьевич Родин,education,0,Уральский государственный технический университет,Specialist degree,master,0
MRKU,Карина Владимировна Дашко,education,0,Московский государственный университет имени М.В. Ломоносова,,,0
MRKU,Алексей Вячеславович Коптев,education,0,Российский экономический университет имени Г.В. Плеханова,,,0
MRKU,Владимир Александрович Рябушев,education,0,Рудненский индустриальный институт,Specialist degree,master,1
MRKU,Владимир Александрович Рябушев,education,1,Южно-Уральский государственный университет (национальный исследовательский университет),Professional certification,,0
MRKU,Владимир Александрович Рябушев,education,2,Южно-Уральский государственный университет (национальный исследовательский университет),Master's degree,master,0
MRKU,Алексей Владимирович Санин,education,0,Уральский государственный юридический университет имени В.Ф. Яковлева,Specialist degree,master,0
MRKU,Алексей Владимирович Санин,education,1,Уральский филиал Российской школы частного права при Президенте Российской Федерации,Professional certification,,0
MRKU,Сергей Владимирович Попов,education,0,Южно-Уральский государственный университет (национальный исследовательский университет),,,0
MRKU,Ольга Вячеславовна Очередько,education,0,Кубанский государственный университет,Specialist degree,master,0
MRKV,Alexander Ilyich Gavrilov / Гаврилов Александр Ильич,education,0,Кубанский государственный университет,Specialist degree,master,0
MRKV,Alexander Ilyich Gavrilov / Гаврилов Александр Ильич,education,1,Кубанский государственный технологический университет,Specialist degree,master,0
MRKV,Alexander Ilyich Gavrilov / Гаврилов Александр Ильич,degrees,0,Кубанский государственный университет,Doctoral degree,doctoral,0
MRKV,Irina Yurievna Puchkova / Пучкова Ирина Юрьевна,education,0,Саратовский государственный технический университет имени Гагарина Ю.А.,Specialist degree,master,0
MRKV,Irina Yurievna Puchkova / Пучкова Ирина Юрьевна,education,1,Российская академия народного хозяйства и государственной службы при Президенте Российской Федерации,Specialist degree,master,0
MRKV,Oleg Grigoryevich Pavlov / Павлов Олег Григорьевич,education,0,Самарский государственный технический университет,Specialist degree,master,0
MRKV,Dmitriy Lvovich Zaretsky / Зарецкий Дмитрий Львович,education,0,Саратовский государственный технический университет имени Гагарина Ю.А.,Specialist degree,master,0
MRKV,Dmitriy Lvovich Zaretsky / Зарецкий Дмитрий Львович,education,1,Саратовский государственный технический университет имени Гагарина Ю.А.,Specialist degree,master,0
MRKV,Aleksander V. Shevchuk / Шевчук Александр Викторович,education,0,Финансовый университет при Правительстве Российской Федерации,Specialist degree,master,0
MRKV,Maria Tikhonova / Тихонова Мария Геннадьевна,education,0,Российская академия народного хозяйства и государственной службы при Президенте Российской Федерации,Specialist degree,master,0
MRKV,Maria Tikhonova / Тихонова Мария Геннадьевна,education,1,Российская академия народного хозяйства и государственной службы при Президенте Российской Федерации,Professional certification,,0
MRKV,Maria Tikhonova / Тихонова Мария Геннадьевна,education,2,Национальный исследовательский университет «Высшая школа экономики»,MBA,,0
MRKV,Maria Tikhonova / Тихонова Мария Геннадьевна,degrees,0,,Doctoral degree,doctoral,0
MRKV,Alexander Ivanovich Kazakov / Казаков Александр Иванович,education,0,Государственный университет управления,Specialist degree,master,0
MRKV,Alexander Ivanovich Kazakov / Казаков Александр Иванович,degrees,0,,Doctoral degree,doctoral,0
MRKV,Alexander Golovtsov / Головцов Александр Викторович,education,0,Балтийский государственный технический университет «ВОЕНМЕХ» имени Д.Ф. Устинова,Specialist degree,master,0
MRKV,Andrey P. Tulba / Тулба Андрей Петрович,education,0,Северо-Кавказский федеральный университет,Specialist degree,master,0
MRKV,Andrey P. Tulba / Тулба Андрей Петрович,education,1,Stavropol State Technical University / Moscow Aviation Institute (combined entry),Executive education,,0
MRKV,Andrey P. Tulba / Тулба Андрей Петрович,education,2,Государственный университет управления,MBA,,0
MRKV,Yuri Goncharov / Гончаров Юрий Владимирович,education,0,Национальный исследовательский технологический университет «МИСиС»,Bachelor's degree,bachelor,0
MRKV,Yuri Goncharov / Гончаров Юрий Владимирович,education,1,Национальный исследовательский технологический университет «МИСиС»,Master's degree,master,0
MRKV,Yuri Goncharov / Гончаров Юрий Владимирович,education,2,"Московский институт экономики, политики и права",Bachelor's degree,bachelor,0
MRKV,Aleksey Molskiy / Мольский Алексей Валерьевич,education,0,Национальный исследовательский университет «МЭИ»,Specialist degree,master,0
MRKV,Leonid Yuryevich Akimov / Акимов Леонид Юрьевич,education,0,Московский государственный технический университет имени Н.Э. Баумана,Specialist degree,master,0
MRKV,Leonid Yuryevich Akimov / Акимов Леонид Юрьевич,education,1,Региональный открытый университет,Specialist degree,master,0
MRKV,Leonid Yuryevich Akimov / Акимов Леонид Юрьевич,degrees,0,,Doctoral degree,doctoral,0
MRKZ,Вячеслав Юрьевич Торсунов,education,0,Московский государственный юридический университет имени О.Е. Кутафина (МГЮА),Specialist degree,master,0
MRKZ,Алексей Александрович Полинов,education,0,Национальный исследовательский Московский государственный строительный университет,Specialist degree,master,0
MRKZ,Алексей Александрович Полинов,degrees,0,,Doctoral degree,doctoral,0
MRKZ,Артем Геннадьевич Алешин,education,0,Нижегородский государственный технический университет имени Р.Е. Алексеева,Specialist degree,master,0
MRKZ,Артем Геннадьевич Алешин,education,1,Российская академия народного хозяйства и государственной службы при Президенте Российской Федерации,Specialist degree,master,0
MRKZ,Василий Васильевич Вычегжанин,education,0,Вятский государственный университет,Specialist degree,master,0
MRKZ,Василий Васильевич Вычегжанин,education,1,Вятский государственный университет,Specialist degree,master,0
MRKZ,Александр Юрьевич Корнеев,education,0,Национальный исследовательский университет «МЭИ»,Specialist degree,master,0
MRKZ,Андрей Владимирович Морозов,education,0,Всероссийский государственный университет юстиции (РПА Минюста России),Specialist degree,master,0
MRKZ,Андрей Владимирович Морозов,education,1,Harvard Law School,Master's degree,master,1
MRKZ,Сергей Сергеевич Пикин,education,0,Московский государственный университет имени М.В. Ломоносова,Bachelor's degree,bachelor,0
MRKZ,Сергей Сергеевич Пикин,education,1,Московский государственный университет имени М.В. Ломоносова,Master's degree,master,0
MRKZ,Мария Геннадьевна Тихонова,education,0,Российская академия народного хозяйства и государственной службы при Президенте Российской Федерации,Specialist degree,master,0
MRKZ,Мария Геннадьевна Тихонова,education,1,Российская академия народного хозяйства и государственной службы при Президенте Российской Федерации,Professional certification,,0
MRKZ,Мария Геннадьевна Тихонова,education,2,Национальный исследовательский университет «Высшая школа экономики»,MBA,,0
MRKZ,Мария Геннадьевна Тихонова,degrees,0,Санкт-Петербургский государственный университет технологии и дизайна,Doctoral degree,doctoral,0
MRKZ,Олег Романович Федоров,education,0,Московский государственный университет имени М.В. Ломоносова,Specialist degree,master,0
MRKZ,Владимир Вячеславович Харитонов,education,0,Российский университет дружбы народов имени Патриса Лумумбы,Master's degree,master,0
MRKZ,Владимир Вячеславович Харитонов,education,1,Российская академия народного хозяйства и государственной службы при Президенте Российской Федерации,MBA,,0
MRKZ,Владимир Вячеславович Харитонов,degrees,0,,Doctoral degree,doctoral,0
MRKZ,Александр Викторович Шевчук,education,0,Финансовый университет при Правительстве Российской Федерации,Specialist degree,master,0
MRKZ,Денис Владимирович Ягодка,education,0,Ивановский государственный энергетический университет имени В.И. Ленина,Specialist degree,master,0
MRKZ,Светлана Валерьевна Филатова,education,0,Санкт-Петербургский горный университет императрицы Екатерины II,Specialist degree,master,0
MRKZ,Светлана Валерьевна Филатова,education,1,Московская школа управления «Сколково»,MBA,,0
MRKZ,Светлана Валерьевна Филатова,education,2,Московский институт психоанализа,Master's degree,master,0
MRKZ,Карина Андреевна Аганова,education,0,"Балтийский институт экологии, политики и права",Bachelor's degree,bachelor,0
MRKZ,Карина Андреевна Аганова,education,1,Санкт-Петербургский юридический институт (филиал) Университета прокуратуры Российской Федерации,Specialist degree,master,0
MRKZ,Карина Андреевна Аганова,education,2,Санкт-Петербургский государственный университет,Specialist degree,master,0
MRKZ,Карина Андреевна Аганова,education,3,Российская академия народного хозяйства и государственной службы при Президенте Российской Федерации,MBA,,0
MRKZ,Карина Андреевна Аганова,education,4,Московская школа управления «Сколково»,MBA,,0
MRKZ,Карина Андреевна Аганова,education,5,Национальный исследовательский университет «МЭИ»,Professional certification,,0
MRKZ,Анна Владимировна Изотова,education,0,Российский государственный университет нефти и газа (национальный исследовательский университет) имени И.М. Губкина,Specialist degree,master,0
MRKZ,Сергей Владимирович Климов,education,0,Санкт-Петербургский государственный университет аэрокосмического приборостроения,Specialist degree,master,0
MSNG,Александр Александрович Бутко,education,0,Рижский институт инженеров гражданской авиации имени Ленинского комсомола,Specialist degree,master,1
MSNG,Денис Владимирович Федоров,education,0,Московский государственный технический университет имени Н.Э. Баумана,Specialist degree,master,0
MSNG,Денис Владимирович Федоров,education,1,Национальный исследовательский университет «МЭИ»,Doctoral degree,doctoral,0
MSNG,Денис Владимирович Федоров,degrees,0,,Doctoral degree,doctoral,0
MSNG,Елена Владимировна Михайлова,education,0,Санкт-Петербургский государственный экономический университет,Specialist degree,master,0
MSNG,Елена Владимировна Михайлова,education,1,Санкт-Петербургский государственный университет,Specialist degree,master,0
MSNG,Иванников Александр Сергеевич,education,0,Высшее военно-морское училище радиоэлектроники имени А.С. Попова,Specialist degree,master,0
MSNG,Иванников Александр Сергеевич,education,1,Санкт-Петербургский государственный университет,Professional certification,,0
MSNG,Иванников Александр Сергеевич,education,2,Санкт-Петербургский политехнический университет Петра Великого,Professional certification,,0
MSNG,Иванников Александр Сергеевич,degrees,0,,Doctoral degree,doctoral,0
MSNG,Маркелов Виталий Анатольевич,education,0,Самарский национальный исследовательский университет имени академика С.П. Королёва,Specialist degree,master,0
MSNG,Маркелов Виталий Анатольевич,degrees,0,,Doctoral degree,doctoral,0
MSNG,Табельский Андрей Николаевич,education,0,Московский городской университет управления Правительства Москвы,Unknown,,0
MSNG,Табельский Андрей Николаевич,education,1,Московский государственный юридический университет имени О.Е. Кутафина (МГЮА),Unknown,,0
MSNG,Шацкий Павел Олегович,education,0,Российский государственный университет народного хозяйства имени В.И. Вернадского,Specialist degree,master,0
MSNG,Шацкий Павел Олегович,education,1,Государственный университет управления,Specialist degree,master,0
MSRS,Александр Михайлович Пятигор,education,0,Казахский аграрный университет имени С. Сейфуллина,Specialist degree,master,1
MSRS,Петр Алексеевич Синютин,education,0,South Ural State University (National Research University),Specialist degree,master,0
MSRS,Петр Алексеевич Синютин,education,1,Российская академия народного хозяйства и государственной службы при Президенте Российской Федерации,Specialist degree,master,0
MSRS,Петр Алексеевич Синютин,degrees,0,,Doctoral degree,doctoral,0
MSRS,Петр Алексеевич Синютин,degrees,1,,Doctoral degree,doctoral,0
MSRS,Владимир Юрьевич Мясников,education,0,Национальный исследовательский ядерный университет «МИФИ»,Specialist degree,master,0
MSRS,Всеволод Евгеньевич Иванов,education,0,Московский государственный открытый университет имени В.С. Черномырдина,Specialist degree,master,0
MSRS,Лилия Ивановна Шелест,education,0,Коми государственный педагогический институт,Specialist degree,master,0
MSRS,Лилия Ивановна Шелест,education,1,Вятский государственный гуманитарный университет,Specialist degree,master,0
MSRS,Анатолий Анатольевич Гавриленко,education,0,Московский государственный университет имени М.В. Ломоносова,Specialist degree,master,0
MSRS,Анатолий Анатольевич Гавриленко,education,1,Московский государственный университет имени М.В. Ломоносова,Specialist degree,master,0
MSRS,Алексей Викторович Нуждов,education,0,Саратовское высшее военное командное краснознаменное училище МВД СССР имени Ф.Э. Дзержинского,Specialist degree,master,0
MSRS,Алексей Викторович Нуждов,education,1,Высшие курсы ФСК России,Professional certification,,0
MSRS,Сергей Александрович Никитин,education,0,Московский государственный технический университет имени Н.Э. Баумана,Specialist degree,master,0
MSRS,Сергей Александрович Никитин,education,1,Национальный исследовательский университет «Высшая школа экономики»,Specialist degree,master,0
MSRS,Сергей Валентинович Грищенко,education,0,Московский государственный институт международных отношений (университет) Министерства иностранных дел Российской Федерации,Specialist degree,master,0
MSRS,Евгений Ильич Логовинский,education,0,Государственный университет управления,Specialist degree,master,0
MSRS,Евгений Ильич Логовинский,education,1,Manchester Business School,MBA,,1
MSRS,Евгений Ильич Логовинский,degrees,0,Государственный университет управления,Doctoral degree,doctoral,0
MSRS,Ольга Андреевна Сергеева,education,0,Российский экономический университет имени Г.В. Плеханова,Specialist degree,master,0
MSRS,Гасан Гизбуллагович Гасангаджиев,education,0,Национальный исследовательский университет «МЭИ»,Specialist degree,master,0
MSRS,Юрий Владимирович Гончаров,education,0,Национальный исследовательский технологический университет «МИСиС»,,,0
MSRS,Юрий Владимирович Гончаров,education,1,"Московский институт экономики, политики и права",Bachelor's degree,bachelor,0
MSRS,Лариса Анатольевна Романовская,education,0,Самарский государственный экономический университет,Specialist degree,master,0
MTLR,Коржов Олег Викторович,education,0,Уральский федеральный университет имени первого Президента России Б.Н. Ельцина,Specialist degree,master,0
MTLR,Коржов Олег Викторович,education,1,Российская академия народного хозяйства и государственной службы при Президенте Российской Федерации,Executive education,,0
MTLR,Коржов Олег Викторович,degrees,0,,Doctoral degree,doctoral,0
MTLR,Хафизов Игорь Валерьевич,education,0,Уральский государственный горный университет,Specialist degree,master,0
MTLR,Хафизов Игорь Валерьевич,education,1,Уральский государственный горный университет,Specialist degree,master,0
MTLR,Лебедев Алексей Викторович,education,0,Ижевский государственный технический университет имени М.Т. Калашникова,Specialist degree,master,0
MTLR,Лебедев Алексей Викторович,education,1,Ижевский монтажный техникум,Secondary education,secondary,0
MTLR,Войткус Дмитрий Сергеевич,education,0,Уральский федеральный университет имени первого Президента России Б.Н. Ельцина,Specialist degree,master,0
MTLR,Войткус Дмитрий Сергеевич,degrees,0,Alliance Manchester Business School,Master's degree,master,1
MTLR,Силаева Екатерина Александровна,education,0,Государственный университет управления,Specialist degree,master,0
MTLR,Силаева Екатерина Александровна,degrees,0,Российская академия народного хозяйства и государственной службы при Президенте Российской Федерации,MBA,,0
MTSS,Вячеслав Константинович Николаев / Vyacheslav Konstantinovich Nikolayev,education,0,Московский государственный университет им. М. В. Ломоносова,Specialist degree,master,0
MTSS,Алексей Андреевич Катунин / Alexey Katunin,education,0,НИУ ВШЭ,Master's degree,master,0
MTSS,Алексей Андреевич Катунин / Alexey Katunin,education,1,Московская школа управления Сколково,Executive education,,0
MTSS,Алексей Андреевич Катунин / Alexey Katunin,education,2,Harvard Summer School,Executive education,,1
MTSS,Павел Алексеевич Воронин / Pavel Voronin,education,0,Московский государственный университет им. М. В. Ломоносова,Specialist degree,master,0
MTSS,Полина Угрюмова / Polina Ugryumova,education,0,Санкт-Петербургский государственный экономический университет,Specialist degree,master,0
MTSS,Полина Угрюмова / Polina Ugryumova,education,1,CFA Institute,Professional certification,,0
MTSS,Руслан Султанович Ибрагимов / Ruslan Sultanovich Ibragimov,education,0,Московский государственный университет им. М. В. Ломоносова,Specialist degree,master,0
MTSS,Руслан Султанович Ибрагимов / Ruslan Sultanovich Ibragimov,education,1,Российский университет дружбы народов,,bachelor,0
MTSS,Руслан Султанович Ибрагимов / Ruslan Sultanovich Ibragimov,degrees,0,Российский университет дружбы народов,Doctoral degree,doctoral,0
MTSS,Регина Дагмар Бенедикта фон Флемминг / Regina von Flemming,education,0,Freie Universität Berlin,Master's degree,master,1
MTSS,Артем Иванович Засурский / Artem I. Zassoursky,education,0,Московский государственный университет им. М. В. Ломоносова,Specialist degree,master,0
MTSS,Артем Иванович Засурский / Artem I. Zassoursky,education,1,Московский государственный университет им. М. В. Ломоносова,Doctoral degree,doctoral,0
MTSS,Валентин Борисович Юмашев / Valentin Borisovich Yumashev,education,0,Московский государственный университет им. М. В. Ломоносова,,,0
MTSS,Надя Шурабура / Nadia Shouraboura,education,0,Московский государственный университет им. М. В. Ломоносова,Bachelor's degree,bachelor,0
MTSS,Надя Шурабура / Nadia Shouraboura,education,1,Tel Aviv University,Bachelor's degree,bachelor,1
MTSS,Надя Шурабура / Nadia Shouraboura,degrees,0,Princeton University,Doctoral degree,doctoral,1
MTSS,Пол Берриман / Paul Berriman,education,0,University of Salford,Bachelor's degree,bachelor,1
MTSS,Пол Берриман / Paul Berriman,education,1,University of Hong Kong,MBA,,1
MVID,Билан Абдурахимович Ужахов,education,0,University of Hamburg,Bachelor's degree,bachelor,1
MVID,Билан Абдурахимович Ужахов,education,1,Российский экономический университет им. Г. В. Плеханова,Professional certification,,0
MVID,Билан Абдурахимович Ужахов,education,2,Российский государственный университет нефти и газа им. И. М. Губкина,Professional certification,,0
MVID,Билан Абдурахимович Ужахов,education,3,НИУ ВШЭ,Master's degree,master,0
MVID,Билан Абдурахимович Ужахов,education,4,Корпоративный университет Сбербанка / Лондонская школа бизнеса,Executive education,,0
MVID,Билан Абдурахимович Ужахов,education,5,"Кузбасский государственный технический университет, Беловский филиал",Professional certification,,0
MVID,Билан Абдурахимович Ужахов,degrees,0,НИУ ВШЭ,Master's degree,master,0
MVID,Феликс Григорьевич Либ,education,0,Международный институт экономики и права,,,0
MVID,Феликс Григорьевич Либ,education,1,Институт законодательства и сравнительного правоведения при Правительстве РФ,,,0
MVID,Денис Владимирович Голышев,education,0,Институт переподготовки и повышения квалификации сотрудников ФСБ РФ,,,0
MVID,Денис Владимирович Голышев,education,1,Академия ФСБ РФ,,,0
MVID,Денис Владимирович Голышев,education,2,Российская академия государственной службы при Президенте Российской Федерации,,,0
MVID,Денис Владимирович Голышев,education,3,"АНО ДПО Центр повышения квалификации ""АИС""",Professional certification,,0
MVID,Степан Борисович Кузнецов,education,0,Московский государственный университет им. М. В. Ломоносова,Unknown,,0
MVID,Степан Борисович Кузнецов,education,1,IE Business School,MBA,,1
MVID,Степан Борисович Кузнецов,degrees,0,IE Business School,MBA,,1
MVID,Анатолий Викторович Мохов,education,0,Московский энергетический институт,,bachelor,0
MVID,Анатолий Викторович Мохов,degrees,0,Московский энергетический институт,,bachelor,0
MVID,Роман Стенцель / Roman Stenzel,education,0,Albert-Ludwigs-Universitat Freiburg,,,1
MVID,Роман Стенцель / Roman Stenzel,education,1,German bar,,,0
MVID,Евгений Александрович Щепелин,education,0,Московский государственный университет путей сообщения,,,0
MVID,Владислав Сергеевич Бакальчук,education,0,Московский энергетический институт,,,0
MVID,Екатерина Ярина,education,0,Санкт-Петербургский государственный университет экономики и финансов,,,0
MVID,Екатерина Ярина,education,1,INSEAD,,,1
MVID,Екатерина Ярина,education,2,ACCA (Association of Chartered Certified Accountants),Professional certification,,0
MVID,Екатерина Ярина,education,3,Ассоциация независимых директоров,Professional certification,,0
MVID,Екатерина Ярина,degrees,0,INSEAD,MBA,,1
NKHP,Yuriy Alekseevich Medvedev / Медведев Юрий Алексеевич,education,0,Кубанский государственный технологический университет,Specialist degree,master,0
NKHP,Yuriy Alekseevich Medvedev / Медведев Юрий Алексеевич,degrees,0,,Doctoral degree,doctoral,0
NKHP,Ivan Akhmedovich Chepovoy / Чеповой Иван Ахмедович,education,0,Российский экономический университет имени Г.В. Плеханова,Specialist degree,master,0
NKHP,Ksenia Bolomatova / Боломатова Ксения Николаевна,education,0,,,,0
NKHP,Roman Kron / Крон Роман Александрович,education,0,Северо-Кавказский федеральный университет,Specialist degree,master,0
NKNC,Марат Инилович Фаляхов,education,0,Казанский государственный технологический университет,Master's degree,master,0
NKNC,Марат Инилович Фаляхов,education,1,Поволжская академия государственной службы имени П.А. Столыпина,,,0
NKNC,Марат Инилович Фаляхов,degrees,0,,Doctoral degree,doctoral,0
NKNC,Игорь Георгиевич Климов,education,0,Балтийский государственный технический университет им. Д.Ф. Устинова,,,0
NKNC,Игорь Георгиевич Климов,education,1,Высшая школа бизнеса МГУ им. М.В. Ломоносова,MBA,,0
NKNC,Игорь Георгиевич Климов,education,2,INSEAD и IMD,,,1
NKNC,Дарья Юрьевна Борисова,education,0,МГУ им. М.В. Ломоносова,,,0
NKNC,Дарья Юрьевна Борисова,education,1,University of Toledo,,,1
NKNC,Дарья Юрьевна Борисова,degrees,0,,Doctoral degree,doctoral,0
NKNC,Сергей Викторович Гринько,education,0,Российская экономическая академия им. Г.В. Плеханова,,,0
NKNC,Сергей Николаевич Лукичев,education,0,Пермское высшее военное командное Краснознаменное училище,,,0
NKNC,Олег Иванович Макаров,education,0,МГИМО,,,0
NKNC,Олег Иванович Макаров,education,1,London Metropolitan University,MBA,,1
NKNC,Марина Владимировна Медведева,education,0,Московская академия экономики и права,,,0
NKNC,Марина Владимировна Медведева,education,1,МГИМО,,,0
NKNC,Василий Петрович Номоконов,education,0,Московский государственный инженерно-физический институт,,,0
NKNC,Василий Петрович Номоконов,degrees,0,,Doctoral degree,doctoral,0
NKNC,Александр Анатольевич Петров,education,0,Финансовая академия при Правительстве РФ,,,0
NKNC,Александр Анатольевич Петров,education,1,INSEAD,MBA,,1
NLMK,Sergey Karataev,education,0,Finance Academy under the Government of the Russian Federation,,,0
NLMK,Nikolay Ivanov,education,0,Finance Academy under the Government of the Russian Federation,,,0
NLMK,Nikolay Ivanov,education,1,Northeast Missouri State University,,,1
NLMK,Nikolay Ivanov,education,2,Harvard Business School,Professional certification,,1
NLMK,Dmitry Kholkin,education,0,State University of Management,,,0
NLMK,Ben de Vos,education,0,University of Pretoria,Master's degree,master,1
NLMK,Ben de Vos,education,1,INSEAD,MBA,,1
NLMK,Irene Spitzberg,education,0,Michigan State University,Master's degree,master,1
NLMK,Irene Spitzberg,education,1,Northwestern University,Doctoral degree,doctoral,1
NLMK,Irene Spitzberg,degrees,0,Northwestern University,Doctoral degree,doctoral,1
NLMK,Vladimir Lisin,education,0,Siberian Metallurgical Institute,,,0
NLMK,Vladimir Lisin,education,1,Academy of National Economy,,,0
NLMK,Vladimir Lisin,degrees,0,,Doctoral degree,doctoral,0
NLMK,Vladimir Lisin,degrees,1,,Doctoral degree,doctoral,0
NLMK,Nikolai Alexeevich Gagarin,education,0,Lomonosov Moscow State University,,,0
NLMK,Nikolai Alexeevich Gagarin,degrees,0,Lomonosov Moscow State University,Doctoral degree,doctoral,0
NLMK,Oleg Bagrin,education,0,State University of Management,,,0
NLMK,Oleg Bagrin,education,1,University of Cambridge,MBA,,1
NLMK,Stanislav Shekshnia,education,0,Lomonosov Moscow State University,,,0
NLMK,Stanislav Shekshnia,degrees,0,Lomonosov Moscow State University,Doctoral degree,doctoral,0
NLMK,Thomas Veraszto,education,0,Harvard University,Bachelor's degree,bachelor,1
NLMK,Thomas Veraszto,education,1,Harvard Business School,MBA,,1
NLMK,Joachim Otto Jacob Limberg,education,0,University of Dortmund,Master's degree,master,1
NMTP,Киреев Сергей Георгиевич,education,0,Краснодарский государственный институт физической культуры,Unknown,,0
NVTK,Михельсон Леонид Викторович,education,0,Куйбышевский инженерно-строительный институт,Specialist degree,master,0
NVTK,Феодосьев Лев Владимирович,education,0,МГТУ им. Н.Э. Баумана,,,0
NVTK,Крюков Валерий Анатольевич,education,0,Новосибирский государственный университет,Specialist degree,master,0
NVTK,Крюков Валерий Анатольевич,degrees,0,,Doctoral degree,doctoral,0
NVTK,Крюков Валерий Анатольевич,degrees,1,,,,0
NVTK,Крюков Валерий Анатольевич,degrees,2,,,,0
NVTK,Нестеренко Виктор Геннадьевич,education,0,Московский государственный институт международных отношений (университет) Министерства иностранных дел Российской Федерации,Specialist degree,master,0
NVTK,Орел Алексей Владимирович,education,0,Московский институт нефтехимической и газовой промышленности им. И.М. Губкина,,,0
NVTK,Орел Алексей Владимирович,degrees,0,,Doctoral degree,doctoral,0
NVTK,Гайда Ирина Вернеровна,education,0,Санкт-Петербургский государственный университет,Master's degree,master,0
NVTK,Гайда Ирина Вернеровна,education,1,Harvard Business School,MBA,,1
NVTK,Гайда Ирина Вернеровна,education,2,ACCA,Professional certification,,0
NVTK,Гайда Ирина Вернеровна,degrees,0,,MBA,,0
NVTK,Эммануэль Киде,education,0,"European Business School, Paris",,,1
NVTK,Акимов Андрей Игоревич,education,0,Московский финансовый институт,,,0
NVTK,Наталенко Александр Егорович,education,0,Иркутский государственный университет,Specialist degree,master,0
OGKB,Семиколенов Артем Викторович,education,0,Самарская гуманитарная академия,,,0
OGKB,Семиколенов Артем Викторович,education,1,Российская академия государственной службы при Президенте РФ,,,0
OGKB,Абдуллин Роман Эдуардович,education,0,РГУ нефти и газа им. Губкина,Unknown,,0
OGKB,Бикмурзин Альберт Фяритович,education,0,Московский университет потребительской кооперации,Specialist degree,master,0
OGKB,Бикмурзин Альберт Фяритович,education,1,"НОЧУ ВО ""Экономико-энергетический институт""",Specialist degree,master,0
OGKB,Рогалев Николай Дмитриевич,education,0,Московский энергетический институт,,,0
OGKB,Рогалев Николай Дмитриевич,degrees,0,,Doctoral degree,doctoral,0
OGKB,Рогалев Николай Дмитриевич,degrees,1,,Doctoral degree,doctoral,0
OGKB,Рогалев Николай Дмитриевич,degrees,2,,,,0
OGKB,Земляной Евгений Николаевич,education,0,Российский экономический университет имени Г.В. Плеханова,Unknown,,0
OGKB,Коробкина Ирина Юрьевна,education,0,Московская государственная юридическая академия им. О.Е. Кутафина,,,0
OGKB,Коробкина Ирина Юрьевна,education,1,Государственный университет управления,Unknown,,0
OGKB,Зайцев Сергей Артурович,education,0,Московский энергетический институт (технический университет),,,0
OGKB,Пятницев Валерий Геннадьевич,education,0,Московский государственный горный университет,Specialist degree,master,0
OGKB,Рогов Александр Владимирович,education,0,Московский государственный университет им. М.В. Ломоносова,Unknown,,0
OGKB,Рогов Александр Владимирович,degrees,0,,Doctoral degree,doctoral,0
OGKB,Шацкий Павел Олегович,education,0,Российский государственный аграрный заочный университет,Unknown,,0
OGKB,Шацкий Павел Олегович,education,1,Государственный университет управления,Unknown,,0
OGKB,Куликов Денис Викторович,education,0,Московская государственная юридическая академия им. О.Е. Кутафина,Specialist degree,master,0
OGKB,Дмитриев Андрей Игоревич,education,0,Волжская академия водного транспорта,Unknown,,0
OKEY,KONSTANTIN ARABIDIS / Константин Арабидис,education,0,Peter the Great St. Petersburg Polytechnic University,,,0
OKEY,KONSTANTIN ARABIDIS / Константин Арабидис,education,1,St. Petersburg State University,,,0
OKEY,KONSTANTIN ARABIDIS / Константин Арабидис,education,2,Association of Chartered Certified Accountants,Professional certification,,0
OKEY,Андрей Кришнев / Andrey Krishnev,education,0,Ural State University of Economics,,,0
OKEY,DMITRIY TROITSKIY / Дмитрий Троицкий,education,0,State Marine Technical University of St. Petersburg,,,0
OKEY,BORIS VOLCHEK / Борис Волчек,education,0,Leningrad Institute of Railway Engineers,,,0
OKEY,DMITRIY KORZHEV / Дмитрий Коржев,education,0,State Marine Technical University of St. Petersburg,,,0
OKEY,ILYA ILIN / Илья Ильин,education,0,Russian Customs Academy,,,0
OKEY,ILYA ILIN / Илья Ильин,education,1,St. Petersburg State University,,,0
OZON,Герасимов Игорь Владиславович,education,0,"Graduate School of Management, Saint Petersburg State University",,,0
OZON,Герасимов Игорь Владиславович,education,1,"Rotterdam School of Management, Erasmus University",,,1
OZPH,Олег Эдуардович Минаков,education,0,Московский химико-технологический институт им. Д. И. Менделеева,,,0
OZPH,Галина Кремер,education,0,Ульяновская государственная сельскохозяйственная академия,,,0
OZPH,Галина Кремер,education,1,РАНХиГС при Президенте РФ,MBA,,0
OZPH,Галина Кремер,education,2,"Московская государственная высшая школа бизнеса ""МИРБИС""",,,0
OZPH,Павел Грядунов,education,0,Тольяттинский политехнический институт,,,0
OZPH,Андрей Горшков,education,0,Самарский государственный медицинский университет,,,0
OZPH,Андрей Горшков,education,1,Институт бизнеса и делового администрирования при РАНХиГС,MBA,,0
OZPH,Ольга Ларина,education,0,Тольяттинская государственная академия сервиса,,,0
OZPH,Ольга Ларина,education,1,"Московская международная высшая школа бизнеса ""МИРБИС""",MBA,,0
OZPH,Ольга Ларина,education,2,,,,0
OZPH,Мария Ульянова,education,0,,,,0
OZPH,Мария Ульянова,education,1,"Школа бизнеса ""МИРБИС""",MBA,,0
OZPH,Павел Алексенко,education,0,Ташкентский государственный технический университет,,,1
OZPH,Рустем Терегулов,education,0,Московский технологический институт,,,0
OZPH,Рустем Терегулов,education,1,St. John's University,MBA,,1
OZPH,Сергей Тахиев,education,0,РАНХиГС при Президенте РФ,,,0
OZPH,Сергей Тахиев,education,1,INSEAD,,,1
OZPH,Сергей Тахиев,education,2,Duquesne University,,,1
OZPH,Наталья Андреева,education,0,Омский технологический институт,,,0
OZPH,Наталья Андреева,education,1,Финансовая академия при Правительстве РФ,,,0
OZPH,Наталья Андреева,education,2,Московская школа практической психологии Московского института психоанализа,,,0
OZPH,Наталья Андреева,education,3,Школа управления СКОЛКОВО,MBA,,0
OZPH,Дилшод Абдурасулов,education,0,Ташкентский государственный технический университет,,,1
OZPH,Дилшод Абдурасулов,education,1,"НОУ ВПО ""Медицинский институт «РЕАВИЗ»""",,,0
PHOR,Рыбников Михаил Константинович,education,0,Московский государственный университет им. М. В. Ломоносова,,master,0
PHOR,Рыбников Михаил Константинович,education,1,"Московская школа управления ""Сколково""",Executive education,,0
PHOR,Гильгенберг Александр Александрович,education,0,Вологодский филиал Московской государственной юридической академии,,,0
PHOR,Круговых Юрий Николаевич,education,0,Московский гуманитарный университет,,,0
PHOR,Пронин Сергей Александрович,education,0,Московский инженерно-строительный институт им. В. В. Куйбышева,,,0
PHOR,Пронин Сергей Александрович,degrees,0,,,doctoral,0
PHOR,Шарабайко Александр Федорович,education,0,Белорусский государственный экономический университет,,,1
PHOR,Шарабайко Александр Федорович,education,1,Ноттингемский университет / Бизнес-школа Ноттингемского университета,Bachelor's degree,bachelor,0
PHOR,Шарабайко Александр Федорович,education,2,"Московская школа управления ""Сколково""",Executive education,,0
PHOR,Сиротенко Алексей Александрович,education,0,Московский государственный университет им. М. В. Ломоносова,,,0
PHOR,Федоров Валерий Иванович,education,0,Пермский государственный университет им. А. М. Горького,,,0
PHOR,Федоров Валерий Иванович,education,1,Академия общественных наук при ЦК КПСС,,,0
PHOR,Федоров Валерий Иванович,degrees,0,,,doctoral,0
PHOR,Стеркин Михаил Владимирович,education,0,Московский институт химического машиностроения,,,0
PHOR,Стеркин Михаил Владимирович,education,1,Научно-исследовательский институт лакокрасочной промышленности,,,0
PHOR,Селезнев Александр Евгеньевич,education,0,Московский государственный технический университет им. Н. Э. Баумана,,,0
PHOR,Левин Борис Владимирович,education,0,Московский химико-технологический институт им. Д. И. Менделеева,,,0
PHOR,Левин Борис Владимирович,degrees,0,,,doctoral,0
PHOR,Новиков Денис Федорович,education,0,"Военный финансово-экономический университет, г. Ярославль",,,0
PHOR,Новиков Денис Федорович,education,1,Московский государственный университет им. М. В. Ломоносова,MBA,,0
PHOR,Давыденко Владимир Васильевич,education,0,Московская государственная академия химического машиностроения,,,0
PHOR,Абрашитов Андрей Юрьевич,education,0,Кировский горный техникум,,,0
PHOR,Абрашитов Андрей Юрьевич,education,1,Санкт-Петербургский государственный горный институт им. Плеханова,,,0
PHOR,Абрашитов Андрей Юрьевич,education,2,"Современная гуманитарная академия, Москва",,,0
PHOR,Грибков Алексей Борисович,education,0,Ивановский химико-технологический институт,,,0
PHOR,Николаев Антон Анатольевич,education,0,Пермский государственный технический университет,,,0
PHOR,Иванов Алексей Юрьевич,education,0,Пермский государственный технический университет,,,0
PHOR,Иванов Алексей Юрьевич,education,1,Пермский государственный технический университет,,,0
PHOR,Вовк Андрей Михайлович,education,0,Белгородский государственный технологический университет им. В. Г. Шухова,,,0
PHOR,Лобанов Сергей Андреевич,education,0,Ленинградский институт инженеров железнодорожного транспорта,,,0
PIKK,Ерванд Оникович Карапетян,education,0,Ленинаканский строительный техникум им. С.А. Сафаряна,,,1
PIKK,Ерванд Оникович Карапетян,education,1,Московский государственный строительный университет,,,0
PIKK,Сергей Владимирович Мруз,education,0,Российский государственный гуманитарный университет,,,0
PIKK,Сергей Владимирович Мруз,degrees,0,,Doctoral degree,doctoral,0
PIKK,Кирилл Викторович Таченников,education,0,Финансовая академия при Правительстве РФ,,,0
PIKK,Кирилл Викторович Таченников,education,1,МГУ им. М.В. Ломоносова,,,0
PIKK,Владимир Валерьевич Заболотский,education,0,Магнитогорский государственный технический университет им. Г.И. Носова,,,0
PIKK,Илья Владиславович Юферев,education,0,Ленинградский государственный университет,,,0
PIKK,Иван Николаевич Поландов,education,0,Московский государственный строительный университет,,,0
PIKK,Сергей Эдуардович Гордеев,education,0,Тольяттинская академия управления,,,0
PIKK,Илья Михайлович Баландин,education,0,МГУ им. М.В. Ломоносова,,,0
PIKK,Юрий Ильин,education,0,Санкт-Петербургский государственный университет,MBA,,0
PIKK,Юрий Ильин,education,1,Stockholm University,MBA,,1
PIKK,Юрий Ильин,degrees,0,,MBA,,0
PIKK,Дмитрий Тимофеев,education,0,МГУ им. М.В. Ломоносова,,,0
PIKK,Алексей Александрович Карпенко,education,0,МГУ им. М.В. Ломоносова,,,0
PIKK,Алексей Александрович Карпенко,education,1,"Московская школа управления ""Сколково""",MBA,,0
PIKK,Алексей Александрович Карпенко,degrees,0,,MBA,,0
PIKK,Зумруд Хандадашевна Рустамова,education,0,Московский экономико-статистический институт,,,0
PIKK,Грегор Уильям Моват,education,0,Durham University,Bachelor's degree,bachelor,1
PIKK,Грегор Уильям Моват,education,1,Institute of Chartered Accountants of Scotland,Professional certification,,0
PIKK,Грегор Уильям Моват,degrees,0,,Bachelor's degree,bachelor,0
PIKK,Грегор Уильям Моват,degrees,1,,Professional certification,,0
PLZL,Алексей Александрович Востоков,education,0,Красноярский государственный университет,,,0
PLZL,Михаил Валерьевич Гордин,education,0,Московский государственный технический университет имени Н. Э. Баумана,,,0
PLZL,Михаил Валерьевич Гордин,education,1,California State University / Институт бизнеса и экономики Академии народного хозяйства,MBA,,0
PLZL,Михаил Валерьевич Гордин,degrees,0,,Doctoral degree,doctoral,0
PLZL,Дмитрий Николаевич Оленьков,education,0,,,,0
PLZL,Андрей Александрович Скорочкин,education,0,Государственный университет управления,,,0
PLZL,Андрей Александрович Скорочкин,education,1,INSEAD,MBA,,1
PLZL,Андрей Александрович Скорочкин,degrees,0,,Doctoral degree,doctoral,0
PLZL,Владимир Анатольевич Полин,education,0,Челябинский политехнический институт,,,0
POLY,Vitaly Nesis,education,0,Yale University,Bachelor's degree,bachelor,1
POLY,Vitaly Nesis,education,1,Санкт-Петербургский горный университет императрицы Екатерины II,Master's degree,master,0
POLY,Omar Bahram,education,0,University of Hull,Bachelor's degree,bachelor,1
POLY,Omar Bahram,education,1,"University of Law, Manchester",Professional certification,,1
POLY,Evgueni Konovalenko,education,0,"Columbia College, Columbia University",Bachelor's degree,bachelor,1
POLY,Evgueni Konovalenko,education,1,"Solvay Business School, Universite Libre de Bruxelles",MBA,,1
POLY,Richard Sharko,education,0,Loyola Marymount University,Bachelor's degree,bachelor,1
POLY,Richard Sharko,degrees,0,,Professional certification,,0
POLY,Janat Berdalina,education,0,École des Ponts ParisTech,MBA,,1
POLY,Janat Berdalina,education,1,"Academy of Management, Kazakhstan",Unknown,,1
POLY,Janat Berdalina,education,2,University of Bristol,Unknown,,1
POLY,Pascale Jeannin Perez,education,0,Ecole Normale,,,1
POLY,Pascale Jeannin Perez,education,1,University of Montpellier,Unknown,,1
POLY,Steven Dashevsky,education,0,"Baruch College, The City University of New York",Unknown,,1
POLY,Steven Dashevsky,degrees,0,,Professional certification,,0
POSI,Денис Сергеевич Баранов,education,0,Национальный исследовательский университет ИТМО,,,0
POSI,Алексей Вячеславович Андреев,education,0,Московский авиационный институт,,,0
POSI,Алексей Вячеславович Андреев,education,1,Московский авиационный институт,,,0
POSI,Евгений Вячеславович Киреев,education,0,МГУ им. М. В. Ломоносова,,,0
POSI,Даниил Александрович Рыбак,education,0,"Московский институт радиотехники, электроники и автоматики",,,0
POSI,Даниил Александрович Рыбак,education,1,"Высшая школа социальных наук (EHESS), Париж",,,1
POSI,Даниил Александрович Рыбак,education,2,"IMD, INSEAD, Stanford GSB",,,1
POSI,Карина Суреновна Саркисян,education,0,Финансовый университет при Правительстве РФ,,master,0
POSI,Карина Суреновна Саркисян,education,1,Vienna University of Economics and Business,,,1
POSI,Карина Суреновна Саркисян,degrees,0,,,doctoral,0
POSI,Максим Георгиевич Филиппов,education,0,Национальный исследовательский университет «МИЭТ»,,,0
POSI,Максим Георгиевич Филиппов,education,1,Международный институт бизнес-образования,,,0
PRMD,Александр Игоревич Ефремов,education,0,Военно-медицинская академия им. С. М. Кирова,,,0
PRMD,Александр Игоревич Ефремов,education,1,Российская академия государственной службы при Президенте Российской Федерации,,,0
PRMD,Александр Игоревич Ефремов,education,2,Harvard Business School,,,1
PRMD,Александр Игоревич Ефремов,education,3,IMD Business School,,,1
PRMD,Александр Игоревич Ефремов,degrees,0,,,doctoral,0
PRMD,Петр Александрович Белый,education,0,Московский государственный медико-стоматологический университет им. А. И. Евдокимова / Российский университет медицины,,,0
PRMD,Петр Александрович Белый,degrees,0,,,doctoral,0
PRMD,Петр Александрович Белый,degrees,1,,,doctoral,0
PRMD,Кирилл Юрьевич Рубинский,education,0,МГИМО МИД России,,,0
PRMD,Кирилл Юрьевич Рубинский,education,1,ESCP Business School / Ecole Superieure du Commerce de Paris,,master,1
PRMD,Кирилл Юрьевич Рубинский,degrees,0,,,master,0
PRMD,Игорь Вениаминович Маев,education,0,Московский государственный медико-стоматологический институт / МГМСУ им. А. И. Евдокимова,,,0
PRMD,Игорь Вениаминович Маев,degrees,0,,,doctoral,0
PRMD,Игорь Вениаминович Маев,degrees,1,,,,0
PRMD,Игорь Вениаминович Маев,degrees,2,,,,0
PRMD,Деян Йованович,education,0,Варшавская медицинская академия,,,1
PRMD,Юрий Федорович Литвищенко,education,0,РНИМУ им. Н. И. Пирогова,,,0
PRMD,Юрий Федорович Литвищенко,education,1,"Management Centre Europe (MCE), Ashridge College, Bocconi University",,,1
PRMD,Юрий Федорович Литвищенко,degrees,0,,,doctoral,0
PRMD,Михаил Игоревич Малиновский,education,0,Московский государственный юридический университет им. О. Е. Кутафина,,,0
PRMD,Михаил Игоревич Малиновский,education,1,Российская школа частного права,,,0
PRMD,Михаил Игоревич Малиновский,education,2,Институт законодательства и сравнительного правоведения при Правительстве Российской Федерации,,,0
PRMD,Михаил Игоревич Малиновский,education,3,Cambridge General Management Certificate (программа Raising Capital),Professional certification,,1
PRMD,Михаил Игоревич Малиновский,education,4,Нижегородская духовная семинария,,,0
PRMD,Михаил Игоревич Малиновский,education,5,Центр защиты прав человека им. А. Аметистова,,,0
PRMD,Юрий Юрьевич Троянкин,education,0,МФТИ,,,0
PRMD,Юрий Юрьевич Троянкин,education,1,МИПК РЭА им. Г. В. Плеханова / Российский экономический университет им. Г. В. Плеханова,,,0
PRMD,Юрий Юрьевич Троянкин,education,2,Thunderbird American Graduate School of International Management / CBSD,,,0
PRMD,Кира Яковлевна Заславская,education,0,Российский химико-технологический университет им. Д. И. Менделеева,,,0
PRMD,Кира Яковлевна Заславская,education,1,Институт элементоорганических соединений им. А. Н. Несмеянова РАН,,,0
PRMD,Кира Яковлевна Заславская,education,2,Академия PwC,,,0
QIWI,Alexey Sergeevich Mashchenkov / Алексей Мащенков,education,0,St. Petersburg State University,,,0
QIWI,Alexey Sergeevich Mashchenkov / Алексей Мащенков,education,1,INSEAD,MBA,,1
QIWI,Alexey Sergeevich Mashchenkov / Алексей Мащенков,education,2,Harvard Business School,Executive education,,1
QIWI,Alexey Sergeevich Mashchenkov / Алексей Мащенков,degrees,0,INSEAD,MBA,,1
RASP,Владимир Федорович Мельниченко,education,0,Новочеркасский политехнический институт,,,0
RASP,Марат Михайлович Атнашев,education,0,Государственный университет управления,Specialist degree,master,0
RASP,Марат Михайлович Атнашев,education,1,INSEAD,MBA,,1
RASP,Марат Михайлович Атнашев,education,2,MIT Academy of Major Projects (США),Executive education,,1
RASP,Марат Михайлович Атнашев,degrees,0,,,doctoral,0
RASP,Игорь Вадимович Богачев,education,0,Московский авиационный институт,Specialist degree,master,0
RASP,Игорь Вадимович Богачев,education,1,МИРБИС / London Metropolitan University,MBA,,0
RASP,Алексей Александрович Иванов,education,0,Финансовая академия при Правительстве Российской Федерации,Specialist degree,master,0
RASP,Алексей Александрович Иванов,education,1,INSEAD,,,1
RASP,Николай Владимирович Иванов,education,0,Финансовая академия при Правительстве Российской Федерации,Specialist degree,master,0
RASP,Ольга Александровна Покровская,education,0,Государственная финансовая академия,,,0
RASP,Эрик Хью Джон Стойлл,education,0,Университет Витватерсранда в Йоханнесбурге,Bachelor's degree,bachelor,1
RASP,Эрик Хью Джон Стойлл,education,1,,Master's degree,master,0
RASP,Регина Дагмар Бенедикта фон Флемминг,education,0,Свободный университет Берлина,,,1
RASP,Регина Дагмар Бенедикта фон Флемминг,education,1,Институт политических исследований (Париж) / Sciences Po,,,1
RASP,Регина Дагмар Бенедикта фон Флемминг,education,2,INSEAD Business School (Париж),,,1
RASP,Регина Дагмар Бенедикта фон Флемминг,education,3,Германский институт содействия развитию и техническому сотрудничеству (Берлин-Пекин),,,1
RASP,Александр Владимирович Фролов,education,0,Московский физико-технический институт,,,0
RASP,Александр Владимирович Фролов,degrees,0,,,doctoral,0
RENI,Гадлиба Юлия Олеговна,education,0,Высшая школа экономики / НИУ ВШЭ,Unknown,,0
RKKE,Озар Игорь Яковлевич,education,0,Московский институт управления имени С. Орджоникидзе,,,0
RKKE,Мальцев Игорь Евгеньевич,education,0,Военный инженерный Краснознамённый институт имени А.Ф. Можайского,,,0
RKKE,Мальцев Игорь Евгеньевич,education,1,Российская правовая академия Министерства юстиции РФ,,,0
RKKE,Борисов Юрий Иванович,education,0,Калининское суворовское военное училище,,,0
RKKE,Борисов Юрий Иванович,education,1,Пушкинское высшее командное училище радиоэлектроники ПВО,,,0
RKKE,Борисов Юрий Иванович,education,2,Московский государственный университет имени М.В. Ломоносова,,,0
RKKE,Борисов Юрий Иванович,degrees,0,,,doctoral,0
RKKE,Быков Александр Иванович,education,0,Воронежский государственный технический университет,,,0
RKKE,Никифоров Никита Юрьевич,education,0,Московский государственный университет имени М.В. Ломоносова,,,0
RKKE,Погосян Михаил Асланович,education,0,Московский авиационный институт,,,0
RKKE,Погосян Михаил Асланович,degrees,0,,,doctoral,0
RKKE,Погосян Михаил Асланович,degrees,1,Российская академия наук,,,0
RNFT,Толочек Евгений Викторович,education,0,Самарский государственный технический университет,,,0
RNFT,Прозоровская Ольга Евгеньевна,education,0,Московский институт управления имени Серго Орджоникидзе,Specialist degree,master,0
RNFT,Пицюра Евгений Владимирович,education,0,Томский политехнический университет,Specialist degree,master,0
RNFT,Пицюра Евгений Владимирович,degrees,0,Томский политехнический университет,,doctoral,0
RNFT,Карпенко Сергей Анатольевич,education,0,Санкт-Петербургский горный институт,,,0
RNFT,Романов Дмитрий Вячеславович,education,0,Московский институт народного хозяйства имени Г.В. Плеханова,,,0
RNFT,Романов Дмитрий Вячеславович,degrees,0,,,doctoral,0
RNFT,Кирдода Игорь Иванович,education,0,Азербайджанский институт нефти и химии имени М. Азизбекова,,,1
RNFT,Кирдода Игорь Иванович,degrees,0,,,doctoral,0
RNFT,Кузьменков Алексей Александрович,education,0,Московский государственный инженерно-физический институт (технический университет),,,0
RNFT,Дерех Андрей Михайлович,education,0,Минский радиотехнический институт,,,1
RNFT,Дерех Андрей Михайлович,education,1,Международный институт менеджмента,,,0
RNFT,Мартынов Виктор Георгиевич,education,0,Московский институт нефтехимической и газовой промышленности имени И.М. Губкина,,,0
RNFT,Мартынов Виктор Георгиевич,degrees,0,,,doctoral,0
RNFT,Мартынов Виктор Георгиевич,degrees,1,,,,0
RNFT,Мартынов Виктор Георгиевич,degrees,2,,,doctoral,0
RNFT,Мартынов Виктор Георгиевич,degrees,3,,,,0
RNFT,Щербак Владимир Львович,education,0,Университет дружбы народов имени Патриса Лумумбы,,,0
RNFT,Степашин Сергей Вадимович,education,0,Высшее политическое училище МВД СССР,,,0
RNFT,Степашин Сергей Вадимович,education,1,Военно-политическая академия имени В.И. Ленина,,,0
RNFT,Степашин Сергей Вадимович,education,2,Финансовая академия при Правительстве Российской Федерации,,,0
RNFT,Степашин Сергей Вадимович,degrees,0,,,doctoral,0
RNFT,Степашин Сергей Вадимович,degrees,1,,,doctoral,0
RNFT,Степашин Сергей Вадимович,degrees,2,,,,0
RNFT,Сидский Николай Алексеевич,education,0,Орловский государственный технический университет,,,0
ROSN,Igor Sechin,education,0,Leningrad State University,,,0
ROSN,Igor Sechin,degrees,0,,Doctoral degree,doctoral,0
ROSN,Petr Lazarev,education,0,Moscow Institute of National Economy named after G.V. Plekhanov,,,0
ROSN,Ural A. Latypov,education,0,Bashkir State University,,,0
ROSN,Andrey Igorevich Akimov,education,0,Moscow Financial Institute,,,0
ROSN,Alexander Novak,education,0,Norilsk Industrial Institute,,,0
ROSN,Alexander Novak,education,1,Moscow State University,,,0
ROSN,Faisal Al-Suwaidi,education,0,"Merton Technical College, United Kingdom",,,1
ROSN,Maxim Oreshkin,education,0,Higher School of Economics,Bachelor's degree,bachelor,0
ROSN,Maxim Oreshkin,education,1,Higher School of Economics,Master's degree,master,0
ROSN,Alexander Uss,education,0,Krasnoyarsk State University,,,0
ROSN,Alexander Uss,degrees,0,Tomsk State University,Doctoral degree,doctoral,0
ROSN,Alexander Uss,degrees,1,,Doctoral degree,doctoral,0
ROSN,Alexander Dmitrievich Nekipelov,education,0,"Moscow State University, Faculty of Economics",,,0
ROSN,Alexander Dmitrievich Nekipelov,degrees,0,,,,0
ROSN,Vladimir Litvinenko,education,0,Leningrad Mining Institute,,,0
ROSN,Vladimir Litvinenko,degrees,0,,Doctoral degree,doctoral,0
ROSN,Vladimir Litvinenko,degrees,1,,Doctoral degree,doctoral,0
RTKM,Михаил Эдуардович Осеевский,education,0,Ленинградский политехнический институт им. М. И. Калинина,,,0
RTKM,Михаил Эдуардович Осеевский,degrees,0,,Doctoral degree,doctoral,0
RTKM,Анна Борисовна Трегубенкова,education,0,"НИУ ""Высшая школа экономики""",Master's degree,master,0
RTKM,Анна Борисовна Трегубенкова,education,1,"Московская школа управления ""Сколково""",Executive education,,0
RTKM,Алексей Валерьевич Сапунов,education,0,Московский государственный инженерно-физический институт,,,0
RTKM,Дарий Равильевич Халитов,education,0,Казанский государственный технический университет им. А. Н. Туполева,,,0
RTKM,Дарий Равильевич Халитов,education,1,Российский университет дружбы народов,Master's degree,master,0
RTKM,Дмитрий Александрович Куракин,education,0,Санкт-Петербургский государственный университет,,,0
RTKM,Антон Андреевич Златопольский,education,0,Московский государственный университет им. М. В. Ломоносова,,,0
RTKM,Антон Андреевич Златопольский,degrees,0,,Doctoral degree,doctoral,0
RTKM,Вадим Викторович Семенов,education,0,Ленинградский государственный университет им. А. А. Жданова,,,0
RTKM,Кирилл Александрович Дмитриев,education,0,Stanford University,Bachelor's degree,bachelor,1
RTKM,Кирилл Александрович Дмитриев,education,1,Harvard Business School,MBA,,1
RTKM,Алексей Андреевич Яковицкий,education,0,Московский государственный университет им. М. В. Ломоносова,,,0
RTKM,Алексей Андреевич Яковицкий,education,1,"Nelson A. Rockefeller College of Public Affairs and Policy, State University of New York",Master's degree,master,1
RTKM,Андрей Леонидович Костин,education,0,Московский государственный университет им. М. В. Ломоносова,,,0
RTKM,Андрей Леонидович Костин,degrees,0,,Doctoral degree,doctoral,0
RTKM,Елена Владимировна Шмелева,education,0,Санкт-Петербургский государственный университет,,,0
RTKM,Елена Владимировна Шмелева,degrees,0,,Doctoral degree,doctoral,0
RTKM,Антон Алексеевич Устинов,education,0,Саратовская государственная академия права,Specialist degree,master,0
RTKM,Антон Алексеевич Устинов,degrees,0,,Doctoral degree,doctoral,0
RTKM,Дмитрий Николаевич Чернышенко,education,0,"Московский государственный технологический университет ""Станкин""",Specialist degree,master,0
RTKM,Николай Викторович Цехомский,education,0,Государственная инженерно-экономическая академия,,,0
RTKM,Николай Викторович Цехомский,education,1,Государственная инженерно-экономическая академия,,,0
RTKM,Николай Викторович Цехомский,degrees,0,,Doctoral degree,doctoral,0
RUAL,Evgeny Viktorovich Nikitin / Евгений Викторович Никитин,education,0,Московский государственный технический университет гражданской авиации / Московский институт инженеров гражданской авиации,Specialist degree,master,0
RUAL,Evgeny Viktorovich Nikitin / Евгений Викторович Никитин,education,1,Московский государственный университет им. М.В. Ломоносова,MBA,,0
RUAL,Evgeny Viktorovich Nikitin / Евгений Викторович Никитин,degrees,0,,MBA,,0
RUAL,Alexander Popov / Александр Валентинович Попов,education,0,Saratov State Socio-economic University,,bachelor,0
RUAL,Alexander Popov / Александр Валентинович Попов,education,1,Togliatti State University,,,0
RUAL,Alexander Popov / Александр Валентинович Попов,degrees,0,,Professional certification,,0
RUAL,Lok Tung Chan / Chan Lok Tung / Чен Лок Тунг,education,0,City University of Hong Kong,Bachelor's degree,bachelor,1
RUAL,Lok Tung Chan / Chan Lok Tung / Чен Лок Тунг,degrees,0,,Professional certification,,0
RUAL,Bernard Zonneveld / Бернард Зонневельд,education,0,Erasmus University Rotterdam,Master's degree,master,1
RUAL,Bernard Zonneveld / Бернард Зонневельд,degrees,0,,Master's degree,master,0
RUAL,Kevin Parker / Kevin Edward Parker,education,0,New York University,Bachelor's degree,bachelor,1
RUAL,Kevin Parker / Kevin Edward Parker,degrees,0,,Bachelor's degree,bachelor,0
RUAL,Chris Burnham / Christopher Bancroft Burnham,education,0,Washington and Lee University,Bachelor's degree,bachelor,1
RUAL,Chris Burnham / Christopher Bancroft Burnham,education,1,Harvard University,Master's degree,master,1
RUAL,Chris Burnham / Christopher Bancroft Burnham,degrees,0,,Bachelor's degree,bachelor,0
RUAL,Chris Burnham / Christopher Bancroft Burnham,degrees,1,,Master's degree,master,0
RUAL,Evgeny Arkadievich Shvarts / Евгений Аркадьевич Шварц,education,0,МГУ им. М.В. Ломоносова,Specialist degree,master,0
RUAL,Evgeny Arkadievich Shvarts / Евгений Аркадьевич Шварц,degrees,0,,Doctoral degree,doctoral,0
RUAL,Evgeny Arkadievich Shvarts / Евгений Аркадьевич Шварц,degrees,1,,Doctoral degree,doctoral,0
RUAL,Egorov Anton Aleksandrovich / Антон Александрович Егоров,education,0,Moscow State University,,,0
RUAL,Egorov Anton Aleksandrovich / Антон Александрович Егоров,education,1,Institute of State and Law of the Russian Academy of Sciences,,,0
RUAL,Egorov Anton Aleksandrovich / Антон Александрович Егоров,education,2,IE Business School,MBA,,1
RUAL,Egorov Anton Aleksandrovich / Антон Александрович Егоров,degrees,0,,MBA,,0
RUAL,Anna Vasilenko / Анна Геннадьевна Василенко,education,0,МГУ им. М.В. Ломоносова,Specialist degree,master,0
RUAL,Anna Vasilenko / Анна Геннадьевна Василенко,education,1,Московская школа управления Сколково,MBA,,0
RUAL,Anna Vasilenko / Анна Геннадьевна Василенко,degrees,0,,MBA,,0
RUAL,Lyudmila Petrovna Galenskaya / Людмила Петровна Галенская,education,0,Иркутский государственный университет им. А.А. Жданова,Specialist degree,master,0
RUAL,Semen Viktorovich Mironov / Семен Викторович Миронов,education,0,Киевский национальный экономический университет,Master's degree,master,1
RUAL,Semen Viktorovich Mironov / Семен Викторович Миронов,degrees,0,,Master's degree,master,0
RUAL,Natalia Albrecht / Natalia Albrekht / Наталья Александровна Альбрехт,education,0,Московский государственный технический университет им. Н.Э. Баумана,,,0
RUAL,Natalia Albrecht / Natalia Albrekht / Наталья Александровна Альбрехт,degrees,0,,Professional certification,,0
SBER,Herman Gref,education,0,Омский государственный университет им. Ф. М. Достоевского,,,0
SBER,Herman Gref,education,1,Санкт-Петербургский государственный университет,,,0
SBER,Herman Gref,degrees,0,,,doctoral,0
SBER,Mikhail Ratinskii,education,0,МГУ имени М. В. Ломоносова,,,0
SBER,Mikhail Ratinskii,education,1,Академия бюджета и казначейства Министерства финансов РФ,,,0
SBER,Larisa Zalomikhina,education,0,Московский физико-технический институт,,,0
SBER,Larisa Zalomikhina,education,1,FICA,,,0
SBER,Oleg Yuryevich Tsvetkov,education,0,Московская государственная юридическая академия,,,0
SBER,Oleg Yuryevich Tsvetkov,education,1,Бизнес-школа университета Нортумбрия,MBA,,1
SBER,Oleg Yuryevich Tsvetkov,degrees,0,,,doctoral,0
SBER,Anastasia Belyanina,education,0,Финансовая академия при Правительстве Российской Федерации,,,0
SBER,Anton Siluanov,education,0,Московский финансовый институт,,,0
SBER,Anton Siluanov,degrees,0,,,doctoral,0
SBER,Anton Siluanov,degrees,1,,,doctoral,0
SBER,Nadya Wells,education,0,Oxford University,,master,1
SBER,Nadya Wells,education,1,INSEAD,,,1
SBER,Nadya Wells,education,2,University of Geneva,,master,1
SBER,Nikolay Kudryavtsev,education,0,Московский физико-технический институт,,,0
SBER,Nikolay Kudryavtsev,degrees,0,,,doctoral,0
SBER,Nikolay Kudryavtsev,degrees,1,,,doctoral,0
SBER,Gennady Melikian,education,0,МГУ имени М. В. Ломоносова,,,0
SBER,Gennady Melikian,education,1,МГУ имени М. В. Ломоносова,,,0
SBER,Gennady Melikian,degrees,0,,,doctoral,0
SBER,Bella Zlatkis,education,0,Московский финансовый институт,,,0
SBER,Bella Zlatkis,education,1,Всесоюзный заочный финансово-экономический институт,,,0
SBER,Bella Zlatkis,degrees,0,,,doctoral,0
SBER,Dmitriy Chernyshenko,education,0,Московский государственный технологический университет «СТАНКИН»,,,0
SBER,Vladimir Vladimirovich Kolychev,education,0,Академия народного хозяйства при Правительстве РФ / РАНХиГС,,,0
SBER,Mikhail Kovalchuk,education,0,Ленинградский государственный университет,,,0
SBER,Mikhail Kovalchuk,degrees,0,,Doctoral degree,doctoral,0
SBER,Alexander Kuleshov,education,0,МГУ имени М. В. Ломоносова,,,0
SBER,Alexander Kuleshov,degrees,0,,,doctoral,0
SBER,Alexander Kuleshov,degrees,1,,,doctoral,0
SBER,Maxim Oreshkin,education,0,Высшая школа экономики,,bachelor,0
SBER,Maxim Oreshkin,education,1,Высшая школа экономики,,master,0
SBER,Sergey Ignatiev,education,0,Ленинградский энергетический техникум,,secondary,0
SBER,Sergey Ignatiev,education,1,МГУ имени М. В. Ломоносова,,,0
SBER,Sergey Ignatiev,education,2,МГУ имени М. В. Ломоносова,,,0
SBER,Sergey Ignatiev,degrees,0,,,doctoral,0
SBER,Lev Khasis,education,0,Куйбышевский авиационный институт,,,0
SBER,Lev Khasis,education,1,Финансовая академия при Правительстве РФ,,,0
SBER,Lev Khasis,education,2,Stanford Graduate School of Business,Executive education,,1
SBER,Lev Khasis,degrees,0,,,doctoral,0
SBER,Lev Khasis,degrees,1,,,doctoral,0
SELG,Сергей Михайлович Татаринов,education,0,Иркутский политехнический институт,,,0
SELG,Александр Александрович Хрущ,education,0,Московский институт международных экономических отношений,,,0
SELG,Александр Александрович Хрущ,education,1,Institute of Directors,Professional certification,,0
SELG,Евгений Владимирович Щетинин,education,0,Московская государственная геологоразведочная академия имени С. Орджоникидзе,,,0
SELG,Валерий Оруджалиевич Сулейманов,education,0,Иркутский политехнический институт,,,0
SELG,Сергей Владимирович Рыжов,education,0,Московский инженерно-физический институт,,,0
SELG,Сергей Владимирович Рыжов,education,1,CFA Institute,Professional certification,,0
SELG,Сергей Владимирович Рыжов,education,2,Institute of Directors,Professional certification,,0
SELG,Сергей Владимирович Рыжов,degrees,0,Институт проблем комплексного освоения недр имени академика Н. В. Мельникова РАН,Doctoral degree,doctoral,0
SELG,Константин Александрович Бейрит,education,0,Московский физико-технический институт,,,0
SELG,Константин Александрович Бейрит,education,1,Институт стран СНГ,,,0
SELG,Геннадий Альфредович Лаунер,education,0,Ленинградский политехнический институт,,,0
SELG,Александр Егорович Аммосов,education,0,Якутский государственный университет,,,0
SELG,Александр Егорович Аммосов,education,1,Финансовая академия при Правительстве Российской Федерации,,,0
SELG,Виктор Борисович Юн,education,0,Московское высшее техническое училище имени Н. Э. Баумана,,,0
SELG,Валерий Николаевич Кондратьев,education,0,Иркутский политехнический институт,,,0
SELG,Валерий Николаевич Кондратьев,education,1,Российская академия государственной службы при Президенте Российской Федерации,,,0
SELG,Константин Константинович Соколов,education,0,,,,0
SFIN,Сидоров Игорь Анатольевич,education,0,,Secondary education,secondary,0
SFIN,Гольцман Антон Владимирович,education,0,"Национальный исследовательский университет ""Высшая школа экономики""",Bachelor's degree,bachelor,0
SFIN,Гольцман Антон Владимирович,education,1,"Национальный исследовательский университет ""Высшая школа экономики""",Master's degree,master,0
SFIN,Горбачев Михаил Валерьевич,education,0,,Unknown,,0
SFIN,Бойкова Татьяна Олеговна,education,0,Финансовая академия при Правительстве РФ,Specialist degree,master,0
SFIN,Власов Максим Александрович,education,0,Российский государственный аграрный университет - МСХА им. К.А. Тимирязева,Specialist degree,master,0
SFIN,Дмитриев Максим Владимирович,education,0,"МГУ им. М.В. Ломоносова, Высшая школа бизнеса",Master's degree,master,0
SFIN,Дмитриев Максим Владимирович,education,1,Московский энергетический институт,Bachelor's degree,bachelor,0
SFIN,Лотарев Павел Викторович,education,0,Финансовый университет при Правительстве РФ,Unknown,,0
SFIN,Лотарев Павел Викторович,education,1,Московский государственный индустриальный университет,Specialist degree,master,0
SFIN,Мякенький Александр Иванович,education,0,Всесоюзный юридический заочный институт (МГЮА),Specialist degree,master,0
SFIN,Протас Александр Николаевич,education,0,МИРБИС,MBA,,0
SFIN,Протас Александр Николаевич,education,1,Московский государственный горный университет,Unknown,,0
SFIN,Сивачев Денис Александрович,education,0,РЭА им. Г.В. Плеханова,Specialist degree,master,0
SGZH,Александр Михайлович Крещенко,education,0,Московский государственный технический университет имени Н.Э. Баумана,,,0
SGZH,Александр Михайлович Крещенко,education,1,Московский университет потребительской кооперации,,,0
SGZH,Mikhail Shamolin,education,0,Московский автомобильно-дорожный институт,,,0
SGZH,Mikhail Shamolin,education,1,Российская академия народного хозяйства и государственной службы при Президенте Российской Федерации,,,0
SGZH,Mikhail Shamolin,education,2,Wharton Business School,,,1
SGZH,Oksana Tikhonova,education,0,Казанский (Приволжский) федеральный университет,,,0
SGZH,Oksana Tikhonova,education,1,Российская академия народного хозяйства и государственной службы при Президенте Российской Федерации,Professional certification,,0
SGZH,Oksana Tikhonova,education,2,Московская школа управления «Сколково»,Executive education,,0
SGZH,Mikhail Mileshin,education,0,Национальный исследовательский университет «Высшая школа экономики»,,,0
SGZH,Mikhail Mileshin,education,1,Государственный университет – Высшая школа управления,,,0
SGZH,Rovshan Aliyev,education,0,Азербайджанский государственный экономический университет,,,1
SGZH,Rovshan Aliyev,education,1,Российский государственный социальный университет,,,0
SGZH,Rovshan Aliyev,education,2,"Университет Св. Томаса, Хьюстон, США",MBA,,1
SGZH,Salavat Asgatovich Mirsaev,education,0,Башкирский государственный аграрный университет,,,0
SGZH,Salavat Asgatovich Mirsaev,education,1,Башкирская академия государственной службы и управления при Главе Республики Башкортостан,,,0
SGZH,Pavel Vakhnin,education,0,Московский технический университет связи и информатики,,,0
SGZH,Ali Uzdenov,education,0,Ростовский институт инженеров железнодорожного транспорта,,,0
SGZH,Ali Uzdenov,education,1,Международная школа выживания (Италия),,,1
SGZH,Vladimir Tuzov,education,0,Московский государственный технический университет имени Н.Э. Баумана,,,0
SGZH,Vladimir Tuzov,education,1,Ecole Centrale Paris (Франция),Master's degree,master,1
SGZH,Vladimir Tuzov,education,2,Wharton Business School,MBA,,1
SGZH,Vladimir Tuzov,education,3,Institute of Directors (IoD),Professional certification,,0
SGZH,Artem I. Zassoursky,education,0,Московский государственный университет имени М.В. Ломоносова,Bachelor's degree,bachelor,0
SGZH,Artem I. Zassoursky,education,1,Московский государственный университет имени М.В. Ломоносова,,,0
SGZH,Vladimir Sergeyevich Travkov,education,0,Московский государственный университет имени М.В. Ломоносова,,,0
SGZH,Sergey Shishkin,education,0,Московский государственный университет,,,0
SMLT,Анна Николаевна Акиньшина,education,0,,Master's degree,master,0
SMLT,Анна Николаевна Акиньшина,education,1,,Professional certification,,0
SMLT,Анна Николаевна Акиньшина,education,2,,Professional certification,,0
SMLT,Дмитрий Волков,education,0,Московский государственный университет имени М.В. Ломоносова,Unknown,,0
SMLT,Дмитрий Волков,education,1,Московская школа управления СКОЛКОВО,Executive education,,0
SMLT,Дмитрий Волков,education,2,Российская экономическая школа (РЭШ),Unknown,,0
SMLT,Дмитрий Волков,education,3,INSEAD,Unknown,,1
SMLT,Дмитрий Волков,education,4,Harvard,Unknown,,1
SMLT,Виталий Руденко,education,0,Московский авиационный институт,Unknown,,0
SMLT,Виталий Руденко,education,1,London School of Economics,Unknown,,1
SMLT,Виталий Руденко,education,2,,MBA,,0
SMLT,Оскар Хартманн,education,0,Tuscarawas Valley High School,Secondary education,secondary,1
SMLT,Оскар Хартманн,education,1,техническая гимназия в Германии,Secondary education,secondary,0
SMLT,Оскар Хартманн,education,2,"WHU - Otto Beisheim School of Management, Koblenz",,,1
SMLT,Оскар Хартманн,education,3,University of Hawaii,MBA,,1
SMLT,Станислав Владимирович Шекшня,education,0,Московский государственный университет имени М.В. Ломоносова,Doctoral degree,doctoral,0
SMLT,Станислав Владимирович Шекшня,education,1,Московский государственный университет имени М.В. Ломоносова,Master's degree,master,0
SMLT,Станислав Владимирович Шекшня,education,2,"Northeastern University, Boston",MBA,,1
SMLT,Игорь Викторович Евтушевский,education,0,Саратовский государственный университет,Specialist degree,master,0
SMLT,Андрей Владимирович Иваненко,education,0,Киевский политехнический институт,Specialist degree,master,1
SMLT,Андрей Владимирович Иваненко,education,1,INSEAD,MBA,,1
SMLT,Андрей Владимирович Иваненко,education,2,Московский государственный строительный университет (МГСУ),Professional certification,,0
SMLT,Александр Сергеевич Прыгунков,education,0,Волгоградский государственный университет,,,0
SNGS,Владимир Леонидович Богданов,education,0,Тюменский индустриальный институт,Specialist degree,master,0
SNGS,Владимир Леонидович Богданов,education,1,Академия народного хозяйства при Совете Министров СССР,,master,0
SNGS,Владимир Леонидович Богданов,degrees,0,,Doctoral degree,doctoral,0
SNGS,Владислав Георгиевич Баранков,education,0,Тюменский индустриальный институт,Specialist degree,master,0
SNGS,Александр Николаевич Буланов,education,0,Сахалинский нефтяной техникум,Secondary education,secondary,0
SNGS,Александр Николаевич Буланов,education,1,Московский институт нефти и газа им. И.М. Губкина,Specialist degree,master,0
SNGS,Владимир Петрович Ерохин,education,0,Уфимский нефтяной институт,Specialist degree,master,0
SNGS,Николай Иванович Матвеев,education,0,Уфимский нефтяной институт,Specialist degree,master,0
SOFL,Владимир Евгеньевич Лавров,education,0,Ленинградский электротехнический институт им. В.И. Ульянова (Ленина),,,0
SOFL,Владимир Евгеньевич Лавров,education,1,INSEAD,MBA,,1
SOFL,Александр Минин,education,0,"Московский государственный технический университет радиотехники, электроники и автоматики (МГТУ МИРЭА)",,,0
SOFL,Александр Минин,education,1,Stockholm School of Economics,MBA,,1
SOFL,Андрей Благоразумов,education,0,"МГУ им. М.В. Ломоносова, физический факультет",,,0
SOFL,Владислав Котусов,education,0,МАТИ - Российский государственный технологический университет им. К.Э. Циолковского,,,0
SOFL,Наталья Лиходиевская,education,0,Российский государственный аграрный университет — МСХА имени К.А. Тимирязева,Specialist degree,master,0
SOFL,Наталья Лиходиевская,education,1,Московская академия менеджмента,Professional certification,,0
SOFL,Алексей Пилипчук,education,0,Санкт-Петербургский военный университет связи,Specialist degree,master,0
SOFL,Алексей Пилипчук,education,1,Государственный университет управления,MBA,,0
SOFL,Елена Типисова,education,0,"МГУ им. М.В. Ломоносова, факультет вычислительной математики и кибернетики",,,0
SOFL,Елена Типисова,education,1,РАНХиГС,MBA,,0
SOFL,Дмитрий Васильев,education,0,Московский авиационный институт (национальный исследовательский университет),Specialist degree,master,0
SPBE,Roman Yuryevich Goryunov,education,0,St. Petersburg State Technical University,,bachelor,0
SPBE,Sergei Kalinin,education,0,St. Petersburg State Technical University,,,0
SPBE,Mikhail Ivanov,education,0,International Market Institute,,bachelor,0
SPBE,Alexander Tarabtsev,degrees,0,St. Petersburg State Technical University,Doctoral degree,doctoral,0
SPBE,Sergey Mikhaylovich Rybakov,education,0,Bauman Moscow State Technical University,Specialist degree,master,0
SPBE,Oleg Vladimirovich Mikhasenko,education,0,Irkutsk National Research Technical University,Specialist degree,master,0
SPBE,Aleksey Dmitriyevich Skorodumov,education,0,Lomonosov Moscow State University,Specialist degree,master,0
SPBE,Ivan Alexandrovich Tyryshkin,education,0,Plekhanov Russian University of Economics,,,0
SPBE,Jacques der Megredichyan,education,0,European Institute of Business,Unknown,,0
SPBE,Jacques der Megredichyan,education,1,French Center for Financial Analysis,Professional certification,,0
SPBE,Dmitry Anatolevich Panchenko,education,0,Higher School of Economics,,bachelor,0
SPBE,Dmitry Anatolevich Panchenko,education,1,Military Institute of the RF Ministry of Defence,,bachelor,0
SPBE,Pavel Vladimirovich Sokolov,education,0,State University of St. Petersburg,,bachelor,0
SPBE,Pavel Vladimirovich Sokolov,education,1,St Petersburg State Transport University,,bachelor,0
SPBE,Eric Berthelot,education,0,Université Paris 1 Panthéon-Sorbonne,,,1
SPBE,Eric Berthelot,education,1,École des Hautes Études Commerciales de Paris,MBA,,1
SVAV,Nikolay Sobolev,education,0,Московский государственный университет имени М.В. Ломоносова,,,0
SVAV,Nikolay Sobolev,education,1,Академия народного хозяйства при Правительстве Российской Федерации,,,0
SVAV,Nikolay Sobolev,education,2,Kingston University,MBA,,1
SVAV,Nikolay Sobolev,degrees,0,,Doctoral degree,doctoral,0
SVAV,Zoya Kaika,education,0,Московский государственный университет имени М.В. Ломоносова,,,0
SVAV,Viktor Mikhaylovich Khvesenya,education,0,Белорусский государственный университет,,,1
SVAV,Viktor Mikhaylovich Khvesenya,education,1,Case Western Reserve University School of Law,Master's degree,master,1
SVAV,Viktor Mikhaylovich Khvesenya,degrees,0,,Master's degree,master,0
SVAV,Elena Nishanova,education,0,Поволжский государственный университет сервиса,,,0
SVAV,Vladislav Baumgertner,education,0,Уральский федеральный университет имени первого Президента России Б.Н. Ельцина,,,0
SVAV,Vladislav Baumgertner,education,1,University of London,Master's degree,master,1
SVAV,Vladislav Baumgertner,education,2,Kingston University,MBA,,1
SVAV,Vladislav Baumgertner,degrees,0,,Master's degree,master,0
SVAV,Vladislav Baumgertner,degrees,1,,MBA,,0
SVAV,Adil Shamil Ogly Shirinov,education,0,Нижегородский государственный лингвистический университет имени Н.А. Добролюбова,,,0
SVAV,Adil Shamil Ogly Shirinov,education,1,Международный институт менеджмента (IMISP),MBA,,0
SVAV,Adil Shamil Ogly Shirinov,degrees,0,,MBA,,0
SVAV,Adil Shamil Ogly Shirinov,degrees,1,,Doctoral degree,doctoral,0
SVAV,Goy Tatiana,education,0,Самарский государственный экономический университет,,,0
SVAV,Goy Tatiana,education,1,Association of Chartered Certified Accountants (ACCA),Professional certification,,0
SVAV,Goy Tatiana,education,2,WHU – Otto Beisheim School of Management,MBA,,1
SVAV,Goy Tatiana,degrees,0,,MBA,,0
SVAV,Goy Tatiana,degrees,1,,Professional certification,,0
SVCB,Dmitry Vladimirovich Gusev,education,0,Финансовая академия при Правительстве РФ,Specialist degree,master,0
SVCB,Dmitry Vladimirovich Gusev,education,1,Всероссийская государственная налоговая академия Министерства финансов РФ,Specialist degree,master,0
SVCB,Dmitry Vladimirovich Gusev,degrees,0,Финансовая академия при Правительстве РФ,Doctoral degree,doctoral,0
SVCB,Dmitry Vladimirovich Khotimskiy,education,0,"МГУ им. М.В. Ломоносова, факультет вычислительной математики и кибернетики",Master's degree,master,0
SVCB,Dmitry Vladimirovich Khotimskiy,education,1,University of Oxford,,,1
SVCB,Elena Alexandrovna Cherstvova,education,0,Санкт-Петербургский государственный инженерно-экономический университет,Specialist degree,master,0
SVCB,Pavel Barchugov,education,0,Российский экономический университет имени Г.В. Плеханова,Specialist degree,master,0
SVCB,Mikhail Olegovich Avtukhov,education,0,Московский государственный университет дизайна и технологии,Specialist degree,master,0
SVCB,Mikhail Kuchment,education,0,Московский физико-технический институт,Specialist degree,master,0
SVCB,Mikhail Kuchment,education,1,Московская школа управления Сколково,MBA,,0
SVCB,Mikhail Vasilyevich Klyukin,education,0,Финансовая академия при Правительстве РФ,Specialist degree,master,0
SVCB,Braverman Anatoly Aleksandrovich,education,0,"International College of Economics and Finance (ICEF), HSE University",Bachelor's degree,bachelor,0
SVCB,Joel Raymond Lautier,education,0,Московская школа управления «Сколково»,MBA,,0
SVCB,Sergey Nikolaevich Bondarovich,education,0,Российский университет дружбы народов,Specialist degree,master,0
TATN,Маганов Наиль Ульфатович,education,0,Московский институт нефтехимической и газовой промышленности им. И.М. Губкина,,,0
TATN,Минниханов Рустам Нургалиевич,education,0,Казанский сельскохозяйственный институт,,,0
TATN,Минниханов Рустам Нургалиевич,education,1,Московский институт советской торговли,,,0
TATN,Минниханов Рустам Нургалиевич,degrees,0,,,doctoral,0
TATN,Сюбаев Нурислам Зинатулович,education,0,Московский институт народного хозяйства им. Г.В. Плеханова,,,0
TATN,Халимов Рустам Хамисович,education,0,Уфимский нефтяной институт,,,0
TATN,Халимов Рустам Хамисович,degrees,0,,,doctoral,0
TATN,Хисамов Раис Салихович,education,0,Казанский государственный университет,,,0
TATN,Хисамов Раис Салихович,degrees,0,,,doctoral,0
TATN,Хисамов Раис Салихович,degrees,1,,,,0
TATN,Хисамов Раис Салихович,degrees,2,,,,0
TATN,Нурмухаметов Рафаиль Саитович,education,0,Уфимский нефтяной институт,,,0
TATN,Нурмухаметов Рафаиль Саитович,degrees,0,,,doctoral,0
TATN,Гайзатуллин Радик Рауфович,education,0,Казанский сельскохозяйственный институт,,,0
TATN,Гайзатуллин Радик Рауфович,degrees,0,,,doctoral,0
TATN,Галиев Ренат Маратович,education,0,Российский государственный университет нефти и газа им. И.М. Губкина,,,0
TATN,Сорокин Валерий Юрьевич,education,0,Казанский государственный университет,,,0
TATN,Тахаутдинов Шафагат Фахразович,education,0,Московский институт нефтехимической и газовой промышленности им. И.М. Губкина,,,0
TATN,Тахаутдинов Шафагат Фахразович,degrees,0,,,doctoral,0
TATN,Глухова Лариса Юрьевна,education,0,Казанский государственный университет,,,0
TATN,Аглиуллин Фаниль Анварович,education,0,Казанский юридический институт МВД России,,,0
TATN,Гереч Ласло,education,0,Московский институт нефтехимической и газовой промышленности им. И.М. Губкина,,,0
TATN,Гереч Ласло,education,1,Oxford Business University,,,1
TATN,Крюков Валерий Анатольевич,education,0,Новосибирский государственный университет,,,0
TATN,Крюков Валерий Анатольевич,degrees,0,,,doctoral,0
TATN,Крюков Валерий Анатольевич,degrees,1,,,,0
TATN,Крюков Валерий Анатольевич,degrees,2,,,,0
TATN,Гамиров Дамир Маратович,education,0,Уфимский государственный нефтяной технический университет,,,0
TATN,Гамиров Дамир Маратович,education,1,"Корпоративный университет ПАО ""Татнефть"" им. В.Д. Шашина",MBA,,0
TATN,Тихтуров Евгений Александрович,education,0,Moscow Management Institute,,bachelor,0
TATN,Мухамадеев Рустам Набиуллович,education,0,Казанский авиационный институт им. А.Н. Туполева,,master,0
TGKA,Ведерчик Вадим Евгеньевич,education,0,Санкт-Петербургский политехнический университет Петра Великого,Unknown,,0
TGKA,Маркелов Виталий Анатольевич,education,0,Самарский национальный исследовательский университет имени академика С.П. Королёва,Specialist degree,master,0
TGKA,Маркелов Виталий Анатольевич,degrees,0,,Doctoral degree,doctoral,0
TGKA,Бикмурзин Альберт Фяритович,education,0,Московский университет потребительской кооперации,Specialist degree,master,0
TGKA,Бикмурзин Альберт Фяритович,education,1,"НОЧУ ВО ""Экономико-энергетический институт""",Specialist degree,master,0
TGKA,Земляной Евгений Николаевич,education,0,Российский экономический университет имени Г.В. Плеханова,Unknown,,0
TGKA,Иванников Александр Сергеевич,education,0,Санкт-Петербургское военно-морское училище радиоэлектроники имени А.С. Попова,Specialist degree,master,0
TGKA,Иванников Александр Сергеевич,degrees,0,,Doctoral degree,doctoral,0
TGKA,Коробкина Ирина Юрьевна,education,0,Московский государственный юридический университет имени О.Е. Кутафина (МГЮА),Unknown,,0
TGKA,Коробкина Ирина Юрьевна,education,1,Государственный университет управления,Unknown,,0
TGKA,Осин Никита Юрьевич,education,0,Российский экономический университет имени Г.В. Плеханова,Unknown,,0
TGKA,Рогов Александр Владимирович,education,0,Московский государственный университет имени М.В. Ломоносова,Unknown,,0
TGKA,Рогов Александр Владимирович,degrees,0,,Doctoral degree,doctoral,0
TGKA,Симдякин Вадим Михайлович,education,0,Ярославский политехнический институт,Unknown,,0
TGKA,Симдякин Вадим Михайлович,education,1,Финансовый университет при Правительстве Российской Федерации,Unknown,,0
TGKA,Федоров Денис Владимирович,education,0,Московский государственный технический университет имени Н.Э. Баумана,Specialist degree,master,0
TGKA,Федоров Денис Владимирович,education,1,Национальный исследовательский университет «МЭИ»,Doctoral degree,doctoral,0
TGKA,Федоров Денис Владимирович,degrees,0,,Doctoral degree,doctoral,0
TGKA,Шацкий Павел Олегович,education,0,Российский государственный университет народного хозяйства имени В.И. Вернадского,Unknown,,0
TGKA,Шацкий Павел Олегович,education,1,Государственный университет управления,Unknown,,0
TGKA,Максимова Антонина Николаевна,education,0,Санкт-Петербургский институт машиностроения (ЛМЗ-ВТУЗ),Specialist degree,master,0
TGKA,Максимова Антонина Николаевна,education,1,Санкт-Петербургский государственный экономический университет,Specialist degree,master,0
TGKA,Максимова Антонина Николаевна,education,2,Санкт-Петербургский университет управления и экономики,Master's degree,master,0
TGKA,Максимова Антонина Николаевна,degrees,0,,Doctoral degree,doctoral,0
TGKA,Станишевская Раиса Владимировна,education,0,Санкт-Петербургский государственный экономический университет,Specialist degree,master,0
TGKB,Иванова Юлия Валентиновна,education,0,Ярославская государственная сельскохозяйственная академия,Unknown,,0
TGKB,Грабчак Евгений Петрович,education,0,Московский физико-технический институт,Unknown,,0
TGKB,Грабчак Евгений Петрович,degrees,0,,Doctoral degree,doctoral,0
TGKB,Земляной Евгений Николаевич,education,0,Российский экономический университет имени Г.В. Плеханова,Unknown,,0
TGKB,Медведева Елена Анатольевна,education,0,Московский физико-технический институт (национальный исследовательский университет),Unknown,,0
TGKB,Федоров Денис Владимирович,education,0,Московский государственный технический университет имени Н.Э. Баумана,Unknown,,0
TGKB,Федоров Денис Владимирович,degrees,0,,Doctoral degree,doctoral,0
TGKB,Васильев Олег Юрьевич,education,0,Московский государственный открытый университет,Unknown,,0
TGKB,Васильев Олег Юрьевич,education,1,Уральский федеральный университет имени первого Президента России Б.Н. Ельцина,Master's degree,master,0
TGKB,Дьяконов Владимир Евгеньевич,education,0,Самарский государственный технический университет,Unknown,,0
TGKB,Дьяконов Владимир Евгеньевич,education,1,Уральский федеральный университет имени первого Президента России Б.Н. Ельцина,Master's degree,master,0
TGKB,Зварыч Ольга Владимировна,education,0,Приднестровский государственный университет имени Т.Г. Шевченко,Unknown,,1
TGKB,Корниенко Андрей Владимирович,education,0,Нижегородский государственный технический университет,Unknown,,0
TGKB,Пермякова Ольга Сергеевна,education,0,Пермский государственный университет,Unknown,,0
TGKB,Серова Ольга Викторовна,education,0,Архангельский ордена Трудового Красного Знамени лесотехнический институт имени В.В. Куйбышева,Unknown,,0
TGKB,Серова Ольга Викторовна,education,1,Архангельский государственный технический университет,Unknown,,0
TGKB,Царева Валентина Валерьевна,education,0,Ярославский государственный университет имени П.Г. Демидова,Unknown,,0
TRMK,Чикалов Сергей Геннадьевич,education,0,Московский государственный институт стали и сплавов,Unknown,,0
TRMK,Чикалов Сергей Геннадьевич,degrees,0,,Doctoral degree,doctoral,0
TRMK,Венде Франк-Детлеф,education,0,Московский автомобильно-дорожный государственный технический университет (МАДИ),Unknown,,0
TRMK,Венде Франк-Детлеф,degrees,0,,Doctoral degree,doctoral,0
TRMK,Каплунов Андрей Юрьевич,education,0,Московский финансовый институт,Unknown,,0
TRMK,Каплунов Андрей Юрьевич,education,1,Московский финансовый институт,Unknown,,0
TRMK,Каплунов Андрей Юрьевич,degrees,0,,Doctoral degree,doctoral,0
TRMK,Кузьминов Ярослав Иванович,education,0,Московский государственный университет имени М.В. Ломоносова,Unknown,,0
TRMK,Кузьминов Ярослав Иванович,degrees,0,,Doctoral degree,doctoral,0
TRMK,Петросян Тигран Ишханович,education,0,Ереванский государственный университет,Unknown,,1
TRMK,Ширяев Александр Георгиевич,education,0,Свердловский институт народного хозяйства,Unknown,,0
TRMK,Шматович Владимир Владимирович,education,0,Московский финансовый институт,Unknown,,0
TRMK,Позолотина Елена Ивановна,education,0,Уральский федеральный университет имени первого Президента России Б.Н. Ельцина,Unknown,,0
TRMK,Позолотина Елена Ивановна,degrees,0,,Doctoral degree,doctoral,0
TRMK,Якоб Дмитрий,education,0,Уральский государственный технический университет,Unknown,,0
TRMK,Якоб Дмитрий,education,1,,Unknown,,0
TRMK,Якоб Дмитрий,degrees,0,,Doctoral degree,doctoral,0
TRMK,Пьянков Борис Григорьевич,education,0,,Unknown,,0
TRMK,Пышминцев Игорь Юрьевич,education,0,Уральский федеральный университет имени первого Президента России Б.Н. Ельцина,Unknown,,0
TRMK,Пышминцев Игорь Юрьевич,degrees,0,,Doctoral degree,doctoral,0
TRMK,Пышминцев Игорь Юрьевич,degrees,1,,Doctoral degree,doctoral,0
TRMK,Оборский Владимир Брониславович,education,0,Военная академия имени М.В. Фрунзе,Unknown,,0
TRMK,Оборский Владимир Брониславович,education,1,Киевское высшее общевойсковое командное училище имени М.В. Фрунзе,Unknown,,1
TRNFP,Токарев Николай Петрович,education,0,Карагандинский политехнический институт,Unknown,,1
TRNFP,Токарев Николай Петрович,education,1,Высшая школа КГБ,Unknown,,0
TRNFP,Новак Александр Валентинович,education,0,Норильский индустриальный институт,Unknown,,0
TRNFP,Новак Александр Валентинович,education,1,Московский государственный университет имени М.В. Ломоносова,Unknown,,0
TRNFP,Дмитриев Кирилл Александрович,education,0,Stanford University,Bachelor's degree,bachelor,1
TRNFP,Дмитриев Кирилл Александрович,education,1,Harvard Business School,MBA,,1
TRNFP,Сазанов Алексей Валерьевич,education,0,Московский государственный университет имени М.В. Ломоносова,Unknown,,0
TRNFP,Салыгин Валерий Иванович,education,0,Московский авиационный институт,Unknown,,0
TRNFP,Салыгин Валерий Иванович,degrees,0,,,doctoral,0
TRNFP,Салыгин Валерий Иванович,degrees,1,,,,0
TRNFP,Сорокин Павел Юрьевич,education,0,Российский экономический университет имени Г.В. Плеханова,Unknown,,0
TRNFP,Уваров Алексей Константинович,education,0,Московский государственный университет имени М.В. Ломоносова,Unknown,,0
TRNFP,Уваров Алексей Константинович,degrees,0,,,doctoral,0
TRNFP,Шмаль Геннадий Иосифович,education,0,Уральский политехнический институт,Unknown,,0
TRNFP,Шмаль Геннадий Иосифович,degrees,0,,,doctoral,0
TRNFP,Шмаль Геннадий Иосифович,degrees,1,,,,0
TRNFP,Гришанин Максим Сергеевич,education,0,Уфимский государственный нефтяной технический университет,Unknown,,0
TRNFP,Бадалов Андрей Юрьевич,education,0,Московский инженерно-физический институт,Specialist degree,master,0
TRNFP,Каланда Владимир Александрович,education,0,Иркутский государственный университет,Unknown,,0
TRNFP,Каланда Владимир Александрович,degrees,0,,,doctoral,0
TRNFP,Ревель-Муроз Павел Александрович,education,0,Уфимский государственный нефтяной технический университет,Unknown,,0
TTLK,Нурутдинов Айрат Рафкатович,education,0,Казанский государственный университет им. В.И. Ульянова-Ленина,Specialist degree,master,0
TTLK,Нурутдинов Айрат Рафкатович,education,1,Казанский государственный технический университет им. А.Н. Туполева,MBA,,0
TTLK,Нурутдинов Айрат Рафкатович,degrees,0,,Doctoral degree,doctoral,0
TTLK,Сорокин Валерий Юрьевич,education,0,Казанский (Приволжский) федеральный университет,Specialist degree,master,0
TTLK,Алексеев Сергей Владимирович,education,0,Казанский (Приволжский) федеральный университет,Specialist degree,master,0
TTLK,Алексеев Сергей Владимирович,education,1,Татарский институт содействия бизнесу,Specialist degree,master,0
TTLK,Нафигин Альберт Ильдарович,education,0,Казанский институт бизнеса и управления,Specialist degree,master,0
TTLK,Минниханов Рифкат Нургалиевич,education,0,Казанский авиационный институт,Specialist degree,master,0
TTLK,Минниханов Рифкат Нургалиевич,education,1,Казанское высшее военное инженерное училище,Unknown,,0
TTLK,Минниханов Рифкат Нургалиевич,degrees,0,,Doctoral degree,doctoral,0
TTLK,Минниханов Рифкат Нургалиевич,degrees,1,,Doctoral degree,doctoral,0
TTLK,Сотов Денис Игоревич,education,0,Казанский финансово-экономический институт,Unknown,,0
TTLK,Сотов Денис Игоревич,education,1,Университет Париж-Дофин (Франция),Unknown,,1
TTLK,Яковлев Альберт Валерьевич,education,0,КГТУ им. А.Н. Туполева,Unknown,,0
TTLK,Яковлев Альберт Валерьевич,education,1,Институт государственной службы при Президенте Республики Татарстан,Unknown,,0
TTLK,Яковлев Альберт Валерьевич,education,2,РАНХиГС при Президенте Российской Федерации,Unknown,,0
TTLK,Шафигуллин Лутфулла Нурисламович,education,0,Камышинское военное строительное училище,Secondary education,secondary,0
TTLK,Шафигуллин Лутфулла Нурисламович,education,1,Поволжская государственная академия телекоммуникаций и информатики,Unknown,,0
TTLK,Сибгатуллин Ильнар Ильдарович,education,0,Казанский государственный технический университет им. А.Н. Туполева,Unknown,,0
TTLK,Сибгатуллин Ильнар Ильдарович,education,1,Казанский государственный энергетический университет,Unknown,,0
TTLK,Минниханов Расуль Рифкатович,education,0,Казанский финансово-экономический институт,Unknown,,0
TTLK,Минниханов Расуль Рифкатович,education,1,Российский университет кооперации,Unknown,,0
TTLK,Минниханов Расуль Рифкатович,degrees,0,,Doctoral degree,doctoral,0
TTLK,Осадченко Анастасия Михайловна,education,0,Казанский государственный финансово-экономический институт,Unknown,,0
T,Станислав Викторович Близнюк,education,0,Финансовая академия при Правительстве РФ,,,0
T,Сергей Леонидович Батехин,education,0,Краснознаменный институт Министерства обороны СССР,,,0
T,Сергей Леонидович Батехин,education,1,Российская экономическая академия им. Г. В. Плеханова,,,0
T,Алексей Владимирович Малиновский,education,0,Московский авиационный институт,,,0
T,Илья Николаевич Писемский,education,0,Финансовая академия при Правительстве РФ,,,0
T,Илья Николаевич Писемский,degrees,0,"F. W. Olin Graduate School of Business, Babson College",MBA,,1
T,Татьяна Борисовна Кузнецова,education,0,"Московский государственный университет, факультет психологии",,,0
T,Татьяна Борисовна Кузнецова,education,1,Московский финансово-юридический институт,,,0
T,Валерия Александровна Павлюкова,education,0,Международный университет в Москве,,,0
T,Валерия Александровна Павлюкова,education,1,Ashridge Executive Education,Executive education,,1
T,Артём Игоревич Лебедев,education,0,Московская школа управления СКОЛКОВО,,,0
T,Александр Борисович Лебединский,education,0,Московский финансово-юридический университет МФЮА,,,0
T,Александр Борисович Лебединский,education,1,Московская школа управления «Сколково»,Executive education,,0
T,Александр Борисович Лебединский,education,2,INSEAD,Executive education,,1
UGLD,Струков Константин Иванович,education,0,Магнитогорский государственный технический университет имени Г.И. Носова,Specialist degree,master,0
UGLD,Струков Константин Иванович,degrees,0,,Doctoral degree,doctoral,0
UGLD,Струков Константин Иванович,degrees,1,,Doctoral degree,doctoral,0
UGLD,Курбанов Руслан Магамедович,education,0,Красноярский институт цветных металлов им. М.И. Калинина,Specialist degree,master,0
UPRO,Никонов Василий Владиславович,education,0,Самарский государственный технический университет,Unknown,,0
UPRO,Никонов Василий Владиславович,education,1,Самарский государственный экономический университет,Unknown,,0
UPRO,Артемьев Игорь Юрьевич,education,0,Санкт-Петербургский государственный университет,Unknown,,0
UPRO,Артемьев Игорь Юрьевич,education,1,Санкт-Петербургский государственный университет,Unknown,,0
UPRO,Артемьев Игорь Юрьевич,degrees,0,,,doctoral,0
UPRO,Маликова Дина Ринатовна,education,0,Казанский (Приволжский) федеральный университет,Unknown,,0
UPRO,Маликова Дина Ринатовна,degrees,0,,,doctoral,0
UPRO,Кирпичников Михаил Петрович,degrees,0,,,doctoral,0
UPRO,Королев Виталий Геннадьевич,education,0,Красноярский государственный аграрный университет,Unknown,,0
UPRO,Королев Виталий Геннадьевич,education,1,Красноярский государственный педагогический университет,Unknown,,0
UPRO,Королев Виталий Геннадьевич,degrees,0,,,doctoral,0
UPRO,Некипелов Александр Дмитриевич,degrees,0,,,doctoral,0
UPRO,Тарасенко Оксана Валерьевна,education,0,Московский государственный университет имени М.В. Ломоносова,Unknown,,0
UPRO,Тарасенко Оксана Валерьевна,education,1,Московский государственный университет имени М.В. Ломоносова,Master's degree,master,0
UPRO,Тарасенко Оксана Валерьевна,degrees,0,,,doctoral,0
UPRO,Шишкин Андрей Николаевич,education,0,Российский государственный университет нефти и газа (национальный исследовательский университет) имени И.М. Губкина,Unknown,,0
UPRO,Шишкин Андрей Николаевич,education,1,Финансовый университет при Правительстве Российской Федерации,Unknown,,0
UPRO,Семенова Вероника Николаевна,degrees,0,,Professional certification,,0
UPRO,Иноземцев Евгений Александрович,education,0,Усть-Каменогорский строительно-дорожный институт,Unknown,,1
VKCO,Куприянов Сергей,education,0,Московский физико-технический институт,Unknown,,0
VKCO,Зыбина Мария,education,0,Московский государственный институт международных отношений (МГИМО),Unknown,,0
VKCO,Устинов Антон,education,0,Саратовская государственная академия права,Unknown,,0
VKCO,Устинов Антон,degrees,0,,Doctoral degree,doctoral,0
VKCO,Гордин Михаил,education,0,МГТУ им. Н.Э. Баумана,Unknown,,0
VKCO,Гордин Михаил,education,1,California State University / Институт бизнеса и экономики АНХ при Правительстве РФ,MBA,,0
VKCO,Гордин Михаил,degrees,0,,Doctoral degree,doctoral,0
VKCO,Анисимов Никита,education,0,Московский государственный университет им. М.В. Ломоносова,Specialist degree,master,0
VKCO,Анисимов Никита,degrees,0,Московский государственный университет им. М.В. Ломоносова,Doctoral degree,doctoral,0
VKCO,Яковлева Наталья,education,0,МГИМО,Unknown,,0
VKCO,Яковлева Наталья,education,1,,Professional certification,,0
VKCO,Айвазов Александр,education,0,Тбилисский государственный университет,Unknown,,1
VKCO,Мальгинов Антон,education,0,МГИМО МИД России,Unknown,,0
VKCO,Кириенко Владимир Сергеевич,education,0,Национальный исследовательский университет «Высшая школа экономики»,Unknown,,0
VKCO,Кириенко Владимир Сергеевич,education,1,Московская школа управления «Сколково»,MBA,,0
VKCO,Ковальчук Степан,education,0,Российская академия народного хозяйства и государственной службы при Президенте Российской Федерации,Unknown,,0
VKCO,Ковальчук Степан,degrees,0,Московский государственный университет им. М.В. Ломоносова,Doctoral degree,doctoral,0
VKCO,Хайбуллов Рустам,education,0,Ульяновский государственный университет,Unknown,,0
VKCO,Сиренко Ирина,education,0,Государственный университет управления,Unknown,,0
VKCO,Сиренко Ирина,degrees,0,,Doctoral degree,doctoral,0
VKCO,Тадевосян Максим,education,0,Московский государственный институт международных отношений (МГИМО),Specialist degree,master,0
VKCO,Мыздриков Иван,education,0,Российский экономический университет имени Г.В. Плеханова,Unknown,,0
VSEH,Фахрутдинов Валентин Кириллович,education,0,Московский государственный университет им. М.В. Ломоносова,Unknown,,0
VSEH,Шмелева Мария Николаевна,education,0,Московский государственный университет им. М.В. Ломоносова,Unknown,,0
VSEH,Безумов Олег Игоревич,education,0,Международный институт экономики и финансов НИУ ВШЭ,Unknown,,0
VSEH,Безумов Олег Игоревич,education,1,"University of London, программа при академической поддержке London School of Economics and Political Science",Bachelor's degree,bachelor,1
VSEH,Безумов Олег Игоревич,education,2,Imperial College Business School,Master's degree,master,1
VSEH,Кузин Вадим Сергеевич,education,0,Московский государственный университет им. М.В. Ломоносова,Unknown,,0
VSEH,Луннов Андрей Геннадьевич,education,0,Ковровская государственная технологическая академия им. В.А. Дегтярева,Unknown,,0
VSEH,Иванов Павел Андреевич,education,0,Ковровская государственная технологическая академия им. В.А. Дегтярева,Unknown,,0
VSEH,Школлер Роман Александрович,education,0,Высшая школа экономики,Unknown,,0
VSEH,Школлер Роман Александрович,education,1,Российская экономическая школа,Unknown,,0
VSEH,Школлер Роман Александрович,education,2,Массачусетский технологический институт,MBA,,1
VSEH,Ершов Роман Владимирович,education,0,Ивановский государственный университет,Unknown,,0
VSEH,Гребенюк Михаил Сергеевич,education,0,Московский городской педагогический университет,Unknown,,0
VSEH,Алеева Гульнара Ринатовна,education,0,Московский государственный университет им. М.В. Ломоносова,Unknown,,0
VSEH,Алеева Гульнара Ринатовна,education,1,Московский государственный юридический университет им. О.Е. Кутафина,Unknown,,0
VSEH,Алеева Гульнара Ринатовна,education,2,Национальное объединение корпоративных секретарей,Professional certification,,0
VSMO,Трифонов Дмитрий Валериевич,education,0,Московский институт стали и сплавов,Unknown,,0
VSMO,Чемезов Сергей Викторович,education,0,Иркутский институт народного хозяйства,Specialist degree,master,0
VSMO,Чемезов Сергей Викторович,education,1,Военная академия Генерального штаба Вооруженных Сил РФ,Executive education,,0
VSMO,Чемезов Сергей Викторович,degrees,0,,Doctoral degree,doctoral,0
VSMO,Шелков Михаил Евгеньевич,education,0,Московский физико-технический институт,Specialist degree,master,0
VSMO,Шелков Михаил Евгеньевич,education,1,Международный университет бизнеса и управления,Specialist degree,master,0
VSMO,Вишневский Илья Игоревич,education,0,Российский государственный геологоразведочный университет им. Серго Орджоникидзе,Unknown,,0
VSMO,Вишневский Илья Игоревич,education,1,American Institute of Business and Economics,MBA,,0
VSMO,Вищаненко Антон Владимирович,education,0,Московский авиационный институт,Unknown,,0
VSMO,Вищаненко Антон Владимирович,education,1,INSEAD,Unknown,,1
VSMO,Вищаненко Антон Владимирович,degrees,0,Санкт-Петербургский университет экономики и финансов,Doctoral degree,doctoral,0
VSMO,Леликов Дмитрий Юрьевич,education,0,Государственная финансовая академия при Правительстве РФ,Specialist degree,master,0
VSMO,Леликов Дмитрий Юрьевич,education,1,Российская академия государственной службы при Президенте РФ,Specialist degree,master,0
VSMO,Леликов Дмитрий Юрьевич,degrees,0,,Doctoral degree,doctoral,0
VSMO,Мельников Николай Константинович,education,0,,Unknown,,0
VSMO,Ледер Михаил Оттович,education,0,Уральский политехнический институт им. С.М. Кирова,Unknown,,0
VSMO,Ледер Михаил Оттович,degrees,0,Уральский федеральный университет,,doctoral,0
VSMO,Мельников Александр Константинович,education,0,,Unknown,,0
VSMO,Болотникова Юлия Владимировна,education,0,Российский университет дружбы народов,Unknown,,0
VTBR,Костин Андрей Леонидович,education,0,Московский государственный университет имени М.В. Ломоносова,Specialist degree,master,0
VTBR,Костин Андрей Леонидович,degrees,0,Финансовый университет при Правительстве Российской Федерации,Doctoral degree,doctoral,0
VTBR,Григоренко Дмитрий Юрьевич,education,0,Кубанский государственный университет,Specialist degree,master,0
VTBR,Григоренко Дмитрий Юрьевич,education,1,Кубанский институт международного предпринимательства и менеджмента,Specialist degree,master,0
VTBR,Решетников Максим Геннадьевич,education,0,Пермский государственный национальный исследовательский университет,Specialist degree,master,0
VTBR,Решетников Максим Геннадьевич,education,1,Пермский государственный национальный исследовательский университет,Specialist degree,master,0
VTBR,Решетников Максим Геннадьевич,degrees,0,Пермский государственный национальный исследовательский университет,Doctoral degree,doctoral,0
VTBR,Шадаев Максут Игоревич,education,0,Российский государственный социальный университет,Specialist degree,master,0
VTBR,Репин Игорь Николаевич,education,0,Harvard Business School,MBA,,1
VTBR,Гаврилов Сергей Анатольевич,education,0,"University of California, Berkeley",MBA,,1
VTBR,Каганов Вениамин Шаевич,degrees,0,,Doctoral degree,doctoral,0
VTBR,Прокофьев Станислав Евгеньевич,degrees,0,Финансовый университет при Правительстве Российской Федерации,Doctoral degree,doctoral,0
VTBR,Осеевский Михаил Эдуардович,education,0,Санкт-Петербургский политехнический университет Петра Великого,Specialist degree,master,0
VTBR,Дергунова Ольга Константиновна,education,0,Российский экономический университет имени Г.В. Плеханова,Unknown,,0
WUSH,Чуйко Дмитрий Владимирович,education,0,Новосибирский государственный технический университет,Bachelor's degree,bachelor,0
WUSH,Баяндин Егор Александрович,education,0,Новосибирский национальный исследовательский государственный университет,Specialist degree,master,0
WUSH,Баяндин Егор Александрович,education,1,АНО ВО Московская международная высшая школа бизнеса «МИРБИС»,Unknown,,0
WUSH,Баяндин Егор Александрович,education,2,АНО ДПО «Учебный центр СКБ Контур»,Unknown,,0
WUSH,Журавлев Олег Александрович,education,0,Сибирский государственный университет телекоммуникаций и информатики,Bachelor's degree,bachelor,0
WUSH,Лаврентьев Сергей Владимирович,education,0,Карельский ордена «Знак Почета» государственный педагогический институт,Specialist degree,master,0
WUSH,Зальцман Евгений Ефимович,education,0,Финансовый университет при Правительстве Российской Федерации,Specialist degree,master,0
YDEX,Светлана Ячевская,education,0,Международный независимый эколого-политологический университет,Specialist degree,master,0
YDEX,Светлана Ячевская,education,1,Финансовый университет при Правительстве Российской Федерации,Specialist degree,master,0
YDEX,Светлана Ячевская,degrees,0,,Doctoral degree,doctoral,0
YDEX,Андрей Бетин,education,0,Российская академия народного хозяйства и государственной службы при Президенте Российской Федерации,Master's degree,master,0
YDEX,Андрей Бетин,education,1,Российская академия народного хозяйства и государственной службы при Президенте Российской Федерации,Master's degree,master,0
YDEX,Андрей Бетин,education,2,Узбекский государственный институт физической культуры,Unknown,bachelor,1
YDEX,Алексей Кудрин,education,0,Санкт-Петербургский государственный университет,Specialist degree,master,0
YDEX,Алексей Кудрин,degrees,0,,Doctoral degree,doctoral,0
YDEX,Алексей Кудрин,degrees,1,Российская академия народного хозяйства и государственной службы при Президенте Российской Федерации,Doctoral degree,doctoral,0
YDEX,Андрей Себрант,education,0,Московский физико-технический институт (национальный исследовательский университет),Specialist degree,master,0
YDEX,Андрей Себрант,degrees,0,,Doctoral degree,doctoral,0
YDEX,Александр Крайнов,education,0,МИРЭА — Российский технологический университет,Specialist degree,master,0
YDEX,Дмитрий Масюк,education,0,Московский государственный университет имени М.В. Ломоносова,Specialist degree,master,0
YDEX,Роман Маресов,education,0,Московский государственный университет имени М.В. Ломоносова,Specialist degree,master,0
YDEX,Александр Аникин,education,0,Московский физико-технический институт (национальный исследовательский университет),Unknown,bachelor,0
YDEX,Александр Аникин,education,1,Московский физико-технический институт (национальный исследовательский университет),Unknown,master,0
YDEX,Александр Балахнин,education,0,Национальный исследовательский университет «Высшая школа экономики»,Specialist degree,master,0
YDEX,Елена Бубнова,education,0,Московский государственный технический университет имени Н.Э. Баумана,Specialist degree,master,0
YDEX,Александр Дунаевский,education,0,Российский государственный гуманитарный университет,Unknown,,0
YDEX,Виталий Григораш,education,0,Санкт-Петербургский политехнический университет Петра Великого,Unknown,,0
YDEX,Александр Ганьшин,degrees,0,,Doctoral degree,doctoral,0
ZAYM,Макаров Роман Сергеевич,education,0,Кемеровский государственный университет,Unknown,,0
ZAYM,Макаров Роман Сергеевич,education,1,Кемеровский государственный университет,Unknown,,0
ZAYM,Повалий Михаил Сергеевич,education,0,Военный университет Министерства обороны Российской Федерации,Specialist degree,master,0
ZAYM,Повалий Михаил Сергеевич,education,1,Московский государственный университет имени М.В. Ломоносова,MBA,,0
ZAYM,Повалий Михаил Сергеевич,education,2,INSEAD,Executive education,,1
ZAYM,Мехтиев Эльман Октай оглу,education,0,Московский государственный университет имени М.В. Ломоносова,Unknown,,0
ZAYM,Мехтиев Эльман Октай оглу,education,1,Российская академия народного хозяйства и государственной службы при Президенте Российской Федерации,Master's degree,master,0
ZAYM,Грязнова Оксана Николаевна,education,0,Кемеровский государственный университет,Unknown,,0
ZAYM,Заводсков Андрей Дмитриевич,education,0,Ульяновский государственный университет,Bachelor's degree,bachelor,0
ZAYM,Ляшенко Павел Андреевич,education,0,Российский экономический университет имени Г.В. Плеханова,Bachelor's degree,bachelor,0
ZAYM,Борейко Александр Сергеевич,education,0,Московский государственный университет имени М.В. Ломоносова,Bachelor's degree,bachelor,0
ZAYM,Борейко Александр Сергеевич,education,1,Московский государственный университет имени М.В. Ломоносова,Unknown,,0
ZAYM,Матвеева Татьяна Васильевна,education,0,Российский экономический университет имени Г.В. Плеханова,Unknown,,0
ZAYM,Матвеева Татьяна Васильевна,education,1,НОЧУ «Актион»,MBA,,0
ZAYM,Родионов Станислав Николаевич,education,0,Кемеровский государственный университет,Unknown,,0
ZAYM,Сныткин Алексей Викторович,education,0,Московский государственный технический университет имени Н.Э. Баумана,Unknown,,0
