ticker,name,role,education_secondary,education_bachelor,education_master,education_doctoral,education_level_unknown,has_mba_emba,has_foreign_education,has_professional_retraining,has_law_education,has_economics_education,publications_count,publications_count_is_lower_bound,has_research_experience,research_experience_years,patents_count,patents_count_is_lower_bound,experience_years_same_sector,experience_years_same_industry,experience_years_same_industry_group,professional_experience_years,has_experience_same_sector,has_experience_same_industry,has_experience_same_industry_group,has_other_company_management,current_company_experience_years
ABIO,Масюк Сергей Владимирович,"Генеральный директор ПАО ""Артген""",0,0,0,0,1,0,0,0,0,0,0,0,0,0,0,0,9,9,9,9,1,1,1,1,6
ABIO,Исаев Артур Александрович,"Председатель Совета директоров ПАО ""Артген""",0,0,1,0,0,1,0,0,0,1,2,1,1,0,1,1,23,23,23,28,1,1,1,1,23
ABIO,Богуславский Дмитрий Эдгардович,"Член Совета директоров ПАО ""Артген""",0,0,0,1,0,0,0,0,0,1,0,0,1,22,0,0,17,10,10,17,1,1,1,1,10
ABIO,Деев Роман Вадимович,"Член Совета директоров ПАО ""Артген""; директор по науке ПАО ""Артген""",0,0,0,1,0,0,0,0,0,0,2,1,1,11,0,0,14,6,6,33,1,1,1,0,6
ABIO,Исаев Андрей Александрович,"Член Совета директоров ПАО ""Артген""",0,0,1,0,0,0,0,0,0,0,0,0,0,0,0,0,9,5,9,29,1,1,1,1,5
ABIO,Мауэр Константин Николаевич,"Член Совета директоров ПАО ""Артген"", независимый директор",0,0,1,0,0,1,0,0,0,1,0,0,0,0,0,0,0,0,0,42,1,1,1,1,0
ABIO,Киселев Сергей Львович,"Член Совета директоров ПАО ""Артген""",0,0,0,1,0,0,0,0,0,0,,1,1,18,0,0,29,10,20,29,1,1,1,0,10
ABIO,Примак Алексей Евгеньевич,"Член Совета директоров ПАО ""Артген""",0,0,1,0,0,0,0,0,0,0,0,0,0,0,0,0,2,2,2,34,1,1,1,1,2
ABIO,Александров Дмитрий Андреевич,"Член СД по CSV; не подтвержден как член Совета директоров ПАО ""Артген"" в годовом отчете за 2024 год",0,0,0,1,0,0,0,0,0,0,0,0,1,0,0,0,0,0,0,21,1,1,1,1,0
AFKS,Ситдеков Тагир Алиевич,Президент (CEO) + Член СД,0,0,1,0,0,1,1,0,0,1,0,0,0,0,0,0,6,3,6,11,1,1,1,1,3
AFKS,Шохин Александр Николаевич,Член СД,0,0,0,1,0,0,0,0,0,1,0,0,1,0,0,0,0,0,0,31,1,1,1,1,0
AFKS,Маслов Алексей Александрович,Член СД,0,0,0,1,0,0,0,0,0,0,0,0,1,0,0,0,0,0,0,4,1,1,1,1,0
AFKS,Кузьминов Ярослав Иванович,Член СД,0,0,0,1,0,0,0,0,0,1,0,0,1,0,0,0,4,4,4,32,1,1,1,1,4
AFKS,Евтушенков Феликс Владимирович,Первый вице-президент + Член СД,0,0,1,0,0,0,0,1,1,1,0,0,0,0,0,0,0,0,0,0,1,1,1,0,0
AFKS,Евтушенков Владимир Петрович,Председатель СД,0,0,0,1,0,0,0,0,0,1,0,0,1,0,0,0,0,0,0,0,1,1,1,0,0
AFKS,Вьюгин Олег Вячеславович,Член СД,0,0,0,1,0,0,0,0,0,0,0,0,1,5,0,0,3,3,3,3,1,1,1,1,3
AFKS,Волошин Александр Стальевич,Член СД,0,0,1,0,0,0,0,0,0,1,0,0,0,0,0,0,1,1,1,18,1,1,1,1,1
AFKS,Васадзе Леван Шиоевич,Член СД,0,0,1,0,0,1,1,0,0,1,0,0,0,0,0,0,24,0,22,24,1,1,1,0,0
AFLT,Александровский Сергей Владимирович,"Генеральный директор ПАО ""Аэрофлот"", председатель Правления; в CSV также указан как член Совета директоров.",0,0,1,0,0,0,0,0,1,0,0,0,0,0,0,0,8,8,8,8,1,1,1,1,3
AFLT,Бадеха Вадим Александрович,"Член Совета директоров ПАО ""Аэрофлот"" по CSV; генеральный директор ОАК с ноября 2024 года.",0,0,1,0,0,0,0,0,1,0,0,0,0,0,0,0,18,0,0,18,1,0,0,1,0
AFLT,Каменской Игорь Александрович,"Член Совета директоров ПАО ""Аэрофлот"" по CSV; финансист и бывший член Совета Федерации.",0,0,1,0,0,0,0,0,0,0,0,0,0,0,0,0,0,0,0,24,0,0,0,1,0
AFLT,Ликсутов Максим Станиславович,"Член Совета директоров ПАО ""Аэрофлот"" по CSV; заместитель Мэра Москвы по вопросам транспорта в 2024 году.",0,0,1,0,0,0,0,0,0,1,0,0,0,0,0,0,2,0,2,15,1,0,1,1,0
AFLT,Моисеев Алексей Владимирович,"Член Совета директоров ПАО ""Аэрофлот"" по CSV; заместитель Министра финансов Российской Федерации в 2024 году.",0,0,1,0,0,1,1,0,0,1,0,0,0,0,0,0,0,0,0,26,0,0,0,0,0
AFLT,Никитин Андрей Сергеевич,"Член Совета директоров ПАО ""Аэрофлот"" по CSV; губернатор Новгородской области в 2024 году.",0,0,0,1,0,0,0,0,0,1,0,0,0,0,0,0,0,0,0,15,0,0,0,1,0
AFLT,Пахомов Роман Викторович,"Член Совета директоров ПАО ""Аэрофлот"" по CSV; руководитель ООО ""Авиакапитал-Сервис"" по открытым регистрационным источникам.",0,0,0,0,1,0,0,0,0,0,0,0,0,0,0,0,15,0,0,15,1,0,0,1,0
AFLT,Песков Дмитрий Николаевич,"Член Совета директоров ПАО ""Аэрофлот"" по CSV; специальный представитель Президента РФ по вопросам цифрового и технологического развития в 2024 году.",0,0,1,0,0,0,1,0,0,0,0,0,0,0,0,0,0,0,0,27,0,0,0,1,0
AFLT,Прокофьев Станислав Евгеньевич,"Член Совета директоров ПАО ""Аэрофлот"" по CSV; ректор Финансового университета при Правительстве РФ.",0,0,0,1,0,0,0,1,0,1,200,1,1,10,0,0,0,0,0,21,0,0,0,1,0
AFLT,Савельев Виталий Геннадьевич,"Председатель Совета директоров ПАО ""Аэрофлот"" в 2024 году.",0,0,0,1,0,0,0,0,0,1,0,0,0,0,0,0,17,17,17,22,1,1,1,0,17
AFLT,Чемезов Сергей Викторович,"Член Совета директоров ПАО ""Аэрофлот"" по CSV; генеральный директор Ростеха.",0,0,0,1,0,0,0,0,0,1,130,1,1,0,0,0,22,0,0,22,1,0,0,1,0
AFLT,Шадаев Максут Игоревич,"Член Совета директоров ПАО ""Аэрофлот"" по CSV; Министр цифрового развития, связи и массовых коммуникаций РФ в 2024 году.",0,0,1,0,0,0,0,0,0,0,0,0,0,0,0,0,0,0,0,8,0,0,0,0,0
AFLT,Чиханчин Андрей Юрьевич,"Первый заместитель генерального директора ПАО ""Аэрофлот"" по коммерции и финансам.",0,0,0,1,0,0,0,0,0,1,0,0,0,0,0,0,4,4,4,6,1,1,1,1,4
AFLT,Семёнов Андрей Викторович,"Первый заместитель генерального директора ПАО ""Аэрофлот"" по производству.",0,0,0,0,1,0,0,0,0,0,0,0,0,0,0,0,3,3,3,3,1,1,1,1,3
AGRO,Липатов Тимур Владимирович,"В контексте 2024 года: генеральный директор ООО ""Группа Компаний ""Русагро""; в официальных материалах 2024 года также указан как генеральный директор ПАО ""Группа ""Русагро"" и член Совета директоров ROS AGRO PLC.",0,0,1,0,0,1,1,0,0,1,0,0,0,0,0,0,5,5,5,28,1,1,1,1,5
AKRN,Куницкий Владимир Яковлевич,"Председатель Правления, Генеральный директор (Президент) ПАО ""Акрон"" в контексте 2024 года",0,0,1,0,0,0,0,0,0,0,0,0,0,0,0,0,57,44,57,57,1,1,1,1,20
AKRN,Попов Александр Валериевич,"Председатель Совета директоров, Первый Вице-Президент ПАО ""Акрон"" в контексте 2024 года",0,0,1,0,0,0,0,0,0,1,0,0,0,0,0,0,29,29,29,33,1,1,1,1,14
AKRN,Гавриков Владимир Викторович,"Заместитель Председателя Совета директоров, советник Генерального директора (Президента) ПАО ""Акрон"" в контексте 2024 года",0,0,1,0,0,0,0,0,0,0,0,0,0,0,0,0,55,55,55,61,1,1,1,0,55
AKRN,Колосовский Андрей Леонидович,"Член Совета директоров ПАО ""Акрон"" в контексте 2024 года",0,0,0,1,0,0,0,0,0,0,0,0,1,0,0,0,26,26,26,33,1,1,1,1,23
AKRN,Данильченко Нина Викторовна,"Член Совета директоров, руководитель Департамента по безопасности бизнеса ПАО ""Акрон"" в контексте 2024 года",0,0,1,0,0,0,0,0,0,1,0,0,0,0,0,0,25,25,25,25,1,1,1,1,5
AKRN,Корнышев Олег Александрович,"Роль из CSV: Член СД; членство в Совете директоров ПАО ""Акрон"" в 2024 году не подтверждено, официальная страница Акрона указывает членство с июня 2026 года",0,0,1,0,0,0,0,0,1,0,0,0,0,0,0,0,10,10,10,10,1,1,1,1,0
AKRN,Беликов Игорь Вячеславович,"Независимый директор Совета директоров ПАО ""Акрон"" в контексте 2024 года",0,0,0,1,0,0,0,0,0,1,0,0,1,23,0,0,11,11,11,57,1,1,1,1,11
AKRN,Дынкин Александр Александрович,"Член Совета директоров, советник Генерального директора (Президента) ПАО ""Акрон"" в контексте 2024 года",0,0,0,1,0,0,0,0,0,1,1,1,1,54,0,0,10,10,10,75,1,1,1,1,10
AKRN,Швалюк Валерий Петрович,"Член Совета директоров, руководитель Департамента по экономике и финансам ПАО ""Акрон"" в контексте 2024 года",0,0,0,0,1,0,0,0,0,0,0,0,0,0,0,0,24,24,24,24,1,1,1,1,17
AKRN,Кантолинский Михаил Иосифович,"Роль из CSV: Член СД; членство в Совете директоров ПАО ""Акрон"" в 2024 году не подтверждено, официальная страница Акрона указывает членство с июня 2026 года",0,0,0,1,0,0,0,0,0,1,1,1,1,1,0,0,0,0,0,12,0,0,0,1,0
ALRS,Маринычев Павел Алексеевич,"Генеральный директор - Председатель Правления АК ""АЛРОСА"" (ПАО); член Наблюдательного совета в 2024 году.",0,0,1,0,0,0,0,1,0,1,0,0,0,0,0,0,10,10,10,29,1,1,1,1,2
ALRS,Силуанов Антон Германович,"Председатель Наблюдательного совета АК ""АЛРОСА"" (ПАО) в 2024 году.",0,0,0,1,0,0,0,0,0,1,0,0,1,0,0,0,6,6,6,16,1,1,1,0,6
ALRS,Николаев Айсен Сергеевич,"Член Наблюдательного совета; первый заместитель председателя Наблюдательного совета АК ""АЛРОСА"" (ПАО) в 2024 году.",0,0,1,0,0,0,0,1,0,1,0,0,0,0,0,0,7,7,7,42,1,1,1,0,7
ALRS,Иванов Сергей Сергеевич,"Член Наблюдательного совета; заместитель председателя Наблюдательного совета АК ""АЛРОСА"" (ПАО) в 2024 году.",0,0,0,1,0,0,0,0,0,1,0,0,0,0,0,0,8,8,8,27,1,1,1,1,8
ALRS,Моисеев Алексей Владимирович,"Член Наблюдательного совета АК ""АЛРОСА"" (ПАО) в 2024 году.",0,0,1,0,0,1,1,0,0,1,0,0,0,0,0,0,7,7,7,14,1,1,1,1,7
ALRS,Дяченко Сергей Николаевич,"Член Наблюдательного совета; старший независимый директор АК ""АЛРОСА"" (ПАО) в 2024 году.",0,0,1,0,0,0,1,0,0,0,0,0,0,0,0,0,14,14,14,14,1,1,1,1,1
ALRS,Жондоров Валерий Алексеевич,Член СД по CSV; 2024 годовым отчетом АЛРОСА как видимый член Наблюдательного совета на 31.12.2024 не подтвержден.,0,0,1,0,0,0,0,1,0,1,0,0,1,0,0,0,0,0,0,44,0,0,0,1,0
ALRS,Донец Андрей Иванович,"Член Наблюдательного совета; независимый директор АК ""АЛРОСА"" (ПАО) в 2024 году.",0,0,1,0,0,0,0,0,1,0,0,0,0,0,0,0,4,4,4,18,1,1,1,1,4
ALRS,Багынанов Павел Николаевич,"Член Наблюдательного совета АК ""АЛРОСА"" (ПАО) в 2024 году.",0,0,1,0,0,0,0,1,0,1,0,0,0,0,0,0,1,1,1,30,1,1,1,1,1
ALRS,Григорьев Павел Анатольевич,Член СД по CSV; 2024 годовым отчетом АЛРОСА как видимый член Наблюдательного совета на 31.12.2024 не подтвержден.,0,0,0,0,1,0,0,0,0,0,0,0,0,0,0,0,0,0,0,0,0,0,0,0,0
ALRS,Григорьева Евгения Васильевна,"Член Наблюдательного совета; независимый директор АК ""АЛРОСА"" (ПАО) в 2024 году.",0,0,1,0,0,0,1,1,1,0,0,0,0,0,0,0,8,8,8,22,1,1,1,1,5
ALRS,Николаев Игорь Иванович,"Член Наблюдательного совета АК ""АЛРОСА"" (ПАО) в 2024 году; член Комитета по кадрам и вознаграждениям.",0,0,0,0,1,0,0,0,0,0,0,0,0,0,0,0,1,1,1,8,1,1,1,1,1
ALRS,Рюмин Андрей Валерьевич,"Член Наблюдательного совета АК ""АЛРОСА"" (ПАО) в 2024 году.",0,0,0,1,0,0,0,0,0,1,0,0,0,0,0,0,1,1,1,21,1,1,1,1,1
ALRS,Фрадков Пётр Михайлович,"Член Наблюдательного совета АК ""АЛРОСА"" (ПАО) в 2024 году.",0,0,0,1,0,1,1,0,0,1,0,0,0,0,0,0,1,1,1,34,1,1,1,1,1
ALRS,Павленко Сергей Витальевич,"Первый заместитель генерального директора - исполнительный директор АК ""АЛРОСА"" (ПАО) по CSV and official ALROSA appointment release.",0,0,1,0,0,0,0,0,0,0,0,0,0,0,0,0,32,32,32,32,1,1,1,0,32
APTK,Кузин Александр Владимирович,"Генеральный директор ПАО ""Аптечная сеть 36,6"" с 23.10.2020; член Совета директоров ПАО ""Аптечная сеть 36,6"" в 2024 году",0,0,1,0,0,1,0,0,0,1,0,0,1,3,0,0,19,19,19,45,1,1,1,1,6
AQUA,Соснов Илья Геннадьевич,"Генеральный директор ПАО ""ИНАРКТИКА"" в 2024 году; в июле 2024 года полномочия продлены с 18.07.2024 до 17.07.2027",0,0,1,0,0,0,0,0,0,1,0,0,0,0,0,0,25,25,25,28,1,1,1,1,10
AQUA,Чернова Екатерина Анатольевна,"Председатель Совета директоров ПАО ""ИНАРКТИКА"" в 2024 году; член Комитета по устойчивому развитию",0,0,1,0,0,1,1,0,0,1,0,0,0,0,0,0,7,7,7,35,1,1,1,1,7
AQUA,Аюпова Сайёра Якуповна,"Независимый член Совета директоров ПАО ""ИНАРКТИКА"" в 2024 году; председатель Комитета по стратегии; член Комитета по назначениям и вознаграждению",0,1,0,0,0,0,1,0,0,1,0,0,0,0,0,0,25,2,6,36,1,1,1,1,2
AQUA,Погуляев Владислав Юрьевич,"Независимый член Совета директоров ПАО ""ИНАРКТИКА"" в 2024 году; председатель Комитета по аудиту; член Комитета по назначениям и вознаграждению",0,0,0,1,0,1,0,0,0,1,0,0,0,0,0,0,4,4,4,13,1,1,1,1,4
AQUA,Александров Владимир Валерьевич,"Независимый член Совета директоров ПАО ""ИНАРКТИКА"" в 2024 году; член Комитета по стратегии и Комитета по аудиту",0,1,0,0,0,1,1,0,0,1,0,0,0,0,0,0,5,5,5,28,1,1,1,1,2
AQUA,Васильков Дмитрий Олегович,"Независимый член Совета директоров ПАО ""ИНАРКТИКА"" в 2024 году; член Комитета по стратегии",0,0,1,0,0,0,0,0,0,1,0,0,0,0,0,0,2,2,2,24,1,1,1,1,2
AQUA,Кащеев Роман Витальевич,"Независимый член Совета директоров ПАО ""ИНАРКТИКА"" в 2024 году; председатель Комитета по устойчивому развитию; член Комитета по аудиту",0,0,1,0,0,0,0,0,0,1,1,1,1,0,0,0,4,4,4,29,1,1,1,1,4
AQUA,Благирев Алексей Павлович,"По CSV: член СД; членство в Совете директоров ПАО ""ИНАРКТИКА"" в 2024 году не подтверждено. Официально найден как новый независимый директор, избранный 29.12.2025",0,0,1,0,0,0,0,0,0,1,0,0,0,0,0,0,0,0,0,10,0,0,0,1,0
AQUA,Василенко Анна Геннадьевна,"Независимый член Совета директоров ПАО ""ИНАРКТИКА"" в 2024 году; председатель Комитета по назначениям и вознаграждению; член Комитета по устойчивому развитию",0,0,0,0,1,1,0,0,0,1,0,0,0,0,0,0,4,4,4,19,1,1,1,1,4
AQUA,Марченко Андрей Александрович,"Независимый член Совета директоров ПАО ""ИНАРКТИКА"" в 2024 году; член Комитета по устойчивому развитию",0,0,0,1,0,0,0,0,0,1,0,0,0,0,0,0,3,3,3,42,1,1,1,1,3
ASTR,Сивцев Илья Игоревич,"Генеральный директор ПАО ""Группа Астра""; член Совета директоров, избранный ГОСА 28.06.2024.",0,0,0,0,1,0,0,0,0,1,0,0,0,0,0,0,10,10,10,23,1,1,1,1,5
ASTR,Прянишников Николай Николаевич,"Роль из CSV (первый заместитель генерального директора, исполнительный директор) подтверждена 2026-источниками (официальный релиз ""Астры"", d-russia.ru); точная дата перехода с должности CCO не раскрыта. Также подтверждены: главный коммерческий директор (CCO) ""Группы Астра"" с 01.07.2024 и член Совета директоров с 28.06.2024.",0,0,0,1,0,1,0,0,0,1,0,0,1,0,0,0,9,9,9,39,1,1,1,1,2
ASTR,Фролов Денис Владимирович,"Председатель Совета директоров ПАО ""Группа Астра""; контролирующий акционер/конечный бенефициар в контексте 2024 года.",0,0,1,0,0,0,0,0,0,1,0,0,0,0,0,0,10,6,10,27,1,1,1,1,1
BANEP,Стрельцов Тимофей Михайлович,"CEO по CSV; проверенные источники подтверждают назначение генеральным директором ПАО АНК ""Башнефть"" только с 16.09.2025. В контексте 2024 года подтвержден как первый вице-президент ПАО НК ""Роснефть"" по развитию нефтегазового и шельфового бизнеса, а не как CEO Башнефти.",0,0,1,0,0,0,0,0,0,0,1,1,0,0,0,0,24,24,24,24,1,1,1,1,0
BELU,Прохоров Константин Анатольевич,"Председатель правления ПАО ""НоваБев Групп""; член совета директоров в составе, действовавшем в 2024 году.",0,0,1,0,0,0,0,0,0,1,0,0,0,0,0,0,3,3,3,3,1,1,1,1,0
BELU,Белокопытов Николай Владимирович,"Председатель совета директоров; заместитель председателя правления - финансовый директор ПАО ""НоваБев Групп"".",0,0,1,0,0,0,0,0,0,1,0,0,0,0,0,0,13,13,13,15,1,1,1,1,7
BELU,Гукасян Мелине Генриковна,"Независимый директор ПАО ""НоваБев Групп""; генеральный директор ООО ""КрафтХайнц Восток""; председатель комитета по вознаграждениям и номинациям.",0,0,1,0,0,1,1,0,0,1,0,0,0,0,0,0,10,4,10,10,1,1,1,1,4
BELU,Иконников Александр Вячеславович,"Независимый директор ПАО ""НоваБев Групп""; председатель комитета по аудиту; председатель наблюдательного совета Ассоциации профессиональных директоров АНД.",0,0,0,1,0,0,0,0,0,1,0,0,1,0,0,0,7,7,7,41,1,1,1,1,7
BELU,Купцов Сергей Александрович,"CSV указывает ""Член СД""; в локальном годовом отчете за 2024 год в составе совета директоров не найден, а официальные раскрытия 2025 года указывают его кандидатом/членом совета директоров после 2024 года. Профессионально подтвержден как руководитель корпоративных финансов BELUGA GROUP.",0,0,0,0,1,0,0,0,0,0,0,0,0,0,0,0,26,26,26,26,1,1,1,1,26
BELU,Крачковский Александр Борисович,"Член совета директоров ПАО ""НоваБев Групп""; директор ООО ""НоваБев Маркет"".",0,0,1,0,0,0,0,0,0,1,0,0,0,0,0,0,9,9,9,26,1,1,1,1,2
BELU,Мечетин Александр Анатольевич,Член совета директоров; основатель Novabev Group. В 2024 году исполнительная должность председателя правления за ним не подтверждается.,0,0,0,1,0,1,1,0,1,1,0,0,1,0,0,0,25,25,25,25,1,1,1,1,24
BELU,Молчанов Сергей Витальевич,"Член совета директоров; первый заместитель председателя правления - операционный директор ПАО ""НоваБев Групп"".",0,0,1,0,0,0,1,0,0,1,0,0,0,0,0,0,25,25,25,25,1,1,1,0,25
BELU,Ордовский-Танаевский Бланко Ростислав,"Независимый директор ПАО ""НоваБев Групп""; президент ООО ""РосКорп"".",0,1,0,0,0,0,1,0,0,0,0,0,0,0,0,0,0,0,0,45,1,1,1,1,0
BSPB,Савельев Александр Васильевич,"Председатель Правления ПАО ""Банк ""Санкт-Петербург""; в CSV указан как CEO+Председатель правления.",0,0,1,0,0,0,0,0,0,0,0,0,1,4,0,0,48,48,48,82,1,1,1,1,41
BSPB,Иванникова Елена Викторовна,"Председатель Наблюдательного совета ПАО ""Банк ""Санкт-Петербург""; в CSV указана как Председатель СД.",0,0,1,0,0,0,1,0,0,1,0,0,0,0,0,0,43,43,43,43,1,1,1,0,34
CBOM,Маликова Дина Ринатовна,"Председатель Правления ПАО ""МОСКОВСКИЙ КРЕДИТНЫЙ БАНК"" с июля 2025 года; CSV указывает эту роль, но для календарного 2024 года она не подтверждена",0,0,0,1,0,0,1,0,0,1,5,1,1,0,0,0,36,36,36,41,1,1,1,1,0
CHMF,Шевелёв Александр Анатольевич,"Генеральный директор АО ""Северсталь Менеджмент"" (управляющая организация ПАО ""Северсталь""); в публикациях 2024 года также обозначается как генеральный директор ""Северстали"".",0,0,1,0,0,1,1,0,0,1,0,0,0,0,0,0,30,29,30,33,1,1,1,1,0
CHMF,Мордашов Алексей Александрович,"Председатель Совета директоров ПАО ""Северсталь""; основной акционер, indirectly controlling 77.03% of shares as of 31.12.2024.",0,0,1,0,0,1,1,0,0,1,0,0,0,0,0,0,38,38,38,44,1,1,1,1,16
CHMK,Капнин Владимир Викторович,"Указан в CSV как CEO; в контексте 2024 года эта роль не подтверждена. Официальные источники подтверждают, что в 2024 году он работал в техническом развитии ПАО ""Мечел"", а генеральным директором ПАО ""ЧМК"" назначен с 05.03.2026 (дата уточнена в раунде 2 -- см. validation_notes). РАУНД 4 (2026-07-29, quality pass): при повторной сверке первичного источника (та же ссылка mechel.ru) карьерная хронология 1997-2010 годов скорректирована -- см. tmt[0].notes и professional_experience для деталей и обоснования.",0,0,0,1,0,0,0,0,0,0,0,0,1,0,3,1,27,27,27,41,1,1,1,1,11
CIAN,Григорьев Дмитрий Константинович,"Генеральный директор МКПАО ""Циан""; член Совета директоров",0,0,1,0,0,0,0,0,0,0,0,0,0,0,0,0,11,11,11,23,1,1,1,1,1
CIAN,Мельников Максим Анатольевич,"Председатель Совета директоров МКПАО ""Циан""",0,0,1,0,0,1,1,0,0,1,0,0,0,0,0,0,18,13,18,22,1,1,1,1,1
DATA,Пустовой Максим Владимирович,"Генеральный директор ПАО ""Группа Аренадата""",0,0,1,0,0,1,1,0,0,0,0,0,0,0,0,0,20,9,20,29,1,1,1,1,2
DATA,Жуков Андрей,Коммерческий директор Группы Arenadata,0,0,1,0,0,0,0,0,0,0,0,0,0,0,0,0,0,0,0,0,1,1,1,1,0
DATA,Бушуева Екатерина Андреевна,Директор по связям с инвесторами Группы Arenadata,0,0,1,0,0,0,0,0,0,0,0,0,0,0,0,0,0,0,0,0,1,1,1,1,0
DATA,Гревцев Виктор Викторович,Руководитель подразделения внутреннего аудита,0,0,1,0,0,0,0,0,0,0,0,0,0,0,0,0,1,1,1,8,1,1,1,0,1
DATA,Муницына Мария Анатольевна,Руководитель подразделения внутреннего контроля и управления рисками,0,0,1,0,0,0,0,0,0,0,0,0,0,0,0,0,1,1,1,1,1,1,1,0,1
DELI,Бехтина Елена Александровна,"Генеральный директор ПАО ""Каршеринг Руссия"" в 2024 году; в должности с 1 октября 2020 года.",0,1,0,0,0,0,0,0,0,1,0,0,0,0,0,0,10,10,10,20,1,1,1,1,4
DELI,Лойко Михаил,Финансовый директор Делимобиля; назначен советом директоров 21 августа 2024 года.,0,0,0,0,1,1,0,0,0,1,0,0,0,0,0,0,1,1,1,12,1,1,1,1,1
DELI,Белотуркин Александр,Технический директор / глава департамента информационных технологий Делимобиля; назначен в сентябре 2024 года.,0,0,0,0,1,0,0,0,0,0,0,0,0,0,0,0,1,1,1,1,1,1,1,1,1
DELI,Коновальчук Виталий,Директор по клиентскому опыту и персоналу / заместитель генерального директора по управлению персоналом и клиентским опытом Делимобиля.,0,0,1,0,0,1,1,0,0,1,0,0,0,0,0,0,5,5,5,16,1,1,1,1,5
DELI,Чарухин Денис Юрьевич,"Председатель Совета директоров ПАО ""Каршеринг Руссия"" в составе, действующем с 25 июня 2024 года.",0,0,0,1,0,0,0,0,1,1,0,0,1,0,0,0,1,1,1,14,1,1,1,1,1
DELI,Алгульян Даниил Валерьевич,"Независимый член Совета директоров ПАО ""Каршеринг Руссия"" в составе, действующем с 25 июня 2024 года.",0,0,1,0,0,1,1,0,0,1,0,0,1,0,0,0,1,1,1,29,1,1,1,1,1
DELI,Артюх Константин Юрьевич,"Независимый член Совета директоров ПАО ""Каршеринг Руссия"" в 2024 году.",0,0,0,1,0,1,1,0,1,1,0,0,1,0,0,0,2,2,2,8,1,1,1,1,2
DELI,Гюванч Донмез,"Независимый член Совета директоров ПАО ""Каршеринг Руссия"" в 2024 году.",0,1,0,0,0,0,1,0,0,0,0,0,0,0,0,0,2,2,2,26,1,1,1,1,2
DELI,Меликян Артур Борисович,"Неисполнительный член Совета директоров ПАО ""Каршеринг Руссия"" в 2024 году.",0,0,0,1,0,0,0,0,1,1,0,0,0,0,0,0,13,11,11,13,1,1,1,1,4
DELI,Полещук Ярослав Николаевич,"Неисполнительный член Совета директоров ПАО ""Каршеринг Руссия"" в 2024 году.",0,0,0,0,1,0,0,0,0,0,0,0,0,0,0,0,2,2,2,9,1,1,1,1,2
DELI,Саволайнен Ольга Викторовна,"Неисполнительный член Совета директоров ПАО ""Каршеринг Руссия"" в 2024 году.",0,0,1,0,0,0,0,0,0,0,0,0,0,0,0,0,3,3,3,9,1,1,1,1,3
DELI,Садовин Владимир Альбертович,"Независимый член Совета директоров ПАО ""Каршеринг Руссия"" в 2024 году.",0,0,1,0,0,0,0,0,0,0,0,0,0,0,0,0,2,2,2,20,1,1,1,1,2
DELI,Чораян Григорий Ованесович,"Неисполнительный член Совета директоров ПАО ""Каршеринг Руссия"" в 2024 году.",0,0,0,1,0,0,1,0,0,1,0,0,1,0,0,0,4,4,4,17,1,1,1,1,4
DIAS,Глазков Александр Валериевич,"Генеральный директор ПАО ""Диасофт""; член Совета директоров",0,0,0,1,0,0,0,0,0,1,0,0,1,0,0,0,51,51,51,55,1,1,1,1,14
DIAS,Бочкарев Сергей Викторович,"Председатель Совета директоров ПАО ""Диасофт""; независимый директор",0,0,0,1,0,0,1,1,0,1,0,0,0,0,0,0,4,1,4,38,1,1,1,1,1
DIAS,Ляшков Александр Анатольевич,"Член Ревизионной комиссии ПАО ""Диасофт""",0,0,1,0,0,0,0,0,0,0,0,0,0,0,0,0,24,24,24,24,1,1,1,1,17
DIAS,Лебедев Дмитрий Владимирович,"Член Ревизионной комиссии ПАО ""Диасофт""",0,0,1,0,0,0,0,0,0,0,0,0,0,0,0,0,20,20,20,20,1,1,1,1,3
DIAS,Бабкин Алексей Анатольевич,"Член Ревизионной комиссии ПАО ""Диасофт""",0,0,1,0,0,0,0,0,0,0,0,0,0,0,0,0,11,11,11,11,1,1,1,1,1
DIAS,Таскаева Татьяна Петровна,"Руководитель по работе с инвесторами и акционерами ПАО ""Диасофт""",0,0,0,0,1,0,0,0,0,0,0,0,0,0,0,0,1,1,1,1,1,1,1,0,1
DIAS,Клишина Екатерина Александровна,"Руководитель Службы внутреннего аудита ПАО ""Диасофт""",0,0,1,0,0,0,0,0,0,0,0,0,0,0,0,0,16,16,16,16,1,1,1,0,10
DVEC,Кимерин Владимир Анатольевич,"Генеральный директор АО ""ЭСК РусГидро""; полномочия единоличного исполнительного органа ПАО ""ДЭК"" переданы АО ""ЭСК РусГидро""",0,0,0,1,0,0,0,0,0,1,0,0,0,0,0,0,22,15,22,22,1,1,1,1,0
DVEC,Власов Алексей Валерьевич,"Председатель Совета директоров ПАО ""ДЭК""; заместитель директора департамента по работе на рынках Департамента по работе на оптовом рынке электроэнергии и мощности и анализа рынков ПАО ""РусГидро""",0,0,0,0,1,0,0,0,0,0,0,0,0,0,0,0,2,2,2,2,1,1,1,1,2
DVEC,Бельченко Антон Леонидович,"Член Совета директоров ПАО ""ДЭК""; заместитель директора Департамента по анализу рынков ПАО ""РусГидро""",0,0,1,0,0,0,0,0,0,1,3,0,1,4,0,0,2,2,2,2,1,1,1,1,2
DVEC,Борисенко Вера Валентиновна,"Член Совета директоров ПАО ""ДЭК""; начальник Управления перспективных продаж ПАО ""РусГидро""",0,0,0,0,1,0,0,0,0,0,0,0,0,0,0,0,2,2,2,2,1,1,1,1,2
DVEC,Кабанова Лариса Владимировна,"Член Совета директоров ПАО ""ДЭК""; директор Департамента корпоративных финансов ПАО ""РусГидро""",0,0,1,0,0,0,0,0,0,1,0,0,0,0,0,0,7,2,7,7,1,1,1,1,2
DVEC,Коптяков Станислав Сергеевич,"Член Совета директоров ПАО ""ДЭК""; директор Департамента корпоративного управления ПАО ""РусГидро""",0,0,1,0,0,0,0,1,1,1,0,0,0,0,0,0,2,2,2,2,1,1,1,1,2
DVEC,Осенкова Ксения Геннадьевна,"Член Совета директоров ПАО ""ДЭК""; начальник Управления нормативного обеспечения и взаимодействия с инфраструктурными организациями ПАО ""РусГидро""",0,0,0,0,1,0,0,0,0,0,0,0,0,0,0,0,2,2,2,2,1,1,1,1,2
DVEC,Сорокин Роман Юрьевич,"Член Совета директоров ПАО ""ДЭК""; начальник Управления корпоративного развития и сопровождения сделок ПАО ""РусГидро""",0,1,0,0,0,0,0,0,1,0,0,0,0,0,0,0,25,11,25,26,1,1,1,1,1
DVEC,Стороженко Виталий Анатольевич,"Член Совета директоров ПАО ""ДЭК""; исполнительный директор ПАО ""ДЭК""",0,0,1,0,0,0,0,0,0,0,0,0,0,0,0,0,2,2,2,2,1,1,1,0,2
DVEC,Тюльпанов Евгений Викторович,"Член Совета директоров ПАО ""ДЭК""; начальник Управления методологии и корпоративного взаимодействия Департамента управления имуществом ПАО ""РусГидро""",0,0,0,0,1,0,0,0,0,0,0,0,0,0,0,0,2,2,2,2,1,1,1,1,2
DVEC,Ажимов Олег Евгеньевич,"Председатель Ревизионной комиссии ПАО ""ДЭК""; руководитель Службы внутреннего аудита ПАО ""РусГидро""",0,0,1,0,0,0,0,1,0,1,0,0,0,0,0,0,1,1,1,1,1,1,1,1,1
DVEC,Доланова Елена Федоровна,"Член Ревизионной комиссии ПАО ""ДЭК""; начальник Управления риск-менеджмента ПАО ""РусГидро""",0,0,0,0,1,0,0,0,0,0,0,0,0,0,0,0,1,1,1,1,1,1,1,1,1
DVEC,Меделец Светлана Юрьевна,"Член Ревизионной комиссии ПАО ""ДЭК""",0,0,0,0,1,0,0,0,0,0,0,0,0,0,0,0,4,1,4,4,1,1,1,0,1
DVEC,Коломиец Владимир Александрович,"Член Ревизионной комиссии ПАО ""ДЭК""; главный специалист Контрольно-ревизионного управления ""Дальний Восток"" ПАО ""РусГидро""",0,0,0,0,1,0,0,0,0,0,0,0,0,0,0,0,1,1,1,1,1,1,1,1,1
DVEC,Дьяченко Ксения Юрьевна,"Член Ревизионной комиссии ПАО ""ДЭК""; ведущий специалист Контрольно-ревизионного управления ""Дальний Восток"" ПАО ""РусГидро""",0,0,0,0,1,0,0,0,0,0,0,0,0,0,0,0,1,1,1,1,1,1,1,1,1
ELFV,Тналин Алибек Айбекович,"Генеральный директор; Председатель Правления ПАО ""ЭЛ5-Энерго"" в 2024 году.",0,0,1,0,0,0,0,0,0,0,0,0,0,0,0,0,5,5,5,16,1,1,1,1,3
ELFV,Атцени Москвитин Матвей Владимирович,"Заместитель генерального директора - Коммерческий директор; член Правления ПАО ""ЭЛ5-Энерго"".",0,0,0,0,1,1,1,0,0,1,0,0,0,0,0,0,25,25,25,25,1,1,1,1,20
ELFV,Верещагин Михаил Игоревич,"Заместитель генерального директора - Директор по персоналу и организационному развитию; член Правления ПАО ""ЭЛ5-Энерго"".",0,0,1,0,0,0,1,0,0,0,0,0,1,6,0,0,5,5,5,31,1,1,1,1,5
ELFV,Косменюк Олег Николаевич,"Заместитель генерального директора - Директор по генерации; член Правления ПАО ""ЭЛ5-Энерго"".",0,0,1,0,0,0,1,0,0,0,0,0,0,0,0,0,17,17,17,21,1,1,1,1,17
ELFV,Леонова Нина Васильевна,"Заместитель генерального директора - Финансовый директор; член Правления ПАО ""ЭЛ5-Энерго"".",0,0,1,0,0,0,0,0,0,0,0,0,0,0,0,0,17,17,17,17,1,1,1,0,17
ELFV,Седова Жанна Игоревна,"Заместитель генерального директора - Директор по правовым вопросам и корпоративным отношениям; член Правления ПАО ""ЭЛ5-Энерго"".",0,0,0,1,0,0,0,0,1,0,0,0,1,35,0,0,36,28,36,43,1,1,1,0,28
ELFV,Рачкин Сергей Владимирович,"Заместитель генерального директора - Директор по безопасности; член Правления ПАО ""ЭЛ5-Энерго"".",0,0,1,0,0,0,0,0,0,0,0,0,0,0,0,0,29,29,29,29,1,1,1,0,21
ELFV,Рожина Лариса Николаевна,"Директор по внутреннему аудиту / руководитель подразделения внутреннего аудита ПАО ""ЭЛ5-Энерго"".",0,0,0,0,1,0,0,0,0,0,0,0,0,0,0,0,6,6,6,6,1,1,1,1,3
ELFV,Юзефович Елена Константиновна,"Старший менеджер по контролю рисков (Группа контроля рисков); руководитель подразделения внутреннего контроля и управления рисками ПАО ""ЭЛ5-Энерго"" согласно CSV.",0,0,1,0,0,0,0,0,0,0,0,0,0,0,0,0,10,10,10,10,1,1,1,0,10
ENPG,Колмогоров Владимир Васильевич,"Генеральный директор МКПАО ""ЭН+ ГРУП"" с 23 мая 2024 года",0,0,0,1,0,0,0,0,0,1,0,0,0,0,0,0,9,9,9,35,1,1,1,1,9
ENPG,Малевинская Анна Александровна,"Финансовый директор МКПАО ""ЭН+ ГРУП"" в 2024 году",0,0,0,1,0,0,0,0,0,1,0,0,0,0,0,0,23,23,23,23,1,1,1,1,8
ENPG,Погосбеков Давид Дешенович,"Директор по коммерции МКПАО ""ЭН+ ГРУП"" в 2024 году",0,0,1,0,0,1,0,0,0,1,0,0,0,0,0,0,6,6,6,19,1,1,1,1,6
ENPG,Данилов Александр,"Директор по правовым вопросам МКПАО ""ЭН+ ГРУП"" в 2024 году",0,0,1,0,0,1,1,0,1,1,0,0,0,0,0,0,6,6,6,21,1,1,1,0,6
ENPG,Конопацкий Виктор,"Директор по связям с государственными органами МКПАО ""ЭН+ ГРУП"" в 2024 году",0,0,0,0,1,0,0,0,0,0,0,0,0,0,0,0,0,0,0,0,1,1,1,0,0
ENPG,Санарова Ольга,"Директор по связям с общественностью МКПАО ""ЭН+ ГРУП"" в 2024 году",0,0,1,0,0,0,0,0,0,1,0,0,0,0,0,0,19,19,19,25,1,1,1,1,0
ENPG,Бахтина Ирина,"Директор по устойчивому развитию МКПАО ""ЭН+ ГРУП"" в 2024 году",0,0,0,1,0,1,1,0,0,1,0,0,0,0,0,0,12,12,12,29,1,1,1,1,1
ENPG,Кристофер Бэнкрофт Бернэм (Christopher Bancroft Burnham),"Председатель Совета директоров МКПАО ""ЭН+ ГРУП"" в 2024 году",0,0,1,0,0,0,1,0,0,0,0,0,0,0,0,0,6,6,6,30,1,1,1,1,6
ENPG,Галенская Людмила Петровна,"Член Совета директоров МКПАО ""ЭН+ ГРУП"" в 2024 году",0,0,1,0,0,0,0,0,0,0,0,0,0,0,0,0,9,3,9,48,1,1,1,1,3
ENPG,Тэргуд Маршалл Мл. (Thurgood Marshall Jr.),"Член Совета директоров МКПАО ""ЭН+ ГРУП"" в 2024 году",0,0,0,1,0,0,1,0,0,0,0,0,0,0,0,0,4,4,4,9,1,1,1,1,4
ENPG,Джеймс У. Рэйдер (J.W. Rader),"Член Совета директоров МКПАО ""ЭН+ ГРУП"" в 2024 году",0,0,0,1,0,0,1,0,1,1,0,0,0,0,0,0,3,3,3,41,1,1,1,1,3
ENPG,Фокина Жанна Сергеевна,"Член Совета директоров МКПАО ""ЭН+ ГРУП"" в 2024 году",0,0,0,0,1,0,0,0,0,0,0,0,0,0,0,0,4,4,4,4,1,1,1,1,4
ENPG,Шаронов Андрей Владимирович,"Член Совета директоров МКПАО ""ЭН+ ГРУП"" в 2024 году",0,0,0,1,0,0,1,0,0,1,0,0,0,0,0,0,4,4,4,36,1,1,1,1,4
ENPG,Джеймс Шваб (James Schwab),"Член Совета директоров МКПАО ""ЭН+ ГРУП"" в 2024 году",0,1,0,0,0,1,1,0,0,1,0,0,0,0,0,0,2,2,2,41,1,1,1,1,2
ENPG,Яновский Андрей Владимирович,"Член Совета директоров МКПАО ""ЭН+ ГРУП"" в 2024 году",0,0,0,0,1,1,1,0,0,1,0,0,0,0,0,0,5,5,5,26,1,1,1,1,5
ENPG,Гераскин Вадим Викторович,"Член Совета директоров МКПАО ""ЭН+ ГРУП"" в 2024 году",0,0,1,0,0,0,0,0,0,0,0,0,0,0,0,0,6,6,6,23,1,1,1,1,6
ENPG,Горбатова Анастасия Владимировна,"Член Совета директоров МКПАО ""ЭН+ ГРУП"" в 2024 году",0,0,1,0,0,0,0,0,1,0,0,0,0,0,0,0,5,5,5,5,1,1,1,0,5
ENPG,Плугарь Андрей Георгиевич,"Член Совета директоров МКПАО ""ЭН+ ГРУП"" в 2024 году",0,0,1,0,0,0,0,0,1,0,0,0,0,0,0,0,2,2,2,2,1,1,1,1,2
ENPG,Филина Ольга Владимировна,"Член Совета директоров МКПАО ""ЭН+ ГРУП"" в 2024 году",0,1,0,0,0,0,0,0,0,1,0,0,0,0,0,0,4,4,4,4,1,1,1,0,4
ETLN,Бузулуцкий Михаил Игоревич,"Президент АО ""ГК ""Эталон"" с апреля 2024 года; в решениях по редомициляции указан как будущий chief executive officer МКПАО ""Эталон Груп"" с даты регистрации в РФ. В отчетности Etalon Group PLC за 2024 год он не включен в действующий совет директоров PLC.",0,0,0,1,0,1,0,0,0,1,1,1,1,0,0,0,6,6,6,6,1,1,1,1,2
ETLN,Егоров Сергей Валерьевич,"Председатель Совета директоров Etalon Group PLC, директор без исполнительных полномочий",0,0,1,0,0,0,1,0,0,1,0,0,0,0,0,0,6,6,6,26,1,1,1,1,6
ETLN,Щербина Геннадий Филиппович,"Член Совета директоров Etalon Group PLC; главный исполнительный директор Etalon Group PLC в отчетности 2024; с апреля 2024 года председатель Совета директоров АО ""ГК ""Эталон""",0,0,0,1,0,0,0,1,0,1,0,0,1,0,0,0,21,21,21,26,1,1,1,1,10
ETLN,Волошин Александр Стальевич,"Независимый директор без исполнительных полномочий, член Совета директоров Etalon Group PLC",0,0,1,0,0,0,0,0,0,1,0,0,0,0,0,0,4,4,4,43,1,1,1,1,4
ETLN,Оглоблина Марина Евгеньевна,"Независимый директор без исполнительных полномочий, член Совета директоров Etalon Group PLC",0,0,0,1,0,0,0,0,0,1,0,0,1,0,0,0,6,6,6,52,1,1,1,1,6
ETLN,Пыльцов Виталий Николаевич,"Независимый директор без исполнительных полномочий, член Совета директоров Etalon Group PLC; председатель Комитета по аудиту",0,0,1,0,0,0,1,0,0,1,0,0,0,0,0,0,2,2,2,7,1,1,1,1,2
ETLN,Крифтис Андреас,"Независимый директор без исполнительных полномочий, член Совета директоров Etalon Group PLC; член Комитета по аудиту",0,1,0,0,0,0,1,0,0,1,0,0,0,0,0,0,2,2,2,17,1,1,1,1,2
EUTR,Алексеенков Олег Олегович,"Генеральный директор ПАО ""ЕвроТранс""; исполнительный директор, член Совета директоров в контексте 2024 года",0,0,0,0,1,1,1,0,0,1,0,0,0,0,0,0,34,34,34,35,1,1,1,1,6
EUTR,Мартышов Игорь Юрьевич,"Председатель Совета директоров ПАО ""ЕвроТранс"" в контексте 2024 года",0,0,1,0,0,0,0,0,1,1,0,0,0,0,0,0,3,3,3,4,1,1,1,1,3
EUTR,Алексеенков Сергей Олегович,"Член Совета директоров ПАО ""ЕвроТранс""; заместитель председателя Совета директоров в раскрытии эмитента",0,0,0,1,0,0,0,0,0,1,0,0,0,0,0,0,31,31,31,55,1,1,1,1,4
EUTR,Дорошенко Николай Николаевич,"Член Совета директоров ПАО ""ЕвроТранс""; заместитель председателя Совета директоров в раскрытии эмитента",0,0,0,1,0,0,0,0,0,0,0,0,0,0,0,0,6,6,6,39,1,1,1,1,3
EUTR,Панкратьева Наталья Михайловна,"Член Совета директоров ПАО ""ЕвроТранс""; финансовый директор ПАО ""ЕвроТранс""",0,0,1,0,0,0,0,0,0,1,0,0,0,0,0,0,7,7,7,7,1,1,1,0,7
EUTR,Шемякин Борис Олегович,"Член Совета директоров ПАО ""ЕвроТранс""",0,0,0,1,0,0,0,0,0,0,0,0,0,0,0,0,1,1,1,20,1,1,1,1,1
EUTR,Сафонов Олег Петрович,"Независимый директор, член Совета директоров ПАО ""ЕвроТранс""; председатель Комитета по аудиту",0,0,0,1,0,0,0,0,0,1,0,0,0,0,0,0,8,3,8,35,1,1,1,1,3
EUTR,Сигова Мария Викторовна,"Независимый директор, член Совета директоров ПАО ""ЕвроТранс""; член Комитета по аудиту; председатель Комитета по кадрам и вознаграждениям",0,0,0,1,0,0,0,0,0,1,,1,1,0,0,0,2,2,2,21,1,1,1,1,2
EUTR,Хазин Андрей Леонидович,"Независимый директор, член Совета директоров ПАО ""ЕвроТранс""; член Комитета по аудиту; член Комитета по кадрам и вознаграждениям",0,0,0,1,0,0,0,0,0,1,3,1,1,13,0,0,3,3,3,22,1,1,1,0,3
EUTR,Депутатов Георгий Юрьевич,"Директор по внутреннему аудиту ПАО ""ЕвроТранс""",0,0,1,0,0,0,0,0,0,1,0,0,0,0,0,0,1,1,1,4,1,1,1,1,1
FEES,Рюмин Андрей Валерьевич,"Генеральный директор, Председатель Правления ПАО ""Федеральная сетевая компания - Россети""",0,0,0,1,0,0,0,0,0,1,0,0,1,0,0,0,17,15,17,20,1,1,1,1,3
FEES,Кулишов Григорий Викторович,"CSO / заместитель Генерального директора по безопасности ПАО ""Россети""",0,0,0,0,1,0,0,0,0,0,0,0,0,0,0,0,0,0,0,0,1,1,1,1,0
FEES,Муров Андрей Евгеньевич,"Член Правления, Первый заместитель Генерального директора",0,0,0,1,0,0,0,1,1,1,0,0,0,0,0,0,15,15,15,21,1,1,1,1,11
FEES,Краинский Даниил Владимирович,"Член Правления, заместитель Генерального директора по правовому обеспечению",0,0,1,0,0,0,0,0,1,0,0,0,0,0,0,0,15,15,15,15,1,1,1,0,5
FEES,Ляпунов Евгений Викторович,"Член Правления, заместитель Генерального директора - главный инженер",0,0,1,0,0,0,0,0,0,0,0,0,0,0,0,0,17,17,17,17,1,1,1,1,5
FEES,Мольский Алексей Валерьевич,"Член Правления, заместитель Генерального директора по инвестициям и капитальному строительству",0,0,1,0,0,0,0,0,0,1,0,0,0,0,0,0,19,19,19,22,1,1,1,1,15
FEES,Полинов Алексей Александрович,"Член Правления, врио заместителя Генерального директора по стратегии",0,0,0,1,0,0,0,0,0,1,0,0,0,0,0,0,10,10,10,10,1,1,1,1,3
FEES,Харитонов Владимир Вячеславович,"Член Правления, заместитель Генерального директора - руководитель Аппарата",0,0,0,1,0,1,0,0,0,1,0,0,1,5,0,0,5,5,5,20,1,1,1,1,3
FEES,Новак Александр Валентинович,"Председатель Совета директоров ПАО ""Россети""; Заместитель Председателя Правительства Российской Федерации",0,0,1,0,0,0,0,0,0,1,0,0,0,0,0,0,2,2,2,20,1,1,1,1,0
FEES,Макаров Владимир Александрович,"Руководитель подразделения внутреннего контроля и управления рисками / директор по внутреннему контролю и управлению рисками - начальник Департамента внутреннего контроля и управления рисками ПАО ""Россети""",0,0,1,0,0,0,0,0,1,0,0,0,0,0,0,0,0,0,0,0,1,1,1,1,0
FEES,Ульянов Антон Сергеевич,"Руководитель подразделения внутреннего аудита / директор по внутреннему аудиту - начальник Департамента внутреннего аудита ПАО ""Россети""",0,0,1,0,0,0,0,0,1,1,0,0,0,0,0,0,5,5,5,10,1,1,1,1,0
FESH,Иванов Петр Валерьевич,"Президент ПАО ""ДВМП"" с 23.09.2024; Председатель Правления с 07.10.2024. Генеральный директор в 2024 году не был избран, поэтому президент рассматривается как эквивалент главного исполнительного руководителя в контексте 2024 года.",0,0,0,1,0,0,0,0,1,1,0,0,1,1,0,0,25,1,25,44,1,1,1,1,0
FESH,Плотников Юрий Олегович,"Директор ПАО ""ДВМП"" как единоличный исполнительный орган по вопросам использования и защиты сведений, составляющих государственную тайну; CSV описывает роль как директор по охране государственной тайны.",0,0,1,0,0,0,0,0,1,0,0,0,0,0,0,0,12,12,12,12,1,1,1,1,6
FIVE,Шехтерман Игорь Владимирович,Генеральный директор ПАО «Корпоративный центр ИКС 5» in the 2024 reporting context; CEO / Chief Executive Officer of X5 Group.,0,1,0,0,0,0,1,0,0,1,0,0,0,0,0,0,14,14,14,40,1,1,1,1,14
FIVE,Лобачева Екатерина Владимировна,Президент ПАО «Корпоративный центр ИКС 5» in the 2024 reporting context.,0,0,1,0,0,1,1,0,1,1,0,0,0,0,0,0,12,12,12,29,1,1,1,1,12
FIVE,Ворона Иван Николаевич,"Руководитель подразделения внутреннего аудита / Director of Internal Audit, X5 Group, in the 2024 issuer-report and CSV context.",0,0,1,0,0,1,1,0,0,1,0,0,0,0,0,0,10,10,10,13,1,1,1,0,10
FIVE,Мурашкин Андрей Игоревич,Директор по рискам ПАО «Корпоративный центр ИКС 5» in the 2024 issuer-report context; CSV describes him as head of internal control and risk management.,0,0,0,1,0,0,0,0,0,1,0,0,1,1,0,0,3,3,3,17,1,1,1,1,3
FIXP,Кирсанов Дмитрий Николаевич,"Member of the Board of Directors, CEO and Managing Director of Fix Price Group PLC in the 2024 annual-report context.",0,0,0,0,1,1,1,0,0,1,0,0,0,0,0,0,32,32,32,36,1,1,1,1,5
FIXP,Погонин Владимир Петрович,"General Director of LLC Best Price, the Russian operating subsidiary of Fix Price, from 1 July 2024. CSV labels him CEO, but local 2024 group-level documents identify Dmitry Kirsanov as Fix Price Group PLC CEO.",0,0,1,0,0,0,0,0,0,0,0,0,0,0,0,0,28,28,28,28,1,1,1,1,0
FIXP,Миронова Елена,Head of Investor Relations at Fix Price Group PLC in the 2024 annual-report context.,0,0,0,0,1,0,0,0,0,0,0,0,0,0,0,0,0,0,0,0,1,1,1,0,0
FLOT,Тонковидов Игорь Васильевич,"Генеральный директор, председатель Правления ПАО ""Совкомфлот"" в контексте 2024 года",0,0,1,0,0,0,1,0,0,1,0,0,0,0,0,0,37,37,37,37,1,1,1,1,14
FLOT,Вербо Александр Михайлович,"Заместитель генерального директора - финансовый директор ПАО ""Совкомфлот"" в контексте 2024 года",0,0,0,0,1,0,0,0,0,0,0,0,0,0,0,0,0,0,0,0,1,1,1,0,0
FLOT,Франк Сергей Оттович,"Председатель Совета директоров ПАО ""Совкомфлот"" в контексте 2024 года",0,0,0,1,0,0,0,1,1,1,0,0,0,0,0,0,29,29,29,39,1,1,1,1,22
GAZP,Миллер Алексей Борисович,"Председатель Правления ПАО ""Газпром""; заместитель Председателя Совета директоров ПАО ""Газпром""",0,0,0,1,0,0,0,0,0,1,0,0,0,0,0,0,24,24,24,29,1,1,1,0,24
GAZP,Илюхина Елена Анатольевна,"Заместитель Председателя Правления ПАО ""Газпром""; член Правления",0,0,0,1,0,0,0,0,1,1,0,0,0,0,0,0,18,18,18,38,1,1,1,1,1
GAZP,Аксютин Олег Евгеньевич,"Заместитель Председателя Правления - начальник Департамента ПАО ""Газпром""",0,0,0,1,0,0,0,0,0,0,80,0,1,0,35,0,25,25,25,25,1,1,1,1,17
GAZP,Куприянов Сергей Владимирович,"Заместитель Председателя Правления - начальник Департамента ПАО ""Газпром"" по информационной политике; член Правления",0,0,1,0,0,0,0,0,0,1,0,0,0,0,0,0,22,22,22,32,1,1,1,1,22
GAZP,Путин Михаил Евгеньевич,"Заместитель Председателя Правления ПАО ""Газпром""; член Правления",0,0,0,1,0,0,0,0,0,0,0,0,0,0,0,0,11,11,11,26,1,1,1,1,11
GAZP,Россеев Михаил Николаевич,"Заместитель Председателя Правления - главный бухгалтер ПАО ""Газпром""; член Правления",0,0,1,0,0,0,0,0,0,1,0,0,0,0,0,0,10,10,10,31,1,1,1,1,5
GAZP,Садыгов Фамил Камиль оглы,"Заместитель Председателя Правления ПАО ""Газпром""; член Правления",0,0,0,1,0,0,0,0,0,1,0,0,0,0,0,0,6,6,6,28,1,1,1,1,6
GAZP,Хомяков Сергей Федорович,"Заместитель Председателя Правления ПАО ""Газпром""; генеральный директор Филиала ПАО ""Газпром"" ""Служба корпоративной защиты ПАО ""Газпром""""; член Правления",0,0,0,1,0,0,0,0,0,1,0,0,0,0,0,0,23,23,23,25,1,1,1,1,23
GAZP,Кузнец Сергей Иванович,"Начальник Департамента ПАО ""Газпром"" по правовому обеспечению; член Правления",0,0,1,0,0,0,0,0,1,0,0,0,0,0,0,0,24,24,24,31,1,1,1,0,24
GAZP,Марков Владимир Константинович,"Начальник Департамента ПАО ""Газпром"" по взаимодействию с органами власти Российской Федерации; член Правления",0,0,0,1,0,0,0,0,1,1,0,0,0,0,0,0,13,13,13,23,1,1,1,0,13
GAZP,Меньшиков Сергей Николаевич,"Начальник Департамента ПАО ""Газпром"" по разведке и добыче углеводородов; член Правления",0,0,0,1,0,0,0,0,0,1,0,0,0,0,0,0,26,26,26,26,1,1,1,1,6
GAZP,Михаленко Вячеслав Александрович,"Начальник Департамента ПАО ""Газпром"" по транспортировке и подземному хранению газа; член Правления",0,0,0,1,0,0,0,0,0,0,0,0,0,0,0,0,41,41,41,41,1,1,1,1,10
GAZP,Симдякин Вадим Михайлович,"Начальник Департамента ПАО ""Газпром"" по реализации углеводородов и продуктов их переработки на внутреннем рынке, электроэнергетике, теплоэнергетике, развитию газоснабжения и газификации; член Правления",0,0,1,0,0,0,0,0,0,0,0,0,0,0,0,0,34,34,34,34,1,1,1,1,2
GAZP,Зубков Виктор Алексеевич,"Председатель Совета директоров ПАО ""Газпром""; неисполнительный директор",0,0,0,1,0,0,0,0,0,1,0,0,0,0,0,0,17,17,17,30,1,1,1,0,17
GAZP,Мантуров Денис Валентинович,"Член Совета директоров ПАО ""Газпром""; неисполнительный директор",0,0,0,1,0,0,0,1,1,1,0,0,1,0,0,0,8,8,8,27,1,1,1,1,8
GAZP,Маркелов Виталий Анатольевич,"Член Совета директоров ПАО ""Газпром""; заместитель Председателя Правления - начальник Департамента ПАО ""Газпром""; член Правления",0,0,0,1,0,0,0,0,0,0,0,0,0,0,0,0,38,38,38,38,1,1,1,1,13
GAZP,Акимов Андрей Игоревич,"Член Совета директоров ПАО ""Газпром""; неисполнительный директор",0,0,1,0,0,0,0,0,0,1,0,0,0,0,0,0,14,14,14,54,1,1,1,1,14
GAZP,Мартынов Виктор Георгиевич,"Старший независимый директор ПАО ""Газпром""; член Совета директоров",0,0,0,1,0,0,0,0,0,1,210,1,1,0,3,1,12,12,12,51,1,1,1,0,12
GAZP,Максимцев Игорь Анатольевич,"Независимый директор ПАО ""Газпром""; член Совета директоров",0,0,0,1,0,0,0,0,0,1,160,1,1,0,0,0,2,2,2,31,1,1,1,0,2
GAZP,Середа Михаил Леонидович,"Член Совета директоров ПАО ""Газпром""; неисполнительный директор; первый заместитель генерального директора ООО ""Газпром экспорт""; генеральный директор ООО ""Газпром трейдинг""",0,0,1,0,0,1,0,0,0,1,0,0,0,0,0,0,29,29,29,32,1,1,1,1,21
GAZP,Новак Александр Валентинович,"Член Совета директоров ПАО ""Газпром""; неисполнительный директор",0,0,1,0,0,0,0,0,0,1,0,0,0,0,0,0,6,6,6,49,1,1,1,1,6
GAZP,Патрушев Дмитрий Николаевич,"Член Совета директоров ПАО ""Газпром""; неисполнительный директор",0,0,0,1,0,0,0,0,0,1,0,0,1,0,0,0,3,3,3,27,1,1,1,1,3
GEMC,Яновский Андрей Владимирович,Генеральный директор МКПАО ЮМГ; член совета директоров,0,0,1,0,0,1,1,0,0,1,0,0,0,0,0,0,9,9,9,37,1,1,1,1,2
GEMC,Минаков Георгий Викторович,Руководитель подразделения внутреннего аудита,0,0,0,0,1,0,0,0,0,0,0,0,0,0,0,0,0,0,0,0,1,1,1,0,0
GEMC,Шмелев Дмитрий Сергеевич,Финансовый директор; председатель совета директоров,0,0,0,0,1,0,0,0,0,0,0,0,0,0,0,0,0,0,0,0,1,1,1,0,0
GEMC,Вольский Владислав Михайлович,Независимый член совета директоров,0,0,0,0,1,0,0,0,0,0,0,0,0,0,0,0,1,1,1,1,1,1,1,0,1
GEMC,Тронин Андрей Владимирович,Независимый член совета директоров,0,0,0,0,1,0,0,0,0,0,0,0,0,0,0,0,1,1,1,1,1,1,1,0,1
GEMC,Лобанов Олег Валентинович,Независимый член совета директоров,0,0,0,0,1,0,0,0,0,0,0,0,0,0,0,0,1,1,1,1,1,1,1,0,1
GLTR,Газизов Антон / Anton Gazizov,Managing Director; Executive Director and member of the Board of Directors in the 2024 governance period,0,1,0,0,0,1,1,0,0,1,0,0,0,0,0,0,1,1,1,1,1,1,1,1,1
GLTR,Джафар Борхан / Jaafar Borhan Jaafar,Senior Independent Non-Executive Director; Chair of Nomination and Remuneration Committees; ESG Committee member,0,1,0,0,0,0,1,0,0,1,0,0,0,0,0,0,3,1,1,3,1,1,1,1,1
GLTR,Жуслен Хейраллах / Jouslin Khairallah,"Independent Non-Executive Director; ESG Committee Chair; Audit, Remuneration and Nomination Committee member in local 2024 board list",0,1,0,0,0,0,1,0,1,0,0,0,0,0,0,0,16,1,1,19,1,1,1,1,1
GLTR,Абдулла Белобайда / Abdulla Belobaida,Independent Non-Executive Director; Audit Committee Chair; Nomination and Remuneration Committee member,0,0,0,0,1,0,0,0,0,0,0,0,0,0,0,0,1,1,1,1,1,1,1,1,1
GLTR,Абдултайаб Бахрейнвала / Dr. Abdultaiyab Bahrainwala,Non-executive Director,0,0,0,1,0,0,1,0,1,1,0,0,0,0,0,0,1,1,1,1,1,1,1,1,1
GLTR,Альбина Амангельдинова / Albina Amangeldinova,Non-Executive Director,0,0,1,0,0,0,1,0,1,1,0,0,0,0,0,0,15,15,15,15,1,1,1,1,1
GLTR,Ержан Ниязалиев / Yerzhan Niyazaliyev,Chairman of the Board of Directors; Executive Director,0,0,1,0,0,0,1,0,1,0,0,0,0,0,0,0,1,1,1,8,1,1,1,1,1
GLTR,Кайрат Итемгенов / Kairat Itemgenov,Executive Director; Chief Strategy Officer and shareholder in official biography,0,0,1,0,0,0,1,0,1,0,0,0,0,0,0,0,1,1,1,1,1,1,1,1,1
GLTR,Сторожев Александр Валентинович / Alexander Storozhev,Executive Director; Chief Procurement Officer,0,0,1,0,0,0,1,0,0,1,0,0,0,0,0,0,12,12,12,12,1,1,1,1,12
GLTR,Вячеслав Станиславский / Viacheslav Stanislavskiy,Executive Director; Head of Operations,0,0,1,0,0,0,0,0,0,0,0,0,0,0,0,0,16,16,16,16,1,1,1,1,1
GLTR,Руслан Изатов / Ruslan Izatov,Non-executive Director; Audit Committee member from 27 August 2024,0,0,0,0,1,0,1,0,0,1,0,0,0,0,0,0,1,1,1,3,1,1,1,1,1
GLTR,Стефан Хенрих / Stefan Henrich,Non-executive Director,0,0,1,0,0,0,1,0,1,1,0,0,0,0,0,0,1,1,1,1,1,1,1,0,1
GLTR,Юсеф Абу Лабан / Yousef Abu Laban,Non-executive Director,0,1,0,0,0,0,1,0,0,0,0,0,0,0,0,0,1,1,1,1,1,1,1,1,1
GMKN,Потанин Владимир Олегович,"Президент, председатель Правления ПАО «ГМК «Норильский никель»",0,0,1,0,0,0,0,0,0,1,0,0,0,0,0,0,15,15,15,47,1,1,1,1,15
HEAD,Сергиенков Дмитрий Сергеевич,"Генеральный директор МКПАО ""Хэдхантер""; член Совета директоров МКПАО ""Хэдхантер""",0,0,1,0,0,0,0,0,0,1,0,0,0,0,0,0,6,6,6,14,1,1,1,1,4
HEAD,Арсеньев Сергей Станиславович,"Член Совета директоров МКПАО ""Хэдхантер""",0,1,0,0,0,0,1,0,0,1,0,0,0,0,0,0,2,2,2,8,1,1,1,1,0
HEAD,Байцур Антон Григорьевич,"Член Совета директоров МКПАО ""Хэдхантер""",0,1,0,0,0,0,0,0,0,1,0,0,0,0,0,0,1,1,1,11,1,1,1,1,0
HEAD,Дуглас Гарднер,"Член Совета директоров МКПАО ""Хэдхантер""",0,1,0,0,0,0,1,0,0,1,0,0,0,0,0,0,3,3,3,20,1,1,1,1,0
HEAD,Григорьев Дмитрий Константинович,"Член Совета директоров МКПАО ""Хэдхантер""",0,0,1,0,0,0,0,0,0,0,0,0,0,0,0,0,1,1,1,9,1,1,1,1,0
HEAD,Крюков Дмитрий Викторович,"Председатель Совета директоров МКПАО ""Хэдхантер""",0,0,1,0,0,0,0,0,0,0,0,0,0,0,0,0,6,6,6,32,1,1,1,1,0
HEAD,Машков Валентин Сергеевич,"Член Совета директоров МКПАО ""Хэдхантер""",0,1,0,0,0,0,0,0,0,1,0,0,0,0,0,0,5,5,5,18,1,1,1,1,0
HEAD,Ушакова Светлана Александровна,"Член Совета директоров МКПАО ""Хэдхантер""",0,0,1,0,0,0,1,0,0,1,0,0,0,0,0,0,2,2,2,23,1,1,1,1,0
HEAD,Филатова Ольга Геннадьевна,"Член Совета директоров МКПАО ""Хэдхантер""",0,0,1,0,0,1,1,0,0,1,0,0,1,0,0,0,6,6,6,30,1,1,1,1,0
HNFG,Мелконян Гагик Аршавирович,"Генеральный директор ПАО ""ЭЙЧ ЭФ ДЖИ"" с 15.07.2022; исполнительный директор и член Совета директоров на 31.12.2024",0,0,1,0,0,0,0,0,0,0,0,0,0,0,0,0,9,9,9,9,1,1,1,0,6
HNFG,Арутюнян Рубен Альбертович,"Председатель Совета директоров ПАО ""ЭЙЧ ЭФ ДЖИ""; неисполнительный директор на 31.12.2024; основатель и президент Дома моды HENDERSON",0,0,1,0,0,1,0,0,0,1,0,0,0,0,0,0,33,33,33,37,1,1,1,1,1
HNFG,Адамян Амаяк Степаевич,"Неисполнительный директор ПАО ""ЭЙЧ ЭФ ДЖИ"" на 31.12.2024",0,0,1,0,0,0,0,0,0,0,0,0,0,0,0,0,6,6,6,6,1,1,1,1,2
HNFG,Глазов Василий Владимирович,"Неисполнительный директор ПАО ""ЭЙЧ ЭФ ДЖИ"" на 31.12.2024",0,0,1,0,0,0,0,0,1,0,0,0,0,0,0,0,6,6,6,7,1,1,1,1,3
HNFG,Золотарева Светлана Сергеевна,"Независимый директор ПАО ""ЭЙЧ ЭФ ДЖИ""; член Комитета по аудиту и рискам; член Комитета по вознаграждениям и номинациям на 31.12.2024",0,0,0,0,1,0,0,0,0,0,0,0,0,0,0,0,1,1,1,1,1,1,1,0,1
HNFG,Киреев Михаил Сергеевич,"Независимый директор ПАО ""ЭЙЧ ЭФ ДЖИ""; член Комитета по аудиту и рискам; член Комитета по вознаграждениям и номинациям на 31.12.2024",0,0,0,0,1,0,0,0,0,0,0,0,0,0,0,0,1,1,1,1,1,1,1,0,1
HNFG,Коршунова Анна Сергеевна,"Неисполнительный директор ПАО ""ЭЙЧ ЭФ ДЖИ"" на 31.12.2024",0,0,1,0,0,0,0,0,0,1,0,0,0,0,0,0,9,9,9,9,1,1,1,1,3
HNFG,Мороз Александр Евгеньевич,"Неисполнительный директор ПАО ""ЭЙЧ ЭФ ДЖИ"" на 31.12.2024",0,0,1,0,0,0,1,0,0,1,0,0,0,0,0,0,2,2,2,2,1,1,1,0,2
HNFG,Нахапетян Гор Борисович,"Независимый директор ПАО ""ЭЙЧ ЭФ ДЖИ""; председатель Комитета по вознаграждениям и номинациям; член Комитета по аудиту и рискам на 31.12.2024",0,0,1,0,0,0,1,0,0,1,0,0,0,0,0,0,10,2,2,25,1,1,1,1,2
HNFG,Рихтер Пауль,"Неисполнительный директор ПАО ""ЭЙЧ ЭФ ДЖИ"" на 31.12.2024",0,0,0,0,1,1,1,0,0,1,0,0,0,0,0,0,6,6,6,6,1,1,1,1,2
HNFG,Саркисян Акоп Гургенович,"Независимый директор ПАО ""ЭЙЧ ЭФ ДЖИ""; председатель Комитета по аудиту и рискам; член Комитета по вознаграждениям и номинациям на 31.12.2024",0,0,1,0,0,0,0,0,0,0,0,0,0,0,0,0,2,2,2,7,1,1,1,1,2
HYDR,Хмарин Виктор Викторович,"Председатель Правления - Генеральный директор ПАО ""РусГидро""",0,0,0,1,0,0,0,0,1,0,0,0,0,0,0,0,11,11,11,13,1,1,1,1,11
HYDR,Панин Виктор Евгеньевич,"Член СД по CSV; в проверенных источниках подтвержден как председатель Совета директоров АО ""РусГидро ОЦО"" и сотрудник ПАО ""РусГидро""",0,0,0,0,1,0,0,0,0,0,0,0,0,0,0,0,0,0,0,0,1,1,1,1,0
HYDR,Исаков Александр Юрьевич,"Член СД по CSV; подтвержден как заместитель директора Департамента корпоративного управления ПАО ""РусГидро"" и член Совета директоров ПАО ""Сахалинэнерго""",0,0,0,0,1,0,0,0,0,0,0,0,0,0,0,0,1,0,1,1,1,1,1,1,0
HYDR,Недотко Вадим Владиславович,"Член СД по CSV; подтвержден как директор Департамента экономического планирования и инвестиционных программ ПАО ""РусГидро"" и член советов директоров дочерних обществ",0,0,0,0,1,0,0,0,0,0,0,0,0,0,0,0,2,0,2,2,1,1,1,1,0
HYDR,Евграфова Елена Олеговна,"Член СД по CSV; в проверенных источниках подтверждена как член Совета директоров АО ""РусГидро ОЦО"" и сотрудник ПАО ""РусГидро""",0,0,0,0,1,0,0,0,0,0,0,0,0,0,0,0,0,0,0,0,1,1,1,1,0
HYDR,Финкель Дмитрий Владимирович,"Член СД по CSV; подтвержден как генеральный директор АО ""РусГидро ОЦО"" и член Совета директоров АО ""РусГидро ОЦО""",0,0,1,0,0,0,0,0,0,0,0,0,0,0,0,0,19,10,19,25,1,1,1,1,10
IRAO,Дрегваль Сергей Георгиевич,"Генеральный директор ПАО ""Интер РАО""; Председатель Правления с 15.03.2024. CSV также указывает ""Член СД"", но годовой отчет 2024 не подтверждает членство в Совете директоров на 31.12.2024.",0,0,1,0,0,0,1,0,0,0,0,0,0,0,0,0,9,9,9,15,1,1,1,1,2
IRAO,Бугров Андрей Евгеньевич,"Независимый директор ПАО ""Интер РАО""; председатель Комитета по аудиту и устойчивому развитию; член Комитета по номинациям и вознаграждениям",0,0,0,1,0,0,0,0,0,1,0,0,0,0,0,0,3,3,3,28,1,1,1,1,3
IRAO,Быстров Максим Сергеевич,"Независимый директор ПАО ""Интер РАО""; член комитетов Совета директоров",0,0,1,0,0,0,0,1,0,1,0,0,0,0,0,0,3,3,3,14,1,1,1,1,3
IRAO,Гавриленко Анатолий Анатольевич,"Неисполнительный директор ПАО ""Интер РАО""",0,0,1,0,0,0,0,0,1,1,0,0,0,0,0,0,10,10,10,22,1,1,1,1,10
IRAO,Локшин Александр Маркович,"Неисполнительный директор ПАО ""Интер РАО""",0,0,1,0,0,0,0,0,0,0,0,0,0,0,0,0,3,3,3,24,1,1,1,1,3
IRAO,Миловидов Владимир Дмитриевич,"Старший независимый директор ПАО ""Интер РАО""; председатель Комитета по номинациям и вознаграждениям; член комитетов Совета директоров",0,0,0,1,0,0,0,0,0,1,0,0,1,15,0,0,4,4,4,26,1,1,1,1,4
IRAO,Муров Андрей Евгеньевич,"Неисполнительный директор ПАО ""Интер РАО""",0,0,0,1,0,0,0,1,1,1,0,0,0,0,0,0,18,18,18,24,1,1,1,1,2
IRAO,Опадчий Фёдор Юрьевич,"Независимый директор ПАО ""Интер РАО""; член комитетов Совета директоров",0,0,1,0,0,0,0,1,0,1,0,0,0,0,0,0,15,15,15,20,1,1,1,1,3
IRAO,Сечин Игорь Иванович,"Председатель Совета директоров ПАО ""Интер РАО""; неисполнительный директор",0,0,0,1,0,0,0,0,0,1,0,0,0,0,0,0,12,12,12,14,1,1,1,1,12
IRAO,Федоров Денис Владимирович,"Неисполнительный директор ПАО ""Интер РАО""",0,0,0,1,0,0,0,0,0,1,0,0,0,0,0,0,32,2,32,35,1,1,1,1,2
IRAO,Шугаев Дмитрий Евгеньевич,"Заместитель Председателя Совета директоров ПАО ""Интер РАО""; неисполнительный директор",0,0,0,1,0,0,0,0,0,1,0,0,0,0,0,0,7,7,7,15,1,1,1,0,7
IVAT,Иодковский Станислав Эрикович,"Генеральный директор ПАО ""ИВА"" с 9 апреля 2024 года; исполнительный директор и член Совета директоров в 2024 году.",0,0,1,0,0,0,0,0,0,1,0,0,0,0,0,0,13,4,13,13,1,1,1,1,0
IVAT,Зокин Андрей Александрович,"Крупный акционер ПАО ""ИВА"" в 2024 году; роль члена Совета директоров из CSV не подтверждена официальными источниками за 2024 год.",0,0,0,1,0,0,0,0,0,1,0,0,1,0,0,0,1,1,1,23,1,1,1,1,1
IVAT,Терентьев Евгений Викторович,"Неисполнительный директор ПАО ""ИВА""; советник генерального директора по искусственному интеллекту.",0,1,0,0,0,0,0,0,0,1,0,0,0,0,0,0,2,2,2,2,1,1,1,0,0
IVAT,Черных Сергей Дмитриевич,"Неисполнительный директор / член Совета директоров ПАО ""ИВА"" в 2024 году.",0,1,0,0,0,0,0,0,0,0,0,0,0,0,0,0,8,1,8,9,1,1,1,1,1
IVAT,Петров Виктор Александрович,"Исполнительный директор / член Совета директоров ПАО ""ИВА""; заместитель генерального директора по исследованиям и разработкам.",0,0,0,0,1,0,0,0,0,0,0,0,0,0,0,0,9,9,9,9,1,1,1,1,0
IVAT,Смирнов Максим Сергеевич,"Исполнительный директор / член Совета директоров ПАО ""ИВА""; заместитель генерального директора по коммерческим вопросам.",0,1,0,0,0,0,0,0,1,0,0,0,0,0,0,0,8,8,8,8,1,1,1,1,0
IVAT,Батыров Ренат Рафикович,"Независимый директор ПАО ""ИВА""; член Комитета по аудиту и Комитета по вознаграждениям и номинациям.",0,0,0,0,1,0,0,0,1,1,0,0,0,0,0,0,1,1,1,17,1,1,1,1,1
IVAT,Манойло Андрей Федорович,"Независимый директор ПАО ""ИВА""; председатель Комитета по аудиту, член Комитета по вознаграждениям и номинациям.",0,0,1,0,0,0,0,0,0,0,0,0,0,0,0,0,1,1,1,9,1,1,1,1,1
IVAT,Смирнов Павел Игоревич,"Связь с ПАО ""ИВА"" как членом Совета директоров в 2024 году не подтверждена; официальные материалы 2025 года включают его в список кандидатов и проект состава Совета директоров.",0,0,0,1,0,1,0,0,0,1,2,1,1,11,0,0,17,13,13,24,1,1,1,1,0
KAZT,Герасименко Александр Викторович,"Генеральный директор ПАО ""КуйбышевАзот"" в контексте 2024 года",0,0,1,0,0,1,1,0,0,1,0,0,0,0,0,0,29,29,29,29,1,1,1,0,29
KAZT,Аникушин Сергей Александрович,"Член совета директоров ПАО ""КуйбышевАзот""; в годовом отчете 2024 занимаемая должность указана как отсутствующая",0,0,1,0,0,0,0,0,0,1,0,0,0,0,0,0,12,12,12,12,1,1,1,0,12
KAZT,Ардамаков Сергей Витальевич,"Член совета директоров ПАО ""КуйбышевАзот""; в годовом отчете 2024 занимаемая должность указана как отсутствующая",0,0,1,0,0,0,0,0,0,0,0,0,1,23,1,1,69,69,69,69,1,1,1,0,69
KAZT,Бобровский Сергей Викторович,"Член совета директоров и заместитель председателя совета директоров ПАО ""КуйбышевАзот""; советник по корпоративным отношениям",0,0,1,0,0,0,0,0,0,0,0,0,0,0,0,0,32,32,32,32,1,1,1,1,32
KAZT,Былинин Андрей Николаевич,"Член совета директоров и коммерческий директор ПАО ""КуйбышевАзот"" в контексте 2024 года",0,0,1,0,0,0,0,0,0,0,0,0,0,0,0,0,40,40,40,40,1,1,1,1,40
KAZT,Герасименко Виктор Иванович,"Член совета директоров, председатель совета директоров ПАО ""КуйбышевАзот"" в 2024 году; советник по работе группы компаний",0,0,1,0,0,0,0,0,0,1,0,0,0,0,1,1,54,54,54,54,1,1,1,1,54
KAZT,Кудашев Виктор Николаевич,"Член совета директоров и главный бухгалтер ПАО ""КуйбышевАзот""",0,0,1,0,0,0,0,0,0,1,0,0,0,0,0,0,25,25,25,25,1,1,1,0,25
KAZT,Кудрявцев Виктор Петрович,"Член совета директоров ПАО ""КуйбышевАзот""; директор ООО ""КуйбышевАзот-плюс""",0,0,1,0,0,0,0,0,0,0,0,0,0,0,0,0,32,32,32,32,1,1,1,1,32
KAZT,Огарков Анатолий Аркадьевич,"Член совета директоров и советник ПАО ""КуйбышевАзот""",0,0,1,0,0,0,0,0,0,0,0,0,1,0,1,1,80,80,80,80,1,1,1,1,80
KAZT,Рачин Константин Геннадьевич,"Член совета директоров ПАО ""КуйбышевАзот""; в годовом отчете 2024 занимаемая должность указана как отсутствующая",0,0,1,0,0,0,1,0,0,1,0,0,0,0,0,0,32,32,32,32,1,1,1,0,32
KAZT,Рыбкин Дмитрий Васильевич,"Член совета директоров и директор по маркетингу и стратегическому планированию ПАО ""КуйбышевАзот""",0,0,1,0,0,0,0,0,0,1,0,0,0,0,0,0,39,39,39,39,1,1,1,1,39
KAZT,Туманов Сергей Александрович,"Член совета директоров и председатель первичной профсоюзной организации ПАО ""КуйбышевАзот""",0,0,1,0,0,0,0,0,1,1,0,0,0,0,0,0,12,12,12,12,1,1,1,0,12
KAZT,Шульженко Юрий Григорьевич,"Член совета директоров и советник ПАО ""КуйбышевАзот""",0,0,1,0,0,0,0,0,0,0,0,0,0,0,0,0,32,32,32,32,1,1,1,1,32
KZOS,Сафин Айрат Фоатович,"Генеральный директор ПАО ""Казаньоргсинтез"" в контексте 2024 года",0,0,1,0,0,0,0,0,0,1,1,1,0,0,1,1,32,32,32,42,1,1,1,1,20
LEAS,Мизюра Сергей Николаевич,"Генеральный директор ПАО ""ЛК ""Европлан"" (подтверждено в контексте 2024 года)",0,0,1,0,0,1,0,0,0,1,0,0,0,0,0,0,22,22,22,22,1,1,1,0,22
LENT,Сорокин Владимир Леонидович,"Генеральный директор МКПАО ""Лента"" / Группы компаний ""Лента""",0,0,1,0,0,0,0,0,0,1,0,0,0,0,0,0,28,17,17,46,1,1,1,1,6
LKOH,Кочкуров Сергей Алексеевич,"В 2024 году: вице-президент по добыче нефти и газа в России ПАО ""ЛУКОЙЛ""; с января 2025 года: главный исполнительный директор ПАО ""ЛУКОЙЛ"". CSV указывает роль ""Генеральный директор"", но открытые источники относят назначение на эту должность к январю 2025 года.",0,0,1,0,0,0,0,0,0,1,0,0,0,0,3,1,53,53,53,59,1,1,1,1,7
LSNGP,Кузьмин Игорь Анатольевич,"Генеральный директор ПАО ""Россети Ленэнерго""; Председатель Правления; член Совета директоров в контексте 2024 года",0,0,1,0,0,1,0,1,0,1,0,0,0,0,0,0,16,16,16,16,1,1,1,0,16
LSNGP,Рюмин Андрей Валерьевич,"Член Совета директоров ПАО ""Россети Ленэнерго""; Генеральный директор, Председатель Правления ПАО ""Россети""",0,0,0,1,0,0,0,0,0,1,0,0,1,0,0,0,14,14,14,14,1,1,1,1,8
LSNGP,Пикин Сергей Сергеевич,"Член Совета директоров ПАО ""Россети Ленэнерго""; независимый директор; директор Фонда энергетического развития",0,0,1,0,0,0,0,0,0,1,0,0,0,0,0,0,8,8,8,19,1,1,1,1,8
LSNGP,Мольский Алексей Валерьевич,"Член Совета директоров ПАО ""Россети Ленэнерго""; Заместитель Генерального директора по инвестициям и капитальному строительству ПАО ""Россети""",0,0,1,0,0,0,0,0,0,1,0,0,0,0,0,0,16,16,16,16,1,1,1,1,3
LSNGP,Ляпунов Евгений Викторович,"Член Совета директоров ПАО ""Россети Ленэнерго""; Заместитель Генерального директора - главный инженер ПАО ""Россети""",0,0,1,0,0,0,0,0,0,0,0,0,0,0,0,0,10,10,10,10,1,1,1,1,3
LSNGP,Полинов Алексей Александрович,"Член Совета директоров ПАО ""Россети Ленэнерго""; Главный советник, Врио заместителя Генерального директора по стратегии ПАО ""Россети""",0,0,0,1,0,0,0,0,0,1,0,0,1,0,0,0,12,12,12,12,1,1,1,1,6
LSNGP,Краинский Даниил Владимирович,"Член Совета директоров и член Правления ПАО ""Россети Ленэнерго""; Заместитель Генерального директора по правовому обеспечению ПАО ""Россети""",0,0,1,0,0,0,0,0,1,0,0,0,0,0,0,0,15,15,15,15,1,1,1,1,3
LSNGP,Протасов Станислав Дмитриевич,"Член Совета директоров ПАО ""Россети Ленэнерго""; Председатель Комитета по энергетике и инженерному обеспечению Санкт-Петербурга в 2024 году",0,0,1,0,0,0,0,0,0,1,0,0,0,0,0,0,7,3,7,10,1,1,1,1,3
LSNGP,Мельникова Светлана Анатольевна,"Член Совета директоров ПАО ""Россети Ленэнерго""; Заместитель председателя Комитета по энергетике и инженерному обеспечению Санкт-Петербурга",0,0,1,0,0,0,0,1,0,1,0,0,0,0,0,0,9,9,9,16,1,1,1,1,9
LSNGP,Денисов Игорь Вадимович,"Член Совета директоров ПАО ""Россети Ленэнерго""; Заместитель председателя Комитета по энергетике и инженерному обеспечению Санкт-Петербурга",0,0,1,0,0,0,0,0,0,1,0,0,0,0,0,0,1,1,1,8,1,1,1,1,1
LSNGP,Котвицкий Константин Валерьевич,"Член Совета директоров ПАО ""Россети Ленэнерго""; Заместитель председателя Комитета по энергетике и инженерному обеспечению Санкт-Петербурга",0,0,1,0,0,0,0,0,0,0,0,0,0,0,0,0,2,2,2,10,1,1,1,1,2
LSNGP,Кутыева Екатерина Валерьевна,CSV role: Член Совета директоров; в годовом отчете за 2024 год членство в Совете директоров на 31.12.2024 не подтверждено; подтверждена как заместитель председателя Комитета имущественных отношений Санкт-Петербурга и как кандидат/избранный член Совета директоров на собрании 2025 года,0,0,0,0,1,0,0,0,0,0,0,0,0,0,0,0,0,0,0,25,0,0,0,1,0
LSNGP,Казаев Владимир Александрович,"Член Совета директоров ПАО ""Россети Ленэнерго""; Начальник аппарата вице-губернатора Санкт-Петербурга (Кропачева С.Н.)",0,0,1,0,0,0,0,0,1,0,0,0,0,0,0,0,1,1,1,9,1,1,1,0,1
LSRG,Кутузов Дмитрий Владимирович,"Генеральный директор, председатель Правления, член Совета директоров ПАО ""Группа ЛСР"" в контексте 2024 года",0,0,1,0,0,0,0,0,0,1,0,0,0,0,0,0,36,36,36,36,1,1,1,0,36
LSRG,Волчецкая Галина Александровна,"Член Совета директоров ПАО ""Группа ЛСР"" в контексте 2024 года; исполнительный директор и член Правления ""Группы ЛСР""",0,0,0,1,0,0,0,0,1,0,0,0,1,1,0,0,29,29,29,50,1,1,1,1,25
LSRG,Игнатенко Виталий Никитич,"Член Совета директоров, независимый директор ПАО ""Группа ЛСР"" в контексте 2024 года",0,0,1,0,0,0,0,0,0,0,0,0,0,0,0,0,4,4,4,80,1,1,1,1,4
LSRG,Кудимов Юрий Александрович,"Член Совета директоров, независимый директор ПАО ""Группа ЛСР"" в контексте 2024 года",0,0,1,0,0,1,1,0,0,1,0,0,0,0,0,0,3,3,3,33,1,1,1,1,3
LSRG,Левит Игорь Михайлович,"Член Совета директоров ПАО ""Группа ЛСР"" в контексте 2024 года; первый заместитель генерального директора и член Правления ""Группы ЛСР""",0,0,0,1,0,0,0,0,0,0,0,0,0,0,0,0,34,34,34,52,1,1,1,1,34
LSRG,Молчанов Егор Андреевич,"Член Совета директоров ПАО ""Группа ЛСР"" в контексте 2024 года; первый заместитель генерального директора по экономике и внешнеэкономической деятельности, член Правления",0,1,0,0,0,0,1,1,0,0,0,0,0,0,0,0,17,17,17,18,1,1,1,1,9
LSRG,Осипов Юрий Сергеевич,"Председатель Совета директоров, независимый директор ПАО ""Группа ЛСР"" в контексте 2024 года",0,0,0,1,0,0,0,0,0,0,0,0,1,56,0,0,5,5,5,86,1,1,1,1,5
LSRG,Шадрина Любовь Викторовна,"Член Совета директоров ПАО ""Группа ЛСР"" в контексте 2024 года; руководитель Представительства ""Группы ЛСР"" в Москве",0,0,1,0,0,0,0,0,0,0,0,0,0,0,0,0,34,34,34,40,1,1,1,1,16
LSRG,Яковлев Владимир Анатольевич,"Член Совета директоров, независимый директор ПАО ""Группа ЛСР"" в контексте 2024 года",0,0,0,1,0,0,0,0,0,1,0,0,0,0,0,0,1,1,1,96,1,1,1,1,1
MAGN,Шиляев Павел Владимирович,"Генеральный директор, член Совета директоров ПАО ""ММК""",0,0,0,1,0,0,1,0,0,0,0,0,1,1,0,0,4,4,4,13,1,1,1,1,4
MAGN,Рашников Виктор Филиппович,"Председатель Совета директоров ПАО ""ММК""; член Совета директоров по CSV",0,0,0,1,0,0,0,0,0,0,0,0,1,1,0,0,13,13,13,35,1,1,1,1,13
MAGN,Еремин Андрей Анатольевич,"Член Совета директоров ПАО ""ММК""",0,0,1,0,0,1,0,0,0,1,0,0,0,0,0,0,6,6,6,11,1,1,1,1,6
MAGN,Исмаилов Рашид Рустам оглы,"Член Совета директоров ПАО ""ММК""",0,0,1,0,0,0,0,0,0,0,0,0,0,0,0,0,4,4,4,13,1,1,1,1,4
MAGN,Марцинович Валерий Ярославович,"Член Совета директоров ПАО ""ММК""",0,0,1,0,0,0,1,0,0,1,0,0,0,0,0,0,3,3,3,12,1,1,1,1,3
MAGN,Морган Ральф Таваколян,"Член Совета директоров ПАО ""ММК""",0,0,1,0,0,0,1,0,1,1,0,0,0,0,0,0,2,2,2,14,1,1,1,1,2
MAGN,Наумова Ольга Валерьевна,"Член Совета директоров ПАО ""ММК""",0,0,1,0,0,0,0,0,0,1,0,0,0,0,0,0,12,12,12,49,1,1,1,1,4
MAGN,Осеевский Михаил Эдуардович,"Член Совета директоров ПАО ""ММК""",0,0,0,1,0,0,0,0,0,1,0,0,0,0,0,0,4,4,4,11,1,1,1,1,4
MAGN,Рашникова Ольга Викторовна,"Член Совета директоров ПАО ""ММК""",0,1,0,0,0,1,1,0,0,1,0,0,0,0,0,0,14,14,14,24,1,1,1,1,14
MAGN,Ушаков Сергей Николаевич,"Член Совета директоров ПАО ""ММК""",0,0,0,1,0,0,0,0,0,0,0,0,1,1,0,0,17,17,17,17,1,1,1,0,17
MBNK,Иссопов Эдуард Александрович,"Председатель Правления ПАО ""МТС-Банк"" с 3 декабря 2024 года",0,0,1,0,0,1,1,0,0,1,0,0,0,0,0,0,41,41,41,41,1,1,1,1,13
MDMG,Курцер Марк Аркадьевич,"Генеральный директор; член Совета директоров, исполнительный директор",0,0,0,1,0,0,0,0,0,0,1,1,1,0,6,0,19,19,19,39,1,1,1,1,0
MDMG,Калугин Сергей Борисович,Член Совета директоров; старший независимый директор; председатель Комитета по вознаграждениям,0,0,1,0,0,0,0,0,0,1,0,0,0,0,0,0,3,3,3,10,1,1,1,1,3
MDMG,Кудимов Юрий Александрович,Член Совета директоров; независимый директор; член Комитета по кадрам,0,0,1,0,0,1,1,0,0,1,0,0,0,0,0,0,2,2,2,23,1,1,1,1,2
MDMG,Лукина Татьяна Борисовна,Член Совета директоров; независимый директор; председатель Комитета по аудиту,0,0,0,1,0,0,0,0,0,1,0,0,0,0,0,0,4,4,4,17,1,1,1,1,4
MDMG,Меклер Владимир Александрович,Председатель Совета директоров; независимый директор; председатель Комитета по кадрам,0,0,1,0,0,0,0,0,1,0,0,0,0,0,0,0,10,10,10,46,1,1,1,1,10
MDMG,Устименко Виталий Александрович,Член Совета директоров; независимый директор; член Комитета по аудиту,0,0,0,1,0,0,0,0,0,1,0,0,0,0,0,0,13,13,13,13,1,1,1,1,0
MGNT,Евгений Сергеевич Случевский,Генеральный директор ПАО «Магнит»,0,0,1,0,0,0,0,0,0,0,0,0,0,0,0,0,12,4,4,18,1,1,1,1,4
MGNT,Дмитрий Анатольевич Иванов,Главный финансовый директор АО «Тандер»; член Правления ПАО «Магнит»,0,0,1,0,0,0,0,0,0,1,0,0,0,0,0,0,10,10,10,10,1,1,1,1,2
MGNT,Юрий Мисник,Директор по цифровым технологиям; член Правления ПАО «Магнит»,0,0,1,0,0,0,1,0,0,0,0,0,0,0,0,0,4,4,4,18,1,1,1,1,4
MGNT,Андрей Юрьевич Бодров,Директор по стратегии и инвестициям; член Правления ПАО «Магнит»,0,0,1,0,0,0,0,0,1,0,0,0,0,0,0,0,10,10,10,10,1,1,1,1,0
MGNT,Анна Юрьевна Мелешина,Управляющий директор; член Правления; член Совета директоров ПАО «Магнит»,0,0,1,0,0,1,1,0,0,1,0,0,0,0,0,0,28,13,13,28,1,1,1,1,8
MGNT,Анна Николаевна Боброва,Директор по персоналу АО «Тандер»; член Правления и Совета директоров ПАО «Магнит»,0,0,1,0,0,0,0,0,0,0,0,0,0,0,0,0,22,22,22,33,1,1,1,1,6
MGNT,Сергей Юрьевич Буйлов,Член Совета директоров ПАО «Магнит»; генеральный директор ООО «Магнит Фарма»,0,0,1,0,0,0,0,0,0,1,0,0,0,0,0,0,27,4,4,27,1,1,1,1,1
MGNT,Маргарита Викторовна Витихович,Член Совета директоров ПАО «Магнит»,0,0,1,0,0,0,0,0,1,0,0,0,0,0,0,0,19,19,19,19,1,1,1,1,1
MGNT,Наталья Анатольевна Дуличенко,Член Совета директоров ПАО «Магнит»; директор по юридической работе и корпоративному управлению АО «Тандер»,0,0,1,0,0,0,0,0,1,0,0,0,0,0,0,0,4,4,4,9,1,1,1,1,2
MGNT,Илья Игоревич Соколов,Член Совета директоров ПАО «Магнит»; советник по корпоративным вопросам,0,0,1,0,0,0,0,0,0,0,0,0,0,0,0,0,8,8,8,8,1,1,1,0,8
MGTSP,Альберт Тимурович Гильманов,Генеральный директор ПАО МГТС,0,0,1,0,0,0,0,0,0,1,0,0,0,0,0,0,22,22,22,31,1,1,1,1,4
MGTSP,Виктор Леонидович Белов,Член Совета директоров ПАО МГТС,0,0,1,0,0,0,0,0,0,0,0,0,0,0,0,0,23,23,23,34,1,1,1,1,2
MGTSP,Лариса Владимировна Бодягина,Член Совета директоров ПАО МГТС,0,0,1,0,0,1,1,0,0,1,0,0,0,0,0,0,6,6,6,22,1,1,1,1,3
MGTSP,Инеса Галактионова,Член Совета директоров ПАО МГТС,0,1,0,0,0,0,1,0,0,1,0,0,0,0,0,0,13,13,13,20,1,1,1,1,6
MGTSP,Александр Сергеевич Дмитриев,Член Совета директоров ПАО МГТС,0,0,1,0,0,1,1,0,0,1,0,0,0,0,0,0,3,3,3,30,1,1,1,1,1
MGTSP,Роман Валерьевич Райков,Член Совета директоров ПАО МГТС,0,0,0,0,1,0,0,0,0,0,0,0,0,0,0,0,1,1,1,1,1,1,1,0,1
MGTSP,Дмитрий Николаевич Рылов,Член Совета директоров ПАО МГТС,0,0,1,0,0,0,0,1,0,1,0,0,0,0,0,0,26,26,26,26,1,1,1,1,1
MGTSP,Ирина Владимировна Карева,Финансовый директор ПАО МГТС,0,0,1,0,0,1,0,0,0,1,0,0,0,0,0,0,25,25,25,25,1,1,1,1,11
MOEX,Yuriy Denisov,"Chief Executive Officer / председатель правления ПАО Московская Биржа в части 2024 года; полномочия досрочно прекращены 30.09.2024, после чего биржу возглавил Виктор Жидков, не включенный в CSV.",0,0,1,0,0,0,0,0,0,0,0,0,0,0,0,0,37,11,11,37,1,1,1,1,8
MOEX,Andrei Selyuk,"CSV-listed Director of Finance/CFO; действующая роль CFO в 2024 году не подтверждена, так как официальные материалы 2024 года называют финансовым директором Михаила Панфилова.",0,0,1,0,0,0,0,0,0,0,0,0,0,0,0,0,2,2,2,29,1,1,1,1,2
MOEX,Olga Vyacheslavovna Melentyeva,"Comptroller/Controller/Auditor; в раскрытии эмитента подтверждена связь с ПАО Московская Биржа, детальная биография основана на вторичных источниках.",0,0,0,0,1,0,0,0,0,0,0,0,0,0,0,0,0,0,0,0,1,1,1,0,0
MOEX,Andrey Burilov,Chief Tech/Sci/R&D Officer / старший управляющий директор по IT Московской биржи.,0,0,1,0,0,0,0,0,0,0,0,0,0,0,0,0,22,14,14,28,1,1,1,1,5
MOEX,Aleksandr Mikhailovich Kamenskiy,Corporate Secretary / директор Департамента корпоративного управления ПАО Московская Биржа.,0,0,1,0,0,0,1,0,0,0,0,0,0,0,0,0,14,12,12,16,1,1,1,1,12
MOEX,Dmitry Shcheglov,Chief Operating Officer / управляющий директор по операционной деятельности Московской биржи.,0,0,0,1,0,1,0,0,0,0,0,0,0,0,0,0,28,28,28,28,1,1,1,0,14
MOEX,Anton Vladimirovich Terentiev,Investor Relations Contact / директор по связям с инвесторами Московской биржи.,0,0,1,0,0,0,0,0,0,0,0,0,0,0,0,0,8,8,8,8,1,1,1,0,8
MOEX,Sergey Anatolyevich Shvetsov,Chairman / председатель Наблюдательного совета Московской биржи.,0,0,1,0,0,0,0,0,0,0,0,0,1,0,0,0,3,3,3,33,1,1,1,1,3
MOEX,Aleksandr Vadimovich Izosimov,Director/Board Member / член Наблюдательного совета Московской биржи.,0,0,1,0,0,1,1,0,0,1,0,0,0,0,0,0,8,8,8,30,1,1,1,1,8
MOEX,Bella Zlatkis,Director/Board Member / член Наблюдательного совета Московской биржи.,0,0,0,1,0,0,0,0,0,1,0,0,0,0,0,0,33,14,14,47,1,1,1,1,14
MOEX,Paul Anne F Bodart,Director/Board Member / член Наблюдательного совета Московской биржи.,0,0,0,0,1,1,1,0,0,1,0,0,1,7,0,0,30,23,23,30,1,1,1,1,6
MOEX,Ramón Morales Adarraga,Director/Board Member / член Наблюдательного совета Московской биржи.,0,0,0,0,1,0,1,0,0,0,0,0,0,0,0,0,44,44,44,44,1,1,1,1,5
MOEX,Sergey Lykov,Director/Board Member / член или заместитель председателя Наблюдательного совета Московской биржи по вторичным roster-источникам.,0,0,0,0,1,0,0,0,0,0,0,0,0,0,0,0,27,22,22,27,1,1,1,1,22
MOEX,Valery Pavlovich Goreglyad,Director/Board Member / член Наблюдательного совета Московской биржи; Chief Auditor of the Bank of Russia.,0,0,0,1,0,0,0,0,0,1,0,0,1,0,0,0,12,12,12,24,1,1,1,0,12
MRKC,Маковский Игорь Владимирович,"Генеральный директор и Председатель Правления ПАО ""Россети Центр"" с 01.01.2024 по 27.12.2024; член Совета директоров ПАО ""Россети Центр""; с 12.2024 генеральный директор ППК ""ВСК"".",0,0,1,0,0,0,1,1,1,0,0,0,0,0,0,0,18,18,18,30,1,1,1,1,11
MRKC,Алёшин Артём Геннадьевич,"CSV: Director of Finance/CFO. В 2024 году до 01.08.2024 был членом Правления ПАО ""Россети Центр""; с 08.2024 заместитель Генерального директора по экономике и финансам ПАО ""Россети"".",0,0,1,0,0,0,0,0,1,1,0,0,0,0,0,0,28,28,28,28,1,1,1,1,11
MRKC,Земсков Андрей Юрьевич,CSV: Chief Investment Officer; MarketScreener: Chief Investment Officer / Andrey Yuryevich Zemskov.,0,0,0,0,1,0,0,0,0,0,0,0,0,0,0,0,0,0,0,0,1,1,1,0,0
MRKC,Терников Сергей Александрович,CSV: Investor Relations Contact; официальный отчет 2022: руководитель IR-службы.,0,0,0,0,1,0,0,0,0,0,0,0,0,0,0,0,0,0,0,0,1,1,1,1,0
MRKC,Шаркова Юлия Эдуардовна,"CSV: Corporate Officer/Principal. Исторически член Правления/заместитель генерального директора по развитию и реализации услуг ОАО/ПАО ""МРСК Центра"".",0,0,1,0,0,0,0,0,0,0,0,0,0,0,0,0,12,12,12,12,1,1,1,1,12
MRKC,Саух Максим Михайлович,"CSV: Director/Board Member; официальная страница 2019 подтверждает историческое членство в Совете директоров ПАО ""МРСК Центра"".",0,0,1,0,0,0,0,0,1,0,0,0,0,0,0,0,13,13,13,13,1,1,1,1,13
MRKC,Шевчук Александр Викторович,"Член Совета директоров ПАО ""Россети Центр"" в действующем составе 2024; исполнительный директор НКО ""Ассоциация профессиональных инвесторов"".",0,0,1,0,0,0,0,0,0,1,0,0,0,0,0,0,19,19,19,21,1,1,1,1,9
MRKC,Головцов Александр Викторович,"CSV: Director/Board Member; официальная страница 2019 подтверждает историческое членство в Совете директоров ПАО ""МРСК Центра"".",0,0,1,0,0,0,0,0,0,0,0,0,0,0,0,0,6,6,6,6,1,1,1,1,6
MRKC,Зархин Виталий Юрьевич,"Независимый директор, член Совета директоров ПАО ""Россети Центр"" в действующем составе 2024.",0,0,1,0,0,0,0,0,0,1,0,0,0,0,0,0,11,9,11,11,1,1,1,1,3
MRKC,Романовская Лариса Анатольевна,"CSV: Director/Board Member; официальная страница 2019 подтверждает историческое членство в Совете директоров ПАО ""МРСК Центра"".",0,0,1,0,0,0,0,0,0,1,0,0,0,0,0,0,7,7,7,7,1,1,1,1,7
MRKC,Логаткин Андрей Вячеславович,"CSV: Director/Board Member; официальная страница 2019 подтверждает историческое членство в Совете директоров ПАО ""МРСК Центра"".",0,0,1,0,0,0,1,0,0,1,0,0,0,0,0,0,6,6,6,6,1,1,1,1,6
MRKC,Чевкин Дмитрий Александрович,"CSV: Director/Board Member; официальная страница 2019 подтверждает историческое членство в Совете директоров ПАО ""МРСК Центра"".",0,0,1,0,0,0,0,0,0,1,0,0,0,0,0,0,6,6,6,6,1,1,1,1,6
MRKC,Варварин Александр Викторович,"CSV: Director/Board Member; официальная страница 2019 подтверждает историческое членство в Совете директоров ПАО ""МРСК Центра"".",0,0,1,0,0,0,0,0,1,0,0,0,1,0,0,0,7,7,7,14,1,1,1,1,7
MRKC,Казаков Александр Иванович,"CSV: Director/Board Member; официальная страница 2019 подтверждает историческое председательство в Совете директоров ПАО ""МРСК Центра"".",0,0,0,1,0,0,0,0,0,1,0,0,0,0,0,0,7,7,7,7,1,1,1,1,7
MRKP,Игорь Владимирович Маковский,"Chief Executive Officer per CSV; in 2024 was генеральный директор ПАО ""Россети Центр"" (управляющей организации ПАО ""Россети Центр и Приволжье"") and председатель Правления ПАО ""Россети Центр и Приволжье"" through 27.12.2024; member of the Board of Directors of ПАО ""Россети Центр и Приволжье"".",0,0,1,0,0,0,0,1,1,0,0,0,0,0,0,0,12,12,12,15,1,1,1,1,3
MRKP,Сергей Александрович Терников,"Investor Relations Contact per CSV; official 2023 annual-report contacts name him head of the IR service of ПАО ""Россети Центр и Приволжье"", and a later Finam profile states he worked in shareholder/investor relations at ПАО ""Россети Центр"" and ПАО ""Россети Центр и Приволжье"" from 2010 to 2025.",0,0,1,0,0,0,0,0,0,1,0,0,0,0,0,0,15,15,15,20,1,1,1,1,0
MRKP,Сергей Владимирович Хлусов,"Corporate Officer/Principal per CSV; public sources before and around the target period identify him as заместитель генерального директора ПАО ""Россети Центр и Приволжье"" - директор филиала ""Мариэнерго"".",0,0,0,0,1,0,0,0,0,0,0,0,0,0,0,0,3,3,3,3,1,1,1,1,0
MRKP,Олег Романович Федоров,"Член Совета директоров ПАО ""Россети Центр и Приволжье""; неисполнительный директор.",0,0,1,0,0,0,0,0,0,0,0,0,0,0,0,0,6,6,6,17,1,1,1,1,2
MRKP,Андрей Владимирович Морозов,"Член Совета директоров ПАО ""Россети Центр и Приволжье""; независимый директор; юридический директор Ассоциации профессиональных инвесторов.",0,0,1,0,0,0,1,0,1,0,0,0,0,0,0,0,19,19,19,21,1,1,1,1,6
MRKP,Виталий Юрьевич Зархин,"Член Совета директоров ПАО ""Россети Центр и Приволжье""; независимый директор.",0,0,1,0,0,0,0,0,0,1,0,0,0,0,0,0,14,9,14,16,1,1,1,1,3
MRKU,Дмитрий Александрович Воденников,"Генеральный директор, председатель Правления, член Совета директоров",0,0,1,0,0,0,0,0,1,0,0,0,0,0,0,0,10,10,10,10,1,1,1,1,1
MRKU,Даниил Владимирович Краинский,Председатель совета директоров ПАО «Россети Урал»,0,0,1,0,0,0,0,0,1,0,0,0,0,0,0,0,8,8,8,8,1,1,1,1,4
MRKU,Елена Викторовна Андреева,Член совета директоров,0,0,1,0,0,0,0,0,0,1,0,0,0,0,0,0,21,1,21,21,1,1,1,1,1
MRKU,Михаил Александрович Бычко,Член совета директоров,0,0,1,0,0,0,0,0,0,0,0,0,0,0,0,0,12,12,12,12,1,1,1,1,1
MRKU,Марина Александровна Лаврова,Член совета директоров,0,0,1,0,0,0,0,0,0,0,0,0,0,0,0,0,13,13,13,13,1,1,1,1,1
MRKU,Алексей Александрович Полинов,Член совета директоров,0,0,0,1,0,0,0,0,0,1,0,0,0,0,0,0,1,1,1,1,1,1,1,1,0
MRKU,Мария Геннадьевна Тихонова,Член совета директоров,0,0,0,1,0,0,0,0,0,1,0,0,0,0,0,0,12,12,12,12,1,1,1,1,4
MRKU,Александр Викторович Шевчук,"Член совета директоров, независимый директор",0,0,1,0,0,0,0,0,0,1,0,0,0,0,0,0,11,11,11,20,1,1,1,1,3
MRKU,Павел Валерьевич Родин,Член совета директоров,0,0,1,0,0,0,0,0,0,0,0,0,0,0,0,0,27,27,27,27,1,1,1,0,0
MRKU,Карина Владимировна Дашко,Член совета директоров,0,0,0,0,1,0,0,0,0,0,0,0,0,0,0,0,0,0,0,0,1,1,1,1,0
MRKU,Алексей Вячеславович Коптев,Член совета директоров,0,0,0,0,1,0,0,0,0,0,0,0,0,0,0,0,0,0,0,0,1,1,1,1,0
MRKU,Владимир Александрович Рябушев,"Первый заместитель генерального директора — главный инженер, заместитель председателя правления",0,0,1,0,0,0,1,1,0,1,0,0,0,0,0,0,6,6,6,8,1,1,1,1,3
MRKU,Алексей Владимирович Санин,"Заместитель генерального директора по правовому и корпоративному управлению, член правления",0,0,1,0,0,0,0,0,1,0,0,0,0,0,0,0,21,21,21,21,1,1,1,1,15
MRKU,Сергей Владимирович Попов,"Заместитель генерального директора по реализации услуг, член правления",0,0,0,0,1,0,0,0,0,0,0,0,0,0,0,0,10,10,10,10,1,1,1,0,1
MRKU,Ольга Вячеславовна Очередько,"Заместитель генерального директора по экономике и финансам, член правления",0,0,1,0,0,0,0,0,0,1,0,0,0,0,0,0,21,21,21,21,1,1,1,1,2
MRKV,Alexander Ilyich Gavrilov / Гаврилов Александр Ильич,"Chief Executive Officer; Генеральный директор ПАО ""Россети Волга""; Председатель Правления; member of Board of Directors in 2024",0,0,0,1,0,0,0,0,0,1,0,0,1,0,0,0,12,12,12,12,1,1,1,1,2
MRKV,Irina Yurievna Puchkova / Пучкова Ирина Юрьевна,CSV role: Director of Finance/CFO; not confirmed as current in the 2024 annual report,0,0,1,0,0,0,0,0,0,0,0,0,0,0,0,0,24,24,24,24,1,1,1,1,13
MRKV,Oleg Grigoryevich Pavlov / Павлов Олег Григорьевич,CSV role: Chief Tech/Sci/R&D Officer; not confirmed as current in the 2024 annual report,0,0,1,0,0,0,0,0,0,0,0,0,0,0,0,0,9,9,9,9,1,1,1,0,9
MRKV,Dmitriy Lvovich Zaretsky / Зарецкий Дмитрий Львович,CSV role: Chief Investment Officer; not confirmed as current in the 2024 annual report,0,0,1,0,0,0,0,0,0,0,0,0,0,0,0,0,12,12,12,12,1,1,1,0,12
MRKV,Yulia Gennadyevna Burtseva / Бурцева Юлия Геннадьевна,Investor Relations Contact / Head-Investor & Shareholders Relations Division (weak external source; no 2024 biography found),0,0,0,0,1,0,0,0,0,0,0,0,0,0,0,0,0,0,0,0,1,1,1,0,0
MRKV,Aleksander V. Shevchuk / Шевчук Александр Викторович,"Director/Board Member; independent director of ПАО ""Россети Волга"" in 2024",0,0,1,0,0,0,0,0,0,0,0,0,0,0,0,0,3,3,3,12,1,1,1,1,3
MRKV,Maria Tikhonova / Тихонова Мария Геннадьевна,"Director/Board Member; non-executive director of ПАО ""Россети Волга"" in 2024",0,0,0,1,0,1,0,1,0,1,0,0,0,0,0,0,24,24,24,33,1,1,1,1,4
MRKV,Konstantin Valeryevich Kravchenko / Кравченко Константин Валерьевич,CSV role: Director/Board Member; not confirmed in the 2024 annual report,0,0,0,0,1,0,0,0,0,0,0,0,0,0,0,0,0,0,0,0,1,1,1,0,0
MRKV,Alexander Ivanovich Kazakov / Казаков Александр Иванович,"Director/Board Member; independent director of ПАО ""Россети Волга"" in 2024",0,0,0,1,0,0,0,0,0,1,0,0,1,0,0,0,9,9,9,9,1,1,1,1,3
MRKV,Alexander Golovtsov / Головцов Александр Викторович,CSV role: Director/Board Member; not confirmed in the 2024 annual report,0,0,1,0,0,0,0,0,0,0,0,0,0,0,0,0,5,5,5,5,1,1,1,0,5
MRKV,Andrey P. Tulba / Тулба Андрей Петрович,CSV role: Director/Board Member; not confirmed in the 2024 annual report,0,0,1,0,0,1,0,0,0,0,0,0,0,0,0,0,4,4,4,4,1,1,1,1,4
MRKV,Yuri Goncharov / Гончаров Юрий Владимирович,"Director/Board Member; non-executive director of ПАО ""Россети Волга"" in 2024",0,0,1,0,0,0,0,0,0,0,0,0,0,0,0,0,11,11,11,11,1,1,1,0,3
MRKV,Aleksey Molskiy / Мольский Алексей Валерьевич,"Director/Board Member; Chairman of Board of Directors of ПАО ""Россети Волга"" in 2024",0,0,1,0,0,0,0,0,0,0,0,0,0,0,0,0,10,10,10,10,1,1,1,1,2
MRKV,Leonid Yuryevich Akimov / Акимов Леонид Юрьевич,CSV role: Director/Board Member; not confirmed in the 2024 annual report,0,0,0,1,0,0,0,0,1,0,0,0,1,0,0,0,9,9,9,9,1,1,1,1,9
MRKZ,Вячеслав Юрьевич Торсунов,"Генеральный директор, Председатель Правления ПАО ""Россети Северо-Запад"" с 25.12.2024",0,0,1,0,0,0,0,0,1,0,0,0,0,0,0,0,1,1,1,20,1,1,1,1,1
MRKZ,Алексей Александрович Полинов,"Председатель Совета директоров ПАО ""Россети Северо-Запад""; член Совета директоров в составе 2024 года",0,0,0,1,0,0,0,0,0,1,0,0,0,0,0,0,9,9,9,9,1,1,1,1,0
MRKZ,Артем Геннадьевич Алешин,"Член Совета директоров ПАО ""Россети Северо-Запад""; председатель Комитета по стратегии, член Комитета по аудиту",0,0,1,0,0,0,0,0,1,1,0,0,0,0,0,0,9,9,9,9,1,1,1,1,0
MRKZ,Василий Васильевич Вычегжанин,"Член Совета директоров ПАО ""Россети Северо-Запад""; председатель Комитета по надежности",0,0,1,0,0,0,0,0,0,1,0,0,0,0,0,0,10,10,10,10,1,1,1,1,0
MRKZ,Александр Юрьевич Корнеев,"Член Совета директоров ПАО ""Россети Северо-Запад""; член Комитета по стратегии",0,0,1,0,0,0,0,0,0,0,0,0,0,0,0,0,6,6,6,6,1,1,1,1,0
MRKZ,Андрей Владимирович Морозов,Член Совета директоров по CSV и текущей официальной странице; членство в Совете директоров в составе 2024 года локальным годовым отчетом не подтверждено,0,0,1,0,0,0,1,0,1,0,0,0,0,0,0,0,6,6,6,9,1,1,1,1,6
MRKZ,Сергей Сергеевич Пикин,"Член Совета директоров ПАО ""Россети Северо-Запад""; независимый директор; председатель Комитета по аудиту и Комитета по кадрам и вознаграждениям",0,0,1,0,0,0,0,0,0,1,0,0,0,0,0,0,9,9,9,18,1,1,1,1,0
MRKZ,Мария Геннадьевна Тихонова,"Член Совета директоров ПАО ""Россети Северо-Запад""",0,0,0,1,0,1,0,1,0,1,0,0,0,0,0,0,17,17,17,17,1,1,1,1,0
MRKZ,Олег Романович Федоров,"Член Совета директоров ПАО ""Россети Северо-Запад""",0,0,1,0,0,0,0,0,0,0,0,0,0,0,0,0,2,2,2,13,1,1,1,1,0
MRKZ,Владимир Вячеславович Харитонов,"Член Совета директоров ПАО ""Россети Северо-Запад""",0,0,0,1,0,1,0,0,0,1,0,0,0,0,0,0,5,5,5,13,1,1,1,1,0
MRKZ,Александр Викторович Шевчук,"Член Совета директоров ПАО ""Россети Северо-Запад""; член Комитета по стратегии",0,0,1,0,0,0,0,0,0,1,0,0,0,0,0,0,0,0,0,22,0,0,0,1,0
MRKZ,Денис Владимирович Ягодка,"Первый заместитель генерального директора - главный инженер, член Правления; и.о. генерального директора с 30.11.2024 по 24.12.2024",0,0,1,0,0,0,0,0,0,0,0,0,0,0,0,0,11,11,11,11,1,1,1,0,7
MRKZ,Светлана Валерьевна Филатова,Член Правления; заместитель генерального директора по развитию и реализации услуг,0,0,1,0,0,1,0,0,0,1,0,0,0,0,0,0,13,13,13,13,1,1,1,1,6
MRKZ,Карина Андреевна Аганова,Член Правления; заместитель генерального директора по развитию дополнительных услуг,0,0,1,0,0,1,0,0,1,1,0,0,0,0,0,0,13,13,13,13,1,1,1,0,13
MRKZ,Анна Владимировна Изотова,Член Правления; в 2024 году заместитель генерального директора по корпоративному управлению; текущая должность включает правовое обеспечение и корпоративное управление,0,0,1,0,0,0,0,0,1,0,0,0,0,0,0,0,15,15,15,15,1,1,1,1,5
MRKZ,Сергей Владимирович Климов,Член Правления; заместитель генерального директора по капитальному строительству и инвестиционной деятельности,0,0,1,0,0,0,0,0,0,0,0,0,0,0,0,0,8,8,8,11,1,1,1,1,8
MSNG,Александр Александрович Бутко,"Управляющий директор / CEO-equivalent; CSV также содержит его как Chief Executive Officer и Director/Board Member. В 2024 году полномочия единоличного исполнительного органа ПАО ""Мосэнерго"" осуществляла управляющая организация, поэтому роль не трактуется как самостоятельный статутный ЕИО.",0,0,1,0,0,0,1,0,0,0,0,0,0,0,0,0,11,11,11,20,1,1,1,1,11
MSNG,Денис Сергеевич Ворончихин,Контакт для инвесторов и аналитиков,0,0,0,0,1,0,0,0,0,0,0,0,0,0,0,0,0,0,0,0,1,1,1,0,0
MSNG,Александр Алексеевич Афанасьев,Руководитель по управлению персоналом / Human Resources Officer,0,0,0,0,1,0,0,0,0,0,0,0,0,0,0,0,6,6,6,6,1,1,1,0,6
MSNG,Елена Юрьевна Новенькова,Главный бухгалтер / Corporate Officer,0,0,0,0,1,0,0,0,0,0,0,0,0,0,0,0,0,0,0,0,1,1,1,0,0
MSNG,Анна Александровна Ефимова,Руководитель юридической функции / General Counsel,0,0,0,0,1,0,0,0,0,0,0,0,0,0,0,0,25,25,25,25,1,1,1,0,25
MSNG,Денис Владимирович Федоров,"Член Совета директоров ПАО ""Мосэнерго"" по CSV/current roster; генеральный директор ООО ""Газпром энергохолдинг"" в корпоративных биографиях",0,0,0,1,0,0,0,0,0,1,0,0,1,0,0,0,16,16,16,26,1,1,1,1,6
MSNG,Елена Владимировна Михайлова,"Член/председатель Совета директоров по CSV/current roster; руководитель в ПАО ""Газпром""",0,0,1,0,0,0,0,0,0,0,0,0,0,0,0,0,6,6,6,6,1,1,1,0,6
MSNG,Иванников Александр Сергеевич,"Член Совета директоров по CSV/current roster; руководитель финансово-экономического блока ПАО ""Газпром"" в биографических источниках",0,0,0,1,0,0,0,1,0,1,0,0,1,0,0,0,15,15,15,32,1,1,1,1,13
MSNG,Маркелов Виталий Анатольевич,"Chairman по CSV/current roster; заместитель Председателя Правления ПАО ""Газпром""",0,0,0,1,0,0,0,0,0,0,0,0,1,0,0,0,6,6,6,41,1,1,1,1,6
MSNG,Комиссаров Константин Васильевич,Член Совета директоров,0,0,0,0,1,0,0,0,0,0,0,0,0,0,0,0,0,0,0,0,1,1,1,1,0
MSNG,Сухов Геннадий Николаевич,Член Совета директоров,0,0,0,0,1,0,0,0,0,0,0,0,0,0,0,0,0,0,0,0,1,1,1,1,0
MSNG,Табельский Андрей Николаевич,Член Совета директоров,0,0,0,0,1,0,0,0,0,0,0,0,0,0,0,0,0,0,0,15,1,1,1,1,0
MSNG,Хорев Андрей Викторович,Член Совета директоров,0,0,0,0,1,0,0,0,0,0,0,0,0,0,0,0,0,0,0,0,1,1,1,0,0
MSNG,Шацкий Павел Олегович,"Член Совета директоров по CSV/current roster; первый заместитель генерального директора ООО ""Газпром энергохолдинг""",0,0,1,0,0,0,0,0,0,0,0,0,0,0,0,0,12,12,12,12,1,1,1,1,2
MSRS,Александр Михайлович Пятигор,"Генеральный директор, Председатель Правления ПАО ""Россети Московский регион"" с 12.09.2024",0,0,1,0,0,0,1,0,0,0,0,0,0,0,0,0,8,8,8,8,1,1,1,1,1
MSRS,Петр Алексеевич Синютин,CSV: Chief Executive Officer; Director/Board Member. В официальном отчете 2024: генеральный директор и председатель Правления до 11.09.2024; член Совета директоров,0,0,0,1,0,0,0,0,0,1,0,0,0,0,0,0,16,16,16,16,1,1,1,1,13
MSRS,Владимир Юрьевич Мясников,Первый заместитель генерального директора по финансово-экономической деятельности; член Правления,0,0,1,0,0,0,0,0,0,0,0,0,0,0,0,0,21,21,21,21,1,1,1,1,8
MSRS,Всеволод Евгеньевич Иванов,"CSV: Chief Tech/Sci/R&D Officer; не найден в локальном отчете 2024. Round 2 (2026-07-28): подтвержден дословно как главный инженер МОЭСК (с июля 2015), с 2018 - главный инженер филиала ""Московские высоковольтные сети"".",0,0,1,0,0,0,0,0,0,0,0,0,0,0,0,0,28,28,28,28,1,1,1,0,21
MSRS,Ирина Алёхина,Investor Relations Contact,0,0,0,0,1,0,0,0,0,0,0,0,0,0,0,0,0,0,0,0,1,1,1,0,0
MSRS,Лилия Ивановна Шелест,CSV: Human Resources Officer; weak public corroboration as head-of-staff/HR-related officer,0,0,1,0,0,0,0,0,0,0,0,0,0,0,0,0,20,20,20,20,1,1,1,0,13
MSRS,Анатолий Анатольевич Гавриленко,"Член Совета директоров ПАО ""Россети Московский регион""; генеральный директор ЗАО ""Лидер""",0,0,1,0,0,0,0,0,1,1,0,0,0,0,0,0,20,20,20,22,1,1,1,1,20
MSRS,Алексей Викторович Нуждов,"Член Совета директоров ПАО ""Россети Московский регион""; старший вице-президент АО ""НПФ ГАЗФОНД""",0,0,1,0,0,0,0,1,0,0,0,0,0,0,0,0,9,9,9,27,1,1,1,1,9
MSRS,Сергей Александрович Никитин,"Независимый член Совета директоров ПАО ""Россети Московский регион""; первый заместитель генерального директора ЗАО ""Лидер""",0,0,1,0,0,0,0,0,0,1,0,0,0,0,0,0,12,12,12,12,1,1,1,1,12
MSRS,Сергей Валентинович Грищенко,"CSV: Director/Board Member; в локальном отчете 2024 не входит в текущий Совет директоров. Round 2 (2026-07-28): подтверждено членство в Совете директоров МОЭСК в 2012, 2015 и 2017 годах как представителя Банка ГПБ (АО) (Газпромбанк).",0,0,1,0,0,0,0,0,1,0,0,0,0,0,0,0,6,6,6,29,1,1,1,1,0
MSRS,Евгений Ильич Логовинский,"Независимый член Совета директоров ПАО ""Россети Московский регион""; вице-президент - финансовый директор АО ""НПФ ГАЗФОНД""",0,0,0,1,0,1,1,0,0,1,0,0,0,0,0,0,9,9,9,41,1,1,1,1,9
MSRS,Ольга Андреевна Сергеева,CSV: Director/Board Member; в локальном отчете 2024 не входит в текущий Совет директоров,0,0,1,0,0,0,0,0,0,1,0,0,0,0,0,0,5,5,5,7,1,1,1,1,0
MSRS,Гасан Гизбуллагович Гасангаджиев,CSV: Director/Board Member; в локальном отчете 2024 не входит в текущий Совет директоров,0,0,1,0,0,0,0,0,0,0,0,0,0,0,0,0,11,2,11,11,1,1,1,1,0
MSRS,Юрий Владимирович Гончаров,CSV: Director/Board Member; в локальном отчете 2024 не входит в текущий Совет директоров,0,1,0,0,0,0,0,0,1,1,0,0,0,0,0,0,8,8,8,8,1,1,1,1,0
MSRS,Лариса Анатольевна Романовская,CSV: Director/Board Member; в локальном отчете 2024 не входит в текущий Совет директоров,0,0,1,0,0,0,0,0,0,1,0,0,0,0,0,0,5,5,5,13,1,1,1,1,0
MTLR,Коржов Олег Викторович,"Генеральный директор ПАО ""Мечел"" в контексте 2024 года; председатель Правления",0,0,0,1,0,0,0,0,0,1,0,0,0,0,0,0,35,35,35,40,1,1,1,1,21
MTLR,Хафизов Игорь Валерьевич,"Генеральный директор ПАО ""Мечел"" с 30 июня 2025 года; в контексте 2024 года роль CEO ПАО ""Мечел"" не подтверждена",0,0,1,0,0,0,0,0,0,0,0,0,0,0,0,0,22,22,22,35,1,1,1,1,0
MTLR,Алексей Лукашов,"контакт для обращений инвесторов ПАО ""Мечел""",0,0,0,0,1,0,0,0,0,0,0,0,0,0,0,0,0,0,0,0,1,1,1,0,0
MTLR,Лебедев Алексей Викторович,"заместитель генерального директора по операционной деятельности ПАО ""Мечел""",0,0,1,0,0,0,0,0,0,0,0,0,0,0,0,0,3,3,3,30,1,1,1,1,3
MTLR,Войткус Дмитрий Сергеевич,"заместитель генерального директора по финансовому контролю ПАО ""Мечел""; член Правления",0,0,1,0,0,0,1,0,0,1,0,0,0,0,0,0,15,15,15,19,1,1,1,1,10
MTLR,Силаева Екатерина Александровна,"заместитель генерального директора по управлению персоналом ПАО ""Мечел""; член Правления",0,0,1,0,0,1,0,0,0,1,0,0,0,0,0,0,20,20,20,28,1,1,1,1,18
MTSS,Вячеслав Константинович Николаев / Vyacheslav Konstantinovich Nikolayev,"Президент и генеральный директор ПАО ""МТС"" в контексте 2024 года; также указан в CSV как член Совета директоров.",0,0,1,0,0,0,0,0,0,0,0,0,0,0,0,0,25,25,25,25,1,1,1,0,15
MTSS,Алексей Андреевич Катунин / Alexey Katunin,"Вице-президент по финансам, член Правления ПАО ""МТС""; CFO / Director of Finance в контексте 2024 года.",0,0,1,0,0,0,1,0,0,1,0,0,0,0,0,0,18,18,18,18,1,1,1,0,18
MTSS,Павел Алексеевич Воронин / Pavel Voronin,"Первый вице-президент по технологиям ПАО ""МТС""; Chief Tech/Sci/R&D Officer в данных CSV/MarketScreener.",0,0,1,0,0,0,0,0,0,0,0,0,1,2,0,0,4,4,4,16,1,1,1,1,0
MTSS,Полина Угрюмова / Polina Ugryumova,"Директор департамента по связям с инвесторами ПАО ""МТС""; Investor Relations Contact.",0,0,1,0,0,0,0,0,0,1,0,0,0,0,0,0,7,7,7,18,1,1,1,0,7
MTSS,Руслан Султанович Ибрагимов / Ruslan Sultanovich Ibragimov,"Активная роль в ПАО ""МТС"" на 2024 год не подтверждена: по данным Интерфакса, CNews и ComNews (29-31.07.2022) Ибрагимов покинул компанию 1 августа 2022 года (ранее — вице-президент по взаимодействию с органами государственной власти); CSV и MarketScreener для этого человека признаны устаревшими (см. notes).",0,0,0,1,0,0,0,0,1,0,0,0,0,0,0,0,18,16,18,30,1,1,1,1,16
MTSS,Регина Дагмар Бенедикта фон Флемминг / Regina von Flemming,"Независимый директор / заместитель председателя Совета директоров ПАО ""МТС"".",0,0,1,0,0,0,1,0,0,0,0,0,0,0,0,0,21,10,10,38,1,1,1,1,10
MTSS,Артем Иванович Засурский / Artem I. Zassoursky,"Неисполнительный член Совета директоров ПАО ""МТС"".",0,0,0,1,0,0,0,0,0,1,0,0,0,0,0,0,10,2,2,17,1,1,1,1,2
MTSS,Валентин Борисович Юмашев / Valentin Borisovich Yumashev,"Независимый неисполнительный член Совета директоров ПАО ""МТС"".",0,0,0,0,1,0,0,0,0,0,0,0,0,0,0,0,6,6,6,6,1,1,1,1,6
MTSS,Надя Шурабура / Nadia Shouraboura,"Независимый директор ПАО ""МТС"".",0,0,0,1,0,0,1,0,0,0,0,0,0,0,0,0,5,5,5,20,1,1,1,1,5
MTSS,Пол Берриман / Paul Berriman,"Независимый член Совета директоров ПАО ""МТС"".",0,1,0,0,0,1,1,0,0,1,0,0,0,0,0,0,3,3,3,3,1,1,1,1,3
MVID,Билан Абдурахимович Ужахов,"Генеральный директор ПАО ""М.видео"" в контексте 2024 года; CSV также содержит его как члена совета директоров.",0,0,1,0,0,0,1,1,1,1,0,0,0,0,0,0,9,9,9,22,1,1,1,1,9
MVID,Феликс Григорьевич Либ,"Председатель совета директоров и член совета директоров по CSV; official sources confirm M.Video CEO from 21.02.2025 and board chair from 13.03.2026, not a 2024 CEO role.",0,0,0,0,1,0,0,0,1,0,0,0,0,0,0,0,0,0,0,13,0,0,0,1,0
MVID,Денис Владимирович Голышев,Член совета директоров по CSV; official M.Video materials confirm board election in 2026.,0,0,0,0,1,0,0,0,1,1,0,0,0,0,0,0,4,4,4,4,1,1,1,1,0
MVID,Йоханнес Мария Толай,Член совета директоров по CSV; official M.Video sources confirm 2026 board election.,0,0,0,0,1,0,0,0,0,0,0,0,0,0,0,0,0,0,0,0,0,0,0,1,0
MVID,Степан Борисович Кузнецов,Член совета директоров по CSV; official M.Video sources confirm 2026 board election.,0,0,0,0,1,1,1,0,0,1,0,0,1,0,0,0,0,0,0,0,0,0,0,0,0
MVID,Анатолий Викторович Мохов,Член совета директоров по CSV; official M.Video sources confirm 2026 board election.,0,1,0,0,0,0,0,0,0,0,0,0,0,0,0,0,4,0,4,10,1,0,1,1,0
MVID,Дмитрий Игоревич Пылев,Член совета директоров по CSV; official M.Video sources confirm 2026 board election.,0,0,0,0,1,0,0,0,0,0,0,0,0,0,0,0,0,0,0,0,0,0,0,0,0
MVID,Роман Стенцель / Roman Stenzel,Член совета директоров по CSV; official candidate materials indicate M.Video board membership since 2023.,0,0,0,0,1,0,1,0,1,0,0,0,0,0,0,0,7,7,7,7,1,1,1,1,2
MVID,Евгений Александрович Щепелин,Член совета директоров по CSV; official M.Video sources confirm 2026 board election.,0,0,0,0,1,0,0,0,0,0,0,0,0,0,0,0,0,0,0,9,0,0,0,1,0
MVID,Владислав Сергеевич Бакальчук,"Генеральный директор по CSV; official M.Video source confirms appointment as General Director only on 13.03.2026, so this is not a 2024 CEO fact.",0,0,0,0,1,0,0,0,0,0,0,0,0,0,0,0,21,21,21,24,1,1,1,1,0
MVID,Екатерина Ярина,"Финансовый директор по CSV; local financial statements and official release confirm appointment from 23.04.2025, not in 2024.",0,0,0,0,1,1,1,0,0,1,0,0,0,0,0,0,0,0,0,0,0,0,0,1,0
MVID,Андрей Скачек,Директор по маркетингу по CSV; official M.Video source confirms Marketing Director appointment in 2026.,0,0,0,0,1,0,0,0,0,0,0,0,0,0,0,0,1,1,1,1,1,1,1,1,0
MVID,Владислав Ушаков,Директор по розничным продажам по CSV; official M.Video material confirms this role in 2025.,0,0,0,0,1,0,0,0,0,0,0,0,0,0,0,0,0,0,0,0,1,1,1,1,0
MVID,Карен Ашрафян,Директор по развитию маркетплейса по CSV; company/industry materials confirm the role in 2026.,0,0,0,0,1,0,0,0,0,0,0,0,0,0,0,0,0,0,0,0,1,1,1,1,0
MVID,Сергей Ануфриев,Директор по проектам по CSV; M.Video corporate material confirms the project director role in 2025.,0,0,0,0,1,0,0,0,0,0,0,0,0,0,0,0,0,0,0,0,1,1,1,1,0
NKHP,Yuriy Alekseevich Medvedev / Медведев Юрий Алексеевич,"Генеральный директор ПАО ""НКХП"" с 04.08.2024 в контексте 2024 года; CSV исходно указывает его как Director of Finance/CFO",0,0,0,1,0,0,0,0,0,1,1,1,1,1,0,0,33,33,33,33,1,1,1,0,33
NKHP,Aleksey Vladimirovich Chemerichko / Чемеричко Алексей Владимирович,"CSV и рыночные профили указывают CEO, но официальные локальные документы за 2024 год не подтверждают эту должность; в 2024 году CEO был Деменков Д.Б., затем Медведев Ю.А.",0,0,0,0,1,0,0,0,0,0,0,0,0,0,0,0,12,12,12,12,1,1,1,0,12
NKHP,Yevgeniy Sutchenko / likely Сутченко Евгений Олегович,"Corporate Officer/Principal в CSV; рыночные профили указывают Deputy Director General-Operations, но локальные официальные документы 2024 года его не упоминают",0,0,0,0,1,0,0,0,0,0,0,0,0,0,0,0,0,0,0,0,1,1,1,0,0
NKHP,Olga Vladimirovna Vodzinskaya / Водзинская Ольга Владимировна,"Comptroller/Controller/Auditor в CSV; рыночные профили указывают Chief Accountant / controller-аuditor, но локальные официальные документы 2024 года ее не упоминают",0,0,0,0,1,0,0,0,0,0,0,0,0,0,0,0,0,0,0,0,1,1,1,0,0
NKHP,Ivan Akhmedovich Chepovoy / Чеповой Иван Ахмедович,"Член совета директоров ПАО ""НКХП"" в 2024 году; первый заместитель генерального директора АО ""ОЗК""",0,0,1,0,0,0,0,0,0,1,0,0,0,0,0,0,1,1,1,35,1,1,1,1,1
NKHP,Ksenia Bolomatova / Боломатова Ксения Николаевна,"Член совета директоров ПАО ""НКХП"" в 2024 году; заместитель генерального директора АО ""ОЗК"" в подтвержденных профессиональных источниках",0,0,0,0,1,0,0,0,1,0,0,0,0,0,0,0,1,1,1,24,1,1,1,1,1
NKHP,Oleg Soldatenkov / Солдатенков Олег Владимирович,"Член совета директоров и комитета по аудиту ПАО ""НКХП"" в 2024 году; заместитель генерального директора АО ""ОЗК""",0,0,0,0,1,0,0,0,0,0,0,0,0,0,0,0,1,1,1,1,1,1,1,1,1
NKHP,Ryashit Akzhigitov / Акжигитов Ряшит Исхакович,"Член совета директоров ПАО ""НКХП"" в 2024 году; заместитель генерального директора по безопасности АО ""ОЗК""",0,0,0,0,1,0,0,0,0,0,0,0,0,0,0,0,1,1,1,1,1,1,1,1,1
NKHP,Maxim Gruzinov / Грузинов Максим Юрьевич,"Член совета директоров ПАО ""НКХП"" в 2024 году",0,0,0,0,1,0,0,0,0,0,0,0,0,0,0,0,1,1,1,1,1,1,1,1,1
NKHP,Roman Kron / Крон Роман Александрович,"Член совета директоров ПАО ""НКХП"" в 2024 году; руководитель Mirogroup Resources / Demetra Trading в группе Деметра",0,0,1,0,0,0,0,0,0,1,0,0,0,0,0,0,1,1,1,15,1,1,1,1,1
NKNC,Марат Инилович Фаляхов,Генеральный директор; член совета директоров,0,0,0,1,0,0,0,0,0,1,3,1,0,0,0,0,21,15,21,21,1,1,1,1,4
NKNC,Игорь Георгиевич Климов,Председатель совета директоров; член совета директоров,0,0,0,0,1,1,1,0,0,1,0,0,0,0,0,0,6,6,6,6,1,1,1,1,4
NKNC,Дарья Юрьевна Борисова,Член совета директоров,0,0,0,1,0,0,1,0,0,0,1,1,1,6,0,0,6,6,6,27,1,1,1,1,0
NKNC,Денис Владимирович Голенков,Член совета директоров,0,0,0,0,1,0,0,0,0,0,0,0,0,0,0,0,0,0,0,0,1,1,1,1,0
NKNC,Сергей Викторович Гринько,Член совета директоров,0,0,0,0,1,0,0,0,0,1,0,0,0,0,0,0,11,11,11,20,1,1,1,1,0
NKNC,Сергей Николаевич Лукичев,Член совета директоров,0,0,0,0,1,0,0,0,0,0,0,0,0,0,0,0,21,21,21,40,1,1,1,1,0
NKNC,Олег Иванович Макаров,Член совета директоров,0,0,0,0,1,1,1,0,0,1,0,0,0,0,0,0,22,22,22,22,1,1,1,1,0
NKNC,Марина Владимировна Медведева,Член совета директоров,0,0,0,0,1,0,0,0,1,1,0,0,0,0,0,0,18,18,18,33,1,1,1,1,0
NKNC,Василий Петрович Номоконов,Член совета директоров,0,0,0,1,0,0,0,0,0,0,1,1,1,7,0,0,20,20,20,25,1,1,1,1,0
NKNC,Александр Анатольевич Петров,Член совета директоров,0,0,0,0,1,1,1,0,0,1,0,0,0,0,0,0,20,20,20,25,1,1,1,1,0
NKNC,Артур Гиззатуллин,"Первый заместитель генерального директора, главный инженер",0,0,0,0,1,0,0,0,0,0,0,0,0,0,0,0,0,0,0,0,1,1,1,1,0
NKNC,Петр Орлов,Заместитель генерального директора по капитальному строительству,0,0,0,0,1,0,0,0,0,0,0,0,0,0,0,0,0,0,0,0,1,1,1,0,0
NLMK,Sergey Karataev,"Chief Executive Officer / President (Chairman of the Management Board), elected on 5 January 2024",0,0,0,0,1,0,0,0,0,0,0,0,0,0,0,0,1,1,1,16,1,1,1,1,1
NLMK,Nikolay Ivanov,Director of Finance / CFO,0,0,0,0,1,0,1,0,0,0,0,0,0,0,0,0,3,3,3,3,1,1,1,1,3
NLMK,Dmitry Kholkin,Chief Tech/Sci/R&D Officer; Vice President for business system development / digital transformation,0,0,0,0,1,0,0,0,0,0,0,0,0,0,0,0,7,7,7,13,1,1,1,1,7
NLMK,Ben de Vos,Chief Operating Officer / international operations executive,0,0,1,0,0,1,1,0,0,0,0,0,0,0,0,0,15,15,15,15,1,1,1,1,0
NLMK,Irene Spitzberg,Chief Tech/Sci/R&D Officer; Vice President for Technology Development,0,0,0,1,0,0,1,0,0,0,0,0,1,0,4,0,4,4,4,7,1,1,1,1,4
NLMK,Vladimir Lisin,Chairman of the Board of Directors,0,0,0,1,0,0,0,0,0,1,,1,1,0,,1,27,27,27,27,1,1,1,0,27
NLMK,Nikolai Alexeevich Gagarin,Director / Board Member,0,0,0,1,0,0,0,0,1,0,0,0,1,0,0,0,16,16,16,16,1,1,1,1,16
NLMK,Oleg Bagrin,Director / Board Member,0,0,0,0,1,1,1,0,0,0,0,0,0,0,0,0,22,22,22,22,1,1,1,1,22
NLMK,Stanislav Shekshnia,Director / Board Member,0,0,0,1,0,0,0,0,0,1,0,0,1,0,0,0,10,10,10,10,1,1,1,0,10
NLMK,Thomas Veraszto,Director / Board Member,0,1,0,0,0,1,1,0,0,0,0,0,0,0,0,0,10,10,10,10,1,1,1,0,10
NLMK,Joachim Otto Jacob Limberg,Director / Board Member,0,0,1,0,0,0,1,0,0,0,0,0,0,0,0,0,6,6,6,6,1,1,1,0,6
NMTP,Киреев Сергей Георгиевич,Генеральный директор; Председатель Правления,0,0,0,0,1,0,0,0,0,0,0,0,0,0,0,0,15,15,15,29,1,1,1,0,15
NMTP,Шабанов Тимур Кайсерович,Главный инженер (по CSV; в открытых источниках по 2024 году есть конфликт),0,0,0,0,1,0,0,0,0,0,0,0,0,0,0,0,0,0,0,0,1,1,1,0,0
NMTP,Леписткин Владимир Викторович,Заместитель генерального директора по безопасности - начальник управления безопасности,0,0,0,0,1,0,0,0,0,0,0,0,0,0,0,0,0,0,0,0,1,1,1,0,0
NMTP,Ларин Вадим Михайлович,Заместитель генерального директора - руководитель коммерческой дирекции (по CSV; внешнее подтверждение слабое),0,0,0,0,1,0,0,0,0,0,0,0,0,0,0,0,0,0,0,0,1,1,1,0,0
NVTK,Михельсон Леонид Викторович,"Председатель Правления ПАО ""НОВАТЭК""; член Совета директоров ПАО ""НОВАТЭК"". CSV также указывает роль ""Генеральный директор"".",0,0,1,0,0,0,0,0,0,0,0,0,0,0,0,0,8,8,8,16,1,1,1,1,8
NVTK,Феодосьев Лев Владимирович,"Первый заместитель Председателя Правления ПАО ""НОВАТЭК""; член Совета директоров ПАО ""НОВАТЭК""",0,0,0,0,1,0,0,0,0,0,0,0,0,0,0,0,12,12,12,26,1,1,1,0,12
NVTK,Крюков Валерий Анатольевич,"Член Совета директоров ПАО ""НОВАТЭК""; директор, главный научный сотрудник и научный руководитель ИЭОПП СО РАН",0,0,0,1,0,0,0,0,0,1,0,0,1,0,0,0,4,4,4,6,1,1,1,1,2
NVTK,Нестеренко Виктор Геннадьевич,"Член Совета директоров ПАО ""НОВАТЭК""; президент НОУ ДПО ""Институт ПравоТЭК""",0,0,1,0,0,0,0,0,1,0,0,0,0,0,0,0,2,2,2,42,1,1,1,1,2
NVTK,Орел Алексей Владимирович,"Член Совета директоров ПАО ""НОВАТЭК""; советник генерального директора ФГБУ ""ВНИГНИ""",0,0,0,1,0,0,0,0,0,0,0,0,1,0,0,0,3,3,3,10,1,1,1,1,3
NVTK,Гайда Ирина Вернеровна,"Член Совета директоров ПАО ""НОВАТЭК""; эксперт по энергетике и низкоуглеродному развитию",0,0,1,0,0,1,1,0,0,1,0,0,1,0,0,0,2,2,2,13,1,1,1,1,2
NVTK,Эммануэль Киде,"Член Совета директоров ПАО ""НОВАТЭК""",0,0,0,0,1,0,1,0,0,0,0,0,0,0,0,0,4,4,4,47,1,1,1,0,4
NVTK,Акимов Андрей Игоревич,"Член Совета директоров ПАО ""НОВАТЭК""; председатель Правления и заместитель председателя Совета директоров Газпромбанка",0,0,0,0,1,0,0,0,0,1,0,0,0,0,0,0,7,7,7,11,1,1,1,1,2
NVTK,Наталенко Александр Егорович,"Председатель Совета директоров ПАО ""НОВАТЭК""",0,0,1,0,0,0,0,0,0,0,0,0,1,0,0,0,4,4,4,10,1,1,1,0,4
OGKB,Семиколенов Артем Викторович,"Генеральный директор (управляющий директор) по входному CSV; официальные документы ОГК-2 за 2024 год указывают, что полномочия единоличного исполнительного органа переданы управляющей организации, поэтому роль трактуется как операционный руководитель/CEO-equivalent с оговоркой.",0,0,0,0,1,0,0,0,0,0,0,0,0,0,0,0,12,8,12,14,1,1,1,1,8
OGKB,Абдуллин Роман Эдуардович,"Неисполнительный директор по входному CSV; историческое членство в Совете директоров ОГК-2 подтверждено официальными годовыми отчетами 2019-2020, но актуальность именно в составе 2024 года не подтверждена найденным сообщением ГОСА 2024.",0,0,0,0,1,0,0,0,0,0,0,0,0,0,0,0,9,9,9,20,1,1,1,1,9
OGKB,Бикмурзин Альберт Фяритович,"Неисполнительный директор по входному CSV; включен в список кандидатов в Совет директоров на ГОСА 18.06.2024, но визуализированное сообщение НРД не дает надежного персонального результата избрания.",0,0,1,0,0,0,0,0,0,0,0,0,1,0,0,0,7,7,7,14,1,1,1,1,7
OGKB,Рогалев Николай Дмитриевич,"Независимый директор по входному CSV; ректор НИУ ""МЭИ"" и член Совета директоров ОГК-2 в профильных источниках.",0,0,0,1,0,0,0,0,0,0,0,0,1,0,0,0,5,5,5,27,1,1,1,1,5
OGKB,Земляной Евгений Николаевич,Неисполнительный директор по входному CSV; включен в список кандидатов в Совет директоров на ГОСА 18.06.2024.,0,0,0,0,1,0,0,0,0,0,0,0,0,0,0,0,4,4,4,14,1,1,1,1,4
OGKB,Коробкина Ирина Юрьевна,Неисполнительный директор по входному CSV; включена в список кандидатов в Совет директоров на ГОСА 18.06.2024.,0,0,0,0,1,0,0,0,0,0,0,0,0,0,0,0,3,3,3,14,1,1,1,1,3
OGKB,Зайцев Сергей Артурович,Неисполнительный директор по входному CSV; в официальной биографии ОГК-2 за 2020 год указан как заместитель управляющего директора по производству - главный инженер и член Совета директоров.,0,0,0,0,1,0,0,0,0,0,0,0,0,0,0,0,13,13,13,13,1,1,1,1,10
OGKB,Пятницев Валерий Геннадьевич,Независимый директор по входному CSV; включен в список кандидатов в Совет директоров на ГОСА 18.06.2024.,0,0,1,0,0,0,0,0,0,0,0,0,0,0,0,0,6,6,6,12,1,1,1,1,6
OGKB,Рогов Александр Владимирович,Неисполнительный директор по входному CSV; включен в список кандидатов в Совет директоров на ГОСА 18.06.2024.,0,0,0,1,0,0,0,0,0,0,0,0,1,0,0,0,12,6,12,23,1,1,1,1,6
OGKB,Шацкий Павел Олегович,Неисполнительный директор по входному CSV; включен в список кандидатов в Совет директоров на ГОСА 18.06.2024.,0,0,0,0,1,0,0,0,0,0,0,0,0,0,0,0,10,10,10,30,1,1,1,1,10
OGKB,Куликов Денис Викторович,"Независимый директор по входному CSV; историческое членство в Совете директоров ОГК-2 подтверждено годовым отчетом 2019, но в составе кандидатов ГОСА 2024 он не найден.",0,0,1,0,0,0,0,0,0,0,0,0,0,0,0,0,9,9,9,22,1,1,1,1,9
OGKB,Дмитриев Андрей Игоревич,"Неисполнительный директор по входному CSV; историческое членство в Совете директоров ОГК-2 подтверждено годовым отчетом 2019, но в составе кандидатов ГОСА 2024 он не найден.",0,0,0,0,1,0,0,0,0,0,0,0,0,0,0,0,2,2,2,21,1,1,1,1,2
OKEY,KONSTANTIN ARABIDIS / Константин Арабидис,Генеральный директор в 2024-контексте O'KEY; independent director of O'KEY Group S.A. from 29 April 2025,0,0,0,0,1,0,0,0,0,1,0,0,0,0,0,0,10,10,10,10,1,1,1,1,8
OKEY,Андрей Кришнев / Andrey Krishnev,"CSV lists General Director, but public sources confirm O'KEY LLC CEO appointment only from 25 November 2025; not confirmed as 2024 CEO",0,0,0,0,1,0,0,0,0,1,0,0,0,0,0,0,0,0,0,24,0,0,0,1,0
OKEY,DMITRIY TROITSKIY / Дмитрий Троицкий,Non-executive Director in CSV/current board context; 2024 Board member and major indirect shareholder,0,0,0,0,1,0,0,0,0,0,0,0,0,0,0,0,15,15,15,34,1,1,1,1,15
OKEY,BORIS VOLCHEK / Борис Волчек,Non-executive Director in CSV/current board context; 2024 Board member and major indirect shareholder,0,0,0,0,1,0,0,0,0,0,0,0,0,0,0,0,15,15,15,31,1,1,1,1,15
OKEY,DMITRIY KORZHEV / Дмитрий Коржев,Non-executive Director in CSV/current board context; 2024 Board member,0,0,0,0,1,0,0,0,0,0,0,0,0,0,0,0,24,24,24,34,1,1,1,1,6
OKEY,ILYA ILIN / Илья Ильин,"Non-executive Director in CSV/current board context; in 2024 local report he was an external consultant/member of Board committees, not a Board director",0,0,0,0,1,0,0,0,1,1,0,0,0,0,0,0,2,2,2,14,1,1,1,1,2
OZON,Герасимов Игорь Владиславович,Исполнительный директор / Director of Ozon Holdings PLC in the 2024 context; earlier official Ozon filings identify him as Chief Financial Officer and Executive Director.,0,0,0,0,1,0,1,0,0,0,0,0,0,0,0,0,6,6,6,13,1,1,1,1,0
OZPH,Олег Эдуардович Минаков,"Генеральный директор ПАО ""Озон Фармацевтика"" с 8 мая 2024 года; исполнительный директор и член Совета директоров в 2024 году.",0,0,0,0,1,0,0,0,0,0,0,0,1,0,0,0,24,24,24,24,1,1,1,1,2
OZPH,Галина Кремер,Директор по финансам; исполнительный директор и член Совета директоров в 2024 году.,0,0,0,0,1,1,0,0,0,1,0,0,0,0,0,0,20,20,20,20,1,1,1,1,0
OZPH,Павел Грядунов,Директор по стратегии; исполнительный директор и член Совета директоров в 2024 году.,0,0,0,0,1,0,0,0,0,0,0,0,0,0,0,0,23,23,23,23,1,1,1,1,0
OZPH,Базов Антон,Директор по информационному обеспечению по CSV и официальной странице менеджмента; локальный годовой отчет 2024 не раскрывает биографию.,0,0,0,0,1,0,0,0,0,0,0,0,0,0,0,0,0,0,0,0,1,1,1,0,0
OZPH,Артем Бездухов,"Директор по персоналу по CSV, официальной странице менеджмента и университетским материалам.",0,0,0,0,1,0,0,0,0,0,0,0,0,0,0,0,0,0,0,0,1,1,1,0,0
OZPH,Андрей Горшков,Директор по экспорту и управлению брендовым портфелем; исполнительный директор и член Совета директоров в 2024 году.,0,0,0,0,1,1,0,0,0,1,0,0,0,0,0,0,19,19,19,19,1,1,1,1,0
OZPH,Ольга Ларина,Коммерческий директор с сентября 2024 года; исполнительный директор и член Совета директоров в 2024 году.,0,0,0,0,1,1,0,0,0,1,0,0,0,0,0,0,20,20,20,20,1,1,1,1,0
OZPH,Евгения Тетерина,"Директор по качеству по CSV, официальной странице менеджмента и профильному GxP-источнику.",0,0,0,0,1,0,0,0,0,0,0,0,0,0,0,0,0,0,0,0,1,1,1,1,0
OZPH,Мария Ульянова,"Директор по развитию по CSV и текущим официальным источникам; членство в Совете директоров в 2024 году конфликтует с локальным годовым отчетом, где в этой роли указана Наталья Титова.",0,0,0,0,1,1,0,0,0,1,0,0,0,0,0,0,7,7,7,7,1,1,1,1,1
OZPH,Дмитрий Коваленко,Директор по связям/взаимодействию с инвесторами.,0,0,0,0,1,0,0,0,0,0,0,0,0,0,0,0,0,0,0,0,1,1,1,0,0
OZPH,Анатолий Хавкин,Директор по логистике по CSV и официальной странице менеджмента.,0,0,0,0,1,0,0,0,0,0,0,0,0,0,0,0,0,0,0,0,1,1,1,0,0
OZPH,Павел Алексенко,"Председатель Совета директоров ПАО ""Озон Фармацевтика"" в 2024 году; бенефициарный владелец группы с долей 40,1% на 31.12.2024.",0,0,0,0,1,0,1,0,0,0,0,0,0,0,0,0,14,14,14,14,1,1,1,1,14
OZPH,Рустем Терегулов,Независимый директор; председатель комитета по аудиту и член комитета по номинациям и вознаграждениям в 2024 году.,0,0,0,0,1,1,1,0,0,1,0,0,0,0,0,0,1,1,1,27,1,1,1,1,1
OZPH,Сергей Тахиев,Независимый директор; председатель комитета по номинациям и вознаграждениям и член комитета по аудиту в 2024 году.,0,0,0,0,1,0,1,0,0,1,0,0,0,0,0,0,1,1,1,22,1,1,1,1,1
OZPH,Наталья Андреева,Независимый директор; член комитета по аудиту и комитета по номинациям и вознаграждениям в 2024 году.,0,0,0,0,1,1,0,0,0,1,0,0,0,0,0,0,1,1,1,31,1,1,1,1,1
OZPH,Дилшод Абдурасулов,Директор по проектной деятельности; исполнительный директор и член Совета директоров в 2024 году.,0,0,0,0,1,0,1,0,0,0,0,0,0,0,0,0,28,28,28,28,1,1,1,1,1
PHOR,Рыбников Михаил Константинович,"Генеральный директор ПАО ""ФосАгро"" в контексте 2024 года; председатель правления и член совета директоров ПАО ""ФосАгро"".",0,0,1,0,0,0,0,0,0,1,0,0,0,0,0,0,21,21,21,34,1,1,1,1,21
PHOR,Гильгенберг Александр Александрович,"2024: генеральный директор АО ""Апатит"". Текущая/послеотчетная роль: генеральный директор ПАО ""ФосАгро"" с июля 2025 года.",0,0,0,0,1,0,0,0,1,0,0,0,0,0,0,0,0,0,0,27,0,0,0,1,0
PHOR,Круговых Юрий Николаевич,"Первый заместитель генерального директора ПАО ""ФосАгро""; заместитель генерального директора по информационной политике АО ""Апатит""; член совета директоров ПАО ""ФосАгро"" в 2024 году.",0,0,0,0,1,0,0,0,0,0,0,0,0,0,0,0,3,3,3,35,1,1,1,1,3
PHOR,Пронин Сергей Александрович,"2024: коммерческий директор ПАО ""ФосАгро""; текущая/послеотчетная роль: первый заместитель генерального директора ПАО ""ФосАгро"" с марта 2026 года.",0,0,0,1,0,0,0,0,0,1,0,0,0,0,0,0,2,2,2,29,1,1,1,1,2
PHOR,Шарабайко Александр Федорович,"Заместитель генерального директора по финансам и международным проектам ПАО ""ФосАгро""; заместитель председателя совета директоров ПАО ""ФосАгро"" в 2024 году.",0,1,0,0,0,0,1,0,0,1,0,0,0,0,0,0,17,17,17,40,1,1,1,1,17
PHOR,Сиротенко Алексей Александрович,"Член правления; заместитель генерального директора ПАО ""ФосАгро"" по корпоративным и правовым вопросам; директор по правовым вопросам АО ""Апатит"".",0,0,0,0,1,0,0,0,1,0,0,0,0,0,0,0,0,0,0,27,0,0,0,1,0
PHOR,Федоров Валерий Иванович,"Заместитель генерального директора ПАО ""ФосАгро""; советник генерального директора АО ""Апатит"".",0,0,0,1,0,0,0,0,1,0,0,0,0,0,0,0,0,0,0,31,0,0,0,0,0
PHOR,Стеркин Михаил Владимирович,"Заместитель генерального директора ПАО ""ФосАгро"" по маркетингу.",0,0,0,0,1,0,0,0,0,0,0,0,1,0,0,0,0,0,0,9,0,0,0,1,0
PHOR,Селезнев Александр Евгеньевич,"Руководитель аппарата генерального директора ПАО ""ФосАгро""; член совета директоров ПАО ""ФосАгро"" в 2024 году.",0,0,0,0,1,0,0,0,0,0,0,0,0,0,0,0,10,10,10,22,1,1,1,0,10
PHOR,Левин Борис Владимирович,"Директор по научно-технологическим партнерствам ПАО ""ФосАгро""; советник генерального директора АО ""Апатит"".",0,0,0,1,0,0,0,0,0,0,0,0,1,0,0,0,0,0,0,16,0,0,0,1,0
PHOR,Новиков Денис Федорович,"2024: заместитель генерального директора по информационным технологиям. Текущая/послеотчетная роль: генеральный директор АО ""Апатит"" с сентября 2025 года.",0,0,0,0,1,1,0,0,0,1,0,0,0,0,0,0,15,15,15,15,1,1,1,0,15
PHOR,Давыденко Владимир Васильевич,"Директор по техническому развитию, капитальному строительству и ремонтам АО ""Апатит"".",0,0,0,0,1,0,0,0,0,0,0,0,1,2,0,0,0,0,0,27,0,0,0,1,0
PHOR,Абрашитов Андрей Юрьевич,"Директор Кировского филиала АО ""Апатит"".",0,0,0,0,1,0,0,0,0,1,1,1,1,1,0,0,0,0,0,35,0,0,0,1,0
PHOR,Грибков Алексей Борисович,"Директор по Череповецкому комплексу АО ""Апатит"".",0,0,0,0,1,0,0,0,0,0,0,0,0,0,0,0,0,0,0,32,0,0,0,1,0
PHOR,Николаев Антон Анатольевич,"2024: до назначения в Волховский филиал был главным инженером Череповецкого комплекса АО ""Апатит""; текущая/послеотчетная роль: директор Волховского филиала АО ""Апатит"" с марта 2025 года.",0,0,0,0,1,0,0,0,0,0,0,0,0,0,0,0,0,0,0,5,0,0,0,0,0
PHOR,Иванов Алексей Юрьевич,"2024: директор Волховского филиала АО ""Апатит"". Текущая/послеотчетная роль: директор Балаковского филиала АО ""Апатит"" с марта 2025 года.",0,0,0,0,1,0,0,0,0,1,0,0,0,0,0,0,0,0,0,4,0,0,0,1,0
PHOR,Вовк Андрей Михайлович,"Генеральный директор ООО ""ФосАгро-Регион"".",0,0,0,0,1,0,0,0,0,0,0,0,0,0,0,0,0,0,0,19,0,0,0,1,0
PHOR,Лобанов Сергей Андреевич,"2024: директор Балаковского филиала АО ""Апатит"". Текущая/послеотчетная роль: генеральный директор АО ""НИУИФ"" с 2025 года.",0,0,0,0,1,0,0,0,0,0,0,0,0,0,0,0,0,0,0,33,0,0,0,1,0
PIKK,Ерванд Оникович Карапетян,"Генеральный директор ПАО ""ПИК СЗ"" в контексте 2024 года; член нового совета директоров после смены состава 25.04.2024.",0,0,0,0,1,0,1,0,0,0,0,0,0,0,0,0,0,0,0,15,0,0,0,1,0
PIKK,Сергей Владимирович Мруз,"Председатель совета директоров ПАО ""ПИК СЗ"" после смены состава 25.04.2024; CSV также указывает роли заместителя генерального директора и управляющего директора по цифровизации.",0,0,0,1,0,0,0,0,0,0,0,0,0,0,0,0,0,0,0,12,0,0,0,1,0
PIKK,Кирилл Викторович Таченников,"Член совета директоров ПАО ""ПИК СЗ"" и член комитета по аудиту; CSV также указывает роль главы исследований.",0,0,0,0,1,0,0,0,0,0,0,0,0,0,0,0,0,0,0,1,0,0,0,1,0
PIKK,Владимир Валерьевич Заболотский,"Член совета директоров и председатель комитета по аудиту ПАО ""ПИК СЗ""; в CSV имя записано как ""Владимир Заболоцкий"".",0,0,0,0,1,0,0,0,0,0,0,0,0,0,0,0,0,0,0,1,0,0,0,1,0
PIKK,Илья Владиславович Юферев,"Член совета директоров и член комитета по аудиту ПАО ""ПИК СЗ""; CSV также указывает роль председателя наблюдательного совета.",0,0,0,0,1,0,0,0,0,0,0,0,0,0,0,0,0,0,0,9,0,0,0,1,0
PIKK,Иван Николаевич Поландов,"Бывший генеральный директор ПАО ""ПИК СЗ"" в 2024 году; CSV указывает его генеральным директором, но на дату годового отчета 2024 CEO подтвержден как Ерванд Карапетян.",0,0,0,0,1,0,0,0,0,0,0,0,0,0,0,0,9,9,9,12,1,1,1,1,9
PIKK,Сергей Эдуардович Гордеев,Роль из CSV: член совета директоров; президент. По найденным источникам относится к прежнему составу и не подтвержден в новом совете после 25.04.2024.,0,0,0,0,1,0,0,0,0,0,0,0,0,0,0,0,12,12,12,29,1,1,1,0,12
PIKK,Илья Михайлович Баландин,Роль из CSV: член совета директоров; директор департамента венчурных инвестиций. По найденным источникам относится к прежнему составу совета; сохранение в новом совете после 25.04.2024 не подтверждено.,0,0,0,0,1,0,0,0,0,0,0,0,0,0,0,0,0,0,0,16,1,1,1,1,0
PIKK,Юрий Ильин,Роль из CSV: член совета директоров; вице-президент по рынкам капитала и корпоративным финансам. По найденным источникам роль относится к прежнему составу совета; сохранение в новом совете после 25.04.2024 не подтверждено.,0,0,0,0,1,1,1,0,0,1,0,0,0,0,0,0,7,7,7,7,1,1,1,1,7
PIKK,Дмитрий Тимофеев,Роль из CSV: член совета директоров; вице-президент по работе с органами государственной власти и корпоративным отношениям. По найденным источникам членство в новом совете после 25.04.2024 не подтверждено.,0,0,0,0,1,0,0,0,1,0,0,0,0,0,0,0,0,0,0,23,0,0,0,1,0
PIKK,Алексей Александрович Карпенко,Роль из CSV: член совета директоров. По найденным источникам относится к прежнему составу совета; после 25.04.2024 в новом совете не подтвержден.,0,0,0,0,1,1,0,0,1,1,0,0,0,0,0,0,8,8,8,32,1,1,1,1,8
PIKK,Алексей Бланин,Роль из CSV: независимый член совета директоров. По найденным источникам относится к прежнему составу совета; после 25.04.2024 в новом совете не подтвержден.,0,0,0,0,1,0,0,0,0,0,0,0,0,0,0,0,0,0,0,0,1,1,1,1,0
PIKK,Зумруд Хандадашевна Рустамова,Роль из CSV: независимый член совета директоров. По найденным источникам относится к прежнему составу совета; после 25.04.2024 в новом совете не подтверждена.,0,0,0,0,1,0,0,0,0,0,0,0,0,0,0,0,0,0,0,53,1,1,1,1,0
PIKK,Джулиан Майкл Симмондс,Роль из CSV: независимый член совета директоров. По найденным источникам относится к прежнему составу совета; после 25.04.2024 в новом совете не подтвержден.,0,0,0,0,1,0,0,0,0,0,0,0,0,0,0,0,24,24,24,54,1,1,1,1,24
PIKK,Грегор Уильям Моват,Роль из CSV: независимый член совета директоров. По найденным источникам относится к прежнему составу совета; после 25.04.2024 в новом совете не подтвержден.,0,1,0,0,0,0,1,0,0,1,0,0,0,0,0,0,0,0,0,18,1,1,1,1,0
PLZL,Алексей Александрович Востоков,"Генеральный директор ПАО ""Полюс""; в локальном годовом отчете за 2024 год также указан как член Совета директоров и генеральный директор ООО ""УК Полюс"".",0,0,0,0,1,0,0,0,1,0,0,0,0,0,0,0,12,12,12,12,1,1,1,1,12
PLZL,Михаил Валерьевич Гордин,"Ректор МГТУ им. Н. Э. Баумана; независимый директор ПАО ""Полюс"" подтвержден как избранный 15.04.2025, а не как роль 2024 года.",0,0,0,1,0,1,0,0,0,1,0,0,1,0,0,0,8,0,8,38,1,0,1,1,0
PLZL,Дмитрий Николаевич Оленьков,"Заместитель директора департамента листинга и первичного рынка ПАО СПБ Биржа; советник генерального директора АО ВТБ Регистратор; независимый директор ПАО ""Полюс"" подтвержден как избранный 15.04.2025, а не как роль 2024 года.",0,0,0,0,1,0,0,0,0,1,0,0,0,0,0,0,0,0,0,33,0,0,0,1,0
PLZL,Андрей Александрович Скорочкин,"Генеральный директор/руководитель ""Рексофт Консалтинг""; независимый директор ПАО ""Полюс"" подтвержден как избранный 15.04.2025, а не как роль 2024 года.",0,0,0,1,0,1,1,0,0,1,0,0,1,0,0,0,0,0,0,11,0,0,0,1,0
PLZL,Владимир Анатольевич Полин,"Старший вице-президент по операционной деятельности ООО ""УК Полюс""; членство в Совете директоров в 2024 году локальным отчетом прямо не раскрыто.",0,0,0,0,1,0,0,0,0,0,0,0,0,0,0,0,3,3,3,3,1,1,1,1,3
POLY,Vitaly Nesis,Chief Executive Officer; member of the Board in the 2024 Solidcore context,0,0,1,0,0,0,1,0,0,1,0,0,0,0,0,0,22,22,22,30,1,1,1,1,22
POLY,HE Abdulsalam Al Murshidi,"Chair according to the current/CSV-linked Solidcore board context, but not a confirmed 2024 Solidcore director; AIFC records Solidcore director appointment effective 01-06-2026",0,0,0,0,1,0,0,0,0,0,0,0,0,0,0,0,0,0,0,0,0,0,0,1,0
POLY,Omar Bahram,Chair of the Board in the 2024 Solidcore context; later/current CSV context lists Vice-Chair after 2026 board changes,0,1,0,0,0,0,1,0,1,0,0,0,0,0,0,0,1,1,1,21,1,1,1,1,1
POLY,Evgueni Konovalenko,Senior Independent Non-Executive Director,0,1,0,0,0,1,1,0,0,1,0,0,0,0,0,0,3,3,3,22,1,1,1,1,3
POLY,Richard Sharko,Independent Non-Executive Director,0,1,0,0,0,0,1,0,0,1,0,0,0,0,0,0,3,3,3,12,1,1,1,1,3
POLY,Janat Berdalina,Independent Non-Executive Director,0,0,0,0,1,1,1,0,0,1,1,1,0,0,0,0,3,3,3,3,1,1,1,1,3
POLY,Pascale Jeannin Perez,Independent Non-Executive Director,0,0,0,0,1,0,1,0,0,1,0,0,0,0,0,0,3,3,3,3,1,1,1,1,3
POLY,Steven Dashevsky,Independent Non-Executive Director,0,0,0,0,1,0,1,0,0,1,0,0,0,0,0,0,3,3,3,28,1,1,1,1,3
POSI,Денис Сергеевич Баранов,"Генеральный директор ПАО ""Группа Позитив"" / Positive Technologies с 29 июля 2021 года; CSV также содержит отдельную строку о членстве в совете директоров.",0,0,0,0,1,0,0,0,0,0,0,0,1,0,0,0,16,16,16,16,1,1,1,0,16
POSI,Алексей Вячеславович Андреев,член совета директоров по CSV; в официальном отчете 2022 указан как управляющий директор департамента исследований и разработки Positive Technologies. Поименное подтверждение состава СД 2024 в доступном годовом отчете отсутствует.,0,0,0,0,1,0,0,0,0,0,0,0,0,0,0,0,10,10,10,10,1,1,1,1,10
POSI,Евгений Вячеславович Киреев,член совета директоров по CSV; сооснователь Positive Technologies. Поименное подтверждение состава СД 2024 в доступном годовом отчете отсутствует.,0,0,0,0,1,0,0,0,0,0,0,0,1,0,0,0,34,34,34,43,1,1,1,1,23
POSI,Денис Иванович Кораблев,"управляющий директор, директор по продуктам Positive Technologies; членство в СД указано в CSV, но для 2024 не подтверждено открытым поименным источником.",0,0,0,0,1,0,0,0,0,0,0,0,0,0,0,0,8,8,8,14,1,1,1,1,8
POSI,Андрей Игоревич Кузин,"операционный директор Positive Technologies; членство в СД указано в CSV, но для 2024 не подтверждено открытым поименным источником.",0,0,0,0,1,0,0,0,0,0,0,0,0,0,0,0,0,0,0,0,1,1,1,0,0
POSI,Дмитрий Владимирович Пухов,"член совета директоров по CSV; открытое поименное подтверждение найдено только в post-2024 corporate actions 2025/2026, не для 2024 года.",0,0,0,0,1,0,0,0,0,0,0,0,0,0,0,0,0,0,0,0,0,0,0,0,0
POSI,Даниил Александрович Рыбак,член совета директоров по CSV; в официальном отчете 2022 указан как независимый директор Positive Technologies. Поименное подтверждение состава СД 2024 в доступном годовом отчете отсутствует.,0,0,0,0,1,0,1,0,0,1,0,0,0,0,0,0,0,0,0,19,0,0,0,1,0
POSI,Карина Суреновна Саркисян,член совета директоров по CSV; в официальном отчете 2022 указана как независимый директор Positive Technologies. Поименное подтверждение состава СД 2024 в доступном годовом отчете отсутствует.,0,0,0,1,0,1,1,0,0,1,0,0,1,0,0,0,0,0,0,7,0,0,0,1,0
POSI,Максим Георгиевич Филиппов,"заместитель генерального директора Positive Technologies; членство в СД указано в CSV, но для 2024 не подтверждено открытым поименным источником.",0,0,0,0,1,0,0,0,0,1,0,0,0,0,0,0,11,11,11,11,1,1,1,1,11
PRMD,Александр Игоревич Ефремов,"Генеральный директор ПАО ""ПРОМОМЕД""; член Совета директоров ПАО ""ПРОМОМЕД""",0,0,0,1,0,0,1,0,0,0,0,0,0,0,0,0,2,2,2,25,1,1,1,1,2
PRMD,Петр Александрович Белый,"Председатель Совета директоров ПАО ""ПРОМОМЕД""; основатель ГК ""ПРОМОМЕД""",0,0,0,1,0,0,0,0,0,0,0,0,1,0,0,0,0,0,0,33,0,0,0,1,0
PRMD,Кирилл Юрьевич Рубинский,"Независимый член Совета директоров ПАО ""ПРОМОМЕД""; председатель Комитета по аудиту",0,0,1,0,0,0,1,0,0,1,0,0,0,0,0,0,4,4,4,20,1,1,1,1,4
PRMD,Игорь Вениаминович Маев,"Независимый член Совета директоров ПАО ""ПРОМОМЕД""; председатель Комитета по номинациям и вознаграждениям",0,0,0,1,0,0,0,0,0,0,800,1,1,0,9,0,2,2,2,14,1,1,1,1,2
PRMD,Деян Йованович,"Независимый член Совета директоров ПАО ""ПРОМОМЕД""; член Комитета по аудиту и Комитета по стратегии и устойчивому развитию",0,0,0,0,1,0,1,0,0,0,0,0,0,0,0,0,18,18,18,44,1,1,1,1,1
PRMD,Юрий Федорович Литвищенко,"Независимый член Совета директоров ПАО ""ПРОМОМЕД""; член Комитета по стратегии и устойчивому развитию",0,0,0,1,0,0,1,0,0,0,0,0,0,0,0,0,15,15,15,20,1,1,1,1,1
PRMD,Михаил Игоревич Малиновский,"Неисполнительный член Совета директоров ПАО ""ПРОМОМЕД""",0,0,0,0,1,0,1,0,1,1,50,1,0,0,0,0,1,1,1,17,1,1,1,1,1
PRMD,Юрий Юрьевич Троянкин,"Член Совета директоров ПАО ""ПРОМОМЕД""; директор по персоналу и организационному развитию",0,0,0,0,1,0,0,0,0,1,0,0,0,0,0,0,0,0,0,5,0,0,0,1,0
PRMD,Кира Яковлевна Заславская,"Член Совета директоров ПАО ""ПРОМОМЕД""; директор по новым продуктам",0,0,0,0,1,1,0,0,0,1,50,1,1,0,20,1,0,0,0,17,0,0,0,1,0
QIWI,Alexey Sergeevich Mashchenkov / Алексей Мащенков,Chief Executive Officer (CEO) and Executive Director in the 2024 QIWI plc/NanduQ plc context,0,0,0,0,1,1,1,0,0,1,0,0,0,0,0,0,5,5,5,19,1,1,1,1,5
RASP,Владимир Федорович Мельниченко,"Генеральный директор ООО ""Распадская угольная компания"" (ООО ""РУК""), управляющей организации ПАО ""Распадская""; CEO-equivalent для ПАО ""Распадская"" в контексте передачи полномочий единоличного исполнительного органа управляющей организации",0,0,0,0,1,0,0,0,0,0,0,0,0,0,0,0,2,2,2,15,1,1,1,1,0
RASP,Марат Михайлович Атнашев,"Член совета директоров ПАО ""Распадская""; директор по управлению активами CTF Consultancy Limited по CSV",0,0,0,1,0,1,1,0,0,1,0,0,0,0,0,0,5,5,5,17,1,1,1,1,5
RASP,Игорь Вадимович Богачев,"Независимый член совета директоров ПАО ""Распадская""; генеральный директор группы компаний ""Цифра"" по CSV и старым раскрытиям",0,0,1,0,0,1,0,0,0,1,0,0,0,0,0,0,3,3,3,3,1,1,1,1,3
RASP,Андрей Владимирович Давыдов,"Член совета директоров ПАО ""Распадская"" по CSV/агрегаторам; должность генерального директора РУК из CSV не перенесена в 2024 год как текущая, потому что Интерфакс сообщил о его уходе с поста в апреле 2023 года",0,0,0,0,1,0,0,0,0,0,0,0,0,0,0,0,4,4,4,4,1,1,1,1,0
RASP,Алексей Александрович Иванов,"Член совета директоров ПАО ""Распадская""; бывший CEO EVRAZ plc, сохранивший руководящую роль в российском периметре EVRAZ после 30 июня 2023 года",0,0,1,0,0,0,1,0,0,1,0,0,0,0,0,0,8,8,8,24,1,1,1,1,8
RASP,Николай Владимирович Иванов,"Член совета директоров ПАО ""Распадская""; финансовый руководитель/бывший вице-президент по финансам EVRAZ по внешним источникам",0,0,1,0,0,0,0,0,0,1,0,0,0,0,0,0,0,0,0,17,1,1,1,1,0
RASP,Ольга Александровна Покровская,"Член совета директоров ПАО ""Распадская""; финансовый советник по CSV",0,0,0,0,1,0,0,0,0,1,0,0,0,0,0,0,10,10,10,10,1,1,1,0,10
RASP,Эрик Хью Джон Стойлл,"Независимый неисполнительный член совета директоров ПАО ""Распадская""",0,0,1,0,0,0,1,0,0,1,0,0,0,0,0,0,12,12,12,25,1,1,1,1,12
RASP,Регина Дагмар Бенедикта фон Флемминг,"Независимый член совета директоров ПАО ""Распадская""",0,0,0,0,1,0,1,0,0,0,0,0,0,0,0,0,0,0,0,10,1,1,1,1,0
RASP,Александр Владимирович Фролов,"Член и председатель Совета директоров ПАО ""Распадская"" по старым раскрытиям и MarketScreener; совладелец по CSV",0,0,0,1,0,0,0,0,0,0,0,0,0,0,0,0,3,3,3,22,1,1,1,1,3
RENI,Гадлиба Юлия Олеговна,Генеральный директор ПАО «Группа Ренессанс Страхование» в контексте 2024 года; публичные профили также указывают роль председателя правления,0,0,0,0,1,0,0,0,0,1,0,0,0,0,0,0,25,25,25,25,1,1,1,1,19
RKKE,Озар Игорь Яковлевич,"Генеральный директор ПАО ""РКК ""Энергия"" им. С.П. Королёва"" в контексте 2024 года; член Совета директоров.",0,0,0,0,1,0,0,0,0,1,0,0,0,0,0,0,34,33,34,43,1,1,1,1,6
RKKE,Мальцев Игорь Евгеньевич,"CSV указывает: генеральный директор; веб-источники показывают назначение генеральным директором ПАО ""РКК ""Энергия"" 23.05.2025, то есть после целевого 2024 года.",0,0,0,0,1,0,0,0,1,0,0,0,0,0,0,0,10,10,10,10,1,1,1,1,0
RKKE,Борисов Юрий Иванович,"Председатель Совета директоров ПАО ""РКК ""Энергия"" в 2024 году; генеральный директор Госкорпорации ""Роскосмос"" в 2024 году.",0,0,0,1,0,0,0,0,0,0,0,0,0,0,0,0,4,1,4,47,1,1,1,1,1
RKKE,Быков Александр Иванович,"член Совета директоров ПАО ""РКК ""Энергия"" в 2024 году; в 2019 году назначался директором департамента пилотируемых космических программ Роскосмоса.",0,0,0,0,1,0,0,0,0,0,0,0,0,0,0,0,7,1,7,7,1,1,1,1,1
RKKE,Никифоров Никита Юрьевич,"член Совета директоров ПАО ""РКК ""Энергия"" в 2024 году.",0,0,0,0,1,0,0,0,0,0,0,0,0,0,0,0,1,1,1,1,1,1,1,0,1
RKKE,Погосян Михаил Асланович,"член Совета директоров ПАО ""РКК ""Энергия"" в 2024 году; ректор Московского авиационного института.",0,0,0,1,0,0,0,0,0,0,0,0,1,21,0,0,43,43,43,52,1,1,1,1,1
RKKE,Романов Константин Владимирович,"член Совета директоров ПАО ""РКК ""Энергия"" в 2024 году.",0,0,0,0,1,0,0,0,0,0,0,0,0,0,0,0,1,1,1,1,1,1,1,0,1
RKKE,Суворов Павел Анатольевич,"член Совета директоров ПАО ""РКК ""Энергия"" в 2024 году; публичные источники связывают его с ролью исполнительного директора Роскосмоса по экономике.",0,0,0,0,1,0,0,0,0,0,0,0,0,0,0,0,1,1,1,1,1,1,1,1,1
RKKE,Федоров Александр Сергеевич,"член Совета директоров ПАО ""РКК ""Энергия"" в 2024 году.",0,0,0,0,1,0,0,0,0,0,0,0,0,0,0,0,1,1,1,1,1,1,1,0,1
RKKE,Форсов Георгий Львович,"член Совета директоров ПАО ""РКК ""Энергия"" в 2024 году; публичные источники связывают его с ролью исполнительного директора Роскосмоса по контрактно-договорной работе.",0,0,0,0,1,0,0,0,0,0,0,0,0,0,0,0,1,1,1,1,1,1,1,1,1
RNFT,Толочек Евгений Викторович,"Президент ПАО НК ""РуссНефть""; единоличный исполнительный орган компании в контексте 2024 года.",0,0,0,0,1,0,0,0,0,0,0,0,0,0,0,0,11,11,11,35,1,1,1,1,11
RNFT,Прозоровская Ольга Евгеньевна,"Старший вице-президент по экономике и финансам ПАО НК ""РуссНефть""; член Совета директоров по состоянию на 31.12.2024.",0,0,1,0,0,0,0,0,0,1,0,0,0,0,0,0,26,26,26,49,1,1,1,1,26
RNFT,Пицюра Евгений Владимирович,"Chief Tech/Sci/R&D Officer по CSV; вице-президент по геологии и разработке ПАО НК ""РуссНефть"" с августа 2020 года. Round 2 (quality pass): официальная архивная биография компании (Wayback Machine, снимок 09.11.2024, за 7 недель до конца отчетного года) прямо подтверждает, что он продолжал занимать эту должность практически до конца 2024 года; это разрешает прежнюю неопределенность по статусу на 31.12.2024.",0,0,0,1,0,0,0,0,0,0,0,0,1,1,0,0,5,5,5,31,1,1,1,1,5
RNFT,Карпенко Сергей Анатольевич,"Corporate Officer/Principal и Director/Board Member по CSV; официальный документ 2023 года указывает должность директора департамента по работе с органами государственной власти ПАО НК ""РуссНефть""; локальный отчет 2024 фиксирует участие в заседаниях Совета директоров, но не включает его в состав Совета директоров на 31.12.2024.",0,0,0,0,1,0,0,0,0,0,0,0,0,0,0,0,0,0,0,0,1,1,1,0,0
RNFT,Романов Дмитрий Вячеславович,"Вице-президент по корпоративным отношениям ПАО НК ""РуссНефть""; член Совета директоров по состоянию на 31.12.2024.",0,0,0,1,0,0,0,0,0,1,0,0,0,0,0,0,25,25,25,48,1,1,1,1,25
RNFT,Кирдода Игорь Иванович,"Director/Board Member по CSV; официальный документ РуссНефти указывает, что полномочия члена Совета директоров прекращены 28.11.2023, поэтому членство в Совете директоров в 2024 году не подтверждено.",0,0,0,1,0,0,1,0,0,0,0,0,1,1,0,0,1,1,1,25,1,1,1,1,1
RNFT,Кузьменков Алексей Александрович,"Член Совета директоров ПАО НК ""РуссНефть"" по состоянию на 31.12.2024.",0,0,0,0,1,0,0,0,0,0,0,0,0,0,0,0,1,1,1,21,1,1,1,1,1
RNFT,Дерех Андрей Михайлович,"Независимый директор ПАО НК ""РуссНефть""; председатель Комитета по кадрам и вознаграждениям и член Комитета по аудиту по состоянию на 31.12.2024.",0,0,0,0,1,0,1,0,0,1,0,0,0,0,0,0,9,9,9,9,1,1,1,0,9
RNFT,Мартынов Виктор Георгиевич,"Председатель Совета директоров ПАО НК ""РуссНефть""; независимый директор по состоянию на 31.12.2024.",0,0,0,1,0,0,0,0,0,1,0,0,1,0,0,0,9,9,9,49,1,1,1,1,9
RNFT,Щербак Владимир Львович,"Член Совета директоров ПАО НК ""РуссНефть"" по состоянию на 31.12.2024.",0,0,0,0,1,0,0,0,0,1,0,0,0,0,0,0,15,15,15,15,1,1,1,0,15
RNFT,Степашин Сергей Вадимович,"Независимый директор ПАО НК ""РуссНефть""; председатель Комитета по аудиту по состоянию на 31.12.2024.",0,0,0,1,0,0,0,0,1,0,0,0,1,0,0,0,7,7,7,12,1,1,1,1,7
RNFT,Сидский Николай Алексеевич,"Член Совета директоров ПАО НК ""РуссНефть"" по состоянию на 31.12.2024.",0,0,0,0,1,0,0,0,1,0,0,0,0,0,0,0,3,3,3,3,1,1,1,0,3
ROSN,Igor Sechin,"Chief Executive Officer; Chairman of the Management Board, ПАО ""НК ""Роснефть""; member of the Board of Directors in 2024",0,0,0,1,0,0,0,0,0,1,0,0,0,0,0,0,13,13,13,26,1,1,1,1,13
ROSN,Petr Lazarev,"Director of Finance/CFO; Management Board/finance executive, ПАО ""НК ""Роснефть""",0,0,0,0,1,0,0,0,0,1,0,0,0,0,0,0,13,13,13,36,1,1,1,0,13
ROSN,Valentin Gennadyevich Mamayev,"Vice President / Management Board member or corporate officer, ПАО ""НК ""Роснефть""",0,0,0,0,1,0,0,0,0,0,0,0,0,0,0,0,4,4,4,4,1,1,1,1,4
ROSN,Yegor Filippov,"Member of Management Board / corporate officer, ПАО ""НК ""Роснефть""; formerly acting head of RN-Yuganskneftegaz and Kondaneft",0,0,0,0,1,0,0,0,0,0,0,0,0,0,0,0,4,4,4,8,1,1,1,1,4
ROSN,Ural A. Latypov,"Vice President; Head of Security Service, ПАО ""НК ""Роснефть""",0,0,0,0,1,0,0,0,0,0,0,0,0,0,0,0,8,8,8,30,1,1,1,0,8
ROSN,Andrey Igorevich Akimov,"Director/Board Member of ПАО ""НК ""Роснефть""; Chairman of the Management Board of Gazprombank",0,0,0,0,1,0,0,0,0,1,0,0,0,0,0,0,11,11,11,24,1,1,1,1,11
ROSN,Alexander Novak,"Director/Board Member of ПАО ""НК ""Роснефть""; Deputy Prime Minister of the Russian Federation",0,0,0,0,1,0,0,0,0,1,0,0,0,0,0,0,6,6,6,11,1,1,1,0,6
ROSN,Faisal Al-Suwaidi,"Director/Board Member of ПАО ""НК ""Роснефть""; representative of Qatar Investment Authority",0,0,0,0,1,0,1,0,0,1,0,0,1,13,0,0,54,54,54,54,1,1,1,1,8
ROSN,Hamad Al-Mohannadi,"Director/Board Member of ПАО ""НК ""Роснефть""; representative of Qatar Investment Authority",0,0,0,0,1,0,0,0,0,0,0,0,0,0,0,0,6,6,6,6,1,1,1,1,6
ROSN,Maxim Oreshkin,"Director/Board Member of ПАО ""НК ""Роснефть""; Deputy Head of the Presidential Administration of the Russian Federation",0,0,1,0,0,0,0,0,0,1,0,0,0,0,0,0,5,5,5,24,1,1,1,1,5
ROSN,Alexander Uss,CSV-listed Director/Board Member; official 28 June 2024 Rosneft board list does not include him,0,0,0,1,0,0,0,0,1,0,0,0,1,44,0,0,3,3,3,9,1,1,1,0,3
ROSN,Alexander Dmitrievich Nekipelov,"Director/Board Member of ПАО ""НК ""Роснефть""; Director of Moscow School of Economics, MSU; CSV labels him Chairman but official 2024 Rosneft materials do not",0,0,0,0,1,0,0,0,0,1,0,0,1,0,0,0,14,14,14,22,1,1,1,0,14
ROSN,Vladimir Litvinenko,CSV-listed Director/Board Member; official 28 June 2024 Rosneft board list does not include him; Rector of Saint Petersburg Mining University,0,0,0,1,0,0,0,0,0,0,0,0,1,0,0,0,3,3,3,32,1,1,1,0,3
ROSN,Pedro A. Aquino,"Director/Board Member of ПАО ""НК ""Роснефть""; CEO of Oil & Petroleum Holdings International Resources Limited; independent director",0,0,0,0,1,0,0,0,0,0,0,0,0,0,0,0,3,3,3,3,1,1,1,1,3
RTKM,Михаил Эдуардович Осеевский,"Президент и председатель правления ПАО ""Ростелеком""; CEO-equivalent в контексте 2024 года. CSV также содержит его как Chief Executive Officer и Director/Board Member.",0,0,0,1,0,0,0,0,0,1,0,0,1,11,0,0,8,8,8,25,1,1,1,1,8
RTKM,Анна Борисовна Трегубенкова,"Старший вице-президент - финансовый директор ПАО ""Ростелеком"" с 11 июля 2024 года; с августа 2024 года в публичных IR-комментариях указывалась как заместитель президента - председателя правления.",0,0,1,0,0,0,0,0,0,1,0,0,0,0,0,0,8,8,8,24,1,1,1,1,8
RTKM,Алексей Валерьевич Сапунов,Заместитель президента - председателя правления / руководитель технической инфраструктуры Ростелекома; CSV классифицирует как Chief Tech/Sci/R&D Officer.,0,0,0,0,1,0,0,0,0,0,0,0,0,0,0,0,13,13,13,26,1,1,1,1,13
RTKM,Дарий Равильевич Халитов,Руководитель ИТ-кластера Ростелекома; CSV классифицирует как Chief Tech/Sci/R&D Officer.,0,0,1,0,0,0,0,0,0,1,0,0,0,0,0,0,4,4,4,4,1,1,1,0,4
RTKM,Дмитрий Александрович Куракин,"CSV: Chief Administrative Officer. Официальная новость Ростелекома подтверждает назначение вице-президентом, административным директором в 2017 году; независимое подтверждение нахождения в этой роли в 2024 году не найдено.",0,0,0,0,1,0,0,0,1,0,0,0,0,0,0,0,8,8,8,29,1,1,1,0,8
RTKM,Антон Андреевич Златопольский,"CSV: Director/Board Member ПАО ""Ростелеком"". Публичная биография: медиаменеджер, генеральный директор телеканала ""Россия-1"" / руководитель ВГТРК-направлений.",0,0,0,1,0,0,0,0,1,0,0,0,0,0,0,0,14,14,14,14,1,1,1,1,14
RTKM,Вадим Викторович Семенов,"CSV: Chairman ПАО ""Ростелеком"". По локальному отчету и официальной новости Ростелекома после ГОСА 16.09.2024 председателем совета директоров стал Дмитрий Медведев; роль Семенова как chairman в 2024 году не подтверждена.",0,0,0,0,1,0,0,0,1,0,0,0,0,0,0,0,12,12,12,12,1,1,1,1,12
RTKM,Кирилл Александрович Дмитриев,"CSV: Director/Board Member ПАО ""Ростелеком""; генеральный директор Российского фонда прямых инвестиций.",0,1,0,0,0,1,1,0,0,1,0,0,0,0,0,0,11,11,11,31,1,1,1,1,11
RTKM,Алексей Андреевич Яковицкий,"CSV: Director/Board Member ПАО ""Ростелеком""; финансист и инвестиционный менеджер.",0,0,1,0,0,0,1,0,0,0,0,0,0,0,0,0,8,8,8,26,1,1,1,1,8
RTKM,Андрей Леонидович Костин,"CSV: Director/Board Member ПАО ""Ростелеком""; президент - председатель правления Банка ВТБ.",0,0,0,1,0,0,0,0,0,1,0,0,0,0,0,0,5,5,5,31,1,1,1,1,5
RTKM,Елена Владимировна Шмелева,"CSV: Director/Board Member ПАО ""Ростелеком""; председатель Совета федеральной территории ""Сириус"", руководитель Образовательного Фонда ""Талант и успех"".",0,0,0,1,0,0,0,0,0,0,0,0,1,0,0,0,5,5,5,11,1,1,1,1,5
RTKM,Антон Алексеевич Устинов,"CSV: Director/Board Member ПАО ""Ростелеком""; председатель правления АО ""СОГАЗ"".",0,0,0,1,0,0,0,0,1,0,0,0,1,0,0,0,5,5,5,28,1,1,1,1,5
RTKM,Дмитрий Николаевич Чернышенко,"CSV: Director/Board Member ПАО ""Ростелеком""; заместитель Председателя Правительства Российской Федерации.",0,0,1,0,0,0,0,0,0,0,0,0,0,0,0,0,5,5,5,24,1,1,1,1,5
RTKM,Николай Викторович Цехомский,"CSV: Director/Board Member ПАО ""Ростелеком""; первый заместитель председателя - член правления ВЭБ.РФ.",0,0,0,1,0,0,0,0,0,1,0,0,1,3,0,0,0,0,0,31,1,1,1,1,0
RUAL,Evgeny Viktorovich Nikitin / Евгений Викторович Никитин,"Генеральный директор / Chief Executive Officer МКПАО ""ОК РУСАЛ""; исполнительный директор и член Совета директоров в контексте 2024 года",0,0,1,0,0,1,0,0,0,1,0,0,0,0,0,0,0,0,0,32,0,0,0,1,0
RUAL,Alexander Popov / Александр Валентинович Попов,Финансовый директор / Director of Finance/CFO РУСАЛа,0,1,0,0,0,0,0,0,0,1,0,0,0,0,0,0,6,6,6,6,1,1,1,1,6
RUAL,Victor Mann / Виктор Манн,Технический директор / Chief Tech/Sci/R&D Officer РУСАЛа,0,0,0,0,1,0,0,0,0,0,0,0,1,20,0,0,20,20,20,20,1,1,1,0,20
RUAL,Karen Li / Karen Li Wai-Yin / Карен Ли Вай-Инь,Investor Relations Contact; Asia/Hong Kong IR contact for RUSAL,0,0,0,0,1,0,0,0,0,0,0,0,0,0,0,0,0,0,0,0,1,1,1,0,0
RUAL,Lok Tung Chan / Chan Lok Tung / Чен Лок Тунг,"Hong Kong Company Secretary, Authorised Representative and Process Agent of RUSAL from 1 October 2024",0,1,0,0,0,0,1,0,0,1,0,0,0,0,0,0,1,1,1,1,1,1,1,0,1
RUAL,Bernard Zonneveld / Бернард Зонневельд,Председатель Совета директоров РУСАЛа; независимый неисполнительный директор,0,0,1,0,0,0,1,0,1,1,0,0,0,0,0,0,9,9,9,9,1,1,1,1,9
RUAL,Kevin Parker / Kevin Edward Parker,Независимый неисполнительный директор РУСАЛа,0,1,0,0,0,0,1,0,0,1,0,0,0,0,0,0,6,6,6,6,1,1,1,1,6
RUAL,Chris Burnham / Christopher Bancroft Burnham,Независимый неисполнительный директор РУСАЛа,0,0,1,0,0,0,1,0,0,0,0,0,0,0,0,0,6,6,6,6,1,1,1,1,6
RUAL,Evgeny Arkadievich Shvarts / Евгений Аркадьевич Шварц,Независимый неисполнительный директор РУСАЛа; научный сотрудник/руководитель центра Института географии РАН,0,0,0,1,0,0,0,0,0,0,207,0,1,43,0,0,5,5,5,44,1,1,1,0,5
RUAL,Egorov Anton Aleksandrovich / Антон Александрович Егоров,"CSV-listed Director/Board Member with post-2024 date; later non-executive director of RUSAL from June 2025, not a confirmed 2024 director",0,0,0,0,1,1,1,0,1,1,0,0,0,0,0,0,7,7,7,7,1,1,1,1,7
RUAL,Anna Vasilenko / Анна Геннадьевна Василенко,Независимый неисполнительный директор РУСАЛа,0,0,1,0,0,1,0,0,0,1,0,0,0,0,0,0,4,4,4,29,1,1,1,1,4
RUAL,Lyudmila Petrovna Galenskaya / Людмила Петровна Галенская,Независимый неисполнительный директор РУСАЛа,0,0,1,0,0,0,0,0,0,0,0,0,0,0,0,0,3,3,3,46,1,1,1,0,3
RUAL,Semen Viktorovich Mironov / Семен Викторович Миронов,Неисполнительный директор РУСАЛа,0,0,1,0,0,0,1,0,0,1,0,0,1,14,0,0,2,2,2,22,1,1,1,1,2
RUAL,Natalia Albrecht / Natalia Albrekht / Наталья Александровна Альбрехт,"Исполнительный директор РУСАЛа; заместитель Генерального директора по управлению персоналом АО ""РУСАЛ Менеджмент""",0,0,0,0,1,0,0,0,0,0,0,0,0,0,0,0,6,6,6,24,1,1,1,1,0
SBER,Herman Gref,"Президент, Председатель Правления ПАО Сбербанк; CSV также указывает роль Director/Board Member",0,0,0,1,0,0,0,0,1,1,0,0,0,0,0,0,18,18,18,36,1,1,1,0,18
SBER,Mikhail Ratinskii,"CSV: Comptroller/Controller/Auditor; публичные источники подтверждают Михаила Сергеевича Ратинского как старшего управляющего директора, главного бухгалтера - директора Департамента учета и отчетности ПАО Сбербанк",0,0,0,0,1,0,0,0,0,0,0,0,0,0,0,0,0,0,0,13,1,1,1,1,0
SBER,Oleg V. Chistyakov,CSV: Comptroller/Controller/Auditor; открытые источники связывают Олега Чистякова со службой внутреннего аудита / департаментом аудита Сбербанка,0,0,0,0,1,0,0,0,0,0,0,0,0,0,0,0,17,17,17,17,1,1,1,1,17
SBER,Larisa Zalomikhina,Директор управления комплаенс / Compliance Officer Сбербанка,0,0,0,0,1,0,0,0,0,0,0,0,0,0,0,0,11,11,11,11,1,1,1,0,11
SBER,Oleg Yuryevich Tsvetkov,Корпоративный секретарь / управляющий директор - руководитель Службы корпоративного секретаря ПАО Сбербанк,0,0,0,1,0,1,1,0,1,1,0,0,0,0,0,0,12,12,12,12,1,1,1,0,12
SBER,Anastasia Belyanina,"CSV: Investor Relations Contact; открытые источники также указывают старшего управляющего директора - руководителя Дирекции инвестиционной экспертизы, Блок «Финансы», Сбербанк",0,0,0,0,1,0,0,0,0,1,0,0,0,0,0,0,0,0,0,16,1,1,1,1,0
SBER,Anton Siluanov,Председатель Наблюдательного совета Сбербанка; Министр финансов Российской Федерации,0,0,0,1,0,0,0,0,0,1,1,1,0,0,0,0,5,5,5,15,1,1,1,0,5
SBER,Nadya Wells,"CSV: Director/Board Member; для 2024 года роль в Наблюдательном совете Сбербанка не подтверждена, поскольку независимые иностранные директора, включая Надю Уэллс, вышли из НС 24.02.2022",0,0,1,0,0,1,1,0,0,1,0,0,0,0,0,0,22,8,8,22,1,1,1,1,8
SBER,Nikolay Kudryavtsev,CSV: Director/Board Member; президент МФТИ; членство в НС Сбербанка в 2024 году не раскрыто локальным отчетом персонально,0,0,0,1,0,0,0,0,0,0,0,0,1,0,,1,6,6,6,29,1,1,1,1,6
SBER,Gennady Melikian,CSV: Director/Board Member; публичные источники связывают Геннадия Георгиевича Меликьяна с Наблюдательным советом Сбербанка и ролью старшего независимого директора,0,0,0,1,0,0,0,0,0,1,0,0,1,0,0,0,11,11,11,11,1,1,1,0,11
SBER,Bella Zlatkis,"CSV: Director/Board Member; для 2024 года активная роль в Сбере не подтверждена, поскольку Белла Златкис покинула пост заместителя председателя правления Сбербанка в 2022 году",0,0,0,1,0,0,0,0,0,1,0,0,0,0,0,0,19,19,19,54,1,1,1,0,19
SBER,Dmitriy Chernyshenko,CSV: Director/Board Member; Заместитель Председателя Правительства Российской Федерации,0,0,0,0,1,0,0,0,0,0,0,0,0,0,0,0,5,5,5,24,1,1,1,1,5
SBER,Vladimir Vladimirovich Kolychev,CSV: Director/Board Member; заместитель Министра финансов Российской Федерации,0,0,0,0,1,0,0,0,0,1,0,0,0,0,0,0,5,5,5,9,1,1,1,0,5
SBER,Mikhail Kovalchuk,CSV: Director/Board Member; президент НИЦ «Курчатовский институт»,0,0,0,1,0,0,0,0,0,0,0,0,1,0,0,0,5,5,5,11,1,1,1,0,5
SBER,Alexander Kuleshov,CSV: Director/Board Member; ректор/президент Сколковского института науки и технологий; академик РАН,0,0,0,1,0,0,0,0,0,0,0,0,1,0,0,0,7,7,7,10,1,1,1,0,7
SBER,Maxim Oreshkin,CSV: Director/Board Member; с 14.05.2024 заместитель Руководителя Администрации Президента РФ,0,0,1,0,0,0,0,0,0,1,0,0,0,0,0,0,8,8,8,28,1,1,1,0,8
SBER,Sergey Ignatiev,CSV: Director/Board Member; бывший председатель Банка России,0,0,0,1,0,0,0,0,0,1,1,1,1,0,0,0,5,5,5,38,1,1,1,0,5
SBER,Lev Khasis,"CSV: Director/Board Member; для 2024 года роль в Сбербанке не подтверждена, поскольку Лев Хасис покинул Сбербанк 22.02.2022",0,0,0,1,0,0,1,0,0,1,0,0,0,0,0,0,10,10,10,10,1,1,1,1,10
SELG,Сергей Михайлович Татаринов,"Генеральный директор - Председатель Правления ПАО ""Селигдар""; член Совета директоров",0,0,0,0,1,0,0,0,0,0,0,0,0,0,0,0,38,38,38,38,1,1,1,1,19
SELG,Александр Александрович Хрущ,"Президент ПАО ""Селигдар"" с 29.06.2024; Первый заместитель генерального директора - директор по экономике и финансам; член Совета директоров",0,0,0,0,1,0,0,0,0,1,0,0,0,0,0,0,25,25,25,25,1,1,1,1,13
SELG,Евгений Владимирович Щетинин,"Главный инженер ПАО ""Селигдар""; член Правления",0,0,0,0,1,0,0,0,0,0,0,0,0,0,0,0,4,4,4,4,1,1,1,0,4
SELG,Валерий Оруджалиевич Сулейманов,"член Совета директоров ПАО ""Селигдар""; заместитель генерального директора по вспомогательным рыночным профилям",0,0,0,0,1,0,0,0,0,0,0,0,0,0,0,0,7,7,7,7,1,1,1,0,7
SELG,Вадим Сергеевич Митрошин,руководитель направления по связям с инвесторами / Investor Relations Contact,0,0,0,0,1,0,0,0,0,0,0,0,0,0,0,0,0,0,0,0,1,1,1,0,0
SELG,Сергей Владимирович Рыжов,"член Совета директоров ПАО ""Селигдар""; советник генерального директора",0,0,0,1,0,0,0,0,0,1,2,1,1,0,1,1,14,14,14,22,1,1,1,1,5
SELG,Константин Александрович Бейрит,"член Совета директоров ПАО ""Селигдар""; Президент ПАО ""Селигдар"" до 28.06.2024; акционер и консультант руководства после прекращения полномочий Президента",0,0,0,0,1,0,0,0,0,1,0,0,0,0,0,0,17,17,17,48,1,1,1,1,17
SELG,Геннадий Альфредович Лаунер,"член Совета директоров ПАО ""Селигдар""",0,0,0,0,1,0,0,0,0,0,0,0,0,0,0,0,5,5,5,25,1,1,1,1,3
SELG,Александр Егорович Аммосов,"независимый член Совета директоров ПАО ""Селигдар""",0,0,0,0,1,0,0,0,0,1,0,0,0,0,0,0,3,3,3,29,1,1,1,1,3
SELG,Виктор Борисович Юн,"независимый член Совета директоров ПАО ""Селигдар""",0,0,0,0,1,0,0,0,0,0,0,0,0,0,0,0,9,9,9,11,1,1,1,1,9
SELG,Валерий Николаевич Кондратьев,"независимый член Совета директоров ПАО ""Селигдар""",0,0,0,0,1,0,0,0,0,1,0,0,0,0,0,0,20,20,20,23,1,1,1,1,3
SELG,Константин Константинович Соколов,"член Совета директоров ПАО ""Селигдар"" в составе, избранном 04.06.2024; первый заместитель генерального директора по корпоративным функциям по официальному сообщению 2023 года",0,0,0,0,1,0,0,0,0,0,0,0,0,0,0,0,5,5,5,5,1,1,1,1,2
SFIN,Сидоров Игорь Анатольевич,"Генеральный директор ПАО ""ЭсЭфАй""; член Совета директоров",1,0,0,0,0,0,0,0,0,0,0,0,0,0,0,0,6,6,6,23,1,1,1,0,6
SFIN,Гольцман Антон Владимирович,"Председатель Совета директоров ПАО ""ЭсЭфАй""; директор департамента по коммуникациям и связям с инвесторами; Investor Relations Contact; Public Communications Contact",0,0,1,0,0,0,0,0,0,1,0,0,0,0,0,0,9,8,8,9,1,1,1,1,8
SFIN,Горбачев Михаил Валерьевич,"Начальник Службы корпоративного секретаря ПАО ""ЭсЭфАй""; Corporate Secretary",0,0,0,0,1,0,0,0,0,0,0,0,0,0,0,0,9,9,9,9,1,1,1,1,9
SFIN,Бойкова Татьяна Олеговна,"Член Совета директоров ПАО ""ЭсЭфАй""",0,0,1,0,0,0,0,0,0,1,0,0,0,0,0,0,8,3,3,17,1,1,1,1,3
SFIN,Власов Максим Александрович,"Член Совета директоров ПАО ""ЭсЭфАй""",0,0,1,0,0,0,0,0,0,1,0,0,0,0,0,0,10,3,3,18,1,1,1,1,3
SFIN,Дмитриев Максим Владимирович,"Член Совета директоров ПАО ""ЭсЭфАй""",0,0,1,0,0,0,0,0,0,1,0,0,0,0,0,0,3,3,3,12,1,1,1,1,3
SFIN,Лотарев Павел Викторович,"Член Совета директоров ПАО ""ЭсЭфАй""",0,0,1,0,0,0,0,0,1,1,0,0,0,0,0,0,6,6,6,12,1,1,1,1,3
SFIN,Мякенький Александр Иванович,"Член Совета директоров ПАО ""ЭсЭфАй""",0,0,1,0,0,0,0,0,0,1,0,0,0,0,0,0,3,3,3,3,1,1,1,0,3
SFIN,Протас Александр Николаевич,"Член Совета директоров ПАО ""ЭсЭфАй""",0,0,0,0,1,1,0,0,0,1,0,0,0,0,0,0,3,3,3,12,1,1,1,1,3
SFIN,Сивачев Денис Александрович,"Член Совета директоров ПАО ""ЭсЭфАй""",0,0,1,0,0,0,0,0,0,1,0,0,0,0,0,0,8,8,8,8,1,1,1,1,3
SGZH,Александр Михайлович Крещенко,"Президент, Председатель Правления ПАО ""Сегежа Групп""; назначен Президентом Segezha Group 25 июня 2024 года",0,0,0,0,1,0,0,0,0,0,0,0,0,0,0,0,1,1,1,1,1,1,1,0,1
SGZH,Mikhail Shamolin,В 2024 году перестал быть главой Segezha Group; с 1 июля 2024 года должен был возглавить Совет директоров. CSV также содержит историческую роль Chief Executive Officer и Director/Board Member.,0,0,0,0,1,0,1,0,0,1,0,0,0,0,0,0,2,0,2,24,1,1,1,1,0
SGZH,Oksana Tikhonova,Human Resources Officer по CSV; внешние профили связывают ее с ролью вице-президента по управлению персоналом Segezha Group,0,0,0,0,1,0,0,1,1,0,0,0,0,0,0,0,7,5,7,18,1,1,1,1,5
SGZH,Anastasia Anatolyevna Poletaeva,Investor Relations Contact; Public Communications Contact по CSV,0,0,0,0,1,0,0,0,0,0,0,0,0,0,0,0,0,0,0,0,1,1,1,0,0
SGZH,Mikhail Mileshin,Sales & Marketing по CSV; внешние профили связывают его с маркетингом и инновациями Segezha Group,0,0,0,0,1,0,0,0,0,1,0,0,0,0,0,0,10,7,10,10,1,1,1,1,7
SGZH,Rovshan Aliyev,"Chief Investment Officer; Director of Finance/CFO; Director/Board Member по CSV, но финансовая роль на конец 2024 конфликтует с локальной отчетностью",0,0,0,0,1,1,1,0,1,1,0,0,0,0,0,0,6,6,6,18,1,1,1,1,6
SGZH,Salavat Asgatovich Mirsaev,General Counsel по CSV,0,0,0,0,1,0,0,0,1,1,0,0,0,0,0,0,8,8,8,19,1,1,1,1,8
SGZH,Pavel Vakhnin,Chief Tech/Sci/R&D Officer по CSV,0,0,0,0,1,0,0,0,0,1,0,0,0,0,0,0,10,7,10,13,1,1,1,1,7
SGZH,Ali Uzdenov,Compensation Committee; Nominating Committee по CSV; член Совета директоров Segezha в исторических/вторичных источниках,0,0,0,0,1,0,1,0,0,0,0,0,0,0,0,0,5,5,5,29,1,1,1,1,5
SGZH,Vladimir Tuzov,"Audit Committee; Compensation Committee; Nominating Committee по CSV, но 2024 статус не подтвержден",0,0,1,0,0,1,1,0,0,1,0,0,0,0,0,0,9,2,9,16,1,1,1,1,2
SGZH,Artem I. Zassoursky,Governance Committee; Director/Board Member по объединенным CSV-строкам Artem I. Zassoursky / Artem Zasursky,0,1,0,0,0,0,0,0,0,1,0,0,0,0,0,0,0,0,0,14,1,1,1,1,0
SGZH,Vladimir Sergeyevich Travkov,Audit Committee по CSV; 2024 статус в Segezha не подтвержден,0,0,0,0,1,0,0,0,0,1,0,0,0,0,0,0,5,5,5,16,1,1,1,1,5
SGZH,Andrey Frolov,Director/Board Member по CSV; член Совета директоров Segezha в 2023 источнике,0,0,0,0,1,0,0,0,0,0,0,0,0,0,0,0,2,2,2,2,1,1,1,1,2
SGZH,Sergey Shishkin,Director/Board Member по CSV; член Совета директоров Segezha в 2023 источнике,0,0,0,0,1,0,0,0,0,0,0,0,0,0,0,0,0,0,0,0,1,1,1,1,0
SGZH,Denis Martyanov,"Director/Board Member по CSV, но 2024 статус не подтвержден",0,0,0,0,1,0,0,0,0,0,0,0,0,0,0,0,0,0,0,0,1,1,1,1,0
SMLT,Анна Николаевна Акиньшина,Генеральный директор ПАО «ГК «Самолет» с ноября 2024 года; CEO на конец 2024 года,0,0,1,0,0,0,0,0,0,1,0,0,0,0,0,0,3,3,3,14,1,1,1,1,3
SMLT,Владимир Комар,CSV: Corporate Officer/Principal; внешний официальный релиз ноября 2024 связывает его с ролью управляющего директора по инвестиционной стратегии земельного банка,0,0,0,0,1,0,0,0,0,0,0,0,0,0,0,0,1,1,1,1,1,1,1,0,1
SMLT,Дмитрий Волков,CSV: Corporate Officer/Principal; руководитель/публичный представитель направления Самолет Плюс / Группа Плюс,0,0,0,0,1,0,1,0,0,1,0,0,0,0,0,0,0,0,0,29,1,1,1,1,0
SMLT,Алексей Козлов,CSV: Corporate Officer/Principal,0,0,0,0,1,0,0,0,0,0,0,0,0,0,0,0,0,0,0,0,1,1,1,0,0
SMLT,Виталий Руденко,CSV: Corporate Officer/Principal; руководитель Самолета по вторичным источникам,0,0,0,0,1,1,1,0,0,1,0,0,0,0,0,0,7,7,7,7,1,1,1,0,7
SMLT,Оскар Хартманн,CSV: Director/Board Member; член совета директоров Самолета до 13.06.2024,1,0,0,0,0,1,1,0,0,1,0,0,0,0,0,0,4,4,4,10,1,1,1,0,4
SMLT,Дмитрий Аркадьевич Голубков,Председатель Совета директоров ПАО «ГК «Самолет» в 2024 году,0,0,0,0,1,0,0,0,0,0,0,0,0,0,0,0,2,2,2,2,1,1,1,0,2
SMLT,Станислав Владимирович Шекшня,CSV: Director/Board Member; член совета директоров Самолета до 13.06.2024,0,0,0,1,0,1,1,0,0,1,61,1,1,0,0,0,2,2,2,2,1,1,1,1,2
SMLT,Михаил Борисович Кенин,Член Совета директоров ПАО «ГК «Самолет» в 2024 году; сооснователь Самолета по внешним источникам,0,0,0,0,1,0,0,0,0,0,0,0,0,0,0,0,13,13,13,13,1,1,1,0,13
SMLT,Игорь Викторович Евтушевский,Член Совета директоров ПАО «ГК «Самолет» в 2024 году; сооснователь Группы «Самолет»,0,0,1,0,0,0,0,0,0,0,0,0,0,0,0,0,16,16,16,57,1,1,1,1,16
SMLT,Андрей Владимирович Иваненко,Член Совета директоров с 13.06.2024; генеральный директор Самолета в части 2024 года до назначения Анны Акиньшиной,0,0,1,0,0,1,1,0,0,1,0,0,0,0,0,0,6,6,6,19,1,1,1,1,6
SMLT,Александр Сергеевич Прыгунков,Член Совета директоров и управляющий партнер ПАО «ГК «Самолет» в 2024 году,0,0,0,0,1,0,0,0,0,0,0,0,0,0,0,0,2,2,2,2,1,1,1,1,2
SNGS,Владимир Леонидович Богданов,"Генеральный директор ПАО ""Сургутнефтегаз""; член совета директоров в контексте 2024 года",0,0,0,1,0,0,0,0,0,1,0,0,0,0,0,0,42,42,42,55,1,1,1,1,16
SNGS,Андрей Владиславович Дручинин,CSV: Comptroller/Controller/Auditor; MarketScreener: Chief Accountant / Comptroller at Surgutneftegas,0,0,0,0,1,0,0,0,0,0,0,0,0,0,0,0,14,14,14,14,1,1,1,0,14
SNGS,Владислав Георгиевич Баранков,CSV: Comptroller/Controller/Auditor и Director of Finance/CFO; подтвержден как First Deputy Director General-Finance & Taxation / CFO,0,0,1,0,0,0,0,0,0,1,0,0,0,0,0,0,33,33,33,33,1,1,1,1,33
SNGS,Александр Николаевич Буланов,"Член совета директоров; главный инженер - первый заместитель генерального директора ПАО ""Сургутнефтегаз""",0,0,1,0,0,0,0,0,0,0,0,0,0,0,0,0,41,41,41,50,1,1,1,1,17
SNGS,Владимир Петрович Ерохин,"Председатель совета директоров ПАО ""Сургутнефтегаз""",0,0,1,0,0,0,0,0,0,0,0,0,0,0,0,0,48,48,48,48,1,1,1,1,16
SNGS,Николай Иванович Матвеев,"Член совета директоров ПАО ""Сургутнефтегаз""; MarketScreener также указывает Vice Chairman / Audit Committee",0,0,1,0,0,0,0,0,0,0,0,0,0,0,0,0,30,30,30,61,1,1,1,0,30
SNGS,Валерий Николаевич Егоров,"Член совета директоров / Independent Director ПАО ""Сургутнефтегаз""",0,0,0,0,1,0,0,0,0,0,0,0,0,0,0,0,6,6,6,6,1,1,1,0,6
SNGS,Георгий Рашитович Мухамадеев,"Член совета директоров / Independent Director ПАО ""Сургутнефтегаз""",0,0,0,0,1,0,0,0,0,0,0,0,0,0,1,1,7,7,7,7,1,1,1,1,7
SNGS,Илдус Шагалиевич Усманов,"Член совета директоров ПАО ""Сургутнефтегаз""",0,0,0,0,1,0,0,0,0,0,0,0,0,0,0,0,11,11,11,11,1,1,1,0,11
SNGS,Виктор Михайлович Кривошеев,"Член совета директоров ПАО ""Сургутнефтегаз""",0,0,0,0,1,0,0,0,0,0,0,0,0,0,0,0,11,11,11,11,1,1,1,0,11
SNGS,Иван Калистратович Диниченко,"Член совета директоров ПАО ""Сургутнефтегаз""",0,0,0,0,1,0,0,0,0,0,0,0,0,0,0,0,11,11,11,11,1,1,1,0,11
SOFL,Владимир Евгеньевич Лавров,"Генеральный директор ПАО ""Софтлайн"" / генеральный директор ГК Softline в контексте 2024 года",0,0,0,0,1,1,1,0,0,1,0,0,0,0,0,0,0,0,0,0,1,1,1,1,0
SOFL,Александр Минин,"CSV: Генеральный директор; подтверждено внешними источниками как коммерческий директор ""Софтлайн Решения"" с июля 2024 и позднее генеральный директор ""Софтлайн Решения""",0,0,0,0,1,1,1,0,0,1,0,0,0,0,0,0,1,1,1,1,1,1,1,1,0
SOFL,Андрей Благоразумов,Директор Управления развития продаж,0,0,0,0,1,0,0,0,0,0,0,0,0,0,0,0,8,8,8,14,1,1,1,1,0
SOFL,Алексей Бутаков,Директор по цифровой трансформации и эффективности продаж,0,0,0,0,1,0,0,0,0,0,0,0,0,0,0,0,0,0,0,0,1,1,1,1,0
SOFL,Станислав Халиков,Директор Софтлайн финанс,0,0,0,0,1,0,0,0,0,0,0,0,0,0,0,0,0,0,0,0,0,0,0,1,0
SOFL,Владислав Котусов,"Исполнительный директор; генеральный директор ""Софтлайн Интеграция""",0,0,0,0,1,0,0,0,0,0,0,0,0,0,0,0,23,23,23,23,1,1,1,1,0
SOFL,Наталья Лиходиевская,Директор по персоналу,0,0,1,0,0,0,0,1,0,0,0,0,0,0,0,0,14,14,14,14,1,1,1,1,0
SOFL,Алексей Пилипчук,Технический директор,0,0,1,0,0,1,0,0,0,1,0,0,0,0,0,0,9,9,9,9,1,1,1,1,0
SOFL,Елена Типисова,Директор по маркетингу ГК Softline,0,0,0,0,1,1,0,0,0,1,0,0,0,0,0,0,0,0,0,0,1,1,1,1,0
SOFL,Дмитрий Васильев,Директор управления информационной безопасности,0,0,1,0,0,0,0,0,0,0,0,0,0,0,0,0,0,0,0,0,1,1,1,1,0
SPBE,Evgeny Serdyukov,"Генеральный директор ПАО ""СПБ Биржа"" в контексте 2024 года; в исходных строках CSV отсутствует",0,0,0,0,1,0,0,0,0,0,0,0,0,0,0,0,5,5,5,5,1,1,1,0,5
SPBE,Roman Yuryevich Goryunov,CSV roles: Chief Executive Officer; Chairman. 2024 validation: role as CEO/board chairman is not treated as current because sources indicate transition to Evgeny Serdyukov in November 2023.,0,1,0,0,0,0,0,0,0,0,0,0,0,0,0,0,25,25,25,27,1,1,1,1,12
SPBE,Pavel Krupnov,CSV role: Director of Finance/CFO; 2024 role independently confirmed only by MarketScreener-style secondary governance data,0,0,0,0,1,0,0,0,0,0,0,0,0,0,0,0,14,14,14,14,1,1,1,1,6
SPBE,Sergei Kalinin,CSV role: Chief Operating Officer; MarketScreener profile: Head-Operations at SPB Exchange and COO at NP RTS,0,0,0,0,1,0,0,0,0,0,0,0,0,0,0,0,13,13,13,20,1,1,1,1,7
SPBE,Mikhail Ivanov,CSV role: Sales & Marketing; MarketScreener profile: Head of Marketing & Communication Department / Public Communications Contact,0,1,0,0,0,0,0,0,0,0,0,0,0,0,0,0,6,6,6,6,1,1,1,1,6
SPBE,Alexander Tarabtsev,"CSV role: Treasurer; MarketScreener profile: Head of Fixed Income, Repo & Treasury",0,0,0,1,0,0,0,0,0,0,0,0,0,0,0,0,4,4,4,6,1,1,1,1,4
SPBE,Sergey Mikhaylovich Rybakov,"CSV role: Director/Board Member; MarketScreener: independent director since 2018; Letopis biography confirms he was still an SPB Exchange board member in 2021 and a Moscow Exchange Stock Market Committee member 2020-2022, but no source confirms a specific 2024 board seat, so 2024 current status remains caveated because issuer governance changed in January 2024",0,0,1,0,0,0,0,0,0,0,0,0,0,0,0,0,30,27,27,30,1,1,1,1,3
SPBE,Oleg Vladimirovich Mikhasenko,CSV role: Director/Board Member; 2024 current board status uncertain because issuer governance changed in January 2024,0,0,1,0,0,0,0,0,0,0,0,0,0,0,0,0,15,6,6,15,1,1,1,1,6
SPBE,Aleksey Dmitriyevich Skorodumov,"CSV role: Director/Board Member; MarketScreener company page did not list him, but an independently-fetched Letopis biography confirms SPB Exchange board membership from 2019; no source specifically confirms a 2024 seat, so 2024 currency stays caveated",0,0,1,0,0,0,0,0,0,0,0,0,0,0,0,0,16,6,6,25,1,1,1,1,6
SPBE,Ivan Alexandrovich Tyryshkin,"CSV role: Director/Board Member. Quality-pass round (2026-08-01): TAdviser and Letopis (fetched directly) confirm he was chairman of the SPB Exchange board only from 16.03.2022 to 29.06.2022, and left the board on that date -- i.e. he was NOT an SPB Exchange director/chairman by 2024, so the CSV's 2024 listing appears stale rather than merely 'uncertain'.",0,0,0,0,1,0,0,0,0,0,0,0,0,0,0,0,11,11,11,14,1,1,1,1,4
SPBE,Jacques der Megredichyan,CSV role: Chairman; 2024 current board status uncertain because issuer governance changed in January 2024,0,0,0,0,1,0,0,0,0,1,0,0,0,0,0,0,45,34,34,45,1,1,1,1,6
SPBE,Dmitry Anatolevich Panchenko,CSV role: Director/Board Member; 2024 current board status uncertain because issuer governance changed in January 2024,0,1,0,0,0,0,0,0,0,0,0,0,0,0,0,0,8,8,8,16,1,1,1,1,5
SPBE,Pavel Vladimirovich Sokolov,CSV role: Director/Board Member; 2024 current board status uncertain because issuer governance changed in January 2024,0,1,0,0,0,0,0,0,0,0,0,0,0,0,0,0,5,5,5,18,1,1,1,1,5
SPBE,Eric Berthelot,CSV role: Director/Board Member; 2024 current board status uncertain because issuer governance changed in January 2024,0,0,0,0,1,1,1,0,0,1,0,0,0,0,0,0,16,6,6,16,1,1,1,1,4
SPBE,Alexander Valentinovich Chmel,CSV role: Director/Board Member; 2024 current board status uncertain because issuer governance changed in January 2024,0,0,0,0,1,0,0,0,0,0,0,0,0,0,0,0,4,4,4,22,1,1,1,1,4
SVAV,Nikolay Sobolev,Chief Executive Officer; Director/Board Member,0,0,0,1,0,1,1,0,0,1,0,0,1,0,0,0,40,40,40,46,1,1,1,1,26
SVAV,Zoya Kaika,Deputy General Director; Director/Board Member; Corporate Officer/Principal,0,0,0,0,1,0,0,0,0,0,0,0,0,0,0,0,34,28,34,36,1,1,1,1,13
SVAV,Viktor Mikhaylovich Khvesenya,General Counsel / Director-Legal Affairs; Director/Board Member,0,0,1,0,0,0,1,0,1,0,0,0,0,0,0,0,15,15,15,40,1,1,1,1,15
SVAV,Elena Nishanova,Investor Relations Contact; Head of Corporate Reporting and Investor Relations,0,0,0,0,1,0,0,0,0,0,0,0,0,0,0,0,29,29,29,38,1,1,1,1,10
SVAV,Lyudmila Viktorovna Afanasyeva,Comptroller/Controller/Auditor; Chief Accountant,0,0,0,0,1,0,0,0,0,0,0,0,0,0,0,0,13,5,13,13,1,1,1,0,5
SVAV,Vladislav Baumgertner,Director/Board Member,0,0,1,0,0,1,1,0,0,1,0,0,0,0,0,0,2,2,2,25,1,1,1,1,2
SVAV,Adil Shamil Ogly Shirinov,Chairman of the Board of Directors,0,0,0,1,0,1,0,0,0,1,1,1,1,0,0,0,29,29,29,35,1,1,1,0,6
SVAV,Goy Tatiana,Director/Board Member,0,0,0,0,1,1,1,0,0,1,0,0,0,0,0,0,9,9,9,9,1,1,1,1,3
SVCB,Dmitry Vladimirovich Gusev,Chief Executive Officer; Director/Board Member,0,0,0,1,0,0,0,0,1,1,0,0,0,0,0,0,15,15,15,27,1,1,1,1,15
SVCB,Dmitry Vladimirovich Khotimskiy,Chief Investment Officer; Director/Board Member,0,0,1,0,0,0,1,0,0,0,0,0,0,0,0,0,16,16,16,16,1,1,1,0,16
SVCB,Elena Alexandrovna Cherstvova,Corporate Officer/Principal,0,0,1,0,0,0,0,0,0,1,0,0,0,0,0,0,11,11,11,11,1,1,1,0,11
SVCB,Pavel Barchugov,Corporate Officer/Principal,0,0,1,0,0,0,0,0,0,1,0,0,0,0,0,0,32,32,32,32,1,1,1,1,0
SVCB,Mikhail Olegovich Avtukhov,Corporate Officer/Principal,0,0,1,0,0,0,0,0,0,1,0,0,0,0,0,0,16,16,16,16,1,1,1,1,10
SVCB,Mikhail Kuchment,Chairman,0,0,1,0,0,1,0,0,0,1,0,0,0,0,0,0,10,10,10,34,1,1,1,1,10
SVCB,Mikhail Vasilyevich Klyukin,Director/Board Member,0,0,1,0,0,0,0,0,0,1,0,0,0,0,0,0,13,13,13,13,1,1,1,0,13
SVCB,Aleksey Fisun,Director/Board Member,0,0,0,0,1,0,0,0,0,0,0,0,0,0,0,0,12,12,12,12,1,1,1,0,12
SVCB,Nikolay Narayan Varma,Director/Board Member,0,0,0,0,1,0,0,0,0,0,0,0,0,0,0,0,0,0,0,0,1,1,1,0,0
SVCB,Braverman Anatoly Aleksandrovich,Director/Board Member,0,1,0,0,0,0,0,0,0,1,0,0,0,0,0,0,16,4,4,16,1,1,1,1,4
SVCB,Regina von Fleming,Director/Board Member,0,0,0,0,1,0,0,0,0,0,0,0,0,0,0,0,5,5,5,5,1,1,1,1,5
SVCB,Joel Raymond Lautier,Director/Board Member,0,0,0,0,1,1,0,0,0,1,0,0,0,0,0,0,18,3,3,18,1,1,1,1,3
SVCB,Sergey Nikolaevich Bondarovich,Director/Board Member,0,0,1,0,0,0,0,0,0,0,0,0,0,0,0,0,1,1,1,1,1,1,1,1,1
TATN,Маганов Наиль Ульфатович,"Генеральный директор ПАО ""Татнефть"" им. В.Д. Шашина; член Совета директоров, избранного 27.06.2024",0,0,0,0,1,0,0,0,0,0,0,0,0,0,0,0,32,32,32,51,1,1,1,1,32
TATN,Минниханов Рустам Нургалиевич,"Председатель Совета директоров ПАО ""Татнефть"" им. В.Д. Шашина; представитель Республики Татарстан по специальному праву",0,0,0,1,0,0,0,0,0,1,0,0,0,0,0,0,0,0,0,29,1,1,1,1,0
TATN,Сюбаев Нурислам Зинатулович,"Член Совета директоров ПАО ""Татнефть"", избран 27.06.2024",0,0,0,0,1,0,0,0,0,0,0,0,0,0,0,0,0,0,0,0,1,1,1,0,0
TATN,Халимов Рустам Хамисович,"Член Совета директоров ПАО ""Татнефть"", избран 27.06.2024",0,0,0,1,0,0,0,0,0,0,0,0,0,0,0,0,0,0,0,0,1,1,1,0,0
TATN,Хисамов Раис Салихович,"Член Совета директоров ПАО ""Татнефть"", избран 27.06.2024",0,0,0,1,0,0,0,0,0,0,502,0,1,0,417,0,0,0,0,0,1,1,1,0,0
TATN,Нурмухаметов Рафаиль Саитович,"Член Совета директоров ПАО ""Татнефть"", избран 27.06.2024",0,0,0,1,0,0,0,0,0,0,0,0,0,0,0,0,0,0,0,0,0,0,0,1,0
TATN,Гайзатуллин Радик Рауфович,"Член Совета директоров ПАО ""Татнефть"", избран 27.06.2024",0,0,0,1,0,0,0,0,0,1,0,0,0,0,0,0,0,0,0,0,1,1,1,0,0
TATN,Галиев Ренат Маратович,"Член Совета директоров ПАО ""Татнефть"", избран 27.06.2024",0,0,0,0,1,0,0,0,0,0,0,0,0,0,0,0,5,5,5,7,1,1,1,0,5
TATN,Сорокин Валерий Юрьевич,"Член Совета директоров ПАО ""Татнефть"", избран 27.06.2024",0,0,0,0,1,0,0,0,0,0,0,0,0,0,0,0,1,1,1,1,1,1,1,1,1
TATN,Тахаутдинов Шафагат Фахразович,"Член Совета директоров ПАО ""Татнефть"", избран 27.06.2024",0,0,0,1,0,0,0,0,0,1,0,0,0,0,0,0,49,49,49,49,1,1,1,0,49
TATN,Глухова Лариса Юрьевна,"Член Совета директоров ПАО ""Татнефть"", избрана 27.06.2024",0,0,0,0,1,0,0,0,0,0,0,0,0,0,0,0,1,1,1,1,1,1,1,1,1
TATN,Аглиуллин Фаниль Анварович,"Член Совета директоров ПАО ""Татнефть"", избран 27.06.2024",0,0,0,0,1,0,0,0,1,0,0,0,0,0,0,0,1,1,1,1,1,1,1,0,1
TATN,Гереч Ласло,"Независимый член Совета директоров ПАО ""Татнефть"", избран 27.06.2024",0,0,0,0,1,0,1,0,0,1,0,0,0,0,0,0,14,14,14,14,1,1,1,1,1
TATN,Неклюдов Сергей Вячеславович,"Независимый член Совета директоров ПАО ""Татнефть"", избран 27.06.2024",0,0,0,0,1,0,0,0,0,0,0,0,0,0,0,0,1,1,1,36,1,1,1,1,1
TATN,Крюков Валерий Анатольевич,"Независимый член Совета директоров ПАО ""Татнефть"", избран 27.06.2024",0,0,0,1,0,0,0,0,0,1,650,1,1,0,0,0,1,1,1,1,1,1,1,0,1
TATN,Гамиров Дамир Маратович,"Корпоративный секретарь - руководитель аппарата корпоративного секретаря ПАО ""Татнефть""",0,0,0,0,1,1,0,1,0,1,0,0,0,0,0,0,24,24,24,24,1,1,1,0,24
TATN,Тихтуров Евгений Александрович,"Директор по финансам / CFO ПАО ""Татнефть""",0,1,0,0,0,0,0,0,0,0,0,0,0,0,0,0,0,0,0,0,1,1,1,0,0
TATN,Мухамадеев Рустам Набиуллович,"Директор по персоналу / заместитель генерального директора по персоналу и социальному развитию ПАО ""Татнефть""",0,0,1,0,0,0,0,0,0,0,0,0,0,0,0,0,0,0,0,0,1,1,1,0,0
TGKA,Ведерчик Вадим Евгеньевич,"Управляющий директор ПАО ""ТГК-1""; член Совета директоров по входному CSV. В контексте 2024 года единоличный исполнительный орган ПАО ""ТГК-1"" осуществляла управляющая организация ООО ""Газпром энергохолдинг"", поэтому Ведерчик указан как подтвержденный операционный руководитель/CEO-equivalent, а не как генеральный директор.",0,0,0,0,1,0,0,0,0,0,0,0,0,0,0,0,25,25,25,25,1,1,1,0,25
TGKA,Маркелов Виталий Анатольевич,"Председатель Совета директоров ПАО ""ТГК-1"" по входному CSV; заместитель Председателя Правления ПАО ""Газпром"" в профильных биографиях.",0,0,0,1,0,0,0,0,0,0,0,0,1,0,0,0,6,6,6,33,1,1,1,1,6
TGKA,Бикмурзин Альберт Фяритович,"Член Совета директоров ПАО ""ТГК-1"" по входному CSV; заместитель генерального директора по правовым и имущественным вопросам ООО ""Газпром энергохолдинг"".",0,0,1,0,0,0,0,0,0,0,0,0,1,0,0,0,0,0,0,20,0,0,0,1,0
TGKA,Земляной Евгений Николаевич,"Член Совета директоров ПАО ""ТГК-1"" по входному CSV; заместитель генерального директора по экономике и финансам ООО ""Газпром энергохолдинг"".",0,0,0,0,1,0,0,0,0,0,0,0,0,0,0,0,2,2,2,13,1,1,1,1,0
TGKA,Иванников Александр Сергеевич,"Член Совета директоров ПАО ""ТГК-1"" по входному CSV; начальник/первый заместитель начальника финансово-экономического блока ПАО ""Газпром"" в раскрытых источниках.",0,0,0,1,0,0,0,0,0,1,0,0,1,0,0,0,2,2,2,23,1,1,1,1,2
TGKA,Коробкина Ирина Юрьевна,"Член Совета директоров ПАО ""ТГК-1"" по входному CSV; заместитель начальника Управления ПАО ""Газпром"" и заместитель генерального директора ПАО ""Центрэнергохолдинг"".",0,0,0,0,1,0,0,0,0,0,0,0,0,0,0,0,0,0,0,20,0,0,0,1,0
TGKA,Осин Никита Юрьевич,"Член Совета директоров ПАО ""ТГК-1"" по входному CSV; директор по экономике и финансам ООО ""Газпром энергохолдинг"".",0,0,0,0,1,0,0,0,0,0,0,0,0,0,0,0,0,0,0,17,0,0,0,1,0
TGKA,Рогов Александр Владимирович,"Член Совета директоров ПАО ""ТГК-1"" по входному CSV; заместитель начальника Управления - начальник отдела ПАО ""Газпром"".",0,0,0,1,0,0,0,0,0,0,0,0,1,0,0,0,6,0,6,17,1,0,1,1,0
TGKA,Симдякин Вадим Михайлович,"Член Совета директоров ПАО ""ТГК-1"" по входному CSV; член Правления ПАО ""Газпром"" с 2023 года.",0,0,0,0,1,0,0,0,0,0,0,0,0,0,0,0,0,0,0,2,0,0,0,1,0
TGKA,Федоров Денис Владимирович,"Член Совета директоров ПАО ""ТГК-1"" по входному CSV; генеральный директор ООО ""Газпром энергохолдинг"" и начальник Управления ПАО ""Газпром"".",0,0,0,1,0,0,0,0,0,1,0,0,1,0,0,0,10,10,10,30,1,1,1,1,10
TGKA,Шацкий Павел Олегович,"Член Совета директоров ПАО ""ТГК-1"" по входному CSV; первый заместитель генерального директора ООО ""Газпром энергохолдинг"".",0,0,0,0,1,0,0,0,0,0,0,0,0,0,0,0,2,2,2,12,1,1,1,1,2
TGKA,Максимова Антонина Николаевна,"Контакт по работе с инвесторами в CSV; корпоративный секретарь и начальник управления по корпоративным вопросам ПАО ""ТГК-1"" по локальному годовому отчету и контактам ГЭХ.",0,0,0,1,0,0,0,0,0,0,0,0,1,0,0,0,14,14,14,14,1,1,1,0,14
TGKA,Станишевская Раиса Владимировна,"Главный бухгалтер ПАО ""ТГК-1"" по входному CSV и старым официальным раскрытиям ТГК-1.",0,0,1,0,0,0,0,0,0,0,0,0,0,0,0,0,32,32,32,32,1,1,1,1,20
TGKB,Иванова Юлия Валентиновна,председатель Правления; исполняющая обязанности генерального директора ПАО «ТГК-2»,0,0,0,0,1,0,0,0,0,0,0,0,0,0,0,0,12,12,12,14,1,1,1,1,12
TGKB,Грабчак Евгений Петрович,председатель Совета директоров ПАО «ТГК-2»,0,0,0,1,0,0,0,0,0,0,0,0,0,0,0,0,1,1,1,6,1,1,1,0,1
TGKB,Данилов Иван Александрович,член Совета директоров ПАО «ТГК-2»,0,0,0,0,1,0,0,0,0,0,0,0,0,0,0,0,1,1,1,1,1,1,1,1,1
TGKB,Зайцев Михаил Владимирович,член Совета директоров ПАО «ТГК-2»,0,0,0,0,1,0,0,0,0,0,0,0,0,0,0,0,1,1,1,1,1,1,1,1,1
TGKB,Земляной Евгений Николаевич,член Совета директоров ПАО «ТГК-2»,0,0,0,0,1,0,0,0,0,0,0,0,0,0,0,0,6,6,6,6,1,1,1,1,1
TGKB,Карпов Илья Игоревич,член Совета директоров ПАО «ТГК-2»,0,0,0,0,1,0,0,0,0,0,0,0,0,0,0,0,1,1,1,1,1,1,1,1,1
TGKB,Костенко Глеб Александрович,член Совета директоров ПАО «ТГК-2»,0,0,0,0,1,0,0,0,0,0,0,0,0,0,0,0,1,1,1,1,1,1,1,0,1
TGKB,Медведева Елена Анатольевна,член Совета директоров ПАО «ТГК-2»,0,0,0,0,1,0,0,0,0,0,0,0,0,0,0,0,1,1,1,1,1,1,1,0,1
TGKB,Ушаков Александр Владимирович,член Совета директоров ПАО «ТГК-2»,0,0,0,0,1,0,0,0,0,0,0,0,0,0,0,0,1,1,1,1,1,1,1,1,1
TGKB,Федоров Денис Владимирович,член Совета директоров ПАО «ТГК-2»,0,0,0,1,0,0,0,0,0,1,0,0,0,0,0,0,1,1,1,1,1,1,1,1,1
TGKB,Васильев Олег Юрьевич,бывший член Правления; бывший технический директор ПАО «ТГК-2» в 2024 году,0,0,1,0,0,0,0,0,0,0,0,0,0,0,0,0,15,15,15,15,1,1,1,1,4
TGKB,Дьяконов Владимир Евгеньевич,бывший член Правления; бывший директор по ресурсообеспечению и логистике ПАО «ТГК-2» в 2024 году,0,0,1,0,0,0,0,0,0,0,0,0,0,0,0,0,4,4,4,12,1,1,1,1,4
TGKB,Зварыч Ольга Владимировна,член Правления; начальник управления социально-трудовых отношений и подготовки персонала ПАО «ТГК-2»,0,0,0,0,1,0,1,0,0,0,0,0,0,0,0,0,9,9,9,13,1,1,1,1,3
TGKB,Корниенко Андрей Владимирович,член Правления; начальник управления корпоративной защиты ПАО «ТГК-2»,0,0,0,0,1,0,0,0,0,0,0,0,0,0,0,0,6,6,6,16,1,1,1,1,6
TGKB,Пермякова Ольга Сергеевна,заместитель председателя Правления; заместитель генерального директора по экономике и финансам ПАО «ТГК-2»,0,0,0,0,1,0,0,0,0,0,0,0,0,0,0,0,27,27,27,30,1,1,1,1,11
TGKB,Серова Ольга Викторовна,член Правления; заместитель генерального директора по энергосбытовой деятельности ПАО «ТГК-2»,0,0,0,0,1,0,0,0,0,0,0,0,0,0,0,0,9,9,9,9,1,1,1,0,9
TGKB,Царева Валентина Валерьевна,бывший член Правления; бывший директор по правовым вопросам ПАО «ТГК-2» в 2024 году,0,0,0,0,1,0,0,0,0,0,0,0,0,0,0,0,6,6,6,11,1,1,1,1,4
TRMK,Чикалов Сергей Геннадьевич,генеральный директор ПАО «ТМК»; председатель Правления; член Совета директоров,0,0,0,1,0,0,0,0,0,0,1,1,1,30,2,1,2,2,2,11,1,1,1,1,2
TRMK,Венде Франк-Детлеф,независимый член Совета директоров ПАО «ТМК»,0,0,0,1,0,0,0,0,0,0,0,0,1,4,0,0,6,6,6,12,1,1,1,0,6
TRMK,Каплунов Андрей Юрьевич,вице-президент ПАО «ТМК»; член Совета директоров,0,0,0,1,0,0,0,0,0,1,0,0,0,0,0,0,20,20,20,26,1,1,1,1,20
TRMK,Кузьминов Ярослав Иванович,независимый член Совета директоров ПАО «ТМК»,0,0,0,1,0,0,0,0,0,1,0,0,1,11,0,0,7,7,7,12,1,1,1,0,7
TRMK,Петросян Тигран Ишханович,член Совета директоров ПАО «ТМК»,0,0,0,0,1,0,1,0,0,0,0,0,0,0,0,0,24,24,24,24,1,1,1,1,24
TRMK,Попов Михаил Владимирович,член Совета директоров ПАО «ТМК»,0,0,0,0,1,0,0,0,0,0,0,0,0,0,0,0,6,6,6,6,1,1,1,0,6
TRMK,Романенко Алексей Михайлович,член Совета директоров ПАО «ТМК»,0,0,0,0,1,0,0,0,0,0,0,0,0,0,0,0,0,0,0,25,1,1,1,1,0
TRMK,Ширяев Александр Георгиевич,член Совета директоров ПАО «ТМК»,0,0,0,0,1,0,0,0,0,0,0,0,0,0,0,0,19,19,19,19,1,1,1,0,19
TRMK,Шматович Владимир Владимирович,член Совета директоров ПАО «ТМК»,0,0,0,0,1,0,0,0,0,0,0,0,0,0,0,0,20,20,20,26,1,1,1,1,20
TRMK,Позолотина Елена Ивановна,заместитель генерального директора по управлению персоналом; директор Корпоративного университета TMK2U,0,0,0,1,0,0,0,0,0,1,0,0,0,0,0,0,20,20,20,20,1,1,1,0,20
TRMK,Якоб Дмитрий,заместитель генерального директора ПАО «ТМК» по информационным технологиям,0,0,0,1,0,0,0,0,0,0,0,0,0,0,0,0,6,6,6,6,1,1,1,0,6
TRMK,Пьянков Борис Григорьевич,технический директор ПАО «ТМК»,0,0,0,0,1,0,0,0,0,0,0,0,0,0,0,0,28,28,28,28,1,1,1,0,7
TRMK,Пышминцев Игорь Юрьевич,директор по научной работе ПАО «ТМК»; генеральный директор Научно-технического центра ТМК,0,0,0,1,0,0,0,0,0,0,338,1,1,34,1,1,0,0,0,0,1,1,1,1,0
TRMK,Папин Денис,руководитель направления по устойчивому развитию ПАО «ТМК»,0,0,0,0,1,0,0,0,0,0,0,0,0,0,0,0,0,0,0,0,1,1,1,0,0
TRMK,Оборский Владимир Брониславович,заместитель генерального директора ПАО «ТМК» по маркетингу,0,0,0,0,1,0,1,0,0,0,0,0,0,0,0,0,27,27,27,27,1,1,1,1,20
TRNFP,Токарев Николай Петрович,"председатель Правления, президент ПАО «Транснефть»",0,0,0,0,1,0,1,0,0,0,0,0,0,0,0,0,26,26,26,26,1,1,1,1,18
TRNFP,Новак Александр Валентинович,заместитель Председателя Правительства Российской Федерации; председатель Совета директоров ПАО «Транснефть»,0,0,0,0,1,0,0,0,0,0,0,0,0,0,0,0,0,0,0,14,1,1,1,0,0
TRNFP,Дмитриев Кирилл Александрович,генеральный директор Российского фонда прямых инвестиций; член Совета директоров ПАО «Транснефть»,0,1,0,0,0,1,1,0,0,1,0,0,0,0,0,0,0,0,0,14,0,0,0,1,0
TRNFP,Корсик Александр Леонидович,"независимый директор, член Совета директоров ПАО «Транснефть»",0,0,0,0,1,0,0,0,0,0,0,0,0,0,0,0,5,5,5,5,1,1,1,1,0
TRNFP,Сазанов Алексей Валерьевич,статс-секретарь — заместитель Министра финансов Российской Федерации; член Совета директоров ПАО «Транснефть»,0,0,0,0,1,0,0,0,0,0,0,0,0,0,0,0,0,0,0,0,0,0,0,1,0
TRNFP,Салыгин Валерий Иванович,директор Международного института энергетической политики и дипломатии МГИМО МИД России; независимый директор ПАО «Транснефть»,0,0,0,1,0,0,0,0,0,0,0,0,1,0,0,0,0,0,0,0,1,1,1,1,0
TRNFP,Сорокин Павел Юрьевич,первый заместитель Министра энергетики Российской Федерации; член Совета директоров ПАО «Транснефть»,0,0,0,0,1,0,0,0,0,0,0,0,0,0,0,0,0,0,0,0,0,0,0,0,0
TRNFP,Уваров Алексей Константинович,заместитель руководителя Аппарата Правительства Российской Федерации; член Совета директоров ПАО «Транснефть»,0,0,0,1,0,0,0,0,1,0,0,0,0,0,0,0,0,0,0,0,0,0,0,1,0
TRNFP,Шмаль Геннадий Иосифович,президент Союза нефтегазопромышленников России; независимый директор ПАО «Транснефть»,0,0,0,1,0,0,0,0,0,1,0,0,1,0,0,0,0,0,0,0,1,1,1,1,0
TRNFP,Гришанин Максим Сергеевич,первый вице-президент ПАО «Транснефть»; член Правления,0,0,0,0,1,0,0,0,0,0,0,0,0,0,0,0,0,0,0,0,1,1,1,0,0
TRNFP,Андронов Сергей Александрович,вице-президент ПАО «Транснефть»; член Правления,0,0,0,0,1,0,0,0,0,0,0,0,0,0,0,0,0,0,0,0,1,1,1,0,0
TRNFP,Бадалов Андрей Юрьевич,"вице-президент по цифровой трансформации, информационным технологиям и информационной безопасности ПАО «Транснефть»; член Правления",0,0,1,0,0,0,0,0,0,0,0,0,0,0,0,0,6,6,6,13,1,1,1,1,6
TRNFP,Каланда Владимир Александрович,"вице-президент по правовому обеспечению, взаимодействию с государственными органами и внешним коммуникациям ПАО «Транснефть»; член Правления",0,0,0,1,0,0,0,0,1,0,0,0,0,0,0,0,0,0,0,0,1,1,1,0,0
TRNFP,Король Борис Михайлович,вице-президент по управлению персоналом и административно-хозяйственной деятельности ПАО «Транснефть»; член Правления,0,0,0,0,1,0,0,0,0,0,0,0,0,0,0,0,0,0,0,0,1,1,1,0,0
TRNFP,Ревель-Муроз Павел Александрович,вице-президент ПАО «Транснефть»; член Правления,0,0,0,0,1,0,0,0,0,0,0,0,0,0,0,0,0,0,0,0,1,1,1,0,0
TRNFP,Скворцов Вячеслав Михайлович,вице-президент по безопасности ПАО «Транснефть»; член Правления,0,0,0,0,1,0,0,0,0,0,0,0,0,0,0,0,0,0,0,0,1,1,1,0,0
TRNFP,Шоцкий Сергей Александрович,вице-президент ПАО «Транснефть»; член Правления,0,0,0,0,1,0,0,0,0,0,0,0,0,0,0,0,0,0,0,0,1,1,1,0,0
TRNFP,Ефремов Александр Михайлович,,0,0,0,0,1,0,0,0,0,0,0,0,0,0,0,0,0,0,0,0,0,0,0,0,0
TRNFP,Савкин Владимир Васильевич,директор департамента информационных технологий и цифрового развития ПАО «Транснефть»,0,0,0,0,1,0,0,0,0,0,0,0,0,0,0,0,0,0,0,0,1,1,1,0,0
TRNFP,Щурова Елена Владимировна,,0,0,0,0,1,0,0,0,0,0,0,0,0,0,0,0,0,0,0,0,0,0,0,0,0
TTLK,Нурутдинов Айрат Рафкатович,генеральный директор ПАО «Таттелеком»; член Совета директоров,0,0,0,1,0,1,0,0,0,1,1,1,1,0,0,0,6,6,6,6,1,1,1,0,6
TTLK,Сорокин Валерий Юрьевич,председатель Совета директоров ПАО «Таттелеком»; генеральный директор АО «Связьинвестнефтехим»,0,0,1,0,0,0,0,0,0,0,0,0,0,0,0,0,0,0,0,0,1,1,1,1,0
TTLK,Алексеев Сергей Владимирович,член Совета директоров ПАО «Таттелеком»; первый заместитель генерального директора АО «Связьинвестнефтехим»,0,0,1,0,0,0,0,0,0,0,0,0,0,0,0,0,0,0,0,0,1,1,1,1,0
TTLK,Нафигин Альберт Ильдарович,член Совета директоров ПАО «Таттелеком»; помощник Президента Республики Татарстан,0,0,1,0,0,0,0,0,0,0,0,0,0,0,0,0,0,0,0,0,1,1,1,0,0
TTLK,Минниханов Рифкат Нургалиевич,член Совета директоров ПАО «Таттелеком»; президент Академии наук Республики Татарстан,0,0,0,1,0,0,0,0,0,0,0,0,1,0,0,0,1,1,1,1,1,1,1,0,1
TTLK,Сотов Денис Игоревич,член Совета директоров ПАО «Таттелеком»; начальник отдела по работе с портфельными инвестициями АО «Связьинвестнефтехим»,0,0,0,0,1,0,1,0,0,0,0,0,0,0,0,0,0,0,0,0,1,1,1,1,0
TTLK,Яковлев Альберт Валерьевич,"член Совета директоров ПАО «Таттелеком»; заместитель министра цифрового развития государственного управления, информационных технологий и связи Республики Татарстан",0,0,0,0,1,0,0,0,0,0,0,0,0,0,0,0,0,0,0,0,1,1,1,0,0
TTLK,Шафигуллин Лутфулла Нурисламович,член Совета директоров ПАО «Таттелеком» до 15.05.2024; ранее генеральный директор ПАО «Таттелеком»,1,0,0,0,0,0,0,0,0,0,0,0,0,0,0,0,0,0,0,0,1,1,1,0,0
TTLK,Белобородов Сергей Александрович,заместитель генерального директора ПАО «Таттелеком» по операционной деятельности и режиму,0,0,0,0,1,0,0,0,0,0,0,0,0,0,0,0,0,0,0,0,1,1,1,0,0
TTLK,Нургалеев Ильдар Тахиржанович,заместитель генерального директора по информационной безопасности — директор департамента ИТ,0,0,0,0,1,0,0,0,0,0,0,0,0,0,0,0,0,0,0,0,1,1,1,0,0
TTLK,Шагиахметов Сергей Равилевич,заместитель генерального директора ПАО «Таттелеком» по коммерческой деятельности,0,0,0,0,1,0,0,0,0,0,0,0,0,0,0,0,0,0,0,0,1,1,1,0,0
TTLK,Сибгатуллин Ильнар Ильдарович,заместитель генерального директора ПАО «Таттелеком» по массовому рынку и маркетингу,0,0,0,0,1,0,0,0,0,0,0,0,0,0,0,0,1,1,1,1,1,1,1,0,1
TTLK,Минниханов Расуль Рифкатович,заместитель генерального директора ПАО «Таттелеком» по развитию,0,0,0,1,0,0,0,0,0,1,0,0,0,0,0,0,1,1,1,1,1,1,1,0,1
TTLK,Фролов Дмитрий Александрович,заместитель генерального директора ПАО «Таттелеком» по техническим вопросам,0,0,0,0,1,0,0,0,0,0,0,0,0,0,0,0,1,1,1,1,1,1,1,0,1
TTLK,Осадченко Анастасия Михайловна,корпоративный секретарь ПАО «Таттелеком»; секретарь Совета директоров,0,0,0,0,1,0,0,0,0,0,0,0,0,0,0,0,0,0,0,0,1,1,1,0,0
TTLK,Надин Артем Александрович,руководитель Альметьевского ЗУЭС ПАО «Таттелеком»,0,0,0,0,1,0,0,0,0,0,0,0,0,0,0,0,0,0,0,0,1,1,1,1,0
TTLK,Алтынбаева Ландыш Завдятовна,руководитель Буинского ЗУЭС ПАО «Таттелеком»,0,0,0,0,1,0,0,0,0,0,0,0,0,0,0,0,0,0,0,0,1,1,1,1,0
TTLK,Степанов Максим Александрович,руководитель Набережно-Челнинского ЗУЭС ПАО «Таттелеком»,0,0,0,0,1,0,0,0,0,0,0,0,0,0,0,0,2,2,2,2,1,1,1,1,0
TTLK,Воробьев Михаил Сергеевич,генеральный директор ООО «Твои Мобильные Технологии»,0,0,0,0,1,0,0,0,0,0,0,0,0,0,0,0,2,0,2,2,1,0,1,1,0
TTLK,Камалетдинов Тимур Русланович,генеральный директор ООО «ТТК Диджитал»,0,0,0,0,1,0,0,0,0,0,0,0,0,0,0,0,0,0,0,1,1,1,1,1,0
TTLK,Урлин Андрей Олегович,директор ООО «МИГ»,0,0,0,0,1,0,0,0,0,0,0,0,0,0,0,0,0,0,0,5,0,0,0,1,0
T,Станислав Викторович Близнюк,"Президент группы ""Т-Технологии""; CEO-equivalent по локальному годовому отчету",0,0,0,0,1,0,0,0,0,0,0,0,0,0,0,0,21,1,1,21,1,1,1,1,1
T,Сергей Леонидович Батехин,"Член совета директоров МКПАО ""Т-Технологии""",0,0,0,0,1,0,0,0,0,0,0,0,0,0,0,0,1,1,1,1,1,1,1,1,1
T,Алексей Владимирович Малиновский,"Председатель совета директоров МКПАО ""Т-Технологии""",0,0,0,0,1,0,0,0,0,0,0,0,0,0,0,0,15,15,15,20,1,1,1,1,1
T,Илья Николаевич Писемский,"Член совета директоров МКПАО ""Т-Технологии""",0,0,0,0,1,1,1,0,0,1,0,0,0,0,0,0,13,1,1,21,1,1,1,1,1
T,Татьяна Борисовна Кузнецова,"Член совета директоров МКПАО ""Т-Технологии""",0,0,0,0,1,0,0,0,0,0,0,0,0,0,0,0,16,1,1,16,1,1,1,1,1
T,Валерия Александровна Павлюкова,"Член совета директоров МКПАО ""Т-Технологии""",0,0,0,0,1,0,1,0,0,0,0,0,0,0,0,0,16,1,1,16,1,1,1,1,1
T,Александр Ильич Исаев,"Член совета директоров МКПАО ""Т-Технологии""",0,0,0,0,1,0,0,0,0,0,0,0,0,0,0,0,2,2,2,2,1,1,1,1,2
T,Артём Игоревич Лебедев,"Член совета директоров МКПАО ""Т-Технологии""",0,0,0,0,1,0,0,0,0,0,0,0,0,0,0,0,1,1,1,1,1,1,1,1,1
T,Александр Борисович Лебединский,"Член совета директоров МКПАО ""Т-Технологии""",0,0,0,0,1,0,1,0,0,0,0,0,0,0,0,0,1,1,1,1,1,1,1,1,1
UGLD,Струков Константин Иванович,на 2024 год: президент ООО «УК ЮГК» и руководитель управляющей организации ПАО «ЮГК»,0,0,0,1,0,0,0,0,0,0,2,1,1,16,0,0,35,35,35,44,1,1,1,1,0
UGLD,Клёцкин Артём,финансовый директор ЮГК,0,0,0,0,1,0,0,0,0,0,0,0,0,0,0,0,0,0,0,0,1,1,1,0,0
UGLD,Яковлев Дмитрий,начальник отдела по связям с инвесторами / директор по связям с инвесторами ЮГК,0,0,0,0,1,0,0,0,0,0,0,0,0,0,0,0,0,0,0,0,1,1,1,0,0
UGLD,Курбанов Руслан Магамедович,генеральный директор ООО «Соврудник»,0,0,1,0,0,0,0,0,0,0,0,0,0,0,0,0,28,26,28,28,1,1,1,1,0
UPRO,Никонов Василий Владиславович,"генеральный директор, председатель Правления ПАО «Юнипро»",0,0,0,0,1,0,0,0,0,0,0,0,0,0,0,0,2,2,2,2,1,1,1,0,2
UPRO,Артемьев Игорь Юрьевич,председатель Совета директоров ПАО «Юнипро»,0,0,0,1,0,0,0,0,0,0,0,0,0,0,0,0,1,1,1,18,1,1,1,1,1
UPRO,Маликова Дина Ринатовна,член Совета директоров ПАО «Юнипро»,0,0,0,1,0,0,0,0,0,0,0,0,0,0,0,0,1,1,1,34,1,1,1,1,1
UPRO,Кирпичников Михаил Петрович,член Совета директоров ПАО «Юнипро»,0,0,0,1,0,0,0,0,0,0,,1,1,0,0,0,1,1,1,1,1,1,1,0,1
UPRO,Королев Виталий Геннадьевич,член Совета директоров ПАО «Юнипро»,0,0,0,1,0,0,0,0,0,1,0,0,0,0,0,0,1,1,1,11,1,1,1,1,1
UPRO,Некипелов Александр Дмитриевич,член Совета директоров ПАО «Юнипро»,0,0,0,1,0,0,0,0,0,1,,1,1,0,0,0,1,1,1,1,1,1,1,1,1
UPRO,Павлов Алексей Юрьевич,член Совета директоров ПАО «Юнипро»,0,0,0,0,1,0,0,0,0,0,0,0,0,0,0,0,1,1,1,1,1,1,1,1,1
UPRO,Тарасенко Оксана Валерьевна,член Совета директоров ПАО «Юнипро»,0,0,0,1,0,0,0,0,1,0,0,0,1,3,0,0,1,1,1,8,1,1,1,0,1
UPRO,Шишкин Андрей Николаевич,член Совета директоров ПАО «Юнипро»,0,0,0,0,1,0,0,0,0,0,0,0,0,0,0,0,1,1,1,11,1,1,1,1,1
UPRO,Алексеенков Денис Александрович,генеральный директор ООО «Юнипро Инжиниринг»,0,0,0,0,1,0,0,0,0,0,0,0,0,0,0,0,1,1,1,1,1,1,1,1,0
UPRO,Попов Игорь Викторович,заместитель генерального директора по производству ПАО «Юнипро»; член Правления,0,0,0,0,1,0,0,0,0,0,0,0,0,0,0,0,0,0,0,0,1,1,1,0,0
UPRO,Семенова Вероника Николаевна,начальник Управления внутреннего аудита ПАО «Юнипро»,0,0,0,0,1,0,0,0,0,1,0,0,0,0,0,0,0,0,0,0,1,1,1,0,0
UPRO,Талалаева Елена Владимировна,,0,0,0,0,1,0,0,0,0,0,0,0,0,0,0,0,0,0,0,0,0,0,0,0,0
UPRO,Иванова Оксана Николаевна,,0,0,0,0,1,0,0,0,0,0,0,0,0,0,0,0,0,0,0,0,0,0,0,0,0
UPRO,Ермиличев Дмитрий Валерьевич,,0,0,0,0,1,0,0,0,0,0,0,0,0,0,0,0,0,0,0,0,0,0,0,0,0
UPRO,Бейгер Мария Игоревна,,0,0,0,0,1,0,0,0,0,0,0,0,0,0,0,0,0,0,0,0,0,0,0,0,0
UPRO,Деркач Николай Николаевич,директор филиала «Сургутская ГРЭС-2» ПАО «Юнипро»,0,0,0,0,1,0,0,0,0,0,0,0,0,0,0,0,5,5,5,7,1,1,1,1,0
UPRO,Казарин Дмитрий Иванович,,0,0,0,0,1,0,0,0,0,0,0,0,0,0,0,0,0,0,0,0,0,0,0,0,0
UPRO,Овчинников Сергей Борисович,,0,0,0,0,1,0,0,0,0,0,0,0,0,0,0,0,0,0,0,0,0,0,0,0,0
UPRO,Иноземцев Евгений Александрович,директор филиала «Смоленская ГРЭС» ПАО «Юнипро»,0,0,0,0,1,0,1,0,0,0,0,0,0,0,0,0,5,5,5,5,1,1,1,1,0
UPRO,Поварницын Андрей Васильевич,директор филиала «Яйвинская ГРЭС» ПАО «Юнипро»,0,0,0,0,1,0,0,0,0,0,0,0,0,0,0,0,5,5,5,5,1,1,1,1,0
VKCO,Багудина Елена Геннадьевна,генеральный директор МКПАО «ВК»,0,0,0,0,1,0,0,0,0,0,0,0,0,0,0,0,14,14,14,14,1,1,1,1,0
VKCO,Куприянов Сергей,председатель Совета директоров МКПАО «ВК»; неисполнительный директор,0,0,0,0,1,0,0,0,0,0,0,0,0,0,0,0,3,3,3,23,1,1,1,1,3
VKCO,Зыбина Мария,член Совета директоров МКПАО «ВК»; неисполнительный директор,0,0,0,0,1,0,0,0,0,0,0,0,0,0,0,0,3,3,3,3,1,1,1,1,3
VKCO,Антонова Ульяна,член Совета директоров МКПАО «ВК»; неисполнительный директор,0,0,0,0,1,0,0,0,0,0,0,0,0,0,0,0,0,0,0,0,1,1,1,1,0
VKCO,Устинов Антон,член Совета директоров МКПАО «ВК»; неисполнительный директор,0,0,0,1,0,0,0,0,1,0,0,0,0,0,0,0,0,0,0,9,1,1,1,1,0
VKCO,Чудаков Дмитрий,член Совета директоров МКПАО «ВК»; неисполнительный директор,0,0,0,0,1,0,0,0,0,0,0,0,0,0,0,0,0,0,0,0,1,1,1,0,0
VKCO,Гордин Михаил,член Совета директоров МКПАО «ВК»; неисполнительный директор,0,0,0,1,0,1,0,0,0,1,0,0,1,9,0,0,2,2,2,4,1,1,1,0,2
VKCO,Анисимов Никита,член Совета директоров МКПАО «ВК»; независимый директор,0,0,0,1,0,0,0,0,0,0,0,0,1,0,0,0,3,3,3,5,1,1,1,0,3
VKCO,Яковлева Наталья,член Совета директоров МКПАО «ВК»; независимый директор,0,0,0,0,1,0,0,0,0,1,0,0,0,0,0,0,3,3,3,34,1,1,1,1,3
VKCO,Айвазов Александр,член Совета директоров МКПАО «ВК»; исполнительный директор; старший вице-президент по инвестициям и развитию бизнеса VK,0,0,0,0,1,0,1,0,0,0,0,0,0,0,0,0,3,3,3,3,1,1,1,1,3
VKCO,Мальгинов Антон,член Совета директоров МКПАО «ВК»; исполнительный директор; руководитель юридического департамента VK,0,0,0,0,1,0,0,0,0,0,0,0,0,0,0,0,3,3,3,3,1,1,1,0,3
VKCO,Кириенко Владимир Сергеевич,генеральный директор группы VK,0,0,0,0,1,1,0,0,0,1,0,0,0,0,0,0,4,4,4,4,1,1,1,1,4
VKCO,Азаренко Елена,управляющий директор VK,0,0,0,0,1,0,0,0,0,0,0,0,0,0,0,0,15,15,15,15,1,1,1,0,15
VKCO,Борыславская Светлана,финансовый директор VK,0,0,0,0,1,0,0,0,0,0,0,0,0,0,0,0,17,17,17,17,1,1,1,0,17
VKCO,Китова Екатерина,корпоративный секретарь МКПАО «ВК»,0,0,0,0,1,0,0,0,0,0,0,0,0,0,0,0,0,0,0,0,1,1,1,0,0
VKCO,Ковальчук Степан,старший вице-президент по медиастратегии; руководитель бизнес-группы «Социальные платформы и медиаконтент» VK,0,0,0,1,0,0,0,0,0,0,0,0,0,0,0,0,2,2,2,2,1,1,1,0,2
VKCO,Хуснояров Фарит,вице-президент по развитию мессенджера VK,0,0,0,0,1,0,0,0,0,0,0,0,0,0,0,0,3,3,3,3,1,1,1,1,3
VKCO,Хайбуллов Рустам,вице-президент по стратегическим проектам VK,0,0,0,0,1,0,0,0,0,0,0,0,0,0,0,0,3,3,3,3,1,1,1,0,3
VKCO,Сиренко Ирина,вице-президент по связям с государственными органами VK,0,0,0,1,0,0,0,0,1,0,0,0,0,0,0,0,3,3,3,3,1,1,1,1,3
VKCO,Тадевосян Максим,вице-президент VK,0,0,1,0,0,0,0,0,0,0,0,0,0,0,0,0,0,0,0,0,1,1,1,1,0
VKCO,Мыздриков Иван,вице-президент по развитию почтовых сервисов и магазина приложений VK; директор по продуктам VK Tech,0,0,0,0,1,0,0,0,0,0,0,0,0,0,0,0,3,3,3,3,1,1,1,0,3
VKCO,Меркутов Алексей,вице-президент по коммуникациям VK,0,0,0,0,1,0,0,0,0,0,0,0,0,0,0,0,3,3,3,3,1,1,1,1,3
VKCO,Гогичаты Мераб,вице-президент по инфраструктуре и прикладным сервисам VK,0,0,0,0,1,0,0,0,0,0,0,0,0,0,0,0,2,2,2,2,1,1,1,1,2
VKCO,Фролов Антон,"вице-президент по AI, контентным и рекомендательным сервисам VK",0,0,0,0,1,0,0,0,0,0,0,0,0,0,0,0,2,2,2,2,1,1,1,0,2
VKCO,Карпов Антон,"вице-президент, директор по информационной безопасности VK",0,0,0,0,1,0,0,0,0,0,0,0,0,0,0,0,2,2,2,2,1,1,1,1,2
VKCO,Попов Петр,вице-президент по рекламным технологиям VK,0,0,0,0,1,0,0,0,0,0,0,0,0,0,0,0,2,2,2,2,1,1,1,1,2
VKCO,Дуксин Николай,вице-президент по музыкальным и видеосервисам VK,0,0,0,0,1,0,0,0,0,0,0,0,0,0,0,0,4,4,4,4,1,1,1,0,4
VKCO,Кучай Анастасия,вице-президент по персоналу VK,0,0,0,0,1,0,0,0,0,0,0,0,0,0,0,0,1,1,1,1,1,1,1,1,1
VSEH,Фахрутдинов Валентин Кириллович,член Совета директоров ПАО «ВИ.ру»; исполнительный директор; генеральный директор ПАО «ВИ.ру»; генеральный директор ООО «ВсеИнструменты.ру»,0,0,0,0,1,0,0,0,0,0,0,0,0,0,0,0,8,8,8,10,1,1,1,1,8
VSEH,Шмелева Мария Николаевна,председатель Совета директоров ПАО «ВИ.ру»; неисполнительный директор; член Комитета по аудиту; руководитель юридического департамента ООО «ВсеИнструменты.ру»,0,0,0,0,1,0,0,0,0,0,0,0,0,0,0,0,5,5,5,9,1,1,1,0,5
VSEH,Безумов Олег Игоревич,член Совета директоров ПАО «ВИ.ру»; исполнительный директор; финансовый директор ООО «ВсеИнструменты.ру»,0,0,1,0,0,0,1,0,0,0,0,0,0,0,0,0,5,5,5,13,1,1,1,1,5
VSEH,Кузин Вадим Сергеевич,член Совета директоров ПАО «ВИ.ру»; неисполнительный директор; член Комитета по вознаграждениям и номинациям; генеральный директор ООО «Ви.Тех»; генеральный директор ООО «ВИ Холдинг»,0,0,0,0,1,0,0,0,0,0,0,0,0,0,0,0,6,6,6,10,1,1,1,1,6
VSEH,Луннов Андрей Геннадьевич,член Совета директоров ПАО «ВИ.ру»; неисполнительный директор; коммерческий директор ООО «ВсеИнструменты.ру»,0,0,0,0,1,0,0,0,0,0,0,0,0,0,0,0,8,8,8,8,1,1,1,0,8
VSEH,Иванов Павел Андреевич,член Совета директоров ПАО «ВИ.ру»; неисполнительный директор; генеральный директор ООО «Вирент»,0,0,0,0,1,0,0,0,0,0,0,0,0,0,0,0,10,5,5,10,1,1,1,1,5
VSEH,Школлер Роман Александрович,член Совета директоров ПАО «ВИ.ру»; независимый директор; председатель Комитета по аудиту; член Комитета по вознаграждениям и номинациям,0,0,0,0,1,1,1,0,0,1,0,0,0,0,0,0,3,3,3,9,1,1,1,1,1
VSEH,Ершов Роман Владимирович,член Совета директоров ПАО «ВИ.ру»; независимый директор; председатель Комитета по вознаграждениям и номинациям; член Комитета по аудиту,0,0,0,0,1,0,0,0,0,0,0,0,0,0,0,0,12,3,3,27,1,1,1,1,1
VSEH,Гребенюк Михаил Сергеевич,член Совета директоров ПАО «ВИ.ру»; независимый директор; член Комитета по аудиту; член Комитета по вознаграждениям и номинациям,0,0,0,0,1,0,0,0,0,0,0,0,0,0,0,0,1,1,1,9,1,1,1,1,1
VSEH,Грунин Дмитрий,директор по электронной коммерции ПАО «ВИ.ру»; руководитель направления продаж и маркетинга,0,0,0,0,1,0,0,0,0,0,0,0,0,0,0,0,1,1,1,1,1,1,1,1,1
VSEH,Агранович Мария,директор департамента развития собственных торговых марок ООО «ВсеИнструменты.ру»,0,0,0,0,1,0,0,0,0,0,0,0,0,0,0,0,0,0,0,0,1,1,1,0,0
VSEH,Куприянов Иван,директор по закупкам ООО «ВсеИнструменты.ру»,0,0,0,0,1,0,0,0,0,0,0,0,0,0,0,0,0,0,0,0,1,1,1,0,0
VSEH,Гришков Сергей,руководитель отдела корпоративных финансов / IR,0,0,0,0,1,0,0,0,0,0,0,0,0,0,0,0,0,0,0,0,1,1,1,0,0
VSEH,Денисенко Сергей,руководитель PR-направления,0,0,0,0,1,0,0,0,0,0,0,0,0,0,0,0,0,0,0,0,1,1,1,0,0
VSEH,Алеева Гульнара Ринатовна,корпоративный секретарь ПАО «ВИ.ру»,0,0,0,0,1,0,0,0,0,0,0,0,0,0,0,0,4,4,4,10,1,1,1,0,4
VSMO,Трифонов Дмитрий Валериевич,генеральный директор ПАО «Корпорация ВСМПО-АВИСМА»; член Совета директоров,0,0,0,0,1,0,0,0,0,0,0,0,0,0,0,0,15,15,15,15,1,1,1,1,3
VSMO,Чемезов Сергей Викторович,председатель Совета директоров ПАО «Корпорация ВСМПО-АВИСМА»; генеральный директор ГК «Ростех»,0,0,0,1,0,0,0,0,0,1,1,1,1,0,0,0,1,1,1,19,1,1,1,1,1
VSMO,Шелков Михаил Евгеньевич,заместитель председателя Совета директоров ПАО «Корпорация ВСМПО-АВИСМА»,0,0,1,0,0,0,0,0,0,0,0,0,0,0,0,0,4,4,4,29,1,1,1,1,4
VSMO,Белясова Анна Владимировна,член Совета директоров ПАО «Корпорация ВСМПО-АВИСМА»,0,0,0,0,1,0,0,0,0,0,0,0,0,0,0,0,1,1,1,3,1,1,1,1,1
VSMO,Вишневский Илья Игоревич,член Совета директоров ПАО «Корпорация ВСМПО-АВИСМА»,0,0,0,0,1,1,0,0,0,1,0,0,0,0,0,0,14,14,14,14,1,1,1,1,1
VSMO,Вищаненко Антон Владимирович,член Совета директоров ПАО «Корпорация ВСМПО-АВИСМА»,0,0,0,1,0,1,1,0,0,1,1,1,1,0,0,0,18,6,18,27,1,1,1,1,4
VSMO,Леликов Дмитрий Юрьевич,член Совета директоров ПАО «Корпорация ВСМПО-АВИСМА»; заместитель генерального директора ГК «Ростех» по инвестиционной деятельности,0,0,0,1,0,0,0,0,0,1,0,0,0,0,0,0,1,1,1,23,1,1,1,1,1
VSMO,Мельников Николай Константинович,первый заместитель генерального директора — исполнительный директор ВСМПО,0,0,0,0,1,0,0,0,0,0,0,0,1,0,1,1,12,12,12,12,1,1,1,0,12
VSMO,Бабин Владимир Семенович,"исполняющий обязанности исполнительного директора АВИСМА в 2023–2026; с апреля 2026, по найденным источникам, первый заместитель исполнительного директора",0,0,0,0,1,0,0,0,0,0,0,0,0,0,2,1,2,2,2,2,1,1,1,1,0
VSMO,Варфоломеев Владислав Игоревич,,0,0,0,0,1,0,0,0,0,0,0,0,0,0,0,0,0,0,0,3,0,0,0,1,0
VSMO,Ледер Олег Оттович,,0,0,0,0,1,0,0,0,0,0,0,0,0,0,0,0,0,0,0,0,1,1,1,0,0
VSMO,Ледер Михаил Оттович,директор по науке и технологии ПАО «Корпорация ВСМПО-АВИСМА»,0,0,0,1,0,0,0,0,0,0,2,1,1,3,1,1,0,0,0,0,1,1,1,0,0
VSMO,Сбытов Максим Александрович,директор по управлению персоналом ПАО «Корпорация ВСМПО-АВИСМА»,0,0,0,0,1,0,0,0,0,0,0,0,0,0,0,0,2,2,2,2,1,1,1,0,2
VSMO,Мельников Александр Константинович,заместитель директора по техническому обеспечению и ремонтам оборудования ПАО «Корпорация ВСМПО-АВИСМА»,0,0,0,0,1,0,0,0,0,0,0,0,0,0,0,0,1,1,1,1,1,1,1,0,1
VSMO,Болотникова Юлия Владимировна,корпоративный секретарь; секретарь Совета директоров,0,0,0,0,1,0,0,0,0,0,0,0,0,0,0,0,21,5,21,30,1,1,1,1,5
VTBR,Костин Андрей Леонидович,Президент – Председатель Правления Банка ВТБ (ПАО),0,0,0,1,0,0,0,0,0,1,0,0,0,0,0,0,1,1,1,1,1,1,1,0,1
VTBR,Григоренко Дмитрий Юрьевич,Председатель Наблюдательного совета Банка ВТБ (ПАО),0,0,1,0,0,0,0,0,1,1,0,0,0,0,0,0,1,1,1,1,1,1,1,0,1
VTBR,Сидоренко Валерий Валерьевич,Член Наблюдательного совета Банка ВТБ (ПАО),0,0,0,0,1,0,0,0,0,0,0,0,0,0,0,0,1,1,1,1,1,1,1,0,1
VTBR,Решетников Максим Геннадьевич,Член Наблюдательного совета Банка ВТБ (ПАО),0,0,0,1,0,0,0,0,0,1,0,0,0,0,0,0,1,1,1,1,1,1,1,0,1
VTBR,Моисеев Алексей Владимирович,Член Наблюдательного совета Банка ВТБ (ПАО),0,0,0,0,1,0,0,0,0,0,0,0,0,0,0,0,1,1,1,1,1,1,1,0,1
VTBR,Шадаев Максут Игоревич,Член Наблюдательного совета Банка ВТБ (ПАО),0,0,1,0,0,0,0,0,0,0,0,0,0,0,0,0,1,1,1,1,1,1,1,0,1
VTBR,Репин Игорь Николаевич,Независимый член Наблюдательного совета Банка ВТБ (ПАО),0,0,0,0,1,1,1,0,0,1,0,0,0,0,0,0,1,1,1,1,1,1,1,0,1
VTBR,Гаврилов Сергей Анатольевич,Независимый член Наблюдательного совета Банка ВТБ (ПАО),0,0,0,0,1,1,1,0,0,1,0,0,0,0,0,0,1,1,1,1,1,1,1,0,1
VTBR,Каганов Вениамин Шаевич,Член Наблюдательного совета Банка ВТБ (ПАО),0,0,0,1,0,0,0,0,0,1,0,0,0,0,0,0,1,1,1,1,1,1,1,0,1
VTBR,Прокофьев Станислав Евгеньевич,Член Наблюдательного совета Банка ВТБ (ПАО),0,0,0,1,0,0,0,0,0,1,0,0,1,0,0,0,1,1,1,1,1,1,1,0,1
VTBR,Осеевский Михаил Эдуардович,Член Наблюдательного совета Банка ВТБ (ПАО),0,0,1,0,0,0,0,0,0,0,0,0,0,0,0,0,1,1,1,1,1,1,1,0,1
VTBR,Пьянов Дмитрий Васильевич,Первый заместитель Президента – Председателя Правления Банка ВТБ (ПАО),0,0,0,0,1,0,0,0,0,0,0,0,0,0,0,0,1,1,1,1,1,1,1,0,1
VTBR,Бортников Денис Александрович,Заместитель Президента – Председателя Правления Банка ВТБ (ПАО); руководитель блока среднего и малого бизнеса,0,0,0,0,1,0,0,0,0,0,0,0,0,0,0,0,1,1,1,1,1,1,1,0,1
VTBR,Дергунова Ольга Константиновна,Заместитель Президента – Председателя Правления Банка ВТБ (ПАО),0,0,0,0,1,0,0,0,0,0,0,0,0,0,0,0,0,0,0,0,1,1,1,0,0
VTBR,Кулик Вадим Валерьевич,Заместитель Президента – Председателя Правления Банка ВТБ (ПАО); руководитель технологического блока,0,0,0,0,1,0,0,0,0,0,0,0,0,0,0,0,1,1,1,1,1,1,1,0,1
VTBR,Лукьяненко Валерий Васильевич,Заместитель Президента – Председателя Правления Банка ВТБ (ПАО),0,0,0,0,1,0,0,0,0,0,0,0,0,0,0,0,1,1,1,1,1,1,1,0,1
VTBR,Сергейчук Виталий Юрьевич,Член Правления Банка ВТБ (ПАО); руководитель блока корпоративно-инвестиционного бизнеса,0,0,0,0,1,0,0,0,0,0,0,0,0,0,0,0,1,1,1,1,1,1,1,0,1
VTBR,Кондратенко Максим Дмитриевич,,0,0,0,0,1,0,0,0,0,0,0,0,0,0,0,0,0,0,0,0,0,0,0,0,0
VTBR,Диркс Наталья Германовна,,0,0,0,0,1,0,0,0,0,0,0,0,0,0,0,0,0,0,0,0,0,0,0,0,0
VTBR,Норов Эркин Рахматович,,0,0,0,0,1,0,0,0,0,0,0,0,0,0,0,0,0,0,0,0,0,0,0,0,0
VTBR,Андресов Юрий Николаевич,Заместитель Президента – Председателя Правления Банка «Открытие»,0,0,0,0,1,0,0,0,0,0,0,0,0,0,0,0,1,1,1,1,1,1,1,1,0
VTBR,Лозовой Алексей,,0,0,0,0,1,0,0,0,0,0,0,0,0,0,0,0,0,0,0,0,0,0,0,0,0
VTBR,Левыкин Владимир Дмитриевич,,0,0,0,0,1,0,0,0,0,0,0,0,0,0,0,0,0,0,0,0,0,0,0,0,0
VTBR,Еременко Руслан Юрьевич,Член Правления Банка ВТБ (ПАО),0,0,0,0,1,0,0,0,0,0,0,0,0,0,0,0,1,1,1,1,1,1,1,0,1
VTBR,Горшков Георгий Георгиевич,,0,0,0,0,1,0,0,0,0,0,0,0,0,0,0,0,0,0,0,0,0,0,0,0,0
WUSH,Чуйко Дмитрий Владимирович,Член Совета директоров ПАО «ВУШ Холдинг»; генеральный директор ПАО «ВУШ Холдинг»; основатель Whoosh,0,1,0,0,0,0,0,0,0,0,0,0,0,0,0,0,6,4,6,6,1,1,1,1,1
WUSH,Баяндин Егор Александрович,Председатель Совета директоров ПАО «ВУШ Холдинг»; заместитель генерального директора ООО «ВУШ» по информационным технологиям; технический директор Whoosh,0,0,1,0,0,0,0,0,0,0,0,0,0,0,0,0,5,5,5,14,1,1,1,1,1
WUSH,Журавлев Олег Александрович,Член Совета директоров ПАО «ВУШ Холдинг»; заместитель генерального директора ООО «ВУШ» по территориальному развитию,0,1,0,0,0,0,0,0,0,1,0,0,0,0,0,0,1,1,1,3,1,1,1,1,1
WUSH,Лаврентьев Сергей Владимирович,Член Совета директоров ПАО «ВУШ Холдинг»; заместитель генерального директора ООО «ВУШ» по взаимодействию с органами власти,0,0,1,0,0,0,0,0,0,0,0,0,0,0,0,0,5,5,5,17,1,1,1,1,1
WUSH,Еремин Антон Валентинович,Член Совета директоров ПАО «ВУШ Холдинг»; первый заместитель генерального директора ООО «ВУШ»,0,0,0,0,1,0,0,0,0,0,0,0,0,0,0,0,1,1,1,1,1,1,1,0,1
WUSH,Зальцман Евгений Ефимович,Член Совета директоров ПАО «ВУШ Холдинг»,0,0,1,0,0,0,0,0,0,1,0,0,0,0,0,0,9,3,9,14,1,1,1,1,1
WUSH,Соловьева Юлия,"Независимый директор, член Совета директоров ПАО «ВУШ Холдинг»",0,0,0,0,1,0,0,0,0,0,0,0,0,0,0,0,1,1,1,1,1,1,1,0,1
WUSH,Ефремов Николай Сергеевич,"Независимый директор, член Совета директоров ПАО «ВУШ Холдинг»",0,0,0,0,1,0,0,0,0,0,0,0,0,0,0,0,1,1,1,1,1,1,1,0,1
WUSH,Розанов Всеволод Валерьевич,"Независимый директор, член Совета директоров ПАО «ВУШ Холдинг»",0,0,0,0,1,0,0,0,0,0,0,0,0,0,0,0,1,1,1,1,1,1,1,0,1
WUSH,Синявский Александр,Финансовый директор Whoosh,0,0,0,0,1,0,0,0,0,0,0,0,0,0,0,0,1,1,1,1,1,1,1,1,0
WUSH,Камойлик Юлия,Директор по коммуникациям Whoosh,0,0,0,0,1,0,0,0,0,0,0,0,0,0,0,0,1,1,1,1,1,1,1,1,0
WUSH,Литвина Анастасия Леонидовна,Корпоративный секретарь ПАО «ВУШ Холдинг»,0,0,0,0,1,0,0,0,0,0,0,0,0,0,0,0,1,1,1,1,1,1,1,0,1
YDEX,Артём Савиновский,исполнительный директор; генеральный директор МКПАО «ЯНДЕКС»,0,0,0,0,1,0,0,0,0,0,0,0,0,0,0,0,22,22,22,22,1,1,1,0,22
YDEX,Светлана Ячевская,председатель совета директоров; независимый директор,0,0,0,1,0,0,0,0,1,0,0,0,0,0,0,0,1,1,1,1,1,1,1,0,1
YDEX,Андрей Бетин,независимый директор,0,0,1,0,0,0,1,0,0,0,0,0,0,0,0,0,1,1,1,2,1,1,1,1,1
YDEX,Александр Ивлев,независимый директор,0,0,0,0,1,0,0,0,0,0,0,0,0,0,0,0,1,1,1,1,1,1,1,1,1
YDEX,Алексей Яковицкий,независимый директор,0,0,0,0,1,0,0,0,0,0,0,0,0,0,0,0,7,7,7,7,1,1,1,0,7
YDEX,Евгений Якушкин,независимый директор,0,0,0,0,1,0,0,0,0,0,0,0,0,0,0,0,1,1,1,1,1,1,1,0,1
YDEX,Павел Деньгин,неисполнительный директор,0,0,0,0,1,0,0,0,0,0,0,0,0,0,0,0,1,1,1,1,1,1,1,0,1
YDEX,Антон Сычёв,неисполнительный директор,0,0,0,0,1,0,0,0,0,0,0,0,0,0,0,0,1,1,1,1,1,1,1,1,1
YDEX,Александр Чачава,неисполнительный директор,0,0,0,0,1,0,0,0,0,0,0,0,0,0,0,0,1,1,1,1,1,1,1,0,1
YDEX,Алексей Кудрин,советник по корпоративному развитию Яндекса,0,0,0,1,0,0,0,0,0,1,0,0,1,3,0,0,3,3,3,20,1,1,1,0,3
YDEX,Андрей Себрант,директор по стратегическому маркетингу сервисов Яндекса,0,0,0,1,0,0,0,0,0,0,0,0,1,0,0,0,0,0,0,0,1,1,1,0,0
YDEX,Александр Крайнов,директор по развитию технологий искусственного интеллекта,0,0,1,0,0,0,0,0,0,0,0,0,0,0,0,0,0,0,0,0,1,1,1,1,0
YDEX,Константин Сидорков,директор по работе с артистами в Яндексе,0,0,0,0,1,0,0,0,0,0,0,0,0,0,0,0,1,1,1,1,1,1,1,0,1
YDEX,Даниил Шулейко,директор бизнес-группы E-commerce и Ridetech,0,0,0,0,1,0,0,0,0,0,0,0,0,0,0,0,4,4,4,4,1,1,1,0,4
YDEX,Дмитрий Масюк,директор бизнес-группы Поиска и рекламных технологий,0,0,1,0,0,0,0,0,0,0,0,0,0,0,0,0,2,2,2,8,1,1,1,0,2
YDEX,Роман Маресов,руководитель e-commerce-сервисов Яндекса,0,0,1,0,0,0,0,0,0,0,0,0,0,0,0,0,2,2,2,2,1,1,1,0,2
YDEX,Александр Аникин,генеральный директор Яндекс Такси; руководитель направления Ridetech,0,0,1,0,0,0,0,0,0,0,0,0,0,0,0,0,9,9,9,9,1,1,1,1,9
YDEX,Александр Балахнин,финансовый директор Яндекса,0,0,1,0,0,0,0,0,0,0,0,0,0,0,0,0,2,2,2,2,1,1,1,1,2
YDEX,Елена Бубнова,руководитель Поиска Яндекса,0,0,1,0,0,0,0,0,0,0,0,0,0,0,0,0,18,18,18,18,1,1,1,0,18
YDEX,Игорь Богачёв,коммерческий директор Яндекса,0,0,0,0,1,0,0,0,0,0,0,0,0,0,0,0,1,1,1,1,1,1,1,0,1
YDEX,Иван Задохин,операционный директор Яндекс Маркета,0,0,0,0,1,0,0,0,0,0,0,0,0,0,0,0,0,0,0,1,0,0,0,1,0
YDEX,Вадим Петров,генеральный директор Яндекс Лавки,0,0,0,0,1,0,0,0,0,0,0,0,0,0,0,0,0,0,0,2,0,0,0,1,0
YDEX,Евгений Анищенков,руководитель сервисов Яндекс Еда и Деливери,0,0,0,0,1,0,0,0,0,0,0,0,0,0,0,0,0,0,0,1,0,0,0,1,0
YDEX,Александр Дунаевский,генеральный директор Кинопоиска,0,0,0,0,1,0,0,0,0,0,0,0,0,0,0,0,1,0,1,1,1,0,1,1,0
YDEX,Александра Сагалович,руководитель Яндекс Музыки,0,0,0,0,1,0,0,0,0,0,0,0,0,0,0,0,4,0,4,4,1,0,1,1,0
YDEX,Виталий Григораш,руководитель Яндекс Книг,0,0,0,0,1,0,0,0,0,0,0,0,0,0,0,0,0,0,0,0,1,0,1,1,0
YDEX,Андрей Гевак,генеральный директор Яндекс Плюса,0,0,0,0,1,0,0,0,0,0,0,0,0,0,0,0,0,0,0,0,1,0,1,1,0
YDEX,Ольга Филипук,директор по контенту Плюса и Фантеха,0,0,0,0,1,0,0,0,0,0,0,0,0,0,0,0,0,0,0,0,1,0,1,1,0
YDEX,Дмитрий Субботин,руководитель Яндекс Афиши,0,0,0,0,1,0,0,0,0,0,0,0,0,0,0,0,0,0,0,0,1,0,1,1,0
YDEX,Тембот Керефов,руководитель Яндекс Доставки в России,0,0,0,0,1,0,0,0,0,0,0,0,0,0,0,0,0,0,0,0,0,0,0,1,0
YDEX,Кирилл Лунёв,генеральный директор Яндекс Драйва,0,0,0,0,1,0,0,0,0,0,0,0,0,0,0,0,0,0,0,3,0,0,0,1,0
YDEX,Павел Алёшин,генеральный директор Авто.ру,0,0,0,0,1,0,0,0,0,0,0,0,0,0,0,0,0,0,0,0,1,1,1,1,0
YDEX,Александр Ганьшин,генеральный директор Яндекс Погоды; генеральный директор Яндекс Пробок,0,0,0,1,0,0,0,0,0,0,0,0,0,0,0,0,0,0,0,0,1,1,1,1,0
YDEX,Павел Епишин,руководитель / генеральный директор Яндекс Игр,0,0,0,0,1,0,0,0,0,0,0,0,0,0,0,0,0,0,0,0,1,0,1,1,0
YDEX,Дмитрий Литвинов,,0,0,0,0,1,0,0,0,0,0,0,0,0,0,0,0,0,0,0,0,0,0,0,0,0
YDEX,Павел Кушелев,,0,0,0,0,1,0,0,0,0,0,0,0,0,0,0,0,0,0,0,0,0,0,0,0,0
ZAYM,Макаров Роман Сергеевич,член Совета директоров; генеральный директор,0,0,0,0,1,0,0,0,0,0,0,0,0,0,0,0,9,9,9,9,1,1,1,0,9
ZAYM,Повалий Михаил Сергеевич,председатель Совета директоров,0,0,1,0,0,1,1,0,0,1,0,0,0,0,0,0,7,1,1,7,1,1,1,1,1
ZAYM,Мехтиев Эльман Октай оглу,независимый член Совета директоров,0,0,1,0,0,0,0,0,0,0,0,0,0,0,0,0,1,1,1,9,1,1,1,1,1
ZAYM,Грязнова Оксана Николаевна,член Совета директоров; финансовый директор,0,0,0,0,1,0,0,0,0,0,0,0,0,0,0,0,8,8,8,8,1,1,1,0,8
ZAYM,Заводсков Андрей Дмитриевич,член Совета директоров; заместитель генерального директора,0,1,0,0,0,0,0,0,0,0,0,0,0,0,0,0,6,6,6,7,1,1,1,1,6
ZAYM,Ляшенко Павел Андреевич,член Совета директоров; генеральный директор ООО «ФинТехРобот»,0,1,0,0,0,0,0,0,0,0,0,0,0,0,0,0,1,1,1,10,1,1,1,1,1
ZAYM,Борейко Александр Сергеевич,член Совета директоров; директор по управлению коммуникациями и связям с инвесторами,0,1,0,0,0,0,0,0,0,0,0,0,0,0,0,0,2,2,2,2,1,1,1,0,2
ZAYM,Матвеева Татьяна Васильевна,член Совета директоров; директор по правовым вопросам,0,0,0,0,1,1,0,0,1,1,0,0,0,0,0,0,8,8,8,8,1,1,1,0,8
ZAYM,Родионов Станислав Николаевич,член Совета директоров; директор по информационной безопасности,0,0,0,0,1,0,0,0,0,0,0,0,0,0,0,0,8,8,8,10,1,1,1,1,8
ZAYM,Сныткин Алексей Викторович,член Совета директоров; заместитель директора службы управления рисками и внутреннего контроля,0,0,0,0,1,0,0,0,0,0,0,0,0,0,0,0,6,6,6,13,1,1,1,1,4
