ticker,name,kind,episode,organization,start_original,end_original,start_used,end_used,years,note,is_current_company
ABIO,Масюк Сергей Владимирович,professional,0,"ООО ""НекстГен Фарма"" / ООО ""ИСКЧ Фарма""",2018,,2018,2020,3,end_from_next_start,0
ABIO,Масюк Сергей Владимирович,professional,1,"ПАО ""ИСКЧ""",2020,2020,2020,2020,1,,1
ABIO,Масюк Сергей Владимирович,professional,2,"ПАО ""ИСКЧ"" / ПАО ""Артген""",2020,,2020,2024,5,end_at_collection_year,1
ABIO,Исаев Артур Александрович,professional,0,"Аудиторско-консалтинговая группа ""Мауэр-Аудит и партнеры""",1999,2003,1999,2003,5,,0
ABIO,Исаев Артур Александрович,professional,1,Институт Стволовых Клеток Человека / Артген,2003,,2003,2007,5,end_from_next_start,1
ABIO,Исаев Артур Александрович,professional,2,"ПАО ""Артген""",2007,,2007,2024,18,end_at_collection_year,1
ABIO,Исаев Артур Александрович,professional,3,"ПАО ""ЦГРМ ""ГЕНЕТИКО""",,,,,0,missing_dates_excluded,0
ABIO,Исаев Артур Александрович,professional,4,"ПАО ""ММЦБ""",,,,,0,missing_dates_excluded,0
ABIO,Исаев Артур Александрович,research,0,Артген / ИСКЧ group projects,,,,,0,missing_dates_excluded,
ABIO,Богуславский Дмитрий Эдгардович,professional,0,"ООО ""Европейская Международная Клиника""",2013,2014,2013,2014,2,,0
ABIO,Богуславский Дмитрий Эдгардович,professional,1,"ООО ""Диалайн""",2014,2015,2014,2015,2,,0
ABIO,Богуславский Дмитрий Эдгардович,professional,2,"ПАО ""ИСКЧ""",2014,2016,2014,2016,3,,1
ABIO,Богуславский Дмитрий Эдгардович,professional,3,"ПАО ""ИСКЧ""",2015,2016,2015,2016,2,,1
ABIO,Богуславский Дмитрий Эдгардович,professional,4,"ООО ""ЦГРМ ""ГЕНЕТИКО""",2016,2018,2016,2018,3,,0
ABIO,Богуславский Дмитрий Эдгардович,professional,5,"ПАО ""ИСКЧ""",2018,2019,2018,2019,2,,1
ABIO,Богуславский Дмитрий Эдгардович,professional,6,"ПАО ""ИСКЧ"" / ПАО ""Артген""",2022,,2022,2024,3,end_at_collection_year,1
ABIO,Богуславский Дмитрий Эдгардович,research,0,,2003,,2003,2024,22,end_at_collection_year,
ABIO,Деев Роман Вадимович,professional,0,Военно-медицинская академия им. С. М. Кирова; НИИ травматологии и ортопедии им. Р. Р. Вредена,2003,2010,2003,2010,8,,0
ABIO,Деев Роман Вадимович,professional,1,"Журнал ""Гены и Клетки"" / genescells.ru",2005,,2005,2014,10,end_from_next_start,0
ABIO,Деев Роман Вадимович,professional,2,"ПАО ""Артген""",2014,,2014,2016,3,end_from_next_start,1
ABIO,Деев Роман Вадимович,professional,3,"ФГБОУ ВО ""Рязанский государственный медицинский университет им. академика И. П. Павлова""",2016,,2016,2024,9,end_at_collection_year,0
ABIO,Деев Роман Вадимович,professional,4,"ПАО ""Артген""",2014,,2014,2016,3,end_from_next_start,1
ABIO,Деев Роман Вадимович,research,0,РязГМУ / Артген,2014,,2014,2024,11,end_at_collection_year,
ABIO,Исаев Андрей Александрович,professional,0,"ООО ""Сегмент""",2002,2021,2002,2021,20,,0
ABIO,Исаев Андрей Александрович,professional,1,"ПАО ""Артген""",2017,,2017,2021,5,end_from_next_start,1
ABIO,Исаев Андрей Александрович,professional,2,"ПАО ""ММЦБ""",2021,,2021,2024,4,end_at_collection_year,0
ABIO,Мауэр Константин Николаевич,professional,0,MayerGroup / Mauergroup,1993,,1993,2002,10,end_from_next_start,0
ABIO,Мауэр Константин Николаевич,professional,1,"ООО ""Аудиторская компания ""Мауэр-Аудит""",2002,,2002,2008,7,end_from_next_start,0
ABIO,Мауэр Константин Николаевич,professional,2,"ООО ""МауэрГруппРостов""",2002,,2002,2008,7,end_from_next_start,0
ABIO,Мауэр Константин Николаевич,professional,3,"ООО ""МауэрИнвест""",2008,,2008,2023,16,end_from_next_start,0
ABIO,Мауэр Константин Николаевич,professional,4,"ООО ""ИСКЧ Консалтинг""",2023,,2023,2024,2,end_at_collection_year,0
ABIO,Мауэр Константин Николаевич,professional,5,"ПАО ""Артген""",,,,,0,missing_dates_excluded,1
ABIO,Киселев Сергей Львович,professional,0,Институт общей генетики им. Н. И. Вавилова РАН,2007,,2007,2016,10,end_from_next_start,0
ABIO,Киселев Сергей Львович,professional,1,ФГБУ ФНКЦ ФХМ ФМБА России,2016,,2016,2024,9,end_at_collection_year,0
ABIO,Киселев Сергей Львович,professional,2,"ПАО ""Артген""",2007,,2007,2016,10,end_from_next_start,1
ABIO,Киселев Сергей Львович,research,0,Институт общей генетики им. Н. И. Вавилова РАН / ФНКЦ ФХМ ФМБА России,2007,,2007,2024,18,end_at_collection_year,
ABIO,Примак Алексей Евгеньевич,professional,0,Фондовый рынок / инвестиционный сектор,1993,,1993,2020,28,end_from_next_start,0
ABIO,Примак Алексей Евгеньевич,professional,1,Институт Финансово-Инвестиционных Технологий,,,,,0,missing_dates_excluded,0
ABIO,Примак Алексей Евгеньевич,professional,2,"ООО ""АВС-РЕЙТИНГ""",2020,,2020,2023,4,end_from_next_start,0
ABIO,Примак Алексей Евгеньевич,professional,3,"ПАО ""Артген""",2023,,2023,2024,2,end_at_collection_year,1
ABIO,Примак Алексей Евгеньевич,professional,4,"ПАО ""ЦГРМ ""ГЕНЕТИКО""",,,,,0,missing_dates_excluded,0
ABIO,Александров Дмитрий Андреевич,professional,0,Инвестиционные компании,2007,,2007,2008,2,end_from_next_start,0
ABIO,Александров Дмитрий Андреевич,professional,1,"ООО ""ИК ""ФайнэншлБридж""",2008,2009,2008,2009,2,,0
ABIO,Александров Дмитрий Андреевич,professional,2,"ООО ""УНИВЕР Капитал""",2009,2013,2009,2013,5,,0
ABIO,Александров Дмитрий Андреевич,professional,3,"ООО ""УНИВЕР Капитал""",2013,,2013,2024,12,end_at_collection_year,0
ABIO,Александров Дмитрий Андреевич,professional,4,"ПАО ""ИСКЧ"" / Artgen",,,,,0,missing_dates_excluded,0
ABIO,Александров Дмитрий Андреевич,professional,5,"ООО ""АВИ Кэпитал""",,,,,0,missing_dates_excluded,0
ABIO,Александров Дмитрий Андреевич,research,0,,,,,,0,missing_dates_excluded,
AFKS,Ситдеков Тагир Алиевич,professional,0,PwC,2000,2001,2000,2001,2,,0
AFKS,Ситдеков Тагир Алиевич,professional,1,Creditanstalt Investment Bank,2001,2003,2001,2003,3,,0
AFKS,Ситдеков Тагир Алиевич,professional,2,"ОАО ""Сочинская ТЭС""",2003,2005,2003,2005,3,,0
AFKS,Ситдеков Тагир Алиевич,professional,3,"ПАО АФК ""Система""",2022,,2022,2024,3,end_at_collection_year,1
AFKS,Шохин Александр Николаевич,professional,0,Российский союз промышленников и предпринимателей,2005,,2005,2024,20,end_at_collection_year,0
AFKS,Шохин Александр Николаевич,professional,1,НИУ ВШЭ,1995,,1995,2005,11,end_from_next_start,0
AFKS,Шохин Александр Николаевич,professional,2,"ПАО АФК ""Система""",,,,,0,missing_dates_excluded,1
AFKS,Шохин Александр Николаевич,research,0,НИУ ВШЭ / академическая среда,,,,,0,missing_dates_excluded,
AFKS,Маслов Алексей Александрович,professional,0,ИСАА МГУ,2021,,2021,2024,4,end_at_collection_year,0
AFKS,Маслов Алексей Александрович,professional,1,"ПАО АФК ""Система""",,,,,0,missing_dates_excluded,1
AFKS,Маслов Алексей Александрович,research,0,МГУ / ИСАА / ИСТИНА,,,,,0,missing_dates_excluded,
AFKS,Кузьминов Ярослав Иванович,professional,0,НИУ ВШЭ,1994,,1994,2021,28,end_from_next_start,0
AFKS,Кузьминов Ярослав Иванович,professional,1,"ПАО АФК ""Система""",2021,,2021,2024,4,end_at_collection_year,1
AFKS,Кузьминов Ярослав Иванович,research,0,НИУ ВШЭ,,,,,0,missing_dates_excluded,
AFKS,Евтушенков Феликс Владимирович,professional,0,"ПАО АФК ""Система""",,,,,0,missing_dates_excluded,1
AFKS,Евтушенков Феликс Владимирович,professional,1,МТС / Sistema Hals / активы группы,,,,,0,missing_dates_excluded,0
AFKS,Евтушенков Владимир Петрович,professional,0,"ПАО АФК ""Система""",,,,,0,missing_dates_excluded,1
AFKS,Евтушенков Владимир Петрович,research,0,,,,,,0,missing_dates_excluded,
AFKS,Вьюгин Олег Вячеславович,professional,0,Банк России / Минфин России / ФСФР России,,,,,0,missing_dates_excluded,0
AFKS,Вьюгин Олег Вячеславович,professional,1,Московская биржа / НРД,,,,,0,missing_dates_excluded,0
AFKS,Вьюгин Олег Вячеславович,professional,2,"ПАО АФК ""Система""",2022,,2022,2024,3,end_at_collection_year,1
AFKS,Вьюгин Олег Вячеславович,research,0,Институт народнохозяйственного прогнозирования АН СССР,1989,1993,1989,1993,5,,
AFKS,Волошин Александр Стальевич,professional,0,Администрация Президента РФ,1997,2003,1997,2003,7,,0
AFKS,Волошин Александр Стальевич,professional,1,"РАО ""ЕЭС России""",1999,2008,1999,2008,10,,0
AFKS,Волошин Александр Стальевич,professional,2,"ПАО АФК ""Система""",2024,,2024,2024,1,end_at_collection_year,1
AFKS,Васадзе Леван Шиоевич,professional,0,Aton / инвестиционно-финансовые организации,1995,1999,1995,1999,5,,0
AFKS,Васадзе Леван Шиоевич,professional,1,"ПАО АФК ""Система""",,,,,0,missing_dates_excluded,1
AFKS,Васадзе Леван Шиоевич,professional,2,"Росно (""РОСНО"", страховая компания)",2006,2007,2006,2007,2,,0
AFKS,Васадзе Леван Шиоевич,professional,3,Prometheus Capital Partners,2008,,2008,2024,17,end_at_collection_year,0
AFLT,Александровский Сергей Владимирович,professional,0,"ПАО ""Аэрофлот""",2022,,2022,2024,3,end_at_collection_year,1
AFLT,Александровский Сергей Владимирович,professional,1,"АО ""Авиакомпания ""Россия""",2018,2022,2018,2022,5,,0
AFLT,Бадеха Вадим Александрович,professional,0,"АО ""Объединенная авиастроительная корпорация""",2024,,2024,2024,1,end_at_collection_year,0
AFLT,Бадеха Вадим Александрович,professional,1,"АО ""Объединенная двигателестроительная корпорация""",2023,2024,2023,2024,2,,0
AFLT,Бадеха Вадим Александрович,professional,2,Уральский завод гражданской авиации,2009,2023,2009,2023,15,,0
AFLT,Каменской Игорь Александрович,professional,0,Совет Федерации,2002,2009,2002,2009,8,,0
AFLT,Каменской Игорь Александрович,professional,1,Renaissance Capital / Renaissance Broker,2009,,2009,2024,16,end_at_collection_year,0
AFLT,Ликсутов Максим Станиславович,professional,0,Правительство Москвы,2012,,2012,2024,13,end_at_collection_year,0
AFLT,Ликсутов Максим Станиславович,professional,1,"ООО ""Аэроэкспресс""",2009,2010,2009,2010,2,,0
AFLT,Моисеев Алексей Владимирович,professional,0,Министерство финансов Российской Федерации,2012,,2012,2024,13,end_at_collection_year,0
AFLT,Моисеев Алексей Владимирович,professional,1,ВТБ Капитал,2010,2012,2010,2012,3,,0
AFLT,Моисеев Алексей Владимирович,professional,2,Renaissance Capital,2001,2010,2001,2010,10,,0
AFLT,Никитин Андрей Сергеевич,professional,0,Новгородская область,2017,2025,2017,2024,8,end_capped_at_collection_year,0
AFLT,Никитин Андрей Сергеевич,professional,1,Агентство стратегических инициатив,2011,2017,2011,2017,7,,0
AFLT,Пахомов Роман Викторович,professional,0,"ООО ""Авиакапитал-Сервис""",2010,,2010,2024,15,end_at_collection_year,0
AFLT,Песков Дмитрий Николаевич,professional,0,Администрация Президента Российской Федерации,2018,,2018,2024,7,end_at_collection_year,0
AFLT,Песков Дмитрий Николаевич,professional,1,Агентство стратегических инициатив,2011,,2011,2018,8,end_from_next_start,0
AFLT,Песков Дмитрий Николаевич,professional,2,МГИМО,2000,,2000,2011,12,end_from_next_start,0
AFLT,Прокофьев Станислав Евгеньевич,professional,0,Финансовый университет при Правительстве Российской Федерации,2021,,2021,2024,4,end_at_collection_year,0
AFLT,Прокофьев Станислав Евгеньевич,professional,1,Федеральное казначейство,2005,2021,2005,2021,17,,0
AFLT,Прокофьев Станислав Евгеньевич,research,0,Финансовый университет при Правительстве Российской Федерации,2012,2021,2012,2021,10,,
AFLT,Савельев Виталий Геннадьевич,professional,0,"ПАО ""Аэрофлот""",2020,,2020,2024,5,end_at_collection_year,1
AFLT,Савельев Виталий Геннадьевич,professional,1,"ПАО ""Аэрофлот""",2009,2020,2009,2020,12,,1
AFLT,Савельев Виталий Геннадьевич,professional,2,Правительство Российской Федерации,2020,,2020,2024,5,end_at_collection_year,0
AFLT,Чемезов Сергей Викторович,professional,0,Государственная корпорация Ростех,2007,,2007,2024,18,end_at_collection_year,0
AFLT,Чемезов Сергей Викторович,professional,1,Рособоронэкспорт,2004,2007,2004,2007,4,,0
AFLT,Чемезов Сергей Викторович,research,0,Академия военных наук,,,,,0,missing_dates_excluded,
AFLT,Шадаев Максут Игоревич,professional,0,"Министерство цифрового развития, связи и массовых коммуникаций РФ",2020,,2020,2024,5,end_at_collection_year,0
AFLT,Шадаев Максут Игоревич,professional,1,Правительство Московской области,2018,2020,2018,2020,3,,0
AFLT,Чиханчин Андрей Юрьевич,professional,0,"ПАО ""Аэрофлот""",2022,,2022,2024,3,end_at_collection_year,1
AFLT,Чиханчин Андрей Юрьевич,professional,1,"ПАО ""Аэрофлот""",2020,2020,2020,2020,1,,1
AFLT,Чиханчин Андрей Юрьевич,professional,2,ВЭБ,2008,2009,2008,2009,2,,0
AFLT,Семёнов Андрей Викторович,professional,0,"ПАО ""Аэрофлот""",2022,,2022,2024,3,end_at_collection_year,1
AFLT,Семёнов Андрей Викторович,professional,1,"ПАО ""Аэрофлот""",,2022,,2022,0,missing_dates_excluded,1
AFLT,Семёнов Андрей Викторович,professional,2,"Авиакомпания ""ЮТэйр""",,,,,0,missing_dates_excluded,0
AGRO,Липатов Тимур Владимирович,professional,0,"Всероссийский теплотехнический научно-исследовательский институт; ОАО ""Технопромэкспорт""; ОАО ""Энел ОГК-5""",2002,2007,2002,2007,6,,0
AGRO,Липатов Тимур Владимирович,professional,1,"ОАО ""ОГК-3""",2007,2009,2007,2009,3,,0
AGRO,Липатов Тимур Владимирович,professional,2,"ОАО ""Э.ОН Россия"" / ПАО ""Юнипро""",2009,2014,2009,2014,6,,0
AGRO,Липатов Тимур Владимирович,professional,3,"ООО ""Интер РАО - Управление электрогенерацией""",2015,2018,2015,2018,4,,0
AGRO,Липатов Тимур Владимирович,professional,4,"ПАО / АО ""Силовые машины""",2018,2021,2018,2021,4,,0
AGRO,Липатов Тимур Владимирович,professional,5,"ГК ""Русагро"" / ООО ""Группа Компаний ""Русагро""",2021,,2021,2024,4,end_at_collection_year,1
AGRO,Липатов Тимур Владимирович,professional,6,"ПАО ""Группа ""Русагро"" / ROS AGRO PLC",2024,,2024,2024,1,end_at_collection_year,1
AKRN,Куницкий Владимир Яковлевич,professional,0,Красноуральский медькомбинат,1971,1983,1971,1983,13,,0
AKRN,Куницкий Владимир Яковлевич,professional,1,"ПАО ""Дорогобуж"" / Дорогобужское производственное объединение ""Минудобрения""",1983,,1983,2006,24,end_from_next_start,0
AKRN,Куницкий Владимир Яковлевич,professional,2,"ПАО ""Акрон""",2006,2011,2006,2011,6,,1
AKRN,Куницкий Владимир Яковлевич,professional,3,"ПАО ""Акрон""",2011,,2011,2024,14,end_at_collection_year,1
AKRN,Попов Александр Валериевич,professional,0,"ПАО ""Акрон""",1996,,1996,2004,9,end_from_next_start,1
AKRN,Попов Александр Валериевич,professional,1,Фонд Национальный Институт Корпоративной Реформы,2004,,2004,2007,4,end_from_next_start,0
AKRN,Попов Александр Валериевич,professional,2,"ПАО ""Акрон""",2007,,2007,2008,2,end_from_next_start,1
AKRN,Попов Александр Валериевич,professional,3,"ПАО ""Акрон""",2008,,2008,2010,3,end_from_next_start,1
AKRN,Попов Александр Валериевич,professional,4,"ПАО ""Дорогобуж""",2010,,2010,2024,15,end_at_collection_year,0
AKRN,Гавриков Владимир Викторович,professional,0,"ПАО ""Акрон""",1983,,1983,2005,23,end_from_next_start,1
AKRN,Гавриков Владимир Викторович,professional,1,"ПАО ""Акрон""",2005,2021,2005,2021,17,,1
AKRN,Гавриков Владимир Викторович,professional,2,Новгородская областная Дума,2016,2021,2016,2021,6,,0
AKRN,Гавриков Владимир Викторович,professional,3,"ПАО ""Акрон""",2021,,2021,2024,4,end_at_collection_year,1
AKRN,Гавриков Владимир Викторович,professional,4,"ПАО ""Акрон""",2006,,2006,2016,11,end_from_next_start,1
AKRN,Колосовский Андрей Леонидович,professional,0,"ПАО ""Акрон""",1997,2016,1997,2016,20,,1
AKRN,Колосовский Андрей Леонидович,professional,1,"ООО ""Научно-проектный центр ""Акрон инжиниринг""",2016,,2016,2022,7,end_from_next_start,0
AKRN,Колосовский Андрей Леонидович,professional,2,"ПАО ""Дорогобуж""",2022,,2022,2024,3,end_at_collection_year,0
AKRN,Колосовский Андрей Леонидович,professional,3,"ПАО ""Акрон""",2022,,2022,2024,3,end_at_collection_year,1
AKRN,Колосовский Андрей Леонидович,research,0,,,,,,0,missing_dates_excluded,
AKRN,Данильченко Нина Викторовна,professional,0,"ПАО ""Акрон"" / ПАО ""Дорогобуж""",2004,,2004,2013,10,end_from_next_start,0
AKRN,Данильченко Нина Викторовна,professional,1,"ПАО ""Акрон"" / ПАО ""Дорогобуж""",2013,,2013,2022,10,end_from_next_start,0
AKRN,Данильченко Нина Викторовна,professional,2,"ПАО ""Акрон""",2022,,2022,2024,3,end_at_collection_year,1
AKRN,Данильченко Нина Викторовна,professional,3,"ПАО ""Акрон""",2022,2023,2022,2023,2,,1
AKRN,Корнышев Олег Александрович,professional,0,"ПАО ""Акрон"" / ПАО ""Дорогобуж""",2004,2013,2004,2013,10,,0
AKRN,Корнышев Олег Александрович,professional,1,"ПАО ""Акрон""",2026,,2026,2024,0,after_collection_year_excluded,1
AKRN,Беликов Игорь Вячеславович,professional,0,Российский институт директоров,2002,,2002,2003,2,end_from_next_start,0
AKRN,Беликов Игорь Вячеславович,professional,1,Ассоциация менеджеров,2003,2022,2003,2022,20,,0
AKRN,Беликов Игорь Вячеславович,professional,2,Институт внутренних аудиторов,2007,2017,2007,2017,11,,0
AKRN,Беликов Игорь Вячеславович,professional,3,"ПАО ""Акрон""",2008,2016,2008,2016,9,,1
AKRN,Беликов Игорь Вячеславович,professional,4,"ОАО ""Аэропорт Внуково""",2012,2016,2012,2016,5,,0
AKRN,Беликов Игорь Вячеславович,professional,5,Банк России,2016,,2016,2023,8,end_from_next_start,0
AKRN,Беликов Игорь Вячеславович,professional,6,"ПАО ""Акрон""",2023,,2023,2024,2,end_at_collection_year,1
AKRN,Беликов Игорь Вячеславович,research,0,Российский институт директоров,2002,,2002,2024,23,end_at_collection_year,
AKRN,Дынкин Александр Александрович,professional,0,ИМЭМО РАН,1971,2006,1971,2006,36,,0
AKRN,Дынкин Александр Александрович,professional,1,Правительство Российской Федерации,1997,1999,1997,1999,3,,0
AKRN,Дынкин Александр Александрович,professional,2,Международный университет в Москве,2001,,2001,2006,6,end_from_next_start,0
AKRN,Дынкин Александр Александрович,professional,3,ИМЭМО РАН,2006,2016,2006,2016,11,,0
AKRN,Дынкин Александр Александрович,professional,4,ИМЭМО РАН,2016,,2016,2024,9,end_at_collection_year,0
AKRN,Дынкин Александр Александрович,professional,5,"ПАО ""Акрон""",2008,,2008,2009,2,end_from_next_start,1
AKRN,Дынкин Александр Александрович,professional,6,"ПАО ""Акрон""",2009,,2009,2016,8,end_from_next_start,1
AKRN,Дынкин Александр Александрович,research,0,ИМЭМО РАН / РАН,1971,,1971,2024,54,end_at_collection_year,
AKRN,Швалюк Валерий Петрович,professional,0,"ПАО ""Акрон""",1996,,1996,2005,10,end_from_next_start,1
AKRN,Швалюк Валерий Петрович,professional,1,"ПАО ""Акрон"" / ПАО ""Дорогобуж""",2005,,2005,2011,7,end_from_next_start,0
AKRN,Швалюк Валерий Петрович,professional,2,"ПАО ""Акрон""",2011,2015,2011,2015,5,,1
AKRN,Швалюк Валерий Петрович,professional,3,"ПАО ""Акрон""",2023,,2023,2024,2,end_at_collection_year,1
AKRN,Кантолинский Михаил Иосифович,professional,0,"ООО ""ИК ВЕЛЕС Капитал""",2014,2021,2014,2021,8,,0
AKRN,Кантолинский Михаил Иосифович,professional,1,индивидуальное предпринимательство,2022,,2022,2023,2,end_from_next_start,0
AKRN,Кантолинский Михаил Иосифович,professional,2,"ООО ""Атон""",2023,2024,2023,2024,2,,0
AKRN,Кантолинский Михаил Иосифович,professional,3,"ПАО ""Акрон""",2026,,2026,2024,0,after_collection_year_excluded,1
AKRN,Кантолинский Михаил Иосифович,research,0,Финансовый университет при Правительстве Российской Федерации,2010,2010,2010,2010,1,,
ALRS,Маринычев Павел Алексеевич,professional,0,"Органы экономики, энергетики и тарифного регулирования Республики Саха (Якутия)",2000,2005,2000,2005,6,,0
ALRS,Маринычев Павел Алексеевич,professional,1,"ОАО ""Сахатранснефтегаз""",2005,2010,2005,2010,6,,0
ALRS,Маринычев Павел Алексеевич,professional,2,Правительство Республики Саха (Якутия),2010,2016,2010,2016,7,,0
ALRS,Маринычев Павел Алексеевич,professional,3,"АО ""Алмазы Анабара""",2016,2023,2016,2023,8,,0
ALRS,Маринычев Павел Алексеевич,professional,4,"АК ""АЛРОСА"" (ПАО)",2023,,2023,2024,2,end_at_collection_year,1
ALRS,Силуанов Антон Германович,professional,0,Министерство финансов РСФСР/РФ,,,,,0,missing_dates_excluded,0
ALRS,Силуанов Антон Германович,professional,1,Министерство финансов Российской Федерации,2011,,2011,2015,5,end_from_next_start,0
ALRS,Силуанов Антон Германович,professional,2,"АК ""АЛРОСА"" (ПАО)",2015,,2015,2020,6,end_from_next_start,1
ALRS,Силуанов Антон Германович,professional,3,Министерство финансов Российской Федерации,2020,,2020,2024,5,end_at_collection_year,0
ALRS,Силуанов Антон Германович,research,0,С 2013: академическая роль в Финансовом университете при Правительстве РФ; профиль университета указывает должность декана и ученые степени.,,,,,0,missing_dates_excluded,
ALRS,Николаев Айсен Сергеевич,professional,0,Алмазэргиэнбанк и другие организации Республики Саха (Якутия),1994,2003,1994,2003,10,,0
ALRS,Николаев Айсен Сергеевич,professional,1,Министерство финансов Республики Саха (Якутия),2004,2007,2004,2007,4,,0
ALRS,Николаев Айсен Сергеевич,professional,2,Администрация президента и правительства Республики Саха (Якутия),2007,2011,2007,2011,5,,0
ALRS,Николаев Айсен Сергеевич,professional,3,Правительство Республики Саха (Якутия),2011,2012,2011,2012,2,,0
ALRS,Николаев Айсен Сергеевич,professional,4,Городской округ город Якутск,2012,2018,2012,2018,7,,0
ALRS,Николаев Айсен Сергеевич,professional,5,Республика Саха (Якутия),2018,,2018,2024,7,end_at_collection_year,0
ALRS,Николаев Айсен Сергеевич,professional,6,"АК ""АЛРОСА"" (ПАО)",2018,,2018,2024,7,end_at_collection_year,1
ALRS,Иванов Сергей Сергеевич,professional,0,"ФГУП ""Государственная инвестиционная корпорация""",2002,2003,2002,2003,2,,0
ALRS,Иванов Сергей Сергеевич,professional,1,Газпром / Газпромбанк,2003,2011,2003,2011,9,,0
ALRS,Иванов Сергей Сергеевич,professional,2,"Страховая компания ""Согаз""",2011,2016,2011,2016,6,,0
ALRS,Иванов Сергей Сергеевич,professional,3,Сбербанк,2016,2017,2016,2017,2,,0
ALRS,Иванов Сергей Сергеевич,professional,4,"АК ""АЛРОСА"" (ПАО)",2017,2023,2017,2023,7,,1
ALRS,Иванов Сергей Сергеевич,professional,5,"АК ""АЛРОСА"" (ПАО)",2024,,2024,2024,1,end_at_collection_year,1
ALRS,Моисеев Алексей Владимирович,professional,0,Министерство финансов Российской Федерации,2012,,2012,2018,7,end_from_next_start,0
ALRS,Моисеев Алексей Владимирович,professional,1,"АК ""АЛРОСА"" (ПАО)",2018,,2018,2024,7,end_at_collection_year,1
ALRS,Моисеев Алексей Владимирович,professional,2,АСВ; Банк России; ДОМ.РФ; Гознак и другие организации,,,,,0,missing_dates_excluded,0
ALRS,Дяченко Сергей Николаевич,professional,0,"ПАО ""ГМК ""Норильский никель""",2013,2015,2013,2015,3,,0
ALRS,Дяченко Сергей Николаевич,professional,1,"ПАО ""ГМК ""Норильский никель""",2015,,2015,2024,10,end_at_collection_year,0
ALRS,Дяченко Сергей Николаевич,professional,2,"АК ""АЛРОСА"" (ПАО)",2024,,2024,2024,1,end_at_collection_year,1
ALRS,Жондоров Валерий Алексеевич,professional,0,Институт космофизических исследований и аэрономии,1984,1992,1984,1992,9,,0
ALRS,Жондоров Валерий Алексеевич,professional,1,Инвестиционные и финансовые организации Республики Саха (Якутия),1992,2000,1992,2000,9,,0
ALRS,Жондоров Валерий Алексеевич,professional,2,Министерство финансов Республики Саха (Якутия),2000,2005,2000,2005,6,,0
ALRS,Жондоров Валерий Алексеевич,professional,3,"ОАО ""Инвестиционно-финансовая компания ""РФА-Инвест""",2006,2012,2006,2012,7,,0
ALRS,Жондоров Валерий Алексеевич,professional,4,Министерство финансов Республики Саха (Якутия),2012,,2012,2024,13,end_at_collection_year,0
ALRS,Жондоров Валерий Алексеевич,research,0,1984-1992: работа младшим научным сотрудником / старшим лаборантом в Институте космофизических исследований и аэрономии.,,,,,0,missing_dates_excluded,
ALRS,Донец Андрей Иванович,professional,0,"Sakha/Yakutia-linked industrial, property and corporate governance entities (не детализировано)",,,,,0,missing_dates_excluded,0
ALRS,Донец Андрей Иванович,professional,1,Администрация города Благовещенска,2014,2015,2014,2015,2,,0
ALRS,Донец Андрей Иванович,professional,2,Правительство Амурской области,2015,2018,2015,2018,4,,0
ALRS,Донец Андрей Иванович,professional,3,"АНО ""Агентство Дальнего Востока по привлечению инвестиций и поддержке экспорта""",2018,2021,2018,2021,4,,0
ALRS,Донец Андрей Иванович,professional,4,"АК ""АЛРОСА"" (ПАО)",2019,,2019,2021,3,end_from_next_start,1
ALRS,Донец Андрей Иванович,professional,5,"АО ""Росгеология""",2021,,2021,2024,4,end_at_collection_year,0
ALRS,Донец Андрей Иванович,professional,6,"АК ""АЛРОСА"" (ПАО)",2024,,2024,2024,1,end_at_collection_year,1
ALRS,Багынанов Павел Николаевич,professional,0,Казначейские и финансовые органы Республики Саха (Якутия),1999,2010,1999,2010,12,,0
ALRS,Багынанов Павел Николаевич,professional,1,Министерство финансов Республики Саха (Якутия),2010,2022,2010,2022,13,,0
ALRS,Багынанов Павел Николаевич,professional,2,"АО ""РИК Плюс""; АО ""Инвестиционно-финансовая компания ""РФА-Инвест""",2022,2023,2022,2023,2,,0
ALRS,Багынанов Павел Николаевич,professional,3,Министерство имущественных и земельных отношений Республики Саха (Якутия),2023,,2023,2024,2,end_at_collection_year,0
ALRS,Багынанов Павел Николаевич,professional,4,"АК ""АЛРОСА"" (ПАО)",2024,,2024,2024,1,end_at_collection_year,1
ALRS,Григорьева Евгения Васильевна,professional,0,"Регион Республики Саха (Якутия), государственная гражданская служба (не детализировано)",,,,,0,missing_dates_excluded,0
ALRS,Григорьева Евгения Васильевна,professional,1,Министерство имущественных и земельных отношений Республики Саха (Якутия),,,,,0,missing_dates_excluded,0
ALRS,Григорьева Евгения Васильевна,professional,2,Министерство имущественных и земельных отношений Республики Саха (Якутия),2011,2020,2011,2020,10,,0
ALRS,Григорьева Евгения Васильевна,professional,3,"АК ""АЛРОСА"" (ПАО)",2015,,2015,2018,4,end_from_next_start,1
ALRS,Григорьева Евгения Васильевна,professional,4,"АКБ ""Алмазэргиэнбанк"" АО",2018,,2018,2019,2,end_from_next_start,0
ALRS,Григорьева Евгения Васильевна,professional,5,"АО ""Комдрагметалл Республики Саха (Якутия)""",2019,2021,2019,2021,3,,0
ALRS,Григорьева Евгения Васильевна,professional,6,"ООО ""АЭБ Капитал""",2020,2021,2020,2021,2,,0
ALRS,Григорьева Евгения Васильевна,professional,7,"АК ""АЛРОСА"" (ПАО)",2024,,2024,2024,1,end_at_collection_year,1
ALRS,Николаев Игорь Иванович,professional,0,"ГАУ ""Центр стратегических исследований при Главе Республики Саха (Якутия)""",2018,,2018,2024,7,end_at_collection_year,0
ALRS,Николаев Игорь Иванович,professional,1,"АК ""АЛРОСА"" (ПАО)",2024,,2024,2024,1,end_at_collection_year,1
ALRS,Рюмин Андрей Валерьевич,professional,0,Российские инвестиционные и промышленные компании,2002,2011,2002,2011,10,,0
ALRS,Рюмин Андрей Валерьевич,professional,1,"ОАО ""Объединенная энергетическая компания""",2011,2011,2011,2011,1,,0
ALRS,Рюмин Андрей Валерьевич,professional,2,"ОАО ""Объединенная энергетическая компания""",2013,2013,2013,2013,1,,0
ALRS,Рюмин Андрей Валерьевич,professional,3,"ПАО ""Ленэнерго"" / ""Россети Ленэнерго""",2018,2021,2018,2021,4,,0
ALRS,Рюмин Андрей Валерьевич,professional,4,"ПАО ""Россети""",2021,,2021,2024,4,end_at_collection_year,0
ALRS,Рюмин Андрей Валерьевич,professional,5,"АК ""АЛРОСА"" (ПАО)",2024,,2024,2024,1,end_at_collection_year,1
ALRS,Фрадков Пётр Михайлович,professional,0,Внешэкономбанк,2000,2004,2000,2004,5,,0
ALRS,Фрадков Пётр Михайлович,professional,1,"ОАО ""Дальневосточное морское пароходство""",2004,2005,2004,2005,2,,0
ALRS,Фрадков Пётр Михайлович,professional,2,Внешэкономбанк,2005,2012,2005,2012,8,,0
ALRS,Фрадков Пётр Михайлович,professional,3,"ОАО ""ЭКСАР""",2011,2014,2011,2014,4,,0
ALRS,Фрадков Пётр Михайлович,professional,4,Внешэкономбанк,2014,2016,2014,2016,3,,0
ALRS,Фрадков Пётр Михайлович,professional,5,"АО ""Российский экспортный центр""",2015,2018,2015,2018,4,,0
ALRS,Фрадков Пётр Михайлович,professional,6,"ПАО ""Промсвязьбанк""",2018,,2018,2024,7,end_at_collection_year,0
ALRS,Фрадков Пётр Михайлович,professional,7,"АК ""АЛРОСА"" (ПАО)",2024,,2024,2024,1,end_at_collection_year,1
ALRS,Павленко Сергей Витальевич,professional,0,"АК ""АЛРОСА"" (ПАО)",1998,2005,1998,2005,8,,1
ALRS,Павленко Сергей Витальевич,professional,1,"АК ""АЛРОСА"" (ПАО)",2005,2010,2005,2010,6,,1
ALRS,Павленко Сергей Витальевич,professional,2,"АК ""АЛРОСА"" (ПАО)",2010,2014,2010,2014,5,,1
ALRS,Павленко Сергей Витальевич,professional,3,"АК ""АЛРОСА"" (ПАО)",2014,2021,2014,2021,8,,1
ALRS,Павленко Сергей Витальевич,professional,4,"АК ""АЛРОСА"" (ПАО)",2021,2023,2021,2023,3,,1
ALRS,Павленко Сергей Витальевич,professional,5,"АК ""АЛРОСА"" (ПАО)",2023,,2023,2024,2,end_at_collection_year,1
APTK,Кузин Александр Владимирович,professional,0,"Фармацевтическая компания ""Протек""",1996,2003,1996,2003,8,,0
APTK,Кузин Александр Владимирович,professional,1,DSM Group,2004,2009,2004,2009,6,,0
APTK,Кузин Александр Владимирович,professional,2,"Аптечная сеть ""Ригла""",2009,2015,2009,2015,7,,0
APTK,Кузин Александр Владимирович,professional,3,"ООО ""РМИ Партнерс""",2015,2017,2015,2017,3,,0
APTK,Кузин Александр Владимирович,professional,4,"АО ""НоваМедика""",2017,2019,2017,2019,3,,0
APTK,Кузин Александр Владимирович,professional,5,"Розничное подразделение ПАО ""Аптечная сеть 36,6"" / ООО ""Аптека 36,6""",2019,2020,2019,2020,2,,0
APTK,Кузин Александр Владимирович,professional,6,"ПАО ""Аптечная сеть 36,6""",2020,,2020,2024,5,end_at_collection_year,1
APTK,Кузин Александр Владимирович,professional,7,"ПАО ""Аптечная сеть 36,6""",2024,,2024,2024,1,end_from_next_start;end_capped_at_collection_year,1
APTK,Кузин Александр Владимирович,professional,8,"ООО ""ГУТА ФАРМ""",2024,2025,2024,2024,1,end_capped_at_collection_year,0
APTK,Кузин Александр Владимирович,professional,9,"ООО ""АПТЕКА 39""",2024,2025,2024,2024,1,end_capped_at_collection_year,0
APTK,Кузин Александр Владимирович,professional,10,"ООО ""Экофарма""",2024,2025,2024,2024,1,end_capped_at_collection_year,0
APTK,Кузин Александр Владимирович,professional,11,"ООО ""Север""",2024,2025,2024,2024,1,end_capped_at_collection_year,0
APTK,Кузин Александр Владимирович,professional,12,"ООО ""Лекоптторг""",2025,,2025,2024,0,after_collection_year_excluded,0
APTK,Кузин Александр Владимирович,professional,13,Экспертный совет Комитета Государственной Думы РФ по охране здоровья,2018,,2018,2019,2,end_from_next_start,0
APTK,Кузин Александр Владимирович,professional,14,Российская ассоциация аптечных сетей / Российская ассоциация фармацевтического маркетинга,2006,,2006,2009,4,end_from_next_start,0
APTK,Кузин Александр Владимирович,research,0,"АО ""НоваМедика""",2017,2019,2017,2019,3,,
AQUA,Соснов Илья Геннадьевич,professional,0,PricewaterhouseCoopers,,,,,0,missing_dates_excluded,0
AQUA,Соснов Илья Геннадьевич,professional,1,ЮКОС ЭП; Салаватнефтеоргсинтез,,,,,0,missing_dates_excluded,0
AQUA,Соснов Илья Геннадьевич,professional,2,"ОАО ""Сибур - русские шины""",2009,2011,2009,2011,3,,0
AQUA,Соснов Илья Геннадьевич,professional,3,"АО ""Русская рыбопромышленная компания"" / ""Русское море - Добыча""",2011,2015,2011,2015,5,,0
AQUA,Соснов Илья Геннадьевич,professional,4,"ПАО ""ИНАРКТИКА""",2015,,2015,2024,10,end_at_collection_year,1
AQUA,Соснов Илья Геннадьевич,professional,5,"ООО ""ИНАРКТИКА СЗ""",2015,,2015,2024,10,end_at_collection_year,0
AQUA,Чернова Екатерина Анатольевна,professional,0,PricewaterhouseCoopers,2002,,2002,2015,14,end_from_next_start,0
AQUA,Чернова Екатерина Анатольевна,professional,1,Access Industries,,,,,0,missing_dates_excluded,0
AQUA,Чернова Екатерина Анатольевна,professional,2,"ООО ""Си-Эф-Си Менеджмент""",2015,2024,2015,2024,10,,0
AQUA,Чернова Екатерина Анатольевна,professional,3,CLEAR FOCUSCAPITAL FZCO / CFC Global FZCO,2022,,2022,2023,2,end_from_next_start,0
AQUA,Чернова Екатерина Анатольевна,professional,4,OCTO MANAGEMENT CONSULTANICES LLC,2023,,2023,2024,2,end_at_collection_year,0
AQUA,Чернова Екатерина Анатольевна,professional,5,"ПАО ""ИНАРКТИКА""",2016,,2016,2022,7,end_from_next_start,1
AQUA,Аюпова Сайёра Якуповна,professional,0,Procter & Gamble,1997,2015,1997,2015,19,,0
AQUA,Аюпова Сайёра Якуповна,professional,1,Coca-Cola Hellenic BC,2015,2018,2015,2018,4,,0
AQUA,Аюпова Сайёра Якуповна,professional,2,"АО ДБ ""Альфа-Банк Казахстан""",2019,2022,2019,2022,4,,0
AQUA,Аюпова Сайёра Якуповна,professional,3,OOO ASR KIMYO INVEST,2022,2024,2022,2024,3,,0
AQUA,Аюпова Сайёра Якуповна,professional,4,Kompass Directors,2022,,2022,2023,2,end_from_next_start,0
AQUA,Аюпова Сайёра Якуповна,professional,5,SYNFINY ADVISORS LLC,2023,,2023,2024,2,end_at_collection_year,0
AQUA,Аюпова Сайёра Якуповна,professional,6,"ПАО ""ИНАРКТИКА""",2021,,2021,2022,2,end_from_next_start,1
AQUA,Погуляев Владислав Юрьевич,professional,0,"АО ""Юникон""",2014,,2014,2015,2,end_from_next_start,0
AQUA,Погуляев Владислав Юрьевич,professional,1,"ООО ""Юникон Финансовые Консультации""",2015,,2015,2021,7,end_from_next_start,0
AQUA,Погуляев Владислав Юрьевич,professional,2,"ПАО ""ИНАРКТИКА""",2021,,2021,2024,4,end_at_collection_year,1
AQUA,Александров Владимир Валерьевич,professional,0,McKinsey & Company,2001,2020,2001,2020,20,,0
AQUA,Александров Владимир Валерьевич,professional,1,"Группа ""Русагро""",2020,2022,2020,2022,3,,0
AQUA,Александров Владимир Валерьевич,professional,2,"""Сигма Энерджи Менеджмент"" и ""ДИАЛЛ АЛЬЯНС""",2022,2024,2022,2024,3,,0
AQUA,Александров Владимир Валерьевич,professional,3,"ПАО ""ИНАРКТИКА""",2023,,2023,2024,2,end_at_collection_year,1
AQUA,Васильков Дмитрий Олегович,professional,0,"ООО ""ЭкоКапитал""",2017,2022,2017,2022,6,,0
AQUA,Васильков Дмитрий Олегович,professional,1,"ООО ""Управление зрительским вниманием""",2017,2023,2017,2023,7,,0
AQUA,Васильков Дмитрий Олегович,professional,2,"QuScape / ООО ""Квантовые системы""",2022,,2022,2024,3,end_at_collection_year,0
AQUA,Васильков Дмитрий Олегович,professional,3,"ООО ""ЮНИКС""",2022,,2022,2024,3,end_at_collection_year,0
AQUA,Васильков Дмитрий Олегович,professional,4,"ООО ""Помпеи Арт Групп""",2022,,2022,2024,3,end_at_collection_year,0
AQUA,Васильков Дмитрий Олегович,professional,5,"ПАО ""ИНАРКТИКА""",2021,,2021,2022,2,end_from_next_start,1
AQUA,Кащеев Роман Витальевич,professional,0,IBM Consulting; IBS,2000,2005,2000,2005,6,,0
AQUA,Кащеев Роман Витальевич,professional,1,"Группа ""РУСАЛ"" / RUSAL Global Management B.V.",2005,2017,2005,2017,13,,0
AQUA,Кащеев Роман Витальевич,professional,2,En+ Group / En+ Holding Limited,2017,2019,2017,2019,3,,0
AQUA,Кащеев Роман Витальевич,professional,3,"СПАО ""Ингосстрах""",2019,,2019,2021,3,end_from_next_start,0
AQUA,Кащеев Роман Витальевич,professional,4,"ПАО ""ИНАРКТИКА""",2021,,2021,2024,4,end_at_collection_year,1
AQUA,Кащеев Роман Витальевич,research,0,МГУ им. М. В. Ломоносова; РАНХиГС,,,,,0,missing_dates_excluded,
AQUA,Благирев Алексей Павлович,professional,0,"Банк ""Открытие"" / Ханты-Мансийский Банк Открытие",2013,2017,2013,2017,5,,0
AQUA,Благирев Алексей Павлович,professional,1,QIWI plc,2022,2024,2022,2024,3,,0
AQUA,Благирев Алексей Павлович,professional,2,SingularityNET,2023,2024,2023,2024,2,,0
AQUA,Благирев Алексей Павлович,professional,3,"ПАО ""ИНАРКТИКА""",2025,,2025,2024,0,after_collection_year_excluded,1
AQUA,Василенко Анна Геннадьевна,professional,0,ПАО Московская Биржа,2014,2020,2014,2020,7,,0
AQUA,Василенко Анна Геннадьевна,professional,1,"ООО ""ЕМ Коммуникации"" / EM",2021,,2021,2024,4,end_at_collection_year,0
AQUA,Василенко Анна Геннадьевна,professional,2,"МКПАО ""ОК РУСАЛ""",2021,,2021,2024,4,end_at_collection_year,0
AQUA,Василенко Анна Геннадьевна,professional,3,"ПАО ""ИНАРКТИКА""",2021,,2021,2024,4,end_at_collection_year,1
AQUA,Марченко Андрей Александрович,professional,0,"ООО ""Юнайтэд Кэпитал Партнерс Эдвайзори"" / UCP Advisory",2011,2020,2011,2020,10,,0
AQUA,Марченко Андрей Александрович,professional,1,"ООО ""Северные инвестиции""",2015,2020,2015,2020,6,,0
AQUA,Марченко Андрей Александрович,professional,2,"ПАО ""Интер РАО""",2016,2022,2016,2022,7,,0
AQUA,Марченко Андрей Александрович,professional,3,"ООО ""Геосплит Холдинг""",2019,2020,2019,2020,2,,0
AQUA,Марченко Андрей Александрович,professional,4,Cryogas M&T Poland S.A.,2019,2021,2019,2021,3,,0
AQUA,Марченко Андрей Александрович,professional,5,"АО ""Криогаз""",2019,2021,2019,2021,3,,0
AQUA,Марченко Андрей Александрович,professional,6,"ООО ""Полюс-Холода""",2019,2021,2019,2021,3,,0
AQUA,Марченко Андрей Александрович,professional,7,Sinai Capital,2020,,2020,2022,3,end_from_next_start,0
AQUA,Марченко Андрей Александрович,professional,8,"ПАО ""Россети Центр и Приволжье""",2022,2023,2022,2023,2,,0
AQUA,Марченко Андрей Александрович,professional,9,"ПАО ""ИНАРКТИКА""",2020,,2020,2022,3,end_from_next_start,1
ASTR,Сивцев Илья Игоревич,professional,0,"""Стил-Лайт""",2007,,2007,2009,3,end_from_next_start,0
ASTR,Сивцев Илья Игоревич,professional,1,Собственный бизнес в оптовой торговле электротехникой,2009,,2009,2010,2,end_from_next_start,0
ASTR,Сивцев Илья Игоревич,professional,2,"Группа компаний ""Вартон"" / ТПК ""Вартон""",2010,,2010,2017,8,end_from_next_start,0
ASTR,Сивцев Илья Игоревич,professional,3,"НПО ""РусБИТех-Астра"" / ООО ""РусБИТех-Астра""",2017,,2017,2021,5,end_from_next_start,0
ASTR,Сивцев Илья Игоревич,professional,4,"ПАО ""Группа Астра""",2021,,2021,2024,4,end_at_collection_year,1
ASTR,Сивцев Илья Игоревич,professional,5,"ПАО ""Группа Астра""",2024,,2024,2024,1,end_at_collection_year,1
ASTR,Прянишников Николай Николаевич,professional,0,Московская Сотовая Связь,1992,,1992,1996,5,end_from_next_start,0
ASTR,Прянишников Николай Николаевич,professional,1,"ЗАО ""МСС-Старт"" (""Мобайл-Центр"")",1996,,1996,1997,2,end_from_next_start,0
ASTR,Прянишников Николай Николаевич,professional,2,"ТОО ""Московская Сотовая Связь""",1997,,1997,1999,3,end_from_next_start,0
ASTR,Прянишников Николай Николаевич,professional,3,"ОАО ""ВымпелКом"" / ""Билайн""",1999,2008,1999,2008,10,,0
ASTR,Прянишников Николай Николаевич,professional,4,Microsoft Russia / Microsoft,2009,2015,2009,2015,7,,0
ASTR,Прянишников Николай Николаевич,professional,5,"""Русская Фитнес Группа"" / World Class / UFC Gym Russia",2015,2024,2015,2024,10,,0
ASTR,Прянишников Николай Николаевич,professional,6,"ПАО ""Группа Астра""",2024,,2024,2024,1,end_at_collection_year,1
ASTR,Прянишников Николай Николаевич,professional,7,"ПАО ""Группа Астра""",2024,,2024,2024,1,end_at_collection_year,1
ASTR,Прянишников Николай Николаевич,professional,8,"ПАО ""Группа Астра""",,,,,0,missing_dates_excluded,1
ASTR,Прянишников Николай Николаевич,research,0,,,1999,,1999,0,missing_dates_excluded,
ASTR,Фролов Денис Владимирович,professional,0,"""Вимм-Билль-Данн""",2004,2006,2004,2006,3,,0
ASTR,Фролов Денис Владимирович,professional,1,"""Мосстройресурс""",2006,2007,2006,2007,2,,0
ASTR,Фролов Денис Владимирович,professional,2,"""Вимм-Билль-Данн""",2007,2009,2007,2009,3,,0
ASTR,Фролов Денис Владимирович,professional,3,"""Вартон"" / Gauss",2009,,2009,2017,9,end_from_next_start,0
ASTR,Фролов Денис Владимирович,professional,4,"АО ""НПО РусБИТех"" / Astra Linux",2017,,2017,2021,5,end_from_next_start,0
ASTR,Фролов Денис Владимирович,professional,5,"ООО ""Национальная компьютерная корпорация"" (НКК)",2021,,2021,2024,4,end_at_collection_year,0
ASTR,Фролов Денис Владимирович,professional,6,"ПАО ""Группа Астра""",2024,,2024,2024,1,end_at_collection_year,1
BANEP,Стрельцов Тимофей Михайлович,professional,0,"ПАО АНК ""Башнефть""",2025,,2025,2024,0,after_collection_year_excluded,1
BANEP,Стрельцов Тимофей Михайлович,professional,1,"ПАО НК ""Роснефть""",2024,2025,2024,2024,1,end_capped_at_collection_year,0
BANEP,Стрельцов Тимофей Михайлович,professional,2,"АО ""Сахалинморнефтегаз-Шельф""",2022,2024,2022,2024,3,,0
BANEP,Стрельцов Тимофей Михайлович,professional,3,"ПАО НК ""Роснефть"" и дочерние общества",2013,2024,2013,2024,12,,0
BANEP,Стрельцов Тимофей Михайлович,professional,4,"ПАО НК ""Роснефть""",2015,,2015,2022,8,end_from_next_start,0
BANEP,Стрельцов Тимофей Михайлович,professional,5,Сахалинская геологоразведочная экспедиция,,,,,0,missing_dates_excluded,0
BELU,Прохоров Константин Анатольевич,professional,0,Компании группы Novabev / BELUGA GROUP,,,,,0,missing_dates_excluded,0
BELU,Прохоров Константин Анатольевич,professional,1,"ООО ""Винлаб Северо-Запад"" / сеть ""ВинЛаб""",,,,,0,missing_dates_excluded,0
BELU,Прохоров Константин Анатольевич,professional,2,"ПАО ""Белуга Групп"" / ПАО ""НоваБев Групп""",2022,,2022,2024,3,end_at_collection_year,0
BELU,Прохоров Константин Анатольевич,professional,3,"ПАО ""НоваБев Групп""",,,,,0,missing_dates_excluded,1
BELU,Белокопытов Николай Владимирович,professional,0,Компании группы Novabev / BELUGA GROUP,,,,,0,missing_dates_excluded,0
BELU,Белокопытов Николай Владимирович,professional,1,"ПАО ""НоваБев Групп""",2005,,2005,2006,2,end_from_next_start,1
BELU,Белокопытов Николай Владимирович,professional,2,"ПАО ""НоваБев Групп""",2007,,2007,2011,5,end_from_next_start,1
BELU,Белокопытов Николай Владимирович,professional,3,"АО ""Синергия капитал"" и связанные общества",2006,,2006,2007,2,end_from_next_start,0
BELU,Белокопытов Николай Владимирович,professional,4,"АО ""Мариинский ликеро-водочный завод""",2011,2016,2011,2016,6,,0
BELU,Гукасян Мелине Генриковна,professional,0,"ООО ""КрафтХайнц Восток"" / Kraft Heinz Russia",2016,,2016,2021,6,end_from_next_start,0
BELU,Гукасян Мелине Генриковна,professional,1,"ПАО ""НоваБев Групп""",2021,,2021,2024,4,end_at_collection_year,1
BELU,Гукасян Мелине Генриковна,professional,2,"ПАО ""НоваБев Групп""",,,,,0,missing_dates_excluded,1
BELU,Иконников Александр Вячеславович,professional,0,"ПАО ""НоваБев Групп"" / BELUGA GROUP",2018,,2018,2024,7,end_at_collection_year,1
BELU,Иконников Александр Вячеславович,professional,1,Ассоциация профессиональных директоров АНД,2005,,2005,2018,14,end_from_next_start,0
BELU,Иконников Александр Вячеславович,professional,2,"АО ""Расчетно-депозитарная компания""",2018,,2018,2024,7,end_at_collection_year,0
BELU,Иконников Александр Вячеславович,professional,3,"ЮКОС, Югинвест, Минтопэнерго, НАУФОР и другие организации рынка капитала",1993,,1993,2005,13,end_from_next_start,0
BELU,Иконников Александр Вячеславович,research,0,РГУ нефти и газа имени И.М. Губкина,,,,,0,missing_dates_excluded,
BELU,Купцов Сергей Александрович,professional,0,"BELUGA GROUP / ПАО ""НоваБев Групп""",1999,,1999,2024,26,end_from_next_start;end_capped_at_collection_year,1
BELU,Купцов Сергей Александрович,professional,1,"ПАО ""Синергия""",,,,,0,missing_dates_excluded,1
BELU,Купцов Сергей Александрович,professional,2,"АО ""Синергия капитал""",,,,,0,missing_dates_excluded,0
BELU,Купцов Сергей Александрович,professional,3,"ЗАО ""Брокерская фирма ""АЛЬФА-БРОКЕР""",,,,,0,missing_dates_excluded,0
BELU,Купцов Сергей Александрович,professional,4,"АО ""Пента Агрогруп""",,,,,0,missing_dates_excluded,0
BELU,Купцов Сергей Александрович,professional,5,"ПАО ""НоваБев Групп""",2025,,2025,2024,0,after_collection_year_excluded,1
BELU,Крачковский Александр Борисович,professional,0,"ЗАО ""Дальневосточный логистический центр""",2012,2022,2012,2022,11,,0
BELU,Крачковский Александр Борисович,professional,1,"ООО ""Белуга Маркет Восток""",2019,2022,2019,2022,4,,0
BELU,Крачковский Александр Борисович,professional,2,"АО ""Мариинский ликеро-водочный завод""",2020,2022,2020,2022,3,,0
BELU,Крачковский Александр Борисович,professional,3,"АО ""Уссурийский бальзам"", АО ""Бастион осн. 1942г."", АО ""ЛВЗ ""Хабаровский"", АО ""ДАКГОМЗ""",2020,2023,2020,2023,4,,0
BELU,Крачковский Александр Борисович,professional,4,"ООО ""НоваБев Маркет""",2022,,2022,2023,2,end_from_next_start,0
BELU,Крачковский Александр Борисович,professional,5,"ПАО ""НоваБев Групп""",2023,,2023,2024,2,end_at_collection_year,1
BELU,Мечетин Александр Анатольевич,professional,0,Novabev Group / BELUGA GROUP / Синергия,1999,2022,1999,2022,24,,1
BELU,Мечетин Александр Анатольевич,professional,1,"ПАО ""Белуга Групп""",,2022,2022,2022,1,start_from_previous_end,0
BELU,Мечетин Александр Анатольевич,professional,2,"ПАО ""НоваБев Групп""",,,,,0,missing_dates_excluded,1
BELU,Мечетин Александр Анатольевич,professional,3,"SWORD ENTERPRISES LIMITED, SYNEXEC SECURITIES LIMITED, АО ""Роял Кредит Банк"", АО ""Пента Агрогруп""",,,,,0,missing_dates_excluded,0
BELU,Мечетин Александр Анатольевич,research,0,,,2001,,2001,0,missing_dates_excluded,
BELU,Молчанов Сергей Витальевич,professional,0,Компании группы Novabev / BELUGA GROUP,,,,,0,missing_dates_excluded,0
BELU,Молчанов Сергей Витальевич,professional,1,"ПАО ""НоваБев Групп""",,,,,0,missing_dates_excluded,1
BELU,Молчанов Сергей Витальевич,professional,2,"ПАО ""НоваБев Групп""",,,,,0,missing_dates_excluded,1
BELU,Молчанов Сергей Витальевич,professional,3,BELUGA GROUP,2000,,2000,2024,25,end_at_collection_year,1
BELU,Ордовский-Танаевский Бланко Ростислав,professional,0,Rostik Investment Group Inc. Limited,1989,,1989,1990,2,end_from_next_start,0
BELU,Ордовский-Танаевский Бланко Ростислав,professional,1,"ООО ""РосКорп""",1995,,1995,2000,6,end_from_next_start,0
BELU,Ордовский-Танаевский Бланко Ростислав,professional,2,RIG RESTAURANTS LIMITED,1995,,1995,2000,6,end_from_next_start,0
BELU,Ордовский-Танаевский Бланко Ростислав,professional,3,Ассоциация франчайзинга,2000,,2000,2024,25,end_at_collection_year,0
BELU,Ордовский-Танаевский Бланко Ростислав,professional,4,Rosinter Restaurants Holding / ресторанный бизнес,1990,,1990,1995,6,end_from_next_start,0
BELU,Ордовский-Танаевский Бланко Ростислав,professional,5,"ПАО ""НоваБев Групп""",,,,,0,missing_dates_excluded,1
BSPB,Савельев Александр Васильевич,professional,0,Казанский филиал Научно-исследовательского института технологии и организации производства,1978,1981,1978,1981,4,,0
BSPB,Савельев Александр Васильевич,professional,1,Транспортные организации Казани и Санкт-Петербурга,1981,1992,1981,1992,12,,0
BSPB,Савельев Александр Васильевич,professional,2,Главное управление снабжения исполкома Ленсовета,1992,1996,1992,1996,5,,0
BSPB,Савельев Александр Васильевич,professional,3,"Муниципальный филиал АКБ ""Петровский""",1995,1996,1995,1996,2,,0
BSPB,Савельев Александр Васильевич,professional,4,"ОАО ""Грузовое автотранспортное предприятие №12""",1996,1998,1996,1998,3,,0
BSPB,Савельев Александр Васильевич,professional,5,"ОАО ""Банк ""Петровский""",1998,2000,1998,2000,3,,0
BSPB,Савельев Александр Васильевич,professional,6,"ОАО (КБ) ""Балтонэксим Банк""",2000,2001,2000,2001,2,,0
BSPB,Савельев Александр Васильевич,professional,7,"ОАО/ПАО ""Банк ""Санкт-Петербург""",2001,2014,2001,2014,14,,1
BSPB,Савельев Александр Васильевич,professional,8,"ОАО/ПАО ""Банк ""Санкт-Петербург""",2001,2013,2001,2013,13,,1
BSPB,Савельев Александр Васильевич,professional,9,AS SMB Invest,2005,,2005,2006,2,end_from_next_start,0
BSPB,Савельев Александр Васильевич,professional,10,SANOL trade company s.r.o.,2006,2010,2006,2010,5,,0
BSPB,Савельев Александр Васильевич,professional,11,"ЗАО ""Тепломагистраль""",2009,2011,2009,2011,3,,0
BSPB,Савельев Александр Васильевич,professional,12,"ОАО/ПАО ""Банк ""Санкт-Петербург""",2013,,2013,2014,2,end_from_next_start,1
BSPB,Савельев Александр Васильевич,professional,13,"ПАО ""Банк ""Санкт-Петербург""",2014,2016,2014,2016,3,,1
BSPB,Савельев Александр Васильевич,professional,14,"ПАО ""Банк ""Санкт-Петербург""",2016,,2016,2024,9,end_at_collection_year,1
BSPB,Савельев Александр Васильевич,research,0,Казанский филиал НИИ технологии и организации производства,1978,1981,1978,1981,4,,
BSPB,Иванникова Елена Викторовна,professional,0,"Муниципальный филиал АКБ ""Петровский""",1994,2000,1994,2000,7,,0
BSPB,Иванникова Елена Викторовна,professional,1,"ОАО (КБ) ""Балтонэксим Банк""",2000,2001,2000,2001,2,,0
BSPB,Иванникова Елена Викторовна,professional,2,"ОАО ""Банк ""Санкт-Петербург""",2001,,2001,2003,3,end_from_next_start,1
BSPB,Иванникова Елена Викторовна,professional,3,"ОАО ""Банк ""Санкт-Петербург""",2003,2013,2003,2013,11,,1
BSPB,Иванникова Елена Викторовна,professional,4,"ОАО/ПАО ""Банк ""Санкт-Петербург""",2007,2013,2007,2013,7,,1
BSPB,Иванникова Елена Викторовна,professional,5,"ОАО/ПАО ""Банк ""Санкт-Петербург""",2013,,2013,2016,4,end_from_next_start,1
BSPB,Иванникова Елена Викторовна,professional,6,"ПАО ""Банк ""Санкт-Петербург""",2016,,2016,2024,9,end_at_collection_year,1
CBOM,Маликова Дина Ринатовна,professional,0,"Банки ""Аверс"" и ""АК Барс""",1995,2003,1995,2003,9,,0
CBOM,Маликова Дина Ринатовна,professional,1,Всероссийский банк развития регионов (ВБРР),2003,2011,2003,2011,9,,0
CBOM,Маликова Дина Ринатовна,professional,2,Всероссийский банк развития регионов (ВБРР),2011,2013,2011,2013,3,,0
CBOM,Маликова Дина Ринатовна,professional,3,Всероссийский банк развития регионов (ВБРР),2014,2025,2014,2024,11,end_capped_at_collection_year,0
CBOM,Маликова Дина Ринатовна,professional,4,"КБ ""Пересвет""",2017,,2017,2020,4,end_from_next_start,0
CBOM,Маликова Дина Ринатовна,professional,5,"ПАО ""НК ""Роснефть""",2020,,2020,2024,5,end_from_next_start;end_capped_at_collection_year,0
CBOM,Маликова Дина Ринатовна,professional,6,"ПАО ""МОСКОВСКИЙ КРЕДИТНЫЙ БАНК""",2025,,2025,2024,0,after_collection_year_excluded,1
CBOM,Маликова Дина Ринатовна,research,0,Казанский государственный университет,,2000,,2000,0,missing_dates_excluded,
CHMF,Шевелёв Александр Анатольевич,professional,0,"АО ""Северсталь Менеджмент"" / ПАО ""Северсталь""",2016,,2016,2024,9,end_at_collection_year,0
CHMF,Шевелёв Александр Анатольевич,professional,1,"Группа ""Свеза""",2016,2016,2016,2016,1,,0
CHMF,Шевелёв Александр Анатольевич,professional,2,"ОАО ""Северсталь-метиз""",2013,2016,2013,2016,4,,0
CHMF,Шевелёв Александр Анатольевич,professional,3,Правительство Вологодской области,2013,2013,2013,2013,1,,0
CHMF,Шевелёв Александр Анатольевич,professional,4,Администрация города Череповца,2012,2013,2012,2013,2,,0
CHMF,Шевелёв Александр Анатольевич,professional,5,"ОАО ""Череповецкий сталепрокатный завод"" / Череповецкий завод ""Северсталь-метиз""",1997,2012,1997,2012,16,,0
CHMF,Мордашов Алексей Александрович,professional,0,"ПАО ""Северсталь""",2015,,2015,2021,7,end_from_next_start,1
CHMF,Мордашов Алексей Александрович,professional,1,"АО ""Северсталь Менеджмент""",2014,2015,2014,2015,2,,0
CHMF,Мордашов Алексей Александрович,professional,2,"ОАО ""Северсталь""",2006,2014,2006,2014,9,,1
CHMF,Мордашов Алексей Александрович,professional,3,"ЗАО ""Северсталь-групп"" / ОАО ""Северсталь""",2002,2006,2002,2006,5,,0
CHMF,Мордашов Алексей Александрович,professional,4,"ОАО ""Северсталь"" / Череповецкий металлургический комбинат",1988,2002,1988,2002,15,,0
CHMF,Мордашов Алексей Александрович,professional,5,World Steel Association,2012,2013,2012,2013,2,,0
CHMF,Мордашов Алексей Александрович,professional,6,"Ассоциация предприятий черной металлургии ""Русская Сталь""",2021,,2021,2024,4,end_at_collection_year,0
CHMK,Капнин Владимир Викторович,professional,0,Новолипецкий металлургический комбинат (НЛМК),1987,1997,1987,1997,11,,0
CHMK,Капнин Владимир Викторович,professional,1,"ЗАО ""Промышленно-инновационная компания ""Проинком""""",1997,2004,1997,2004,8,,0
CHMK,Капнин Владимир Викторович,professional,2,"ООО ""Юнитех""",2006,2008,2006,2008,3,,0
CHMK,Капнин Владимир Викторович,professional,3,"ООО ""УК ""Мечел-Сталь""",2008,2010,2008,2010,3,,0
CHMK,Капнин Владимир Викторович,professional,4,"ПАО ""ЧМК""",2010,2020,2010,2020,11,,1
CHMK,Капнин Владимир Викторович,professional,5,"ООО ""УК ""Мечел-Сталь"" / ПАО ""Мечел""",2020,2024,2020,2024,5,,0
CHMK,Капнин Владимир Викторович,professional,6,"ПАО ""Мечел""",2026,2026,2026,2024,0,after_collection_year_excluded,0
CHMK,Капнин Владимир Викторович,professional,7,"ПАО ""ЧМК""",2026,,2026,2024,0,after_collection_year_excluded,1
CHMK,Капнин Владимир Викторович,research,0,"ПАО ""Мечел"" / ПАО ""ЧМК""",,,,,0,missing_dates_excluded,
CIAN,Григорьев Дмитрий Константинович,professional,0,"МКПАО ""Циан"" / Cian PLC",2022,,2022,2024,3,end_at_collection_year,0
CIAN,Григорьев Дмитрий Константинович,professional,1,"МКПАО ""Циан""",2024,,2024,2024,1,end_at_collection_year,1
CIAN,Григорьев Дмитрий Константинович,professional,2,Cian,2019,2022,2019,2022,4,,0
CIAN,Григорьев Дмитрий Константинович,professional,3,Cian,2017,2019,2017,2019,3,,0
CIAN,Григорьев Дмитрий Константинович,professional,4,FL.ru,2007,,2007,2015,9,end_from_next_start,0
CIAN,Григорьев Дмитрий Константинович,professional,5,Choister; Rubrain,2015,2017,2015,2017,3,,0
CIAN,Мельников Максим Анатольевич,professional,0,"МКПАО ""Циан"" / Cian PLC",2022,,2022,2024,3,end_at_collection_year,0
CIAN,Мельников Максим Анатольевич,professional,1,"МКПАО ""Циан""",2024,,2024,2024,1,end_at_collection_year,1
CIAN,Мельников Максим Анатольевич,professional,2,Cian / Cian PLC,2014,2022,2014,2022,9,,0
CIAN,Мельников Максим Анатольевич,professional,3,Media3 Holding,2010,2014,2010,2014,5,,0
CIAN,Мельников Максим Анатольевич,professional,4,HeadHunter Group PLC,2019,,2019,2022,4,end_from_next_start,0
DATA,Пустовой Максим Владимирович,professional,0,"ПАО ""Группа Аренадата""",2023,,2023,2024,2,end_at_collection_year,1
DATA,Пустовой Максим Владимирович,professional,1,Positive Technologies,2017,2023,2017,2023,7,,0
DATA,Пустовой Максим Владимирович,professional,2,ОТП Банк,2012,2017,2012,2017,6,,0
DATA,Пустовой Максим Владимирович,professional,3,Банк ВТБ,2010,2012,2010,2012,3,,0
DATA,Пустовой Максим Владимирович,professional,4,Accenture Russia,2007,2010,2007,2010,4,,0
DATA,Пустовой Максим Владимирович,professional,5,Luxoft / Texuna Technologies UK,2001,2007,2001,2007,7,,0
DATA,Жуков Андрей,professional,0,Группа Arenadata,,,,,0,missing_dates_excluded,0
DATA,Жуков Андрей,professional,1,SAP / Oracle,,,,,0,missing_dates_excluded,0
DATA,Бушуева Екатерина Андреевна,professional,0,Группа Arenadata,,,,,0,missing_dates_excluded,0
DATA,Бушуева Екатерина Андреевна,professional,1,ПАО МТС,,,,,0,missing_dates_excluded,0
DATA,Бушуева Екатерина Андреевна,professional,2,"ПАО ""ЛУКОЙЛ""",,2021,,2021,0,missing_dates_excluded,0
DATA,Бушуева Екатерина Андреевна,professional,3,Гравител (Gravitel),,,,,0,missing_dates_excluded,0
DATA,Гревцев Виктор Викторович,professional,0,"ПАО ""Группа Аренадата""",2024,,2024,2024,1,end_at_collection_year,1
DATA,Гревцев Виктор Викторович,professional,1,СРО ААС,2018,,2018,2024,7,end_at_collection_year,0
DATA,Муницына Мария Анатольевна,professional,0,"ПАО ""Группа Аренадата""",2024,,2024,2024,1,end_at_collection_year,1
DELI,Бехтина Елена Александровна,professional,0,"ПАО ""Каршеринг Руссия"" / Делимобиль",2020,,2020,2021,2,end_from_next_start,1
DELI,Бехтина Елена Александровна,professional,1,"ООО ""Каршеринг Руссия""",2019,2020,2019,2020,2,,1
DELI,Бехтина Елена Александровна,professional,2,Delimobil Holding S.A.,2021,2023,2021,2023,3,,0
DELI,Бехтина Елена Александровна,professional,3,"ТОО ""Ди-Мобилити Казахстан"" и ООО ""Каршеринг Клуб""",2022,,2022,2024,3,end_at_collection_year,0
DELI,Бехтина Елена Александровна,professional,4,Aizel,2018,2019,2018,2019,2,,0
DELI,Бехтина Елена Александровна,professional,5,KupiVIP,2015,2018,2015,2018,4,,0
DELI,Бехтина Елена Александровна,professional,6,Procter & Gamble,2011,2014,2011,2014,4,,0
DELI,Лойко Михаил,professional,0,"ПАО ""Каршеринг Руссия"" / Делимобиль",2024,,2024,2024,1,end_at_collection_year,1
DELI,Лойко Михаил,professional,1,Positive Technologies,,2024,,2024,0,missing_dates_excluded,0
DELI,Лойко Михаил,professional,2,Сбермаркет,,2023,2020,2023,4,start_from_previous_end,0
DELI,Лойко Михаил,professional,3,World Class,2014,2020,2014,2020,7,,0
DELI,Белотуркин Александр,professional,0,"ПАО ""Каршеринг Руссия"" / Делимобиль",2024,,2024,2024,1,end_at_collection_year,1
DELI,Белотуркин Александр,professional,1,Райффайзен Банк в России,,2024,,2024,0,missing_dates_excluded,0
DELI,Белотуркин Александр,professional,2,Citibank и Deutsche Bank,,,,,0,missing_dates_excluded,0
DELI,Коновальчук Виталий,professional,0,Делимобиль,2020,,2020,2024,5,end_at_collection_year,1
DELI,Коновальчук Виталий,professional,1,Leroy Merlin,2019,2019,2019,2019,1,,0
DELI,Коновальчук Виталий,professional,2,Lamoda,2014,2018,2014,2018,5,,0
DELI,Коновальчук Виталий,professional,3,Альфа-Банк,2010,2014,2010,2014,5,,0
DELI,Чарухин Денис Юрьевич,professional,0,"ПАО ""Каршеринг Руссия""",2024,,2024,2024,1,end_at_collection_year,1
DELI,Чарухин Денис Юрьевич,professional,1,"ГК ""Mikro Kapital""",2016,2021,2016,2021,6,,0
DELI,Чарухин Денис Юрьевич,professional,2,Управляющая компания ИТКОЛ,2021,2022,2021,2022,2,,0
DELI,Чарухин Денис Юрьевич,professional,3,Управление делами Правительства Новгородской области,2022,2024,2022,2024,3,,0
DELI,Чарухин Денис Юрьевич,professional,4,"АНО ""Агентство стратегических инициатив по продвижению новых проектов"" (АСИ)",2013,2014,2013,2014,2,,0
DELI,Чарухин Денис Юрьевич,research,0,,,,,,0,missing_dates_excluded,
DELI,Алгульян Даниил Валерьевич,professional,0,"ПАО ""Каршеринг Руссия""",2024,,2024,2024,1,end_at_collection_year,1
DELI,Алгульян Даниил Валерьевич,professional,1,ВЭБ.РФ,2018,,2018,2024,7,end_at_collection_year,0
DELI,Алгульян Даниил Валерьевич,professional,2,Внешэкономбанк / ВЭБ,2013,2018,2013,2018,6,,0
DELI,Алгульян Даниил Валерьевич,professional,3,KfW IPEX-Bank GmbH,2006,2013,2006,2013,8,,0
DELI,Алгульян Даниил Валерьевич,professional,4,МГИМО и Высшая школа экономики,2000,,2000,2006,7,end_from_next_start,0
DELI,Алгульян Даниил Валерьевич,research,0,,,,,,0,missing_dates_excluded,
DELI,Артюх Константин Юрьевич,professional,0,"ПАО ""Каршеринг Руссия""",2023,,2023,2024,2,end_at_collection_year,1
DELI,Артюх Константин Юрьевич,professional,1,"""МБ РУС Финансовые услуги""",2023,,2023,2024,2,end_at_collection_year,0
DELI,Артюх Константин Юрьевич,professional,2,Ассоциация банков России,2020,2023,2020,2023,4,,0
DELI,Артюх Константин Юрьевич,research,0,,,,,,0,missing_dates_excluded,
DELI,Гюванч Донмез,professional,0,"ПАО ""Каршеринг Руссия""",2023,,2023,2024,2,end_at_collection_year,1
DELI,Гюванч Донмез,professional,1,"ПАО ""Магнит""",2023,,2023,2024,2,end_at_collection_year,0
DELI,Гюванч Донмез,professional,2,Delivery Club,2019,2022,2019,2022,4,,0
DELI,Гюванч Донмез,professional,3,DP Eurasia / Domino's Pizza,2015,2019,2015,2019,5,,0
DELI,Гюванч Донмез,professional,4,Procter & Gamble,2000,2012,2000,2012,13,,0
DELI,Меликян Артур Борисович,professional,0,"ПАО ""Каршеринг Руссия""",2017,,2017,2018,2,end_from_next_start,1
DELI,Меликян Артур Борисович,professional,1,Delimobil Holding S.A.,2021,,2021,2024,4,end_at_collection_year,0
DELI,Меликян Артур Борисович,professional,2,"ООО ""Каршеринг Руссия""",2020,2021,2020,2021,2,,1
DELI,Меликян Артур Борисович,professional,3,"ООО ""Энитайм""",2018,,2018,2020,3,end_from_next_start,0
DELI,Меликян Артур Борисович,professional,4,"ООО ""Делисервис""",2020,,2020,2021,2,end_from_next_start,0
DELI,Полещук Ярослав Николаевич,professional,0,"ПАО ""Каршеринг Руссия""",2023,,2023,2024,2,end_at_collection_year,1
DELI,Полещук Ярослав Николаевич,professional,1,"ООО ""Микро Капитал Руссия""",2023,,2023,2024,2,end_at_collection_year,0
DELI,Полещук Ярослав Николаевич,professional,2,Бинбанк,2015,2019,2015,2019,5,,0
DELI,Саволайнен Ольга Викторовна,professional,0,"ПАО ""Каршеринг Руссия""",2023,,2023,2024,2,end_at_collection_year,1
DELI,Саволайнен Ольга Викторовна,professional,1,"АО ""Каршеринг Руссия""",2023,2023,2023,2023,1,,1
DELI,Саволайнен Ольга Викторовна,professional,2,"ФГБУ ""ЦНИИОИЗ"" Минздрава России и ФГБУ ""НМИЦ ПМ"" Минздрава России",2017,2022,2017,2022,6,,0
DELI,Садовин Владимир Альбертович,professional,0,"ПАО ""Каршеринг Руссия""",2023,,2023,2024,2,end_at_collection_year,1
DELI,Садовин Владимир Альбертович,professional,1,"X5 Retail Group / торговая сеть ""Перекресток""",2021,2022,2021,2022,2,,0
DELI,Садовин Владимир Альбертович,professional,2,BORK,2019,2021,2019,2021,3,,0
DELI,Садовин Владимир Альбертович,professional,3,"""Азбука вкуса""",2008,2020,2008,2020,13,,0
DELI,Чораян Григорий Ованесович,professional,0,"ПАО ""Каршеринг Руссия""",2023,,2023,2024,2,end_at_collection_year,1
DELI,Чораян Григорий Ованесович,professional,1,"ООО ""Каршеринг Руссия""",2022,2023,2022,2023,2,,1
DELI,Чораян Григорий Ованесович,professional,2,Mikro Kapital Management SA,2017,2022,2017,2022,6,,0
DELI,Чораян Григорий Ованесович,professional,3,Mikro Kapital / IMON / Микро Лизинг и связанные компании,2018,,2018,2022,5,end_from_next_start,0
DELI,Чораян Григорий Ованесович,professional,4,"ООО ""Микро Капитал Руссия""",2023,,2023,2024,2,end_at_collection_year,0
DELI,Чораян Григорий Ованесович,research,0,,,,,,0,missing_dates_excluded,
DIAS,Глазков Александр Валериевич,professional,0,"ПАО ""Диасофт""",2023,,2023,2024,2,end_at_collection_year,1
DIAS,Глазков Александр Валериевич,professional,1,"ПАО ""Диасофт""",2023,,2023,2024,2,end_at_collection_year,1
DIAS,Глазков Александр Валериевич,professional,2,"ПАО ""Диасофт""",2017,2023,2017,2023,7,,1
DIAS,Глазков Александр Валериевич,professional,3,"ООО ""Диасофт""",2021,,2021,2023,3,end_from_next_start,1
DIAS,Глазков Александр Валериевич,professional,4,"ООО ""Диасофт Системы""",2015,2021,2015,2021,7,,0
DIAS,Глазков Александр Валериевич,professional,5,"ООО ""Диасофт Экосистема""",2021,,2021,2023,3,end_from_next_start,0
DIAS,Глазков Александр Валериевич,professional,6,"ООО ""Диасофт Инновации""",2023,,2023,2024,2,end_at_collection_year,0
DIAS,Глазков Александр Валериевич,professional,7,Центр управления полетами,1986,1989,1986,1989,4,,0
DIAS,Глазков Александр Валериевич,professional,8,"ЗАО/группа ""Диасофт""",1991,,1991,2015,25,end_from_next_start,0
DIAS,Глазков Александр Валериевич,research,0,Московский авиационный институт,,,,,0,missing_dates_excluded,
DIAS,Бочкарев Сергей Викторович,professional,0,"ПАО ""Диасофт""",2024,,2024,2024,1,end_at_collection_year,1
DIAS,Бочкарев Сергей Викторович,professional,1,Ростелеком-ЦОД,2022,,2022,2024,3,end_at_collection_year,0
DIAS,Бочкарев Сергей Викторович,professional,2,Национальная система платежных карт,2014,2022,2014,2022,9,,0
DIAS,Бочкарев Сергей Викторович,professional,3,"Банк ""Петровский""",1994,2001,1994,2001,8,,0
DIAS,Бочкарев Сергей Викторович,professional,4,"Банк ""Московский деловой мир""",2001,2001,2001,2001,1,,0
DIAS,Бочкарев Сергей Викторович,professional,5,Банкирский дом Санкт-Петербург,2001,2001,2001,2001,1,,0
DIAS,Бочкарев Сергей Викторович,professional,6,Промышленно-строительный банк,2002,2010,2002,2010,9,,0
DIAS,Бочкарев Сергей Викторович,professional,7,Банк ВТБ (ПАО),2010,2012,2010,2012,3,,0
DIAS,Бочкарев Сергей Викторович,professional,8,Лето Банк (позднее Почта Банк),2012,2014,2012,2014,3,,0
DIAS,Ляшков Александр Анатольевич,professional,0,"ПАО ""Диасофт""",2024,,2024,2024,1,end_at_collection_year,1
DIAS,Ляшков Александр Анатольевич,professional,1,"ПАО ""Диасофт""",2018,2024,2018,2024,7,,1
DIAS,Ляшков Александр Анатольевич,professional,2,"ООО ""Диасофт""",2014,2022,2014,2022,9,,1
DIAS,Ляшков Александр Анатольевич,professional,3,"ООО ""Диасофт Платформа""",2019,2022,2019,2022,4,,0
DIAS,Ляшков Александр Анатольевич,professional,4,"ООО ""РТ-Диасофт""",2022,,2022,2024,3,end_at_collection_year,0
DIAS,Лебедев Дмитрий Владимирович,professional,0,"ПАО ""Диасофт""",2024,,2024,2024,1,end_at_collection_year,1
DIAS,Лебедев Дмитрий Владимирович,professional,1,"ООО ""Диасофт Платформа""",2020,2022,2020,2022,3,,0
DIAS,Лебедев Дмитрий Владимирович,professional,2,"ООО ""Диасофт Системы""",2014,2021,2014,2021,8,,0
DIAS,Лебедев Дмитрий Владимирович,professional,3,"ООО ""Диасофт""",2021,,2021,2022,2,end_from_next_start,1
DIAS,Лебедев Дмитрий Владимирович,professional,4,"ООО ""РТ-Диасофт""",2022,2024,2022,2024,3,,0
DIAS,Лебедев Дмитрий Владимирович,professional,5,"ООО ""Диасофт Диджитал""",2023,,2023,2024,2,end_at_collection_year,0
DIAS,Лебедев Дмитрий Владимирович,professional,6,"ООО ""Диасофт Дата Менеджмент""",2024,,2024,2024,1,end_at_collection_year,0
DIAS,Бабкин Алексей Анатольевич,professional,0,"ПАО ""Диасофт""",2024,,2024,2024,1,end_at_collection_year,1
DIAS,Бабкин Алексей Анатольевич,professional,1,"ООО ""Диасофт Платформа""",2020,2022,2020,2022,3,,0
DIAS,Бабкин Алексей Анатольевич,professional,2,"ООО ""РТ-Диасофт""",2022,2024,2022,2024,3,,0
DIAS,Бабкин Алексей Анатольевич,professional,3,"ООО ""Диасофт Экосистема""",2022,2024,2022,2024,3,,0
DIAS,Бабкин Алексей Анатольевич,professional,4,"ООО ""Диасофт Экосистема""",2024,,2024,2024,1,end_at_collection_year,0
DIAS,Таскаева Татьяна Петровна,professional,0,"ПАО ""Диасофт""",2024,,2024,2024,1,end_at_collection_year,1
DIAS,Клишина Екатерина Александровна,professional,0,"ПАО ""Диасофт""",2024,,2024,2024,1,end_at_collection_year,1
DIAS,Клишина Екатерина Александровна,professional,1,"ООО ""Диасофт""",2016,2024,2016,2024,9,,1
DIAS,Клишина Екатерина Александровна,professional,2,"ООО ""Диасофт Платформа""",2020,2022,2020,2022,3,,0
DIAS,Клишина Екатерина Александровна,professional,3,"ООО ""РТ-Диасофт""",2022,2024,2022,2024,3,,0
DVEC,Кимерин Владимир Анатольевич,professional,0,"АО ""ЭСК РусГидро""",2016,,2016,2018,3,end_from_next_start,0
DVEC,Кимерин Владимир Анатольевич,professional,1,"ПАО ""РусГидро""",2018,,2018,2024,7,end_at_collection_year,0
DVEC,Кимерин Владимир Анатольевич,professional,2,"ОАО ""МОЭСК""",2012,2016,2012,2016,5,,0
DVEC,Кимерин Владимир Анатольевич,professional,3,"ООО ""Русэнергосбыт""",2008,2010,2008,2010,3,,0
DVEC,Кимерин Владимир Анатольевич,professional,4,"ОАО ""Мосэнергосбыт""",2005,2008,2005,2008,4,,0
DVEC,Власов Алексей Валерьевич,professional,0,"ПАО ""ДЭК""",2023,,2023,2024,2,end_at_collection_year,1
DVEC,Власов Алексей Валерьевич,professional,1,"ПАО ""РусГидро""",,,,,0,missing_dates_excluded,0
DVEC,Бельченко Антон Леонидович,professional,0,"ПАО ""ДЭК""",2023,,2023,2024,2,end_at_collection_year,1
DVEC,Бельченко Антон Леонидович,professional,1,"ПАО ""РусГидро""",,,,,0,missing_dates_excluded,0
DVEC,Бельченко Антон Леонидович,research,0,"МГУ имени М.В. Ломоносова, Высшая школа государственного администрирования",2020,2023,2020,2023,4,,
DVEC,Борисенко Вера Валентиновна,professional,0,"ПАО ""ДЭК""",2023,,2023,2024,2,end_at_collection_year,1
DVEC,Борисенко Вера Валентиновна,professional,1,"ПАО ""РусГидро""",,,,,0,missing_dates_excluded,0
DVEC,Кабанова Лариса Владимировна,professional,0,"ПАО ""ДЭК""",2023,,2023,2024,2,end_at_collection_year,1
DVEC,Кабанова Лариса Владимировна,professional,1,"ПАО ""РусГидро""",2019,,2019,2023,5,end_from_next_start,0
DVEC,Коптяков Станислав Сергеевич,professional,0,"ПАО ""ДЭК""",2023,,2023,2024,2,end_at_collection_year,1
DVEC,Коптяков Станислав Сергеевич,professional,1,"ПАО ""РусГидро""",,,,,0,missing_dates_excluded,0
DVEC,Осенкова Ксения Геннадьевна,professional,0,"ПАО ""ДЭК""",2023,,2023,2024,2,end_at_collection_year,1
DVEC,Осенкова Ксения Геннадьевна,professional,1,"ПАО ""РусГидро""",,,,,0,missing_dates_excluded,0
DVEC,Сорокин Роман Юрьевич,professional,0,"ПАО ""ДЭК""",2024,,2024,2024,1,end_at_collection_year,1
DVEC,Сорокин Роман Юрьевич,professional,1,"ПАО ""РусГидро""",2011,,2011,2024,14,end_at_collection_year,0
DVEC,Сорокин Роман Юрьевич,professional,2,"ОАО ""РАО ЕЭС России""",2004,2008,2004,2008,5,,0
DVEC,Сорокин Роман Юрьевич,professional,3,"ОАО ""МРСК Центра""",2008,2009,2008,2009,2,,0
DVEC,Сорокин Роман Юрьевич,professional,4,"Госкорпорация ""Росатом""",2009,2009,2009,2009,1,,0
DVEC,Сорокин Роман Юрьевич,professional,5,"ОАО ""ФСК""",2009,2011,2009,2011,3,,0
DVEC,Стороженко Виталий Анатольевич,professional,0,"ПАО ""ДЭК""",2023,,2023,2024,2,end_at_collection_year,1
DVEC,Тюльпанов Евгений Викторович,professional,0,"ПАО ""ДЭК""",2023,,2023,2024,2,end_at_collection_year,1
DVEC,Тюльпанов Евгений Викторович,professional,1,"ПАО ""РусГидро""",,,,,0,missing_dates_excluded,0
DVEC,Ажимов Олег Евгеньевич,professional,0,"ПАО ""ДЭК""",2024,,2024,2024,1,end_at_collection_year,1
DVEC,Ажимов Олег Евгеньевич,professional,1,"ПАО ""РусГидро""",,,,,0,missing_dates_excluded,0
DVEC,Доланова Елена Федоровна,professional,0,"ПАО ""ДЭК""",2024,,2024,2024,1,end_at_collection_year,1
DVEC,Доланова Елена Федоровна,professional,1,"ПАО ""РусГидро""",,,,,0,missing_dates_excluded,0
DVEC,Меделец Светлана Юрьевна,professional,0,"ПАО ""ДЭК""",2024,,2024,2024,1,end_at_collection_year,1
DVEC,Меделец Светлана Юрьевна,professional,1,"ПАО ""Колымаэнерго""",2022,,2022,2024,3,end_at_collection_year,0
DVEC,Коломиец Владимир Александрович,professional,0,"ПАО ""ДЭК""",2024,,2024,2024,1,end_at_collection_year,1
DVEC,Коломиец Владимир Александрович,professional,1,"ПАО ""РусГидро""",,,,,0,missing_dates_excluded,0
DVEC,Дьяченко Ксения Юрьевна,professional,0,"ПАО ""ДЭК""",2024,,2024,2024,1,end_at_collection_year,1
DVEC,Дьяченко Ксения Юрьевна,professional,1,"ПАО ""РусГидро""",,,,,0,missing_dates_excluded,0
DVEC,Дьяченко Ксения Юрьевна,professional,2,"ПАО ""Колымаэнерго""",,,,,0,missing_dates_excluded,0
ELFV,Тналин Алибек Айбекович,professional,0,"ПАО ""ЭЛ5-Энерго""",2022,,2022,2024,3,end_at_collection_year,1
ELFV,Тналин Алибек Айбекович,professional,1,"АО ""ВДК-Энерго""",2021,,2021,2022,2,end_from_next_start,0
ELFV,Тналин Алибек Айбекович,professional,2,"ПАО ""ЛУКОЙЛ""",2012,2022,2012,2022,11,,0
ELFV,Атцени Москвитин Матвей Владимирович,professional,0,"ПАО ""ЭЛ5-Энерго""",2022,,2022,2024,3,end_at_collection_year,1
ELFV,Атцени Москвитин Матвей Владимирович,professional,1,"ПАО ""ЭЛ5-Энерго""",2020,,2020,2022,3,end_from_next_start,1
ELFV,Атцени Москвитин Матвей Владимирович,professional,2,"ПАО ""ЭЛ5-Энерго""",2020,2022,2020,2022,3,,1
ELFV,Атцени Москвитин Матвей Владимирович,professional,3,"ООО ""Русэнергосбыт""",2016,2020,2016,2020,5,,0
ELFV,Атцени Москвитин Матвей Владимирович,professional,4,"ОАО ""ОГК-5""",2008,2011,2008,2011,4,,1
ELFV,Атцени Москвитин Матвей Владимирович,professional,5,"ОАО ""ОГК-5""",2011,2012,2011,2012,2,,1
ELFV,Атцени Москвитин Матвей Владимирович,professional,6,"ОАО ""ОГК-5"" / ПАО ""Энел Россия""",2012,2016,2012,2016,5,,1
ELFV,Верещагин Михаил Игоревич,professional,0,"ПАО ""ЭЛ5-Энерго""",2020,,2020,2024,5,end_at_collection_year,1
ELFV,Верещагин Михаил Игоревич,professional,1,PepsiCo / Frito-Lay Россия,1997,2005,1997,2005,9,,0
ELFV,Верещагин Михаил Игоревич,professional,2,Lafarge / Tele2 / Renault (российские подразделения),2005,2014,2005,2014,10,,0
ELFV,Верещагин Михаил Игоревич,professional,3,Renault / Альянс Renault-Nissan,2014,2019,2014,2019,6,,0
ELFV,Верещагин Михаил Игоревич,professional,4,АО НПФ ВТБ Пенсионный Фонд,2024,,2024,2024,1,end_at_collection_year,0
ELFV,Верещагин Михаил Игоревич,research,0,НИУ ВШЭ (Высшая школа экономики),2019,,2019,2024,6,end_at_collection_year,
ELFV,Косменюк Олег Николаевич,professional,0,Экибастузская ГРЭС-1 / AES Corporation (Казахстан),,2008,,2008,0,missing_dates_excluded,0
ELFV,Косменюк Олег Николаевич,professional,1,"ТОО ""Майкубен Вест"" (Maikuben West)",2008,2011,2008,2011,4,,0
ELFV,Косменюк Олег Николаевич,professional,2,"ПАО ""Энел Россия"" (предшественник ЭЛ5-Энерго)",2013,2016,2013,2016,4,,1
ELFV,Косменюк Олег Николаевич,professional,3,"ПАО ""ЭЛ5-Энерго""",2016,,2016,2024,9,end_at_collection_year,1
ELFV,Косменюк Олег Николаевич,professional,4,"ПАО ""ЭЛ5-Энерго""",2013,,2013,2016,4,end_from_next_start,1
ELFV,Леонова Нина Васильевна,professional,0,"ПАО ""ЭЛ5-Энерго""",2022,,2022,2024,3,end_at_collection_year,1
ELFV,Леонова Нина Васильевна,professional,1,"ПАО ""ЭЛ5-Энерго"" (тогда ПАО ""Энел Россия"")",2010,2015,2010,2015,6,,1
ELFV,Леонова Нина Васильевна,professional,2,"ПАО ""ЭЛ5-Энерго""",2015,2022,2015,2022,8,,1
ELFV,Седова Жанна Игоревна,professional,0,"ПАО ""ЭЛ5-Энерго""",2022,,2022,2024,3,end_at_collection_year,1
ELFV,Седова Жанна Игоревна,professional,1,"ПАО ""ЭЛ5-Энерго""",2022,2022,2022,2022,1,,1
ELFV,Седова Жанна Игоревна,professional,2,"ПАО ""ЭЛ5-Энерго""",2010,2022,2010,2022,13,,1
ELFV,Седова Жанна Игоревна,professional,3,"ПАО ""ЭЛ5-Энерго""",2012,2022,2012,2022,11,,1
ELFV,Седова Жанна Игоревна,professional,4,Московское отделение Ассоциации юристов России,2019,,2019,2020,2,end_from_next_start,0
ELFV,Седова Жанна Игоревна,professional,5,Министерство юстиции Российской Федерации,2020,,2020,2021,2,end_from_next_start,0
ELFV,Седова Жанна Игоревна,professional,6,Экспертный совет Комитета Государственной Думы по энергетике,2021,,2021,2022,2,end_from_next_start,0
ELFV,Седова Жанна Игоревна,professional,7,Экспертный совет Комитета Государственной Думы по энергетике,2024,,2024,2024,1,end_at_collection_year,0
ELFV,Седова Жанна Игоревна,professional,8,"ОАО ""Пермэнерго"" / ОАО ""ТГК-9"" / ОАО ""ОГК-4""",2003,2010,2003,2010,8,,0
ELFV,Седова Жанна Игоревна,research,0,Российский государственный университет правосудия,2006,,2006,2024,19,end_at_collection_year,
ELFV,Седова Жанна Игоревна,research,1,Пермский государственный национальный исследовательский университет,1995,2010,1995,2010,16,,
ELFV,Рачкин Сергей Владимирович,professional,0,"Конаковская ГРЭС (филиал ОАО ""ОГК-5"" с 2006 года)",2005,2012,2005,2012,8,,0
ELFV,Рачкин Сергей Владимирович,professional,1,"ОАО ""ОГК-5"" / ПАО ""Энел Россия""",2012,2016,2012,2016,5,,1
ELFV,Рачкин Сергей Владимирович,professional,2,"ПАО ""ЭЛ5-Энерго""",2022,,2022,2024,3,end_at_collection_year,1
ELFV,Рачкин Сергей Владимирович,professional,3,"ПАО ""ЭЛ5-Энерго""",2016,2022,2016,2022,7,,1
ELFV,Рачкин Сергей Владимирович,professional,4,"ПАО ""ЭЛ5-Энерго""",2016,2021,2016,2021,6,,1
ELFV,Рожина Лариса Николаевна,professional,0,"ПАО ""ЭЛ5-Энерго""",2022,,2022,2024,3,end_at_collection_year,1
ELFV,Рожина Лариса Николаевна,professional,1,"АО ""ВДК-Энерго""",2022,,2022,2024,3,end_at_collection_year,0
ELFV,Юзефович Елена Константиновна,professional,0,"ПАО ""ЭЛ5-Энерго""",2015,,2015,2024,10,end_at_collection_year,1
ENPG,Колмогоров Владимир Васильевич,professional,0,Красноярская ГЭС и Саяно-Шушенская ГЭС,,,,,0,missing_dates_excluded,0
ENPG,Колмогоров Владимир Васильевич,professional,1,Красноярская ГЭС,1989,1997,1989,1997,9,,0
ENPG,Колмогоров Владимир Васильевич,professional,2,"РАО ""ЕЭС России"", Сибирская энергетическая компания, Иркутскэнерго, ОГК-3, Норильский никель",2000,2016,2000,2016,17,,0
ENPG,Колмогоров Владимир Васильевич,professional,3,En+ Group,2016,2023,2016,2023,8,,1
ENPG,Колмогоров Владимир Васильевич,professional,4,RUSAL,,,,,0,missing_dates_excluded,0
ENPG,Колмогоров Владимир Васильевич,professional,5,"МКПАО ""ЭН+ ГРУП""",2024,,2024,2024,1,end_at_collection_year,1
ENPG,Малевинская Анна Александровна,professional,0,"Deloitte, JSC SUN InBev, JSC Basic Element, JSC RUSAL Management",,,,,0,missing_dates_excluded,0
ENPG,Малевинская Анна Александровна,professional,1,En+ Group,2018,,2018,2023,6,end_from_next_start,1
ENPG,Малевинская Анна Александровна,professional,2,En+ Group,2023,,2023,2024,2,end_at_collection_year,1
ENPG,Малевинская Анна Александровна,professional,3,RUSAL,2023,,2023,2024,2,end_at_collection_year,0
ENPG,Малевинская Анна Александровна,professional,4,RUSAL / United Company RUSAL,2000,2012,2000,2012,13,,0
ENPG,Погосбеков Давид Дешенович,professional,0,several Russian companies,,,,,0,missing_dates_excluded,0
ENPG,Погосбеков Давид Дешенович,professional,1,Deloitte (tax consulting),,,,,0,missing_dates_excluded,0
ENPG,Погосбеков Давид Дешенович,professional,2,"АО ""ЕвроСибЭнерго""",2008,,2008,2015,8,end_from_next_start,0
ENPG,Погосбеков Давид Дешенович,professional,3,"Торговый дом ""ЕвроСибЭнерго"" (EuroSibEnergo Trading House)",2015,,2015,2019,5,end_from_next_start,0
ENPG,Погосбеков Давид Дешенович,professional,4,RusHydro,,,,,0,missing_dates_excluded,0
ENPG,Погосбеков Давид Дешенович,professional,5,En+ Group,2019,,2019,2024,6,end_at_collection_year,1
ENPG,Данилов Александр,professional,0,Russian and international companies,,,,,0,missing_dates_excluded,0
ENPG,Данилов Александр,professional,1,Akin Gump Strauss Hauer & Feld LLP,2006,,2006,2007,2,end_from_next_start,0
ENPG,Данилов Александр,professional,2,LUKOIL Overseas,,,,,0,missing_dates_excluded,0
ENPG,Данилов Александр,professional,3,Basic Element,2007,,2007,2019,13,end_from_next_start,0
ENPG,Данилов Александр,professional,4,En+ Group,2019,,2019,2024,6,end_at_collection_year,1
ENPG,Конопацкий Виктор,professional,0,En+ Group,,,,,0,missing_dates_excluded,1
ENPG,Санарова Ольга,professional,0,"Банк ""Сибирское ОВК"", Сибирский филиал",1998,2002,1998,2002,5,,0
ENPG,Санарова Ольга,professional,1,Красноярский металлургический завод,2003,2006,2003,2006,4,,0
ENPG,Санарова Ольга,professional,2,RUSAL / UC RUSAL,2006,2020,2006,2020,15,,0
ENPG,Санарова Ольга,professional,3,En+ Group,,,,,0,missing_dates_excluded,1
ENPG,Санарова Ольга,professional,4,"Ассоциация ""Байкал без пластика""",2024,,2024,2024,1,end_at_collection_year,0
ENPG,Бахтина Ирина,professional,0,RUSAL / UC RUSAL,2013,,2013,2020,8,end_from_next_start,0
ENPG,Бахтина Ирина,professional,1,Philip Morris International (Russia and Belarus),,,,,0,missing_dates_excluded,0
ENPG,Бахтина Ирина,professional,2,"Unilever (Russia, Ukraine, Belarus, Turkey, Israel, Middle East, Central Asia, Africa)",2008,2020,2008,2020,13,,0
ENPG,Бахтина Ирина,professional,3,Government of the Komi Republic,2020,2021,2020,2021,2,,0
ENPG,Бахтина Ирина,professional,4,RUSAL / UC RUSAL,2021,2023,2021,2023,3,,0
ENPG,Бахтина Ирина,professional,5,National ESG Alliance,,,,,0,missing_dates_excluded,0
ENPG,Бахтина Ирина,professional,6,National ESG Alliance,2025,,2025,2024,0,after_collection_year_excluded,0
ENPG,Бахтина Ирина,professional,7,L'Oreal (JSC),2023,2024,2023,2024,2,,0
ENPG,Бахтина Ирина,professional,8,En+ Group,2024,,2024,2024,1,end_from_next_start;end_capped_at_collection_year,1
ENPG,Кристофер Бэнкрофт Бернэм (Christopher Bancroft Burnham),professional,0,United Nations,,,,,0,missing_dates_excluded,0
ENPG,Кристофер Бэнкрофт Бернэм (Christopher Bancroft Burnham),professional,1,U.S. Department of State,,,,,0,missing_dates_excluded,0
ENPG,Кристофер Бэнкрофт Бернэм (Christopher Bancroft Burnham),professional,2,Cambridge Global Capital,2013,,2013,2019,7,end_from_next_start,0
ENPG,Кристофер Бэнкрофт Бернэм (Christopher Bancroft Burnham),professional,3,Deutsche Asset Management,2006,2012,2006,2012,7,,0
ENPG,Кристофер Бэнкрофт Бернэм (Christopher Bancroft Burnham),professional,4,En+ Group,2019,,2019,2024,6,end_at_collection_year,1
ENPG,Кристофер Бэнкрофт Бернэм (Christopher Bancroft Burnham),professional,5,Cambridge Global Advisors,2013,2022,2013,2022,10,,0
ENPG,Кристофер Бэнкрофт Бернэм (Christopher Bancroft Burnham),professional,6,RREEF Capital Partners,,,,,0,missing_dates_excluded,0
ENPG,Кристофер Бэнкрофт Бернэм (Christopher Bancroft Burnham),professional,7,United States Marine Corps (Reserve),,,,,0,missing_dates_excluded,0
ENPG,Галенская Людмила Петровна,professional,0,"Ангарское производственное объединение ""Ангарскнефтеоргсинтез""",1980,1997,1980,1997,18,,0
ENPG,Галенская Людмила Петровна,professional,1,Ангарский полимерный завод,1997,2002,1997,2002,6,,0
ENPG,Галенская Людмила Петровна,professional,2,Иркутскэнерго,2003,2020,2003,2020,18,,0
ENPG,Галенская Людмила Петровна,professional,3,EuroSibEnergo Engineering Center / БЕК,2020,,2020,2022,3,end_from_next_start,0
ENPG,Галенская Людмила Петровна,professional,4,En+ Group,2022,,2022,2024,3,end_at_collection_year,1
ENPG,Тэргуд Маршалл Мл. (Thurgood Marshall Jr.),professional,0,international law firm,,,,,0,missing_dates_excluded,0
ENPG,Тэргуд Маршалл Мл. (Thurgood Marshall Jr.),professional,1,public companies,,,,,0,missing_dates_excluded,0
ENPG,Тэргуд Маршалл Мл. (Thurgood Marshall Jr.),professional,2,United States Postal Service,,,,,0,missing_dates_excluded,0
ENPG,Тэргуд Маршалл Мл. (Thurgood Marshall Jr.),professional,3,The Ford Foundation,,,,,0,missing_dates_excluded,0
ENPG,Тэргуд Маршалл Мл. (Thurgood Marshall Jr.),professional,4,Office of Senator Al Gore,,,,,0,missing_dates_excluded,0
ENPG,Тэргуд Маршалл Мл. (Thurgood Marshall Jr.),professional,5,"The White House (Executive Office of the President, Clinton Administration)",1997,2001,1997,2001,5,,0
ENPG,Тэргуд Маршалл Мл. (Thurgood Marshall Jr.),professional,6,Office of Vice President Al Gore,,,,,0,missing_dates_excluded,0
ENPG,Тэргуд Маршалл Мл. (Thurgood Marshall Jr.),professional,7,"U.S. District Court, Washington, D.C.",,,,,0,missing_dates_excluded,0
ENPG,Тэргуд Маршалл Мл. (Thurgood Marshall Jr.),professional,8,En+ Group,2021,,2021,2024,4,end_at_collection_year,1
ENPG,Джеймс У. Рэйдер (J.W. Rader),professional,0,legal and energy-sector advisory work,,,,,0,missing_dates_excluded,0
ENPG,Джеймс У. Рэйдер (J.W. Rader),professional,1,Ashby Consulting,2001,,2001,2022,22,end_from_next_start,0
ENPG,Джеймс У. Рэйдер (J.W. Rader),professional,2,Gas South,,,,,0,missing_dates_excluded,0
ENPG,Джеймс У. Рэйдер (J.W. Rader),professional,3,Stephens Group,1992,2000,1992,2000,9,,0
ENPG,Джеймс У. Рэйдер (J.W. Rader),professional,4,Office of Congressman Beryl Anthony,,,,,0,missing_dates_excluded,0
ENPG,Джеймс У. Рэйдер (J.W. Rader),professional,5,U.S. House of Representatives Committee on Ways and Means,,,,,0,missing_dates_excluded,0
ENPG,Джеймс У. Рэйдер (J.W. Rader),professional,6,Internal Revenue Service Commissioners' Advisory Group,1994,1996,1994,1996,3,,0
ENPG,Джеймс У. Рэйдер (J.W. Rader),professional,7,Anthony Commission,1989,1992,1989,1992,4,,0
ENPG,Джеймс У. Рэйдер (J.W. Rader),professional,8,En+ Group,2022,,2022,2024,3,end_at_collection_year,1
ENPG,Фокина Жанна Сергеевна,professional,0,Росприроднадзор,,,,,0,missing_dates_excluded,0
ENPG,Фокина Жанна Сергеевна,professional,1,pharmaceutical industry,,,,,0,missing_dates_excluded,0
ENPG,Фокина Жанна Сергеевна,professional,2,Красноярский алюминиевый завод,,,,,0,missing_dates_excluded,0
ENPG,Фокина Жанна Сергеевна,professional,3,En+ Group,2021,,2021,2024,4,end_at_collection_year,1
ENPG,Шаронов Андрей Владимирович,professional,0,USSR / Russian public administration,,,,,0,missing_dates_excluded,0
ENPG,Шаронов Андрей Владимирович,professional,1,Министерство экономического развития и торговли Российской Федерации,1996,2007,1996,2007,12,,0
ENPG,Шаронов Андрей Владимирович,professional,2,Troika Dialog,2007,2010,2007,2010,4,,0
ENPG,Шаронов Андрей Владимирович,professional,3,Moscow Government,2010,,2010,2013,4,end_from_next_start,0
ENPG,Шаронов Андрей Владимирович,professional,4,СКОЛКОВО (Московская школа управления СКОЛКОВО / SKOLKOVO School of Management),2013,2021,2013,2021,9,,0
ENPG,Шаронов Андрей Владимирович,professional,5,National ESG Alliance,2022,,2022,2024,3,end_at_collection_year,0
ENPG,Шаронов Андрей Владимирович,professional,6,NefteTransService,,,,,0,missing_dates_excluded,0
ENPG,Шаронов Андрей Владимирович,professional,7,Медицина (Medicina),,,,,0,missing_dates_excluded,0
ENPG,Шаронов Андрей Владимирович,professional,8,Совкомфлот (Sovcomflot),,,,,0,missing_dates_excluded,0
ENPG,Шаронов Андрей Владимирович,professional,9,ФосАгро (PhosAgro),,,,,0,missing_dates_excluded,0
ENPG,Шаронов Андрей Владимирович,professional,10,Российские сети (Rosseti),,,,,0,missing_dates_excluded,0
ENPG,Шаронов Андрей Владимирович,professional,11,Skolkovo Foundation,,,,,0,missing_dates_excluded,0
ENPG,Шаронов Андрей Владимирович,professional,12,"АНО ""Московский урбанистический форум"" / форум ""Открытые инновации""",,,,,0,missing_dates_excluded,0
ENPG,Шаронов Андрей Владимирович,professional,13,En+ Group,2019,,2019,2022,4,end_from_next_start,1
ENPG,Джеймс Шваб (James Schwab),professional,0,private-equity and operating companies,,,,,0,missing_dates_excluded,0
ENPG,Джеймс Шваб (James Schwab),professional,1,CrimStone Partners,2003,2019,2003,2019,17,,0
ENPG,Джеймс Шваб (James Schwab),professional,2,Pallet Logistics of America,2005,2019,2005,2019,15,,0
ENPG,Джеймс Шваб (James Schwab),professional,3,U.S. Department of State,2019,2021,2019,2021,3,,0
ENPG,Джеймс Шваб (James Schwab),professional,4,Ericsson,2001,2003,2001,2003,3,,0
ENPG,Джеймс Шваб (James Schwab),professional,5,SST Conveyor Components,2018,2018,2018,2018,1,,0
ENPG,Джеймс Шваб (James Schwab),professional,6,"CrimStone, Western Marketing, Cimcon Finishing, Waples Manufacturing, Greenscape Landscaping",,,,,0,missing_dates_excluded,0
ENPG,Джеймс Шваб (James Schwab),professional,7,En+ Group,2023,,2023,2024,2,end_at_collection_year,1
ENPG,Яновский Андрей Владимирович,professional,0,European Medical Center,2014,,2014,2020,7,end_from_next_start,0
ENPG,Яновский Андрей Владимирович,professional,1,The Coca-Cola Company in Russia,,,,,0,missing_dates_excluded,0
ENPG,Яновский Андрей Владимирович,professional,2,Nidan Juices,2003,2009,2003,2009,7,,0
ENPG,Яновский Андрей Владимирович,professional,3,TNK-BP,2009,2013,2009,2013,5,,0
ENPG,Яновский Андрей Владимирович,professional,4,NefteTransService,2013,2014,2013,2014,2,,0
ENPG,Яновский Андрей Владимирович,professional,5,En+ Group,2020,,2020,2024,5,end_at_collection_year,1
ENPG,Гераскин Вадим Викторович,professional,0,Basic Element,2012,,2012,2019,8,end_from_next_start,0
ENPG,Гераскин Вадим Викторович,professional,1,RUSAL,,,,,0,missing_dates_excluded,0
ENPG,Гераскин Вадим Викторович,professional,2,Zarubezhkontrakt,1997,2000,1997,2000,4,,0
ENPG,Гераскин Вадим Викторович,professional,3,AluminProdukt,1993,1997,1993,1997,5,,0
ENPG,Гераскин Вадим Викторович,professional,4,En+ Group,2019,,2019,2024,6,end_at_collection_year,1
ENPG,Горбатова Анастасия Владимировна,professional,0,legal practice,,,,,0,missing_dates_excluded,0
ENPG,Горбатова Анастасия Владимировна,professional,1,En+ Group,2019,2021,2019,2021,3,,1
ENPG,Горбатова Анастасия Владимировна,professional,2,private legal practice,,,,,0,missing_dates_excluded,0
ENPG,Горбатова Анастасия Владимировна,professional,3,En+ Group,2023,,2023,2024,2,end_at_collection_year,1
ENPG,Плугарь Андрей Георгиевич,professional,0,major diversified Russian companies,,,,,0,missing_dates_excluded,0
ENPG,Плугарь Андрей Георгиевич,professional,1,GC Impulse,,,,,0,missing_dates_excluded,0
ENPG,Плугарь Андрей Георгиевич,professional,2,En+ Group,2023,,2023,2024,2,end_at_collection_year,1
ENPG,Филина Ольга Владимировна,professional,0,Deloitte and KPMG,,,,,0,missing_dates_excluded,0
ENPG,Филина Ольга Владимировна,professional,1,professional services / compliance practice,,,,,0,missing_dates_excluded,0
ENPG,Филина Ольга Владимировна,professional,2,En+ Group,2021,,2021,2024,4,end_at_collection_year,1
ETLN,Бузулуцкий Михаил Игоревич,professional,0,"Группа компаний ""Инград""",2021,2023,2021,2023,3,,0
ETLN,Бузулуцкий Михаил Игоревич,professional,1,"Группа ""Эталон""",2023,2024,2023,2024,2,,1
ETLN,Бузулуцкий Михаил Игоревич,professional,2,"АО ""ГК ""Эталон""",2024,,2024,2024,1,end_at_collection_year,0
ETLN,Бузулуцкий Михаил Игоревич,research,0,РЭУ им. Г.В. Плеханова,,,,,0,missing_dates_excluded,
ETLN,Егоров Сергей Валерьевич,professional,0,Ernst & Young,2005,2007,2005,2007,3,,0
ETLN,Егоров Сергей Валерьевич,professional,1,United Capital Partners,2007,2008,2007,2008,2,,0
ETLN,Егоров Сергей Валерьевич,professional,2,Сбербанк Капитал,2008,2012,2008,2012,5,,0
ETLN,Егоров Сергей Валерьевич,professional,3,Интеллект Телеком,,,,,0,missing_dates_excluded,0
ETLN,Егоров Сергей Валерьевич,professional,4,"АФК ""Система""",2012,2013,2012,2013,2,,0
ETLN,Егоров Сергей Валерьевич,professional,5,"ОАО ""Ситроникс""",2013,,2013,2018,6,end_from_next_start,0
ETLN,Егоров Сергей Валерьевич,professional,6,"АФК ""Система""",2018,,2018,2019,2,end_from_next_start,0
ETLN,Егоров Сергей Валерьевич,professional,7,Etalon Group PLC,2019,,2019,2024,6,end_at_collection_year,1
ETLN,Щербина Геннадий Филиппович,professional,0,"""Теплогарант"" / Группа ""Эталон""",2003,2007,2003,2007,5,,0
ETLN,Щербина Геннадий Филиппович,professional,1,"ССМО ""ЛенСпецСМУ"" / Санкт-Петербургское территориальное управление Группы ""Эталон""",2007,2016,2007,2016,10,,0
ETLN,Щербина Геннадий Филиппович,professional,2,"Группа ""Эталон""",2016,2018,2016,2018,3,,1
ETLN,Щербина Геннадий Филиппович,professional,3,"Etalon Group PLC / Группа ""Эталон""",2018,,2018,2024,7,end_at_collection_year,1
ETLN,Щербина Геннадий Филиппович,professional,4,"АО ""ГК ""Эталон""",2024,,2024,2024,1,end_at_collection_year,0
ETLN,Щербина Геннадий Филиппович,research,0,СПбГАСУ,,,,,0,missing_dates_excluded,
ETLN,Волошин Александр Стальевич,professional,0,инвестиционные фонды и брокерские компании (не детализировано); Московская фондовая биржа,1995,1998,1995,1998,4,,0
ETLN,Волошин Александр Стальевич,professional,1,Администрация Президента России,1997,2003,1997,2003,7,,0
ETLN,Волошин Александр Стальевич,professional,2,"РАО ""ЕЭС России""",1999,2008,1999,2008,10,,0
ETLN,Волошин Александр Стальевич,professional,3,"ГМК ""Норильский никель""",2008,2010,2008,2010,3,,0
ETLN,Волошин Александр Стальевич,professional,4,"АО ""Уралкалий""",2010,2014,2010,2014,5,,0
ETLN,Волошин Александр Стальевич,professional,5,"АО ""Первая грузовая компания""",2012,,2012,2021,10,end_from_next_start,0
ETLN,Волошин Александр Стальевич,professional,6,Etalon Group PLC,2021,,2021,2024,4,end_at_collection_year,1
ETLN,Оглоблина Марина Евгеньевна,professional,0,Госбанк СССР (республиканская контора),1980,1988,1980,1988,9,,0
ETLN,Оглоблина Марина Евгеньевна,professional,1,Контрольно-ревизионное управление Министерства финансов РСФСР,1988,1993,1988,1993,6,,0
ETLN,Оглоблина Марина Евгеньевна,professional,2,Правительство Москвы (Финансовое управление Южного административного округа; управление бюджетного планирования и городского заказа),1993,2003,1993,2003,11,,0
ETLN,Оглоблина Марина Евгеньевна,professional,3,Департамент экономической политики и развития города Москвы,2003,2012,2003,2012,10,,0
ETLN,Оглоблина Марина Евгеньевна,professional,4,Главное контрольное управление города Москвы,2012,2013,2012,2013,2,,0
ETLN,Оглоблина Марина Евгеньевна,professional,5,Правительство Московской области,2013,2015,2013,2015,3,,0
ETLN,Оглоблина Марина Евгеньевна,professional,6,Правительство Московской области,2015,,2015,2019,5,end_from_next_start,0
ETLN,Оглоблина Марина Евгеньевна,professional,7,Московский государственный университет управления,,,,,0,missing_dates_excluded,0
ETLN,Оглоблина Марина Евгеньевна,professional,8,Etalon Group PLC,2019,,2019,2024,6,end_at_collection_year,1
ETLN,Оглоблина Марина Евгеньевна,research,0,Московский государственный университет управления,,,,,0,missing_dates_excluded,
ETLN,Пыльцов Виталий Николаевич,professional,0,Ernst & Young,,,,,0,missing_dates_excluded,0
ETLN,Пыльцов Виталий Николаевич,professional,1,РФПИ / Российско-китайский инвестиционный фонд,2013,2015,2013,2015,3,,0
ETLN,Пыльцов Виталий Николаевич,professional,2,"ПАО ""Группа Ренессанс Страхование""",,,,,0,missing_dates_excluded,0
ETLN,Пыльцов Виталий Николаевич,professional,3,"ПАО ""Софтлайн""",2023,2024,2023,2024,2,,0
ETLN,Пыльцов Виталий Николаевич,professional,4,Etalon Group PLC,2022,,2022,2023,2,end_from_next_start,1
ETLN,Крифтис Андреас,professional,0,KPMG Cyprus,,,,,0,missing_dates_excluded,0
ETLN,Крифтис Андреас,professional,1,Ledra Management Ltd,,,,,0,missing_dates_excluded,0
ETLN,Крифтис Андреас,professional,2,Fiduciana Trust (Cyprus) Limited,2009,,2009,2023,15,end_from_next_start,0
ETLN,Крифтис Андреас,professional,3,Etalon Group PLC,2023,,2023,2024,2,end_at_collection_year,1
EUTR,Алексеенков Олег Олегович,professional,0,"АО ""Бета""",2018,2022,2018,2022,5,,0
EUTR,Алексеенков Олег Олегович,professional,1,"ЗАО ""Магистраль Ойл""",2021,2022,2021,2022,2,,0
EUTR,Алексеенков Олег Олегович,professional,2,"ООО ""Компания ТРАССА""",2004,2024,2004,2024,21,,0
EUTR,Алексеенков Олег Олегович,professional,3,"ПАО ""ЕвроТранс""",2022,,2022,2024,3,end_at_collection_year,1
EUTR,Алексеенков Олег Олегович,professional,4,"ПАО ""ЕвроТранс""",2022,,2022,2024,3,end_at_collection_year,1
EUTR,Алексеенков Олег Олегович,professional,5,"АО ""ТРАССА - Фин Тех""",2024,,2024,2024,1,end_at_collection_year,0
EUTR,Мартышов Игорь Юрьевич,professional,0,"ПАО ""ЕвроТранс""",2022,,2022,2024,3,end_at_collection_year,1
EUTR,Мартышов Игорь Юрьевич,professional,1,"АО ""ТРАССА - Фин Тех""",2024,,2024,2024,1,end_at_collection_year,0
EUTR,Алексеенков Сергей Олегович,professional,0,"Компании розничного рынка нефтепродуктов: АО ""Гермес-Москва"", ГК ""Магистраль"", ГК ""Трасса"", ПАО ""ЕвроТранс""",1994,,1994,2003,10,end_from_next_start,0
EUTR,Алексеенков Сергей Олегович,professional,1,"НП ""Центр поддержки малого и среднего бизнеса""",2003,2023,2003,2023,21,,0
EUTR,Алексеенков Сергей Олегович,professional,2,"АО ""Омега Трейд""",2012,,2012,2018,7,end_from_next_start,0
EUTR,Алексеенков Сергей Олегович,professional,3,"ЗАО ""ТИС-Регион""",2008,,2008,2012,5,end_from_next_start,0
EUTR,Алексеенков Сергей Олегович,professional,4,"СНТ ""Спасское""",2007,,2007,2008,2,end_from_next_start,0
EUTR,Алексеенков Сергей Олегович,professional,5,"ООО ""Трасса ГСМ""",2018,,2018,2022,5,end_from_next_start,0
EUTR,Алексеенков Сергей Олегович,professional,6,"ПАО ""ЕвроТранс""",2022,,2022,2023,2,end_from_next_start,1
EUTR,Алексеенков Сергей Олегович,professional,7,"ПАО ""ЕвроТранс""",2023,,2023,2024,2,end_at_collection_year,1
EUTR,Алексеенков Сергей Олегович,professional,8,"АО ""ТРАССА - Фин Тех""",2024,,2024,2024,1,end_at_collection_year,0
EUTR,Дорошенко Николай Николаевич,professional,0,"ЗАО ""МАГИСТРАЛЬ-НК""",2005,,2005,2008,4,end_from_next_start,0
EUTR,Дорошенко Николай Николаевич,professional,1,Ассоциация развития электротранспорта,2012,,2012,2022,11,end_from_next_start,0
EUTR,Дорошенко Николай Николаевич,professional,2,"ООО ""Комплекс-Стройматериалы-Овражки""",2008,2024,2008,2024,17,,0
EUTR,Дорошенко Николай Николаевич,professional,3,"ЗАО ""Магистраль Ойл""",2022,,2022,2024,3,end_at_collection_year,0
EUTR,Дорошенко Николай Николаевич,professional,4,"ПАО ""ЕвроТранс""",2022,,2022,2024,3,end_at_collection_year,1
EUTR,Дорошенко Николай Николаевич,professional,5,"АО ""ТРАССА - Фин Тех""",2024,,2024,2024,1,end_at_collection_year,0
EUTR,Панкратьева Наталья Михайловна,professional,0,"ПАО ""ЕвроТранс""",2019,,2019,2024,6,end_at_collection_year,1
EUTR,Панкратьева Наталья Михайловна,professional,1,"ПАО ""ЕвроТранс""",2024,,2024,2024,1,end_at_collection_year,1
EUTR,Шемякин Борис Олегович,professional,0,"АО ""ТРАССА-СК""",2006,2024,2006,2024,19,,0
EUTR,Шемякин Борис Олегович,professional,1,"ПАО ""ЕвроТранс""",2024,,2024,2024,1,end_at_collection_year,1
EUTR,Сафонов Олег Петрович,professional,0,"Уникомбанк; Восточно-Европейский инвестиционный банк; банк ""Союзавиакосмос""; Оргрэсбанк",1991,2001,1991,2001,11,,0
EUTR,Сафонов Олег Петрович,professional,1,"Фондовая биржа ""Российская Торговая Система""",2003,2007,2003,2007,5,,0
EUTR,Сафонов Олег Петрович,professional,2,"ОАО ""НПК ""Уралвагонзавод""",2009,2010,2009,2010,2,,0
EUTR,Сафонов Олег Петрович,professional,3,"ОАО ""Центр Наукоемких Технологий""",2010,2014,2010,2014,5,,0
EUTR,Сафонов Олег Петрович,professional,4,Федеральное агентство по туризму (Ростуризм),2014,2019,2014,2019,6,,0
EUTR,Сафонов Олег Петрович,professional,5,Ассоциация участников рынка инвестиционных драгоценных металлов,2022,,2022,2024,3,end_at_collection_year,0
EUTR,Сафонов Олег Петрович,professional,6,"ПАО ""ЕвроТранс""",2022,,2022,2024,3,end_at_collection_year,1
EUTR,Сигова Мария Викторовна,professional,0,Региональное отделение Федерации сноуборда России в Санкт-Петербурге,2019,2023,2019,2023,5,,0
EUTR,Сигова Мария Викторовна,professional,1,Физтех-школа бизнеса высоких технологий МФТИ,2021,2023,2021,2023,3,,0
EUTR,Сигова Мария Викторовна,professional,2,Международный банковский институт имени Анатолия Собчака,2013,,2013,2019,7,end_from_next_start,0
EUTR,Сигова Мария Викторовна,professional,3,"ПАО ""ЕвроТранс""",2022,,2022,2023,2,end_from_next_start,1
EUTR,Сигова Мария Викторовна,professional,4,Центр международных проектов МФТИ,2023,,2023,2024,2,end_at_collection_year,0
EUTR,Сигова Мария Викторовна,professional,5,Московская высшая школа социальных и экономических наук,2023,,2023,2024,2,end_at_collection_year,0
EUTR,Сигова Мария Викторовна,research,0,Международный банковский институт имени Анатолия Собчака,,,,,0,missing_dates_excluded,
EUTR,Хазин Андрей Леонидович,professional,0,МГУ имени М.В. Ломоносова,2012,,2012,2017,6,end_from_next_start,0
EUTR,Хазин Андрей Леонидович,professional,1,Российская академия художеств,2012,,2012,2017,6,end_from_next_start,0
EUTR,Хазин Андрей Леонидович,professional,2,МГУ имени М.В. Ломоносова,2017,2019,2017,2019,3,,0
EUTR,Хазин Андрей Леонидович,professional,3,Российская академия художеств,2020,2021,2020,2021,2,,0
EUTR,Хазин Андрей Леонидович,professional,4,Российский государственный социальный университет,2021,,2021,2022,2,end_from_next_start,0
EUTR,Хазин Андрей Леонидович,professional,5,"ПАО ""ЕвроТранс""",2022,,2022,2024,3,end_at_collection_year,1
EUTR,Хазин Андрей Леонидович,research,0,МГУ имени М.В. Ломоносова,2012,,2012,2024,13,end_at_collection_year,
EUTR,Депутатов Георгий Юрьевич,professional,0,"ООО ""Экос""",2022,2024,2022,2024,3,,0
EUTR,Депутатов Георгий Юрьевич,professional,1,"ПАО ""ЕвроТранс""",2024,,2024,2024,1,end_at_collection_year,1
FEES,Рюмин Андрей Валерьевич,professional,0,"АО ""ОЭК""",2011,2013,2011,2013,3,,0
FEES,Рюмин Андрей Валерьевич,professional,1,"АО ""ОЭК""",2013,2014,2013,2014,2,,0
FEES,Рюмин Андрей Валерьевич,professional,2,Предпринимательская деятельность,2014,2016,2014,2016,3,,0
FEES,Рюмин Андрей Валерьевич,professional,3,"ПАО ""Мосэнерго""",2016,2017,2016,2017,2,,0
FEES,Рюмин Андрей Валерьевич,professional,4,"ПАО ""Россети Ленэнерго""",2018,2021,2018,2021,4,,0
FEES,Рюмин Андрей Валерьевич,professional,5,"ПАО ""Российские сети""",2021,2023,2021,2023,3,,0
FEES,Рюмин Андрей Валерьевич,professional,6,"ПАО ""Федеральная сетевая компания - Россети""",2022,,2022,2024,3,end_at_collection_year,1
FEES,Рюмин Андрей Валерьевич,research,0,Институт проблем рынка РАН,,2004,,2004,0,missing_dates_excluded,
FEES,Кулишов Григорий Викторович,professional,0,"ПАО ""Россети""",,,,,0,missing_dates_excluded,0
FEES,Муров Андрей Евгеньевич,professional,0,"ПАО ""ФСК ЕЭС""",2013,2020,2013,2020,8,,1
FEES,Муров Андрей Евгеньевич,professional,1,"Ассоциация ""РНК СИГРЭ""",2015,,2015,2020,6,end_from_next_start,0
FEES,Муров Андрей Евгеньевич,professional,2,"ПАО ""Российские сети""",2020,2023,2020,2023,4,,0
FEES,Муров Андрей Евгеньевич,professional,3,"ПАО ""Федеральная сетевая компания - Россети""",2022,,2022,2024,3,end_at_collection_year,1
FEES,Краинский Даниил Владимирович,professional,0,"ПАО ""Российские сети""",2017,2023,2017,2023,7,,0
FEES,Краинский Даниил Владимирович,professional,1,"ПАО ""Россети Ленэнерго""",2018,,2018,2020,3,end_from_next_start,0
FEES,Краинский Даниил Владимирович,professional,2,"ПАО ""Федеральная сетевая компания - Россети""",2020,,2020,2024,5,end_at_collection_year,1
FEES,Ляпунов Евгений Викторович,professional,0,"Филиал ПАО ""ФСК ЕЭС"" - МЭС Центра",2015,2019,2015,2019,5,,0
FEES,Ляпунов Евгений Викторович,professional,1,"Филиал ПАО ""ФСК ЕЭС"" - МЭС Западной Сибири",2019,2020,2019,2020,2,,0
FEES,Ляпунов Евгений Викторович,professional,2,"Филиал ПАО ""ФСК ЕЭС"" - МЭС Центра",2020,2022,2020,2022,3,,0
FEES,Ляпунов Евгений Викторович,professional,3,"ПАО ""ФСК ЕЭС""",2021,2022,2021,2022,2,,1
FEES,Ляпунов Евгений Викторович,professional,4,"ПАО ""Российские сети""",2022,2023,2022,2023,2,,0
FEES,Ляпунов Евгений Викторович,professional,5,"ПАО ""Федеральная сетевая компания - Россети""",2022,,2022,2024,3,end_at_collection_year,1
FEES,Мольский Алексей Валерьевич,professional,0,"ПАО ""ФСК ЕЭС""",2012,2019,2012,2019,8,,1
FEES,Мольский Алексей Валерьевич,professional,1,"Союз ""ЭНЕРГОСТРОЙ""",2017,2019,2017,2019,3,,0
FEES,Мольский Алексей Валерьевич,professional,2,"ПАО ""ФСК ЕЭС""",2019,2022,2019,2022,4,,1
FEES,Мольский Алексей Валерьевич,professional,3,"ПАО ""Российские сети""",2020,2023,2020,2023,4,,0
FEES,Мольский Алексей Валерьевич,professional,4,"ПАО ""Федеральная сетевая компания - Россети""",2022,,2022,2024,3,end_at_collection_year,1
FEES,Полинов Алексей Александрович,professional,0,"ПАО ""Россети Ленэнерго""",2018,,2018,2021,4,end_from_next_start,0
FEES,Полинов Алексей Александрович,professional,1,"ПАО ""Российские сети""",2021,2023,2021,2023,3,,0
FEES,Полинов Алексей Александрович,professional,2,"ПАО ""ФСК ЕЭС"" / ПАО ""Федеральная сетевая компания - Россети""",2022,,2022,2024,3,end_at_collection_year,1
FEES,Харитонов Владимир Вячеславович,professional,0,"АО ""ФИЦ""",2018,2021,2018,2021,4,,0
FEES,Харитонов Владимир Вячеславович,professional,1,"АО ""НИЦ ЕЭС""",2018,2021,2018,2021,4,,0
FEES,Харитонов Владимир Вячеславович,professional,2,"Ассоциация ""Цифровая энергетика""",2019,,2019,2021,3,end_from_next_start,0
FEES,Харитонов Владимир Вячеславович,professional,3,"АО ""НТЦ ФСК ЕЭС""",2021,2022,2021,2022,2,,0
FEES,Харитонов Владимир Вячеславович,professional,4,"Ассоциация ""РНК СИГРЭ""",2021,,2021,2022,2,end_from_next_start,0
FEES,Харитонов Владимир Вячеславович,professional,5,"ПАО ""Российские сети""",2022,2023,2022,2023,2,,0
FEES,Харитонов Владимир Вячеславович,professional,6,"ПАО ""Федеральная сетевая компания - Россети""",2022,,2022,2024,3,end_at_collection_year,1
FEES,Харитонов Владимир Вячеславович,research,0,"АО ""ФИЦ"", АО ""НИЦ ЕЭС"", АО ""НТЦ ФСК ЕЭС""",2018,2022,2018,2022,5,,
FEES,Новак Александр Валентинович,professional,0,Министерство финансов Российской Федерации,2008,2012,2008,2012,5,,0
FEES,Новак Александр Валентинович,professional,1,Министерство энергетики Российской Федерации,2012,2020,2012,2020,9,,0
FEES,Новак Александр Валентинович,professional,2,Правительство Российской Федерации,2020,,2020,2023,4,end_from_next_start,0
FEES,Новак Александр Валентинович,professional,3,"ПАО ""Россети""",2023,,2023,2024,2,end_at_collection_year,0
FEES,Макаров Владимир Александрович,professional,0,"ПАО ""Россети""",,,,,0,missing_dates_excluded,0
FEES,Ульянов Антон Сергеевич,professional,0,Генеральная прокуратура Российской Федерации,2017,2021,2017,2021,5,,0
FEES,Ульянов Антон Сергеевич,professional,1,"ПАО ""ФСК ЕЭС"" / ПАО ""Российские сети""",2021,2022,2021,2022,2,,0
FEES,Ульянов Антон Сергеевич,professional,2,"ПАО ""ФСК - Россети"" / ПАО ""Россети""",2022,,2022,2024,3,end_at_collection_year,0
FESH,Иванов Петр Валерьевич,professional,0,Кредобанк,1991,1992,1991,1992,2,,0
FESH,Иванов Петр Валерьевич,professional,1,"КБ ""Монтажспецбанк""",1992,1998,1992,1998,7,,0
FESH,Иванов Петр Валерьевич,professional,2,"ГУП ""Мосгортранс""",1998,2013,1998,2013,16,,0
FESH,Иванов Петр Валерьевич,professional,3,Департамент транспорта и связи города Москвы,2005,2006,2005,2006,2,,0
FESH,Иванов Петр Валерьевич,professional,4,Правительство Московской области,2013,2016,2013,2016,4,,0
FESH,Иванов Петр Валерьевич,professional,5,"АО ""Федеральная пассажирская компания""",2016,2020,2016,2020,5,,0
FESH,Иванов Петр Валерьевич,professional,6,"АО ""Скоростные магистрали""",2020,2021,2020,2021,2,,0
FESH,Иванов Петр Валерьевич,professional,7,Федеральная антимонопольная служба,2021,2024,2021,2024,4,,0
FESH,Иванов Петр Валерьевич,professional,8,"ПАО ""ДВМП"" / Транспортная группа FESCO",2024,,2024,2024,1,end_at_collection_year,0
FESH,Иванов Петр Валерьевич,professional,9,"ООО ""Росатом Логистика""",2024,,2024,2024,1,end_at_collection_year,0
FESH,Иванов Петр Валерьевич,research,0,Московский государственный индустриальный университет,2008,2008,2008,2008,1,,
FESH,Плотников Юрий Олегович,professional,0,"ПАО ""ДВМП""",2019,,2019,2024,6,end_at_collection_year,1
FESH,Плотников Юрий Олегович,professional,1,"ООО ""Транспортная группа ФЕСКО""",2019,,2019,2024,6,end_at_collection_year,0
FESH,Плотников Юрий Олегович,professional,2,"АО ""Российская электроника""",,,,,0,missing_dates_excluded,0
FESH,Плотников Юрий Олегович,professional,3,"ПАО ""НК ""Роснефть""",,,,,0,missing_dates_excluded,0
FESH,Плотников Юрий Олегович,professional,4,Следственное управление ФСБ России,,2013,,2013,0,missing_dates_excluded,0
FESH,Плотников Юрий Олегович,professional,5,МАДИ,,,,,0,missing_dates_excluded,0
FIVE,Шехтерман Игорь Владимирович,professional,0,ПАО «Корпоративный центр ИКС 5»,2024,,2024,2024,1,end_at_collection_year,1
FIVE,Шехтерман Игорь Владимирович,professional,1,X5 Retail Group N.V.,2015,2024,2015,2024,10,,1
FIVE,Шехтерман Игорь Владимирович,professional,2,X5 Retail Group N.V.,2013,2015,2013,2015,3,,1
FIVE,Шехтерман Игорь Владимирович,professional,3,RosExpert,1996,2015,1996,2015,20,,0
FIVE,Шехтерман Игорь Владимирович,professional,4,Контакт,1994,1996,1994,1996,3,,0
FIVE,Шехтерман Игорь Владимирович,professional,5,Beoluna Russian office,1992,1994,1992,1994,3,,0
FIVE,Лобачева Екатерина Владимировна,professional,0,ПАО «Корпоративный центр ИКС 5»,2024,,2024,2024,1,end_at_collection_year,1
FIVE,Лобачева Екатерина Владимировна,professional,1,X5 Retail Group N.V.,2022,2024,2022,2024,3,,1
FIVE,Лобачева Екатерина Владимировна,professional,2,X5 Retail Group / X5 Group,2020,2022,2020,2022,3,,1
FIVE,Лобачева Екатерина Владимировна,professional,3,X5 Retail Group / X5 Group,2016,2020,2016,2020,5,,1
FIVE,Лобачева Екатерина Владимировна,professional,4,ООО «ЕвразХолдинг»,2011,2016,2011,2016,6,,0
FIVE,Лобачева Екатерина Владимировна,professional,5,МДМ Банк,2008,2011,2008,2011,4,,0
FIVE,Лобачева Екатерина Владимировна,professional,6,ООО «Арсана-2000»,2005,2008,2005,2008,4,,0
FIVE,Лобачева Екатерина Владимировна,professional,7,Министерство имущественных отношений Российской Федерации,2003,2005,2003,2005,3,,0
FIVE,Лобачева Екатерина Владимировна,professional,8,Инвестиционный строительный холдинг,,,,,0,missing_dates_excluded,0
FIVE,Ворона Иван Николаевич,professional,0,X5 Group / X5 Retail Group,2015,,2015,2024,10,end_at_collection_year,1
FIVE,Ворона Иван Николаевич,professional,1,BearingPoint Russia & CIS,2013,2015,2013,2015,3,,0
FIVE,Ворона Иван Николаевич,professional,2,"PwC / PricewaterhouseCoopers, Coca-Cola, Cargill",,,,,0,missing_dates_excluded,0
FIVE,Ворона Иван Николаевич,professional,3,AlfaStrakhovanie group and Rosvodokanal group,,,,,0,missing_dates_excluded,0
FIVE,Мурашкин Андрей Игоревич,professional,0,ПАО «Корпоративный центр ИКС 5»,2024,,2024,2024,1,end_at_collection_year,1
FIVE,Мурашкин Андрей Игоревич,professional,1,ООО «Корпоративный центр ИКС 5»,2023,2024,2023,2024,2,,1
FIVE,Мурашкин Андрей Игоревич,professional,2,ООО «СТД «Петрович»,2019,2023,2019,2023,5,,0
FIVE,Мурашкин Андрей Игоревич,professional,3,EY,,,,,0,missing_dates_excluded,0
FIVE,Мурашкин Андрей Игоревич,professional,4,Retail companies,2011,,2011,2019,9,end_from_next_start,0
FIVE,Мурашкин Андрей Игоревич,research,0,Новгородский государственный университет имени Ярослава Мудрого,2004,2004,2004,2004,1,,
FIXP,Кирсанов Дмитрий Николаевич,professional,0,Fix Price Group PLC,2024,,2024,2024,1,end_at_collection_year,1
FIXP,Кирсанов Дмитрий Николаевич,professional,1,Fix Price Group PLC,2021,2024,2021,2024,4,,1
FIXP,Кирсанов Дмитрий Николаевич,professional,2,LLC Best Price,2007,2024,2007,2024,18,,0
FIXP,Кирсанов Дмитрий Николаевич,professional,3,Kopeika,1999,2007,1999,2007,9,,0
FIXP,Кирсанов Дмитрий Николаевич,professional,4,Coffee Trade Company and Soft Pro,1994,1997,1994,1997,4,,0
FIXP,Погонин Владимир Петрович,professional,0,LLC Best Price,2024,,2024,2024,1,end_at_collection_year,0
FIXP,Погонин Владимир Петрович,professional,1,Fix Price / LLC Best Price,2021,2024,2021,2024,4,,0
FIXP,Погонин Владимир Петрович,professional,2,Fix Price / LLC Best Price,2019,2021,2019,2021,3,,0
FIXP,Погонин Владимир Петрович,professional,3,Monetka,2011,2018,2011,2018,8,,0
FIXP,Погонин Владимир Петрович,professional,4,Kopeika franchisee partner company,2000,2011,2000,2011,12,,0
FIXP,Миронова Елена,professional,0,Fix Price Group PLC,,,,,0,missing_dates_excluded,1
FLOT,Тонковидов Игорь Васильевич,professional,0,Амурское речное пароходство; Сахалинское морское пароходство,,,,,0,missing_dates_excluded,0
FLOT,Тонковидов Игорь Васильевич,professional,1,"ПАО ""Совкомфлот"" / Unicom Management Services Ltd.",1992,2003,1992,2003,12,,0
FLOT,Тонковидов Игорь Васильевич,professional,2,"ОАО ""Волго-Балтийская компания""",2003,2008,2003,2008,6,,0
FLOT,Тонковидов Игорь Васильевич,professional,3,"ОАО / ПАО ""Новошип""",2008,2012,2008,2012,5,,0
FLOT,Тонковидов Игорь Васильевич,professional,4,"ПАО ""Совкомфлот""",2012,2019,2012,2019,8,,1
FLOT,Тонковидов Игорь Васильевич,professional,5,"ПАО ""Совкомфлот""",2019,,2019,2024,6,end_at_collection_year,1
FLOT,Вербо Александр Михайлович,professional,0,"ПАО ""Совкомфлот""",,,,,0,missing_dates_excluded,1
FLOT,Вербо Александр Михайлович,professional,1,"ПАО ""Совкомфлот""",,,,,0,missing_dates_excluded,1
FLOT,Франк Сергей Оттович,professional,0,Дальневосточное морское пароходство,1989,1995,1989,1995,7,,0
FLOT,Франк Сергей Оттович,professional,1,Министерство транспорта Российской Федерации,1995,2004,1995,2004,10,,0
FLOT,Франк Сергей Оттович,professional,2,"ПАО ""Совкомфлот""",2004,2019,2004,2019,16,,1
FLOT,Франк Сергей Оттович,professional,3,"ПАО ""Совкомфлот""",2019,,2019,2024,6,end_at_collection_year,1
GAZP,Миллер Алексей Борисович,professional,0,ЛенНИИпроект,1986,1990,1986,1990,5,,0
GAZP,Миллер Алексей Борисович,professional,1,"ПАО ""Газпром""",2001,,2001,2024,24,end_at_collection_year,1
GAZP,Илюхина Елена Анатольевна,professional,0,"АОЗТ ""ОСТО""",1993,1996,1993,1996,4,,0
GAZP,Илюхина Елена Анатольевна,professional,1,"ООО ""Фирма ""Онега плюс""""",1996,1999,1996,1999,4,,0
GAZP,Илюхина Елена Анатольевна,professional,2,"АКБ ""СБС-Агро"" / АКБ ""Северо-Западное О.В.К.""",1999,2001,1999,2001,3,,0
GAZP,Илюхина Елена Анатольевна,professional,3,"ФГУП ""Рублево-Успенский ЛОК"" Управления делами Президента РФ",2001,2007,2001,2007,7,,0
GAZP,Илюхина Елена Анатольевна,professional,4,"ООО ""Северо-Западная инвестиционная компания""",,2008,2007,2008,2,start_from_previous_end,0
GAZP,Илюхина Елена Анатольевна,professional,5,"ПАО ""Газпром нефть""",2008,2024,2008,2024,17,,0
GAZP,Илюхина Елена Анатольевна,professional,6,"ПАО ""Газпром""",2024,,2024,2024,1,end_at_collection_year,1
GAZP,Аксютин Олег Евгеньевич,professional,0,"Ставропольское газопромысловое управление / ПО ""Кавказтрансгаз""",,2002,,2002,0,missing_dates_excluded,0
GAZP,Аксютин Олег Евгеньевич,professional,1,"ООО ""Кавказтрансгаз""",2002,2007,2002,2007,6,,0
GAZP,Аксютин Олег Евгеньевич,professional,2,"ООО ""Газпром добыча Надым""",2007,2008,2007,2008,2,,0
GAZP,Аксютин Олег Евгеньевич,professional,3,"ПАО ""Газпром""",2008,,2008,2024,17,end_at_collection_year,1
GAZP,Аксютин Олег Евгеньевич,research,0,Специалист в области природоохранной деятельности и экологической безопасности на предприятиях газовой отрасли.,,,,,0,missing_dates_excluded,
GAZP,Куприянов Сергей Владимирович,professional,0,"Консультационное агентство ""Соболев""",1996,1997,1996,1997,2,,0
GAZP,Куприянов Сергей Владимирович,professional,1,"Агентство деловых связей / журнал ""Рынок ценных бумаг""",1997,2000,1997,2000,4,,0
GAZP,Куприянов Сергей Владимирович,professional,2,"Издательский дом ""РЦБ""",2000,2003,2000,2003,4,,0
GAZP,Куприянов Сергей Владимирович,professional,3,"ПАО ""Газпром""",2003,,2003,2024,22,end_at_collection_year,1
GAZP,Путин Михаил Евгеньевич,professional,0,"Минздрав России / РО ""Медтехснаб""",1999,2001,1999,2001,3,,0
GAZP,Путин Михаил Евгеньевич,professional,1,"ОАО ""Газпром""",2004,2007,2004,2007,4,,1
GAZP,Путин Михаил Евгеньевич,professional,2,"АО ""СОГАЗ""",2007,2018,2007,2018,12,,0
GAZP,Путин Михаил Евгеньевич,professional,3,"ПАО ""Газпром""",2018,,2018,2024,7,end_at_collection_year,1
GAZP,Россеев Михаил Николаевич,professional,0,"ООО ""Самаратрансгаз""",1996,2000,1996,2000,5,,0
GAZP,Россеев Михаил Николаевич,professional,1,Структуры Газпрома,2000,2020,2000,2020,21,,0
GAZP,Россеев Михаил Николаевич,professional,2,"ПАО ""Газпром""",2020,,2020,2024,5,end_at_collection_year,1
GAZP,Садыгов Фамил Камиль оглы,professional,0,Министерство РФ по налогам и сборам,1999,2004,1999,2004,6,,0
GAZP,Садыгов Фамил Камиль оглы,professional,1,Федеральное казначейство,2005,2009,2005,2009,5,,0
GAZP,Садыгов Фамил Камиль оглы,professional,2,"АО ""Газпромбанк""",2009,2019,2009,2019,11,,0
GAZP,Садыгов Фамил Камиль оглы,professional,3,"ПАО ""Газпром""",2019,,2019,2024,6,end_at_collection_year,1
GAZP,Хомяков Сергей Федорович,professional,0,"ФГУП ""Московский монетный двор""",2002,2003,2002,2003,2,,0
GAZP,Хомяков Сергей Федорович,professional,1,"ОАО ""Газпром""",2003,2007,2003,2007,5,,1
GAZP,Хомяков Сергей Федорович,professional,2,"ПАО ""Газпром""",2007,,2007,2024,18,end_at_collection_year,1
GAZP,Кузнец Сергей Иванович,professional,0,Межреспубликанская коллегия адвокатов,1996,2002,1996,2002,7,,0
GAZP,Кузнец Сергей Иванович,professional,1,"ОАО/ПАО ""Газпром""",2002,2019,2002,2019,18,,1
GAZP,Кузнец Сергей Иванович,professional,2,"ПАО ""Газпром""",2019,,2019,2024,6,end_at_collection_year,1
GAZP,Марков Владимир Константинович,professional,0,Город Рязань / Рязанская область,1994,1998,1994,1998,5,,0
GAZP,Марков Владимир Константинович,professional,1,Государственная Дума РФ,2007,2011,2007,2011,5,,0
GAZP,Марков Владимир Константинович,professional,2,"ПАО ""Газпром""",2012,,2012,2024,13,end_at_collection_year,1
GAZP,Меньшиков Сергей Николаевич,professional,0,"ООО ""Кавказтрансгаз""",2001,2007,2001,2007,7,,0
GAZP,Меньшиков Сергей Николаевич,professional,1,"ООО ""Надымгазпром"" / ООО ""Газпром добыча Надым""",2007,2019,2007,2019,13,,0
GAZP,Меньшиков Сергей Николаевич,professional,2,"ПАО ""Газпром""",2019,,2019,2024,6,end_at_collection_year,1
GAZP,Михаленко Вячеслав Александрович,professional,0,"ПО ""Саратовтрансгаз"" (Бейнеуское ЛПУМГ)",1989,1992,1989,1992,4,,0
GAZP,Михаленко Вячеслав Александрович,professional,1,"ООО ""Мострансгаз"" (Курское, затем Тульское ЛПУМГ; инженерно-технический центр)",1992,2006,1992,2006,15,,0
GAZP,Михаленко Вячеслав Александрович,professional,2,"ООО ""Газпром трансгаз Томск""",2006,2012,2006,2012,7,,0
GAZP,Михаленко Вячеслав Александрович,professional,3,"ООО ""Газпром инвест Восток""",2012,2012,2012,2012,1,,0
GAZP,Михаленко Вячеслав Александрович,professional,4,"ООО ""Газпром трансгаз Москва""",2012,2015,2012,2015,4,,0
GAZP,Михаленко Вячеслав Александрович,professional,5,"ПАО ""Газпром""",2015,,2015,2024,10,end_at_collection_year,1
GAZP,Симдякин Вадим Михайлович,professional,0,"АО ""Ярославнефтеоргсинтез"" / ОАО ""НГК ""Славнефть""",1994,2010,1994,2010,17,,0
GAZP,Симдякин Вадим Михайлович,professional,1,"ПАО ""Газпром нефть""",2010,2019,2010,2019,10,,0
GAZP,Симдякин Вадим Михайлович,professional,2,"ПАО ""Газпром нефть""",2019,2020,2019,2020,2,,0
GAZP,Симдякин Вадим Михайлович,professional,3,"ПАО ""Газпром нефть""",2021,2023,2021,2023,3,,0
GAZP,Симдякин Вадим Михайлович,professional,4,"ПАО ""Газпром""",2023,,2023,2024,2,end_at_collection_year,1
GAZP,Зубков Виктор Алексеевич,professional,0,Федеральная служба по финансовому мониторингу / финансовая разведка России,2001,2007,2001,2007,7,,0
GAZP,Зубков Виктор Алексеевич,professional,1,Правительство Российской Федерации,2007,2012,2007,2012,6,,0
GAZP,Зубков Виктор Алексеевич,professional,2,"ПАО ""Газпром""",2008,,2008,2024,17,end_at_collection_year,1
GAZP,Мантуров Денис Валентинович,professional,0,"ОАО ""ОПК ""Оборонпром""",2003,2007,2003,2007,5,,0
GAZP,Мантуров Денис Валентинович,professional,1,Минпромторг России,2012,2024,2012,2024,13,,0
GAZP,Мантуров Денис Валентинович,professional,2,Правительство Российской Федерации,2024,,2024,2024,1,end_at_collection_year,0
GAZP,Мантуров Денис Валентинович,professional,3,"ПАО ""Газпром""",2017,,2017,2024,8,end_at_collection_year,1
GAZP,Мантуров Денис Валентинович,research,0,В 1997 году окончил аспирантуру МГУ и защитил кандидатскую диссертацию; в 2022 году защитил докторскую диссертацию по экономике.,,,,,0,missing_dates_excluded,
GAZP,Маркелов Виталий Анатольевич,professional,0,Моркинское ЛПУМГ,1991,1997,1991,1997,7,,0
GAZP,Маркелов Виталий Анатольевич,professional,1,Волготрансгаз,1997,2000,1997,2000,4,,0
GAZP,Маркелов Виталий Анатольевич,professional,2,Томскгазпром,2000,2003,2000,2003,4,,0
GAZP,Маркелов Виталий Анатольевич,professional,3,"ООО ""Газпром трансгаз Томск""",2003,2011,2003,2011,9,,0
GAZP,Маркелов Виталий Анатольевич,professional,4,"ООО ""Газпром инвест Восток""",2011,2011,2011,2011,1,,0
GAZP,Маркелов Виталий Анатольевич,professional,5,"ПАО ""Газпром""",2012,,2012,2024,13,end_at_collection_year,1
GAZP,Акимов Андрей Игоревич,professional,0,Внешторгбанк СССР,1974,1987,1974,1987,14,,0
GAZP,Акимов Андрей Игоревич,professional,1,"Донаубанк (Donaubank AG, Вена)",1987,1990,1987,1990,4,,0
GAZP,Акимов Андрей Игоревич,professional,2,"IMAG (Вена, Австрия)",1991,2002,1991,2002,12,,0
GAZP,Акимов Андрей Игоревич,professional,3,Банк ГПБ (АО) / Газпромбанк,2002,,2002,2011,10,end_from_next_start,0
GAZP,Акимов Андрей Игоревич,professional,4,"ПАО ""Газпром""",2011,,2011,2024,14,end_at_collection_year,1
GAZP,Мартынов Виктор Георгиевич,professional,0,РГУ нефти и газа (НИУ) имени И. М. Губкина,1975,,1975,2013,39,end_from_next_start,0
GAZP,Мартынов Виктор Георгиевич,professional,1,"ПАО ""Газпром""",2013,,2013,2024,12,end_at_collection_year,1
GAZP,Мартынов Виктор Георгиевич,research,0,"Экономист, профессор, доктор экономических наук; академик Российской академии образования; руководитель и участник научно-образовательных органов нефтегазового профиля.",,,,,0,missing_dates_excluded,
GAZP,Максимцев Игорь Анатольевич,professional,0,СПбГУЭФ / СПбГЭУ,1995,,1995,2023,29,end_from_next_start,0
GAZP,Максимцев Игорь Анатольевич,professional,1,"ПАО ""Газпром""",2023,,2023,2024,2,end_at_collection_year,1
GAZP,Максимцев Игорь Анатольевич,research,0,"Российский экономист и общественный деятель, доктор экономических наук, профессор.",,,,,0,missing_dates_excluded,
GAZP,Середа Михаил Леонидович,professional,0,Акционерный коммерческий сберегательный банк РФ (Санкт-Петербургское отделение),1997,1999,1997,1999,3,,0
GAZP,Середа Михаил Леонидович,professional,1,"ОАО ""Балтийская трубопроводная система"" (БТС)",1999,2001,1999,2001,3,,0
GAZP,Середа Михаил Леонидович,professional,2,"ПАО ""Газпром"" (аппарат Совета директоров)",2001,2002,2001,2002,2,,1
GAZP,Середа Михаил Леонидович,professional,3,"ПАО ""Газпром""",2002,,2002,2020,19,end_from_next_start,1
GAZP,Середа Михаил Леонидович,professional,4,"ООО ""Газпром экспорт"" / ООО ""Газпром трейдинг""",2020,,2020,2024,5,end_at_collection_year,0
GAZP,Новак Александр Валентинович,professional,0,Норильский горно-металлургический комбинат,1988,1999,1988,1999,12,,0
GAZP,Новак Александр Валентинович,professional,1,"ОАО ""Норильская горная компания""",1999,2000,1999,2000,2,,0
GAZP,Новак Александр Валентинович,professional,2,Администрация г. Норильска,2000,2002,2000,2002,3,,0
GAZP,Новак Александр Валентинович,professional,3,Администрация (Правительство) Красноярского края,2002,2008,2002,2008,7,,0
GAZP,Новак Александр Валентинович,professional,4,Минфин России,2008,2012,2008,2012,5,,0
GAZP,Новак Александр Валентинович,professional,5,Минэнерго России,2012,2020,2012,2020,9,,0
GAZP,Новак Александр Валентинович,professional,6,Правительство Российской Федерации,2020,,2020,2024,5,end_at_collection_year,0
GAZP,Новак Александр Валентинович,professional,7,"ПАО ""Газпром""",2015,,2015,2020,6,end_from_next_start,1
GAZP,Патрушев Дмитрий Николаевич,professional,0,Банк ВТБ,2004,2010,2004,2010,7,,0
GAZP,Патрушев Дмитрий Николаевич,professional,1,Россельхозбанк,2010,2018,2010,2018,9,,0
GAZP,Патрушев Дмитрий Николаевич,professional,2,Минсельхоз России,2018,2024,2018,2024,7,,0
GAZP,Патрушев Дмитрий Николаевич,professional,3,Правительство Российской Федерации,2024,,2024,2024,1,end_at_collection_year,0
GAZP,Патрушев Дмитрий Николаевич,professional,4,"ПАО ""Газпром""",2022,,2022,2024,3,end_at_collection_year,1
GAZP,Патрушев Дмитрий Николаевич,research,0,Защитил кандидатскую и докторскую диссертации по экономическим темам.,,,,,0,missing_dates_excluded,
GEMC,Яновский Андрей Владимирович,professional,0,МКПАО ЮМГ / EMC,2023,,2023,2024,2,end_at_collection_year,1
GEMC,Яновский Андрей Владимирович,professional,1,МКПАО ЮМГ / EMC,,,,,0,missing_dates_excluded,1
GEMC,Яновский Андрей Владимирович,professional,2,European Medical Center / JSC EMC,2014,,2014,2020,7,end_from_next_start,0
GEMC,Яновский Андрей Владимирович,professional,3,En+ Group IPJSC,2020,,2020,2023,4,end_from_next_start,0
GEMC,Яновский Андрей Владимирович,professional,4,Neftetransservice,2013,2014,2013,2014,2,,0
GEMC,Яновский Андрей Владимирович,professional,5,TNK-BP,2009,2013,2009,2013,5,,0
GEMC,Яновский Андрей Владимирович,professional,6,Nidan Juices,2003,2009,2003,2009,7,,0
GEMC,Яновский Андрей Владимирович,professional,7,The Coca-Cola Company (Russia),1993,2002,1993,2002,10,,0
GEMC,Минаков Георгий Викторович,professional,0,МКПАО ЮМГ,,,,,0,missing_dates_excluded,1
GEMC,Шмелев Дмитрий Сергеевич,professional,0,МКПАО ЮМГ,,,,,0,missing_dates_excluded,1
GEMC,Шмелев Дмитрий Сергеевич,professional,1,МКПАО ЮМГ / EMC,,,,,0,missing_dates_excluded,1
GEMC,Вольский Владислав Михайлович,professional,0,МКПАО ЮМГ,,,,,0,missing_dates_excluded,1
GEMC,Вольский Владислав Михайлович,professional,1,МКПАО ЮМГ,2024,,2024,2024,1,end_at_collection_year,1
GEMC,Тронин Андрей Владимирович,professional,0,МКПАО ЮМГ,,,,,0,missing_dates_excluded,1
GEMC,Тронин Андрей Владимирович,professional,1,МКПАО ЮМГ,2024,,2024,2024,1,end_at_collection_year,1
GEMC,Лобанов Олег Валентинович,professional,0,МКПАО ЮМГ,,,,,0,missing_dates_excluded,1
GEMC,Лобанов Олег Валентинович,professional,1,МКПАО ЮМГ,2024,,2024,2024,1,end_at_collection_year,1
GLTR,Газизов Антон / Anton Gazizov,professional,0,Globaltrans Investment PLC,2024,,2024,2024,1,end_at_collection_year,1
GLTR,Газизов Антон / Anton Gazizov,professional,1,AQNIET Capital,,,,,0,missing_dates_excluded,0
GLTR,Газизов Антон / Anton Gazizov,professional,2,Sky Light Invest,,,,,0,missing_dates_excluded,0
GLTR,Газизов Антон / Anton Gazizov,professional,3,Deutsche Bank,,,,,0,missing_dates_excluded,0
GLTR,Газизов Антон / Anton Gazizov,professional,4,Goldman Sachs,,,,,0,missing_dates_excluded,0
GLTR,Газизов Антон / Anton Gazizov,professional,5,QVT,,,,,0,missing_dates_excluded,0
GLTR,Джафар Борхан / Jaafar Borhan Jaafar,professional,0,Globaltrans Investment PLC,2024,,2024,2024,1,end_at_collection_year,1
GLTR,Джафар Борхан / Jaafar Borhan Jaafar,professional,1,Business Hub,2023,,2023,2024,2,end_at_collection_year,0
GLTR,Джафар Борхан / Jaafar Borhan Jaafar,professional,2,KEZAD Group,,,,,0,missing_dates_excluded,0
GLTR,Джафар Борхан / Jaafar Borhan Jaafar,professional,3,"RAKEZ, OnTime Government Services, UAE Exchange Centre, Emirates NBD",,,,,0,missing_dates_excluded,0
GLTR,Жуслен Хейраллах / Jouslin Khairallah,professional,0,Globaltrans Investment PLC,2024,,2024,2024,1,end_at_collection_year,1
GLTR,Жуслен Хейраллах / Jouslin Khairallah,professional,1,Khairallah Advocates & Legal Consultants,2008,,2008,2022,15,end_from_next_start,0
GLTR,Жуслен Хейраллах / Jouslin Khairallah,professional,2,International Association of Lawyers; Emirates Human Rights Association; Dubai Business Women Council,2022,,2022,2024,3,end_at_collection_year,0
GLTR,Абдулла Белобайда / Abdulla Belobaida,professional,0,Globaltrans Investment PLC,2024,,2024,2024,1,end_at_collection_year,1
GLTR,Абдулла Белобайда / Abdulla Belobaida,professional,1,Engineering Contracting Co,,,,,0,missing_dates_excluded,0
GLTR,Абдулла Белобайда / Abdulla Belobaida,professional,2,Prime Metal Industries,,,,,0,missing_dates_excluded,0
GLTR,Абдултайаб Бахрейнвала / Dr. Abdultaiyab Bahrainwala,professional,0,Globaltrans Investment PLC,2024,,2024,2024,1,end_at_collection_year,1
GLTR,Абдултайаб Бахрейнвала / Dr. Abdultaiyab Bahrainwala,professional,1,Khairallah Advocates & Legal Consultants,,,,,0,missing_dates_excluded,0
GLTR,Альбина Амангельдинова / Albina Amangeldinova,professional,0,Globaltrans Investment PLC,2024,,2024,2024,1,end_at_collection_year,1
GLTR,Альбина Амангельдинова / Albina Amangeldinova,professional,1,DAR Company-2008,2011,,2011,2024,14,end_at_collection_year,0
GLTR,Альбина Амангельдинова / Albina Amangeldinova,professional,2,National Company Kazakhstan Temir Zholy,,,,,0,missing_dates_excluded,0
GLTR,Ержан Ниязалиев / Yerzhan Niyazaliyev,professional,0,Globaltrans Investment PLC,2024,,2024,2024,1,end_at_collection_year,1
GLTR,Ержан Ниязалиев / Yerzhan Niyazaliyev,professional,1,AQNIET Capital / Aqniet Group,2018,,2018,2024,7,end_at_collection_year,0
GLTR,Ержан Ниязалиев / Yerzhan Niyazaliyev,professional,2,Pana,,,,,0,missing_dates_excluded,0
GLTR,Кайрат Итемгенов / Kairat Itemgenov,professional,0,Globaltrans Investment PLC,2024,,2024,2024,1,end_at_collection_year,1
GLTR,Кайрат Итемгенов / Kairat Itemgenov,professional,1,AQNIET Capital / Aqniet Group,,,,,0,missing_dates_excluded,0
GLTR,Кайрат Итемгенов / Kairat Itemgenov,professional,2,"Europharma, hotels/lodging properties, Satti Logistics, KBI Energy",,,,,0,missing_dates_excluded,0
GLTR,Кайрат Итемгенов / Kairat Itemgenov,professional,3,Legal practice,,2006,,2006,0,missing_dates_excluded,0
GLTR,Сторожев Александр Валентинович / Alexander Storozhev,professional,0,Globaltrans Investment PLC,2013,,2013,2024,12,end_at_collection_year,1
GLTR,Сторожев Александр Валентинович / Alexander Storozhev,professional,1,Globaltrans Group subsidiaries,,,,,0,missing_dates_excluded,0
GLTR,Вячеслав Станиславский / Viacheslav Stanislavskiy,professional,0,Globaltrans Investment PLC,2024,,2024,2024,1,end_at_collection_year,1
GLTR,Вячеслав Станиславский / Viacheslav Stanislavskiy,professional,1,New Forwarding Company,2010,,2010,2024,15,end_at_collection_year,0
GLTR,Вячеслав Станиславский / Viacheslav Stanislavskiy,professional,2,Transportation companies,,,,,0,missing_dates_excluded,0
GLTR,Руслан Изатов / Ruslan Izatov,professional,0,Globaltrans Investment PLC,2024,,2024,2024,1,end_at_collection_year,1
GLTR,Руслан Изатов / Ruslan Izatov,professional,1,AQNIET Capital,2023,,2023,2024,2,end_at_collection_year,0
GLTR,Руслан Изатов / Ruslan Izatov,professional,2,Kazakh companies,,,,,0,missing_dates_excluded,0
GLTR,Руслан Изатов / Ruslan Izatov,professional,3,Kazakh Economic University,,,,,0,missing_dates_excluded,0
GLTR,Стефан Хенрих / Stefan Henrich,professional,0,Globaltrans Investment PLC,2024,,2024,2024,1,end_at_collection_year,1
GLTR,Стефан Хенрих / Stefan Henrich,professional,1,"Financial institutions across Europe, the Middle East and Asia",,,,,0,missing_dates_excluded,0
GLTR,Стефан Хенрих / Stefan Henrich,professional,2,"DFSA, FCA, MAS; UK and German bar associations",,,,,0,missing_dates_excluded,0
GLTR,Юсеф Абу Лабан / Yousef Abu Laban,professional,0,Globaltrans Investment PLC,2024,,2024,2024,1,end_at_collection_year,1
GLTR,Юсеф Абу Лабан / Yousef Abu Laban,professional,1,Synergate LLC,,,,,0,missing_dates_excluded,0
GMKN,Потанин Владимир Олегович,professional,0,Министерство внешней торговли СССР / Министерство внешнеэкономических связей СССР; внешнеторговые структуры,1983,1990,1983,1990,8,,0
GMKN,Потанин Владимир Олегович,professional,1,Интеррос,1990,,1990,1992,3,end_from_next_start,0
GMKN,Потанин Владимир Олегович,professional,2,Банк «Международная финансовая компания» (МФК),1992,1993,1992,1993,2,,0
GMKN,Потанин Владимир Олегович,professional,3,ОНЭКСИМбанк,1993,1996,1993,1996,4,,0
GMKN,Потанин Владимир Олегович,professional,4,Правительство Российской Федерации,1996,1997,1996,1997,2,,0
GMKN,Потанин Владимир Олегович,professional,5,ОНЭКСИМбанк,1997,,1997,1998,2,end_from_next_start,0
GMKN,Потанин Владимир Олегович,professional,6,ООО «Холдинговая компания «Интеррос»,1998,,1998,2008,11,end_from_next_start,0
GMKN,Потанин Владимир Олегович,professional,7,ОАО «ГМК «Норильский никель»,2008,2008,2008,2008,1,,1
GMKN,Потанин Владимир Олегович,professional,8,ПАО / ОАО «ГМК «Норильский никель»,2012,2015,2012,2015,4,,1
GMKN,Потанин Владимир Олегович,professional,9,ПАО «ГМК «Норильский никель»,2015,,2015,2024,10,end_at_collection_year,1
HEAD,Сергиенков Дмитрий Сергеевич,professional,0,"МКПАО ""Хэдхантер""",2023,,2023,2024,2,end_at_collection_year,1
HEAD,Сергиенков Дмитрий Сергеевич,professional,1,"МКПАО ""Хэдхантер"" / HeadHunter Group PLC / МКАО ""Хэдхантер Груп ПИЭЛСИ""",2023,,2023,2024,2,end_at_collection_year,0
HEAD,Сергиенков Дмитрий Сергеевич,professional,2,"ООО ""Хэдхантер""",2023,,2023,2024,2,end_at_collection_year,1
HEAD,Сергиенков Дмитрий Сергеевич,professional,3,HeadHunter / J.P. Morgan Chase,2017,2023,2017,2023,7,,0
HEAD,Сергиенков Дмитрий Сергеевич,professional,4,"Cian PLC / МКПАО ""ЦИАН ТЕХНОЛОДЖИ ЛТД""",2024,,2024,2024,1,end_at_collection_year,0
HEAD,Арсеньев Сергей Станиславович,professional,0,"МКПАО ""Хэдхантер"" / МКАО ""Хэдхантер Груп ПИЭЛСИ"" / HeadHunter Group PLC",2023,,2023,2024,2,end_at_collection_year,0
HEAD,Арсеньев Сергей Станиславович,professional,1,TCS Group Holding PLC,2022,2023,2022,2023,2,,0
HEAD,Арсеньев Сергей Станиславович,professional,2,"ПАО АФК ""Система""",2018,2021,2018,2021,4,,0
HEAD,Байцур Антон Григорьевич,professional,0,"МКПАО ""Хэдхантер"" / МКАО ""Хэдхантер Груп ПИЭЛСИ""",2024,,2024,2024,1,end_at_collection_year,0
HEAD,Байцур Антон Григорьевич,professional,1,Go Travel Un Ltd / Aviasales,2015,,2015,2024,10,end_at_collection_year,0
HEAD,Байцур Антон Григорьевич,professional,2,Sports.ru,,2015,,2015,0,missing_dates_excluded,0
HEAD,Дуглас Гарднер,professional,0,"МКПАО ""Хэдхантер"" / МКАО ""Хэдхантер Груп ПИЭЛСИ"" / HeadHunter Group PLC",2022,,2022,2024,3,end_at_collection_year,0
HEAD,Дуглас Гарднер,professional,1,CAIGAN Capital,2007,,2007,2019,13,end_from_next_start,0
HEAD,Дуглас Гарднер,professional,2,"Kaspi.kz, Cian PLC, МТС Банк",2019,,2019,2022,4,end_from_next_start,0
HEAD,Дуглас Гарднер,professional,3,Ernst & Young; Arthur Andersen,,,,,0,missing_dates_excluded,0
HEAD,Григорьев Дмитрий Константинович,professional,0,"МКПАО ""Хэдхантер"" / МКАО ""Хэдхантер Груп ПИЭЛСИ""",2024,,2024,2024,1,end_at_collection_year,0
HEAD,Григорьев Дмитрий Константинович,professional,1,"Циан / Cian PLC / ООО ""Айриэлтор"" / АО ""Ц-решения""",2017,,2017,2024,8,end_at_collection_year,0
HEAD,Григорьев Дмитрий Константинович,professional,2,FL.ru; стартап-проекты,,,,,0,missing_dates_excluded,0
HEAD,Крюков Дмитрий Викторович,professional,0,"МКПАО ""Хэдхантер"" / HeadHunter Group PLC / МКАО ""Хэдхантер Груп ПИЭЛСИ""",2019,,2019,2024,6,end_at_collection_year,0
HEAD,Крюков Дмитрий Викторович,professional,1,Эльбрус Капитал,2007,,2007,2015,9,end_from_next_start,0
HEAD,Крюков Дмитрий Викторович,professional,2,"CIAN PLC / МКПАО ""ЦИАН ТЕХНОЛОДЖИ ЛТД"" / Banki.ru Holding Limited",2015,,2015,2019,5,end_from_next_start,0
HEAD,Крюков Дмитрий Викторович,professional,3,Renaissance Capital; Morgan Stanley,1996,2007,1996,2007,12,,0
HEAD,Машков Валентин Сергеевич,professional,0,"МКПАО ""Хэдхантер"" / МКАО ""Хэдхантер Груп ПИЭЛСИ"" / HeadHunter Group PLC",2020,,2020,2024,5,end_at_collection_year,0
HEAD,Машков Валентин Сергеевич,professional,1,Elbrus Capital,2010,,2010,2020,11,end_from_next_start,0
HEAD,Машков Валентин Сергеевич,professional,2,Interros,2009,2010,2009,2010,2,,0
HEAD,Ушакова Светлана Александровна,professional,0,"МКПАО ""Хэдхантер"" / МКАО ""Хэдхантер Груп ПИЭЛСИ"" / HeadHunter Group PLC",2023,,2023,2024,2,end_at_collection_year,0
HEAD,Ушакова Светлана Александровна,professional,1,Kismet Group / Kismet Capital Group,2017,,2017,2023,7,end_from_next_start,0
HEAD,Ушакова Светлана Александровна,professional,2,MegaFon; UC Rusal; ABN AMRO; Noble Group,2004,2017,2004,2017,14,,0
HEAD,Филатова Ольга Геннадьевна,professional,0,"МКПАО ""Хэдхантер"" / МКАО ""Хэдхантер Груп ПИЭЛСИ"" / HeadHunter Group PLC",2020,,2020,2022,3,end_from_next_start,0
HEAD,Филатова Ольга Геннадьевна,professional,1,People Innovations,2018,,2018,2020,3,end_from_next_start,0
HEAD,Филатова Ольга Геннадьевна,professional,2,Высшая школа бизнеса НИУ ВШЭ,2020,2023,2020,2023,4,,0
HEAD,Филатова Ольга Геннадьевна,professional,3,"Университет ИТМО; ПАО ""Детский мир""",2022,,2022,2024,3,end_at_collection_year,0
HEAD,Филатова Ольга Геннадьевна,professional,4,Mail.ru Group / VK; Severgroup; Severstal; Mars; Yukos,2002,2018,2002,2018,17,,0
HEAD,Филатова Ольга Геннадьевна,research,0,Институт экономики РАН,,,,,0,missing_dates_excluded,
HNFG,Мелконян Гагик Аршавирович,professional,0,ООО ТАМИ И КО,2020,,2020,2022,3,end_from_next_start,0
HNFG,Мелконян Гагик Аршавирович,professional,1,"ПАО ""ЭЙЧ ЭФ ДЖИ""",2022,,2022,2024,3,end_at_collection_year,1
HNFG,Мелконян Гагик Аршавирович,professional,2,"ПАО ""ЭЙЧ ЭФ ДЖИ""",2022,,2022,2024,3,end_at_collection_year,1
HNFG,Арутюнян Рубен Альбертович,professional,0,"СКБ ""Гранит""",1989,1990,1989,1990,2,,0
HNFG,Арутюнян Рубен Альбертович,professional,1,Брокерская фирма ORION на Армянской товарно-сырьевой бирже,1991,1992,1991,1992,2,,0
HNFG,Арутюнян Рубен Альбертович,professional,2,Дом моды HENDERSON,1993,,1993,2024,32,end_at_collection_year,0
HNFG,Арутюнян Рубен Альбертович,professional,3,"ПАО ""ЭЙЧ ЭФ ДЖИ""",2024,,2024,2024,1,end_at_collection_year,1
HNFG,Адамян Амаяк Степаевич,professional,0,ООО ТАМИ И КО,2020,,2020,2023,4,end_from_next_start,0
HNFG,Адамян Амаяк Степаевич,professional,1,"ПАО ""ЭЙЧ ЭФ ДЖИ""",2023,,2023,2024,2,end_at_collection_year,1
HNFG,Глазов Василий Владимирович,professional,0,ООО ТАМИ И КО,2020,,2020,2022,3,end_from_next_start,0
HNFG,Глазов Василий Владимирович,professional,1,ООО ГВД,2022,2022,2022,2022,1,,0
HNFG,Глазов Василий Владимирович,professional,2,"ПАО ""ЭЙЧ ЭФ ДЖИ""",2022,,2022,2024,3,end_at_collection_year,1
HNFG,Золотарева Светлана Сергеевна,professional,0,"ПАО ""ЭЙЧ ЭФ ДЖИ""",2024,,2024,2024,1,end_at_collection_year,1
HNFG,Киреев Михаил Сергеевич,professional,0,"ПАО ""ЭЙЧ ЭФ ДЖИ""",2024,,2024,2024,1,end_at_collection_year,1
HNFG,Коршунова Анна Сергеевна,professional,0,ООО ТАМИ И КО,2020,2021,2020,2021,2,,0
HNFG,Коршунова Анна Сергеевна,professional,1,ООО ТАМИ И КО,2020,2021,2020,2021,2,,0
HNFG,Коршунова Анна Сергеевна,professional,2,ООО ТАМИ И КО,2021,,2021,2022,2,end_from_next_start,0
HNFG,Коршунова Анна Сергеевна,professional,3,"ПАО ""ЭЙЧ ЭФ ДЖИ""",2022,,2022,2024,3,end_at_collection_year,1
HNFG,Мороз Александр Евгеньевич,professional,0,"ПАО ""ЭЙЧ ЭФ ДЖИ""",2023,,2023,2024,2,end_at_collection_year,1
HNFG,Нахапетян Гор Борисович,professional,0,Диалог Банк,1992,1993,1992,1993,2,,0
HNFG,Нахапетян Гор Борисович,professional,1,Тройка Диалог,1993,,1993,2001,9,end_from_next_start,0
HNFG,Нахапетян Гор Борисович,professional,2,"ОАО ""Росгосстрах""",2001,2003,2001,2003,3,,0
HNFG,Нахапетян Гор Борисович,professional,3,Сбербанк,2013,2013,2013,2013,1,,0
HNFG,Нахапетян Гор Борисович,professional,4,Московская школа управления СКОЛКОВО,2006,,2006,2013,8,end_from_next_start,0
HNFG,Нахапетян Гор Борисович,professional,5,"ПАО ""ЭЙЧ ЭФ ДЖИ""",2023,,2023,2024,2,end_at_collection_year,1
HNFG,Рихтер Пауль,professional,0,ООО ТАМИ И КО,2020,,2020,2023,4,end_from_next_start,0
HNFG,Рихтер Пауль,professional,1,"ПАО ""ЭЙЧ ЭФ ДЖИ""",2023,,2023,2024,2,end_at_collection_year,1
HNFG,Саркисян Акоп Гургенович,professional,0,"ООО ""Эрнст энд Янг""",,2008,,2008,0,missing_dates_excluded,0
HNFG,Саркисян Акоп Гургенович,professional,1,"ООО ""Эрнст энд Янг""",2020,2022,2020,2022,3,,0
HNFG,Саркисян Акоп Гургенович,professional,2,"АО ""Южуралзолото Группа Компаний""",2023,,2023,2024,2,end_at_collection_year,0
HNFG,Саркисян Акоп Гургенович,professional,3,"ПАО ""ЭЙЧ ЭФ ДЖИ""",2023,,2023,2024,2,end_at_collection_year,1
HYDR,Хмарин Виктор Викторович,professional,0,"ПАО ""РусГидро""",2021,,2021,2024,4,end_at_collection_year,1
HYDR,Хмарин Виктор Викторович,professional,1,"ПАО ""РусГидро""",2015,2021,2015,2021,7,,1
HYDR,Хмарин Виктор Викторович,professional,2,Банк ВТБ,2014,2015,2014,2015,2,,0
HYDR,Хмарин Виктор Викторович,professional,3,«Вита-Х»,,2014,,2014,0,missing_dates_excluded,0
HYDR,Панин Виктор Евгеньевич,professional,0,"АО ""РусГидро ОЦО""",,,,,0,missing_dates_excluded,0
HYDR,Панин Виктор Евгеньевич,professional,1,"ПАО ""РусГидро""",,,,,0,missing_dates_excluded,1
HYDR,Исаков Александр Юрьевич,professional,0,"ПАО ""РусГидро""",,,,,0,missing_dates_excluded,1
HYDR,Исаков Александр Юрьевич,professional,1,"ПАО ""Сахалинэнерго""",2024,,2024,2024,1,end_at_collection_year,0
HYDR,Исаков Александр Юрьевич,professional,2,"ПАО ""РЭСК""",,,,,0,missing_dates_excluded,0
HYDR,Недотко Вадим Владиславович,professional,0,"ПАО ""РусГидро""",,,,,0,missing_dates_excluded,1
HYDR,Недотко Вадим Владиславович,professional,1,"АО ""РусГидро ОЦО""",,,,,0,missing_dates_excluded,0
HYDR,Недотко Вадим Владиславович,professional,2,"ПАО ""Сахалинэнерго""",2024,,2024,2024,1,end_at_collection_year,0
HYDR,Недотко Вадим Владиславович,professional,3,"ПАО ""РЭСК""",2016,2016,2016,2016,1,,0
HYDR,Недотко Вадим Владиславович,professional,4,"ПАО ""Красноярскэнергосбыт""",,,,,0,missing_dates_excluded,0
HYDR,Евграфова Елена Олеговна,professional,0,"АО ""РусГидро ОЦО""",,,,,0,missing_dates_excluded,0
HYDR,Евграфова Елена Олеговна,professional,1,"ПАО ""РусГидро""",,,,,0,missing_dates_excluded,1
HYDR,Финкель Дмитрий Владимирович,professional,0,"АО ""РусГидро ОЦО""",2019,,2019,2024,6,end_at_collection_year,0
HYDR,Финкель Дмитрий Владимирович,professional,1,"АО ""РусГидро ОЦО""",,,,,0,missing_dates_excluded,0
HYDR,Финкель Дмитрий Владимирович,professional,2,"ПАО ""РусГидро""",2010,2019,2010,2019,10,,1
HYDR,Финкель Дмитрий Владимирович,professional,3,"ОАО ""ФСК ЕЭС""",2002,2010,2002,2010,9,,0
IRAO,Дрегваль Сергей Георгиевич,professional,0,"ОАО ""МРСК Урала""",2014,2020,2014,2020,7,,0
IRAO,Дрегваль Сергей Георгиевич,professional,1,Администрация Санкт-Петербурга,2020,2021,2020,2021,2,,0
IRAO,Дрегваль Сергей Георгиевич,professional,2,Администрация Санкт-Петербурга,2021,2024,2021,2024,4,,0
IRAO,Дрегваль Сергей Георгиевич,professional,3,"ПАО ""Интер РАО""",2024,2024,2024,2024,1,,1
IRAO,Дрегваль Сергей Георгиевич,professional,4,"ПАО ""Интер РАО""",2024,,2024,2024,1,end_at_collection_year,1
IRAO,Бугров Андрей Евгеньевич,professional,0,"ООО ""Холдинговая компания ИНТЕРРОС""",2013,2022,2013,2022,10,,0
IRAO,Бугров Андрей Евгеньевич,professional,1,"ПАО ""ГМК ""Норильский никель""",2016,2022,2016,2022,7,,0
IRAO,Бугров Андрей Евгеньевич,professional,2,Российский союз промышленников и предпринимателей,2006,,2006,2013,8,end_from_next_start,0
IRAO,Бугров Андрей Евгеньевич,professional,3,"ПАО ""Интер РАО""",2014,,2014,2016,3,end_from_next_start,1
IRAO,Быстров Максим Сергеевич,professional,0,"АО ""АТС""",2013,,2013,2014,2,end_from_next_start,0
IRAO,Быстров Максим Сергеевич,professional,1,"АО ""НП Совет рынка""",2014,,2014,2022,9,end_from_next_start,0
IRAO,Быстров Максим Сергеевич,professional,2,"ПАО ""Интер РАО""",2022,,2022,2024,3,end_at_collection_year,1
IRAO,Гавриленко Анатолий Анатольевич,professional,0,"ЗАО ""Лидер""",2004,,2004,2015,12,end_from_next_start,0
IRAO,Гавриленко Анатолий Анатольевич,professional,1,"ПАО ""Интер РАО""",2015,,2015,2024,10,end_at_collection_year,1
IRAO,Локшин Александр Маркович,professional,0,"Госкорпорация ""Росатом""",2008,,2008,2010,3,end_from_next_start,0
IRAO,Локшин Александр Маркович,professional,1,"Госкорпорация ""Росатом""",2012,2021,2012,2021,10,,0
IRAO,Локшин Александр Маркович,professional,2,"АО ИК ""АСЭ"" / АО ""АСЭ""",2018,2023,2018,2023,6,,0
IRAO,Локшин Александр Маркович,professional,3,"Госкорпорация ""Росатом""",2023,,2023,2024,2,end_at_collection_year,0
IRAO,Локшин Александр Маркович,professional,4,"ПАО ""Интер РАО""",2010,,2010,2012,3,end_from_next_start,1
IRAO,Миловидов Владимир Дмитриевич,professional,0,"ПАО ""НК ""Роснефть""",2011,2017,2011,2017,7,,0
IRAO,Миловидов Владимир Дмитриевич,professional,1,"ФГБУ ""Российский институт стратегических исследований""",2017,2020,2017,2020,4,,0
IRAO,Миловидов Владимир Дмитриевич,professional,2,МГИМО МИД России,2011,,2011,2017,7,end_from_next_start,0
IRAO,Миловидов Владимир Дмитриевич,professional,3,ИМЭМО им. Е. М. Примакова РАН,2021,,2021,2024,4,end_at_collection_year,0
IRAO,Миловидов Владимир Дмитриевич,professional,4,"ПАО ""Интер РАО""",2021,,2021,2024,4,end_at_collection_year,1
IRAO,Миловидов Владимир Дмитриевич,research,0,ИМЭМО им. Е. М. Примакова РАН,2021,,2021,2024,4,end_at_collection_year,
IRAO,Миловидов Владимир Дмитриевич,research,1,МГИМО МИД России,2011,,2011,2021,11,end_from_next_start,
IRAO,Муров Андрей Евгеньевич,professional,0,"ПАО ""ФСК ЕЭС""",2012,2020,2012,2020,9,,0
IRAO,Муров Андрей Евгеньевич,professional,1,"ПАО ""Российские сети""",2020,2023,2020,2023,4,,0
IRAO,Муров Андрей Евгеньевич,professional,2,"ПАО ""Федеральная сетевая компания - Россети""",2022,,2022,2024,3,end_at_collection_year,0
IRAO,Муров Андрей Евгеньевич,professional,3,Ассоциация РНК СИГРЭ,2015,,2015,2020,6,end_from_next_start,0
IRAO,Муров Андрей Евгеньевич,professional,4,"ПАО ""Интер РАО""",2014,,2014,2015,2,end_from_next_start,1
IRAO,Опадчий Фёдор Юрьевич,professional,0,"АО ""СО ЕЭС""",2012,2021,2012,2021,10,,0
IRAO,Опадчий Фёдор Юрьевич,professional,1,"Ассоциация ""Цифровая энергетика""",2019,2021,2019,2021,3,,0
IRAO,Опадчий Фёдор Юрьевич,professional,2,"АО ""СО ЕЭС""",2021,,2021,2022,2,end_from_next_start,0
IRAO,Опадчий Фёдор Юрьевич,professional,3,Ассоциация РНК СИГРЭ,2021,,2021,2022,2,end_from_next_start,0
IRAO,Опадчий Фёдор Юрьевич,professional,4,"ПАО ""Интер РАО""",2022,,2022,2024,3,end_at_collection_year,1
IRAO,Сечин Игорь Иванович,professional,0,"ПАО ""НК ""Роснефть""",2012,,2012,2013,2,end_from_next_start,0
IRAO,Сечин Игорь Иванович,professional,1,"ПАО ""Интер РАО""",2013,,2013,2024,12,end_at_collection_year,1
IRAO,Федоров Денис Владимирович,professional,0,"ПАО ""Газпром""",2007,,2007,2009,3,end_from_next_start,0
IRAO,Федоров Денис Владимирович,professional,1,"ООО ""Газпром энергохолдинг""",2009,,2009,2023,15,end_from_next_start,0
IRAO,Федоров Денис Владимирович,professional,2,"ПАО ""Центрэнергохолдинг""",2009,,2009,2023,15,end_from_next_start,0
IRAO,Федоров Денис Владимирович,professional,3,"ПАО ""Интер РАО""",2023,,2023,2024,2,end_at_collection_year,1
IRAO,Шугаев Дмитрий Евгеньевич,professional,0,Федеральная служба по военно-техническому сотрудничеству,2017,,2017,2024,8,end_at_collection_year,0
IRAO,Шугаев Дмитрий Евгеньевич,professional,1,"ПАО ""Интер РАО""",2011,,2011,2017,7,end_from_next_start,1
IVAT,Иодковский Станислав Эрикович,professional,0,"ПАО ""ИВА"" / ООО ""ИВКС""",2021,,2021,2024,4,end_at_collection_year,0
IVAT,Иодковский Станислав Эрикович,professional,1,ХайТэк,2013,,2013,2021,9,end_from_next_start,0
IVAT,Зокин Андрей Александрович,professional,0,"ПАО ""ИВА""",2024,,2024,2024,1,end_at_collection_year,1
IVAT,Зокин Андрей Александрович,professional,1,Альфа-Капитал,2003,2006,2003,2006,4,,0
IVAT,Зокин Андрей Александрович,professional,2,Газпромбанк,2006,2017,2006,2017,12,,0
IVAT,Зокин Андрей Александрович,professional,3,New Stream Group,2018,2019,2018,2019,2,,0
IVAT,Зокин Андрей Александрович,professional,4,"АО ""СМАРТЭНЕРДЖИ""",2021,,2021,2024,4,end_at_collection_year,0
IVAT,Зокин Андрей Александрович,research,0,Институт экономики РАН,,2004,,2004,0,missing_dates_excluded,
IVAT,Терентьев Евгений Викторович,professional,0,"ПАО ""ИВА"" / ООО ""ИВКС""",2023,,2023,2024,2,end_at_collection_year,0
IVAT,Черных Сергей Дмитриевич,professional,0,"ООО ""ХайТэк""",2018,2024,2018,2024,7,,0
IVAT,Черных Сергей Дмитриевич,professional,1,"ООО ""Хайтэк-Интеграция""",2024,,2024,2024,1,end_at_collection_year,0
IVAT,Черных Сергей Дмитриевич,professional,2,"ПАО ""ИВА""",2024,,2024,2024,1,end_at_collection_year,1
IVAT,Петров Виктор Александрович,professional,0,"ООО ""ИВКС""",2017,2021,2017,2021,5,,0
IVAT,Петров Виктор Александрович,professional,1,"ПАО ""ИВА"" / ООО ""ИВКС""",2021,,2021,2024,4,end_at_collection_year,0
IVAT,Смирнов Максим Сергеевич,professional,0,OCS Distribution,,2017,,2017,0,missing_dates_excluded,0
IVAT,Смирнов Максим Сергеевич,professional,1,"ПАО ""ИВА"" / IVA Technologies",2017,,2017,2024,8,end_at_collection_year,0
IVAT,Батыров Ренат Рафикович,professional,0,"ООО ""Технопарк ""Сколково""",2014,2023,2014,2023,10,,0
IVAT,Батыров Ренат Рафикович,professional,1,ИП Батыров Ренат Рафикович,2020,,2020,2023,4,end_from_next_start,0
IVAT,Батыров Ренат Рафикович,professional,2,"ООО ""Сигма Лаб""",2023,,2023,2024,2,end_at_collection_year,0
IVAT,Батыров Ренат Рафикович,professional,3,"ПАО ""ИВА""",2024,,2024,2024,1,end_at_collection_year,1
IVAT,Манойло Андрей Федорович,professional,0,"ООО ""Пресня Финанс""",2021,,2021,2022,2,end_from_next_start,0
IVAT,Манойло Андрей Федорович,professional,1,"АО ""Пресня Капитал""",2022,,2022,2024,3,end_at_collection_year,0
IVAT,Манойло Андрей Федорович,professional,2,"АО ""Внеземное""",2022,,2022,2024,3,end_at_collection_year,0
IVAT,Манойло Андрей Федорович,professional,3,"ПАО ""ИВА""",2024,,2024,2024,1,end_at_collection_year,1
IVAT,Смирнов Павел Игоревич,professional,0,"АО ""Российский институт радионавигации и времени""",2003,2009,2003,2009,7,,0
IVAT,Смирнов Павел Игоревич,professional,1,"АО ""НИИ ""Масштаб""",2009,2021,2009,2021,13,,0
IVAT,Смирнов Павел Игоревич,professional,2,"ООО ""Спектр""",2021,,2021,2024,4,end_from_next_start;end_capped_at_collection_year,0
IVAT,Смирнов Павел Игоревич,professional,3,"ПАО ""ИВА""",2025,,2025,2024,0,after_collection_year_excluded,1
IVAT,Смирнов Павел Игоревич,research,0,ИТМО / РГГМУ,2014,,2014,2024,11,end_at_collection_year,
KAZT,Герасименко Александр Викторович,professional,0,"ПАО ""КуйбышевАзот""",1997,2015,1997,2015,19,,1
KAZT,Герасименко Александр Викторович,professional,1,"ПАО ""КуйбышевАзот""",2015,,2015,2024,10,end_at_collection_year,1
KAZT,Аникушин Сергей Александрович,professional,0,"ПАО ""КуйбышевАзот""",2013,,2013,2024,12,end_at_collection_year,1
KAZT,Аникушин Сергей Александрович,professional,1,"ОАО/ПАО ""КуйбышевАзот""",,,,,0,missing_dates_excluded,1
KAZT,Ардамаков Сергей Витальевич,professional,0,"ПАО ""КуйбышевАзот""",1993,,1993,2024,32,end_at_collection_year,1
KAZT,Ардамаков Сергей Витальевич,professional,1,"ПАО ""КуйбышевАзот""",1983,2019,1983,2019,37,,1
KAZT,Ардамаков Сергей Витальевич,research,0,"ПАО ""КуйбышевАзот""",2002,,2002,2024,23,end_at_collection_year,
KAZT,Бобровский Сергей Викторович,professional,0,"ПАО ""КуйбышевАзот""",1993,,1993,2024,32,end_at_collection_year,1
KAZT,Бобровский Сергей Викторович,professional,1,"ПАО ""КуйбышевАзот""",,,,,0,missing_dates_excluded,1
KAZT,Бобровский Сергей Викторович,professional,2,"ПАО ""Порт Тольятти""",,,,,0,missing_dates_excluded,0
KAZT,Бобровский Сергей Викторович,professional,3,"АО ""ППЖТ""",,,,,0,missing_dates_excluded,0
KAZT,Бобровский Сергей Викторович,professional,4,"ООО ""Химтэко""",,,,,0,missing_dates_excluded,0
KAZT,Былинин Андрей Николаевич,professional,0,"ПАО ""КуйбышевАзот""",,,,,0,missing_dates_excluded,1
KAZT,Былинин Андрей Николаевич,professional,1,"ПАО ""КуйбышевАзот""",2007,,2007,2024,18,end_at_collection_year,1
KAZT,Былинин Андрей Николаевич,professional,2,"ПАО ""КуйбышевАзот""",1986,,1986,2007,22,end_from_next_start,1
KAZT,Былинин Андрей Николаевич,professional,3,"ПАО ""Порт Тольятти""",,,,,0,missing_dates_excluded,0
KAZT,Былинин Андрей Николаевич,professional,4,"ООО ""Линде Азот Тольятти""",,,,,0,missing_dates_excluded,0
KAZT,Былинин Андрей Николаевич,professional,5,"АО ""ППЖТ""",,,,,0,missing_dates_excluded,0
KAZT,Былинин Андрей Николаевич,professional,6,"ООО ""КурскАзот""",,,,,0,missing_dates_excluded,0
KAZT,Былинин Андрей Николаевич,professional,7,"ООО ""ТЛК Модуль""",,,,,0,missing_dates_excluded,0
KAZT,Герасименко Виктор Иванович,professional,0,"ПАО/ОАО ""КуйбышевАзот""",1973,1992,1973,1992,20,,1
KAZT,Герасименко Виктор Иванович,professional,1,"ОАО ""КуйбышевАзот""",1992,2015,1992,2015,24,,1
KAZT,Герасименко Виктор Иванович,professional,2,"ПАО ""КуйбышевАзот""",2015,2025,2015,2024,10,end_capped_at_collection_year,1
KAZT,Герасименко Виктор Иванович,professional,3,"ПАО ""КуйбышевАзот""",,,,,0,missing_dates_excluded,1
KAZT,Герасименко Виктор Иванович,professional,4,"ООО ИПК ""КуйбышевАзот"" (Шанхай)",,,,,0,missing_dates_excluded,0
KAZT,Герасименко Виктор Иванович,professional,5,"ООО Торговая компания ""КуйбышевАзот"" (Шанхай)",,,,,0,missing_dates_excluded,0
KAZT,Герасименко Виктор Иванович,professional,6,"ООО ""Линде Азот Тольятти""",,,,,0,missing_dates_excluded,0
KAZT,Герасименко Виктор Иванович,professional,7,"ООО ""КурскАзот""",,,,,0,missing_dates_excluded,0
KAZT,Герасименко Виктор Иванович,professional,8,"ООО ""Праксайр Азот Тольятти""",,,,,0,missing_dates_excluded,0
KAZT,Герасименко Виктор Иванович,professional,9,"ООО ""Интеркор""",,,,,0,missing_dates_excluded,0
KAZT,Кудашев Виктор Николаевич,professional,0,"ПАО ""КуйбышевАзот""",2002,2012,2002,2012,11,,1
KAZT,Кудашев Виктор Николаевич,professional,1,"ПАО ""КуйбышевАзот""",2012,,2012,2021,10,end_from_next_start,1
KAZT,Кудашев Виктор Николаевич,professional,2,"ПАО ""КуйбышевАзот""",2021,,2021,2024,4,end_at_collection_year,1
KAZT,Кудрявцев Виктор Петрович,professional,0,"ПАО ""КуйбышевАзот""",1993,,1993,2024,32,end_at_collection_year,1
KAZT,Кудрявцев Виктор Петрович,professional,1,"ООО ""КуйбышевАзот-плюс""",,,,,0,missing_dates_excluded,0
KAZT,Кудрявцев Виктор Петрович,professional,2,"ОАО ""КуйбышевАзот""",,,,,0,missing_dates_excluded,1
KAZT,Огарков Анатолий Аркадьевич,professional,0,"ПАО/ОАО ""КуйбышевАзот""",1966,2012,1966,2012,47,,1
KAZT,Огарков Анатолий Аркадьевич,professional,1,"ПАО ""КуйбышевАзот""",2012,,2012,2024,13,end_at_collection_year,1
KAZT,Огарков Анатолий Аркадьевич,professional,2,"ПАО ""КуйбышевАзот""",1993,,1993,2012,20,end_from_next_start,1
KAZT,Огарков Анатолий Аркадьевич,professional,3,"ООО ""КурскАзот""",,,,,0,missing_dates_excluded,0
KAZT,Огарков Анатолий Аркадьевич,research,0,"ПАО/ОАО ""КуйбышевАзот""",,,,,0,missing_dates_excluded,
KAZT,Рачин Константин Геннадьевич,professional,0,"ПАО ""КуйбышевАзот""",1993,,1993,2024,32,end_at_collection_year,1
KAZT,Рачин Константин Геннадьевич,professional,1,"ОАО ""КуйбышевАзот""",,,,,0,missing_dates_excluded,1
KAZT,Рыбкин Дмитрий Васильевич,professional,0,"ПАО ""КуйбышевАзот""",1988,2004,1988,2004,17,,1
KAZT,Рыбкин Дмитрий Васильевич,professional,1,"ПАО ""КуйбышевАзот""",2004,,2004,2014,11,end_from_next_start,1
KAZT,Рыбкин Дмитрий Васильевич,professional,2,"ПАО ""КуйбышевАзот""",2014,,2014,2024,11,end_at_collection_year,1
KAZT,Рыбкин Дмитрий Васильевич,professional,3,"ООО ИПК ""КуйбышевАзот"" (Шанхай)",,,,,0,missing_dates_excluded,0
KAZT,Рыбкин Дмитрий Васильевич,professional,4,"ООО Торговая компания ""КуйбышевАзот"" (Шанхай)",,,,,0,missing_dates_excluded,0
KAZT,Рыбкин Дмитрий Васильевич,professional,5,"ООО ""ТК ""КуйбышевАзот"" (Гонконг)",,,,,0,missing_dates_excluded,0
KAZT,Туманов Сергей Александрович,professional,0,"ПАО ""КуйбышевАзот""",,,,,0,missing_dates_excluded,1
KAZT,Туманов Сергей Александрович,professional,1,"ПАО ""КуйбышевАзот""",2013,,2013,2024,12,end_at_collection_year,1
KAZT,Шульженко Юрий Григорьевич,professional,0,"ПАО ""КуйбышевАзот""",,,,,0,missing_dates_excluded,1
KAZT,Шульженко Юрий Григорьевич,professional,1,"ПАО ""КуйбышевАзот""",1993,,1993,2024,32,end_at_collection_year,1
KAZT,Шульженко Юрий Григорьевич,professional,2,"ПАО ""Порт Тольятти""",,,,,0,missing_dates_excluded,0
KZOS,Сафин Айрат Фоатович,professional,0,Нижнекамский завод строительных и металлических конструкций,1992,1996,1992,1996,5,,0
KZOS,Сафин Айрат Фоатович,professional,1,"ООО ""Компания фундамент""",1996,1997,1996,1997,2,,0
KZOS,Сафин Айрат Фоатович,professional,2,"ОАО ""Нижнекамскнефтехим""",1997,2005,1997,2005,9,,0
KZOS,Сафин Айрат Фоатович,professional,3,"ПАО ""Казаньоргсинтез""",2005,2013,2005,2013,9,,1
KZOS,Сафин Айрат Фоатович,professional,4,"ПАО ""Казаньоргсинтез""",2013,2013,2013,2013,1,,1
KZOS,Сафин Айрат Фоатович,professional,5,"ПАО ""Казаньоргсинтез""",2013,2020,2013,2020,8,,1
KZOS,Сафин Айрат Фоатович,professional,6,"ПАО ""Нижнекамскнефтехим""",2020,2022,2020,2022,3,,0
KZOS,Сафин Айрат Фоатович,professional,7,"ПАО ""Казаньоргсинтез""",2022,,2022,2023,2,end_from_next_start,1
KZOS,Сафин Айрат Фоатович,professional,8,"АО ""СИБУР-РТ""",2023,,2023,2024,2,end_at_collection_year,0
KZOS,Сафин Айрат Фоатович,professional,9,Государственный Совет Республики Татарстан,2024,,2024,2024,1,end_at_collection_year,0
LEAS,Мизюра Сергей Николаевич,professional,0,"ЛК ""Европлан""",2005,,2005,2014,10,end_from_next_start,1
LEAS,Мизюра Сергей Николаевич,professional,1,"ЛК ""Европлан""",2014,2022,2014,2022,9,,1
LEAS,Мизюра Сергей Николаевич,professional,2,"ПАО ""ЛК ""Европлан""",2022,,2022,2024,3,end_at_collection_year,1
LENT,Сорокин Владимир Леонидович,professional,0,Gillette,1994,2000,1994,2000,7,,0
LENT,Сорокин Владимир Леонидович,professional,1,SUN Interbrew / Sun Interbrew,2000,2003,2000,2003,4,,0
LENT,Сорокин Владимир Леонидович,professional,2,"СК ""АльфаСтрахование""",2003,2009,2003,2009,7,,0
LENT,Сорокин Владимир Леонидович,professional,3,"ООО СК ""АльфаСтрахование-Жизнь""",2009,2010,2009,2010,2,,0
LENT,Сорокин Владимир Леонидович,professional,4,"ОАО ""Масштаб""",2010,2012,2010,2012,3,,0
LENT,Сорокин Владимир Леонидович,professional,5,"Аграрный профсоюзный акционерный коммерческий банк ""АПАБАНК""",2010,2015,2010,2015,6,,0
LENT,Сорокин Владимир Леонидович,professional,6,"X5 Retail Group / торговая сеть ""Пятерочка""",2013,2014,2013,2014,2,,0
LENT,Сорокин Владимир Леонидович,professional,7,"ЗАО / АО ""Торговый дом ""Перекресток""",2014,2018,2014,2018,5,,0
LENT,Сорокин Владимир Леонидович,professional,8,"АО ""Тандер"" / ПАО ""Магнит""",2019,2020,2019,2020,2,,0
LENT,Сорокин Владимир Леонидович,professional,9,"""Лента ПиЭлСи"" / Lenta PLC",2020,2021,2020,2021,2,,0
LENT,Сорокин Владимир Леонидович,professional,10,"ООО ""Лента""",2020,,2020,2021,2,end_from_next_start,1
LENT,Сорокин Владимир Леонидович,professional,11,"МКПАО ""Лента""",2021,,2021,2024,4,end_at_collection_year,1
LKOH,Кочкуров Сергей Алексеевич,professional,0,"ПО ""Башнефть""",1983,1985,1983,1985,3,,0
LKOH,Кочкуров Сергей Алексеевич,professional,1,"НГДУ ""Ватьеганнефть""",1986,2002,1986,2002,17,,0
LKOH,Кочкуров Сергей Алексеевич,professional,2,"ТПП ""Когалымнефтегаз"" ООО ""ЛУКОЙЛ - Западная Сибирь""",2002,2010,2002,2010,9,,0
LKOH,Кочкуров Сергей Алексеевич,professional,3,"ТПП ""Покачевнефтегаз"" ООО ""ЛУКОЙЛ - Западная Сибирь""",2003,2009,2003,2009,7,,0
LKOH,Кочкуров Сергей Алексеевич,professional,4,"ООО ""ЛУКОЙЛ - Западная Сибирь""",2010,2019,2010,2019,10,,0
LKOH,Кочкуров Сергей Алексеевич,professional,5,"ПАО ""ЛУКОЙЛ""",2019,2020,2019,2020,2,,1
LKOH,Кочкуров Сергей Алексеевич,professional,6,"ПАО ""ЛУКОЙЛ""",2020,2025,2020,2024,5,end_capped_at_collection_year,1
LKOH,Кочкуров Сергей Алексеевич,professional,7,"ПАО ""ЛУКОЙЛ""",2025,,2025,2024,0,after_collection_year_excluded,1
LKOH,Кочкуров Сергей Алексеевич,professional,8,Дума Ханты-Мансийского автономного округа - Югры,2011,2016,2011,2016,6,,0
LSNGP,Кузьмин Игорь Анатольевич,professional,0,"ПАО ""Россети Ленэнерго""",2017,2021,2017,2021,5,,1
LSNGP,Кузьмин Игорь Анатольевич,professional,1,"ПАО ""Россети Ленэнерго""",2019,,2019,2021,3,end_from_next_start,1
LSNGP,Кузьмин Игорь Анатольевич,professional,2,"ПАО ""Россети Ленэнерго""",2021,,2021,2024,4,end_at_collection_year,1
LSNGP,Кузьмин Игорь Анатольевич,professional,3,"ПАО ""Россети Ленэнерго""",2021,,2021,2024,4,end_at_collection_year,1
LSNGP,Рюмин Андрей Валерьевич,professional,0,"ПАО ""Россети Ленэнерго""",2018,2021,2018,2021,4,,1
LSNGP,Рюмин Андрей Валерьевич,professional,1,"ПАО ""Российские сети""",2021,2023,2021,2023,3,,0
LSNGP,Рюмин Андрей Валерьевич,professional,2,"ПАО ""Федеральная сетевая компания - Россети"" / ПАО ""Россети""",2022,,2022,2024,3,end_at_collection_year,0
LSNGP,Рюмин Андрей Валерьевич,professional,3,"ПАО ""Россети Ленэнерго""",2018,,2018,2021,4,end_from_next_start,1
LSNGP,Рюмин Андрей Валерьевич,research,0,Институт проблем рынка Российской академии наук,,2004,,2004,0,missing_dates_excluded,
LSNGP,Пикин Сергей Сергеевич,professional,0,Фонд энергетического развития,2007,,2007,2017,11,end_from_next_start,0
LSNGP,Пикин Сергей Сергеевич,professional,1,"ПАО ""Россети Ленэнерго""",2017,,2017,2024,8,end_at_collection_year,1
LSNGP,Пикин Сергей Сергеевич,professional,2,"ПАО ""Россети Северо-Запад""",,,,,0,missing_dates_excluded,0
LSNGP,Мольский Алексей Валерьевич,professional,0,"ПАО ""ФСК ЕЭС"" / ПАО ""Федеральная сетевая компания - Россети""",2012,,2012,2020,9,end_from_next_start,0
LSNGP,Мольский Алексей Валерьевич,professional,1,"ПАО ""Российские сети""",2020,2023,2020,2023,4,,0
LSNGP,Мольский Алексей Валерьевич,professional,2,"ПАО ""Россети Ленэнерго""",2022,,2022,2024,3,end_at_collection_year,1
LSNGP,Ляпунов Евгений Викторович,professional,0,"Филиал ПАО ""ФСК ЕЭС"" МЭС Западной Сибири",2019,2020,2019,2020,2,,0
LSNGP,Ляпунов Евгений Викторович,professional,1,"Филиал ПАО ""ФСК ЕЭС"" МЭС Центра",2020,2022,2020,2022,3,,0
LSNGP,Ляпунов Евгений Викторович,professional,2,"ПАО ""ФСК ЕЭС"" / ПАО ""Федеральная сетевая компания - Россети""",2021,,2021,2022,2,end_from_next_start,0
LSNGP,Ляпунов Евгений Викторович,professional,3,"ПАО ""Россети Ленэнерго""",2022,,2022,2024,3,end_at_collection_year,1
LSNGP,Полинов Алексей Александрович,professional,0,"ПАО ""Россети Ленэнерго""",2018,,2018,2021,4,end_from_next_start,1
LSNGP,Полинов Алексей Александрович,professional,1,"ПАО ""Российские сети""",2021,2023,2021,2023,3,,0
LSNGP,Полинов Алексей Александрович,professional,2,"ПАО ""Федеральная сетевая компания - Россети"" / ПАО ""Россети""",2022,,2022,2024,3,end_at_collection_year,0
LSNGP,Полинов Алексей Александрович,professional,3,"ПАО ""Россети Ленэнерго""",2021,,2021,2022,2,end_from_next_start,1
LSNGP,Полинов Алексей Александрович,research,0,Библиографические каталоги указывают автореферат кандидатской диссертации А.А. Полинова по экономике 2004 года.,,,,,0,missing_dates_excluded,
LSNGP,Краинский Даниил Владимирович,professional,0,"ПАО ""Российские сети""",2017,2023,2017,2023,7,,0
LSNGP,Краинский Даниил Владимирович,professional,1,"ПАО ""Россети Ленэнерго""",2018,,2018,2020,3,end_from_next_start,1
LSNGP,Краинский Даниил Владимирович,professional,2,"ПАО ""Федеральная сетевая компания - Россети"" / ПАО ""Россети""",2020,,2020,2024,5,end_at_collection_year,0
LSNGP,Протасов Станислав Дмитриевич,professional,0,"ГУП ""Водоканал Санкт-Петербурга""",2019,2022,2019,2022,4,,0
LSNGP,Протасов Станислав Дмитриевич,professional,1,Комитет по энергетике и инженерному обеспечению Санкт-Петербурга,2022,,2022,2024,3,end_at_collection_year,0
LSNGP,Протасов Станислав Дмитриевич,professional,2,"ПАО ""Россети Ленэнерго""",2022,,2022,2024,3,end_at_collection_year,1
LSNGP,Мельникова Светлана Анатольевна,professional,0,Комитет по энергетике и инженерному обеспечению Санкт-Петербурга,2010,,2010,2016,7,end_from_next_start,0
LSNGP,Мельникова Светлана Анатольевна,professional,1,"ПАО ""Россети Ленэнерго""",2016,,2016,2024,9,end_at_collection_year,1
LSNGP,Мельникова Светлана Анатольевна,professional,2,"АО ""Юго-Западная ТЭЦ""",,,,,0,missing_dates_excluded,0
LSNGP,Мельникова Светлана Анатольевна,professional,3,"ООО ""ПетербургГаз""",,,,,0,missing_dates_excluded,0
LSNGP,Денисов Игорь Вадимович,professional,0,Комитет по тарифам Санкт-Петербурга,2019,2021,2019,2021,3,,0
LSNGP,Денисов Игорь Вадимович,professional,1,Комитет по энергетике и инженерному обеспечению Санкт-Петербурга,2021,,2021,2024,4,end_at_collection_year,0
LSNGP,Денисов Игорь Вадимович,professional,2,"ПАО ""Россети Ленэнерго""",2024,,2024,2024,1,end_at_collection_year,1
LSNGP,Котвицкий Константин Валерьевич,professional,0,Комитет по энергетике и инженерному обеспечению Санкт-Петербурга,2017,2022,2017,2022,6,,0
LSNGP,Котвицкий Константин Валерьевич,professional,1,Комитет по энергетике и инженерному обеспечению Санкт-Петербурга,2022,,2022,2023,2,end_from_next_start,0
LSNGP,Котвицкий Константин Валерьевич,professional,2,"ПАО ""Россети Ленэнерго""",2023,,2023,2024,2,end_at_collection_year,1
LSNGP,Кутыева Екатерина Валерьевна,professional,0,Комитет по управлению городским имуществом Санкт-Петербурга,2002,2010,2002,2010,9,,0
LSNGP,Кутыева Екатерина Валерьевна,professional,1,Комитет по управлению городским имуществом Санкт-Петербурга,2010,2015,2010,2015,6,,0
LSNGP,Кутыева Екатерина Валерьевна,professional,2,Администрация Московского района Санкт-Петербурга,2015,,2015,2024,10,end_from_next_start;end_capped_at_collection_year,0
LSNGP,Кутыева Екатерина Валерьевна,professional,3,Комитет имущественных отношений Санкт-Петербурга,,,,,0,missing_dates_excluded,0
LSNGP,Кутыева Екатерина Валерьевна,professional,4,"ПАО ""Россети Ленэнерго""",2025,,2025,2024,0,after_collection_year_excluded,1
LSNGP,Казаев Владимир Александрович,professional,0,Администрация Губернатора Санкт-Петербурга,2020,2020,2020,2020,1,,0
LSNGP,Казаев Владимир Александрович,professional,1,Администрация Губернатора Санкт-Петербурга,2020,2024,2020,2024,5,,0
LSNGP,Казаев Владимир Александрович,professional,2,Администрация Губернатора Санкт-Петербурга,2024,2024,2024,2024,1,,0
LSNGP,Казаев Владимир Александрович,professional,3,Администрация Губернатора Санкт-Петербурга,2024,,2024,2024,1,end_at_collection_year,0
LSNGP,Казаев Владимир Александрович,professional,4,"ПАО ""Россети Ленэнерго""",2024,,2024,2024,1,end_at_collection_year,1
LSRG,Кутузов Дмитрий Владимирович,professional,0,Банковская сфера,,2004,,2004,0,missing_dates_excluded,0
LSRG,Кутузов Дмитрий Владимирович,professional,1,Группа ЛСР,2004,2008,2004,2008,5,,1
LSRG,Кутузов Дмитрий Владимирович,professional,2,Группа ЛСР,2008,2011,2008,2011,4,,1
LSRG,Кутузов Дмитрий Владимирович,professional,3,Группа ЛСР,2011,2015,2011,2015,5,,1
LSRG,Кутузов Дмитрий Владимирович,professional,4,Группа ЛСР,2015,2016,2015,2016,2,,1
LSRG,Кутузов Дмитрий Владимирович,professional,5,Группа ЛСР,2016,2024,2016,2024,9,,1
LSRG,Кутузов Дмитрий Владимирович,professional,6,"ПАО ""Группа ЛСР""",2016,,2016,2022,7,end_from_next_start,1
LSRG,Кутузов Дмитрий Владимирович,professional,7,"ПАО ""Группа ЛСР""",2022,,2022,2024,3,end_at_collection_year,1
LSRG,Кутузов Дмитрий Владимирович,professional,8,"ПАО ""Группа ЛСР""",2024,,2024,2024,1,end_at_collection_year,1
LSRG,Волчецкая Галина Александровна,professional,0,Ленинградское территориальное управление Госснаба СССР,,,,,0,missing_dates_excluded,0
LSRG,Волчецкая Галина Александровна,professional,1,Система государственной регистрации прав на недвижимое имущество и сделок с ним,1994,2011,1994,2011,18,,0
LSRG,Волчецкая Галина Александровна,professional,2,ИНЖЭКОН,2000,2002,2000,2002,3,,0
LSRG,Волчецкая Галина Александровна,professional,3,"ООО ""ЛСР""",2011,2013,2011,2013,3,,0
LSRG,Волчецкая Галина Александровна,professional,4,"ООО ""ЛСР""",2013,2013,2013,2013,1,,0
LSRG,Волчецкая Галина Александровна,professional,5,Группа ЛСР,2013,,2013,2024,12,end_at_collection_year,1
LSRG,Волчецкая Галина Александровна,professional,6,"ПАО ""Группа ЛСР""",2013,,2013,2024,12,end_at_collection_year,1
LSRG,Волчецкая Галина Александровна,professional,7,"ПАО ""Группа ЛСР""",2024,,2024,2024,1,end_at_collection_year,1
LSRG,Волчецкая Галина Александровна,research,0,Санкт-Петербург,2002,2002,2002,2002,1,,
LSRG,Игнатенко Виталий Никитич,professional,0,"Газета ""Комсомольская правда""",1960,1975,1960,1975,16,,0
LSRG,Игнатенко Виталий Никитич,professional,1,ТАСС,1975,1978,1975,1978,4,,0
LSRG,Игнатенко Виталий Никитич,professional,2,ЦК КПСС,1978,1986,1978,1986,9,,0
LSRG,Игнатенко Виталий Никитич,professional,3,"Журнал ""Новое время""",1986,1990,1986,1990,5,,0
LSRG,Игнатенко Виталий Никитич,professional,4,Пресс-служба Президента СССР,1990,1991,1990,1991,2,,0
LSRG,Игнатенко Виталий Никитич,professional,5,ИТАР-ТАСС,1991,2012,1991,2012,22,,0
LSRG,Игнатенко Виталий Никитич,professional,6,"Телерадиокомпания ""ОРТ""",1998,2001,1998,2001,4,,0
LSRG,Игнатенко Виталий Никитич,professional,7,Совет Федерации,2012,2015,2012,2015,4,,0
LSRG,Игнатенко Виталий Никитич,professional,8,Законодательное собрание Краснодарского края,2016,2017,2016,2017,2,,0
LSRG,Игнатенко Виталий Никитич,professional,9,Общественное телевидение России,2018,2021,2018,2021,4,,0
LSRG,Игнатенко Виталий Никитич,professional,10,"АНО ""Общественное телевидение России""",2021,,2021,2024,4,end_at_collection_year,0
LSRG,Игнатенко Виталий Никитич,professional,11,"ПАО ""Группа ЛСР""",2021,,2021,2024,4,end_at_collection_year,1
LSRG,Кудимов Юрий Александрович,professional,0,"АКБ ""Национальный резервный банк""",1995,2009,1995,2009,15,,0
LSRG,Кудимов Юрий Александрович,professional,1,"ООО ""Инвестиционная компания Внешэкономбанка ""ВЭБ Капитал""",2009,2014,2009,2014,6,,0
LSRG,Кудимов Юрий Александрович,professional,2,"ООО ""Пангео Капитал""",2015,,2015,2021,7,end_from_next_start,0
LSRG,Кудимов Юрий Александрович,professional,3,"ПАО ""Группа ЛСР""",2021,,2021,2023,3,end_from_next_start,1
LSRG,Кудимов Юрий Александрович,professional,4,"МКПАО ""МД Медикал Груп""",2023,,2023,2024,2,end_at_collection_year,0
LSRG,Левит Игорь Михайлович,professional,0,Группа ЛСР,1994,,1994,1997,4,end_from_next_start,1
LSRG,Левит Игорь Михайлович,professional,1,"ОАО ""Ленстройкерамика""",1997,1999,1997,1999,3,,0
LSRG,Левит Игорь Михайлович,professional,2,"ЗАО НПО ""Керамика""",1999,2002,1999,2002,4,,0
LSRG,Левит Игорь Михайлович,professional,3,Группа ЛСР,2002,2006,2002,2006,5,,1
LSRG,Левит Игорь Михайлович,professional,4,"ОАО ""Группа ЛСР""",2006,2010,2006,2010,5,,1
LSRG,Левит Игорь Михайлович,professional,5,"ОАО ""Группа ЛСР""",2006,2013,2006,2013,8,,1
LSRG,Левит Игорь Михайлович,professional,6,"ФГУП ""Росморпорт""",2012,2013,2012,2013,2,,0
LSRG,Левит Игорь Михайлович,professional,7,Собственный многопрофильный бизнес,2014,,2014,2018,5,end_from_next_start,0
LSRG,Левит Игорь Михайлович,professional,8,"АО ""ФК ""Ленинградец""",2018,,2018,2019,2,end_from_next_start,0
LSRG,Левит Игорь Михайлович,professional,9,Федерация футбола Ленинградской области,2019,,2019,2020,2,end_from_next_start,0
LSRG,Левит Игорь Михайлович,professional,10,"ПАО ""Группа ЛСР""",2019,,2019,2020,2,end_from_next_start,1
LSRG,Левит Игорь Михайлович,professional,11,Группа ЛСР,2020,,2020,2024,5,end_at_collection_year,1
LSRG,Левит Игорь Михайлович,professional,12,"ПАО ""Группа ЛСР""",2020,,2020,2024,5,end_at_collection_year,1
LSRG,Молчанов Егор Андреевич,professional,0,Titanium Realty Group,2016,2016,2016,2016,1,,0
LSRG,Молчанов Егор Андреевич,professional,1,Вооруженные силы Российской Федерации,2017,2017,2017,2017,1,,0
LSRG,Молчанов Егор Андреевич,professional,2,"ООО ""ЛСР. Недвижимость-СЗ""",2018,2019,2018,2019,2,,0
LSRG,Молчанов Егор Андреевич,professional,3,"ООО ""ЛСР. Недвижимость-СЗ"" / ПАО ""Группа ЛСР""",2019,2020,2019,2020,2,,0
LSRG,Молчанов Егор Андреевич,professional,4,"АО ""СЗ ""ЛСР. Недвижимость-М""",2020,2022,2020,2022,3,,0
LSRG,Молчанов Егор Андреевич,professional,5,"ПАО ""Группа ЛСР""",2020,,2020,2022,3,end_from_next_start,1
LSRG,Молчанов Егор Андреевич,professional,6,"ПАО ""Группа ЛСР""",2022,,2022,2024,3,end_at_collection_year,1
LSRG,Молчанов Егор Андреевич,professional,7,"ПАО ""Группа ЛСР""",2022,,2022,2024,3,end_at_collection_year,1
LSRG,Осипов Юрий Сергеевич,professional,0,Уральский государственный университет им. А.М. Горького,1961,1969,1961,1969,9,,0
LSRG,Осипов Юрий Сергеевич,professional,1,Институт математики и механики Уральского филиала РАН / УрО РАН,1969,1993,1969,1993,25,,0
LSRG,Осипов Юрий Сергеевич,professional,2,"МГУ им. М.В. Ломоносова, факультет ВМК",1990,,1990,1991,2,end_from_next_start,0
LSRG,Осипов Юрий Сергеевич,professional,3,Российская академия наук,1991,2013,1991,2013,23,,0
LSRG,Осипов Юрий Сергеевич,professional,4,Математический институт РАН,1993,2004,1993,2004,12,,0
LSRG,Осипов Юрий Сергеевич,professional,5,Математический институт им. В.А. Стеклова РАН,2013,,2013,2018,6,end_from_next_start,0
LSRG,Осипов Юрий Сергеевич,professional,6,Центр стратегических исследований в области энергетики и цифровой экономики,2018,,2018,2021,4,end_from_next_start,0
LSRG,Осипов Юрий Сергеевич,professional,7,"ПАО ""Группа ЛСР""",2021,,2021,2022,2,end_from_next_start,1
LSRG,Осипов Юрий Сергеевич,professional,8,"ПАО ""Группа ЛСР""",2022,,2022,2024,3,end_at_collection_year,1
LSRG,Осипов Юрий Сергеевич,research,0,Российская академия наук / Математический институт им. В.А. Стеклова РАН / МГУ,1969,,1969,2024,56,end_at_collection_year,
LSRG,Шадрина Любовь Викторовна,professional,0,Группа ЛСР,2001,,2001,2007,7,end_from_next_start,1
LSRG,Шадрина Любовь Викторовна,professional,1,Группа ЛСР,2001,2007,2001,2007,7,,1
LSRG,Шадрина Любовь Викторовна,professional,2,"Представительство ООО ""ЛСР"" в Москве",2007,2018,2007,2018,12,,0
LSRG,Шадрина Любовь Викторовна,professional,3,"Представительство ""Группы ЛСР"" в Москве",2018,,2018,2023,6,end_from_next_start,0
LSRG,Шадрина Любовь Викторовна,professional,4,"АО МТО ""АРХПРОЕКТ""",2018,,2018,2023,6,end_from_next_start,0
LSRG,Шадрина Любовь Викторовна,professional,5,"ПАО ""Группа ЛСР""",2023,,2023,2024,2,end_at_collection_year,1
LSRG,Яковлев Владимир Анатольевич,professional,0,Строительные и городские структуры Ленинграда / Санкт-Петербурга,1968,1996,1968,1996,29,,0
LSRG,Яковлев Владимир Анатольевич,professional,1,Главное управление капитального строительства Ленгорисполкома / Управление капитального ремонта,1968,1977,1968,1977,10,,0
LSRG,Яковлев Владимир Анатольевич,professional,2,"Ремонтно-строительный трест №4, г. Ленинград",1977,1980,1977,1980,4,,0
LSRG,Яковлев Владимир Анатольевич,professional,3,"Дзержинский районный совет народных депутатов, г. Ленинград",1980,1982,1980,1982,3,,0
LSRG,Яковлев Владимир Анатольевич,professional,4,"Городской ремонтно-строительный трест №3 (Горремстройтрест №3), г. Ленинград",1983,1987,1983,1987,5,,0
LSRG,Яковлев Владимир Анатольевич,professional,5,Жилищное управление Ленгорисполкома / ТПО жилищного хозяйства,1987,1993,1987,1993,7,,0
LSRG,Яковлев Владимир Анатольевич,professional,6,Комитет по городскому хозяйству мэрии Санкт-Петербурга,1993,1994,1993,1994,2,,0
LSRG,Яковлев Владимир Анатольевич,professional,7,Мэрия Санкт-Петербурга,1994,1996,1994,1996,3,,0
LSRG,Яковлев Владимир Анатольевич,professional,8,Санкт-Петербург,1996,2003,1996,2003,8,,0
LSRG,Яковлев Владимир Анатольевич,professional,9,Правительство Российской Федерации,2003,2004,2003,2004,2,,0
LSRG,Яковлев Владимир Анатольевич,professional,10,Администрация Президента Российской Федерации,2004,2004,2004,2004,1,,0
LSRG,Яковлев Владимир Анатольевич,professional,11,Министерство регионального развития Российской Федерации,2004,2007,2004,2007,4,,0
LSRG,Яковлев Владимир Анатольевич,professional,12,"Российский союз строителей / ОМОР ""РСС""",2009,,2009,2017,9,end_from_next_start,0
LSRG,Яковлев Владимир Анатольевич,professional,13,"АО ""Себряковцемент""",2017,,2017,2024,8,end_at_collection_year,0
LSRG,Яковлев Владимир Анатольевич,professional,14,"ПАО ""Группа ЛСР""",2024,,2024,2024,1,end_at_collection_year,1
MAGN,Шиляев Павел Владимирович,professional,0,"ПАО ""ММК""",2014,,2014,2017,4,end_from_next_start,1
MAGN,Шиляев Павел Владимирович,professional,1,"ПАО ""Кредит Урал Банк""",2017,,2017,2018,2,end_from_next_start,0
MAGN,Шиляев Павел Владимирович,professional,2,"АНО ""Центральная клиническая медико-санитарная часть"" (АНО ""ЦКМСЧ"")",2018,,2018,2024,7,end_at_collection_year,0
MAGN,Шиляев Павел Владимирович,research,0,,2010,2010,2010,2010,1,,
MAGN,Рашников Виктор Филиппович,professional,0,"ПАО ""ММК""",1993,,1993,2005,13,end_from_next_start,1
MAGN,Рашников Виктор Филиппович,professional,1,Всемирная ассоциация стали (World Steel Association),2005,,2005,2008,4,end_from_next_start,0
MAGN,Рашников Виктор Филиппович,professional,2,"ООО ""Континентальная хоккейная лига"" (КХЛ)",2008,,2008,2011,4,end_from_next_start,0
MAGN,Рашников Виктор Филиппович,professional,3,"Ассоциация предприятий черной металлургии ""Русская сталь""",2011,,2011,2024,14,end_at_collection_year,0
MAGN,Рашников Виктор Филиппович,professional,4,РСПП (Российский союз промышленников и предпринимателей),,,,,0,missing_dates_excluded,0
MAGN,Рашников Виктор Филиппович,professional,5,"Челябинская региональная организация работодателей ""Союз промышленников и предпринимателей"" (ЧРОО/ЧОАР ""СПП"")",,,,,0,missing_dates_excluded,0
MAGN,Рашников Виктор Филиппович,research,0,"ПАО ""ММК""",1996,1996,1996,1996,1,,
MAGN,Еремин Андрей Анатольевич,professional,0,"ПАО ""ММК""",2016,,2016,2019,4,end_from_next_start,1
MAGN,Еремин Андрей Анатольевич,professional,1,"ПАО ""ММК""",2019,,2019,2020,2,end_from_next_start,1
MAGN,Еремин Андрей Анатольевич,professional,2,ООО «Центр технологий роботизации «Некст»» (ООО «ЦТР «Некст»»),2020,,2020,2024,5,end_at_collection_year,0
MAGN,Исмаилов Рашид Рустам оглы,professional,0,Министерство связи и массовых коммуникаций РФ,2016,2018,2016,2018,3,,0
MAGN,Исмаилов Рашид Рустам оглы,professional,1,Nokia Solutions and Networks,2018,2019,2018,2019,2,,0
MAGN,Исмаилов Рашид Рустам оглы,professional,2,"АО ""Данные - центр обработки и автоматизации"" (Data Center Processing and Automation)",2019,2020,2019,2020,2,,0
MAGN,Исмаилов Рашид Рустам оглы,professional,3,"ПАО ""ВымпелКом""",2020,,2020,2021,2,end_from_next_start,0
MAGN,Исмаилов Рашид Рустам оглы,professional,4,"ПАО ""ММК""",2021,,2021,2024,4,end_at_collection_year,1
MAGN,Марцинович Валерий Ярославович,professional,0,Hay Group / Korn Ferry,2016,,2016,2024,9,end_at_collection_year,0
MAGN,Марцинович Валерий Ярославович,professional,1,"ПАО ""ММК""",2014,,2014,2016,3,end_from_next_start,1
MAGN,Морган Ральф Таваколян,professional,0,Baring Vostok,2016,,2016,2017,2,end_from_next_start,0
MAGN,Морган Ральф Таваколян,professional,1,"ПАО ""ММК""",2015,,2015,2016,2,end_from_next_start,1
MAGN,Морган Ральф Таваколян,professional,2,Tigers Realm Coal,2016,2020,2016,2020,5,,0
MAGN,Морган Ральф Таваколян,professional,3,U.S.-Russia Business Council,2017,,2017,2019,3,end_from_next_start,0
MAGN,Морган Ральф Таваколян,professional,4,Nostrum Oil & Gas,2019,2020,2019,2020,2,,0
MAGN,Наумова Ольга Валерьевна,professional,0,Procter & Gamble,1994,2000,1994,2000,7,,0
MAGN,Наумова Ольга Валерьевна,professional,1,Bashkiria Trading House,2000,2001,2000,2001,2,,0
MAGN,Наумова Ольга Валерьевна,professional,2,Cherkizovo Trading House,2001,2002,2001,2002,2,,0
MAGN,Наумова Ольга Валерьевна,professional,3,RIM / NLMK,2002,2005,2002,2005,4,,0
MAGN,Наумова Ольга Валерьевна,professional,4,Severstal-Enamel,2005,2009,2005,2009,5,,0
MAGN,Наумова Ольга Валерьевна,professional,5,Severstal Russian Steel,2010,2013,2010,2013,4,,0
MAGN,Наумова Ольга Валерьевна,professional,6,Pyaterochka / X5 / Agrotorg,2013,2018,2013,2018,6,,0
MAGN,Наумова Ольга Валерьевна,professional,7,"ПАО ""Магнит""",2018,2019,2018,2019,2,,0
MAGN,Наумова Ольга Валерьевна,professional,8,Lorus SCM,2019,2021,2019,2021,3,,0
MAGN,Наумова Ольга Валерьевна,professional,9,"ООО ""Русская рыбопромышленная компания"" (Russian Fishery Company)",2020,,2020,2021,2,end_from_next_start,0
MAGN,Наумова Ольга Валерьевна,professional,10,"ПАО ""СОЛЛЕРС Авто"" (Sollers Auto)",2020,,2020,2021,2,end_from_next_start,0
MAGN,Наумова Ольга Валерьевна,professional,11,"ООО ""Русский Краб"" (Russian Crab)",2020,,2020,2021,2,end_from_next_start,0
MAGN,Наумова Ольга Валерьевна,professional,12,Eastern Retail Networks,2021,,2021,2024,4,end_at_collection_year,0
MAGN,Наумова Ольга Валерьевна,professional,13,"ПАО ""ММК""",2021,,2021,2024,4,end_at_collection_year,1
MAGN,Осеевский Михаил Эдуардович,professional,0,Government of Saint Petersburg,,2012,,2012,0,missing_dates_excluded,0
MAGN,Осеевский Михаил Эдуардович,professional,1,Банк ВТБ,2016,2017,2016,2017,2,,0
MAGN,Осеевский Михаил Эдуардович,professional,2,"ПАО ""Ростелеком""",2017,,2017,2021,5,end_from_next_start,0
MAGN,Осеевский Михаил Эдуардович,professional,3,"ПАО ""ММК""",2021,,2021,2024,4,end_at_collection_year,1
MAGN,Рашникова Ольга Викторовна,professional,0,"ПАО ""ММК""",2012,,2012,2016,5,end_from_next_start,1
MAGN,Рашникова Ольга Викторовна,professional,1,"ПАО ""ММК""",2016,,2016,2024,9,end_at_collection_year,1
MAGN,Рашникова Ольга Викторовна,professional,2,"ПАО ""Кредит Урал Банк""",2016,2017,2016,2017,2,,0
MAGN,Рашникова Ольга Викторовна,professional,3,"ООО ""МЭК""",2016,2018,2016,2018,3,,0
MAGN,Рашникова Ольга Викторовна,professional,4,"ООО ""Энергопарк""",2016,2018,2016,2018,3,,0
MAGN,Рашникова Ольга Викторовна,professional,5,"ООО ""МАГСТОРН""",2016,2017,2016,2017,2,,0
MAGN,Ушаков Сергей Николаевич,professional,0,"ПАО ""ММК""",2016,2017,2016,2017,2,,1
MAGN,Ушаков Сергей Николаевич,professional,1,"ПАО ""ММК""",2016,2019,2016,2019,4,,1
MAGN,Ушаков Сергей Николаевич,professional,2,"ПАО ""ММК""",2017,2018,2017,2018,2,,1
MAGN,Ушаков Сергей Николаевич,professional,3,"ПАО ""ММК""",2018,,2018,2024,7,end_at_collection_year,1
MAGN,Ушаков Сергей Николаевич,professional,4,"ПАО ""ММК""",2017,,2017,2018,2,end_from_next_start,1
MAGN,Ушаков Сергей Николаевич,research,0,"ПАО ""ММК""",2020,2020,2020,2020,1,,
MBNK,Иссопов Эдуард Александрович,professional,0,Внешторгбанк РСФСР / СССР,1991,1993,1991,1993,3,,0
MBNK,Иссопов Эдуард Александрович,professional,1,Международный Московский Банк / ЮниКредит Банк,1993,2012,1993,2012,20,,0
MBNK,Иссопов Эдуард Александрович,professional,2,Россельхозбанк,2012,2015,2012,2015,4,,0
MBNK,Иссопов Эдуард Александрович,professional,3,"Банк ""Восточный Экспресс""",2015,2015,2015,2015,1,,0
MBNK,Иссопов Эдуард Александрович,professional,4,"ПАО ""МТС-Банк""",2015,2016,2015,2016,2,,1
MBNK,Иссопов Эдуард Александрович,professional,5,"ПАО ""МТС-Банк""",2016,2020,2016,2020,5,,1
MBNK,Иссопов Эдуард Александрович,professional,6,"ПАО ""МТС-Банк""",2020,2024,2020,2024,5,,1
MBNK,Иссопов Эдуард Александрович,professional,7,"ПАО ""МТС-Банк""",2024,,2024,2024,1,end_at_collection_year,1
MDMG,Курцер Марк Аркадьевич,professional,0,"МКПАО ""МД Медикал Груп"" / ГК ""Мать и дитя""",,,,,0,missing_dates_excluded,0
MDMG,Курцер Марк Аркадьевич,professional,1,"ГБУЗ ""Центр планирования семьи и репродукции"" Департамента здравоохранения г. Москвы",1994,2012,1994,2012,19,,0
MDMG,Курцер Марк Аркадьевич,professional,2,Департамент здравоохранения города Москвы,2003,2013,2003,2013,11,,0
MDMG,Курцер Марк Аркадьевич,professional,3,РНИМУ им. Н.И. Пирогова,1986,,1986,1994,9,end_from_next_start,0
MDMG,Курцер Марк Аркадьевич,professional,4,Медицинский университет МГИМО-МЕД,,,,,0,missing_dates_excluded,0
MDMG,Курцер Марк Аркадьевич,research,0,,,,,,0,missing_dates_excluded,
MDMG,Калугин Сергей Борисович,professional,0,"МКПАО ""МД Медикал Груп""",2022,,2022,2024,3,end_at_collection_year,1
MDMG,Калугин Сергей Борисович,professional,1,"ПАО ""Ростелеком""",2013,2017,2013,2017,5,,0
MDMG,Калугин Сергей Борисович,professional,2,"Минкомсвязь / Министерство цифрового развития, связи и массовых коммуникаций РФ",2017,2018,2017,2018,2,,0
MDMG,Калугин Сергей Борисович,professional,3,"АО ""Новабиом""",,,,,0,missing_dates_excluded,0
MDMG,Калугин Сергей Борисович,professional,4,"Инкомбанк, Инком Капитал, РТР-Сигнал, Национальные кабельные сети, Национальные Телекоммуникации, WebMediaGroup",,2012,,2012,0,missing_dates_excluded,0
MDMG,Кудимов Юрий Александрович,professional,0,"МКПАО ""МД Медикал Груп""",2023,,2023,2024,2,end_at_collection_year,1
MDMG,Кудимов Юрий Александрович,professional,1,"АКБ ""Национальный резервный банк""",1995,2009,1995,2009,15,,0
MDMG,Кудимов Юрий Александрович,professional,2,"ООО ""Инвестиционная компания Внешэкономбанка"" / ""ВЭБ Капитал""",2009,2014,2009,2014,6,,0
MDMG,Кудимов Юрий Александрович,professional,3,"ООО ""Пангео Капитал""",,,,,0,missing_dates_excluded,0
MDMG,Кудимов Юрий Александрович,professional,4,"ПАО ""Группа ЛСР""",,,,,0,missing_dates_excluded,0
MDMG,Лукина Татьяна Борисовна,professional,0,"МКПАО ""МД Медикал Груп""",2019,,2019,2022,4,end_from_next_start,1
MDMG,Лукина Татьяна Борисовна,professional,1,KPMG,,,,,0,missing_dates_excluded,0
MDMG,Лукина Татьяна Борисовна,professional,2,Альфа Групп / Альфа-Банк / Росводоканал,,,,,0,missing_dates_excluded,0
MDMG,Лукина Татьяна Борисовна,professional,3,OZON,2015,2016,2015,2016,2,,0
MDMG,Лукина Татьяна Борисовна,professional,4,GAME INSIGHT,2016,2022,2016,2022,7,,0
MDMG,Лукина Татьяна Борисовна,professional,5,Dyninno Group,2022,2023,2022,2023,2,,0
MDMG,Лукина Татьяна Борисовна,professional,6,"Vero Wealth Management LLC / Multifamily Office, Middle East",2023,,2023,2024,2,end_at_collection_year,0
MDMG,Меклер Владимир Александрович,professional,0,"МКПАО ""МД Медикал Груп""",2015,,2015,2024,10,end_at_collection_year,1
MDMG,Меклер Владимир Александрович,professional,1,"Коллегия адвокатов ""Меклер и Партнеры""",2012,,2012,2015,4,end_from_next_start,0
MDMG,Меклер Владимир Александрович,professional,2,Московская городская коллегия адвокатов,2003,2010,2003,2010,8,,0
MDMG,Меклер Владимир Александрович,professional,3,Адвокатская палата г. Москвы,1980,,1980,2003,24,end_from_next_start,0
MDMG,Устименко Виталий Александрович,professional,0,"МКПАО ""МД Медикал Груп"" / ГК ""Мать и дитя""",2012,,2012,2024,13,end_at_collection_year,0
MDMG,Устименко Виталий Александрович,professional,1,Skillbox,,,,,0,missing_dates_excluded,0
MDMG,Устименко Виталий Александрович,professional,2,"Inventure Partners, Солнечные продукты / ГК Букет, Вертолеты России, Deloitte",,,,,0,missing_dates_excluded,0
MDMG,Устименко Виталий Александрович,professional,3,"АНОО ВО ""Институт цифровых профессий"" / Skillbox University",,,,,0,missing_dates_excluded,0
MGNT,Евгений Сергеевич Случевский,professional,0,McKinsey & Company,2011,2016,2011,2016,6,,0
MGNT,Евгений Сергеевич Случевский,professional,1,Интегра,2016,2019,2016,2019,4,,0
MGNT,Евгений Сергеевич Случевский,professional,2,Группа компаний «Русагро»,,2022,2019,2022,4,start_from_previous_end,0
MGNT,Евгений Сергеевич Случевский,professional,3,ПАО «Магнит»,2022,2024,2022,2024,3,,1
MGNT,Евгений Сергеевич Случевский,professional,4,ПАО «Магнит»,2024,,2024,2024,1,end_at_collection_year,1
MGNT,Дмитрий Анатольевич Иванов,professional,0,Лаверна,,,,,0,missing_dates_excluded,0
MGNT,Дмитрий Анатольевич Иванов,professional,1,Лента,,2019,,2019,0,missing_dates_excluded,0
MGNT,Дмитрий Анатольевич Иванов,professional,2,АО «Тандер»,2019,2021,2019,2021,3,,0
MGNT,Дмитрий Анатольевич Иванов,professional,3,АО «Тандер»,2021,2023,2021,2023,3,,0
MGNT,Дмитрий Анатольевич Иванов,professional,4,ПАО «Магнит»,2022,,2022,2023,2,end_from_next_start,1
MGNT,Дмитрий Анатольевич Иванов,professional,5,АО «Тандер»,2023,,2023,2024,2,end_at_collection_year,0
MGNT,Юрий Мисник,professional,0,Microsoft / Amazon Web Services / HSBC / National Australia Bank,,2019,2019,2019,1,start_from_previous_end,0
MGNT,Юрий Мисник,professional,1,Amazon Web Services,2012,2015,2012,2015,4,,0
MGNT,Юрий Мисник,professional,2,HSBC,2015,2019,2015,2019,5,,0
MGNT,Юрий Мисник,professional,3,National Australia Bank,2019,2019,2019,2019,1,,0
MGNT,Юрий Мисник,professional,4,First Abu Dhabi Bank,2019,2021,2019,2021,3,,0
MGNT,Юрий Мисник,professional,5,ПАО «Магнит»,2021,,2021,2024,4,end_at_collection_year,1
MGNT,Андрей Юрьевич Бодров,professional,0,Morgan Stanley / Deutsche Bank / ВТБ Капитал / Ренессанс Капитал,,,,,0,missing_dates_excluded,0
MGNT,Андрей Юрьевич Бодров,professional,1,Лента,2016,2019,2016,2019,4,,0
MGNT,Андрей Юрьевич Бодров,professional,2,ПАО «Магнит» / АО «Тандер»,2019,,2019,2024,6,end_at_collection_year,0
MGNT,Анна Юрьевна Мелешина,professional,0,HEINEKEN,2002,2013,2002,2013,12,,0
MGNT,Анна Юрьевна Мелешина,professional,1,Лента,2013,2017,2013,2017,5,,0
MGNT,Анна Юрьевна Мелешина,professional,2,Coca-Cola,2017,2019,2017,2019,3,,0
MGNT,Анна Юрьевна Мелешина,professional,3,ПАО «Магнит»,2019,,2019,2024,6,end_at_collection_year,1
MGNT,Анна Юрьевна Мелешина,professional,4,ПАО «Магнит»,2024,2024,2024,2024,1,,1
MGNT,Анна Юрьевна Мелешина,professional,5,ПАО «Магнит»,2024,,2024,2024,1,end_at_collection_year,1
MGNT,Анна Николаевна Боброва,professional,0,Metro Group,2003,2009,2003,2009,7,,0
MGNT,Анна Николаевна Боброва,professional,1,Росатом,2009,2011,2009,2011,3,,0
MGNT,Анна Николаевна Боброва,professional,2,X5 Retail Group N.V.,2011,2013,2011,2013,3,,0
MGNT,Анна Николаевна Боброва,professional,3,Rimera Group,2013,2015,2013,2015,3,,0
MGNT,Анна Николаевна Боброва,professional,4,АО «СИА Интернейшнл Лтд»,2015,2019,2015,2019,5,,0
MGNT,Анна Николаевна Боброва,professional,5,АО «Тандер»,2019,,2019,2024,6,end_at_collection_year,0
MGNT,Анна Николаевна Боброва,professional,6,ПАО «Магнит»,2019,,2019,2024,6,end_at_collection_year,1
MGNT,Сергей Юрьевич Буйлов,professional,0,Danone Group (Danone-Юнимилк),1997,2014,1997,2014,18,,0
MGNT,Сергей Юрьевич Буйлов,professional,1,Cherkizovo Group,,,,,0,missing_dates_excluded,0
MGNT,Сергей Юрьевич Буйлов,professional,2,L'Oreal Russia,,,,,0,missing_dates_excluded,0
MGNT,Сергей Юрьевич Буйлов,professional,3,Natura Siberica,2017,2021,2017,2021,5,,0
MGNT,Сергей Юрьевич Буйлов,professional,4,ООО «Магнит Фарма»,2022,,2022,2024,3,end_at_collection_year,0
MGNT,Сергей Юрьевич Буйлов,professional,5,ПАО «Магнит»,2024,,2024,2024,1,end_at_collection_year,1
MGNT,Маргарита Викторовна Витихович,professional,0,ПАО «Магнит» / АО «Тандер»,2008,2023,2008,2023,16,,0
MGNT,Маргарита Викторовна Витихович,professional,1,АО «ДИКСИ Юг»,2023,,2023,2024,2,end_at_collection_year,0
MGNT,Маргарита Викторовна Витихович,professional,2,ПАО «Магнит»,2024,,2024,2024,1,end_at_collection_year,1
MGNT,Наталья Анатольевна Дуличенко,professional,0,АО «Зарубежнефть»,2019,2023,2019,2023,5,,0
MGNT,Наталья Анатольевна Дуличенко,professional,1,АО «Тандер»,2023,,2023,2024,2,end_at_collection_year,0
MGNT,Наталья Анатольевна Дуличенко,professional,2,ПАО «Магнит»,2023,,2023,2024,2,end_at_collection_year,1
MGNT,Илья Игоревич Соколов,professional,0,ПАО «Магнит»,2019,,2019,2021,3,end_from_next_start,1
MGNT,Илья Игоревич Соколов,professional,1,ПАО «Магнит»,2021,,2021,2023,3,end_from_next_start,1
MGNT,Илья Игоревич Соколов,professional,2,ПАО «Магнит»,2023,,2023,2024,2,end_at_collection_year,1
MGNT,Илья Игоревич Соколов,professional,3,Комитет Совета директоров ПАО «Магнит» по аудиту,,,,,0,missing_dates_excluded,0
MGTSP,Альберт Тимурович Гильманов,professional,0,ПАО «МТС»,2005,,2005,2011,7,end_from_next_start,0
MGTSP,Альберт Тимурович Гильманов,professional,1,ЗАО «Комстар-Регионы»,2011,2013,2011,2013,3,,0
MGTSP,Альберт Тимурович Гильманов,professional,2,ПАО «МТС»,2013,2013,2013,2013,1,,0
MGTSP,Альберт Тимурович Гильманов,professional,3,ПАО «МТС»,2016,2020,2016,2020,5,,0
MGTSP,Альберт Тимурович Гильманов,professional,4,ООО «Авантаж»,2018,2020,2018,2020,3,,0
MGTSP,Альберт Тимурович Гильманов,professional,5,АО «Телесервис»,2014,2017,2014,2017,4,,0
MGTSP,Альберт Тимурович Гильманов,professional,6,ООО «Авантаж»,2019,2020,2019,2020,2,,0
MGTSP,Альберт Тимурович Гильманов,professional,7,ПАО «МТС»,2020,2021,2020,2021,2,,0
MGTSP,Альберт Тимурович Гильманов,professional,8,ПАО МГТС,2021,,2021,2024,4,end_at_collection_year,1
MGTSP,Виктор Леонидович Белов,professional,0,ЗАО «МТУ-Интел» / ООО «Система Мультимедиа» / ОАО «НПП Бизнес Связь» / ООО «Зенон Н.С.П.»,1998,2008,1998,2008,11,,0
MGTSP,Виктор Леонидович Белов,professional,1,ОАО «Комстар-ОТС»,2009,2011,2009,2011,3,,0
MGTSP,Виктор Леонидович Белов,professional,2,ПАО «МТС»,2011,2012,2011,2012,2,,0
MGTSP,Виктор Леонидович Белов,professional,3,ПАО «МТС»,2012,2018,2012,2018,7,,0
MGTSP,Виктор Леонидович Белов,professional,4,ПАО «МТС»,2018,2020,2018,2020,3,,0
MGTSP,Виктор Леонидович Белов,professional,5,ПАО «МТС»,2020,2021,2020,2021,2,,0
MGTSP,Виктор Леонидович Белов,professional,6,ПАО «МТС»,2021,,2021,2024,4,end_at_collection_year,0
MGTSP,Виктор Леонидович Белов,professional,7,ПАО МГТС,2019,,2019,2020,2,end_from_next_start,1
MGTSP,Лариса Владимировна Бодягина,professional,0,ОАО «Вимм-Билль-Данн» (PepsiCo),2007,2012,2007,2012,6,,0
MGTSP,Лариса Владимировна Бодягина,professional,1,АО «Международный аэропорт Шереметьево»,2014,2018,2014,2018,5,,0
MGTSP,Лариса Владимировна Бодягина,professional,2,X5 Retail Group / торговая сеть «Пятерочка»,2018,2022,2018,2022,5,,0
MGTSP,Лариса Владимировна Бодягина,professional,3,ПАО «МТС»,2022,,2022,2024,3,end_at_collection_year,0
MGTSP,Лариса Владимировна Бодягина,professional,4,ПАО МГТС,2022,,2022,2024,3,end_at_collection_year,1
MGTSP,Инеса Галактионова,professional,0,ФГУП «Почта России»,2013,2019,2013,2019,7,,0
MGTSP,Инеса Галактионова,professional,1,ПАО «МТС»,2019,2019,2019,2019,1,,0
MGTSP,Инеса Галактионова,professional,2,ПАО «МТС»,2019,,2019,2024,6,end_at_collection_year,0
MGTSP,Инеса Галактионова,professional,3,ПАО МГТС,2019,,2019,2024,6,end_at_collection_year,1
MGTSP,Александр Сергеевич Дмитриев,professional,0,ТНК-BP,2006,2012,2006,2012,7,,0
MGTSP,Александр Сергеевич Дмитриев,professional,1,Рязанский НПЗ / группа «Роснефть»,2012,2017,2012,2017,6,,0
MGTSP,Александр Сергеевич Дмитриев,professional,2,Роснефть,2016,2019,2016,2019,4,,0
MGTSP,Александр Сергеевич Дмитриев,professional,3,PT Pertamina Rosneft Pengolahan dan Petrokimia,2017,2019,2017,2019,3,,0
MGTSP,Александр Сергеевич Дмитриев,professional,4,"Verifier (Сан-Франциско, США)",2017,2018,2017,2018,2,,0
MGTSP,Александр Сергеевич Дмитриев,professional,5,Трансмашхолдинг / Ctrl2Go,2019,2023,2019,2023,5,,0
MGTSP,Александр Сергеевич Дмитриев,professional,6,ПАО «МТС»,,2024,2023,2024,2,start_from_previous_end,0
MGTSP,Александр Сергеевич Дмитриев,professional,7,ПАО МГТС,2024,,2024,2024,1,end_at_collection_year,1
MGTSP,Роман Валерьевич Райков,professional,0,ПАО МГТС,2024,,2024,2024,1,end_at_collection_year,1
MGTSP,Дмитрий Николаевич Рылов,professional,0,ПАО «МТС»,2005,2006,2005,2006,2,,0
MGTSP,Дмитрий Николаевич Рылов,professional,1,ПАО «МТС»,2006,2010,2006,2010,5,,0
MGTSP,Дмитрий Николаевич Рылов,professional,2,ПАО «МТС»,2010,2014,2010,2014,5,,0
MGTSP,Дмитрий Николаевич Рылов,professional,3,ПАО «МТС»,2014,2016,2014,2016,3,,0
MGTSP,Дмитрий Николаевич Рылов,professional,4,ПАО «МТС»,2016,2021,2016,2021,6,,0
MGTSP,Дмитрий Николаевич Рылов,professional,5,ПАО «МТС»,2021,,2021,2024,4,end_at_collection_year,0
MGTSP,Дмитрий Николаевич Рылов,professional,6,ПАО МГТС,2024,,2024,2024,1,end_at_collection_year,1
MGTSP,Ирина Владимировна Карева,professional,0,ЗАО «Уралтел»,2003,2008,2003,2008,6,,0
MGTSP,Ирина Владимировна Карева,professional,1,ОАО «МТС»,2008,2009,2008,2009,2,,0
MGTSP,Ирина Владимировна Карева,professional,2,ОАО «МТС»,2009,,2009,2014,6,end_from_next_start,0
MGTSP,Ирина Владимировна Карева,professional,3,ОАО МГТС,2014,,2014,2024,11,end_at_collection_year,1
MGTSP,Ирина Владимировна Карева,professional,4,ПАО МГТС,,,,,0,missing_dates_excluded,1
MOEX,Yuriy Denisov,professional,0,ПАО Московская Биржа,2019,2024,2019,2024,6,,1
MOEX,Yuriy Denisov,professional,1,ПАО Московская Биржа,2010,2011,2010,2011,2,,1
MOEX,Yuriy Denisov,professional,2,Национальный клиринговый центр (НКЦ),2008,,2008,2010,3,end_from_next_start,0
MOEX,Yuriy Denisov,professional,3,Банк ВТБ,2002,2010,2002,2010,9,,0
MOEX,Yuriy Denisov,professional,4,Еврофинанс Банк,1992,2002,1992,2002,11,,0
MOEX,Yuriy Denisov,professional,5,Внешэкономбанк,1987,1992,1987,1992,6,,0
MOEX,Andrei Selyuk,professional,0,ПАО Московская Биржа,2021,2022,2021,2022,2,,1
MOEX,Andrei Selyuk,professional,1,АО Почта России,2019,2021,2019,2021,3,,0
MOEX,Andrei Selyuk,professional,2,Arthur Andersen / Ernst & Young,1998,2003,1998,2003,6,,0
MOEX,Andrei Selyuk,professional,3,ОАО МегаФон,2003,2007,2003,2007,5,,0
MOEX,Andrei Selyuk,professional,4,Golden Telecom / ОАО ВымпелКом,2007,2009,2007,2009,3,,0
MOEX,Andrei Selyuk,professional,5,Yota,2009,2011,2009,2011,3,,0
MOEX,Andrei Selyuk,professional,6,Gallery,2012,2018,2012,2018,7,,0
MOEX,Olga Vyacheslavovna Melentyeva,professional,0,ПАО Московская Биржа,,,,,0,missing_dates_excluded,1
MOEX,Andrey Burilov,professional,0,ПАО Московская Биржа,2020,,2020,2024,5,end_at_collection_year,1
MOEX,Andrey Burilov,professional,1,Deutsche Bank,2001,2005,2001,2005,5,,0
MOEX,Andrey Burilov,professional,2,Renaissance Capital,2005,2013,2005,2013,9,,0
MOEX,Andrey Burilov,professional,3,Сбербанк-Технологии,2013,2018,2013,2018,6,,0
MOEX,Andrey Burilov,professional,4,СМП Банк,2018,2020,2018,2020,3,,0
MOEX,Aleksandr Mikhailovich Kamenskiy,professional,0,ПАО Московская Биржа,2013,,2013,2024,12,end_at_collection_year,1
MOEX,Aleksandr Mikhailovich Kamenskiy,professional,1,ПАО МДМ Банк,2012,2013,2012,2013,2,,0
MOEX,Aleksandr Mikhailovich Kamenskiy,professional,2,ПАО Энел Россия,2011,2012,2011,2012,2,,0
MOEX,Dmitry Shcheglov,professional,0,ПАО Московская Биржа,2011,,2011,2024,14,end_at_collection_year,1
MOEX,Dmitry Shcheglov,professional,1,Московская биржа / ММВБ,1998,,1998,2011,14,end_from_next_start,0
MOEX,Anton Vladimirovich Terentiev,professional,0,ПАО Московская Биржа,2017,,2017,2024,8,end_at_collection_year,1
MOEX,Anton Vladimirovich Terentiev,professional,1,"Газпромбанк, Verno Capital, Kazimir Partners",,2017,,2017,0,missing_dates_excluded,0
MOEX,Sergey Anatolyevich Shvetsov,professional,0,ПАО Московская Биржа,2022,,2022,2024,3,end_at_collection_year,1
MOEX,Sergey Anatolyevich Shvetsov,professional,1,Банк России,1993,2022,1993,2022,30,,0
MOEX,Sergey Anatolyevich Shvetsov,professional,2,Национальный расчетный депозитарий,,,,,0,missing_dates_excluded,0
MOEX,Sergey Anatolyevich Shvetsov,research,0,НИУ ВШЭ,,,,,0,missing_dates_excluded,
MOEX,Aleksandr Vadimovich Izosimov,professional,0,ПАО Московская Биржа,2017,,2017,2024,8,end_at_collection_year,1
MOEX,Aleksandr Vadimovich Izosimov,professional,1,VimpelCom / ВымпелКом,2003,2011,2003,2011,9,,0
MOEX,Aleksandr Vadimovich Izosimov,professional,2,"Mars, McKinsey, M.Video-Eldorado and boards",1991,,1991,2003,13,end_from_next_start,0
MOEX,Bella Zlatkis,professional,0,ПАО Московская Биржа,2011,,2011,2024,14,end_at_collection_year,1
MOEX,Bella Zlatkis,professional,1,Сбербанк,2004,2022,2004,2022,19,,0
MOEX,Bella Zlatkis,professional,2,Министерство финансов Российской Федерации,1991,2004,1991,2004,14,,0
MOEX,Paul Anne F Bodart,professional,0,ПАО Московская Биржа,2019,,2019,2024,6,end_at_collection_year,1
MOEX,Paul Anne F Bodart,professional,1,The Bank of New York Mellon / BNY Mellon SA/NV,1996,2012,1996,2012,17,,0
MOEX,Paul Anne F Bodart,professional,2,Belfius / Dexia and other boards,2013,,2013,2019,7,end_from_next_start,0
MOEX,Paul Anne F Bodart,research,0,Solvay Business School of Economics & Management,2013,2019,2013,2019,7,,
MOEX,Ramón Morales Adarraga,professional,0,ПАО Московская Биржа,2020,,2020,2024,5,end_at_collection_year,1
MOEX,Ramón Morales Adarraga,professional,1,Infobolsa SA,2004,2016,2004,2016,13,,0
MOEX,Ramón Morales Adarraga,professional,2,Sociedad Rectora de la Bolsa de Valores de Madrid / Bolsas y Mercados Españoles,1994,2019,1994,2019,26,,0
MOEX,Sergey Lykov,professional,0,ПАО Московская Биржа,2003,,2003,2024,22,end_at_collection_year,1
MOEX,Sergey Lykov,professional,1,ВЭБ.РФ / Внешэкономбанк,,,,,0,missing_dates_excluded,0
MOEX,Sergey Lykov,professional,2,"USSR Bank for Foreign Economic Affairs, Vienna",1989,1993,1989,1993,5,,0
MOEX,Valery Pavlovich Goreglyad,professional,0,ПАО Московская Биржа,2013,,2013,2024,12,end_at_collection_year,1
MOEX,Valery Pavlovich Goreglyad,professional,1,Банк России,2013,,2013,2024,12,end_at_collection_year,0
MOEX,Valery Pavlovich Goreglyad,professional,2,Счетная палата Российской Федерации / Совет Федерации,,,,,0,missing_dates_excluded,0
MOEX,Valery Pavlovich Goreglyad,research,0,"МГУ имени М.В. Ломоносова, Высшая школа государственного аудита",,,,,0,missing_dates_excluded,
MRKC,Маковский Игорь Владимирович,professional,0,Вооруженные Силы Российской Федерации,1993,1999,1993,1999,7,,0
MRKC,Маковский Игорь Владимирович,professional,1,"АО ""Янтарьэнерго""",2012,2018,2012,2018,7,,0
MRKC,Маковский Игорь Владимирович,professional,2,"ПАО ""Россети Центр""",2018,2024,2018,2024,7,,1
MRKC,Маковский Игорь Владимирович,professional,3,"ПАО ""Россети Центр""",2019,,2019,2022,4,end_from_next_start,1
MRKC,Маковский Игорь Владимирович,professional,4,"ООО ""Инфраструктурные Инвестиции-3""",2022,,2022,2023,2,end_from_next_start,0
MRKC,Маковский Игорь Владимирович,professional,5,Ассоциация развития технологий систем накопления электроэнергии,2023,,2023,2024,2,end_at_collection_year,0
MRKC,Маковский Игорь Владимирович,professional,6,"ППК ""ВСК""",2024,,2024,2024,1,end_at_collection_year,0
MRKC,Алёшин Артём Геннадьевич,professional,0,"ПАО ""МРСК Центра и Приволжья""",2007,2020,2007,2020,14,,0
MRKC,Алёшин Артём Геннадьевич,professional,1,"ПАО ""Россети Центр""",2019,2022,2019,2022,4,,1
MRKC,Алёшин Артём Геннадьевич,professional,2,"ПАО ""Россети Центр""",2020,2024,2020,2024,5,,1
MRKC,Алёшин Артём Геннадьевич,professional,3,"ПАО ""Россети Центр""",2022,2023,2022,2023,2,,1
MRKC,Алёшин Артём Геннадьевич,professional,4,"ПАО ""Россети""",2023,2024,2023,2024,2,,0
MRKC,Алёшин Артём Геннадьевич,professional,5,"ПАО ""Россети""",2024,,2024,2024,1,end_at_collection_year,0
MRKC,Земсков Андрей Юрьевич,professional,0,"ПАО ""Россети Центр""",,,,,0,missing_dates_excluded,1
MRKC,Терников Сергей Александрович,professional,0,"ПАО ""Россети Центр""",,,,,0,missing_dates_excluded,1
MRKC,Терников Сергей Александрович,professional,1,"ПАО ""Россети Центр""",,,,,0,missing_dates_excluded,1
MRKC,Терников Сергей Александрович,professional,2,"ПАО ""Россети Центр и Приволжье""",,,,,0,missing_dates_excluded,0
MRKC,Шаркова Юлия Эдуардовна,professional,0,"ОАО/ПАО ""МРСК Центра""",2013,,2013,2024,12,end_at_collection_year,1
MRKC,Шаркова Юлия Эдуардовна,professional,1,"ОАО ""МРСК Центра""",,,,,0,missing_dates_excluded,1
MRKC,Шаркова Юлия Эдуардовна,professional,2,"ОАО ""Россети""",,,,,0,missing_dates_excluded,0
MRKC,Саух Максим Михайлович,professional,0,"ПАО ""Россети""",,,,,0,missing_dates_excluded,0
MRKC,Саух Максим Михайлович,professional,1,"АО ""ЕЭСК""",,,,,0,missing_dates_excluded,0
MRKC,Саух Максим Михайлович,professional,2,"ООО ""АйТи Энерджи Сервис""",,,,,0,missing_dates_excluded,0
MRKC,Саух Максим Михайлович,professional,3,"ПАО ""МРСК Центра""",2012,,2012,2024,13,end_at_collection_year,1
MRKC,Шевчук Александр Викторович,professional,0,"НКО ""Ассоциация профессиональных инвесторов""",2014,,2014,2015,2,end_from_next_start,0
MRKC,Шевчук Александр Викторович,professional,1,"ПАО ""Россети Центр""",2015,2022,2015,2022,8,,1
MRKC,Шевчук Александр Викторович,professional,2,"ПАО ""Россети Центр""",2024,,2024,2024,1,end_at_collection_year,1
MRKC,Шевчук Александр Викторович,professional,3,"ПАО ""Россети Урал""",2016,,2016,2022,7,end_from_next_start,0
MRKC,Шевчук Александр Викторович,professional,4,"ПАО ""Россети Северо-Запад""",2022,,2022,2024,3,end_at_collection_year,0
MRKC,Головцов Александр Викторович,professional,0,"ПАО ""МРСК Волги""",,,,,0,missing_dates_excluded,0
MRKC,Головцов Александр Викторович,professional,1,"НП ""Ассоциация профессиональных инвесторов""",,,,,0,missing_dates_excluded,0
MRKC,Головцов Александр Викторович,professional,2,"ПАО ""МРСК Центра""",2019,,2019,2024,6,end_at_collection_year,1
MRKC,Зархин Виталий Юрьевич,professional,0,"ПАО ""Россети Центр""",2019,,2019,2021,3,end_from_next_start,1
MRKC,Зархин Виталий Юрьевич,professional,1,"ПАО ""Россети Центр и Приволжье""",2019,,2019,2021,3,end_from_next_start,0
MRKC,Зархин Виталий Юрьевич,professional,2,"ПАО ""Россети Сибирь""",2021,2023,2021,2023,3,,0
MRKC,Зархин Виталий Юрьевич,professional,3,"ПАО ""ЭЛ5-Энерго""",2022,2023,2022,2023,2,,0
MRKC,Романовская Лариса Анатольевна,professional,0,"ПАО ""Россети""",,,,,0,missing_dates_excluded,0
MRKC,Романовская Лариса Анатольевна,professional,1,"ПАО ""МОЭСК""",,,,,0,missing_dates_excluded,0
MRKC,Романовская Лариса Анатольевна,professional,2,"Ассоциация организаций цифрового развития отрасли ""Цифровая энергетика""",,,,,0,missing_dates_excluded,0
MRKC,Романовская Лариса Анатольевна,professional,3,"ПАО ""МРСК Центра""",2018,,2018,2024,7,end_at_collection_year,1
MRKC,Логаткин Андрей Вячеславович,professional,0,"ПАО ""Россети""",,,,,0,missing_dates_excluded,0
MRKC,Логаткин Андрей Вячеславович,professional,1,"АО ""ЭНИН""",,,,,0,missing_dates_excluded,0
MRKC,Логаткин Андрей Вячеславович,professional,2,"Ассоциация ТЭК ""Российский Национальный Комитет Мирового Энергетического Совета""",,,,,0,missing_dates_excluded,0
MRKC,Логаткин Андрей Вячеславович,professional,3,"ПАО ""МРСК Центра""",2019,,2019,2024,6,end_at_collection_year,1
MRKC,Чевкин Дмитрий Александрович,professional,0,"ПАО ""Россети""",,,,,0,missing_dates_excluded,0
MRKC,Чевкин Дмитрий Александрович,professional,1,"АО ""ВОЛС ВЛ""",,,,,0,missing_dates_excluded,0
MRKC,Чевкин Дмитрий Александрович,professional,2,"ПАО ""МРСК Центра""",2019,,2019,2024,6,end_at_collection_year,1
MRKC,Варварин Александр Викторович,professional,0,РСПП,,,,,0,missing_dates_excluded,0
MRKC,Варварин Александр Викторович,professional,1,"НП ""Центр развития корпоративных отношений и разрешения экономических споров""",2012,,2012,2018,7,end_from_next_start,0
MRKC,Варварин Александр Викторович,professional,2,"ПАО ""МРСК Центра""",2018,,2018,2024,7,end_at_collection_year,1
MRKC,Варварин Александр Викторович,research,0,"Бизнес-школа РСПП указывает преподавательскую деятельность, опыт более 10 лет и авторство ряда публикаций по банкротству, корпоративному управлению и разрешению корпоративных споров.",,,,,0,missing_dates_excluded,
MRKC,Казаков Александр Иванович,professional,0,"ПАО ""МРСК Центра""",,,,,0,missing_dates_excluded,1
MRKC,Казаков Александр Иванович,professional,1,"ПАО ""МРСК Центра и Приволжья""",,,,,0,missing_dates_excluded,0
MRKC,Казаков Александр Иванович,professional,2,"ПАО ""МРСК Центра""",2018,,2018,2024,7,end_at_collection_year,1
MRKP,Игорь Владимирович Маковский,professional,0,"ПАО ""Россети Центр""",2018,2024,2018,2024,7,,0
MRKP,Игорь Владимирович Маковский,professional,1,"ПАО ""Россети Центр и Приволжье""",2019,,2019,2020,2,end_from_next_start,1
MRKP,Игорь Владимирович Маковский,professional,2,"ПАО ""МРСК Центра и Приволжья""",2020,2020,2020,2020,1,,1
MRKP,Игорь Владимирович Маковский,professional,3,"ООО ""Инфраструктурные инвестиции-3""",2022,,2022,2023,2,end_from_next_start,0
MRKP,Игорь Владимирович Маковский,professional,4,Ассоциация развития технологий систем накопления электроэнергии,2023,,2023,2024,2,end_at_collection_year,0
MRKP,Игорь Владимирович Маковский,professional,5,"ППК ""ВСК""",2024,,2024,2024,1,end_at_collection_year,0
MRKP,Сергей Александрович Терников,professional,0,"ИК ""Русские финансовые традиции""",2007,2008,2007,2008,2,,0
MRKP,Сергей Александрович Терников,professional,1,"ЗАО ""ФИНАМ""",2008,2010,2008,2010,3,,0
MRKP,Сергей Александрович Терников,professional,2,"ПАО ""Россети Центр"" и ПАО ""Россети Центр и Приволжье""",2010,2025,2010,2024,15,end_capped_at_collection_year,0
MRKP,Сергей Владимирович Хлусов,professional,0,"ПАО ""Россети Центр и Приволжье"" - филиал ""Мариэнерго""",2020,2020,2020,2020,1,,0
MRKP,Сергей Владимирович Хлусов,professional,1,"ПАО ""Россети Центр и Приволжье"" - филиал ""Мариэнерго""",2023,,2023,2024,2,end_at_collection_year,0
MRKP,Олег Романович Федоров,professional,0,"ПАО ""Россети Центр и Приволжье""",2023,,2023,2024,2,end_at_collection_year,1
MRKP,Олег Романович Федоров,professional,1,Национальная ассоциация корпоративных директоров,2020,,2020,2023,4,end_from_next_start,0
MRKP,Олег Романович Федоров,professional,2,"Ассоциация ""Благоустройство коттеджного поселка Пестово""",2020,2023,2020,2023,4,,0
MRKP,Олег Романович Федоров,professional,3,"ПАО ""Россети Северо-Запад""",2017,,2017,2020,4,end_from_next_start,0
MRKP,Олег Романович Федоров,professional,4,"Национальный реестр профессиональных корпоративных директоров, НП ""РИД""",2015,,2015,2017,3,end_from_next_start,0
MRKP,Андрей Владимирович Морозов,professional,0,Ассоциация профессиональных инвесторов,2017,,2017,2018,2,end_from_next_start,0
MRKP,Андрей Владимирович Морозов,professional,1,"ПАО ""Россети Центр и Приволжье""",2021,,2021,2022,2,end_from_next_start,1
MRKP,Андрей Владимирович Морозов,professional,2,"ПАО ""Россети Центр""",2022,,2022,2024,3,end_at_collection_year,0
MRKP,Андрей Владимирович Морозов,professional,3,"ПАО ""Россети Волга""",2020,2022,2020,2022,3,,0
MRKP,Андрей Владимирович Морозов,professional,4,"ПАО ""Россети Северо-Запад""",2019,2022,2019,2022,4,,0
MRKP,Андрей Владимирович Морозов,professional,5,"ПАО ""МРСК Центра и Приволжья""",2018,2021,2018,2021,4,,1
MRKP,Андрей Владимирович Морозов,professional,6,"ПАО ""Россети Юг""",2018,2020,2018,2020,3,,0
MRKP,Виталий Юрьевич Зархин,professional,0,"ПАО ""Россети Центр и Приволжье""",2019,,2019,2021,3,end_from_next_start,1
MRKP,Виталий Юрьевич Зархин,professional,1,"ПАО ""Россети Центр"" и ПАО ""Россети Юг""",2019,,2019,2021,3,end_from_next_start,0
MRKP,Виталий Юрьевич Зархин,professional,2,"ПАО ""ЭЛ5-Энерго""",2022,2023,2022,2023,2,,0
MRKP,Виталий Юрьевич Зархин,professional,3,"ПАО ""Россети Сибирь""",2021,2023,2021,2023,3,,0
MRKP,Виталий Юрьевич Зархин,professional,4,"ПАО ""Энел Россия""",2019,2021,2019,2021,3,,0
MRKP,Виталий Юрьевич Зархин,professional,5,"ПАО ""КТК""",2018,2019,2018,2019,2,,0
MRKU,Дмитрий Александрович Воденников,professional,0,ПАО «Россети Урал»,2024,,2024,2024,1,end_at_collection_year,1
MRKU,Дмитрий Александрович Воденников,professional,1,Филиал ПАО «Россети Московский регион» - Московские кабельные сети,2020,2024,2020,2024,5,,0
MRKU,Дмитрий Александрович Воденников,professional,2,ПАО «ФСК ЕЭС»,2017,2020,2017,2020,4,,0
MRKU,Даниил Владимирович Краинский,professional,0,ПАО «Россети Урал»,2021,,2021,2024,4,end_at_collection_year,1
MRKU,Даниил Владимирович Краинский,professional,1,ПАО «Россети»,,,,,0,missing_dates_excluded,0
MRKU,Даниил Владимирович Краинский,professional,2,ПАО «Россети Ленэнерго»,2018,,2018,2021,4,end_from_next_start,0
MRKU,Елена Викторовна Андреева,professional,0,ПАО «Россети Урал»,2024,,2024,2024,1,end_at_collection_year,1
MRKU,Елена Викторовна Андреева,professional,1,ПАО «Россети»,,,,,0,missing_dates_excluded,0
MRKU,Елена Викторовна Андреева,professional,2,ПАО «Мосэнерго»,2008,2020,2008,2020,13,,0
MRKU,Елена Викторовна Андреева,professional,3,ПАО «Газпром энергохолдинг»,2014,2020,2014,2020,7,,0
MRKU,Михаил Александрович Бычко,professional,0,ПАО «Россети Урал»,2024,,2024,2024,1,end_at_collection_year,1
MRKU,Михаил Александрович Бычко,professional,1,ПАО «Россети»,,,,,0,missing_dates_excluded,0
MRKU,Михаил Александрович Бычко,professional,2,ПАО «Россети»,2013,2020,2013,2020,8,,0
MRKU,Михаил Александрович Бычко,professional,3,ПАО «Россети»,2020,2022,2020,2022,3,,0
MRKU,Марина Александровна Лаврова,professional,0,ПАО «Россети Урал»,2024,,2024,2024,1,end_at_collection_year,1
MRKU,Марина Александровна Лаврова,professional,1,ПАО «Россети»,,,,,0,missing_dates_excluded,0
MRKU,Марина Александровна Лаврова,professional,2,ПАО «Россети»,2013,,2013,2024,12,end_at_collection_year,0
MRKU,Алексей Александрович Полинов,professional,0,ПАО «Россети»,,,,,0,missing_dates_excluded,0
MRKU,Алексей Александрович Полинов,professional,1,ПАО «Россети Северо-Запад»,2024,,2024,2024,1,end_at_collection_year,0
MRKU,Алексей Александрович Полинов,professional,2,ПАО «Россети Урал»,,,,,0,missing_dates_excluded,1
MRKU,Мария Геннадьевна Тихонова,professional,0,ПАО «Россети Урал»,2021,,2021,2024,4,end_at_collection_year,1
MRKU,Мария Геннадьевна Тихонова,professional,1,ПАО «Россети»,,,,,0,missing_dates_excluded,0
MRKU,Мария Геннадьевна Тихонова,professional,2,ПАО «Россети Сибирь»,2021,,2021,2024,4,end_at_collection_year,0
MRKU,Мария Геннадьевна Тихонова,professional,3,ПАО «Россети Томск»,2021,,2021,2024,4,end_at_collection_year,0
MRKU,Александр Викторович Шевчук,professional,0,ПАО «Россети Урал»,2016,,2016,2018,3,end_from_next_start,1
MRKU,Александр Викторович Шевчук,professional,1,Ассоциация профессиональных инвесторов,,,,,0,missing_dates_excluded,0
MRKU,Александр Викторович Шевчук,professional,2,ООО «Биннофарм Групп»,2021,2023,2021,2023,3,,0
MRKU,Александр Викторович Шевчук,professional,3,ПАО «Детский мир»,2018,2023,2018,2023,6,,0
MRKU,Александр Викторович Шевчук,professional,4,ПАО «Россети Центр»,2015,2022,2015,2022,8,,0
MRKU,Павел Валерьевич Родин,professional,0,ПАО «Т Плюс»,2025,,2025,2024,0,after_collection_year_excluded,0
MRKU,Павел Валерьевич Родин,professional,1,Свердловский филиал ПАО «Т Плюс»,,2025,,2024,0,missing_dates_excluded,0
MRKU,Павел Валерьевич Родин,professional,2,ОАО «Свердловэнерго»,1998,,1998,2024,27,end_from_next_start;end_capped_at_collection_year,0
MRKU,Павел Валерьевич Родин,professional,3,ПАО «Россети Урал»,,,,,0,missing_dates_excluded,1
MRKU,Карина Владимировна Дашко,professional,0,ПАО «Т Плюс»,,,,,0,missing_dates_excluded,0
MRKU,Карина Владимировна Дашко,professional,1,ПАО «Россети Урал»,,,,,0,missing_dates_excluded,1
MRKU,Алексей Вячеславович Коптев,professional,0,АО «Комплекспром»,,,,,0,missing_dates_excluded,0
MRKU,Алексей Вячеславович Коптев,professional,1,ПАО «Россети Урал»,,,,,0,missing_dates_excluded,1
MRKU,Владимир Александрович Рябушев,professional,0,ПАО «Россети Урал»,2021,,2021,2022,2,end_from_next_start,1
MRKU,Владимир Александрович Рябушев,professional,1,ПАО «Россети Урал»,2024,2024,2024,2024,1,,1
MRKU,Владимир Александрович Рябушев,professional,2,НЧОУ ДПО «Учебный центр МРСК Урала»,2021,,2021,2022,2,end_from_next_start,0
MRKU,Владимир Александрович Рябушев,professional,3,АО «ЕЭСК»,2022,,2022,2024,3,end_at_collection_year,0
MRKU,Алексей Владимирович Санин,professional,0,ПАО «Россети Урал»,2025,,2025,2024,0,after_collection_year_excluded,1
MRKU,Алексей Владимирович Санин,professional,1,ОАО «МРСК Урала» / ПАО «Россети Урал»,2010,,2010,2024,15,end_from_next_start;end_capped_at_collection_year,1
MRKU,Алексей Владимирович Санин,professional,2,ОАО «Свердловэнерго»,2005,2010,2005,2010,6,,0
MRKU,Сергей Владимирович Попов,professional,0,ПАО «Россети Урал»,2024,,2024,2024,1,end_at_collection_year,1
MRKU,Сергей Владимирович Попов,professional,1,ПАО «Россети Московский регион»,2021,2024,2021,2024,4,,0
MRKU,Сергей Владимирович Попов,professional,2,ПАО «ФСК ЕЭС»,2017,2021,2017,2021,5,,0
MRKU,Ольга Вячеславовна Очередько,professional,0,ПАО «Россети Урал»,2023,,2023,2024,2,end_at_collection_year,1
MRKU,Ольга Вячеславовна Очередько,professional,1,ПАО «Россети Кубань»,2008,2022,2008,2022,15,,0
MRKU,Ольга Вячеславовна Очередько,professional,2,АО «ЕЭСК»,2023,,2023,2024,2,end_at_collection_year,0
MRKU,Ольга Вячеславовна Очередько,professional,3,АО «Екатеринбургэнергосбыт»,2023,2024,2023,2024,2,,0
MRKV,Alexander Ilyich Gavrilov / Гаврилов Александр Ильич,professional,0,"ПАО ""Кубаньэнерго""",2013,2019,2013,2019,7,,0
MRKV,Alexander Ilyich Gavrilov / Гаврилов Александр Ильич,professional,1,"ПАО ""Кубаньэнерго""",2019,2021,2019,2021,3,,0
MRKV,Alexander Ilyich Gavrilov / Гаврилов Александр Ильич,professional,2,"ПАО ""Россети Волга""",2023,,2023,2024,2,end_at_collection_year,1
MRKV,Alexander Ilyich Gavrilov / Гаврилов Александр Ильич,research,0,,,,,,0,missing_dates_excluded,
MRKV,Alexander Ilyich Gavrilov / Гаврилов Александр Ильич,research,1,,,,,,0,missing_dates_excluded,
MRKV,Irina Yurievna Puchkova / Пучкова Ирина Юрьевна,professional,0,"ПАО ""МРСК Волги"" / ПАО ""Россети Волга""",2011,2023,2011,2023,13,,1
MRKV,Irina Yurievna Puchkova / Пучкова Ирина Юрьевна,professional,1,"Филиал ""Саратовские распределительные сети""",2014,,2014,2024,11,end_at_collection_year,0
MRKV,Oleg Grigoryevich Pavlov / Павлов Олег Григорьевич,professional,0,"ОАО ""МРСК Волги"" / ПАО ""Россети Волга""",2014,2022,2014,2022,9,,1
MRKV,Dmitriy Lvovich Zaretsky / Зарецкий Дмитрий Львович,professional,0,"ОАО ""МРСК Волги""",2012,2014,2012,2014,3,,1
MRKV,Dmitriy Lvovich Zaretsky / Зарецкий Дмитрий Львович,professional,1,"ПАО ""МРСК Волги"" / ПАО ""Россети Волга""",2015,2023,2015,2023,9,,1
MRKV,Yulia Gennadyevna Burtseva / Бурцева Юлия Геннадьевна,professional,0,"ПАО ""МРСК Волги"" / ПАО ""Россети Волга""",,,,,0,missing_dates_excluded,1
MRKV,Aleksander V. Shevchuk / Шевчук Александр Викторович,professional,0,Ассоциация профессиональных инвесторов,2014,,2014,2022,9,end_from_next_start,0
MRKV,Aleksander V. Shevchuk / Шевчук Александр Викторович,professional,1,"ПАО ""Россети Волга""",2022,,2022,2024,3,end_at_collection_year,1
MRKV,Maria Tikhonova / Тихонова Мария Геннадьевна,professional,0,"ОАО ""Нижновэнерго""",2003,2005,2003,2005,3,,0
MRKV,Maria Tikhonova / Тихонова Мария Геннадьевна,professional,1,Федеральное агентство по энергетике,2005,2008,2005,2008,4,,0
MRKV,Maria Tikhonova / Тихонова Мария Геннадьевна,professional,2,Министерство энергетики Российской Федерации,2008,2012,2008,2012,5,,0
MRKV,Maria Tikhonova / Тихонова Мария Геннадьевна,professional,3,"ПАО ""ФСК ЕЭС""",2013,2020,2013,2020,8,,0
MRKV,Maria Tikhonova / Тихонова Мария Геннадьевна,professional,4,"ПАО ""Россети"" / ПАО ""ФСК - Россети""",2013,,2013,2021,9,end_from_next_start,0
MRKV,Maria Tikhonova / Тихонова Мария Геннадьевна,professional,5,"ПАО ""Россети Волга""",2021,,2021,2024,4,end_at_collection_year,1
MRKV,Konstantin Valeryevich Kravchenko / Кравченко Константин Валерьевич,professional,0,"ПАО ""Россети Волга""",,,,,0,missing_dates_excluded,1
MRKV,Alexander Ivanovich Kazakov / Казаков Александр Иванович,professional,0,"ПАО ""Россети Центр""",2018,2020,2018,2020,3,,0
MRKV,Alexander Ivanovich Kazakov / Казаков Александр Иванович,professional,1,"ПАО ""Россети Центр и Приволжье""",2018,2020,2018,2020,3,,0
MRKV,Alexander Ivanovich Kazakov / Казаков Александр Иванович,professional,2,"ПАО ""Россети Волга""",2022,,2022,2024,3,end_at_collection_year,1
MRKV,Alexander Ivanovich Kazakov / Казаков Александр Иванович,research,0,,,,,,0,missing_dates_excluded,
MRKV,Alexander Golovtsov / Головцов Александр Викторович,professional,0,"ПАО ""Россети Волга""",2016,2020,2016,2020,5,,1
MRKV,Alexander Golovtsov / Головцов Александр Викторович,professional,1,"ООО ""Управляющая компания Промсвязь""",,,,,0,missing_dates_excluded,0
MRKV,Andrey P. Tulba / Тулба Андрей Петрович,professional,0,"ПАО ""Россети""",,,,,0,missing_dates_excluded,0
MRKV,Andrey P. Tulba / Тулба Андрей Петрович,professional,1,"ПАО ""Россети Волга""",2019,2022,2019,2022,4,,1
MRKV,Yuri Goncharov / Гончаров Юрий Владимирович,professional,0,"ПАО ""Российские сети""",2018,2023,2018,2023,6,,0
MRKV,Yuri Goncharov / Гончаров Юрий Владимирович,professional,1,"ПАО ""ФСК - Россети""",2023,,2023,2024,2,end_at_collection_year,0
MRKV,Yuri Goncharov / Гончаров Юрий Владимирович,professional,2,"ПАО ""Россети Волга""",2021,,2021,2023,3,end_from_next_start,1
MRKV,Aleksey Molskiy / Мольский Алексей Валерьевич,professional,0,"ПАО ""ФСК ЕЭС""",2019,2020,2019,2020,2,,0
MRKV,Aleksey Molskiy / Мольский Алексей Валерьевич,professional,1,"ПАО ""ФСК ЕЭС"" / ПАО ""Российские сети""",2020,2023,2020,2023,4,,0
MRKV,Aleksey Molskiy / Мольский Алексей Валерьевич,professional,2,"ПАО ""ФСК - Россети"" / ПАО ""Россети""",2022,,2022,2023,2,end_from_next_start,0
MRKV,Aleksey Molskiy / Мольский Алексей Валерьевич,professional,3,"ПАО ""Россети Волга""",2023,,2023,2024,2,end_at_collection_year,1
MRKV,Leonid Yuryevich Akimov / Акимов Леонид Юрьевич,professional,0,"ПАО ""Россети Ленэнерго""",,,,,0,missing_dates_excluded,0
MRKV,Leonid Yuryevich Akimov / Акимов Леонид Юрьевич,professional,1,"ПАО ""Россети Волга""",2016,,2016,2024,9,end_at_collection_year,1
MRKV,Leonid Yuryevich Akimov / Акимов Леонид Юрьевич,research,0,,,,,,0,missing_dates_excluded,
MRKZ,Вячеслав Юрьевич Торсунов,professional,0,Правительство Российской Федерации,2012,2020,2012,2020,9,,0
MRKZ,Вячеслав Юрьевич Торсунов,professional,1,Фонд капитального ремонта многоквартирных домов города Москвы,2020,2021,2020,2021,2,,0
MRKZ,Вячеслав Юрьевич Торсунов,professional,2,Департамент жилищно-коммунального хозяйства города Москвы,2021,2024,2021,2024,4,,0
MRKZ,Вячеслав Юрьевич Торсунов,professional,3,"ПАО ""Россети Северо-Запад""",2024,,2024,2024,1,end_at_collection_year,1
MRKZ,Вячеслав Юрьевич Торсунов,professional,4,"ПАО ""Россети Московский регион"", АО ""Мосводоканал"", АО ""Москоллектор"", АО ""Мосэнергосбыт"", ПАО ""Мосэнерго"" и другие организации ЖКХ Москвы",2021,,2021,2024,4,end_at_collection_year,0
MRKZ,Алексей Александрович Полинов,professional,0,"ПАО ""Россети Ленэнерго""",2019,2022,2019,2022,4,,0
MRKZ,Алексей Александрович Полинов,professional,1,"ПАО ""Россети Ленэнерго""",2022,,2022,2024,3,end_at_collection_year,0
MRKZ,Алексей Александрович Полинов,professional,2,"ПАО ""Российские сети"" / ПАО ""ФСК - Россети""",2021,,2021,2022,2,end_from_next_start,0
MRKZ,Артем Геннадьевич Алешин,professional,0,"ПАО ""Россети Центр""",2019,2023,2019,2023,5,,0
MRKZ,Артем Геннадьевич Алешин,professional,1,"ПАО ""Россети Центр""",2023,2024,2023,2024,2,,0
MRKZ,Артем Геннадьевич Алешин,professional,2,"ПАО ""ФСК - Россети""",2023,,2023,2024,2,end_at_collection_year,0
MRKZ,Василий Васильевич Вычегжанин,professional,0,"ПАО ""МОЭСК""",2017,2021,2017,2021,5,,0
MRKZ,Василий Васильевич Вычегжанин,professional,1,"ПАО ""Россети Московский регион""",2021,2023,2021,2023,3,,0
MRKZ,Василий Васильевич Вычегжанин,professional,2,"ПАО ""ФСК - Россети""",2023,,2023,2024,2,end_at_collection_year,0
MRKZ,Александр Юрьевич Корнеев,professional,0,"ПАО ""Российские сети""",2019,2020,2019,2020,2,,0
MRKZ,Александр Юрьевич Корнеев,professional,1,"ПАО ""ФСК - Россети""",2020,,2020,2021,2,end_from_next_start,0
MRKZ,Александр Юрьевич Корнеев,professional,2,"ПАО ""ФСК ЕЭС""",2021,2022,2021,2022,2,,0
MRKZ,Андрей Владимирович Морозов,professional,0,Ассоциация профессиональных инвесторов,2017,,2017,2019,3,end_from_next_start,0
MRKZ,Андрей Владимирович Морозов,professional,1,"ПАО ""Россети Северо-Запад""",2019,,2019,2024,6,end_at_collection_year,1
MRKZ,Сергей Сергеевич Пикин,professional,0,"ООО ""НТЦ Энергофонд""",2009,,2009,2017,9,end_from_next_start,0
MRKZ,Сергей Сергеевич Пикин,professional,1,"ПАО ""Россети Ленэнерго""",2017,,2017,2024,8,end_at_collection_year,0
MRKZ,Сергей Сергеевич Пикин,professional,2,"ПАО ""Россети Центр""",2024,,2024,2024,1,end_at_collection_year,0
MRKZ,Мария Геннадьевна Тихонова,professional,0,"ПАО ""ФСК ЕЭС""",2013,2020,2013,2020,8,,0
MRKZ,Мария Геннадьевна Тихонова,professional,1,"ПАО ""Российские сети""",2020,2023,2020,2023,4,,0
MRKZ,Мария Геннадьевна Тихонова,professional,2,"ПАО ""ФСК - Россети""",2020,,2020,2024,5,end_at_collection_year,0
MRKZ,Олег Романович Федоров,professional,0,СРО Национальная ассоциация корпоративных директоров,2023,,2023,2024,2,end_at_collection_year,0
MRKZ,Олег Романович Федоров,professional,1,"НП ""Российский институт директоров""",2015,,2015,2023,9,end_from_next_start,0
MRKZ,Олег Романович Федоров,professional,2,"ПАО ""Россети Центр и Приволжье""",2023,,2023,2024,2,end_at_collection_year,0
MRKZ,Владимир Вячеславович Харитонов,professional,0,"АО ""ФИЦ"" и АО ""НИЦ ЕЭС""",2018,2021,2018,2021,4,,0
MRKZ,Владимир Вячеславович Харитонов,professional,1,"АО ""НТЦ ФСК ЕЭС""",2021,2022,2021,2022,2,,0
MRKZ,Владимир Вячеславович Харитонов,professional,2,"ПАО ""Российские сети""",2022,2023,2022,2023,2,,0
MRKZ,Владимир Вячеславович Харитонов,professional,3,"ПАО ""ФСК - Россети""",2022,,2022,2024,3,end_at_collection_year,0
MRKZ,Владимир Вячеславович Харитонов,professional,4,"Ассоциация ""Российский национальный комитет СИГРЭ""",2021,,2021,2022,2,end_from_next_start,0
MRKZ,Александр Викторович Шевчук,professional,0,Ассоциация профессиональных инвесторов,2014,,2014,2024,11,end_at_collection_year,0
MRKZ,Александр Викторович Шевчук,professional,1,"ПАО ""Россети Урал"", ПАО ""Россети Волга"", ПАО ""Россети Центр"" и другие компании",2014,,2014,2024,11,end_at_collection_year,0
MRKZ,Денис Владимирович Ягодка,professional,0,"ПАО ""Россети Северо-Запад""",2017,,2017,2018,2,end_from_next_start,1
MRKZ,Денис Владимирович Ягодка,professional,1,"ПАО ""Россети Северо-Запад""",2018,,2018,2021,4,end_from_next_start,1
MRKZ,Денис Владимирович Ягодка,professional,2,"АО ""Россети Янтарь""",2021,2024,2021,2024,4,,0
MRKZ,Денис Владимирович Ягодка,professional,3,"ПАО ""Россети Северо-Запад""",2024,2024,2024,2024,1,,1
MRKZ,Светлана Валерьевна Филатова,professional,0,"ПАО ""Россети Северо-Запад""",2019,,2019,2021,3,end_from_next_start,1
MRKZ,Светлана Валерьевна Филатова,professional,1,"ПАО ""Россети Северо-Запад""",2019,,2019,2021,3,end_from_next_start,1
MRKZ,Светлана Валерьевна Филатова,professional,2,"АО ""Псковэнергоагент""",2019,,2019,2021,3,end_from_next_start,0
MRKZ,Светлана Валерьевна Филатова,professional,3,"АО ""Янтарьэнергосбыт""",2021,,2021,2024,4,end_at_collection_year,0
MRKZ,Карина Андреевна Аганова,professional,0,"ПАО ""МРСК Северо-Запада""",2018,2020,2018,2020,3,,1
MRKZ,Карина Андреевна Аганова,professional,1,"ПАО ""МРСК Северо-Запада""",2020,2021,2020,2021,2,,1
MRKZ,Карина Андреевна Аганова,professional,2,"ПАО ""Россети Северо-Запад""",2021,,2021,2024,4,end_at_collection_year,1
MRKZ,Карина Андреевна Аганова,professional,3,"ПАО ""Россети Северо-Запад""",2021,,2021,2024,4,end_at_collection_year,1
MRKZ,Анна Владимировна Изотова,professional,0,"ООО ""РУСЭНЕРГОСБЫТ""",2015,2021,2015,2021,7,,0
MRKZ,Анна Владимировна Изотова,professional,1,"ПАО ""МРСК Северо-Запада""",2021,2021,2021,2021,1,,1
MRKZ,Анна Владимировна Изотова,professional,2,"ПАО ""Россети Северо-Запад""",2021,,2021,2022,2,end_from_next_start,1
MRKZ,Анна Владимировна Изотова,professional,3,"ПАО ""Россети Северо-Запад""",2021,,2021,2022,2,end_from_next_start,1
MRKZ,Анна Владимировна Изотова,professional,4,"АО ""Янтарьэнергосбыт""",2022,2024,2022,2024,3,,0
MRKZ,Сергей Владимирович Климов,professional,0,"ПАО ""МРСК Северо-Запада""",2020,2021,2020,2021,2,,1
MRKZ,Сергей Владимирович Климов,professional,1,"ПАО ""Россети Северо-Запад""",2021,2021,2021,2021,1,,1
MRKZ,Сергей Владимирович Климов,professional,2,"ПАО ""Россети Северо-Запад""",2021,,2021,2022,2,end_from_next_start,1
MRKZ,Сергей Владимирович Климов,professional,3,"ПАО ""Россети Северо-Запад""",2022,,2022,2024,3,end_at_collection_year,1
MRKZ,Сергей Владимирович Климов,professional,4,"АО ""Энергосервис Северо-Запада"", АО ""Янтарьэнергосервис"", АО ""ПСК""",2022,,2022,2024,3,end_at_collection_year,0
MSNG,Александр Александрович Бутко,professional,0,"ООО ""Межрегионэнергострой""",2007,2015,2007,2015,9,,0
MSNG,Александр Александрович Бутко,professional,1,"ПАО ""Мосэнерго""",2015,,2015,2016,2,end_from_next_start,1
MSNG,Александр Александрович Бутко,professional,2,"ПАО ""Мосэнерго""",2016,,2016,2024,9,end_at_collection_year,1
MSNG,Денис Сергеевич Ворончихин,professional,0,"ОАО ""Третья генерирующая компания оптового рынка электроэнергии"" (ОГК-3)",,,,,0,missing_dates_excluded,0
MSNG,Денис Сергеевич Ворончихин,professional,1,"ПАО ""Мосэнерго""",,,,,0,missing_dates_excluded,1
MSNG,Александр Алексеевич Афанасьев,professional,0,"ПАО ""Мосэнерго""",2019,,2019,2024,6,end_at_collection_year,1
MSNG,Елена Юрьевна Новенькова,professional,0,"ПАО ""Мосэнерго""",,,,,0,missing_dates_excluded,1
MSNG,Анна Александровна Ефимова,professional,0,"ПАО ""Мосэнерго""",2000,,2000,2024,25,end_at_collection_year,1
MSNG,Анна Александровна Ефимова,professional,1,Московский государственный юридический университет имени О.Е. Кутафина (МГЮА),,,,,0,missing_dates_excluded,0
MSNG,Денис Владимирович Федоров,professional,0,"ПАО ""Газпром""",2015,,2015,2024,10,end_at_collection_year,0
MSNG,Денис Владимирович Федоров,professional,1,"ООО ""Газпром энергохолдинг""",2015,,2015,2024,10,end_at_collection_year,0
MSNG,Денис Владимирович Федоров,professional,2,"ПАО ""Мосэнерго""",2010,,2010,2015,6,end_from_next_start,1
MSNG,Денис Владимирович Федоров,research,0,,,,,,0,missing_dates_excluded,
MSNG,Елена Владимировна Михайлова,professional,0,"ПАО ""Газпром""",,,,,0,missing_dates_excluded,0
MSNG,Елена Владимировна Михайлова,professional,1,"ПАО ""Мосэнерго""",2019,,2019,2024,6,end_at_collection_year,1
MSNG,Иванников Александр Сергеевич,professional,0,"ОАО ""Промышленно-строительный банк""",1994,1997,1994,1997,4,,0
MSNG,Иванников Александр Сергеевич,professional,1,"Комитет по экономическому развитию, промышленной политике и торговле Санкт-Петербурга",2001,2006,2001,2006,6,,0
MSNG,Иванников Александр Сергеевич,professional,2,"ПАО ""ТГК-1""",2006,2007,2006,2007,2,,0
MSNG,Иванников Александр Сергеевич,professional,3,"ПАО ""Мосэнерго""",2007,2010,2007,2010,4,,1
MSNG,Иванников Александр Сергеевич,professional,4,"ПАО ""Газпром""",2010,,2010,2016,7,end_from_next_start,0
MSNG,Иванников Александр Сергеевич,professional,5,"ПАО ""Мосэнерго""",2016,,2016,2024,9,end_at_collection_year,1
MSNG,Иванников Александр Сергеевич,research,0,,,,,,0,missing_dates_excluded,
MSNG,Маркелов Виталий Анатольевич,professional,0,"ООО ""Волгатрансгаз""",1997,2000,1997,2000,4,,0
MSNG,Маркелов Виталий Анатольевич,professional,1,"ООО ""Газпром трансгаз Томск""",2003,2011,2003,2011,9,,0
MSNG,Маркелов Виталий Анатольевич,professional,2,"ООО ""Дальтрансгаз""",2008,2011,2008,2011,4,,0
MSNG,Маркелов Виталий Анатольевич,professional,3,"ООО ""Газпром инвест Восток""",2011,,2011,2019,9,end_from_next_start,0
MSNG,Маркелов Виталий Анатольевич,professional,4,"ПАО ""Газпром""",2011,,2011,2019,9,end_from_next_start,0
MSNG,Маркелов Виталий Анатольевич,professional,5,"ПАО ""Мосэнерго""",2019,,2019,2024,6,end_at_collection_year,1
MSNG,Маркелов Виталий Анатольевич,research,0,,,,,,0,missing_dates_excluded,
MSNG,Комиссаров Константин Васильевич,professional,0,"АО ""ИК РЕГИОН""",,,,,0,missing_dates_excluded,0
MSNG,Комиссаров Константин Васильевич,professional,1,"ПАО ""Мосэнерго""",,,,,0,missing_dates_excluded,1
MSNG,Сухов Геннадий Николаевич,professional,0,"ПАО ""Газпром""",,,,,0,missing_dates_excluded,0
MSNG,Сухов Геннадий Николаевич,professional,1,"ПАО ""Мосэнерго""",,,,,0,missing_dates_excluded,1
MSNG,Табельский Андрей Николаевич,professional,0,Департамент городского имущества города Москвы,2007,2021,2007,2021,15,,0
MSNG,Табельский Андрей Николаевич,professional,1,"ПАО ""Мосэнерго""",,,,,0,missing_dates_excluded,1
MSNG,Хорев Андрей Викторович,professional,0,Банк ГПБ (АО),,,,,0,missing_dates_excluded,0
MSNG,Хорев Андрей Викторович,professional,1,"ПАО ""Мосэнерго""",,,,,0,missing_dates_excluded,1
MSNG,Шацкий Павел Олегович,professional,0,"ООО ""Газпром энергохолдинг""",2015,,2015,2024,10,end_at_collection_year,0
MSNG,Шацкий Павел Олегович,professional,1,"ПАО ""Мосэнерго""",2014,,2014,2015,2,end_from_next_start,1
MSRS,Александр Михайлович Пятигор,professional,0,"ПАО ""Россети""",2018,2020,2018,2020,3,,0
MSRS,Александр Михайлович Пятигор,professional,1,"ПАО ""Россети Ленэнерго""",2020,2020,2020,2020,1,,0
MSRS,Александр Михайлович Пятигор,professional,2,"ПАО ""Россети Урал""",2022,2024,2022,2024,3,,0
MSRS,Александр Михайлович Пятигор,professional,3,"ПАО ""Россети Московский регион""",2024,,2024,2024,1,end_at_collection_year,1
MSRS,Петр Алексеевич Синютин,professional,0,"ОАО ""Мосэнергосбыт""",2010,2012,2010,2012,3,,0
MSRS,Петр Алексеевич Синютин,professional,1,"ОАО/ПАО ""МОЭСК"" / ПАО ""Россети Московский регион""",2012,2024,2012,2024,13,,1
MSRS,Владимир Юрьевич Мясников,professional,0,"ОАО/АО ""Концерн Росэнергоатом""",2004,2016,2004,2016,13,,0
MSRS,Владимир Юрьевич Мясников,professional,1,"ПАО ""Россети Московский регион""",2017,,2017,2024,8,end_at_collection_year,1
MSRS,Всеволод Евгеньевич Иванов,professional,0,"ПАО ""МОЭСК""",1997,2013,1997,2013,17,,1
MSRS,Всеволод Евгеньевич Иванов,professional,1,"ПАО ""МОЭСК""",2015,2018,2015,2018,4,,1
MSRS,Всеволод Евгеньевич Иванов,professional,2,"ПАО ""МОЭСК"", филиал ""Московские высоковольтные сети""",2018,,2018,2024,7,end_at_collection_year,0
MSRS,Ирина Алёхина,professional,0,"ПАО ""Россети Московский регион"" / ПАО ""МОЭСК""",,,,,0,missing_dates_excluded,1
MSRS,Лилия Ивановна Шелест,professional,0,"ОАО ""Южная генерирующая компания"" (ТГК-8)",2006,2006,2006,2006,1,,0
MSRS,Лилия Ивановна Шелест,professional,1,"ОАО ""Мосэнергосбыт""",2007,2012,2007,2012,6,,0
MSRS,Лилия Ивановна Шелест,professional,2,"ПАО ""Россети Московский регион"" / ПАО ""МОЭСК""",2012,,2012,2024,13,end_at_collection_year,1
MSRS,Анатолий Анатольевич Гавриленко,professional,0,"ЗАО ""Лидер""",2004,,2004,2005,2,end_from_next_start,0
MSRS,Анатолий Анатольевич Гавриленко,professional,1,"ПАО ""Россети Московский регион""",2005,,2005,2024,20,end_at_collection_year,1
MSRS,Алексей Викторович Нуждов,professional,0,"ЗАО ""Лидер""",2008,2018,2008,2018,11,,0
MSRS,Алексей Викторович Нуждов,professional,1,"АО ""НПФ ГАЗФОНД""",2018,,2018,2024,7,end_at_collection_year,0
MSRS,Алексей Викторович Нуждов,professional,2,"ПАО ""Россети Московский регион""",2010,,2010,2018,9,end_from_next_start,1
MSRS,Сергей Александрович Никитин,professional,0,"ЗАО ""Лидер""",,,,,0,missing_dates_excluded,0
MSRS,Сергей Александрович Никитин,professional,1,"ПАО ""Россети Московский регион""",2013,,2013,2024,12,end_at_collection_year,1
MSRS,Сергей Валентинович Грищенко,professional,0,Внешторгбанк РФ,1993,1994,1993,1994,2,,0
MSRS,Сергей Валентинович Грищенко,professional,1,KPMG Peat Marwick,1994,1995,1994,1995,2,,0
MSRS,Сергей Валентинович Грищенко,professional,2,Skadden Arps Slate Meagher & Flom,1995,1996,1995,1996,2,,0
MSRS,Сергей Валентинович Грищенко,professional,3,Тройка Диалог,1996,,1996,2012,17,end_from_next_start,0
MSRS,Сергей Валентинович Грищенко,professional,4,"""Базовый Элемент""",,,,,0,missing_dates_excluded,0
MSRS,Сергей Валентинович Грищенко,professional,5,Банк ГПБ (АО) / Газпромбанк,,,,,0,missing_dates_excluded,0
MSRS,Сергей Валентинович Грищенко,professional,6,"ПАО ""МОЭСК"" / Rosseti Moscow Region",2012,2017,2012,2017,6,,0
MSRS,Евгений Ильич Логовинский,professional,0,PricewaterhouseCoopers (PwC),1995,2004,1995,2004,10,,0
MSRS,Евгений Ильич Логовинский,professional,1,"УК ""Лидер""",2004,2006,2004,2006,3,,0
MSRS,Евгений Ильич Логовинский,professional,2,"АО ""СОГАЗ""",2006,2010,2006,2010,5,,0
MSRS,Евгений Ильич Логовинский,professional,3,"АО ""Собинбанк""",2010,2011,2010,2011,2,,0
MSRS,Евгений Ильич Логовинский,professional,4,"ГК ""Видео Интернешнл""",2011,2012,2011,2012,2,,0
MSRS,Евгений Ильич Логовинский,professional,5,"ОАО ""АБ ""Россия""""",2012,2015,2012,2015,4,,0
MSRS,Евгений Ильич Логовинский,professional,6,"АО ""АБР Менеджмент""",2015,,2015,2016,2,end_from_next_start,0
MSRS,Евгений Ильич Логовинский,professional,7,Банк СГБ,2015,,2015,2016,2,end_from_next_start,0
MSRS,Евгений Ильич Логовинский,professional,8,"АО ""НПФ ГАЗФОНД""",2015,,2015,2016,2,end_from_next_start,0
MSRS,Евгений Ильич Логовинский,professional,9,"ПАО ""Россети Московский регион""",2016,,2016,2024,9,end_at_collection_year,1
MSRS,Ольга Андреевна Сергеева,professional,0,Департамент топливно-энергетического хозяйства города Москвы / Департамент ЖКХ города Москвы,2016,2017,2016,2017,2,,0
MSRS,Ольга Андреевна Сергеева,professional,1,"ПАО ""Россети""",2017,2019,2017,2019,3,,0
MSRS,Ольга Андреевна Сергеева,professional,2,"ПАО ""МОЭСК"" / Rosseti Moscow Region",2018,2019,2018,2019,2,,0
MSRS,Гасан Гизбуллагович Гасангаджиев,professional,0,Департамент топливно-энергетического хозяйства города Москвы,,,,,0,missing_dates_excluded,0
MSRS,Гасан Гизбуллагович Гасангаджиев,professional,1,"АО ""МОСГАЗ""",2009,2017,2009,2017,9,,0
MSRS,Гасан Гизбуллагович Гасангаджиев,professional,2,"ПАО ""МОЭСК"" / Rosseti Moscow Region",2018,2019,2018,2019,2,,0
MSRS,Юрий Владимирович Гончаров,professional,0,"ПАО ""Россети""",2013,,2013,2018,6,end_from_next_start,0
MSRS,Юрий Владимирович Гончаров,professional,1,"ПАО ""МОЭСК"" / Rosseti Moscow Region",2018,2019,2018,2019,2,,0
MSRS,Лариса Анатольевна Романовская,professional,0,"ООО ""Свой Хлеб""",2011,2014,2011,2014,4,,0
MSRS,Лариса Анатольевна Романовская,professional,1,"ООО ""Энсол""",2014,2017,2014,2017,4,,0
MSRS,Лариса Анатольевна Романовская,professional,2,"ПАО ""Россети""",2017,2019,2017,2019,3,,0
MSRS,Лариса Анатольевна Романовская,professional,3,"ПАО ""МОЭСК"" / Rosseti Moscow Region",2018,2019,2018,2019,2,,0
MTLR,Коржов Олег Викторович,professional,0,"ПАО ""Мечел""",2014,2025,2014,2024,11,end_capped_at_collection_year,1
MTLR,Коржов Олег Викторович,professional,1,"ОАО ""Мечел""",2011,2013,2011,2013,3,,1
MTLR,Коржов Олег Викторович,professional,2,"ОАО ""Мечел""",2009,2011,2009,2011,3,,1
MTLR,Коржов Олег Викторович,professional,3,"ООО ""УК ""Мечел""",2008,2009,2008,2009,2,,0
MTLR,Коржов Олег Викторович,professional,4,"ОАО ""Мечел""",2005,2008,2005,2008,4,,1
MTLR,Коржов Олег Викторович,professional,5,"ОАО ""Нижнетагильский металлургический комбинат"" (НТМК, группа ""Евразхолдинг"")",2003,2005,2003,2005,3,,0
MTLR,Коржов Олег Викторович,professional,6,"ОАО ""Нижнетагильский металлургический комбинат"" (НТМК)",1998,2003,1998,2003,6,,0
MTLR,Коржов Олег Викторович,professional,7,"ОАО ""Никомремстрой"" (дочернее предприятие НТМК)",1997,1998,1997,1998,2,,0
MTLR,Коржов Олег Викторович,professional,8,"ОАО ""Никомремстрой"" (дочернее предприятие НТМК)",1995,1997,1995,1997,3,,0
MTLR,Коржов Олег Викторович,professional,9,"ОАО ""Нижнетагильский металлургический комбинат"" (НТМК)",1993,1995,1993,1995,3,,0
MTLR,Хафизов Игорь Валерьевич,professional,0,"ПАО ""Мечел""",2025,,2025,2024,0,after_collection_year_excluded,1
MTLR,Хафизов Игорь Валерьевич,professional,1,"ПАО ""Мечел""",2025,2025,2025,2024,0,after_collection_year_excluded,1
MTLR,Хафизов Игорь Валерьевич,professional,2,"ООО ""Северная звезда""",2022,2023,2022,2023,2,,0
MTLR,Хафизов Игорь Валерьевич,professional,3,"ООО ""УК Мечел-Майнинг""",2019,2021,2019,2021,3,,0
MTLR,Хафизов Игорь Валерьевич,professional,4,"ООО ""УК Мечел-Майнинг""",2017,2018,2017,2018,2,,0
MTLR,Хафизов Игорь Валерьевич,professional,5,"АО ХК ""Якутуголь""",2009,2017,2009,2017,9,,0
MTLR,Хафизов Игорь Валерьевич,professional,6,"ОАО ""Мечел-Майнинг""",2008,2009,2008,2009,2,,0
MTLR,Хафизов Игорь Валерьевич,professional,7,"ОАО ""Южный Кузбасс""",2006,2007,2006,2007,2,,0
MTLR,Хафизов Игорь Валерьевич,professional,8,"ОАО ""Коршуновский ГОК""",1992,2006,1992,2006,15,,0
MTLR,Алексей Лукашов,professional,0,"ПАО ""Мечел""",,,,,0,missing_dates_excluded,1
MTLR,Лебедев Алексей Викторович,professional,0,"ПАО ""Мечел""",2022,,2022,2024,3,end_at_collection_year,1
MTLR,Лебедев Алексей Викторович,professional,1,"ООО ""УК Мечел-Транс""",2013,2022,2013,2022,10,,0
MTLR,Лебедев Алексей Викторович,professional,2,"ООО ""Мечел-Транс Авто""",2011,2013,2011,2013,3,,0
MTLR,Лебедев Алексей Викторович,professional,3,"ООО ""Мечел-Транс""",2010,2011,2010,2011,2,,0
MTLR,Лебедев Алексей Викторович,professional,4,"ЗАО ПСП ""Уралпромснаб""",1998,2003,1998,2003,6,,0
MTLR,Лебедев Алексей Викторович,professional,5,"ОАО ""Евроазиатская фрахтовая компания ""Трансферо""",1993,1998,1993,1998,6,,0
MTLR,Войткус Дмитрий Сергеевич,professional,0,"ПАО ""Мечел""",2020,,2020,2024,5,end_at_collection_year,1
MTLR,Войткус Дмитрий Сергеевич,professional,1,"ПАО ""Мечел""",2020,,2020,2024,5,end_at_collection_year,1
MTLR,Войткус Дмитрий Сергеевич,professional,2,"АО ""ТВЭЛ""",2019,2020,2019,2020,2,,0
MTLR,Войткус Дмитрий Сергеевич,professional,3,"АО ""ТВЭЛ""",2018,2019,2018,2019,2,,0
MTLR,Войткус Дмитрий Сергеевич,professional,4,"АО ""Ураниум Уан Груп"" (в составе Госкорпорации ""Росатом"")",2014,2018,2014,2018,5,,0
MTLR,Силаева Екатерина Александровна,professional,0,"ПАО ""Мечел""",2020,,2020,2024,5,end_at_collection_year,1
MTLR,Силаева Екатерина Александровна,professional,1,"ПАО ""Мечел""",,,,,0,missing_dates_excluded,1
MTLR,Силаева Екатерина Александровна,professional,2,"ООО ""УК Полюс""",2019,2020,2019,2020,2,,0
MTLR,Силаева Екатерина Александровна,professional,3,"ПАО ""Мечел""",2007,2019,2007,2019,13,,1
MTLR,Силаева Екатерина Александровна,professional,4,"ООО ""Волготанкер АМС""",2004,2007,2004,2007,4,,0
MTLR,Силаева Екатерина Александровна,professional,5,Лукойл Оверсиз Сервис Лтд.,2001,2004,2001,2004,4,,0
MTSS,Вячеслав Константинович Николаев / Vyacheslav Konstantinovich Nikolayev,professional,0,"ПАО ""МТС""",2021,,2021,2024,4,end_at_collection_year,1
MTSS,Вячеслав Константинович Николаев / Vyacheslav Konstantinovich Nikolayev,professional,1,"ПАО ""МТС""",2020,2021,2020,2021,2,,1
MTSS,Вячеслав Константинович Николаев / Vyacheslav Konstantinovich Nikolayev,professional,2,"ПАО ""МТС""",2017,2020,2017,2020,4,,1
MTSS,Вячеслав Константинович Николаев / Vyacheslav Konstantinovich Nikolayev,professional,3,Группа МТС,2004,,2004,2013,10,end_from_next_start,0
MTSS,Вячеслав Константинович Николаев / Vyacheslav Konstantinovich Nikolayev,professional,4,"ПАО ""МТС""",2013,2017,2013,2017,5,,1
MTSS,Алексей Андреевич Катунин / Alexey Katunin,professional,0,"ПАО ""МТС""",2023,,2023,2024,2,end_at_collection_year,1
MTSS,Алексей Андреевич Катунин / Alexey Katunin,professional,1,"ПАО ""МТС""",2011,2023,2011,2023,13,,1
MTSS,Алексей Андреевич Катунин / Alexey Katunin,professional,2,"ПАО ""МТС""",2009,2011,2009,2011,3,,1
MTSS,Павел Алексеевич Воронин / Pavel Voronin,professional,0,"ПАО ""МТС"" / MTS Web Services",2021,,2021,2024,4,end_at_collection_year,0
MTSS,Павел Алексеевич Воронин / Pavel Voronin,professional,1,Сбербанк,2020,2021,2020,2021,2,,0
MTSS,Павел Алексеевич Воронин / Pavel Voronin,professional,2,S7 Group,2016,2020,2016,2020,5,,0
MTSS,Павел Алексеевич Воронин / Pavel Voronin,professional,3,технологические стартапы,2012,2016,2012,2016,5,,0
MTSS,Павел Алексеевич Воронин / Pavel Voronin,research,0,"НИУ ВШЭ, факультет компьютерных наук",2023,,2023,2024,2,end_at_collection_year,
MTSS,Полина Угрюмова / Polina Ugryumova,professional,0,"ПАО ""МТС""",2018,,2018,2024,7,end_at_collection_year,1
MTSS,Полина Угрюмова / Polina Ugryumova,professional,1,Morgan Stanley,2008,2018,2008,2018,11,,0
MTSS,Руслан Султанович Ибрагимов / Ruslan Sultanovich Ibragimov,professional,0,"ПАО ""МТС""",2007,2022,2007,2022,16,,1
MTSS,Руслан Султанович Ибрагимов / Ruslan Sultanovich Ibragimov,professional,1,Ibragimov Kagan & Partners,2002,2006,2002,2006,5,,0
MTSS,Руслан Султанович Ибрагимов / Ruslan Sultanovich Ibragimov,professional,2,Rsm Top Audit,1996,2002,1996,2002,7,,0
MTSS,Руслан Султанович Ибрагимов / Ruslan Sultanovich Ibragimov,professional,3,COMSTAR-United TeleSystems,2010,2011,2010,2011,2,,0
MTSS,Регина Дагмар Бенедикта фон Флемминг / Regina von Flemming,professional,0,"ПАО ""МТС""",2015,,2015,2024,10,end_at_collection_year,1
MTSS,Регина Дагмар Бенедикта фон Флемминг / Regina von Flemming,professional,1,AS Rus Media JSC / Axel Springer Russia,2005,2015,2005,2015,11,,0
MTSS,Регина Дагмар Бенедикта фон Флемминг / Regina von Flemming,professional,2,Delta Capital (American-Russian Investment Fund),2000,2003,2000,2003,4,,0
MTSS,Регина Дагмар Бенедикта фон Флемминг / Regina von Flemming,professional,3,Treuhand Osteuropa Beratung,1993,1996,1993,1996,4,,0
MTSS,Регина Дагмар Бенедикта фон Флемминг / Regina von Flemming,professional,4,Flemming & Partner GmbH,2000,2003,2000,2003,4,,0
MTSS,Регина Дагмар Бенедикта фон Флемминг / Regina von Flemming,professional,5,Ehrmann AG / Krone Russia,1996,2000,1996,2000,5,,0
MTSS,Артем Иванович Засурский / Artem I. Zassoursky,professional,0,"ПАО ""МТС""",2017,,2017,2018,2,end_from_next_start,1
MTSS,Артем Иванович Засурский / Artem I. Zassoursky,professional,1,"АФК ""Система""",2018,,2018,2024,7,end_at_collection_year,0
MTSS,Артем Иванович Засурский / Artem I. Zassoursky,professional,2,Stream LLC,2011,2016,2011,2016,6,,0
MTSS,Артем Иванович Засурский / Artem I. Zassoursky,professional,3,Sistema Mass Media JSC,2012,2013,2012,2013,2,,0
MTSS,Валентин Борисович Юмашев / Valentin Borisovich Yumashev,professional,0,"ПАО ""МТС""",2019,,2019,2024,6,end_at_collection_year,1
MTSS,Валентин Борисович Юмашев / Valentin Borisovich Yumashev,professional,1,"Фонд ""Президентский центр Б. Н. Ельцина""",,,,,0,missing_dates_excluded,0
MTSS,Надя Шурабура / Nadia Shouraboura,professional,0,"ПАО ""МТС""",2020,,2020,2024,5,end_at_collection_year,1
MTSS,Надя Шурабура / Nadia Shouraboura,professional,1,"Hointer, Inc.",2012,2018,2012,2018,7,,0
MTSS,Надя Шурабура / Nadia Shouraboura,professional,2,"Amazon.com, Inc.",2008,2012,2008,2012,5,,0
MTSS,Надя Шурабура / Nadia Shouraboura,professional,3,New Mountain Capital LLC,2018,,2018,2020,3,end_from_next_start,0
MTSS,Пол Берриман / Paul Berriman,professional,0,"ПАО ""МТС""",2022,,2022,2024,3,end_at_collection_year,1
MTSS,Пол Берриман / Paul Berriman,professional,1,HKT Trust & HKT Ltd.,,,,,0,missing_dates_excluded,0
MTSS,Пол Берриман / Paul Berriman,professional,2,PCCW Ltd.,,,,,0,missing_dates_excluded,0
MTSS,Пол Берриман / Paul Berriman,professional,3,Arthur D. Little,,,,,0,missing_dates_excluded,0
MTSS,Пол Берриман / Paul Berriman,professional,4,Global TD-LTE Initiative,,,,,0,missing_dates_excluded,0
MVID,Билан Абдурахимович Ужахов,professional,0,"ПАО ""М.видео""",2022,2025,2022,2024,3,end_capped_at_collection_year,1
MVID,Билан Абдурахимович Ужахов,professional,1,"ПАО ""М.видео""",2024,,2024,2024,1,end_from_next_start;end_capped_at_collection_year,1
MVID,Билан Абдурахимович Ужахов,professional,2,"ПАО ""М.видео""",2017,2021,2017,2021,5,,1
MVID,Билан Абдурахимович Ужахов,professional,3,"ООО ""Директ Кредит Центр""",2022,2025,2022,2024,3,end_capped_at_collection_year,0
MVID,Билан Абдурахимович Ужахов,professional,4,"ООО ""ТЕХКОД""",2024,2025,2024,2024,1,end_capped_at_collection_year,0
MVID,Билан Абдурахимович Ужахов,professional,5,"ООО ""МВМ""",2025,,2025,2024,0,after_collection_year_excluded,0
MVID,Билан Абдурахимович Ужахов,professional,6,"ООО ""МВ Ритейл Инвестиции""",2023,,2023,2024,2,end_at_collection_year,0
MVID,Билан Абдурахимович Ужахов,professional,7,"ООО ""НОВАЯ ПЕРСПЕКТИВА""",2021,2023,2021,2023,3,,0
MVID,Билан Абдурахимович Ужахов,professional,8,"ООО ""МВМ"" / ООО ""МВ ФИНАНС"" / ООО ""БТ ХОЛДИНГ""",2022,2025,2022,2024,3,end_capped_at_collection_year,0
MVID,Билан Абдурахимович Ужахов,professional,9,"ООО ""КэпиталГард""",2024,,2024,2024,1,end_from_next_start;end_capped_at_collection_year,0
MVID,Билан Абдурахимович Ужахов,professional,10,"САО ""ВСК""",,,,,0,missing_dates_excluded,0
MVID,Билан Абдурахимович Ужахов,professional,11,"ПАО ""ЛК ""Европлан""",,,,,0,missing_dates_excluded,0
MVID,Феликс Григорьевич Либ,professional,0,"АФК ""Система""",2012,2021,2012,2021,10,,0
MVID,Феликс Григорьевич Либ,professional,1,Группа Natura Siberica,2022,2024,2022,2024,3,,0
MVID,Феликс Григорьевич Либ,professional,2,"ПАО ""М.видео""",2025,,2025,2024,0,after_collection_year_excluded,1
MVID,Феликс Григорьевич Либ,professional,3,"ООО ""МВМ"" / ООО ""БТ ХОЛДИНГ"" / ООО ""МВ ФИНАНС"" / ООО ""Техкод""",2025,,2025,2024,0,after_collection_year_excluded,0
MVID,Денис Владимирович Голышев,professional,0,М.Видео-Эльдорадо,2022,2023,2022,2023,2,,0
MVID,Денис Владимирович Голышев,professional,1,"ООО ""МВМ""",2023,,2023,2024,2,end_at_collection_year,0
MVID,Йоханнес Мария Толай,professional,0,Globus / Auchan / Metro Cash & Carry Russia,,,,,0,missing_dates_excluded,0
MVID,Йоханнес Мария Толай,professional,1,"ПАО ""М.видео""",2026,,2026,2024,0,after_collection_year_excluded,1
MVID,Степан Борисович Кузнецов,professional,0,Сбербанк / Российская национальная ассоциация SWIFT,,,,,0,missing_dates_excluded,0
MVID,Степан Борисович Кузнецов,professional,1,"ПАО ""М.видео""",2026,,2026,2024,0,after_collection_year_excluded,1
MVID,Степан Борисович Кузнецов,research,0,Professional education / advisory activity,,,,,0,missing_dates_excluded,
MVID,Анатолий Викторович Мохов,professional,0,"Группа ""Связной""",2020,2023,2020,2023,4,,0
MVID,Анатолий Викторович Мохов,professional,1,"ПАО ""Ростелеком""",2023,2024,2023,2024,2,,0
MVID,Анатолий Викторович Мохов,professional,2,"ООО ""МВМ""",2025,,2025,2024,0,after_collection_year_excluded,0
MVID,Анатолий Викторович Мохов,professional,3,"ООО ""МАЙ""",2020,,2020,2023,4,end_from_next_start,0
MVID,Дмитрий Игоревич Пылев,professional,0,Mastercard / eBay / TikTok / ByteDance,,,,,0,missing_dates_excluded,0
MVID,Дмитрий Игоревич Пылев,professional,1,"ПАО ""М.видео""",2026,,2026,2024,0,after_collection_year_excluded,1
MVID,Роман Стенцель / Roman Stenzel,professional,0,MediaMarktSaturn Retail Group,2020,,2020,2023,4,end_from_next_start,0
MVID,Роман Стенцель / Roman Stenzel,professional,1,CECONOMY Retail International GmbH / CECONOMY Retail Media Group GmbH,2024,,2024,2024,1,end_at_collection_year,0
MVID,Роман Стенцель / Roman Stenzel,professional,2,"ПАО ""М.видео""",2023,,2023,2024,2,end_at_collection_year,1
MVID,Евгений Александрович Щепелин,professional,0,InSales Rus,2021,2023,2021,2023,3,,0
MVID,Евгений Александрович Щепелин,professional,1,"ООО ""МАРКЕТПЛЕЙС""",2022,2023,2022,2023,2,,0
MVID,Евгений Александрович Щепелин,professional,2,"ООО ""Ритейл Драйвер"" (RetailCRM)",2025,,2025,2024,0,after_collection_year_excluded,0
MVID,Евгений Александрович Щепелин,professional,3,"АО ""Лонмади""",2025,,2025,2024,0,after_collection_year_excluded,0
MVID,Евгений Александрович Щепелин,professional,4,СберУниверситет,2022,,2022,2023,2,end_from_next_start,0
MVID,Евгений Александрович Щепелин,professional,5,eCompass Capital,2023,,2023,2024,2,end_from_next_start;end_capped_at_collection_year,0
MVID,Владислав Сергеевич Бакальчук,professional,0,UTech,2002,,2002,2004,3,end_from_next_start,0
MVID,Владислав Сергеевич Бакальчук,professional,1,Wildberries,2004,,2004,2024,21,end_from_next_start;end_capped_at_collection_year,0
MVID,Владислав Сергеевич Бакальчук,professional,2,"ПАО ""М.видео""",2025,,2025,2024,0,after_collection_year_excluded,1
MVID,Екатерина Ярина,professional,0,Simple Group / Avon / Royal Canin / PwC / JTI / Wimm-Bill-Dann / Chernogolovka,,,,,0,missing_dates_excluded,0
MVID,Екатерина Ярина,professional,1,М.Видео-Эльдорадо,2025,,2025,2024,0,after_collection_year_excluded,0
MVID,Андрей Скачек,professional,0,X5 Group,,2024,,2024,0,missing_dates_excluded,0
MVID,Андрей Скачек,professional,1,М.Видео-Эльдорадо,2024,,2024,2024,1,end_at_collection_year,0
MVID,Владислав Ушаков,professional,0,М.Видео-Эльдорадо,,,,,0,missing_dates_excluded,0
MVID,Карен Ашрафян,professional,0,М.Видео-Эльдорадо,,,,,0,missing_dates_excluded,0
MVID,Сергей Ануфриев,professional,0,М.Видео-Эльдорадо,,,,,0,missing_dates_excluded,0
NKHP,Yuriy Alekseevich Medvedev / Медведев Юрий Алексеевич,professional,0,"ПАО ""Новороссийский комбинат хлебопродуктов""",1993,2024,1993,2024,32,,1
NKHP,Yuriy Alekseevich Medvedev / Медведев Юрий Алексеевич,professional,1,"ПАО ""Новороссийский комбинат хлебопродуктов""",2024,,2024,2024,1,end_at_collection_year,1
NKHP,Yuriy Alekseevich Medvedev / Медведев Юрий Алексеевич,research,0,Кубанский государственный аграрный университет,2010,2010,2010,2010,1,,
NKHP,Aleksey Vladimirovich Chemerichko / Чемеричко Алексей Владимирович,professional,0,"ПАО ""Новороссийский комбинат хлебопродуктов""",2013,,2013,2024,12,end_at_collection_year,1
NKHP,Yevgeniy Sutchenko / likely Сутченко Евгений Олегович,professional,0,"ПАО ""Новороссийский комбинат хлебопродуктов""",,,,,0,missing_dates_excluded,1
NKHP,Olga Vladimirovna Vodzinskaya / Водзинская Ольга Владимировна,professional,0,"ПАО ""Новороссийский комбинат хлебопродуктов""",,,,,0,missing_dates_excluded,1
NKHP,Ivan Akhmedovich Chepovoy / Чеповой Иван Ахмедович,professional,0,Московский банк Сбербанка России,1993,2001,1993,2001,9,,0
NKHP,Ivan Akhmedovich Chepovoy / Чеповой Иван Ахмедович,professional,1,Банк ВТБ,2001,,2001,2010,10,end_from_next_start,0
NKHP,Ivan Akhmedovich Chepovoy / Чеповой Иван Ахмедович,professional,2,Россельхозбанк,2010,,2010,2024,15,end_at_collection_year,0
NKHP,Ivan Akhmedovich Chepovoy / Чеповой Иван Ахмедович,professional,3,"АО ""Объединенная зерновая компания""",,,,,0,missing_dates_excluded,0
NKHP,Ivan Akhmedovich Chepovoy / Чеповой Иван Ахмедович,professional,4,"ПАО ""Новороссийский комбинат хлебопродуктов""",2024,,2024,2024,1,end_at_collection_year,1
NKHP,Ksenia Bolomatova / Боломатова Ксения Николаевна,professional,0,Коммерческие структуры,2004,2018,2004,2018,15,,0
NKHP,Ksenia Bolomatova / Боломатова Ксения Николаевна,professional,1,Министерство сельского хозяйства Российской Федерации,2018,2019,2018,2019,2,,0
NKHP,Ksenia Bolomatova / Боломатова Ксения Николаевна,professional,2,"АО ""Объединенная зерновая компания""",2019,,2019,2024,6,end_at_collection_year,0
NKHP,Ksenia Bolomatova / Боломатова Ксения Николаевна,professional,3,Союз экспортеров зерна,,,,,0,missing_dates_excluded,0
NKHP,Ksenia Bolomatova / Боломатова Ксения Николаевна,professional,4,"ПАО ""Новороссийский комбинат хлебопродуктов""",2024,,2024,2024,1,end_at_collection_year,1
NKHP,Oleg Soldatenkov / Солдатенков Олег Владимирович,professional,0,"АО ""Объединенная зерновая компания""",,,,,0,missing_dates_excluded,0
NKHP,Oleg Soldatenkov / Солдатенков Олег Владимирович,professional,1,"ПАО ""Новороссийский комбинат хлебопродуктов""",2024,,2024,2024,1,end_at_collection_year,1
NKHP,Ryashit Akzhigitov / Акжигитов Ряшит Исхакович,professional,0,"АО ""Объединенная зерновая компания""",,,,,0,missing_dates_excluded,0
NKHP,Ryashit Akzhigitov / Акжигитов Ряшит Исхакович,professional,1,"ПАО ""Новороссийский комбинат хлебопродуктов""",2024,,2024,2024,1,end_at_collection_year,1
NKHP,Maxim Gruzinov / Грузинов Максим Юрьевич,professional,0,"ПАО ""Новороссийский комбинат хлебопродуктов""",2024,,2024,2024,1,end_at_collection_year,1
NKHP,Maxim Gruzinov / Грузинов Максим Юрьевич,professional,1,"ООО ""УК Деметра-Холдинг""",,,,,0,missing_dates_excluded,0
NKHP,Roman Kron / Крон Роман Александрович,professional,0,"ООО ""Новороссийский зерновой терминал""",2012,2021,2012,2021,10,,0
NKHP,Roman Kron / Крон Роман Александрович,professional,1,Mirogroup Resources / Demetra Trading,2021,,2021,2024,4,end_at_collection_year,0
NKHP,Roman Kron / Крон Роман Александрович,professional,2,"ПАО ""Новороссийский комбинат хлебопродуктов""",2024,,2024,2024,1,end_at_collection_year,1
NKNC,Марат Инилович Фаляхов,professional,0,"ПАО ""Нижнекамскнефтехим""",2023,,2023,2024,2,end_at_collection_year,1
NKNC,Марат Инилович Фаляхов,professional,1,"ПАО ""Нижнекамскнефтехим""",2022,2023,2022,2023,2,,1
NKNC,Марат Инилович Фаляхов,professional,2,"ООО ""БИАКСПЛЕН""",2017,2022,2017,2022,6,,0
NKNC,Марат Инилович Фаляхов,professional,3,"АО ""Воронежсинтезкаучук""",,,,,0,missing_dates_excluded,0
NKNC,Марат Инилович Фаляхов,professional,4,Красноярский завод синтетического каучука,,,,,0,missing_dates_excluded,0
NKNC,Марат Инилович Фаляхов,professional,5,СИБУР,2007,,2007,2017,11,end_from_next_start,0
NKNC,Игорь Георгиевич Климов,professional,0,"ПАО ""Нижнекамскнефтехим""",2023,,2023,2024,2,end_at_collection_year,1
NKNC,Игорь Георгиевич Климов,professional,1,"ПАО ""Нижнекамскнефтехим""",2022,2023,2022,2023,2,,1
NKNC,Игорь Георгиевич Климов,professional,2,СИБУР,2021,,2021,2022,2,end_from_next_start,0
NKNC,Дарья Юрьевна Борисова,professional,0,СИБУР,2019,,2019,2024,6,end_at_collection_year,0
NKNC,Дарья Юрьевна Борисова,professional,1,McKinsey,1999,2019,1999,2019,21,,0
NKNC,Дарья Юрьевна Борисова,research,0,СИБУР,2019,,2019,2024,6,end_at_collection_year,
NKNC,Денис Владимирович Голенков,professional,0,"ПАО ""СИБУР Холдинг""",,,,,0,missing_dates_excluded,0
NKNC,Сергей Викторович Гринько,professional,0,"АО ""ТАИФ""",2021,,2021,2024,4,end_at_collection_year,0
NKNC,Сергей Викторович Гринько,professional,1,"ООО ""СИБУР-ЦОБ""",2017,,2017,2021,5,end_from_next_start,0
NKNC,Сергей Викторович Гринько,professional,2,СИБУР,2007,,2007,2017,11,end_from_next_start,0
NKNC,Сергей Викторович Гринько,professional,3,PricewaterhouseCoopers,,2007,,2007,0,missing_dates_excluded,0
NKNC,Сергей Николаевич Лукичев,professional,0,Вооруженные силы / военная служба,1986,2004,1986,2004,19,,0
NKNC,Сергей Николаевич Лукичев,professional,1,СИБУР,2004,,2004,2024,21,end_at_collection_year,0
NKNC,Олег Иванович Макаров,professional,0,СИБУР,2013,,2013,2024,12,end_at_collection_year,0
NKNC,Олег Иванович Макаров,professional,1,СИБУР,2004,,2004,2013,10,end_from_next_start,0
NKNC,Олег Иванович Макаров,professional,2,"Группа ""Гута""",,2004,,2004,0,missing_dates_excluded,0
NKNC,Марина Владимировна Медведева,professional,0,СИБУР,2016,,2016,2024,9,end_at_collection_year,0
NKNC,Марина Владимировна Медведева,professional,1,СИБУР,2016,,2016,2024,9,end_at_collection_year,0
NKNC,Марина Владимировна Медведева,professional,2,ТНК / ТНК-BP Менеджмент,2002,,2002,2016,15,end_from_next_start,0
NKNC,Василий Петрович Номоконов,professional,0,СИБУР,2005,,2005,2024,20,end_at_collection_year,0
NKNC,Василий Петрович Номоконов,professional,1,McKinsey & Co.,2001,2005,2001,2005,5,,0
NKNC,Василий Петрович Номоконов,research,0,Объединенный институт ядерных исследований,1995,1996,1995,1996,2,,
NKNC,Василий Петрович Номоконов,research,1,CERN,1996,2000,1996,2000,5,,
NKNC,Александр Анатольевич Петров,professional,0,СИБУР,2016,,2016,2024,9,end_at_collection_year,0
NKNC,Александр Анатольевич Петров,professional,1,"ОАО ""СибурТюменьГаз""",2006,,2006,2016,11,end_from_next_start,0
NKNC,Александр Анатольевич Петров,professional,2,PricewaterhouseCoopers Audit,2002,2006,2002,2006,5,,0
NKNC,Артур Гиззатуллин,professional,0,"ПАО ""Нижнекамскнефтехим""",,,,,0,missing_dates_excluded,1
NKNC,Артур Гиззатуллин,professional,1,СИБУР,,,,,0,missing_dates_excluded,0
NKNC,Артур Гиззатуллин,professional,2,"АО ""ТГК-16""",,,,,0,missing_dates_excluded,0
NKNC,Петр Орлов,professional,0,"ПАО ""Нижнекамскнефтехим""",,,,,0,missing_dates_excluded,1
NLMK,Sergey Karataev,professional,0,NLMK Group,2024,,2024,2024,1,end_at_collection_year,1
NLMK,Sergey Karataev,professional,1,Freight One,2016,2024,2016,2024,9,,0
NLMK,Sergey Karataev,professional,2,TPG Capital,2011,2016,2011,2016,6,,0
NLMK,Sergey Karataev,professional,3,"PricewaterhouseCoopers, Russian Standard Bank, Nomura International",,2011,,2011,0,missing_dates_excluded,0
NLMK,Nikolay Ivanov,professional,0,NLMK Group,2022,,2022,2024,3,end_at_collection_year,1
NLMK,Nikolay Ivanov,professional,1,EVRAZ / Raspadskaya,,2022,,2022,0,missing_dates_excluded,0
NLMK,Nikolay Ivanov,professional,2,VimpelCom / Vimpel-Communications,,,,,0,missing_dates_excluded,0
NLMK,Dmitry Kholkin,professional,0,NLMK Group,2018,,2018,2024,7,end_at_collection_year,1
NLMK,Dmitry Kholkin,professional,1,X5 Retail Group,2013,2018,2013,2018,6,,0
NLMK,Dmitry Kholkin,professional,2,Tele2 Russia,,,,,0,missing_dates_excluded,0
NLMK,Ben de Vos,professional,0,NLMK Group / NLMK International,2010,,2010,2024,15,end_at_collection_year,0
NLMK,Ben de Vos,professional,1,"Duferco, Saldanha Steel, Iscor",,,,,0,missing_dates_excluded,0
NLMK,Irene Spitzberg,professional,0,NLMK Group,2021,,2021,2024,4,end_at_collection_year,1
NLMK,Irene Spitzberg,professional,1,General Motors,,2019,,2019,0,missing_dates_excluded,0
NLMK,Irene Spitzberg,professional,2,Magna International / Magna Steyr,2019,2021,2019,2021,3,,0
NLMK,Irene Spitzberg,research,0,General Motors and automotive materials/manufacturing field,,,,,0,missing_dates_excluded,
NLMK,Vladimir Lisin,professional,0,NLMK Group,1998,,1998,2024,27,end_at_collection_year,1
NLMK,Vladimir Lisin,professional,1,"Karaganda Steel Plant, TulaChermet and Trans-CIS Commodities",,1998,,1998,0,missing_dates_excluded,0
NLMK,Vladimir Lisin,research,0,Metallurgical research and publications,,,,,0,missing_dates_excluded,
NLMK,Nikolai Alexeevich Gagarin,professional,0,NLMK Group,2009,,2009,2024,16,end_at_collection_year,1
NLMK,Nikolai Alexeevich Gagarin,professional,1,"Yakovlev & Partners / Pepeliaev, Goltsblat & Partners predecessor context",,,,,0,missing_dates_excluded,0
NLMK,Nikolai Alexeevich Gagarin,research,0,Legal academia,,,,,0,missing_dates_excluded,
NLMK,Oleg Bagrin,professional,0,NLMK Group,2003,,2003,2024,22,end_at_collection_year,1
NLMK,Oleg Bagrin,professional,1,NLMK International / NLMK USA and international businesses,,,,,0,missing_dates_excluded,0
NLMK,Stanislav Shekshnia,professional,0,NLMK Group,2015,,2015,2024,10,end_at_collection_year,1
NLMK,Stanislav Shekshnia,professional,1,INSEAD,,,,,0,missing_dates_excluded,0
NLMK,Stanislav Shekshnia,professional,2,"Ward Howell, Alfa-Telecom, VimpelCom and other companies",,,,,0,missing_dates_excluded,0
NLMK,Stanislav Shekshnia,research,0,INSEAD / leadership research and education,,,,,0,missing_dates_excluded,
NLMK,Thomas Veraszto,professional,0,NLMK Group,2015,,2015,2024,10,end_at_collection_year,1
NLMK,Thomas Veraszto,professional,1,Emerging-markets investment and advisory roles,,,,,0,missing_dates_excluded,0
NLMK,Joachim Otto Jacob Limberg,professional,0,NLMK Group,2019,,2019,2024,6,end_at_collection_year,1
NLMK,Joachim Otto Jacob Limberg,professional,1,ThyssenKrupp / thyssenkrupp Steel Europe,,,,,0,missing_dates_excluded,0
NMTP,Киреев Сергей Георгиевич,professional,0,"ПАО ""НМТП""",2017,,2017,2024,8,end_at_collection_year,1
NMTP,Киреев Сергей Георгиевич,professional,1,"ОАО/ПАО ""НМТП""",2011,2017,2011,2017,7,,1
NMTP,Киреев Сергей Георгиевич,professional,2,"Группа компаний ОАО ""АК ""Транснефть""",,2011,,2011,0,missing_dates_excluded,0
NMTP,Киреев Сергей Георгиевич,professional,3,"ТОО ""Евразия Бункер""; ЗАО ""АКВАТРЕИД""; ООО ""Юг-Транс-Ойл""",1994,2007,1994,2007,14,,0
NMTP,Шабанов Тимур Кайсерович,professional,0,"ПАО ""НМТП""",,,,,0,missing_dates_excluded,1
NMTP,Леписткин Владимир Викторович,professional,0,"ПАО ""НМТП""",,,,,0,missing_dates_excluded,1
NMTP,Ларин Вадим Михайлович,professional,0,"ПАО ""НМТП""",,,,,0,missing_dates_excluded,1
NVTK,Михельсон Леонид Викторович,professional,0,"ПАО ""НОВАТЭК""",2021,,2021,2024,4,end_at_collection_year,1
NVTK,Михельсон Леонид Викторович,professional,1,"ПАО ""НОВАТЭК""",2021,,2021,2024,4,end_at_collection_year,1
NVTK,Михельсон Леонид Викторович,professional,2,"ПАО ""СИБУР Холдинг""",2021,,2021,2024,4,end_at_collection_year,0
NVTK,Михельсон Леонид Викторович,professional,3,"ООО ""ГЭС-2""",2021,,2021,2024,4,end_at_collection_year,0
NVTK,Феодосьев Лев Владимирович,professional,0,Министерство энергетики РФ,2002,,2002,2015,14,end_from_next_start,0
NVTK,Феодосьев Лев Владимирович,professional,1,"ПАО ""НОВАТЭК""",2015,2018,2015,2018,4,,1
NVTK,Феодосьев Лев Владимирович,professional,2,"ПАО ""НОВАТЭК""",2018,,2018,2023,6,end_from_next_start,1
NVTK,Феодосьев Лев Владимирович,professional,3,"ПАО ""НОВАТЭК""",2023,,2023,2024,2,end_at_collection_year,1
NVTK,Крюков Валерий Анатольевич,professional,0,Институт экономики и организации промышленного производства СО РАН,2022,,2022,2023,2,end_from_next_start,0
NVTK,Крюков Валерий Анатольевич,professional,1,"ПАО ""Татнефть""",2022,,2022,2023,2,end_from_next_start,0
NVTK,Крюков Валерий Анатольевич,professional,2,"ПАО ""НОВАТЭК""",2023,,2023,2024,2,end_at_collection_year,1
NVTK,Крюков Валерий Анатольевич,research,0,Сибирское отделение РАН,,,,,0,missing_dates_excluded,
NVTK,Нестеренко Виктор Геннадьевич,professional,0,Юридические фирмы и компании ТЭК,1993,1998,1993,1998,6,,0
NVTK,Нестеренко Виктор Геннадьевич,professional,1,"Издательство ""Нестор Академик""",1995,,1995,2007,13,end_from_next_start,0
NVTK,Нестеренко Виктор Геннадьевич,professional,2,"НОУ ДПО ""Институт ПравоТЭК""",2007,,2007,2021,15,end_from_next_start,0
NVTK,Нестеренко Виктор Геннадьевич,professional,3,"ООО ""ПравоТЭК""",2021,,2021,2023,3,end_from_next_start,0
NVTK,Нестеренко Виктор Геннадьевич,professional,4,"ООО ""СПРИНТ""",2021,,2021,2023,3,end_from_next_start,0
NVTK,Нестеренко Виктор Геннадьевич,professional,5,"ПАО ""НОВАТЭК""",2023,2025,2023,2024,2,end_capped_at_collection_year,1
NVTK,Орел Алексей Владимирович,professional,0,Российское газовое общество,2021,2022,2021,2022,2,,0
NVTK,Орел Алексей Владимирович,professional,1,Министерство природных ресурсов и экологии Российской Федерации,2021,2022,2021,2022,2,,0
NVTK,Орел Алексей Владимирович,professional,2,"ФГБУ ""ВНИГНИ""",2022,,2022,2024,3,end_at_collection_year,0
NVTK,Орел Алексей Владимирович,professional,3,"ПАО ""НОВАТЭК""",2022,,2022,2024,3,end_at_collection_year,1
NVTK,Орел Алексей Владимирович,research,0,"ФГБУ ""ВНИГНИ""",,,,,0,missing_dates_excluded,
NVTK,Гайда Ирина Вернеровна,professional,0,The Boston Consulting Group; PwC Strategy& Russia; Bain & Co; UTC,,2020,,2020,0,missing_dates_excluded,0
NVTK,Гайда Ирина Вернеровна,professional,1,"Московская школа управления ""Сколково""",2021,2022,2021,2022,2,,0
NVTK,Гайда Ирина Вернеровна,professional,2,"Ассоциация ""Женщины в энергетике""",2022,,2022,2023,2,end_from_next_start,0
NVTK,Гайда Ирина Вернеровна,professional,3,"ООО ""Центр Низкоуглеродного Развития""",2022,,2022,2023,2,end_from_next_start,0
NVTK,Гайда Ирина Вернеровна,professional,4,Сколковский институт науки и технологий,2022,2024,2022,2024,3,,0
NVTK,Гайда Ирина Вернеровна,professional,5,"ПАО ""НОВАТЭК""",2022,,2022,2023,2,end_from_next_start,1
NVTK,Гайда Ирина Вернеровна,professional,6,"ПАО ""СИБУР Холдинг""",2023,2026,2023,2024,2,end_capped_at_collection_year,0
NVTK,Гайда Ирина Вернеровна,research,0,Сколтех / Центр по энергопереходу,,,,,0,missing_dates_excluded,
NVTK,Эммануэль Киде,professional,0,EY France,1985,,1985,1994,10,end_from_next_start,0
NVTK,Эммануэль Киде,professional,1,EY CIS,1994,,1994,1997,4,end_from_next_start,0
NVTK,Эммануэль Киде,professional,2,Franco-Russian Chamber of Commerce and Industry,1997,,1997,2021,25,end_from_next_start,0
NVTK,Эммануэль Киде,professional,3,"ООО ""Эрнст энд Янг""",2021,2022,2021,2022,2,,0
NVTK,Эммануэль Киде,professional,4,"Фонд ""Сколково""",2021,2022,2021,2022,2,,0
NVTK,Эммануэль Киде,professional,5,"ПАО ""НОВАТЭК""",2021,,2021,2024,4,end_at_collection_year,1
NVTK,Акимов Андрей Игоревич,professional,0,Газпромбанк (АО),2021,,2021,2022,2,end_from_next_start,0
NVTK,Акимов Андрей Игоревич,professional,1,"ПАО ""НОВАТЭК""",2021,,2021,2022,2,end_from_next_start,1
NVTK,Акимов Андрей Игоревич,professional,2,"ПАО ""Газпром""",2021,,2021,2022,2,end_from_next_start,0
NVTK,Акимов Андрей Игоревич,professional,3,"АО ""РОСНЕФТЕГАЗ""",2021,,2021,2022,2,end_from_next_start,0
NVTK,Акимов Андрей Игоревич,professional,4,"ПАО ""НК ""Роснефть""",2022,,2022,2024,3,end_at_collection_year,0
NVTK,Наталенко Александр Егорович,professional,0,Геологоразведочные экспедиции,,,,,0,missing_dates_excluded,0
NVTK,Наталенко Александр Егорович,professional,1,Министерство природных ресурсов Российской Федерации,1996,2001,1996,2001,6,,0
NVTK,Наталенко Александр Егорович,professional,2,"ПАО ""НОВАТЭК""",2021,,2021,2024,4,end_at_collection_year,1
NVTK,Наталенко Александр Егорович,research,0,Геологоразведочный сектор,,,,,0,missing_dates_excluded,
OGKB,Семиколенов Артем Викторович,professional,0,"ООО ""Газпром энерго""",2015,2018,2015,2018,4,,0
OGKB,Семиколенов Артем Викторович,professional,1,"ПАО ""ОГК-2""",2018,,2018,2019,2,end_from_next_start,1
OGKB,Семиколенов Артем Викторович,professional,2,"ПАО ""ОГК-2""",2019,,2019,2024,6,end_at_collection_year,1
OGKB,Семиколенов Артем Викторович,professional,3,"ООО ""ОГК-Инвестпроект""",2019,2020,2019,2020,2,,0
OGKB,Абдуллин Роман Эдуардович,professional,0,"ПАО ""Газпром""",2015,,2015,2016,2,end_from_next_start,0
OGKB,Абдуллин Роман Эдуардович,professional,1,"ПАО ""ОГК-2""",2016,,2016,2024,9,end_at_collection_year,1
OGKB,Абдуллин Роман Эдуардович,professional,2,"АО ""Газпром энергоремонт"", ПАО ""МОЭК"", ОАО ""Газпром трансгаз Беларусь"", ЗАО ""Газпром Армения""",2016,,2016,2024,9,end_at_collection_year,0
OGKB,Бикмурзин Альберт Фяритович,professional,0,"ООО ""Газпром энергохолдинг""",2015,,2015,2016,2,end_from_next_start,0
OGKB,Бикмурзин Альберт Фяритович,professional,1,"ООО ""МОЭК-Финанс""",2015,,2015,2016,2,end_from_next_start,0
OGKB,Бикмурзин Альберт Фяритович,professional,2,"ООО ""МТЭР Холдинг""",2016,,2016,2018,3,end_from_next_start,0
OGKB,Бикмурзин Альберт Фяритович,professional,3,"ПАО ""ОГК-2""",2018,,2018,2024,7,end_at_collection_year,1
OGKB,Бикмурзин Альберт Фяритович,research,0,,,,,,0,missing_dates_excluded,
OGKB,Рогалев Николай Дмитриевич,professional,0,"НИУ ""МЭИ""",2013,,2013,2016,4,end_from_next_start,0
OGKB,Рогалев Николай Дмитриевич,professional,1,"НИУ ""МЭИ""",2001,,2001,2013,13,end_from_next_start,0
OGKB,Рогалев Николай Дмитриевич,professional,2,"ПАО ""ОГК-2""",2020,,2020,2024,5,end_at_collection_year,1
OGKB,Рогалев Николай Дмитриевич,professional,3,"ПАО ""Россети"" и ПАО ""РусГидро""",2016,,2016,2020,5,end_from_next_start,0
OGKB,Рогалев Николай Дмитриевич,research,0,,,,,,0,missing_dates_excluded,
OGKB,Рогалев Николай Дмитриевич,research,1,,,,,,0,missing_dates_excluded,
OGKB,Земляной Евгений Николаевич,professional,0,"ООО ""Газпром энергохолдинг""",2015,,2015,2016,2,end_from_next_start,0
OGKB,Земляной Евгений Николаевич,professional,1,"ООО ""ГЭХ Финанс""",2017,,2017,2024,8,end_at_collection_year,0
OGKB,Земляной Евгений Николаевич,professional,2,"ПАО ""ОГК-2""",2016,,2016,2017,2,end_from_next_start,1
OGKB,Земляной Евгений Николаевич,professional,3,"ПАО ""ОГК-2""",2015,2016,2015,2016,2,,1
OGKB,Коробкина Ирина Юрьевна,professional,0,"ПАО ""Газпром""",2015,,2015,2017,3,end_from_next_start,0
OGKB,Коробкина Ирина Юрьевна,professional,1,"ПАО ""Центрэнергохолдинг""",2017,,2017,2024,8,end_at_collection_year,0
OGKB,Коробкина Ирина Юрьевна,professional,2,"ПАО ""ОГК-2""",2015,,2015,2017,3,end_from_next_start,1
OGKB,Зайцев Сергей Артурович,professional,0,"ПАО ""Мосэнерго""",2015,2017,2015,2017,3,,0
OGKB,Зайцев Сергей Артурович,professional,1,"ПАО ""ОГК-2""",2020,,2020,2024,5,end_at_collection_year,1
OGKB,Зайцев Сергей Артурович,professional,2,"ПАО ""ОГК-2""",2020,,2020,2024,5,end_at_collection_year,1
OGKB,Пятницев Валерий Геннадьевич,professional,0,"АО ""ИК ""Регион""",2015,2016,2015,2016,2,,0
OGKB,Пятницев Валерий Геннадьевич,professional,1,"АО ""ФИНАМ""",2017,,2017,2018,2,end_from_next_start,0
OGKB,Пятницев Валерий Геннадьевич,professional,2,Ассоциация профессиональных директоров АНД,2018,,2018,2019,2,end_from_next_start,0
OGKB,Пятницев Валерий Геннадьевич,professional,3,"ПАО ""ОГК-2""",2019,,2019,2024,6,end_at_collection_year,1
OGKB,Рогов Александр Владимирович,professional,0,"ПАО ""Газпром""",2015,,2015,2020,6,end_from_next_start,0
OGKB,Рогов Александр Владимирович,professional,1,"ПАО ""МОЭК""",2015,2020,2015,2020,6,,0
OGKB,Рогов Александр Владимирович,professional,2,"ООО ""ГЭХ Индустриальные активы""",2020,,2020,2024,5,end_at_collection_year,0
OGKB,Рогов Александр Владимирович,professional,3,"ПАО ""ОГК-2""",2015,,2015,2020,6,end_from_next_start,1
OGKB,Рогов Александр Владимирович,research,0,,,,,,0,missing_dates_excluded,
OGKB,Шацкий Павел Олегович,professional,0,"ООО ""Газпром энергохолдинг""",2015,,2015,2024,10,end_at_collection_year,0
OGKB,Шацкий Павел Олегович,professional,1,"ПАО ""ОГК-2""",2015,,2015,2024,10,end_at_collection_year,1
OGKB,Шацкий Павел Олегович,professional,2,"ПАО ""ТГК-1"", ПАО ""МОЭК"", ПАО ""Мосэнерго"", АО ""Газпром энергоремонт""",2015,,2015,2024,10,end_at_collection_year,0
OGKB,Куликов Денис Викторович,professional,0,Ассоциация профессиональных инвесторов,2014,2015,2014,2015,2,,0
OGKB,Куликов Денис Викторович,professional,1,Ассоциация профессиональных инвесторов,2015,,2015,2016,2,end_from_next_start,0
OGKB,Куликов Денис Викторович,professional,2,"ПАО ""ОГК-2""",2016,,2016,2024,9,end_at_collection_year,1
OGKB,Куликов Денис Викторович,professional,3,"ПАО ""ТЗА""",2016,,2016,2024,9,end_at_collection_year,0
OGKB,Дмитриев Андрей Игоревич,professional,0,"ООО/АО ""Газпром газэнергосеть""",2014,2016,2014,2016,3,,0
OGKB,Дмитриев Андрей Игоревич,professional,1,"ПАО ""Газпром""",2016,2019,2016,2019,4,,0
OGKB,Дмитриев Андрей Игоревич,professional,2,"ПАО ""ОГК-2""",2018,,2018,2019,2,end_from_next_start,1
OGKB,Дмитриев Андрей Игоревич,professional,3,"ООО ""Газпром газомоторное топливо""",2019,,2019,2024,6,end_at_collection_year,0
OGKB,Дмитриев Андрей Игоревич,professional,4,"ООО ""Газпром переработка""",2019,,2019,2024,6,end_at_collection_year,0
OKEY,KONSTANTIN ARABIDIS / Константин Арабидис,professional,0,PricewaterhouseCoopers / PwC,,2012,,2012,0,missing_dates_excluded,0
OKEY,KONSTANTIN ARABIDIS / Константин Арабидис,professional,1,O'KEY Group,2016,2023,2016,2023,8,,1
OKEY,KONSTANTIN ARABIDIS / Константин Арабидис,professional,2,"O'KEY hypermarket format / ООО ""О'КЕЙ""",2023,,2023,2024,2,end_from_next_start;end_capped_at_collection_year,0
OKEY,KONSTANTIN ARABIDIS / Константин Арабидис,professional,3,O'KEY Group S.A.,2025,,2025,2024,0,after_collection_year_excluded,1
OKEY,Андрей Кришнев / Andrey Krishnev,professional,0,Procter & Gamble,2002,2010,2002,2010,9,,0
OKEY,Андрей Кришнев / Andrey Krishnev,professional,1,Nike Russia / Nike Europe,2010,,2010,2024,15,end_from_next_start;end_capped_at_collection_year,0
OKEY,Андрей Кришнев / Andrey Krishnev,professional,2,MIXIT; Gloria Jeans,,,,,0,missing_dates_excluded,0
OKEY,Андрей Кришнев / Andrey Krishnev,professional,3,"ООО ""О'КЕЙ""",2025,,2025,2024,0,after_collection_year_excluded,1
OKEY,DMITRIY TROITSKIY / Дмитрий Троицкий,professional,0,O'KEY Group S.A.,2010,,2010,2024,15,end_at_collection_year,1
OKEY,DMITRIY TROITSKIY / Дмитрий Троицкий,professional,1,Capital Group JSC,2005,,2005,2010,6,end_from_next_start,0
OKEY,DMITRIY TROITSKIY / Дмитрий Троицкий,professional,2,Мега-Авто / Mega-Avto; Мултон / Multon,1993,,1993,2005,13,end_from_next_start,0
OKEY,DMITRIY TROITSKIY / Дмитрий Троицкий,professional,3,O'KEY Group S.A.,,,,,0,missing_dates_excluded,1
OKEY,BORIS VOLCHEK / Борис Волчек,professional,0,Union Group,1995,,1995,2010,16,end_from_next_start,0
OKEY,BORIS VOLCHEK / Борис Волчек,professional,1,O'KEY Group S.A.,2010,,2010,2024,15,end_at_collection_year,1
OKEY,BORIS VOLCHEK / Борис Волчек,professional,2,O'KEY Group S.A.,,,,,0,missing_dates_excluded,1
OKEY,DMITRIY KORZHEV / Дмитрий Коржев,professional,0,O'KEY Group S.A.,2010,,2010,2015,6,end_from_next_start,1
OKEY,DMITRIY KORZHEV / Дмитрий Коржев,professional,1,Capital Group JSC,2015,,2015,2024,10,end_at_collection_year,0
OKEY,DMITRIY KORZHEV / Дмитрий Коржев,professional,2,Mega-Avto; Multon; O'KEY retail project,1993,,1993,2010,18,end_from_next_start,0
OKEY,ILYA ILIN / Илья Ильин,professional,0,O'KEY Group S.A.,2012,,2012,2013,2,end_from_next_start,1
OKEY,ILYA ILIN / Илья Ильин,professional,1,JSC Dorinda; LLC O'KEY; O'KEY MA Sarl; DA! Management Sarl,2013,,2013,2024,12,end_from_next_start;end_capped_at_collection_year,0
OKEY,ILYA ILIN / Илья Ильин,professional,2,O'KEY Group S.A.,2025,,2025,2024,0,after_collection_year_excluded,1
OZON,Герасимов Игорь Владиславович,professional,0,Ozon / Internet Solutions LLC / Ozon Holdings PLC,2019,,2019,2024,6,end_at_collection_year,0
OZON,Герасимов Игорь Владиславович,professional,1,Baring Vostok Capital Partners Group Limited,2016,2019,2016,2019,4,,0
OZON,Герасимов Игорь Владиславович,professional,2,Goldman Sachs,2014,2016,2014,2016,3,,0
OZON,Герасимов Игорь Владиславович,professional,3,PricewaterhouseCoopers / PwC,,,,,0,missing_dates_excluded,0
OZPH,Олег Эдуардович Минаков,professional,0,"ПАО ""Озон Фармацевтика""",2024,,2024,2024,1,end_at_collection_year,1
OZPH,Олег Эдуардович Минаков,professional,1,"ПАО ""Озон Фармацевтика""",2024,,2024,2024,1,end_at_collection_year,1
OZPH,Олег Эдуардович Минаков,professional,2,"Группа ""Озон Фармацевтика""",2003,2024,2003,2024,22,,0
OZPH,Олег Эдуардович Минаков,professional,3,Фармацевтическая отрасль,,,,,0,missing_dates_excluded,0
OZPH,Олег Эдуардович Минаков,research,0,Центральный научно-исследовательский институт химии и механики,,,,,0,missing_dates_excluded,
OZPH,Галина Кремер,professional,0,"Группа ""Озон Фармацевтика""",2018,,2018,2024,7,end_at_collection_year,0
OZPH,Галина Кремер,professional,1,"Группа ""Озон Фармацевтика""",2006,2018,2006,2018,13,,0
OZPH,Павел Грядунов,professional,0,"Группа ""Озон Фармацевтика""",2022,,2022,2024,3,end_at_collection_year,0
OZPH,Павел Грядунов,professional,1,"Компания ""Озон""",2003,,2003,2022,20,end_from_next_start,0
OZPH,Базов Антон,professional,0,"ПАО/АО ""Озон Фармацевтика""",,,,,0,missing_dates_excluded,1
OZPH,Артем Бездухов,professional,0,"ПАО/ООО ""Озон Фармацевтика""",,,,,0,missing_dates_excluded,1
OZPH,Андрей Горшков,professional,0,"Группа ""Озон Фармацевтика""",,,,,0,missing_dates_excluded,0
OZPH,Андрей Горшков,professional,1,"Компания ""Озон"" / Группа ""Озон Фармацевтика""",2006,,2006,2024,19,end_at_collection_year,0
OZPH,Андрей Горшков,professional,2,"Аптечная сеть ""Вита""",,,,,0,missing_dates_excluded,0
OZPH,Андрей Горшков,professional,3,"""Яманучи Юроп Б.В."" / Astellas",,,,,0,missing_dates_excluded,0
OZPH,Ольга Ларина,professional,0,"Группа ""Озон Фармацевтика""",2024,,2024,2024,1,end_at_collection_year,0
OZPH,Ольга Ларина,professional,1,"Группа ""Озон Фармацевтика""",2006,2024,2006,2024,19,,0
OZPH,Евгения Тетерина,professional,0,"ПАО/Группа ""Озон Фармацевтика""",,,,,0,missing_dates_excluded,0
OZPH,Мария Ульянова,professional,0,"ПАО ""Озон Фармацевтика""",2024,,2024,2024,1,end_at_collection_year,1
OZPH,Мария Ульянова,professional,1,"ООО ""Озон""",2020,2024,2020,2024,5,,0
OZPH,Мария Ульянова,professional,2,"ООО ""Управляющая компания""",2024,2024,2024,2024,1,,0
OZPH,Дмитрий Коваленко,professional,0,"ПАО ""Озон Фармацевтика""",,,,,0,missing_dates_excluded,1
OZPH,Анатолий Хавкин,professional,0,"ПАО ""Озон Фармацевтика""",,,,,0,missing_dates_excluded,1
OZPH,Павел Алексенко,professional,0,"ПАО ""Озон Фармацевтика""",2024,,2024,2024,1,end_at_collection_year,1
OZPH,Павел Алексенко,professional,1,"ООО ""Озон Фармацевтика""",2012,2024,2012,2024,13,,1
OZPH,Павел Алексенко,professional,2,"Группа ""Озон Фармацевтика""",,,,,0,missing_dates_excluded,0
OZPH,Рустем Терегулов,professional,0,"ПАО ""Озон Фармацевтика""",2024,,2024,2024,1,end_at_collection_year,1
OZPH,Рустем Терегулов,professional,1,PricewaterhouseCoopers LLP / PwC,1999,,1999,2024,26,end_at_collection_year,0
OZPH,Сергей Тахиев,professional,0,"ПАО ""Озон Фармацевтика""",2024,,2024,2024,1,end_at_collection_year,1
OZPH,Сергей Тахиев,professional,1,Мировой лидер в алмазодобыче / ALROSA,2018,,2018,2024,7,end_at_collection_year,0
OZPH,Сергей Тахиев,professional,2,Международная металлургическая компания,2005,2018,2005,2018,14,,0
OZPH,Наталья Андреева,professional,0,"ПАО ""Озон Фармацевтика""",2024,,2024,2024,1,end_at_collection_year,1
OZPH,Наталья Андреева,professional,1,IDF Eurasia,,,,,0,missing_dates_excluded,0
OZPH,Наталья Андреева,professional,2,Банковский сектор,1995,,1995,2024,30,end_at_collection_year,0
OZPH,Дилшод Абдурасулов,professional,0,"ПАО ""Озон Фармацевтика""",2024,,2024,2024,1,end_at_collection_year,1
OZPH,Дилшод Абдурасулов,professional,1,"ООО ""Озон Медика""",2020,,2020,2024,5,end_at_collection_year,0
OZPH,Дилшод Абдурасулов,professional,2,"ООО ""Мабскейл""",2017,2022,2017,2022,6,,0
OZPH,Дилшод Абдурасулов,professional,3,"Компании группы ""Озон""",2002,,2002,2017,16,end_from_next_start,0
PHOR,Рыбников Михаил Константинович,professional,0,"ПАО ""ФосАгро""",2022,2025,2022,2024,3,end_capped_at_collection_year,1
PHOR,Рыбников Михаил Константинович,professional,1,"ПАО ""ФосАгро""",2022,,2022,2024,3,end_at_collection_year,1
PHOR,Рыбников Михаил Константинович,professional,2,"ПАО ""ФосАгро""",2018,2022,2018,2022,5,,1
PHOR,Рыбников Михаил Константинович,professional,3,"АО ""НИУИФ""",2018,,2018,2022,5,end_from_next_start,0
PHOR,Рыбников Михаил Константинович,professional,4,"АО ""Апатит""",2018,2022,2018,2022,5,,0
PHOR,Рыбников Михаил Константинович,professional,5,"ПАО ""ФосАгро""",2013,2022,2013,2022,10,,1
PHOR,Рыбников Михаил Константинович,professional,6,"ООО ""ФосАгро-Регион""",2016,,2016,2018,3,end_from_next_start,0
PHOR,Гильгенберг Александр Александрович,professional,0,"АО ""Апатит""",2019,2025,2019,2024,6,end_capped_at_collection_year,0
PHOR,Гильгенберг Александр Александрович,professional,1,"ПАО ""ФосАгро"" / Группа ""ФосАгро""",1999,2019,1999,2019,21,,0
PHOR,Гильгенберг Александр Александрович,professional,2,"ПАО ""ФосАгро""",2025,,2025,2024,0,after_collection_year_excluded,1
PHOR,Круговых Юрий Николаевич,professional,0,"ПАО ""ФосАгро""",2022,,2022,2024,3,end_at_collection_year,1
PHOR,Круговых Юрий Николаевич,professional,1,"АО ""Апатит""",2015,,2015,2022,8,end_from_next_start,0
PHOR,Круговых Юрий Николаевич,professional,2,"ЗАО ""ФосАгро АГ"" / ПАО ""ФосАгро""",2002,2022,2002,2022,21,,0
PHOR,Круговых Юрий Николаевич,professional,3,"ООО ""ФосАгро-Регион""",2013,,2013,2015,3,end_from_next_start,0
PHOR,Пронин Сергей Александрович,professional,0,"ПАО ""ФосАгро""",2023,2026,2023,2024,2,end_capped_at_collection_year,1
PHOR,Пронин Сергей Александрович,professional,1,"ООО ""ФосАгро-Регион"" / ПАО ""ФосАгро""",1997,2023,1997,2023,27,,0
PHOR,Пронин Сергей Александрович,professional,2,"ПАО ""ФосАгро""",2026,,2026,2024,0,after_collection_year_excluded,1
PHOR,Шарабайко Александр Федорович,professional,0,"ПАО ""ФосАгро""",2019,,2019,2024,6,end_at_collection_year,1
PHOR,Шарабайко Александр Федорович,professional,1,"ОАО ""Беларуськалий"", ОАО ""Уралкалий"", ОАО ""Сильвинит"", ""Минерал Групп""",1998,2012,1998,2012,15,,0
PHOR,Шарабайко Александр Федорович,professional,2,"АО ""Апатит"" / ООО ""ФосАгро-Регион""",2014,,2014,2017,4,end_from_next_start,0
PHOR,Шарабайко Александр Федорович,professional,3,"АО ""Апатит""",2017,2019,2017,2019,3,,0
PHOR,Шарабайко Александр Федорович,professional,4,"ПАО ""ФосАгро""",2014,2019,2014,2019,6,,1
PHOR,Шарабайко Александр Федорович,professional,5,"ПАО ""ФосАгро""",2018,2022,2018,2022,5,,1
PHOR,Шарабайко Александр Федорович,professional,6,"ООО ""УК «ЭксОйл групп»""",2024,,2024,2024,1,end_at_collection_year,0
PHOR,Сиротенко Алексей Александрович,professional,0,"ПАО ""ФосАгро"" / АО ""Апатит""",2010,,2010,2024,15,end_at_collection_year,0
PHOR,Сиротенко Алексей Александрович,professional,1,"ГК ""Интерхимпром"", ЗАО ""ЛУКОЙЛ-Нефтехим"", ЗАО ""ФосАгро АГ""",2000,2011,2000,2011,12,,0
PHOR,Федоров Валерий Иванович,professional,0,"ПАО ""ФосАгро"" / АО ""Апатит""",2012,,2012,2024,13,end_at_collection_year,0
PHOR,Федоров Валерий Иванович,professional,1,МВД России; Совет Федерации,1995,2012,1995,2012,18,,0
PHOR,Стеркин Михаил Владимирович,professional,0,"ПАО ""ФосАгро"" / ООО ""ФосАгро-Регион""",2016,,2016,2024,9,end_at_collection_year,0
PHOR,Стеркин Михаил Владимирович,professional,1,НИИ лакокрасочной промышленности и компании-партнеры предприятий ФосАгро,,2001,,2001,0,missing_dates_excluded,0
PHOR,Стеркин Михаил Владимирович,research,0,Научно-исследовательский институт лакокрасочной промышленности,,,,,0,missing_dates_excluded,
PHOR,Селезнев Александр Евгеньевич,professional,0,"ПАО ""ФосАгро""",2019,,2019,2024,6,end_at_collection_year,1
PHOR,Селезнев Александр Евгеньевич,professional,1,"ООО ""Уралсиб Кэпитал""; АО ВТБ Капитал; ПАО ""ФосАгро""",2008,2019,2008,2019,12,,0
PHOR,Селезнев Александр Евгеньевич,professional,2,"ПАО ""ФосАгро""",2019,2022,2019,2022,4,,1
PHOR,Левин Борис Владимирович,professional,0,"ПАО ""ФосАгро"" / АО ""Апатит""",,,,,0,missing_dates_excluded,0
PHOR,Левин Борис Владимирович,professional,1,"ОАО ""НИУИФ""; ОАО/ЗАО ""ФосАгро""",1999,2014,1999,2014,16,,0
PHOR,Левин Борис Владимирович,research,0,"МХТИ им. Д. И. Менделеева / ОАО ""НИУИФ""",,2014,,2014,0,missing_dates_excluded,
PHOR,Новиков Денис Федорович,professional,0,"ПАО ""ФосАгро""",2023,2025,2023,2024,2,end_capped_at_collection_year,1
PHOR,Новиков Денис Федорович,professional,1,"ПАО ""ФосАгро""",2011,2023,2011,2023,13,,1
PHOR,Новиков Денис Федорович,professional,2,"АО ""Апатит""",2025,,2025,2024,0,after_collection_year_excluded,0
PHOR,Давыденко Владимир Васильевич,professional,0,"АО ""Апатит""",2019,,2019,2024,6,end_at_collection_year,0
PHOR,Давыденко Владимир Васильевич,professional,1,"ОАО ""НИУИФ"", Мелеузовский химический завод, ООО ""БМУ"", ЗАО ""ФосАгро АГ"", ОАО ""ФосАгро-Череповец"", АО ""Апатит""",1999,2019,1999,2019,21,,0
PHOR,Давыденко Владимир Васильевич,research,0,"ОАО ""НИУИФ""",1999,2000,1999,2000,2,,
PHOR,Абрашитов Андрей Юрьевич,professional,0,"Кировский филиал АО ""Апатит"" / Группа ""ФосАгро""",2013,,2013,2024,12,end_at_collection_year,0
PHOR,Абрашитов Андрей Юрьевич,professional,1,горнодобывающие предприятия Карелии и Мурманской области,1991,2013,1991,2013,23,,0
PHOR,Абрашитов Андрей Юрьевич,research,0,"Кировский филиал АО ""Апатит""",2023,2023,2023,2023,1,,
PHOR,Грибков Алексей Борисович,professional,0,"АО ""Апатит"" / Череповецкий комплекс",2018,,2018,2024,7,end_at_collection_year,0
PHOR,Грибков Алексей Борисович,professional,1,"ОАО ""Аммофос"", ООО ""БМУ"", ОАО ""ФосАгро-Череповец"", АО ""Апатит""",1994,2018,1994,2018,25,,0
PHOR,Николаев Антон Анатольевич,professional,0,"Череповецкий комплекс АО ""Апатит""",,2025,,2024,0,missing_dates_excluded,0
PHOR,Николаев Антон Анатольевич,professional,1,"Волховский филиал АО ""Апатит""",2025,,2025,2024,0,after_collection_year_excluded,0
PHOR,Николаев Антон Анатольевич,professional,2,"Группа ""ФосАгро""",2020,,2020,2024,5,end_from_next_start;end_capped_at_collection_year,0
PHOR,Иванов Алексей Юрьевич,professional,0,"Волховский филиал АО ""Апатит""",2024,2025,2024,2024,1,end_capped_at_collection_year,0
PHOR,Иванов Алексей Юрьевич,professional,1,"Балаковский филиал АО ""Апатит""",2022,,2022,2024,3,end_at_collection_year,0
PHOR,Вовк Андрей Михайлович,professional,0,"ООО ""ФосАгро-Регион""",2017,,2017,2024,8,end_at_collection_year,0
PHOR,Вовк Андрей Михайлович,professional,1,"Группа ""ФосАгро"" / ООО ""ФосАгро-Белгород""",2007,2017,2007,2017,11,,0
PHOR,Лобанов Сергей Андреевич,professional,0,"Балаковский филиал АО ""Апатит""",2023,2025,2023,2024,2,end_capped_at_collection_year,0
PHOR,Лобанов Сергей Андреевич,professional,1,"АО ""НИУИФ""",2025,,2025,2024,0,after_collection_year_excluded,0
PHOR,Лобанов Сергей Андреевич,professional,2,"Группа ""ФосАгро"" / ""Аммофос"" / ООО ""ФосАгро-Транс"" / Волховский филиал АО ""Апатит""",1993,2023,1993,2023,31,,0
PIKK,Ерванд Оникович Карапетян,professional,0,"ПАО ""ПИК СЗ""",2024,,2024,2024,1,end_at_collection_year,0
PIKK,Ерванд Оникович Карапетян,professional,1,"ПАО ""ПИК СЗ""",2024,,2024,2024,1,end_at_collection_year,0
PIKK,Ерванд Оникович Карапетян,professional,2,ГП-МФС,2018,2024,2018,2024,7,,0
PIKK,Ерванд Оникович Карапетян,professional,3,ПИК-Индустрия,2013,2018,2013,2018,6,,0
PIKK,Сергей Владимирович Мруз,professional,0,"ПАО ""ПИК СЗ""",2024,,2024,2024,1,end_at_collection_year,0
PIKK,Сергей Владимирович Мруз,professional,1,"ООО ""Лоция"" / АО ГК ""Современные транспортные технологии""",2022,2024,2022,2024,3,,0
PIKK,Сергей Владимирович Мруз,professional,2,"СПАО ""Ингосстрах""",2020,2022,2020,2022,3,,0
PIKK,Сергей Владимирович Мруз,professional,3,ПАО Сбербанк,2016,2020,2016,2020,5,,0
PIKK,Кирилл Викторович Таченников,professional,0,"ПАО ""ПИК СЗ""",2024,,2024,2024,1,end_at_collection_year,0
PIKK,Кирилл Викторович Таченников,professional,1,Банк Синара / Sinara Finance,,,,,0,missing_dates_excluded,0
PIKK,Кирилл Викторович Таченников,professional,2,"НПФ ""Благосостояние""",,,,,0,missing_dates_excluded,0
PIKK,Кирилл Викторович Таченников,professional,3,BCS Global Markets,,,,,0,missing_dates_excluded,0
PIKK,Владимир Валерьевич Заболотский,professional,0,"ПАО ""ПИК СЗ""",2024,,2024,2024,1,end_at_collection_year,0
PIKK,Владимир Валерьевич Заболотский,professional,1,ММК Металуржи / MMK Turkey,,,,,0,missing_dates_excluded,0
PIKK,Владимир Валерьевич Заболотский,professional,2,"ПАО ""ММК""",,,,,0,missing_dates_excluded,0
PIKK,Илья Владиславович Юферев,professional,0,"ПАО ""ПИК СЗ""",2024,,2024,2024,1,end_at_collection_year,0
PIKK,Илья Владиславович Юферев,professional,1,Институт международной отчетности / Институт ДипИФР,,,,,0,missing_dates_excluded,0
PIKK,Илья Владиславович Юферев,professional,2,Институт ДипИФР,2013,2020,2013,2020,8,,0
PIKK,Иван Николаевич Поландов,professional,0,"ПАО ""ПИК СЗ""",2022,2024,2022,2024,3,,0
PIKK,Иван Николаевич Поландов,professional,1,"ПАО ""ПИК СЗ""",,2022,,2022,0,missing_dates_excluded,0
PIKK,Иван Николаевич Поландов,professional,2,ПИК,2014,,2014,2022,9,end_from_next_start,1
PIKK,Сергей Эдуардович Гордеев,professional,0,ПИК,2014,2022,2014,2022,9,,1
PIKK,Сергей Эдуардович Гордеев,professional,1,ПИК,,2024,2022,2024,3,start_from_previous_end,1
PIKK,Сергей Эдуардович Гордеев,professional,2,Совет Федерации,2005,2010,2005,2010,6,,0
PIKK,Сергей Эдуардович Гордеев,professional,3,Росбилдинг и другие предпринимательские проекты,1995,,1995,2005,11,end_from_next_start,0
PIKK,Илья Михайлович Баландин,professional,0,ПИК,,2024,,2024,0,missing_dates_excluded,1
PIKK,Илья Михайлович Баландин,professional,1,Zeronix,2022,,2022,2024,3,end_at_collection_year,0
PIKK,Илья Михайлович Баландин,professional,2,iTech Capital,2010,,2010,2022,13,end_from_next_start,0
PIKK,Илья Михайлович Баландин,professional,3,ValueTech Advisers,,2010,,2010,0,missing_dates_excluded,0
PIKK,Юрий Ильин,professional,0,ПИК,2018,,2018,2024,7,end_at_collection_year,1
PIKK,Юрий Ильин,professional,1,Группа ЛСР,,2018,,2018,0,missing_dates_excluded,0
PIKK,Юрий Ильин,professional,2,Ассоциация независимых директоров,,,,,0,missing_dates_excluded,0
PIKK,Дмитрий Тимофеев,professional,0,"ПАО ""ПИК СЗ""",,,,,0,missing_dates_excluded,0
PIKK,Дмитрий Тимофеев,professional,1,"ГК ""Росводоканал""",2014,,2014,2024,11,end_at_collection_year,0
PIKK,Дмитрий Тимофеев,professional,2,"ГК ""Кортрос""",2013,2014,2013,2014,2,,0
PIKK,Дмитрий Тимофеев,professional,3,"ГК ""О'кей""",2012,2013,2012,2013,2,,0
PIKK,Дмитрий Тимофеев,professional,4,GIP GROUP,,,,,0,missing_dates_excluded,0
PIKK,Дмитрий Тимофеев,professional,5,Росинтер Ресторантс,2007,2010,2007,2010,4,,0
PIKK,Дмитрий Тимофеев,professional,6,Дикси групп,2004,2007,2004,2007,4,,0
PIKK,Алексей Александрович Карпенко,professional,0,Forward Legal,2014,,2014,2017,4,end_from_next_start,0
PIKK,Алексей Александрович Карпенко,professional,1,"Коллегия адвокатов ""Делькредере""",2008,2014,2008,2014,7,,0
PIKK,Алексей Александрович Карпенко,professional,2,"АБ ""Карпенко и партнеры""",2002,2008,2002,2008,7,,0
PIKK,Алексей Александрович Карпенко,professional,3,"Инвестиционная компания ""Росбилдинг""",2000,2002,2000,2002,3,,0
PIKK,Алексей Александрович Карпенко,professional,4,Инюрколлегия,1997,1999,1997,1999,3,,0
PIKK,Алексей Александрович Карпенко,professional,5,ПИК,2017,2024,2017,2024,8,,1
PIKK,Алексей Бланин,professional,0,AB Development,,,,,0,missing_dates_excluded,0
PIKK,Алексей Бланин,professional,1,Horus Capital,,,,,0,missing_dates_excluded,0
PIKK,Алексей Бланин,professional,2,ПИК,,2024,,2024,0,missing_dates_excluded,1
PIKK,Зумруд Хандадашевна Рустамова,professional,0,ПИК,,2024,,2024,0,missing_dates_excluded,1
PIKK,Зумруд Хандадашевна Рустамова,professional,1,Государственный комитет РФ по управлению госимуществом,1995,1999,1995,1999,5,,0
PIKK,Зумруд Хандадашевна Рустамова,professional,2,Российский фонд федерального имущества,1999,2000,1999,2000,2,,0
PIKK,Зумруд Хандадашевна Рустамова,professional,3,Министерство имущественных отношений РФ,2000,2004,2000,2004,5,,0
PIKK,Зумруд Хандадашевна Рустамова,professional,4,СУЭК,2004,2006,2004,2006,3,,0
PIKK,Зумруд Хандадашевна Рустамова,professional,5,Российский банк развития,2006,,2006,2024,19,end_at_collection_year,0
PIKK,Зумруд Хандадашевна Рустамова,professional,6,ММК,2006,,2006,2024,19,end_at_collection_year,0
PIKK,Джулиан Майкл Симмондс,professional,0,Citibank / Citigroup,1972,2001,1972,2001,30,,0
PIKK,Джулиан Майкл Симмондс,professional,1,VTB Capital,,,,,0,missing_dates_excluded,0
PIKK,Джулиан Майкл Симмондс,professional,2,Chelsea Academy / Notting Hill and Ealing High School,,,,,0,missing_dates_excluded,0
PIKK,Джулиан Майкл Симмондс,professional,3,ПИК,,2024,2001,2024,24,start_from_previous_end,1
PIKK,Грегор Уильям Моват,professional,0,KPMG Russia and CIS,2011,2016,2011,2016,6,,0
PIKK,Грегор Уильям Моват,professional,1,KPMG Kazakhstan,2013,,2013,2024,12,end_at_collection_year,0
PIKK,Грегор Уильям Моват,professional,2,LOQBOX,,,,,0,missing_dates_excluded,0
PIKK,Грегор Уильям Моват,professional,3,"Magnit, PIK Group, Ak Bars Bank",,,,,0,missing_dates_excluded,0
PIKK,Грегор Уильям Моват,professional,4,ПИК,,2024,,2024,0,missing_dates_excluded,1
PLZL,Алексей Александрович Востоков,professional,0,"ПАО ""Полюс""",2022,,2022,2024,3,end_at_collection_year,1
PLZL,Алексей Александрович Востоков,professional,1,"ПАО ""Полюс""",,,,,0,missing_dates_excluded,1
PLZL,Алексей Александрович Востоков,professional,2,"ООО ""УК Полюс""",,,,,0,missing_dates_excluded,0
PLZL,Алексей Александрович Востоков,professional,3,"ПАО ""Полюс""",2014,,2014,2022,9,end_from_next_start,1
PLZL,Алексей Александрович Востоков,professional,4,Ведущие компании отрасли венчурных инвестиций,,2014,,2014,0,missing_dates_excluded,0
PLZL,Алексей Александрович Востоков,professional,5,"ПАО ""Лензолото""",,,,,0,missing_dates_excluded,0
PLZL,Михаил Валерьевич Гордин,professional,0,МГТУ им. Н. Э. Баумана,2023,,2023,2024,2,end_from_next_start;end_capped_at_collection_year,0
PLZL,Михаил Валерьевич Гордин,professional,1,Институт системного анализа РАН,1990,,1990,1993,4,end_from_next_start,0
PLZL,Михаил Валерьевич Гордин,professional,2,Global Edge,1993,1995,1993,1995,3,,0
PLZL,Михаил Валерьевич Гордин,professional,3,Conoco Philips,1997,2005,1997,2005,9,,0
PLZL,Михаил Валерьевич Гордин,professional,4,"ОАО ""ТНК-BP Менеджмент""",2005,,2005,2008,4,end_from_next_start,0
PLZL,Михаил Валерьевич Гордин,professional,5,"ООО ""СИБУР""",2008,2015,2008,2015,8,,0
PLZL,Михаил Валерьевич Гордин,professional,6,"ФГБУ НИЦ ""Институт имени Н. Е. Жуковского""",2015,2016,2015,2016,2,,0
PLZL,Михаил Валерьевич Гордин,professional,7,Центральный институт авиационного моторостроения имени П. И. Баранова,2016,2021,2016,2021,6,,0
PLZL,Михаил Валерьевич Гордин,professional,8,"ПАО ""Полюс""",2025,,2025,2024,0,after_collection_year_excluded,1
PLZL,Михаил Валерьевич Гордин,research,0,ЦИАМ имени П. И. Баранова,,,,,0,missing_dates_excluded,
PLZL,Дмитрий Николаевич Оленьков,professional,0,ПАО СПБ Биржа,,,,,0,missing_dates_excluded,0
PLZL,Дмитрий Николаевич Оленьков,professional,1,АО ВТБ Регистратор,,,,,0,missing_dates_excluded,0
PLZL,Дмитрий Николаевич Оленьков,professional,2,"Группа ""Интерфакс""",2003,2024,2003,2024,22,,0
PLZL,Дмитрий Николаевич Оленьков,professional,3,Финансовые службы инвестиционных компаний и банков,1994,1999,1994,1999,6,,0
PLZL,Дмитрий Николаевич Оленьков,professional,4,Национальная ассоциация участников фондового рынка,1999,2001,1999,2001,3,,0
PLZL,Дмитрий Николаевич Оленьков,professional,5,Фондовая биржа РТС,,2002,2001,2002,2,start_from_previous_end,0
PLZL,Дмитрий Николаевич Оленьков,professional,6,"ПАО ""Полюс""",2025,,2025,2024,0,after_collection_year_excluded,1
PLZL,Андрей Александрович Скорочкин,professional,0,Рексофт Консалтинг,,,,,0,missing_dates_excluded,0
PLZL,Андрей Александрович Скорочкин,professional,1,Accenture в России и Казахстане,2014,,2014,2024,11,end_from_next_start;end_capped_at_collection_year,0
PLZL,Андрей Александрович Скорочкин,professional,2,Консалтинг,,,,,0,missing_dates_excluded,0
PLZL,Андрей Александрович Скорочкин,professional,3,"ПАО ""Полюс""",2025,,2025,2024,0,after_collection_year_excluded,1
PLZL,Андрей Александрович Скорочкин,research,0,,,,,,0,missing_dates_excluded,
PLZL,Владимир Анатольевич Полин,professional,0,"ООО ""УК Полюс""",,,,,0,missing_dates_excluded,0
PLZL,Владимир Анатольевич Полин,professional,1,"ПАО ""Полюс""",2022,,2022,2024,3,end_from_next_start;end_capped_at_collection_year,1
PLZL,Владимир Анатольевич Полин,professional,2,"ПАО ""Полюс""",2025,,2025,2024,0,after_collection_year_excluded,1
PLZL,Владимир Анатольевич Полин,professional,3,En+,,,,,0,missing_dates_excluded,0
PLZL,Владимир Анатольевич Полин,professional,4,РУСАЛ,,,,,0,missing_dates_excluded,0
PLZL,Владимир Анатольевич Полин,professional,5,Мечел,,,,,0,missing_dates_excluded,0
PLZL,Владимир Анатольевич Полин,professional,6,"ПАО ""Лензолото""",,,,,0,missing_dates_excluded,0
PLZL,Владимир Анатольевич Полин,professional,7,"АО ""ТайгаЭнергоСтрой""",,,,,0,missing_dates_excluded,0
POLY,Vitaly Nesis,professional,0,Merrill Lynch,1997,1999,1997,1999,3,,0
POLY,Vitaly Nesis,professional,1,McKinsey & Company,1999,2000,1999,2000,2,,0
POLY,Vitaly Nesis,professional,2,Ulyanovsk Automobile Plant,2000,2000,2000,2000,1,,0
POLY,Vitaly Nesis,professional,3,Vostsibugol,2002,2003,2002,2003,2,,0
POLY,Vitaly Nesis,professional,4,Polymetal International plc / Solidcore Resources plc,2003,,2003,2024,22,end_at_collection_year,1
POLY,HE Abdulsalam Al Murshidi,professional,0,Oman Investment Authority,,,,,0,missing_dates_excluded,0
POLY,HE Abdulsalam Al Murshidi,professional,1,Solidcore Resources plc,2026,,2026,2024,0,after_collection_year_excluded,1
POLY,Omar Bahram,professional,0,OQ Group,,,,,0,missing_dates_excluded,0
POLY,Omar Bahram,professional,1,Oman Investment Authority,2015,2023,2015,2023,9,,0
POLY,Omar Bahram,professional,2,Uzbek-Oman Investment Company,2023,,2023,2024,2,end_at_collection_year,0
POLY,Omar Bahram,professional,3,Oman Infrastructure Investment Management,2019,,2019,2021,3,end_from_next_start,0
POLY,Omar Bahram,professional,4,Majis Industrial Services,2021,,2021,2023,3,end_from_next_start,0
POLY,Omar Bahram,professional,5,OQ Gas Networks,2021,2023,2021,2023,3,,0
POLY,Omar Bahram,professional,6,Solidcore Resources plc,2024,,2024,2024,1,end_at_collection_year,1
POLY,Evgueni Konovalenko,professional,0,Merrill Lynch,,,,,0,missing_dates_excluded,0
POLY,Evgueni Konovalenko,professional,1,UBS,,,,,0,missing_dates_excluded,0
POLY,Evgueni Konovalenko,professional,2,Renaissance Capital,2005,,2005,2022,18,end_from_next_start,0
POLY,Evgueni Konovalenko,professional,3,ProMeritum Investment Management LLP,2024,,2024,2024,1,end_at_collection_year,0
POLY,Evgueni Konovalenko,professional,4,Solidcore Resources plc,2022,,2022,2024,3,end_at_collection_year,1
POLY,Richard Sharko,professional,0,PwC,,,,,0,missing_dates_excluded,0
POLY,Richard Sharko,professional,1,International Auditing and Assurance Standards Board,2015,2020,2015,2020,6,,0
POLY,Richard Sharko,professional,2,Agri Europe Cyprus Ltd,2022,2024,2022,2024,3,,0
POLY,Richard Sharko,professional,3,Solidcore Resources plc,2022,,2022,2024,3,end_at_collection_year,1
POLY,Janat Berdalina,professional,0,KPMG Kazakhstan and Central Asia,,,,,0,missing_dates_excluded,0
POLY,Janat Berdalina,professional,1,KPMG in the CIS,,,,,0,missing_dates_excluded,0
POLY,Janat Berdalina,professional,2,Kazakh state entities and professional bodies,,,,,0,missing_dates_excluded,0
POLY,Janat Berdalina,professional,3,Solidcore Resources plc,2022,,2022,2024,3,end_at_collection_year,1
POLY,Janat Berdalina,professional,4,"Women in Tech Kazakhstan, AlmaU, Qazaq Independent Directors Association",,,,,0,missing_dates_excluded,0
POLY,Pascale Jeannin Perez,professional,0,DYD International Holding,,,,,0,missing_dates_excluded,0
POLY,Pascale Jeannin Perez,professional,1,Derichebourg Polyurbaine Group,,,,,0,missing_dates_excluded,0
POLY,Pascale Jeannin Perez,professional,2,High Power Exploration Inc.,,,,,0,missing_dates_excluded,0
POLY,Pascale Jeannin Perez,professional,3,International Services Corporation,,,,,0,missing_dates_excluded,0
POLY,Pascale Jeannin Perez,professional,4,Imperator Resources,,,,,0,missing_dates_excluded,0
POLY,Pascale Jeannin Perez,professional,5,Solidcore Resources plc,2022,,2022,2024,3,end_at_collection_year,1
POLY,Steven Dashevsky,professional,0,"Aton Capital, UniCredit Securities and Kola Capital LLP",1998,,1998,2012,15,end_from_next_start,0
POLY,Steven Dashevsky,professional,1,Integra Group,2012,2013,2012,2013,2,,0
POLY,Steven Dashevsky,professional,2,D&P Advisors LLP,2015,,2015,2022,8,end_from_next_start,0
POLY,Steven Dashevsky,professional,3,Solidcore Resources plc,2022,,2022,2024,3,end_at_collection_year,1
POSI,Денис Сергеевич Баранов,professional,0,Actimind,,,,,0,missing_dates_excluded,0
POSI,Денис Сергеевич Баранов,professional,1,T-Systems,,,,,0,missing_dates_excluded,0
POSI,Денис Сергеевич Баранов,professional,2,"""Новел-ИЛ""",,,,,0,missing_dates_excluded,0
POSI,Денис Сергеевич Баранов,professional,3,Positive Technologies,2010,,2010,2021,12,end_from_next_start,1
POSI,Денис Сергеевич Баранов,professional,4,"ПАО ""Группа Позитив"" / Positive Technologies",2021,,2021,2024,4,end_at_collection_year,1
POSI,Денис Сергеевич Баранов,research,0,SCADA Strangelove,,,,,0,missing_dates_excluded,
POSI,Алексей Вячеславович Андреев,professional,0,Acronis,,,,,0,missing_dates_excluded,0
POSI,Алексей Вячеславович Андреев,professional,1,Positive Technologies,2015,,2015,2024,10,end_at_collection_year,1
POSI,Евгений Вячеславович Киреев,professional,0,,,1991,,1991,0,missing_dates_excluded,0
POSI,Евгений Вячеславович Киреев,professional,1,"""Агама""",1991,2001,1991,2001,11,,0
POSI,Евгений Вячеславович Киреев,professional,2,"""Апорт""",1995,2001,1995,2001,7,,0
POSI,Евгений Вячеславович Киреев,professional,3,Golden Telecom,2001,2002,2001,2002,2,,0
POSI,Евгений Вячеславович Киреев,professional,4,Positive Technologies,2002,,2002,2024,23,end_at_collection_year,1
POSI,Евгений Вячеславович Киреев,research,0,,,1991,,1991,0,missing_dates_excluded,
POSI,Денис Иванович Кораблев,professional,0,Deutsche Bank,2010,2012,2010,2012,3,,0
POSI,Денис Иванович Кораблев,professional,1,Skype,2012,2014,2012,2014,3,,0
POSI,Денис Иванович Кораблев,professional,2,Positive Technologies,2017,,2017,2024,8,end_at_collection_year,1
POSI,Андрей Игоревич Кузин,professional,0,Positive Technologies,,,,,0,missing_dates_excluded,1
POSI,Даниил Александрович Рыбак,professional,0,,,,,,0,missing_dates_excluded,0
POSI,Даниил Александрович Рыбак,professional,1,Ассоциация независимых директоров,2015,2017,2015,2017,3,,0
POSI,Даниил Александрович Рыбак,professional,2,Odgers Berndtson,2001,,2001,2012,12,end_from_next_start,0
POSI,Даниил Александрович Рыбак,professional,3,Berkeley Executive Coaching Institute,2012,,2012,2015,4,end_from_next_start,0
POSI,Карина Суреновна Саркисян,professional,0,Финансовый университет при Правительстве РФ,,,,,0,missing_dates_excluded,0
POSI,Карина Суреновна Саркисян,professional,1,Ernst & Young; Deloitte & Touche CIS,,,,,0,missing_dates_excluded,0
POSI,Карина Суреновна Саркисян,professional,2,Роснефть,,,,,0,missing_dates_excluded,0
POSI,Карина Суреновна Саркисян,professional,3,"""Перекресток""",,,,,0,missing_dates_excluded,0
POSI,Карина Суреновна Саркисян,professional,4,Почта России,2018,,2018,2024,7,end_at_collection_year,0
POSI,Карина Суреновна Саркисян,research,0,Финансовый университет при Правительстве РФ,,,,,0,missing_dates_excluded,
POSI,Максим Георгиевич Филиппов,professional,0,ЭЛВИС-ПЛЮС,,2014,,2014,0,missing_dates_excluded,0
POSI,Максим Георгиевич Филиппов,professional,1,Positive Technologies,2014,,2014,2024,11,end_at_collection_year,1
POSI,Максим Георгиевич Филиппов,professional,2,Positive Technologies,,,,,0,missing_dates_excluded,1
PRMD,Александр Игоревич Ефремов,professional,0,"ПАО ""ПРОМОМЕД""",2023,,2023,2024,2,end_at_collection_year,1
PRMD,Александр Игоревич Ефремов,professional,1,"ООО ""ПРОМОМЕД ДМ""",2021,2023,2021,2023,3,,0
PRMD,Александр Игоревич Ефремов,professional,2,"Novartis, Baxter, Sanofi, Roche, Bausch Health",,2021,,2021,0,missing_dates_excluded,0
PRMD,Александр Игоревич Ефремов,professional,3,"GlaxoSmithKline / SmithKlineBeecham, Novartis, Baxter, Sanofi, Alcon",1996,2015,1996,2015,20,,0
PRMD,Петр Александрович Белый,professional,0,"ПАО ""ПРОМОМЕД"" / ГК ""ПРОМОМЕД""",2005,,2005,2011,7,end_from_next_start,0
PRMD,Петр Александрович Белый,professional,1,"ООО ""ПРОМОМЕД ДМ""",2024,,2024,2024,1,end_at_collection_year,0
PRMD,Петр Александрович Белый,professional,2,"ООО ""ПРОМОМЕД ДМ""",2019,2023,2019,2023,5,,0
PRMD,Петр Александрович Белый,professional,3,"ООО ""ПРОМОМЕД РУС""",2018,2024,2018,2024,7,,0
PRMD,Петр Александрович Белый,professional,4,"ООО ""УК ПРОМОМЕД""",2017,2019,2017,2019,3,,0
PRMD,Петр Александрович Белый,professional,5,"ООО ""Эн.Си.ФармГрупп""",2011,2020,2011,2020,10,,0
PRMD,Петр Александрович Белый,research,0,,,,,,0,missing_dates_excluded,
PRMD,Кирилл Юрьевич Рубинский,professional,0,"ПАО ""ПРОМОМЕД""",2021,,2021,2024,4,end_at_collection_year,1
PRMD,Кирилл Юрьевич Рубинский,professional,1,EastOne,2012,2017,2012,2017,6,,0
PRMD,Кирилл Юрьевич Рубинский,professional,2,"Инвестиционная группа ""Промышленные инвесторы"" / FESCO",2003,2012,2003,2012,10,,0
PRMD,Кирилл Юрьевич Рубинский,professional,3,Собственные инвестиционные проекты / family office,,,,,0,missing_dates_excluded,0
PRMD,Игорь Вениаминович Маев,professional,0,"ПАО ""ПРОМОМЕД""",2023,,2023,2024,2,end_at_collection_year,1
PRMD,Игорь Вениаминович Маев,professional,1,"ООО ""ПРОМОМЕД ДМ""",2021,2023,2021,2023,3,,0
PRMD,Игорь Вениаминович Маев,professional,2,Российский университет медицины / МГМСУ им. А. И. Евдокимова,2013,,2013,2021,9,end_from_next_start,0
PRMD,Игорь Вениаминович Маев,research,0,,,,,,0,missing_dates_excluded,
PRMD,Деян Йованович,professional,0,"ПАО ""ПРОМОМЕД""",2024,,2024,2024,1,end_at_collection_year,1
PRMD,Деян Йованович,professional,1,"ООО ""Астеллас Фарма Продакшен""",2014,2021,2014,2021,8,,0
PRMD,Деян Йованович,professional,2,"АО ""Астеллас Фарма""",2005,2022,2005,2022,18,,0
PRMD,Деян Йованович,professional,3,Представительство Astellas Pharma Europe B.V.,2005,2021,2005,2021,17,,0
PRMD,Деян Йованович,professional,4,Ассоциация международных фармацевтических производителей (AIPM),,,,,0,missing_dates_excluded,0
PRMD,Деян Йованович,professional,5,"Astellas Pharma, ICN Pharmaceuticals, Sanofi, Abbott Laboratories",,,,,0,missing_dates_excluded,0
PRMD,Юрий Федорович Литвищенко,professional,0,"ПАО ""ПРОМОМЕД""",2024,,2024,2024,1,end_at_collection_year,1
PRMD,Юрий Федорович Литвищенко,professional,1,"ООО ""Скопинфарм""",2021,2021,2021,2021,1,,0
PRMD,Юрий Федорович Литвищенко,professional,2,"ООО ""Кьези Фармасьютикалс"" / Chiesi Pharmaceuticals",2007,2020,2007,2020,14,,0
PRMD,Юрий Федорович Литвищенко,professional,3,Независимые консалтинговые проекты в здравоохранении и фармации,2021,,2021,2024,4,end_at_collection_year,0
PRMD,Михаил Игоревич Малиновский,professional,0,"ПАО ""ПРОМОМЕД""",2024,,2024,2024,1,end_at_collection_year,1
PRMD,Михаил Игоревич Малиновский,professional,1,"ООО ""ЛКП"" / юридическая фирма LECAP",2012,,2012,2023,12,end_from_next_start,0
PRMD,Михаил Игоревич Малиновский,professional,2,"ПАО ""Московская биржа""",2023,,2023,2024,2,end_at_collection_year,0
PRMD,Михаил Игоревич Малиновский,professional,3,"АО ИК ""Битца-Инвест""",2023,,2023,2024,2,end_at_collection_year,0
PRMD,Юрий Юрьевич Троянкин,professional,0,"ПАО ""ПРОМОМЕД"" / ГК ""ПРОМОМЕД""",2020,,2020,2024,5,end_at_collection_year,0
PRMD,Юрий Юрьевич Троянкин,professional,1,"Организации холдингового типа в банковской/финансовой, нефтяной, машиностроительной, металлургической, ЖКХ, строительной, агро- и легкой промышленности",,2020,,2020,0,missing_dates_excluded,0
PRMD,Кира Яковлевна Заславская,professional,0,"ПАО ""ПРОМОМЕД"" / ГК ""ПРОМОМЕД""",2021,,2021,2024,4,end_at_collection_year,0
PRMD,Кира Яковлевна Заславская,professional,1,"ПАО ""ПРОМОМЕД"" / ГК ""ПРОМОМЕД""",2009,2021,2009,2021,13,,0
PRMD,Кира Яковлевна Заславская,research,0,,,,,,0,missing_dates_excluded,
PRMD,Кира Яковлевна Заславская,research,1,,,,,,0,missing_dates_excluded,
PRMD,Кира Яковлевна Заславская,research,2,,,,,,0,missing_dates_excluded,
QIWI,Alexey Sergeevich Mashchenkov / Алексей Мащенков,professional,0,QIWI plc / NanduQ plc,2024,,2024,2024,1,end_at_collection_year,1
QIWI,Alexey Sergeevich Mashchenkov / Алексей Мащенков,professional,1,QIWI plc,2021,2024,2021,2024,4,,1
QIWI,Alexey Sergeevich Mashchenkov / Алексей Мащенков,professional,2,Russian Fishery / Русская Рыбопромышленная компания,,,,,0,missing_dates_excluded,0
QIWI,Alexey Sergeevich Mashchenkov / Алексей Мащенков,professional,3,Russian Standard / Русский Стандарт,,,,,0,missing_dates_excluded,0
QIWI,Alexey Sergeevich Mashchenkov / Алексей Мащенков,professional,4,Alpcot Capital Management / Agrokultura / Alpcot Agro,2008,,2008,2021,14,end_from_next_start,0
QIWI,Alexey Sergeevich Mashchenkov / Алексей Мащенков,professional,5,PwC and Bain & Company,,,,,0,missing_dates_excluded,0
QIWI,Alexey Sergeevich Mashchenkov / Алексей Мащенков,professional,6,OAO MegaFon,,,,,0,missing_dates_excluded,0
RASP,Владимир Федорович Мельниченко,professional,0,"ООО ""Распадская угольная компания""",2023,,2023,2024,2,end_at_collection_year,0
RASP,Владимир Федорович Мельниченко,professional,1,EVRAZ / Евразруда / ЕВРАЗ ЗСМК,2011,2023,2011,2023,13,,0
RASP,Марат Михайлович Атнашев,professional,0,"ПАО ""Распадская""",2020,,2020,2024,5,end_at_collection_year,1
RASP,Марат Михайлович Атнашев,professional,1,EVRAZ (рудный дивизион / Ore Division),2011,,2011,2016,6,end_from_next_start,0
RASP,Марат Михайлович Атнашев,professional,2,CTF Consultancy Limited / СиТиЭф Консалтанси Лимитед,2019,,2019,2020,2,end_from_next_start,0
RASP,Марат Михайлович Атнашев,professional,3,"Московская школа управления ""Сколково"" / ООО ""Сколково Менеджмент""",2016,2019,2016,2019,4,,0
RASP,Марат Михайлович Атнашев,professional,4,ТНК / ТНК-ВР,,,,,0,missing_dates_excluded,0
RASP,Марат Михайлович Атнашев,professional,5,"ОАО ""Газпромнефть""",,,,,0,missing_dates_excluded,0
RASP,Игорь Вадимович Богачев,professional,0,"ПАО ""Распадская""",2022,,2022,2024,3,end_at_collection_year,1
RASP,Игорь Вадимович Богачев,professional,1,"Фонд ""Сколково""",,,,,0,missing_dates_excluded,0
RASP,Игорь Вадимович Богачев,professional,2,"Группа компаний ""Цифра""",,,,,0,missing_dates_excluded,0
RASP,Андрей Владимирович Давыдов,professional,0,"ПАО ""Распадская""",,,,,0,missing_dates_excluded,1
RASP,Андрей Владимирович Давыдов,professional,1,"ООО ""Распадская угольная компания""",2020,2023,2020,2023,4,,0
RASP,Алексей Александрович Иванов,professional,0,"ПАО ""Распадская""",2017,,2017,2024,8,end_at_collection_year,1
RASP,Алексей Александрович Иванов,professional,1,"EVRAZ / ООО ""ЕВРАЗ"" / EVRAZ plc",2002,,2002,2017,16,end_from_next_start,0
RASP,Николай Владимирович Иванов,professional,0,"ПАО ""Распадская""",,,,,0,missing_dates_excluded,1
RASP,Николай Владимирович Иванов,professional,1,EVRAZ,,,,,0,missing_dates_excluded,0
RASP,Николай Владимирович Иванов,professional,2,"ОАО ""Вымпелком""",2000,2016,2000,2016,17,,0
RASP,Ольга Александровна Покровская,professional,0,"ПАО ""Распадская""",2015,,2015,2024,10,end_at_collection_year,1
RASP,Эрик Хью Джон Стойлл,professional,0,"ПАО ""Распадская""",2013,,2013,2024,12,end_at_collection_year,1
RASP,Эрик Хью Джон Стойлл,professional,1,Katanga Mining Ltd,2008,2020,2008,2020,13,,0
RASP,Регина Дагмар Бенедикта фон Флемминг,professional,0,"ПАО ""Распадская""",,,,,0,missing_dates_excluded,1
RASP,Регина Дагмар Бенедикта фон Флемминг,professional,1,"ПАО ""МТС""",2015,,2015,2024,10,end_at_collection_year,0
RASP,Регина Дагмар Бенедикта фон Флемминг,professional,2,Axel Springer Russia / Flemming & Partner GmbH / Delta Capital,,,,,0,missing_dates_excluded,0
RASP,Александр Владимирович Фролов,professional,0,"ПАО ""Распадская""",2004,,2004,2006,3,end_from_next_start,1
RASP,Александр Владимирович Фролов,professional,1,"EVRAZ / ООО ""ЕВРАЗ""",2006,,2006,2024,19,end_at_collection_year,0
RENI,Гадлиба Юлия Олеговна,professional,0,РОСНО,2003,2008,2003,2008,6,,0
RENI,Гадлиба Юлия Олеговна,professional,1,Группа «Ренессанс страхование»,2008,2012,2008,2012,5,,1
RENI,Гадлиба Юлия Олеговна,professional,2,Группа «Ренессанс страхование»,2012,2016,2012,2016,5,,1
RENI,Гадлиба Юлия Олеговна,professional,3,ПАО «Группа Ренессанс Страхование»,2016,,2016,2024,9,end_at_collection_year,1
RKKE,Озар Игорь Яковлевич,professional,0,"ПАО ""РКК ""Энергия""",2020,2025,2020,2024,5,end_capped_at_collection_year,1
RKKE,Озар Игорь Яковлевич,professional,1,"ПАО ""РКК ""Энергия""",2024,,2024,2024,1,end_at_collection_year,1
RKKE,Озар Игорь Яковлевич,professional,2,"ОАО ""Московский шинный завод""",1992,1998,1992,1998,7,,0
RKKE,Озар Игорь Яковлевич,professional,3,"ЗАО ""Шинный холдинг"" (Амтел)",1998,1999,1998,1999,2,,0
RKKE,Озар Игорь Яковлевич,professional,4,"ПАО ""Компания ""Сухой"" / ОКБ Сухого",1999,2020,1999,2020,22,,0
RKKE,Озар Игорь Яковлевич,professional,5,Объединенная авиастроительная корпорация,2016,2020,2016,2020,5,,0
RKKE,Озар Игорь Яковлевич,professional,6,"Госкорпорация ""Роскосмос""",2020,2020,2020,2020,1,,0
RKKE,Мальцев Игорь Евгеньевич,professional,0,"ПАО ""РКК ""Энергия"" / Завод экспериментального машиностроения",2016,2022,2016,2022,7,,0
RKKE,Мальцев Игорь Евгеньевич,professional,1,"АО ""НПЦАП"" имени академика Н.А. Пилюгина",2022,2025,2022,2024,3,end_capped_at_collection_year,0
RKKE,Мальцев Игорь Евгеньевич,professional,2,"ПАО ""РКК ""Энергия""",2025,,2025,2024,0,after_collection_year_excluded,1
RKKE,Борисов Юрий Иванович,professional,0,"ПАО ""РКК ""Энергия""",2024,,2024,2024,1,end_at_collection_year,1
RKKE,Борисов Юрий Иванович,professional,1,"Госкорпорация ""Роскосмос""",2022,2025,2022,2024,3,end_capped_at_collection_year,0
RKKE,Борисов Юрий Иванович,professional,2,Правительство Российской Федерации,2018,2022,2018,2022,5,,0
RKKE,Борисов Юрий Иванович,professional,3,Министерство обороны Российской Федерации,2012,2018,2012,2018,7,,0
RKKE,Борисов Юрий Иванович,professional,4,Министерство промышленности и торговли Российской Федерации,2008,2012,2008,2012,5,,0
RKKE,Борисов Юрий Иванович,professional,5,Федеральное агентство по промышленности (Роспром),2004,2008,2004,2008,5,,0
RKKE,Борисов Юрий Иванович,professional,6,"ЗАО ""Научно-технический центр ""Модуль""""",1998,2004,1998,2004,7,,0
RKKE,Борисов Юрий Иванович,professional,7,Вооруженные силы СССР / Каунасский авиационно-ремонтный завод,1978,1991,1978,1991,14,,0
RKKE,Быков Александр Иванович,professional,0,"ПАО ""РКК ""Энергия""",2024,,2024,2024,1,end_at_collection_year,1
RKKE,Быков Александр Иванович,professional,1,"Госкорпорация ""Роскосмос""",2019,,2019,2024,6,end_at_collection_year,0
RKKE,Быков Александр Иванович,professional,2,"ПАО ""Ил"" / программа Ил-112В",,2019,,2019,0,missing_dates_excluded,0
RKKE,Никифоров Никита Юрьевич,professional,0,"ПАО ""РКК ""Энергия""",2024,,2024,2024,1,end_at_collection_year,1
RKKE,Погосян Михаил Асланович,professional,0,"ПАО ""РКК ""Энергия""",2024,,2024,2024,1,end_at_collection_year,1
RKKE,Погосян Михаил Асланович,professional,1,Московский авиационный институт,2016,,2016,2024,9,end_at_collection_year,0
RKKE,Погосян Михаил Асланович,professional,2,"ПАО ""Объединенная авиастроительная корпорация""",2007,2015,2007,2015,9,,0
RKKE,Погосян Михаил Асланович,professional,3,"ОКБ Сухого / Компания ""Сухой""",1979,2011,1979,2011,33,,0
RKKE,Погосян Михаил Асланович,research,0,Московский авиационный институт,2004,,2004,2024,21,end_at_collection_year,
RKKE,Романов Константин Владимирович,professional,0,"ПАО ""РКК ""Энергия""",2024,,2024,2024,1,end_at_collection_year,1
RKKE,Романов Константин Владимирович,professional,1,"Госкорпорация ""Роскосмос""",,,,,0,missing_dates_excluded,0
RKKE,Суворов Павел Анатольевич,professional,0,"ПАО ""РКК ""Энергия""",2024,,2024,2024,1,end_at_collection_year,1
RKKE,Суворов Павел Анатольевич,professional,1,"Госкорпорация ""Роскосмос""",,,,,0,missing_dates_excluded,0
RKKE,Федоров Александр Сергеевич,professional,0,"ПАО ""РКК ""Энергия""",2024,,2024,2024,1,end_at_collection_year,1
RKKE,Форсов Георгий Львович,professional,0,"ПАО ""РКК ""Энергия""",2024,,2024,2024,1,end_at_collection_year,1
RKKE,Форсов Георгий Львович,professional,1,"Госкорпорация ""Роскосмос""",,,,,0,missing_dates_excluded,0
RNFT,Толочек Евгений Викторович,professional,0,"ПАО НК ""РуссНефть""",2016,,2016,2024,9,end_at_collection_year,1
RNFT,Толочек Евгений Викторович,professional,1,"ПАО НК ""РуссНефть""",2015,2016,2015,2016,2,,1
RNFT,Толочек Евгений Викторович,professional,2,"ОАО НК ""Нефтиса""",2014,2015,2014,2015,2,,0
RNFT,Толочек Евгений Викторович,professional,3,"ОАО ""Самараинвестнефть""",2007,2014,2007,2014,8,,0
RNFT,Толочек Евгений Викторович,professional,4,"ОАО ""Самараинвестнефть""",2006,2007,2006,2007,2,,0
RNFT,Толочек Евгений Викторович,professional,5,"ЗАО ""Волганефть""",2004,2006,2004,2006,3,,0
RNFT,Толочек Евгений Викторович,professional,6,"ОАО ""Томскнефть"" ВНК",2000,2004,2000,2004,5,,0
RNFT,Толочек Евгений Викторович,professional,7,"ОАО ""Самаранефтегаз""",1997,2000,1997,2000,4,,0
RNFT,Прозоровская Ольга Евгеньевна,professional,0,"ПАО НК ""РуссНефть""",2010,,2010,2021,12,end_from_next_start,1
RNFT,Прозоровская Ольга Евгеньевна,professional,1,"ПАО НК ""РуссНефть""",2004,2010,2004,2010,7,,1
RNFT,Прозоровская Ольга Евгеньевна,professional,2,"НК ""Сафмар""",2007,2009,2007,2009,3,,0
RNFT,Прозоровская Ольга Евгеньевна,professional,3,"ПАО НК ""РуссНефть""",2002,2004,2002,2004,3,,1
RNFT,Прозоровская Ольга Евгеньевна,professional,4,"ПАО НК ""РуссНефть""",2021,,2021,2024,4,end_at_collection_year,1
RNFT,Прозоровская Ольга Евгеньевна,professional,5,"ОАО НГК ""Славнефть""",2001,2002,2001,2002,2,,0
RNFT,Прозоровская Ольга Евгеньевна,professional,6,"ОАО ""Всероссийский Институт Легких Сплавов""",1999,2001,1999,2001,3,,0
RNFT,Прозоровская Ольга Евгеньевна,professional,7,"КРУ ФПС ""БИН""",1997,1999,1997,1999,3,,0
RNFT,Прозоровская Ольга Евгеньевна,professional,8,ГНИ по Республике Ингушетия,1995,1997,1995,1997,3,,0
RNFT,Прозоровская Ольга Евгеньевна,professional,9,ЦНИИ экономики и управления строительством,1987,1995,1987,1995,9,,0
RNFT,Пицюра Евгений Владимирович,professional,0,"ПАО НК ""РуссНефть""",2020,,2020,2024,5,end_at_collection_year,1
RNFT,Пицюра Евгений Владимирович,professional,1,"ОАО ""Тюменнефтегаз""",2014,2020,2014,2020,7,,0
RNFT,Пицюра Евгений Владимирович,professional,2,"ОАО ""Оренбургнефть""",2006,2014,2006,2014,9,,0
RNFT,Пицюра Евгений Владимирович,professional,3,"ОАО ""Томскнефть"" ВНК",2001,2006,2001,2006,6,,0
RNFT,Пицюра Евгений Владимирович,professional,4,"ОАО ""Томскнефть"" ВНК (НГДУ ""Стрежевойнефть"")",1998,2001,1998,2001,4,,0
RNFT,Пицюра Евгений Владимирович,professional,5,"ООО ""Белые ночи""",,2025,,2024,0,missing_dates_excluded,0
RNFT,Пицюра Евгений Владимирович,research,0,Томский политехнический университет,2012,2012,2012,2012,1,,
RNFT,Карпенко Сергей Анатольевич,professional,0,"ПАО НК ""РуссНефть""",,,,,0,missing_dates_excluded,1
RNFT,Карпенко Сергей Анатольевич,professional,1,"ПАО НК ""РуссНефть""",,2024,,2024,0,missing_dates_excluded,1
RNFT,Романов Дмитрий Вячеславович,professional,0,"ПАО НК ""РуссНефть""",2010,,2010,2024,15,end_at_collection_year,1
RNFT,Романов Дмитрий Вячеславович,professional,1,Джи-Си-Эм Глобал Энерджи (Великобритания),2007,2007,2007,2007,1,,0
RNFT,Романов Дмитрий Вячеславович,professional,2,"ПАО НК ""РуссНефть""",2003,2007,2003,2007,5,,1
RNFT,Романов Дмитрий Вячеславович,professional,3,"ПАО НК ""РуссНефть""",2003,,2003,2007,5,end_from_next_start,1
RNFT,Романов Дмитрий Вячеславович,professional,4,"ОАО НГК ""Славнефть""",1994,2003,1994,2003,10,,0
RNFT,Романов Дмитрий Вячеславович,professional,5,Госкомитет РФ по управлению государственным имуществом,1992,1994,1992,1994,3,,0
RNFT,Романов Дмитрий Вячеславович,professional,6,ВНИИ комплексных топливно-энергетических проблем при Госплане СССР,1984,1992,1984,1992,9,,0
RNFT,Кирдода Игорь Иванович,professional,0,"ПАО НК ""РуссНефть""",,2023,2023,2023,1,start_from_previous_end,1
RNFT,Кирдода Игорь Иванович,professional,1,Global Energy Azerbaijan Limited,2016,2023,2016,2023,8,,0
RNFT,Кирдода Игорь Иванович,professional,2,"СП ""Global Energy Azerbaijan""",1997,2012,1997,2012,16,,0
RNFT,Кирдода Игорь Иванович,research,0,,2016,2016,2016,2016,1,,
RNFT,Кузьменков Алексей Александрович,professional,0,"ПАО НК ""РуссНефть""",2024,,2024,2024,1,end_at_collection_year,1
RNFT,Кузьменков Алексей Александрович,professional,1,"ООО ""Развитие""",2022,,2022,2024,3,end_at_collection_year,0
RNFT,Кузьменков Алексей Александрович,professional,2,"ООО ""ФортеИнвест""",2019,2021,2019,2021,3,,0
RNFT,Кузьменков Алексей Александрович,professional,3,"АО ""Форте-Инвест""",2021,2023,2021,2023,3,,0
RNFT,Кузьменков Алексей Александрович,professional,4,"ООО ""ФортеИнвест""",2017,2018,2017,2018,2,,0
RNFT,Кузьменков Алексей Александрович,professional,5,Группа управляющих компаний,2011,2019,2011,2019,9,,0
RNFT,Дерех Андрей Михайлович,professional,0,"ПАО НК ""РуссНефть""",2016,,2016,2024,9,end_at_collection_year,1
RNFT,Дерех Андрей Михайлович,professional,1,"ПАО НК ""РуссНефть""",,,,,0,missing_dates_excluded,1
RNFT,Мартынов Виктор Георгиевич,professional,0,"ПАО НК ""РуссНефть""",2016,,2016,2024,9,end_at_collection_year,1
RNFT,Мартынов Виктор Георгиевич,professional,1,Российский государственный университет нефти и газа имени И.М. Губкина,2008,,2008,2016,9,end_from_next_start,0
RNFT,Мартынов Виктор Георгиевич,professional,2,Российский государственный университет нефти и газа (МИНХиГП) имени И.М. Губкина,1999,2008,1999,2008,10,,0
RNFT,Мартынов Виктор Георгиевич,professional,3,МИНХиГП имени И.М. Губкина,1988,1999,1988,1999,12,,0
RNFT,Мартынов Виктор Георгиевич,professional,4,МИНХиГП имени И.М. Губкина,1980,1988,1980,1988,9,,0
RNFT,Мартынов Виктор Георгиевич,research,0,Российский государственный университет нефти и газа имени И.М. Губкина,,,,,0,missing_dates_excluded,
RNFT,Щербак Владимир Львович,professional,0,"ПАО НК ""РуссНефть""",2010,,2010,2024,15,end_at_collection_year,1
RNFT,Степашин Сергей Вадимович,professional,0,"ПАО НК ""РуссНефть""",2016,,2016,2022,7,end_from_next_start,1
RNFT,Степашин Сергей Вадимович,professional,1,Ассоциация юристов России,2022,,2022,2024,3,end_at_collection_year,0
RNFT,Степашин Сергей Вадимович,professional,2,Российский книжный союз,2015,,2015,2016,2,end_from_next_start,0
RNFT,Степашин Сергей Вадимович,research,0,,,,,,0,missing_dates_excluded,
RNFT,Сидский Николай Алексеевич,professional,0,"ПАО НК ""РуссНефть""",2022,,2022,2024,3,end_at_collection_year,1
ROSN,Igor Sechin,professional,0,"ПАО ""НК ""Роснефть""",2012,,2012,2024,13,end_at_collection_year,1
ROSN,Igor Sechin,professional,1,Government of the Russian Federation / Presidential Administration,2000,2012,2000,2012,13,,0
ROSN,Petr Lazarev,professional,0,"ПАО ""НК ""Роснефть""",2012,,2012,2024,13,end_at_collection_year,1
ROSN,Petr Lazarev,professional,1,Ministry of Finance USSR / financial institutions / Rosneft Treasury,1990,2012,1990,2012,23,,0
ROSN,Valentin Gennadyevich Mamayev,professional,0,"ПАО ""НК ""Роснефть""",2021,,2021,2024,4,end_at_collection_year,1
ROSN,Valentin Gennadyevich Mamayev,professional,1,AO Samotlorneftegaz,,2021,,2021,0,missing_dates_excluded,0
ROSN,Yegor Filippov,professional,0,"ПАО ""НК ""Роснефть""",2021,,2021,2024,4,end_at_collection_year,1
ROSN,Yegor Filippov,professional,1,OOO RN-Yuganskneftegaz / AO NK Kondaneft,2021,,2021,2024,4,end_at_collection_year,0
ROSN,Ural A. Latypov,professional,0,"ПАО ""НК ""Роснефть""",2017,,2017,2024,8,end_at_collection_year,1
ROSN,Ural A. Latypov,professional,1,Prosecutor's office / Federal Drug Control Service,1996,2017,1996,2017,22,,0
ROSN,Andrey Igorevich Akimov,professional,0,"ПАО ""НК ""Роснефть""",2014,,2014,2024,11,end_at_collection_year,1
ROSN,Andrey Igorevich Akimov,professional,1,Gazprombank,2002,,2002,2014,13,end_from_next_start,0
ROSN,Alexander Novak,professional,0,"ПАО ""НК ""Роснефть""",2015,,2015,2020,6,end_from_next_start,1
ROSN,Alexander Novak,professional,1,Government of the Russian Federation,2020,,2020,2024,5,end_at_collection_year,0
ROSN,Faisal Al-Suwaidi,professional,0,"ПАО ""НК ""Роснефть""",2017,,2017,2024,8,end_at_collection_year,1
ROSN,Faisal Al-Suwaidi,professional,1,Qatargas / Qatar Petroleum / Qatar Foundation,1972,,1972,2017,46,end_from_next_start,0
ROSN,Faisal Al-Suwaidi,research,0,Qatar Foundation,2012,,2012,2024,13,end_at_collection_year,
ROSN,Hamad Al-Mohannadi,professional,0,"ПАО ""НК ""Роснефть""",2019,,2019,2024,6,end_at_collection_year,1
ROSN,Hamad Al-Mohannadi,professional,1,Qatar Petroleum / RasGas,,,,,0,missing_dates_excluded,0
ROSN,Maxim Oreshkin,professional,0,"ПАО ""НК ""Роснефть""",2020,,2020,2024,5,end_at_collection_year,1
ROSN,Maxim Oreshkin,professional,1,Government / Presidential Administration / financial sector,2002,,2002,2020,19,end_from_next_start,0
ROSN,Alexander Uss,professional,0,"ПАО ""НК ""Роснефть""",2022,2024,2022,2024,3,,1
ROSN,Alexander Uss,professional,1,Krasnoyarsk Krai / Federation Council / Siberian Federal University,2017,,2017,2022,6,end_from_next_start,0
ROSN,Alexander Uss,research,0,Krasnoyarsk State University / Siberian Federal University,1981,,1981,2024,44,end_at_collection_year,
ROSN,Alexander Dmitrievich Nekipelov,professional,0,"ПАО ""НК ""Роснефть""",2011,,2011,2024,14,end_at_collection_year,1
ROSN,Alexander Dmitrievich Nekipelov,professional,1,"Moscow School of Economics, Moscow State University",2004,,2004,2011,8,end_from_next_start,0
ROSN,Alexander Dmitrievich Nekipelov,research,0,Russian Academy of Sciences / Moscow State University,,,,,0,missing_dates_excluded,
ROSN,Vladimir Litvinenko,professional,0,"ПАО ""НК ""Роснефть""",2022,2024,2022,2024,3,,1
ROSN,Vladimir Litvinenko,professional,1,Saint Petersburg Mining University,1994,,1994,2022,29,end_from_next_start,0
ROSN,Vladimir Litvinenko,research,0,Saint Petersburg Mining University,,,,,0,missing_dates_excluded,
ROSN,Pedro A. Aquino,professional,0,"ПАО ""НК ""Роснефть""",2022,,2022,2024,3,end_at_collection_year,1
ROSN,Pedro A. Aquino,professional,1,Oil & Petroleum Holdings International Resources Limited,,,,,0,missing_dates_excluded,0
RTKM,Михаил Эдуардович Осеевский,professional,0,"ПАО ""Ростелеком""",2017,,2017,2024,8,end_at_collection_year,1
RTKM,Михаил Эдуардович Осеевский,professional,1,Банк ВТБ,2012,2017,2012,2017,6,,0
RTKM,Михаил Эдуардович Осеевский,professional,2,Министерство экономического развития РФ,2011,2012,2011,2012,2,,0
RTKM,Михаил Эдуардович Осеевский,professional,3,Правительство Санкт-Петербурга,2003,2011,2003,2011,9,,0
RTKM,Михаил Эдуардович Осеевский,research,0,Ленинградский политехнический институт; НПО/НИИ электрофизической аппаратуры,1983,1993,1983,1993,11,,
RTKM,Анна Борисовна Трегубенкова,professional,0,"ПАО ""Ростелеком""",2024,,2024,2024,1,end_at_collection_year,1
RTKM,Анна Борисовна Трегубенкова,professional,1,"ПАО ""Ростелеком""",2018,2024,2018,2024,7,,1
RTKM,Анна Борисовна Трегубенкова,professional,2,"Банковский сектор, включая Банк ""УРАЛСИБ""",2001,2016,2001,2016,16,,0
RTKM,Алексей Валерьевич Сапунов,professional,0,"ПАО ""Ростелеком""",2016,,2016,2024,9,end_at_collection_year,1
RTKM,Алексей Валерьевич Сапунов,professional,1,"ПАО ""Ростелеком""",2013,2016,2013,2016,4,,1
RTKM,Алексей Валерьевич Сапунов,professional,2,"ОАО ""Комбеллга"" / ОАО ""ВымпелКом""",2001,2013,2001,2013,13,,0
RTKM,Дарий Равильевич Халитов,professional,0,"ПАО ""Ростелеком""",2024,,2024,2024,1,end_at_collection_year,1
RTKM,Дарий Равильевич Халитов,professional,1,"ПАО ""Ростелеком""",2022,2024,2022,2024,3,,1
RTKM,Дарий Равильевич Халитов,professional,2,"Банк ""Открытие""; ""Неофлекс""",,,,,0,missing_dates_excluded,0
RTKM,Дмитрий Александрович Куракин,professional,0,"ПАО ""Ростелеком""",2017,,2017,2024,8,end_at_collection_year,1
RTKM,Дмитрий Александрович Куракин,professional,1,Министерство обороны РФ,2012,2017,2012,2017,6,,0
RTKM,Дмитрий Александрович Куракин,professional,2,Правительство Санкт-Петербурга; Правительство Московской области,1998,2012,1998,2012,15,,0
RTKM,Антон Андреевич Златопольский,professional,0,"ВГТРК / телеканал ""Россия-1""",,,,,0,missing_dates_excluded,0
RTKM,Антон Андреевич Златопольский,professional,1,"ПАО ""Ростелеком""",2011,,2011,2024,14,end_at_collection_year,1
RTKM,Вадим Викторович Семенов,professional,0,"ГК ""Автодор""",,,,,0,missing_dates_excluded,0
RTKM,Вадим Викторович Семенов,professional,1,"ПАО ""Ростелеком""",2013,,2013,2024,12,end_at_collection_year,1
RTKM,Кирилл Александрович Дмитриев,professional,0,Российский фонд прямых инвестиций,2011,,2011,2014,4,end_from_next_start,0
RTKM,Кирилл Александрович Дмитриев,professional,1,Icon Private Equity; Delta Private Equity; Goldman Sachs; McKinsey & Company,1996,2011,1996,2011,16,,0
RTKM,Кирилл Александрович Дмитриев,professional,2,"ПАО ""Ростелеком""",2014,,2014,2024,11,end_at_collection_year,1
RTKM,Алексей Андреевич Яковицкий,professional,0,ВТБ Капитал,,,,,0,missing_dates_excluded,0
RTKM,Алексей Андреевич Яковицкий,professional,1,ОФГ / Deutsche Securities,2000,,2000,2017,18,end_from_next_start,0
RTKM,Алексей Андреевич Яковицкий,professional,2,"ПАО ""Ростелеком""",2017,,2017,2024,8,end_at_collection_year,1
RTKM,Андрей Леонидович Костин,professional,0,Банк ВТБ,2002,,2002,2020,19,end_from_next_start,0
RTKM,Андрей Леонидович Костин,professional,1,Внешэкономбанк,1996,2002,1996,2002,7,,0
RTKM,Андрей Леонидович Костин,professional,2,"ПАО ""Ростелеком""",2020,,2020,2024,5,end_at_collection_year,1
RTKM,Елена Владимировна Шмелева,professional,0,"Федеральная территория ""Сириус""; Образовательный Фонд ""Талант и успех""",2015,,2015,2020,6,end_from_next_start,0
RTKM,Елена Владимировна Шмелева,professional,1,"СПбГУ; БФ ""Система""; программа ""Лифт в будущее""",,2015,,2015,0,missing_dates_excluded,0
RTKM,Елена Владимировна Шмелева,professional,2,"ПАО ""Ростелеком""",2020,,2020,2024,5,end_at_collection_year,1
RTKM,Елена Владимировна Шмелева,research,0,НИИ комплексных социальных исследований СПбГУ; СПбГУ,,,,,0,missing_dates_excluded,
RTKM,Антон Алексеевич Устинов,professional,0,"АО ""СОГАЗ""",2016,,2016,2020,5,end_from_next_start,0
RTKM,Антон Алексеевич Устинов,professional,1,Администрация Президента РФ / федеральные ведомства,1999,2016,1999,2016,18,,0
RTKM,Антон Алексеевич Устинов,professional,2,"ПАО ""Ростелеком""",2020,,2020,2024,5,end_at_collection_year,1
RTKM,Антон Алексеевич Устинов,research,0,МГЮА / Институт государства и права РАН,,,,,0,missing_dates_excluded,
RTKM,Дмитрий Николаевич Чернышенко,professional,0,Правительство Российской Федерации,2020,,2020,2024,5,end_at_collection_year,0
RTKM,Дмитрий Николаевич Чернышенко,professional,1,"Оргкомитет ""Сочи 2014""; КХЛ; ""Газпром-Медиа Холдинг""",2007,2020,2007,2020,14,,0
RTKM,Дмитрий Николаевич Чернышенко,professional,2,"ПАО ""Ростелеком""",2020,,2020,2024,5,end_at_collection_year,1
RTKM,Николай Викторович Цехомский,professional,0,ВЭБ.РФ,2016,,2016,2024,9,end_at_collection_year,0
RTKM,Николай Викторович Цехомский,professional,1,Ernst & Young; Brunswick UBS Warburg; Renaissance Capital; MTS; VTB; Barclays; Sberbank,1995,2016,1995,2016,22,,0
RTKM,Николай Викторович Цехомский,professional,2,"ПАО ""Ростелеком""",,,,,0,missing_dates_excluded,1
RTKM,Николай Викторович Цехомский,research,0,НИУ ВШЭ,2022,,2022,2024,3,end_at_collection_year,
RUAL,Evgeny Viktorovich Nikitin / Евгений Викторович Никитин,professional,0,"МКПАО ""ОК РУСАЛ"" / АО ""РУСАЛ Менеджмент""",1993,,1993,2024,32,end_at_collection_year,0
RUAL,Alexander Popov / Александр Валентинович Попов,professional,0,"МКПАО ""ОК РУСАЛ""",2019,,2019,2024,6,end_at_collection_year,1
RUAL,Alexander Popov / Александр Валентинович Попов,professional,1,"En+ Group, PricewaterhouseCoopers, Tatneft, Russian Aluminum Co.",,,,,0,missing_dates_excluded,0
RUAL,Victor Mann / Виктор Манн,professional,0,"МКПАО ""ОК РУСАЛ""",2005,,2005,2024,20,end_at_collection_year,1
RUAL,Victor Mann / Виктор Манн,research,0,RUSAL technical/R&D function,2005,,2005,2024,20,end_at_collection_year,
RUAL,Karen Li / Karen Li Wai-Yin / Карен Ли Вай-Инь,professional,0,"МКПАО ""ОК РУСАЛ""",,,,,0,missing_dates_excluded,1
RUAL,Lok Tung Chan / Chan Lok Tung / Чен Лок Тунг,professional,0,Universe Corporate Services Limited,,,,,0,missing_dates_excluded,0
RUAL,Lok Tung Chan / Chan Lok Tung / Чен Лок Тунг,professional,1,"МКПАО ""ОК РУСАЛ""",2024,,2024,2024,1,end_at_collection_year,1
RUAL,Bernard Zonneveld / Бернард Зонневельд,professional,0,"МКПАО ""ОК РУСАЛ""",2016,,2016,2024,9,end_at_collection_year,1
RUAL,Bernard Zonneveld / Бернард Зонневельд,professional,1,"Capitalmind, ING Bank, Vimetco and trade councils",,,,,0,missing_dates_excluded,0
RUAL,Kevin Parker / Kevin Edward Parker,professional,0,"МКПАО ""ОК РУСАЛ""",2019,,2019,2024,6,end_at_collection_year,1
RUAL,Kevin Parker / Kevin Edward Parker,professional,1,"Sustainable Insight Capital Management, Deutsche Bank, Morgan Stanley, EF Hutton, Chateau Maris, The Westaim Corporation",,,,,0,missing_dates_excluded,0
RUAL,Chris Burnham / Christopher Bancroft Burnham,professional,0,"МКПАО ""ОК РУСАЛ""",2019,,2019,2024,6,end_at_collection_year,1
RUAL,Chris Burnham / Christopher Bancroft Burnham,professional,1,"Cambridge Global Capital/Advisors, Deutsche Asset Management, UN, US State Department and other public/private roles",,,,,0,missing_dates_excluded,0
RUAL,Evgeny Arkadievich Shvarts / Евгений Аркадьевич Шварц,professional,0,"МКПАО ""ОК РУСАЛ""",2020,,2020,2024,5,end_at_collection_year,1
RUAL,Evgeny Arkadievich Shvarts / Евгений Аркадьевич Шварц,professional,1,"Институт географии РАН, НИУ ВШЭ, WWF России, ГМК ""Норильский никель"", BCC",1982,,1982,2020,39,end_from_next_start,0
RUAL,Evgeny Arkadievich Shvarts / Евгений Аркадьевич Шварц,research,0,Институт географии РАН / НИУ ВШЭ,1982,,1982,2024,43,end_at_collection_year,
RUAL,Egorov Anton Aleksandrovich / Антон Александрович Егоров,professional,0,"МКПАО ""ОК РУСАЛ""",2018,,2018,2024,7,end_at_collection_year,1
RUAL,Egorov Anton Aleksandrovich / Антон Александрович Егоров,professional,1,Russian Post and prior legal/management roles,,,,,0,missing_dates_excluded,0
RUAL,Anna Vasilenko / Анна Геннадьевна Василенко,professional,0,"МКПАО ""ОК РУСАЛ""",2021,,2021,2024,4,end_at_collection_year,1
RUAL,Anna Vasilenko / Анна Геннадьевна Василенко,professional,1,"Inarctica, EM, Moscow Exchange, Renaissance Capital, LUKOIL, Credit Suisse",1997,,1997,2021,25,end_from_next_start,0
RUAL,Lyudmila Petrovna Galenskaya / Людмила Петровна Галенская,professional,0,"МКПАО ""ОК РУСАЛ""",2022,,2022,2024,3,end_at_collection_year,1
RUAL,Lyudmila Petrovna Galenskaya / Людмила Петровна Галенская,professional,1,"МКПАО ""Эн+ ГРУП"", Байкальская энергетическая компания, Иркутскэнерго, Ангарский завод полимеров, Ангарскнефтеоргсинтез",1980,,1980,2022,43,end_from_next_start,0
RUAL,Semen Viktorovich Mironov / Семен Викторович Миронов,professional,0,"МКПАО ""ОК РУСАЛ""",2023,,2023,2024,2,end_at_collection_year,1
RUAL,Semen Viktorovich Mironov / Семен Викторович Миронов,professional,1,"Chelpipe Group, Rimera Group, Credit Suisse, Renaissance Capital",2003,2022,2003,2022,20,,0
RUAL,Semen Viktorovich Mironov / Семен Викторович Миронов,research,0,Credit Suisse,2005,2018,2005,2018,14,,
RUAL,Natalia Albrecht / Natalia Albrekht / Наталья Александровна Альбрехт,professional,0,"МКПАО ""ОК РУСАЛ"" / АО ""РУСАЛ Менеджмент"" / UC RUSAL SUPPORT DMCC",2019,,2019,2024,6,end_at_collection_year,0
RUAL,Natalia Albrecht / Natalia Albrekht / Наталья Александровна Альбрехт,professional,1,"En+ Holding, ALPG, VimpelCom, Rostelecom, STS Media, NTV Plus, Federal Center of Sales, Complex Settlement Center",2002,,2002,2019,18,end_from_next_start,0
SBER,Herman Gref,professional,0,ПАО Сбербанк,2007,,2007,2024,18,end_at_collection_year,1
SBER,Herman Gref,professional,1,Правительство Российской Федерации,2000,2007,2000,2007,8,,0
SBER,Herman Gref,professional,2,Администрация Санкт-Петербурга и федеральные органы власти,1991,2000,1991,2000,10,,0
SBER,Mikhail Ratinskii,professional,0,ПАО Сбербанк,,,,,0,missing_dates_excluded,1
SBER,Mikhail Ratinskii,professional,1,Банк Москвы,2012,,2012,2024,13,end_at_collection_year,0
SBER,Oleg V. Chistyakov,professional,0,ПАО Сбербанк,2008,,2008,2024,17,end_at_collection_year,1
SBER,Oleg V. Chistyakov,professional,1,IBG «NIKoil» (впоследствии ФК «Уралсиб»),,,,,0,missing_dates_excluded,0
SBER,Oleg V. Chistyakov,professional,2,АКБ «Инкомбанк»,,,,,0,missing_dates_excluded,0
SBER,Larisa Zalomikhina,professional,0,ПАО Сбербанк,2014,,2014,2024,11,end_at_collection_year,1
SBER,Oleg Yuryevich Tsvetkov,professional,0,ПАО Сбербанк,2013,,2013,2024,12,end_at_collection_year,1
SBER,Anastasia Belyanina,professional,0,ПАО «Российский национальный коммерческий банк» (РНКБ); ОАО «Банк Москвы»,2009,,2009,2024,16,end_at_collection_year,0
SBER,Anastasia Belyanina,professional,1,ПАО Сбербанк,,,,,0,missing_dates_excluded,1
SBER,Anton Siluanov,professional,0,ПАО Сбербанк,2020,,2020,2024,5,end_at_collection_year,1
SBER,Anton Siluanov,professional,1,Министерство финансов Российской Федерации,2011,,2011,2020,10,end_from_next_start,0
SBER,Nadya Wells,professional,0,ПАО Сбербанк,2015,2022,2015,2022,8,,1
SBER,Nadya Wells,professional,1,Capital International SA,2001,2014,2001,2014,14,,0
SBER,Nikolay Kudryavtsev,professional,0,МФТИ,1997,,1997,2019,23,end_from_next_start,0
SBER,Nikolay Kudryavtsev,professional,1,ПАО Сбербанк,2019,,2019,2024,6,end_at_collection_year,1
SBER,Nikolay Kudryavtsev,research,0,МФТИ / научные организации,,,,,0,missing_dates_excluded,
SBER,Gennady Melikian,professional,0,ПАО Сбербанк,2014,,2014,2024,11,end_at_collection_year,1
SBER,Gennady Melikian,professional,1,"Банк России, Правительство РФ, Сбербанк",,,,,0,missing_dates_excluded,0
SBER,Gennady Melikian,research,0,МГУ имени М. В. Ломоносова,,,,,0,missing_dates_excluded,
SBER,Bella Zlatkis,professional,0,ПАО Сбербанк,2004,2022,2004,2022,19,,1
SBER,Bella Zlatkis,professional,1,Министерство финансов РФ,1970,2004,1970,2004,35,,0
SBER,Dmitriy Chernyshenko,professional,0,ПАО Сбербанк,2020,,2020,2024,5,end_at_collection_year,1
SBER,Dmitriy Chernyshenko,professional,1,Правительство Российской Федерации,2020,,2020,2024,5,end_at_collection_year,0
SBER,Dmitriy Chernyshenko,professional,2,"Оргкомитет «Сочи-2014», КХЛ, Газпром-Медиа",2007,2020,2007,2020,14,,0
SBER,Vladimir Vladimirovich Kolychev,professional,0,ПАО Сбербанк,2020,,2020,2024,5,end_at_collection_year,1
SBER,Vladimir Vladimirovich Kolychev,professional,1,Министерство финансов РФ,2017,,2017,2020,4,end_from_next_start,0
SBER,Mikhail Kovalchuk,professional,0,НИЦ «Курчатовский институт»,2015,,2015,2020,6,end_from_next_start,0
SBER,Mikhail Kovalchuk,professional,1,ПАО Сбербанк,2020,,2020,2024,5,end_at_collection_year,1
SBER,Mikhail Kovalchuk,research,0,Институт кристаллографии РАН / Курчатовский институт,,,,,0,missing_dates_excluded,
SBER,Alexander Kuleshov,professional,0,Сколковский институт науки и технологий,2016,,2016,2018,3,end_from_next_start,0
SBER,Alexander Kuleshov,professional,1,ПАО Сбербанк,2018,,2018,2024,7,end_at_collection_year,1
SBER,Alexander Kuleshov,research,0,ИППИ РАН / Сколтех / МФТИ,,,,,0,missing_dates_excluded,
SBER,Maxim Oreshkin,professional,0,ПАО Сбербанк,2017,,2017,2024,8,end_at_collection_year,1
SBER,Maxim Oreshkin,professional,1,Администрация Президента РФ,2024,,2024,2024,1,end_at_collection_year,0
SBER,Maxim Oreshkin,professional,2,"Банк России, Росбанк, Crédit Agricole CIB, ВТБ Капитал, Минфин, Минэкономразвития",2002,2020,2002,2020,19,,0
SBER,Sergey Ignatiev,professional,0,ПАО Сбербанк,2020,,2020,2024,5,end_at_collection_year,1
SBER,Sergey Ignatiev,professional,1,Банк России,2002,2022,2002,2022,21,,0
SBER,Sergey Ignatiev,professional,2,"Правительство РФ, Минфин, Минэкономики",1991,2002,1991,2002,12,,0
SBER,Sergey Ignatiev,research,0,Экономическая наука,,,,,0,missing_dates_excluded,
SBER,Lev Khasis,professional,0,ПАО Сбербанк,2013,2022,2013,2022,10,,1
SBER,Lev Khasis,professional,1,"X5 Retail Group, Walmart, Aviacor, Perekrestok и другие",,,,,0,missing_dates_excluded,0
SELG,Сергей Михайлович Татаринов,professional,0,"ПАО ""Селигдар""",2011,,2011,2024,14,end_at_collection_year,1
SELG,Сергей Михайлович Татаринов,professional,1,"ПАО ""Селигдар""",2007,,2007,2011,5,end_from_next_start,1
SELG,Сергей Михайлович Татаринов,professional,2,"АО ""Золото Селигдара""",2011,,2011,2024,14,end_at_collection_year,0
SELG,Сергей Михайлович Татаринов,professional,3,"ООО ""Рябиновое""",2007,,2007,2011,5,end_from_next_start,0
SELG,Александр Александрович Хрущ,professional,0,"ПАО ""Селигдар""",2024,,2024,2024,1,end_at_collection_year,1
SELG,Александр Александрович Хрущ,professional,1,"ПАО ""Селигдар""",2014,,2014,2015,2,end_from_next_start,1
SELG,Александр Александрович Хрущ,professional,2,"ПАО ""Селигдар""",2015,,2015,2019,5,end_from_next_start,1
SELG,Александр Александрович Хрущ,professional,3,"ПАО ""Селигдар""",2015,,2015,2019,5,end_from_next_start,1
SELG,Александр Александрович Хрущ,professional,4,"ПАО ""Русолово""",2019,,2019,2024,6,end_at_collection_year,0
SELG,Александр Александрович Хрущ,professional,5,"АО ""Лунное""",2019,,2019,2024,6,end_at_collection_year,0
SELG,Евгений Владимирович Щетинин,professional,0,"ПАО ""Селигдар""",2021,,2021,2024,4,end_at_collection_year,1
SELG,Валерий Оруджалиевич Сулейманов,professional,0,"ПАО ""Селигдар""",2018,,2018,2024,7,end_at_collection_year,1
SELG,Валерий Оруджалиевич Сулейманов,professional,1,"ПАО ""Селигдар""",,,,,0,missing_dates_excluded,1
SELG,Вадим Сергеевич Митрошин,professional,0,"ПАО ""Селигдар""",,,,,0,missing_dates_excluded,1
SELG,Сергей Владимирович Рыжов,professional,0,"ПАО ""Селигдар""",2013,,2013,2014,2,end_from_next_start,1
SELG,Сергей Владимирович Рыжов,professional,1,"ПАО ""Селигдар""",2022,,2022,2024,3,end_at_collection_year,1
SELG,Сергей Владимирович Рыжов,professional,2,"АО ""Лунное""",2014,2022,2014,2022,9,,0
SELG,Сергей Владимирович Рыжов,professional,3,"АО ""Русские Фонды""",2015,2022,2015,2022,8,,0
SELG,Сергей Владимирович Рыжов,research,0,ИПКОН РАН,,,,,0,missing_dates_excluded,
SELG,Константин Александрович Бейрит,professional,0,"ПАО ""Селигдар""",2007,,2007,2014,8,end_from_next_start,1
SELG,Константин Александрович Бейрит,professional,1,"ПАО ""Селигдар""",2016,2024,2016,2024,9,,1
SELG,Константин Александрович Бейрит,professional,2,"АО ""Русские Фонды""",2014,,2014,2016,3,end_from_next_start,0
SELG,Константин Александрович Бейрит,professional,3,"ООО ""Страховая компания ТИТ""",2017,,2017,2024,8,end_at_collection_year,0
SELG,Константин Александрович Бейрит,professional,4,"ПАО ""Наука-Связь""",2007,2022,2007,2022,16,,0
SELG,Константин Александрович Бейрит,professional,5,"АО ""НПФ ""Внешэкономфонд""""",2017,2020,2017,2020,4,,0
SELG,Геннадий Альфредович Лаунер,professional,0,"ПАО ""Селигдар""",2012,,2012,2014,3,end_from_next_start,1
SELG,Геннадий Альфредович Лаунер,professional,1,"АО ""Лунное""",2014,,2014,2015,2,end_from_next_start,0
SELG,Геннадий Альфредович Лаунер,professional,2,"ООО ""Белое Золото""",2021,,2021,2024,4,end_at_collection_year,0
SELG,Геннадий Альфредович Лаунер,professional,3,"ПАО ""Наука-Связь""",2020,,2020,2021,2,end_from_next_start,0
SELG,Геннадий Альфредович Лаунер,professional,4,"ПАО ""Автелком""",2015,2022,2015,2022,8,,0
SELG,Геннадий Альфредович Лаунер,professional,5,"АО ""НПФ ""Внешэкономфонд""""",2020,,2020,2021,2,end_from_next_start,0
SELG,Геннадий Альфредович Лаунер,professional,6,"АО ""Оренбургский НПФ ""Доверие""""",2021,,2021,2024,4,end_at_collection_year,0
SELG,Александр Егорович Аммосов,professional,0,"ПАО ""Селигдар""",2022,,2022,2024,3,end_at_collection_year,1
SELG,Александр Егорович Аммосов,professional,1,"АО Холдинговая компания ""Илин""",2004,2021,2004,2021,18,,0
SELG,Александр Егорович Аммосов,professional,2,"ОАО ""Транспортно-логистический центр Республики Саха (Якутия)""",2014,2021,2014,2021,8,,0
SELG,Виктор Борисович Юн,professional,0,"ПАО ""Селигдар""",2016,,2016,2024,9,end_at_collection_year,1
SELG,Виктор Борисович Юн,professional,1,"ООО ""Страховая компания ТИТ""",2015,,2015,2016,2,end_from_next_start,0
SELG,Валерий Николаевич Кондратьев,professional,0,"ПАО ""Селигдар""",2022,,2022,2024,3,end_at_collection_year,1
SELG,Валерий Николаевич Кондратьев,professional,1,"ООО ""Алмазинтех-консультации и инжиниринг""",2002,,2002,2018,17,end_from_next_start,0
SELG,Валерий Николаевич Кондратьев,professional,2,Aprelskoe Limited,2018,2020,2018,2020,3,,0
SELG,Константин Константинович Соколов,professional,0,"ПАО ""Селигдар""",2023,,2023,2024,2,end_at_collection_year,1
SELG,Константин Константинович Соколов,professional,1,"ПАО ""Селигдар""",,,,,0,missing_dates_excluded,1
SELG,Константин Константинович Соколов,professional,2,"ПАО ""Русолово""",2021,,2021,2023,3,end_from_next_start,0
SFIN,Сидоров Игорь Анатольевич,professional,0,"ПАО ""ЭсЭфАй""",2022,,2022,2024,3,end_at_collection_year,1
SFIN,Сидоров Игорь Анатольевич,professional,1,"ПАО ""ЭсЭфАй""",2022,,2022,2024,3,end_at_collection_year,1
SFIN,Сидоров Игорь Анатольевич,professional,2,"ООО ""Агентство недвижимости \""Сидоров и партнеры\""",2006,,2006,2022,17,end_from_next_start,0
SFIN,Гольцман Антон Владимирович,professional,0,"ПАО ""ЭсЭфАй""",2018,,2018,2022,5,end_from_next_start,1
SFIN,Гольцман Антон Владимирович,professional,1,"ПАО ""ЭсЭфАй""",2022,,2022,2024,3,end_at_collection_year,1
SFIN,Гольцман Антон Владимирович,professional,2,"АО ""БКС-Банк""",2017,2017,2017,2017,1,,0
SFIN,Горбачев Михаил Валерьевич,professional,0,"ПАО ""ЭсЭфАй""",2016,,2016,2024,9,end_at_collection_year,1
SFIN,Горбачев Михаил Валерьевич,professional,1,"ОАО ""Мосэнерго""",,,,,0,missing_dates_excluded,0
SFIN,Бойкова Татьяна Олеговна,professional,0,"ПАО ""ЭсЭфАй""",2022,,2022,2024,3,end_at_collection_year,1
SFIN,Бойкова Татьяна Олеговна,professional,1,"ООО ""Развитие""",2022,,2022,2024,3,end_at_collection_year,0
SFIN,Бойкова Татьяна Олеговна,professional,2,"АО ""Русский Уголь""; АО ""КТК""",2021,,2021,2022,2,end_from_next_start,0
SFIN,Бойкова Татьяна Олеговна,professional,3,"ООО ""МЛП""",2021,2022,2021,2022,2,,0
SFIN,Бойкова Татьяна Олеговна,professional,4,"АО ""Росгеология""",2019,2020,2019,2020,2,,0
SFIN,Бойкова Татьяна Олеговна,professional,5,"ПАО АКБ ""Связь-банк""",2018,2019,2018,2019,2,,0
SFIN,Бойкова Татьяна Олеговна,professional,6,"ГК Внешэкономбанк; АО КБ ""ГЛОБЭКС""",2016,2018,2016,2018,3,,0
SFIN,Власов Максим Александрович,professional,0,"ПАО ""ЭсЭфАй""",2022,,2022,2024,3,end_at_collection_year,1
SFIN,Власов Максим Александрович,professional,1,Сбербанк,2019,2021,2019,2021,3,,0
SFIN,Власов Максим Александрович,professional,2,"АО ""Ангстрем-Т""",2019,2019,2019,2019,1,,0
SFIN,Власов Максим Александрович,professional,3,"СМП Банк / ""Парк Легенд""",2019,2019,2019,2019,1,,0
SFIN,Власов Максим Александрович,professional,4,РГСУ,2018,2019,2018,2019,2,,0
SFIN,Власов Максим Александрович,professional,5,"АКБ ""ДОМ.РФ"" / ""Российский Капитал""",2015,2018,2015,2018,4,,0
SFIN,Власов Максим Александрович,professional,6,"ООО ""РК Строй""",2015,2018,2015,2018,4,,0
SFIN,Дмитриев Максим Владимирович,professional,0,"ПАО ""ЭсЭфАй""",2022,,2022,2024,3,end_at_collection_year,1
SFIN,Дмитриев Максим Владимирович,professional,1,"ООО ""Шанс""",2022,,2022,2024,3,end_at_collection_year,0
SFIN,Дмитриев Максим Владимирович,professional,2,Самозанятый,2017,,2017,2022,6,end_from_next_start,0
SFIN,Лотарев Павел Викторович,professional,0,"ПАО ""ЭсЭфАй""",2022,,2022,2024,3,end_at_collection_year,1
SFIN,Лотарев Павел Викторович,professional,1,"ООО ""ЭсЭфАй трейдинг""",2022,2024,2022,2024,3,,0
SFIN,Лотарев Павел Викторович,professional,2,"ООО ""Корпоративные инвестиции и технологии""",2017,,2017,2022,6,end_from_next_start,0
SFIN,Мякенький Александр Иванович,professional,0,"ПАО ""ЭсЭфАй""",2022,,2022,2024,3,end_at_collection_year,1
SFIN,Протас Александр Николаевич,professional,0,"ПАО ""ЭсЭфАй""",2022,,2022,2024,3,end_at_collection_year,1
SFIN,Протас Александр Николаевич,professional,1,"ООО ""ЗаряД"" / АО ""НПК \""Хипроминжиниринг\""",2019,2020,2019,2020,2,,0
SFIN,Протас Александр Николаевич,professional,2,"АО ""НПК \""Хипроминжиниринг\"" / АО ""ГК \""Росатом\""",2019,2020,2019,2020,2,,0
SFIN,Протас Александр Николаевич,professional,3,"ООО ""Аспро""",2015,2019,2015,2019,5,,0
SFIN,Сивачев Денис Александрович,professional,0,"ПАО ""ЭсЭфАй""",2022,,2022,2024,3,end_at_collection_year,1
SFIN,Сивачев Денис Александрович,professional,1,"НПФ АО ""САФМАР"" / НПФ АО ""Достойное БУДУЩЕЕ""",2017,2021,2017,2021,5,,0
SGZH,Александр Михайлович Крещенко,professional,0,"ПАО ""Сегежа Групп""",2024,,2024,2024,1,end_at_collection_year,1
SGZH,Mikhail Shamolin,professional,0,"ПАО ""Сегежа Групп""",,,,,0,missing_dates_excluded,1
SGZH,Mikhail Shamolin,professional,1,"АФК ""Система"", МТС, McKinsey и другие организации",,,,,0,missing_dates_excluded,0
SGZH,Mikhail Shamolin,professional,2,McKinsey & Company,1998,2004,1998,2004,7,,0
SGZH,Mikhail Shamolin,professional,3,"Корпорация ""Интерпайп"" (Украина)",2004,2005,2004,2005,2,,0
SGZH,Mikhail Shamolin,professional,4,"ОАО ""МТС""",2005,2011,2005,2011,7,,0
SGZH,Mikhail Shamolin,professional,5,"ПАО АФК ""Система""",2011,2018,2011,2018,8,,0
SGZH,Oksana Tikhonova,professional,0,"ПАО ""Сегежа Групп""",2020,,2020,2024,5,end_at_collection_year,1
SGZH,Oksana Tikhonova,professional,1,"ОАО ""Территориальная генерирующая компания № 6""",2005,2008,2005,2008,4,,0
SGZH,Oksana Tikhonova,professional,2,"ООО ""ЕвроСибЭнерго""",2011,2017,2011,2017,7,,0
SGZH,Oksana Tikhonova,professional,3,"ПАО ""Челябинский трубопрокатный завод""",2018,2019,2018,2019,2,,0
SGZH,Anastasia Anatolyevna Poletaeva,professional,0,"ПАО ""Сегежа Групп""",,,,,0,missing_dates_excluded,1
SGZH,Mikhail Mileshin,professional,0,"ПАО ""Сегежа Групп""",2018,,2018,2024,7,end_at_collection_year,1
SGZH,Mikhail Mileshin,professional,1,"ООО ""СИБУР""",2016,2018,2016,2018,3,,0
SGZH,Rovshan Aliyev,professional,0,"ПАО ""Сегежа Групп""",2019,,2019,2024,6,end_at_collection_year,1
SGZH,Rovshan Aliyev,professional,1,Schlumberger Limited,2008,2019,2008,2019,12,,0
SGZH,Salavat Asgatovich Mirsaev,professional,0,"ПАО ""Сегежа Групп""",2017,,2017,2024,8,end_at_collection_year,1
SGZH,Salavat Asgatovich Mirsaev,professional,1,"ОАО ""Уфанефтехим""",2007,2009,2007,2009,3,,0
SGZH,Salavat Asgatovich Mirsaev,professional,2,"ОАО АНК ""Башнефть"" (""Башнефть-Сервисные Активы"" / ""Таргин"")",2010,2017,2010,2017,8,,0
SGZH,Pavel Vakhnin,professional,0,"ПАО ""Сегежа Групп""",2018,,2018,2024,7,end_at_collection_year,1
SGZH,Pavel Vakhnin,professional,1,"ОАО ""Уралкалий""",2012,2014,2012,2014,3,,0
SGZH,Pavel Vakhnin,professional,2,"ОАО ""Ямал СПГ""",2016,2018,2016,2018,3,,0
SGZH,Ali Uzdenov,professional,0,"ПАО ""Сегежа Групп""",2020,,2020,2024,5,end_at_collection_year,1
SGZH,Ali Uzdenov,professional,1,"АФК ""Система""",2012,,2012,2020,9,end_from_next_start,0
SGZH,Ali Uzdenov,professional,2,"ОАО АНК ""Башнефть""",1998,2012,1998,2012,15,,0
SGZH,Vladimir Tuzov,professional,0,"ПАО ""Сегежа Групп""",2020,,2020,2021,2,end_from_next_start,1
SGZH,Vladimir Tuzov,professional,1,"ПАО ""Русский Алюминий""",2002,2004,2002,2004,3,,0
SGZH,Vladimir Tuzov,professional,2,"АО ""СУЭК""",2015,2021,2015,2021,7,,0
SGZH,Vladimir Tuzov,professional,3,"АО ""МХК ""ЕвроХим""",2021,,2021,2024,4,end_at_collection_year,0
SGZH,Artem I. Zassoursky,professional,0,"ПАО ""Сегежа Групп""",,,,,0,missing_dates_excluded,1
SGZH,Artem I. Zassoursky,professional,1,"АФК ""Система""",2011,,2011,2024,14,end_at_collection_year,0
SGZH,Vladimir Sergeyevich Travkov,professional,0,"ПАО ""Сегежа Групп""",2020,,2020,2024,5,end_at_collection_year,1
SGZH,Vladimir Sergeyevich Travkov,professional,1,"ПАО ""МТС""",2011,2018,2011,2018,8,,0
SGZH,Vladimir Sergeyevich Travkov,professional,2,"ПАО АФК ""Система""",2018,,2018,2020,3,end_from_next_start,0
SGZH,Andrey Frolov,professional,0,"ПАО ""Сегежа Групп""",2023,,2023,2024,2,end_at_collection_year,1
SGZH,Andrey Frolov,professional,1,Союз лесопромышленников и лесоэкспортеров России,,,,,0,missing_dates_excluded,0
SGZH,Sergey Shishkin,professional,0,"ПАО ""Сегежа Групп""",,,,,0,missing_dates_excluded,1
SGZH,Sergey Shishkin,professional,1,"АФК ""Система""",,,,,0,missing_dates_excluded,0
SGZH,Denis Martyanov,professional,0,"ПАО ""Сегежа Групп""",,,,,0,missing_dates_excluded,1
SGZH,Denis Martyanov,professional,1,Интер Форес Групп,,2021,,2021,0,missing_dates_excluded,0
SMLT,Анна Николаевна Акиньшина,professional,0,ПАО «ГК «Самолет»,2024,,2024,2024,1,end_at_collection_year,1
SMLT,Анна Николаевна Акиньшина,professional,1,ПАО «ГК «Самолет»,2023,2024,2023,2024,2,,1
SMLT,Анна Николаевна Акиньшина,professional,2,Сбер Еаптека / X5 Group / Магнит,,2024,,2024,0,missing_dates_excluded,0
SMLT,Анна Николаевна Акиньшина,professional,3,ТНК-BP,,,,,0,missing_dates_excluded,0
SMLT,Анна Николаевна Акиньшина,professional,4,X5 Retail Group,2014,2016,2014,2016,3,,0
SMLT,Анна Николаевна Акиньшина,professional,5,ПАО «Магнит»,2018,2020,2018,2020,3,,0
SMLT,Анна Николаевна Акиньшина,professional,6,АО «Лаборатория Касперского»,2020,2022,2020,2022,3,,0
SMLT,Анна Николаевна Акиньшина,professional,7,ООО «Еаптека» (Сбер),2022,2023,2022,2023,2,,0
SMLT,Владимир Комар,professional,0,ПАО «ГК «Самолет»,2024,,2024,2024,1,end_at_collection_year,1
SMLT,Дмитрий Волков,professional,0,международная стратегическая консалтинговая компания,2005,2012,2005,2012,8,,0
SMLT,Дмитрий Волков,professional,1,рынок недвижимости,2005,,2005,2022,18,end_from_next_start,0
SMLT,Дмитрий Волков,professional,2,Самолет Плюс / Группа Плюс,,,,,0,missing_dates_excluded,0
SMLT,Дмитрий Волков,professional,3,А101,,,,,0,missing_dates_excluded,0
SMLT,Дмитрий Волков,professional,4,Ujin и Domilend,,,,,0,missing_dates_excluded,0
SMLT,Дмитрий Волков,professional,5,"АО «Плюс» (бывш. «Самолет Плюс»), MOEX: PLUS",2022,,2022,2024,3,end_at_collection_year,0
SMLT,Дмитрий Волков,professional,6,НИУ ВШЭ / Институт экономики и налогообложения / СКОЛКОВО / РАНХиГС / университет «Горки» в Добогорье,,,,,0,missing_dates_excluded,0
SMLT,Алексей Козлов,professional,0,ПАО «ГК «Самолет»,,,,,0,missing_dates_excluded,1
SMLT,Виталий Руденко,professional,0,ПАО «ГК «Самолет»,2018,,2018,2024,7,end_at_collection_year,1
SMLT,Оскар Хартманн,professional,0,BMW Malaysia,2004,2006,2004,2006,3,,0
SMLT,Оскар Хартманн,professional,1,"Boston Consulting Group, Moscow",2006,2008,2006,2008,3,,0
SMLT,Оскар Хартманн,professional,2,"KupiVIP, Aktivo, Carprice и другие компании",,,,,0,missing_dates_excluded,0
SMLT,Оскар Хартманн,professional,3,ПАО «ГК «Самолет»,2021,2024,2021,2024,4,,1
SMLT,Дмитрий Аркадьевич Голубков,professional,0,ПАО «ГК «Самолет»,2023,,2023,2024,2,end_at_collection_year,1
SMLT,Станислав Владимирович Шекшня,professional,0,ПАО «ГК «Самолет»,2023,2024,2023,2024,2,,1
SMLT,Станислав Владимирович Шекшня,professional,1,INSEAD / корпоративное управление,,,,,0,missing_dates_excluded,0
SMLT,Станислав Владимирович Шекшня,professional,2,Alfa-Telecom,,,,,0,missing_dates_excluded,0
SMLT,Станислав Владимирович Шекшня,professional,3,"Millicom International Cellular, Russia and CIS",,,,,0,missing_dates_excluded,0
SMLT,Станислав Владимирович Шекшня,professional,4,ВымпелКом (VimpelCom),,,,,0,missing_dates_excluded,0
SMLT,Станислав Владимирович Шекшня,professional,5,Otis Elevator,,,,,0,missing_dates_excluded,0
SMLT,Станислав Владимирович Шекшня,research,0,INSEAD,,,,,0,missing_dates_excluded,
SMLT,Михаил Борисович Кенин,professional,0,ПАО «ГК «Самолет»,2012,,2012,2024,13,end_at_collection_year,1
SMLT,Игорь Викторович Евтушевский,professional,0,срочная военная служба (Вооруженные силы СССР),1983,1985,1983,1985,3,,0
SMLT,Игорь Викторович Евтушевский,professional,1,"московские организации в инвестициях, девелопменте и консалтинге",1991,2007,1991,2007,17,,0
SMLT,Игорь Викторович Евтушевский,professional,2,"«Самолет» (торгово-предпринимательское объединение, предшественник современной публичной компании)",1991,1993,1991,1993,3,,1
SMLT,Игорь Викторович Евтушевский,professional,3,Ассоциация «Самолет»,1993,1996,1993,1996,4,,0
SMLT,Игорь Викторович Евтушевский,professional,4,«Самолет-Боулинг» (культурно-развлекательный комплекс),2001,2003,2001,2003,3,,0
SMLT,Игорь Викторович Евтушевский,professional,5,«Самолет Девелопмент Групп»,2003,2004,2003,2004,2,,0
SMLT,Игорь Викторович Евтушевский,professional,6,Ведис Девелопмент,2003,2007,2003,2007,5,,0
SMLT,Игорь Викторович Евтушевский,professional,7,Главстрой СПБ,2007,2009,2007,2009,3,,0
SMLT,Игорь Викторович Евтушевский,professional,8,Главстрой-Менеджмент,2009,2012,2009,2012,4,,0
SMLT,Игорь Викторович Евтушевский,professional,9,ПАО «ГК «Самолет»,2012,,2012,2024,13,end_at_collection_year,1
SMLT,Андрей Владимирович Иваненко,professional,0,jooble.com,2008,,2008,2020,13,end_from_next_start,0
SMLT,Андрей Владимирович Иваненко,professional,1,British American Tobacco,,,,,0,missing_dates_excluded,0
SMLT,Андрей Владимирович Иваненко,professional,2,McKinsey & Company,,,,,0,missing_dates_excluded,0
SMLT,Андрей Владимирович Иваненко,professional,3,ПАО «ГК «Самолет»,2020,2024,2020,2024,5,,1
SMLT,Андрей Владимирович Иваненко,professional,4,ПАО «ГК «Самолет»,2024,2025,2024,2024,1,end_capped_at_collection_year,1
SMLT,Александр Сергеевич Прыгунков,professional,0,ПАО «Группа компаний ПИК»,,,,,0,missing_dates_excluded,0
SMLT,Александр Сергеевич Прыгунков,professional,1,АО «ОХК «Уралхим»,,,,,0,missing_dates_excluded,0
SMLT,Александр Сергеевич Прыгунков,professional,2,ПАО «ГК «Самолет»,2023,,2023,2024,2,end_at_collection_year,1
SNGS,Владимир Леонидович Богданов,professional,0,Нижневартовское управление буровых работ № 1,1973,1976,1973,1976,4,,0
SNGS,Владимир Леонидович Богданов,professional,1,"Сургутское УБР № 2 (ПО ""Сургутнефтегаз"") / Юганскнефтегаз (Главтюменнефтегаз, Мингазпром/Миннефтепром СССР) / ПО ""Сургутнефтегаз"" / Главное тюменское производственное управление нефтяной и газовой промышленности (Миннефтепром СССР)",1976,1984,1976,1984,9,,0
SNGS,Владимир Леонидович Богданов,professional,2,"ПО ""Сургутнефтегаз"" / ПАО ""Сургутнефтегаз""",1984,,1984,2009,26,end_from_next_start,0
SNGS,Владимир Леонидович Богданов,professional,3,"ПАО ""Сургутнефтегаз""",2009,,2009,2024,16,end_at_collection_year,1
SNGS,Владимир Леонидович Богданов,professional,4,"Surgutneftegasbank ZAO, Rosneft, National Oil Consortium LLC, Zarubezhneftegaz JSC",,,,,0,missing_dates_excluded,0
SNGS,Андрей Владиславович Дручинин,professional,0,"ПАО ""Сургутнефтегаз""",2011,,2011,2024,14,end_at_collection_year,1
SNGS,Владислав Георгиевич Баранков,professional,0,"ОАО / ПАО ""Сургутнефтегаз""",1992,,1992,2024,33,end_at_collection_year,1
SNGS,Владислав Георгиевич Баранков,professional,1,Bank Rossiya OJSC,,,,,0,missing_dates_excluded,0
SNGS,Владислав Георгиевич Баранков,professional,2,National Media Group JSC,,,,,0,missing_dates_excluded,0
SNGS,Александр Николаевич Буланов,professional,0,Тарко-Салинская нефтегазоразведочная экспедиция,1978,,1978,1986,9,end_from_next_start,0
SNGS,Александр Николаевич Буланов,professional,1,"НГДУ ""Быстринскнефть"" ПО ""Сургутнефтегаз""",1986,1997,1986,1997,12,,0
SNGS,Александр Николаевич Буланов,professional,2,"НГДУ ""Сургутнефть"" ПО ""Сургутнефтегаз""",1997,2008,1997,2008,12,,0
SNGS,Александр Николаевич Буланов,professional,3,"ПАО ""Сургутнефтегаз""",2008,,2008,2024,17,end_at_collection_year,1
SNGS,Владимир Петрович Ерохин,professional,0,"ПО / ОАО / ПАО ""Сургутнефтегаз""",1978,,1978,2009,32,end_from_next_start,0
SNGS,Владимир Петрович Ерохин,professional,1,"ПАО ""Сургутнефтегаз""",2009,,2009,2024,16,end_at_collection_year,1
SNGS,Николай Иванович Матвеев,professional,0,"НГДУ ""Правдинскнефть"", ""Федоровскнефть"", ""Сургутнефть""",1965,1995,1965,1995,31,,0
SNGS,Николай Иванович Матвеев,professional,1,"АО / ПАО ""Сургутнефтегаз""",1995,,1995,2024,30,end_at_collection_year,1
SNGS,Валерий Николаевич Егоров,professional,0,"ПАО ""Сургутнефтегаз""",2019,,2019,2024,6,end_at_collection_year,1
SNGS,Георгий Рашитович Мухамадеев,professional,0,"ПАО ""Сургутнефтегаз""",2018,,2018,2024,7,end_at_collection_year,1
SNGS,Георгий Рашитович Мухамадеев,professional,1,"Сургутская ЦБПО ЭПУ ОАО ""Сургутнефтегаз"" (Центральная база производственного обслуживания электропогружных установок)",,,,,0,missing_dates_excluded,0
SNGS,Илдус Шагалиевич Усманов,professional,0,"ПАО ""Сургутнефтегаз""",2014,,2014,2024,11,end_at_collection_year,1
SNGS,Виктор Михайлович Кривошеев,professional,0,"ПАО ""Сургутнефтегаз""",2014,,2014,2024,11,end_at_collection_year,1
SNGS,Иван Калистратович Диниченко,professional,0,"ПАО ""Сургутнефтегаз""",2014,,2014,2024,11,end_at_collection_year,1
SOFL,Владимир Евгеньевич Лавров,professional,0,"ПАО ""Софтлайн"" / ГК Softline",,,,,0,missing_dates_excluded,0
SOFL,Александр Минин,professional,0,"""Софтлайн Решения"" / ГК Softline",2024,,2024,2024,1,end_at_collection_year,0
SOFL,Александр Минин,professional,1,"Acronis, Microsoft, NtechLab, SAP, Яндекс",,2024,,2024,0,missing_dates_excluded,0
SOFL,Андрей Благоразумов,professional,0,компания по изготовлению и продаже лазерной оптики,2001,2006,2001,2006,6,,0
SOFL,Андрей Благоразумов,professional,1,Softline,2017,,2017,2024,8,end_at_collection_year,0
SOFL,Алексей Бутаков,professional,0,Softline,,,,,0,missing_dates_excluded,0
SOFL,Станислав Халиков,professional,0,Softline Finance,,,,,0,missing_dates_excluded,0
SOFL,Владислав Котусов,professional,0,Softline,2002,,2002,2024,23,end_from_next_start;end_capped_at_collection_year,0
SOFL,Владислав Котусов,professional,1,"ПАО ""Софтлайн""",2025,,2025,2024,0,after_collection_year_excluded,1
SOFL,Наталья Лиходиевская,professional,0,Softline,2011,,2011,2024,14,end_at_collection_year,0
SOFL,Алексей Пилипчук,professional,0,"Softline / ""Софтлайн Решения""",,,,,0,missing_dates_excluded,0
SOFL,Алексей Пилипчук,professional,1,Техносерв,,,,,0,missing_dates_excluded,0
SOFL,Алексей Пилипчук,professional,2,ТЕГРУС (TEGRUS),2016,,2016,2024,9,end_at_collection_year,0
SOFL,Елена Типисова,professional,0,Инфосистемы Джет; Cisco,,,,,0,missing_dates_excluded,0
SOFL,Елена Типисова,professional,1,Softline,,,,,0,missing_dates_excluded,0
SOFL,Дмитрий Васильев,professional,0,Softline,,,,,0,missing_dates_excluded,0
SOFL,Дмитрий Васильев,professional,1,Softline,,2010,,2010,0,missing_dates_excluded,0
SOFL,Дмитрий Васильев,professional,2,Softline,,,,,0,missing_dates_excluded,0
SPBE,Evgeny Serdyukov,professional,0,"ПАО ""СПБ Биржа""",2023,,2023,2024,2,end_at_collection_year,1
SPBE,Evgeny Serdyukov,professional,1,"ПАО ""СПБ Биржа""",2021,2023,2021,2023,3,,1
SPBE,Roman Yuryevich Goryunov,professional,0,RTS Stock Exchange OJSC,2001,2011,2001,2011,11,,0
SPBE,Roman Yuryevich Goryunov,professional,1,Moscow Exchange MICEX-RTS PJSC,2011,2012,2011,2012,2,,0
SPBE,Roman Yuryevich Goryunov,professional,2,"ПАО ""СПБ Биржа""",2012,2023,2012,2023,12,,1
SPBE,Roman Yuryevich Goryunov,professional,3,"Ассоциация ""НП РТС""",2010,,2010,2011,2,end_from_next_start,0
SPBE,Pavel Krupnov,professional,0,"ПАО ""СПБ Биржа""",2019,,2019,2024,6,end_at_collection_year,1
SPBE,Pavel Krupnov,professional,1,CFG Capital OOO,2012,,2012,2019,8,end_from_next_start,0
SPBE,Pavel Krupnov,professional,2,RUSGRAIN HOLDING,,2015,,2015,0,missing_dates_excluded,0
SPBE,Pavel Krupnov,professional,3,NITOL Group LLC,,,,,0,missing_dates_excluded,0
SPBE,Sergei Kalinin,professional,0,"ПАО ""СПБ Биржа""",2012,,2012,2018,7,end_from_next_start,1
SPBE,Sergei Kalinin,professional,1,NP RTS Association,2018,,2018,2024,7,end_at_collection_year,0
SPBE,Sergei Kalinin,professional,2,Moscow Exchange MICEX-RTS PJSC,2007,2012,2007,2012,6,,0
SPBE,Mikhail Ivanov,professional,0,"ПАО ""СПБ Биржа""",2019,,2019,2024,6,end_at_collection_year,1
SPBE,Mikhail Ivanov,professional,1,RTS Stock Exchange OJSC,,,,,0,missing_dates_excluded,0
SPBE,Alexander Tarabtsev,professional,0,"ПАО ""СПБ Биржа""",2021,,2021,2024,4,end_at_collection_year,1
SPBE,Alexander Tarabtsev,professional,1,NP RTS Association,2019,2020,2019,2020,2,,0
SPBE,Sergey Mikhaylovich Rybakov,professional,0,"ПАО ""СПБ Биржа""",2018,,2018,2020,3,end_from_next_start,1
SPBE,Sergey Mikhaylovich Rybakov,professional,1,Investment Co. ATON,2000,2020,2000,2020,21,,0
SPBE,Sergey Mikhaylovich Rybakov,professional,2,Alfa-Bank,2020,2022,2020,2022,3,,0
SPBE,Sergey Mikhaylovich Rybakov,professional,3,A-Investments (GO Invest broker),2022,,2022,2024,3,end_at_collection_year,0
SPBE,Oleg Vladimirovich Mikhasenko,professional,0,"ПАО ""СПБ Биржа""",2019,,2019,2024,6,end_at_collection_year,1
SPBE,Oleg Vladimirovich Mikhasenko,professional,1,BCS Bank JSC,2011,,2011,2019,9,end_from_next_start,0
SPBE,Aleksey Dmitriyevich Skorodumov,professional,0,"ПАО ""СПБ Биржа""",2019,,2019,2024,6,end_at_collection_year,1
SPBE,Aleksey Dmitriyevich Skorodumov,professional,1,"AKB ""Derzhava"" PJSC",2008,,2008,2017,10,end_from_next_start,0
SPBE,Aleksey Dmitriyevich Skorodumov,professional,2,"Ассоциация ""НП РТС""",2017,,2017,2019,3,end_from_next_start,0
SPBE,Aleksey Dmitriyevich Skorodumov,professional,3,Moscow International Currency Association (ММВА),2019,,2019,2024,6,end_at_collection_year,0
SPBE,Ivan Alexandrovich Tyryshkin,professional,0,"ПАО ""СПБ Биржа""",2019,2022,2019,2022,4,,1
SPBE,Ivan Alexandrovich Tyryshkin,professional,1,ATON Investment Co.,,2008,2006,2008,3,start_from_previous_end,0
SPBE,Ivan Alexandrovich Tyryshkin,professional,2,United Financial Group CJSC,,2006,,2006,0,missing_dates_excluded,0
SPBE,Ivan Alexandrovich Tyryshkin,professional,3,RTS Stock Exchange OJSC,,2011,2008,2011,4,start_from_previous_end,0
SPBE,Ivan Alexandrovich Tyryshkin,professional,4,NP RTS Association / NAUFOR,2004,,2004,2006,3,end_from_next_start,0
SPBE,Jacques der Megredichyan,professional,0,RTS Stock Exchange OJSC,1995,,1995,2011,17,end_from_next_start,0
SPBE,Jacques der Megredichyan,professional,1,"ПАО ""СПБ Биржа""",2019,,2019,2024,6,end_at_collection_year,1
SPBE,Jacques der Megredichyan,professional,2,Investment Co. ITinvest JSC,,,,,0,missing_dates_excluded,0
SPBE,Jacques der Megredichyan,professional,3,CentroCredit Bank JSC,,,,,0,missing_dates_excluded,0
SPBE,Jacques der Megredichyan,professional,4,Troyka Dialog Investment Bank,,,,,0,missing_dates_excluded,0
SPBE,Jacques der Megredichyan,professional,5,TCS Group Holding Plc,2011,2021,2011,2021,11,,0
SPBE,Jacques der Megredichyan,professional,6,Moscow Exchange MICEX-RTS,2011,2021,2011,2021,11,,0
SPBE,Dmitry Anatolevich Panchenko,professional,0,"ПАО ""СПБ Биржа""",2020,,2020,2024,5,end_at_collection_year,1
SPBE,Dmitry Anatolevich Panchenko,professional,1,Freedom Finance Investment Co. LLC,,2017,,2017,0,missing_dates_excluded,0
SPBE,Dmitry Anatolevich Panchenko,professional,2,BrokerCreditService Ltd.,,2019,2017,2019,3,start_from_previous_end,0
SPBE,Dmitry Anatolevich Panchenko,professional,3,RusHydro-related entities,2010,,2010,2017,8,end_from_next_start,0
SPBE,Pavel Vladimirovich Sokolov,professional,0,"ПАО ""СПБ Биржа""",2020,,2020,2024,5,end_at_collection_year,1
SPBE,Pavel Vladimirovich Sokolov,professional,1,Novorossiysk Commercial Sea Port PJSC,,2018,2011,2018,8,start_from_previous_end,0
SPBE,Pavel Vladimirovich Sokolov,professional,2,Center for Cargo Container Traffic TransContainer PJSC,2007,2011,2007,2011,5,,0
SPBE,Pavel Vladimirovich Sokolov,professional,3,Russian Railways Logistics JSC,,,,,0,missing_dates_excluded,0
SPBE,Pavel Vladimirovich Sokolov,professional,4,National Company Kazakhstan Temir Zholy JSC,,,,,0,missing_dates_excluded,0
SPBE,Eric Berthelot,professional,0,"ПАО ""СПБ Биржа""",2021,,2021,2024,4,end_at_collection_year,1
SPBE,Eric Berthelot,professional,1,Exane SA,,,,,0,missing_dates_excluded,0
SPBE,Eric Berthelot,professional,2,Valaxis Asset Management SA,2011,,2011,2012,2,end_from_next_start,0
SPBE,Eric Berthelot,professional,3,Valartis Bank AG / Valartis Group AG,2012,,2012,2021,10,end_from_next_start,0
SPBE,Alexander Valentinovich Chmel,professional,0,"ПАО ""СПБ Биржа""",2021,,2021,2024,4,end_at_collection_year,1
SPBE,Alexander Valentinovich Chmel,professional,1,Moscow School of Management Skolkovo,2014,,2014,2021,8,end_from_next_start,0
SPBE,Alexander Valentinovich Chmel,professional,2,Accounts Chamber of The Russian Federation,2005,,2005,2014,10,end_from_next_start,0
SPBE,Alexander Valentinovich Chmel,professional,3,GV Gold PJSC,,,,,0,missing_dates_excluded,0
SPBE,Alexander Valentinovich Chmel,professional,4,En+ Group International PJSC,,,,,0,missing_dates_excluded,0
SPBE,Alexander Valentinovich Chmel,professional,5,EL5-Energo PJSC,,,,,0,missing_dates_excluded,0
SVAV,Nikolay Sobolev,professional,0,ЗАО «Южуралмаш Холдинг» / ОАО «Южуралмаш»,1997,2002,1997,2002,6,,0
SVAV,Nikolay Sobolev,professional,1,УАЗ,2002,2005,2002,2005,4,,0
SVAV,Nikolay Sobolev,professional,2,УАЗ,2002,2011,2002,2011,10,,0
SVAV,Nikolay Sobolev,professional,3,ПАО «СОЛЛЕРС»,2005,2009,2005,2009,5,,1
SVAV,Nikolay Sobolev,professional,4,ПАО «СОЛЛЕРС»,2009,2019,2009,2019,11,,1
SVAV,Nikolay Sobolev,professional,5,ПАО «СОЛЛЕРС»,2019,,2019,2024,6,end_at_collection_year,1
SVAV,Nikolay Sobolev,professional,6,ПАО «СОЛЛЕРС»,2006,,2006,2009,4,end_from_next_start,1
SVAV,Nikolay Sobolev,research,0,,,,,,0,missing_dates_excluded,
SVAV,Zoya Kaika,professional,0,Ведомости / Open Radio,,2002,,2002,0,missing_dates_excluded,0
SVAV,Zoya Kaika,professional,1,Severstal Group,2002,2003,2002,2003,2,,0
SVAV,Zoya Kaika,professional,2,ОАО/ПАО «СОЛЛЕРС»,2003,2013,2003,2013,11,,1
SVAV,Zoya Kaika,professional,3,ООО «Форд Соллерс Холдинг» / ООО «Соллерс Холдинг Менеджмент»,2011,2022,2011,2022,12,,0
SVAV,Zoya Kaika,professional,4,ПАО «СОЛЛЕРС»,2013,,2013,2014,2,end_from_next_start,1
SVAV,Zoya Kaika,professional,5,ПАО «ЗМЗ»,2014,,2014,2019,6,end_from_next_start,0
SVAV,Zoya Kaika,professional,6,ООО «УАЗ»,2019,2021,2019,2021,3,,0
SVAV,Viktor Mikhaylovich Khvesenya,professional,0,Гродненская областная коллегия адвокатов,1984,1986,1984,1986,3,,0
SVAV,Viktor Mikhaylovich Khvesenya,professional,1,Военная прокуратура Читинского гарнизона / Забайкальского военного округа,1986,1988,1986,1988,3,,0
SVAV,Viktor Mikhaylovich Khvesenya,professional,2,Steptoe & Johnson,1993,1995,1993,1995,3,,0
SVAV,Viktor Mikhaylovich Khvesenya,professional,3,White & Case,1995,2005,1995,2005,11,,0
SVAV,Viktor Mikhaylovich Khvesenya,professional,4,Amedia,2005,2009,2005,2009,5,,0
SVAV,Viktor Mikhaylovich Khvesenya,professional,5,ПАО «СОЛЛЕРС»,2009,,2009,2010,2,end_from_next_start,1
SVAV,Viktor Mikhaylovich Khvesenya,professional,6,ПАО «СОЛЛЕРС»,2010,2016,2010,2016,7,,1
SVAV,Viktor Mikhaylovich Khvesenya,professional,7,ПАО «СОЛЛЕРС»,2019,,2019,2024,6,end_at_collection_year,1
SVAV,Elena Nishanova,professional,0,ОАО «АВТОВАЗ»,2000,2006,2000,2006,7,,0
SVAV,Elena Nishanova,professional,1,ОАО/ПАО «СОЛЛЕРС» / «СОЛЛЕРС Авто»,2007,,2007,2012,6,end_from_next_start,0
SVAV,Elena Nishanova,professional,2,ООО «СОЛЛЕРС-ФИНАНС»,2012,2020,2012,2020,9,,0
SVAV,Elena Nishanova,professional,3,ПАО «УАЗ»,2015,2016,2015,2016,2,,0
SVAV,Elena Nishanova,professional,4,ООО «УАЗ»,2016,2019,2016,2019,4,,0
SVAV,Elena Nishanova,professional,5,ПАО «СОЛЛЕРС»,2014,2023,2014,2023,10,,1
SVAV,Lyudmila Viktorovna Afanasyeva,professional,0,ОАО «Заволжский моторный завод»,2007,,2007,2014,8,end_from_next_start,0
SVAV,Lyudmila Viktorovna Afanasyeva,professional,1,ОАО/ПАО «СОЛЛЕРС»,2014,2018,2014,2018,5,,1
SVAV,Vladislav Baumgertner,professional,0,ABB,,2003,,2003,0,missing_dates_excluded,0
SVAV,Vladislav Baumgertner,professional,1,Уралкалий,2003,,2003,2015,13,end_from_next_start,0
SVAV,Vladislav Baumgertner,professional,2,Global Ports,2015,2017,2015,2017,3,,0
SVAV,Vladislav Baumgertner,professional,3,Alevo Group SA,2017,,2017,2023,7,end_from_next_start,0
SVAV,Vladislav Baumgertner,professional,4,ПАО «СОЛЛЕРС»,2023,,2023,2024,2,end_at_collection_year,1
SVAV,Adil Shamil Ogly Shirinov,professional,0,OTIS Elevators,1993,1998,1993,1998,6,,0
SVAV,Adil Shamil Ogly Shirinov,professional,1,Ford Motor Company,1999,2002,1999,2002,4,,0
SVAV,Adil Shamil Ogly Shirinov,professional,2,РусПромАвто,2002,2004,2002,2004,3,,0
SVAV,Adil Shamil Ogly Shirinov,professional,3,SOLLERS / Ford Sollers / УАЗ / Aurus,2004,,2004,2019,16,end_from_next_start,0
SVAV,Adil Shamil Ogly Shirinov,professional,4,ПАО «СОЛЛЕРС»,2019,,2019,2024,6,end_at_collection_year,1
SVAV,Adil Shamil Ogly Shirinov,research,0,,,,,,0,missing_dates_excluded,
SVAV,Adil Shamil Ogly Shirinov,research,1,,,,,,0,missing_dates_excluded,
SVAV,Goy Tatiana,professional,0,Ford Sollers / Sollers Ford,2017,,2017,2022,6,end_from_next_start,0
SVAV,Goy Tatiana,professional,1,УАЗ,,,,,0,missing_dates_excluded,0
SVAV,Goy Tatiana,professional,2,ПАО «СОЛЛЕРС»,2022,,2022,2024,3,end_at_collection_year,1
SVCB,Dmitry Vladimirovich Gusev,professional,0,"ПАО ""Совкомбанк""",2011,,2011,2018,8,end_from_next_start,1
SVCB,Dmitry Vladimirovich Gusev,professional,1,"ПАО ""Совкомбанк""",2018,,2018,2024,7,end_at_collection_year,1
SVCB,Dmitry Vladimirovich Gusev,professional,2,Deloitte Russia,2001,2007,2001,2007,7,,0
SVCB,Dmitry Vladimirovich Gusev,professional,3,Coopers & Lybrand / PwC,1997,2001,1997,2001,5,,0
SVCB,Dmitry Vladimirovich Khotimskiy,professional,0,Institute of Global Investments,,,,,0,missing_dates_excluded,0
SVCB,Dmitry Vladimirovich Khotimskiy,professional,1,"ПАО ""Совкомбанк""",2009,,2009,2024,16,end_at_collection_year,1
SVCB,Elena Alexandrovna Cherstvova,professional,0,"ПАО ""Совкомбанк""",2014,,2014,2024,11,end_at_collection_year,1
SVCB,Elena Alexandrovna Cherstvova,professional,1,Поволжский немецкий банк / GE Money Bank,,,,,0,missing_dates_excluded,0
SVCB,Elena Alexandrovna Cherstvova,professional,2,Министерство регионального развития РФ,,,,,0,missing_dates_excluded,0
SVCB,Pavel Barchugov,professional,0,Bank Austria / International Moscow Bank,1995,2008,1995,2008,14,,0
SVCB,Pavel Barchugov,professional,1,Swedbank Russia,2008,,2008,2013,6,end_from_next_start,0
SVCB,Pavel Barchugov,professional,2,Сбербанк,2013,,2013,2024,12,end_at_collection_year,0
SVCB,Pavel Barchugov,professional,3,Renaissance Insurance,,,,,0,missing_dates_excluded,0
SVCB,Pavel Barchugov,professional,4,"ПАО ""Совкомбанк""",,,,,0,missing_dates_excluded,1
SVCB,Mikhail Olegovich Avtukhov,professional,0,"ОАО Инвестбанк ""Открытие"" / Банк ""ФК Открытие""",2010,2015,2010,2015,6,,0
SVCB,Mikhail Olegovich Avtukhov,professional,1,"ПАО ""Совкомбанк""",2015,,2015,2024,10,end_at_collection_year,1
SVCB,Mikhail Kuchment,professional,0,Samsung Electronics,1994,2002,1994,2002,9,,0
SVCB,Mikhail Kuchment,professional,1,М.Видео,2002,2008,2002,2008,7,,0
SVCB,Mikhail Kuchment,professional,2,Home Interior / Hoff,2008,,2008,2015,8,end_from_next_start,0
SVCB,Mikhail Kuchment,professional,3,"ПАО ""Совкомбанк""",2015,,2015,2024,10,end_at_collection_year,1
SVCB,Mikhail Vasilyevich Klyukin,professional,0,"ПАО ""Совкомбанк""",2012,,2012,2024,13,end_at_collection_year,1
SVCB,Aleksey Fisun,professional,0,"ПАО ""Совкомбанк""",2013,,2013,2024,12,end_at_collection_year,1
SVCB,Nikolay Narayan Varma,professional,0,"ПАО ""Совкомбанк""",,,,,0,missing_dates_excluded,1
SVCB,Braverman Anatoly Aleksandrovich,professional,0,ЛУКОЙЛ,,,,,0,missing_dates_excluded,0
SVCB,Braverman Anatoly Aleksandrovich,professional,1,Газпром нефть,,,,,0,missing_dates_excluded,0
SVCB,Braverman Anatoly Aleksandrovich,professional,2,Российский фонд прямых инвестиций (РФПИ),2011,,2011,2017,7,end_from_next_start,0
SVCB,Braverman Anatoly Aleksandrovich,professional,3,Российская венчурная компания (РВК),2020,,2020,2024,5,end_at_collection_year,0
SVCB,Braverman Anatoly Aleksandrovich,professional,4,"ПАО ""Совкомбанк""",2017,,2017,2020,4,end_from_next_start,1
SVCB,Regina von Fleming,professional,0,Axel Springer Russia,,,,,0,missing_dates_excluded,0
SVCB,Regina von Fleming,professional,1,Hurriyet Group,,,,,0,missing_dates_excluded,0
SVCB,Regina von Fleming,professional,2,Delta Capital,,,,,0,missing_dates_excluded,0
SVCB,Regina von Fleming,professional,3,Krone AG,,,,,0,missing_dates_excluded,0
SVCB,Regina von Fleming,professional,4,МТС (MTS),,,,,0,missing_dates_excluded,0
SVCB,Regina von Fleming,professional,5,Группа ЧТПЗ (Chelpipe Group),,,,,0,missing_dates_excluded,0
SVCB,Regina von Fleming,professional,6,"ПАО ""Совкомбанк""",2020,,2020,2024,5,end_at_collection_year,1
SVCB,Regina von Fleming,professional,7,AmCham / public board profiles,,,,,0,missing_dates_excluded,0
SVCB,Joel Raymond Lautier,professional,0,"ПАО ""Совкомбанк""",2020,2022,2020,2022,3,,1
SVCB,Joel Raymond Lautier,professional,1,RGG Capital,2006,,2006,2020,15,end_from_next_start,0
SVCB,Joel Raymond Lautier,professional,2,Европейская электротехника (Yevropeyskaya Elektrotechnika),,,,,0,missing_dates_excluded,0
SVCB,Joel Raymond Lautier,professional,3,Синтез-ОКА (Sintez-OKA),,,,,0,missing_dates_excluded,0
SVCB,Joel Raymond Lautier,professional,4,Русский магний (Russian Magnesium),,,,,0,missing_dates_excluded,0
SVCB,Joel Raymond Lautier,professional,5,Chess / FIDE public profile trail,,,,,0,missing_dates_excluded,0
SVCB,Sergey Nikolaevich Bondarovich,professional,0,AT&T,,,,,0,missing_dates_excluded,0
SVCB,Sergey Nikolaevich Bondarovich,professional,1,МТС,,,,,0,missing_dates_excluded,0
SVCB,Sergey Nikolaevich Bondarovich,professional,2,"ПАО ""Совкомбанк""",2024,,2024,2024,1,end_at_collection_year,1
TATN,Маганов Наиль Ульфатович,professional,0,"НГДУ ""Заинскнефть"" / система ""Татнефти""",1976,1994,1976,1994,19,,0
TATN,Маганов Наиль Ульфатович,professional,1,"ОАО/ПАО ""Татнефть""",1994,2013,1994,2013,20,,1
TATN,Маганов Наиль Ульфатович,professional,2,"ПАО ""Татнефть""",2013,,2013,2024,12,end_at_collection_year,1
TATN,Минниханов Рустам Нургалиевич,professional,0,Республика Татарстан,1996,,1996,2024,29,end_at_collection_year,0
TATN,Минниханов Рустам Нургалиевич,professional,1,"ПАО ""Татнефть""",,,,,0,missing_dates_excluded,1
TATN,Сюбаев Нурислам Зинатулович,professional,0,"ПАО ""Татнефть""",,,,,0,missing_dates_excluded,1
TATN,Халимов Рустам Хамисович,professional,0,"ПАО ""Татнефть""",,,,,0,missing_dates_excluded,1
TATN,Хисамов Раис Салихович,professional,0,"ПАО ""Татнефть""",,,,,0,missing_dates_excluded,1
TATN,Хисамов Раис Салихович,professional,1,Академия наук Республики Татарстан,,,,,0,missing_dates_excluded,0
TATN,Хисамов Раис Салихович,research,0,Академия наук Республики Татарстан / нефтегазовая геология,,,,,0,missing_dates_excluded,
TATN,Нурмухаметов Рафаиль Саитович,professional,0,"ПАО ""Татнефть"" / НГДУ ""Азнакаевскнефть""",,,,,0,missing_dates_excluded,0
TATN,Гайзатуллин Радик Рауфович,professional,0,Министерство финансов Республики Татарстан,,,,,0,missing_dates_excluded,0
TATN,Гайзатуллин Радик Рауфович,professional,1,"ПАО ""Татнефть""",,,,,0,missing_dates_excluded,1
TATN,Галиев Ренат Маратович,professional,0,"ПАО ""Татнефть""",2014,2017,2014,2017,4,,1
TATN,Галиев Ренат Маратович,professional,1,Аппарат Раиса Республики Татарстан,2023,,2023,2024,2,end_at_collection_year,0
TATN,Галиев Ренат Маратович,professional,2,"ПАО ""Татнефть""",2024,,2024,2024,1,end_at_collection_year,1
TATN,Сорокин Валерий Юрьевич,professional,0,"АО ""Связьинвестнефтехим""",,,,,0,missing_dates_excluded,0
TATN,Сорокин Валерий Юрьевич,professional,1,"ПАО ""Татнефть""",2024,,2024,2024,1,end_at_collection_year,1
TATN,Тахаутдинов Шафагат Фахразович,professional,0,"ПАО ""Татнефть""",1965,2013,1965,2013,49,,1
TATN,Тахаутдинов Шафагат Фахразович,professional,1,Республика Татарстан,,,,,0,missing_dates_excluded,0
TATN,Глухова Лариса Юрьевна,professional,0,"АО ""Связьинвестнефтехим""",,,,,0,missing_dates_excluded,0
TATN,Глухова Лариса Юрьевна,professional,1,"ПАО ""Татнефть""",2024,,2024,2024,1,end_at_collection_year,1
TATN,Аглиуллин Фаниль Анварович,professional,0,Государственные органы Республики Татарстан,,,,,0,missing_dates_excluded,0
TATN,Аглиуллин Фаниль Анварович,professional,1,"ПАО ""Татнефть""",2024,,2024,2024,1,end_at_collection_year,1
TATN,Гереч Ласло,professional,0,MOL / G Petroconsulting Kft.,2012,,2012,2024,13,end_at_collection_year,0
TATN,Гереч Ласло,professional,1,"ПАО ""Татнефть""",2024,,2024,2024,1,end_at_collection_year,1
TATN,Неклюдов Сергей Вячеславович,professional,0,PwC,1992,1994,1992,1994,3,,0
TATN,Неклюдов Сергей Вячеславович,professional,1,Deloitte,1994,2021,1994,2021,28,,0
TATN,Неклюдов Сергей Вячеславович,professional,2,"Группа БФКО ""Открытие""",,,,,0,missing_dates_excluded,0
TATN,Неклюдов Сергей Вячеславович,professional,3,Б1 / Beterra,2021,,2021,2024,4,end_at_collection_year,0
TATN,Неклюдов Сергей Вячеславович,professional,4,"ПАО ""Татнефть""",2024,,2024,2024,1,end_at_collection_year,1
TATN,Крюков Валерий Анатольевич,professional,0,Институт экономики и организации промышленного производства СО РАН,,,,,0,missing_dates_excluded,0
TATN,Крюков Валерий Анатольевич,professional,1,НИУ ВШЭ,,,,,0,missing_dates_excluded,0
TATN,Крюков Валерий Анатольевич,professional,2,"ПАО ""Татнефть""",2024,,2024,2024,1,end_at_collection_year,1
TATN,Крюков Валерий Анатольевич,research,0,РАН / НИУ ВШЭ / ИЭОПП СО РАН,,,,,0,missing_dates_excluded,
TATN,Гамиров Дамир Маратович,professional,0,"ПАО ""Татнефть""",2003,2017,2003,2017,15,,1
TATN,Гамиров Дамир Маратович,professional,1,"ПАО ""Татнефть""",2017,2021,2017,2021,5,,1
TATN,Гамиров Дамир Маратович,professional,2,"ПАО ""Татнефть""",2021,,2021,2024,4,end_at_collection_year,1
TATN,Тихтуров Евгений Александрович,professional,0,"ПАО ""Татнефть""",,,,,0,missing_dates_excluded,1
TATN,Мухамадеев Рустам Набиуллович,professional,0,"ПАО ""Татнефть""",,,,,0,missing_dates_excluded,1
TGKA,Ведерчик Вадим Евгеньевич,professional,0,"ПАО ""ТГК-1""",2001,2019,2001,2019,19,,1
TGKA,Ведерчик Вадим Евгеньевич,professional,1,"ПАО ""ТГК-1""",2019,,2019,2024,6,end_at_collection_year,1
TGKA,Маркелов Виталий Анатольевич,professional,0,"ООО ""Газпром трансгаз Томск""",2003,2011,2003,2011,9,,0
TGKA,Маркелов Виталий Анатольевич,professional,1,"ООО ""Газпром инвест Восток""",2011,,2011,2019,9,end_from_next_start,0
TGKA,Маркелов Виталий Анатольевич,professional,2,"ПАО ""Газпром""",2011,,2011,2019,9,end_from_next_start,0
TGKA,Маркелов Виталий Анатольевич,professional,3,"ПАО ""ТГК-1""",2019,,2019,2024,6,end_at_collection_year,1
TGKA,Маркелов Виталий Анатольевич,research,0,,,,,,0,missing_dates_excluded,
TGKA,Бикмурзин Альберт Фяритович,professional,0,"ООО ""Газпром энергохолдинг""",2009,2015,2009,2015,7,,0
TGKA,Бикмурзин Альберт Фяритович,professional,1,"ООО ""Газпром энергохолдинг""",2015,,2015,2016,2,end_from_next_start,0
TGKA,Бикмурзин Альберт Фяритович,professional,2,"ООО ""МОЭК-Финанс""",2015,,2015,2016,2,end_from_next_start,0
TGKA,Бикмурзин Альберт Фяритович,professional,3,"ООО ""МТЭР Холдинг""",2016,,2016,2024,9,end_at_collection_year,0
TGKA,Бикмурзин Альберт Фяритович,research,0,,,,,,0,missing_dates_excluded,
TGKA,Земляной Евгений Николаевич,professional,0,"ООО ""Газпром энергохолдинг""",2015,,2015,2017,3,end_from_next_start,0
TGKA,Земляной Евгений Николаевич,professional,1,"ООО ""ГЭХ Финанс""",2017,,2017,2024,8,end_at_collection_year,0
TGKA,Земляной Евгений Николаевич,professional,2,"ПАО ""ОГК-2""",2015,2016,2015,2016,2,,0
TGKA,Иванников Александр Сергеевич,professional,0,"Комитет экономического развития, промышленной политики и торговли Правительства Санкт-Петербурга",2001,2006,2001,2006,6,,0
TGKA,Иванников Александр Сергеевич,professional,1,"ПАО ""ТГК-1""",2006,2007,2006,2007,2,,1
TGKA,Иванников Александр Сергеевич,professional,2,"ПАО ""Газпром""",2010,,2010,2024,15,end_at_collection_year,0
TGKA,Иванников Александр Сергеевич,research,0,,,,,,0,missing_dates_excluded,
TGKA,Коробкина Ирина Юрьевна,professional,0,"ПАО ""Газпром""",2015,,2015,2024,10,end_at_collection_year,0
TGKA,Коробкина Ирина Юрьевна,professional,1,"ПАО ""Центрэнергохолдинг""",2015,,2015,2024,10,end_at_collection_year,0
TGKA,Осин Никита Юрьевич,professional,0,"ООО ""Газпром энергохолдинг""",2010,2012,2010,2012,3,,0
TGKA,Осин Никита Юрьевич,professional,1,"ОАО/ПАО ""Газпром""",2012,2014,2012,2014,3,,0
TGKA,Осин Никита Юрьевич,professional,2,"ООО ""Газпром энергохолдинг""",2014,,2014,2024,11,end_at_collection_year,0
TGKA,Рогов Александр Владимирович,professional,0,"ПАО ""Газпром""",2015,,2015,2020,6,end_from_next_start,0
TGKA,Рогов Александр Владимирович,professional,1,"ПАО ""МОЭК""",2015,2020,2015,2020,6,,0
TGKA,Рогов Александр Владимирович,professional,2,"ООО ""ГЭХ Индустриальные активы""",2020,,2020,2024,5,end_at_collection_year,0
TGKA,Рогов Александр Владимирович,research,0,,,,,,0,missing_dates_excluded,
TGKA,Симдякин Вадим Михайлович,professional,0,"ПАО ""Газпром""",2023,,2023,2024,2,end_at_collection_year,0
TGKA,Федоров Денис Владимирович,professional,0,"ПАО ""Газпром""",2015,,2015,2024,10,end_at_collection_year,0
TGKA,Федоров Денис Владимирович,professional,1,"ООО ""Газпром энергохолдинг""",2015,,2015,2024,10,end_at_collection_year,0
TGKA,Федоров Денис Владимирович,professional,2,"ПАО ""ТГК-1""",2015,,2015,2024,10,end_at_collection_year,1
TGKA,Федоров Денис Владимирович,research,0,,,,,,0,missing_dates_excluded,
TGKA,Шацкий Павел Олегович,professional,0,"ООО ""Газпром энергохолдинг""",2015,,2015,2016,2,end_from_next_start,0
TGKA,Шацкий Павел Олегович,professional,1,"ПАО ""ТГК-1""",2016,,2016,2017,2,end_from_next_start,1
TGKA,Шацкий Павел Олегович,professional,2,"ООО ""Свободненская ТЭС""",2017,,2017,2024,8,end_at_collection_year,0
TGKA,Максимова Антонина Николаевна,professional,0,"ПАО ""ТГК-1""",2012,,2012,2016,5,end_from_next_start,1
TGKA,Максимова Антонина Николаевна,professional,1,"ПАО ""ТГК-1""",2016,,2016,2024,9,end_at_collection_year,1
TGKA,Максимова Антонина Николаевна,research,0,,,,,,0,missing_dates_excluded,
TGKA,Станишевская Раиса Владимировна,professional,0,"ОАО ""Ленэнерго""",1994,2005,1994,2005,12,,0
TGKA,Станишевская Раиса Владимировна,professional,1,"ОАО/ПАО ""ТГК-1""",2005,,2005,2024,20,end_at_collection_year,1
TGKB,Иванова Юлия Валентиновна,professional,0,ПАО «ТГК-2»,2024,,2024,2024,1,end_at_collection_year,1
TGKB,Иванова Юлия Валентиновна,professional,1,ПАО «ТГК-2»,2022,2024,2022,2024,3,,1
TGKB,Иванова Юлия Валентиновна,professional,2,ПАО «ТГК-2»,2019,2022,2019,2022,4,,1
TGKB,Иванова Юлия Валентиновна,professional,3,ПАО «ТГК-2»,2019,,2019,2022,4,end_from_next_start,1
TGKB,Иванова Юлия Валентиновна,professional,4,Ассоциация «Совет производителей энергии»,2023,2024,2023,2024,2,,0
TGKB,Грабчак Евгений Петрович,professional,0,ПАО «ТГК-2»,2024,,2024,2024,1,end_at_collection_year,1
TGKB,Грабчак Евгений Петрович,professional,1,Министерство энергетики Российской Федерации,2020,,2020,2024,5,end_at_collection_year,0
TGKB,Данилов Иван Александрович,professional,0,ПАО «ТГК-2»,2024,,2024,2024,1,end_at_collection_year,1
TGKB,Данилов Иван Александрович,professional,1,РАНХиГС,,,,,0,missing_dates_excluded,0
TGKB,Зайцев Михаил Владимирович,professional,0,ПАО «ТГК-2»,2024,,2024,2024,1,end_at_collection_year,1
TGKB,Зайцев Михаил Владимирович,professional,1,ООО «Экспертное бюро «Право и технологии»,,,,,0,missing_dates_excluded,0
TGKB,Земляной Евгений Николаевич,professional,0,ПАО «ТГК-2»,2024,,2024,2024,1,end_at_collection_year,1
TGKB,Земляной Евгений Николаевич,professional,1,ООО «ГЭХ-Финанс»,,,,,0,missing_dates_excluded,0
TGKB,Земляной Евгений Николаевич,professional,2,ПАО «ОГК-2»,2020,,2020,2024,5,end_at_collection_year,0
TGKB,Карпов Илья Игоревич,professional,0,ПАО «ТГК-2»,2024,,2024,2024,1,end_at_collection_year,1
TGKB,Карпов Илья Игоревич,professional,1,Росимущество,,,,,0,missing_dates_excluded,0
TGKB,Костенко Глеб Александрович,professional,0,ПАО «ТГК-2»,2024,,2024,2024,1,end_at_collection_year,1
TGKB,Костенко Глеб Александрович,professional,1,Министерство энергетики Российской Федерации,,,,,0,missing_dates_excluded,0
TGKB,Медведева Елена Анатольевна,professional,0,ПАО «ТГК-2»,2024,,2024,2024,1,end_at_collection_year,1
TGKB,Медведева Елена Анатольевна,professional,1,Министерство энергетики Российской Федерации,,,,,0,missing_dates_excluded,0
TGKB,Ушаков Александр Владимирович,professional,0,ПАО «ТГК-2»,2024,,2024,2024,1,end_at_collection_year,1
TGKB,Ушаков Александр Владимирович,professional,1,Промсвязьбанк,,,,,0,missing_dates_excluded,0
TGKB,Федоров Денис Владимирович,professional,0,ПАО «ТГК-2»,2024,,2024,2024,1,end_at_collection_year,1
TGKB,Федоров Денис Владимирович,professional,1,ООО «Газпром энергохолдинг»,,,,,0,missing_dates_excluded,0
TGKB,Васильев Олег Юрьевич,professional,0,ПАО «ТГК-2»,2021,2024,2021,2024,4,,1
TGKB,Васильев Олег Юрьевич,professional,1,"ООО «Башкирская генерирующая компания», филиал «Стерлитамакская ТЭЦ»",2014,2021,2014,2021,8,,0
TGKB,Васильев Олег Юрьевич,professional,2,АО «ТЭЦ «Белый Ручей»,2022,,2022,2024,3,end_at_collection_year,0
TGKB,Дьяконов Владимир Евгеньевич,professional,0,ПАО «ТГК-2»,2021,2024,2021,2024,4,,1
TGKB,Дьяконов Владимир Евгеньевич,professional,1,ООО «БЭСК Инжиниринг»,2014,2021,2014,2021,8,,0
TGKB,Зварыч Ольга Владимировна,professional,0,ПАО «ТГК-2»,2024,2025,2024,2024,1,end_capped_at_collection_year,1
TGKB,Зварыч Ольга Владимировна,professional,1,ПАО «ТГК-2»,2023,2024,2023,2024,2,,1
TGKB,Зварыч Ольга Владимировна,professional,2,Фонд «Центр стратегических разработок»,2022,2022,2022,2022,1,,0
TGKB,Зварыч Ольга Владимировна,professional,3,ООО «Л+»,2021,2022,2021,2022,2,,0
TGKB,Зварыч Ольга Владимировна,professional,4,ИП Гордийчук Д.В.,2021,2021,2021,2021,1,,0
TGKB,Зварыч Ольга Владимировна,professional,5,ООО «Энергосбыт Агро»,2020,2021,2020,2021,2,,0
TGKB,Зварыч Ольга Владимировна,professional,6,ЗАО «Молдавская ГРЭС»,2017,2020,2017,2020,4,,0
TGKB,Корниенко Андрей Владимирович,professional,0,ПАО «ТГК-2»,2024,2025,2024,2024,1,end_capped_at_collection_year,1
TGKB,Корниенко Андрей Владимирович,professional,1,ПАО «ТГК-2»,2023,2024,2023,2024,2,,1
TGKB,Корниенко Андрей Владимирович,professional,2,ПАО «ТГК-2»,2021,2023,2021,2023,3,,1
TGKB,Корниенко Андрей Владимирович,professional,3,ООО «Сельта»,2021,2021,2021,2021,1,,0
TGKB,Корниенко Андрей Владимирович,professional,4,ООО «АФГ Националь» / ОСП «Нижегородская»,2020,2021,2020,2021,2,,0
TGKB,Корниенко Андрей Владимирович,professional,5,ООО «АФГ Националь Агро»,2014,2020,2014,2020,7,,0
TGKB,Пермякова Ольга Сергеевна,professional,0,ПАО «ТГК-2»,2024,,2024,2024,1,end_at_collection_year,1
TGKB,Пермякова Ольга Сергеевна,professional,1,ПАО «ТГК-2»,2022,2024,2022,2024,3,,1
TGKB,Пермякова Ольга Сергеевна,professional,2,ПАО «ТГК-2»,2022,2022,2022,2022,1,,1
TGKB,Пермякова Ольга Сергеевна,professional,3,ПАО «ТГК-2»,2019,2022,2019,2022,4,,1
TGKB,Пермякова Ольга Сергеевна,professional,4,ПАО «ТГК-2»,2023,,2023,2024,2,end_at_collection_year,1
TGKB,Пермякова Ольга Сергеевна,professional,5,АО «ТЭЦ «Белый Ручей»,2024,,2024,2024,1,end_at_collection_year,0
TGKB,Пермякова Ольга Сергеевна,professional,6,ООО «Хуадянь-Тенинская ТЭЦ»,2019,2024,2019,2024,6,,0
TGKB,Пермякова Ольга Сергеевна,professional,7,TE-TO AD-Skopje,2016,2024,2016,2024,9,,0
TGKB,Пермякова Ольга Сергеевна,professional,8,АО «Энергосети АрхоблЭнерго»,2018,2020,2018,2020,3,,0
TGKB,Серова Ольга Викторовна,professional,0,ПАО «ТГК-2»,2024,,2024,2024,1,end_at_collection_year,1
TGKB,Серова Ольга Викторовна,professional,1,ПАО «ТГК-2»,2017,2024,2017,2024,8,,1
TGKB,Царева Валентина Валерьевна,professional,0,ПАО «ТГК-2»,2021,2024,2021,2024,4,,1
TGKB,Царева Валентина Валерьевна,professional,1,ООО «Бюро профессиональных решений»,2017,2021,2017,2021,5,,0
TGKB,Царева Валентина Валерьевна,professional,2,ООО «Хуадянь-Тенинская ТЭЦ»,2022,2023,2022,2023,2,,0
TRMK,Чикалов Сергей Геннадьевич,professional,0,ПАО «ТМК»,2023,,2023,2024,2,end_at_collection_year,1
TRMK,Чикалов Сергей Геннадьевич,professional,1,Русский научно-исследовательский институт трубной промышленности,1995,2003,1995,2003,9,,0
TRMK,Чикалов Сергей Геннадьевич,professional,2,ОАО «Челябинский трубопрокатный завод»,,,,,0,missing_dates_excluded,0
TRMK,Чикалов Сергей Геннадьевич,research,0,РусНИТИ,1995,,1995,2024,30,end_at_collection_year,
TRMK,Венде Франк-Детлеф,professional,0,ПАО «ТМК»,2019,,2019,2024,6,end_at_collection_year,1
TRMK,Венде Франк-Детлеф,professional,1,Финансовый университет при Правительстве РФ,2019,,2019,2024,6,end_at_collection_year,0
TRMK,Венде Франк-Детлеф,research,0,Московский автомобильно-дорожный государственный технический университет,2016,2019,2016,2019,4,,
TRMK,Каплунов Андрей Юрьевич,professional,0,ПАО «ТМК»,2001,,2001,2014,14,end_from_next_start,1
TRMK,Каплунов Андрей Юрьевич,professional,1,ПАО «ТМК»,2014,,2014,2019,6,end_from_next_start,1
TRMK,Каплунов Андрей Юрьевич,professional,2,Группа Синара,2019,,2019,2024,6,end_at_collection_year,0
TRMK,Кузьминов Ярослав Иванович,professional,0,ПАО «ТМК»,2018,,2018,2024,7,end_at_collection_year,1
TRMK,Кузьминов Ярослав Иванович,professional,1,НИУ ВШЭ,2014,,2014,2018,5,end_from_next_start,0
TRMK,Кузьминов Ярослав Иванович,research,0,НИУ ВШЭ,2014,,2014,2024,11,end_at_collection_year,
TRMK,Петросян Тигран Ишханович,professional,0,ПАО «ТМК»,2001,,2001,2024,24,end_at_collection_year,1
TRMK,Петросян Тигран Ишханович,professional,1,ПАО «ТМК»,,,,,0,missing_dates_excluded,1
TRMK,Петросян Тигран Ишханович,professional,2,ОАО «Волжский трубный завод»,,,,,0,missing_dates_excluded,0
TRMK,Петросян Тигран Ишханович,professional,3,ООО «Волжский аудит»,,,,,0,missing_dates_excluded,0
TRMK,Петросян Тигран Ишханович,professional,4,Министерство экономики Республики Армения,,,,,0,missing_dates_excluded,0
TRMK,Попов Михаил Владимирович,professional,0,ПАО «ТМК»,,,,,0,missing_dates_excluded,1
TRMK,Попов Михаил Владимирович,professional,1,Российский союз промышленников и предпринимателей,,,,,0,missing_dates_excluded,0
TRMK,Попов Михаил Владимирович,professional,2,ПАО «ТМК»,2019,,2019,2024,6,end_at_collection_year,1
TRMK,Попов Михаил Владимирович,professional,3,Национальный исследовательский центр «Курчатовский институт»,,2019,,2019,0,missing_dates_excluded,0
TRMK,Романенко Алексей Михайлович,professional,0,ПАО «ТМК»,,,,,0,missing_dates_excluded,1
TRMK,Романенко Алексей Михайлович,professional,1,KPMG,2000,,2000,2024,25,end_at_collection_year,0
TRMK,Ширяев Александр Георгиевич,professional,0,ПАО «ТМК»,2005,,2005,2008,4,end_from_next_start,1
TRMK,Ширяев Александр Георгиевич,professional,1,ПАО «ТМК»,2003,,2003,2005,3,end_from_next_start,1
TRMK,Ширяев Александр Георгиевич,professional,2,ПАО «ТМК»,2008,2019,2008,2019,12,,1
TRMK,Шматович Владимир Владимирович,professional,0,ПАО «ТМК»,,,,,0,missing_dates_excluded,1
TRMK,Шматович Владимир Владимирович,professional,1,ЗАО «ТМК» / ОАО «ТМК»,2005,,2005,2024,20,end_at_collection_year,1
TRMK,Шматович Владимир Владимирович,professional,2,ООО «РусПромАвто»,2003,2005,2003,2005,3,,0
TRMK,Шматович Владимир Владимирович,professional,3,ОАО «ТНК-ВР» Менеджмент,2003,2003,2003,2003,1,,0
TRMK,Шматович Владимир Владимирович,professional,4,ОАО «Сиданко»,2002,2003,2002,2003,2,,0
TRMK,Позолотина Елена Ивановна,professional,0,ПАО «ТМК»,,,,,0,missing_dates_excluded,1
TRMK,Позолотина Елена Ивановна,professional,1,ПАО «ТМК»,2005,,2005,2024,20,end_at_collection_year,1
TRMK,Якоб Дмитрий,professional,0,ПАО «ТМК»,,,,,0,missing_dates_excluded,1
TRMK,Якоб Дмитрий,professional,1,ПАО «ТМК»,2019,,2019,2024,6,end_at_collection_year,1
TRMK,Пьянков Борис Григорьевич,professional,0,ПАО «ТМК»,2018,,2018,2024,7,end_from_next_start;end_capped_at_collection_year,1
TRMK,Пьянков Борис Григорьевич,professional,1,Синарский трубный завод,2025,,2025,2024,0,after_collection_year_excluded,0
TRMK,Пьянков Борис Григорьевич,professional,2,Синарский трубный завод,1998,2018,1998,2018,21,,0
TRMK,Пышминцев Игорь Юрьевич,professional,0,ПАО «ТМК»,,,,,0,missing_dates_excluded,1
TRMK,Пышминцев Игорь Юрьевич,professional,1,Научно-технический центр ТМК,,,,,0,missing_dates_excluded,0
TRMK,Пышминцев Игорь Юрьевич,research,0,Научно-технический центр ТМК,,,,,0,missing_dates_excluded,
TRMK,Пышминцев Игорь Юрьевич,research,1,Уральский политехнический институт / Уральский государственный технический университет,1986,2012,1986,2012,27,,
TRMK,Пышминцев Игорь Юрьевич,research,2,Проектный центр энергетики Сколково,2013,2019,2013,2019,7,,
TRMK,Папин Денис,professional,0,ПАО «ТМК»,,,,,0,missing_dates_excluded,1
TRMK,Оборский Владимир Брониславович,professional,0,ПАО «ТМК»,,,,,0,missing_dates_excluded,1
TRMK,Оборский Владимир Брониславович,professional,1,ПАО «ТМК»,2000,,2000,2012,13,end_from_next_start,1
TRMK,Оборский Владимир Брониславович,professional,2,ОАО «Волжский трубный завод»,2012,,2012,2018,7,end_from_next_start,0
TRMK,Оборский Владимир Брониславович,professional,3,ПАО «ТМК»,2018,,2018,2024,7,end_at_collection_year,1
TRNFP,Токарев Николай Петрович,professional,0,ПАО «Транснефть»,2007,,2007,2024,18,end_at_collection_year,1
TRNFP,Токарев Николай Петрович,professional,1,ОАО «Зарубежнефть»,2000,2007,2000,2007,8,,0
TRNFP,Новак Александр Валентинович,professional,0,Правительство Российской Федерации,2020,,2020,2024,5,end_at_collection_year,0
TRNFP,Новак Александр Валентинович,professional,1,Министерство энергетики Российской Федерации,2012,2020,2012,2020,9,,0
TRNFP,Новак Александр Валентинович,professional,2,ПАО «Транснефть»,,,,,0,missing_dates_excluded,1
TRNFP,Дмитриев Кирилл Александрович,professional,0,Российский фонд прямых инвестиций,2011,,2011,2024,14,end_at_collection_year,0
TRNFP,Дмитриев Кирилл Александрович,professional,1,Goldman Sachs,,,,,0,missing_dates_excluded,0
TRNFP,Дмитриев Кирилл Александрович,professional,2,McKinsey & Company,,,,,0,missing_dates_excluded,0
TRNFP,Корсик Александр Леонидович,professional,0,ОАО АНК «Башнефть»,2011,2015,2011,2015,5,,0
TRNFP,Корсик Александр Леонидович,professional,1,ТНК-BP,,,,,0,missing_dates_excluded,0
TRNFP,Корсик Александр Леонидович,professional,2,ПАО «Транснефть»,,,,,0,missing_dates_excluded,1
TRNFP,Сазанов Алексей Валерьевич,professional,0,Министерство финансов Российской Федерации,,,,,0,missing_dates_excluded,0
TRNFP,Сазанов Алексей Валерьевич,professional,1,Deloitte,,,,,0,missing_dates_excluded,0
TRNFP,Салыгин Валерий Иванович,professional,0,МГИМО МИД России,,,,,0,missing_dates_excluded,0
TRNFP,Салыгин Валерий Иванович,professional,1,ПАО «Транснефть»,,,,,0,missing_dates_excluded,1
TRNFP,Салыгин Валерий Иванович,research,0,МГИМО МИД России,,,,,0,missing_dates_excluded,
TRNFP,Сорокин Павел Юрьевич,professional,0,Министерство энергетики Российской Федерации,,,,,0,missing_dates_excluded,0
TRNFP,Сорокин Павел Юрьевич,professional,1,Thomson Reuters,,,,,0,missing_dates_excluded,0
TRNFP,Сорокин Павел Юрьевич,professional,2,Альфа-Банк,,,,,0,missing_dates_excluded,0
TRNFP,Уваров Алексей Константинович,professional,0,Аппарат Правительства Российской Федерации,,,,,0,missing_dates_excluded,0
TRNFP,Уваров Алексей Константинович,professional,1,Федеральное агентство по управлению государственным имуществом,,,,,0,missing_dates_excluded,0
TRNFP,Шмаль Геннадий Иосифович,professional,0,Союз нефтегазопромышленников России,,,,,0,missing_dates_excluded,0
TRNFP,Шмаль Геннадий Иосифович,professional,1,ПАО «Транснефть»,,,,,0,missing_dates_excluded,1
TRNFP,Шмаль Геннадий Иосифович,research,0,Союз нефтегазопромышленников России,,,,,0,missing_dates_excluded,
TRNFP,Гришанин Максим Сергеевич,professional,0,ПАО «Транснефть»,,,,,0,missing_dates_excluded,1
TRNFP,Андронов Сергей Александрович,professional,0,ПАО «Транснефть»,,,,,0,missing_dates_excluded,1
TRNFP,Бадалов Андрей Юрьевич,professional,0,НИИ «Восход» (ФГАУ),2013,2019,2013,2019,7,,0
TRNFP,Бадалов Андрей Юрьевич,professional,1,ПАО «Транснефть»,2019,,2019,2024,6,end_at_collection_year,1
TRNFP,Каланда Владимир Александрович,professional,0,ПАО «Транснефть»,,,,,0,missing_dates_excluded,1
TRNFP,Каланда Владимир Александрович,professional,1,Федеральная служба Российской Федерации по контролю за оборотом наркотиков,,,,,0,missing_dates_excluded,0
TRNFP,Король Борис Михайлович,professional,0,ПАО «Транснефть»,,,,,0,missing_dates_excluded,1
TRNFP,Ревель-Муроз Павел Александрович,professional,0,ПАО «Транснефть»,,,,,0,missing_dates_excluded,1
TRNFP,Скворцов Вячеслав Михайлович,professional,0,ПАО «Транснефть»,,,,,0,missing_dates_excluded,1
TRNFP,Шоцкий Сергей Александрович,professional,0,ПАО «Транснефть»,,,,,0,missing_dates_excluded,1
TRNFP,Савкин Владимир Васильевич,professional,0,ПАО «Транснефть»,,,,,0,missing_dates_excluded,1
TTLK,Нурутдинов Айрат Рафкатович,professional,0,ПАО «Таттелеком»,2019,,2019,2024,6,end_at_collection_year,1
TTLK,Нурутдинов Айрат Рафкатович,professional,1,Министерство информатизации и связи Республики Татарстан,,2019,,2019,0,missing_dates_excluded,0
TTLK,Нурутдинов Айрат Рафкатович,research,0,биоинспирированные нейросетевые архитектуры / Wi-Fi-радиопланирование,,2024,,2024,0,missing_dates_excluded,
TTLK,Сорокин Валерий Юрьевич,professional,0,АО «Связьинвестнефтехим»,,,,,0,missing_dates_excluded,0
TTLK,Сорокин Валерий Юрьевич,professional,1,ПАО «Таттелеком»,,,,,0,missing_dates_excluded,1
TTLK,Алексеев Сергей Владимирович,professional,0,АО «Связьинвестнефтехим»,,,,,0,missing_dates_excluded,0
TTLK,Алексеев Сергей Владимирович,professional,1,ПАО «Таттелеком»,,,,,0,missing_dates_excluded,1
TTLK,Нафигин Альберт Ильдарович,professional,0,Аппарат Президента / Раиса Республики Татарстан,,,,,0,missing_dates_excluded,0
TTLK,Нафигин Альберт Ильдарович,professional,1,ПАО «Таттелеком»,,,,,0,missing_dates_excluded,1
TTLK,Минниханов Рифкат Нургалиевич,professional,0,Академия наук Республики Татарстан,,,,,0,missing_dates_excluded,0
TTLK,Минниханов Рифкат Нургалиевич,professional,1,ПАО «Таттелеком»,2024,,2024,2024,1,end_at_collection_year,1
TTLK,Минниханов Рифкат Нургалиевич,research,0,Академия наук Республики Татарстан / научные организации Татарстана,,,,,0,missing_dates_excluded,
TTLK,Сотов Денис Игоревич,professional,0,АО «Связьинвестнефтехим»,,,,,0,missing_dates_excluded,0
TTLK,Сотов Денис Игоревич,professional,1,ПАО «Таттелеком»,,,,,0,missing_dates_excluded,1
TTLK,Яковлев Альберт Валерьевич,professional,0,"Министерство цифрового развития государственного управления, информационных технологий и связи Республики Татарстан",,,,,0,missing_dates_excluded,0
TTLK,Яковлев Альберт Валерьевич,professional,1,ПАО «Таттелеком»,,,,,0,missing_dates_excluded,1
TTLK,Шафигуллин Лутфулла Нурисламович,professional,0,ПАО «Таттелеком»,,2024,,2024,0,missing_dates_excluded,1
TTLK,Белобородов Сергей Александрович,professional,0,ПАО «Таттелеком»,,,,,0,missing_dates_excluded,1
TTLK,Нургалеев Ильдар Тахиржанович,professional,0,ПАО «Таттелеком»,,,,,0,missing_dates_excluded,1
TTLK,Шагиахметов Сергей Равилевич,professional,0,ПАО «Таттелеком»,,,,,0,missing_dates_excluded,1
TTLK,Сибгатуллин Ильнар Ильдарович,professional,0,ПАО «Таттелеком»,2024,,2024,2024,1,end_at_collection_year,1
TTLK,Минниханов Расуль Рифкатович,professional,0,ПАО «Таттелеком»,2024,,2024,2024,1,end_at_collection_year,1
TTLK,Фролов Дмитрий Александрович,professional,0,ПАО «Таттелеком»,2024,,2024,2024,1,end_at_collection_year,1
TTLK,Осадченко Анастасия Михайловна,professional,0,ПАО «Таттелеком»,,,,,0,missing_dates_excluded,1
TTLK,Надин Артем Александрович,professional,0,"ПАО «Таттелеком», Альметьевский ЗУЭС",,,,,0,missing_dates_excluded,0
TTLK,Алтынбаева Ландыш Завдятовна,professional,0,"ПАО «Таттелеком», Буинский ЗУЭС",,,,,0,missing_dates_excluded,0
TTLK,Степанов Максим Александрович,professional,0,"ПАО «Таттелеком», Набережно-Челнинский ЗУЭС",2023,,2023,2024,2,end_at_collection_year,0
TTLK,Воробьев Михаил Сергеевич,professional,0,ООО «Твои Мобильные Технологии»,2023,,2023,2024,2,end_at_collection_year,0
TTLK,Камалетдинов Тимур Русланович,professional,0,ООО «ТТК Диджитал»,2024,,2024,2024,1,end_at_collection_year,0
TTLK,Камалетдинов Тимур Русланович,professional,1,ПАО «Таттелеком»,,2024,,2024,0,missing_dates_excluded,1
TTLK,Урлин Андрей Олегович,professional,0,ООО «МИГ»,2023,,2023,2024,2,end_at_collection_year,0
TTLK,Урлин Андрей Олегович,professional,1,ООО «Эдванс»,2005,2005,2005,2005,1,,0
TTLK,Урлин Андрей Олегович,professional,2,ООО «Мегаком»,2006,2007,2006,2007,2,,0
T,Станислав Викторович Близнюк,professional,0,"Группа ""Т-Технологии""",,,,,0,missing_dates_excluded,0
T,Станислав Викторович Близнюк,professional,1,"АО ""Т-Банк"" / Тинькофф Банк",2021,,2021,2024,4,end_at_collection_year,0
T,Станислав Викторович Близнюк,professional,2,Тинькофф / TCS Group,2006,2021,2006,2021,16,,0
T,Станислав Викторович Близнюк,professional,3,"МКПАО ""Т-Технологии""",2024,,2024,2024,1,end_at_collection_year,1
T,Сергей Леонидович Батехин,professional,0,Интеррос,,,,,0,missing_dates_excluded,0
T,Сергей Леонидович Батехин,professional,1,"МКПАО ""Т-Технологии""",2024,,2024,2024,1,end_at_collection_year,1
T,Алексей Владимирович Малиновский,professional,0,"МКПАО ""Т-Технологии""",2024,,2024,2024,1,end_at_collection_year,1
T,Алексей Владимирович Малиновский,professional,1,MasterCard,2011,,2011,2024,14,end_at_collection_year,0
T,Алексей Владимирович Малиновский,professional,2,Microsoft,2006,2010,2006,2010,5,,0
T,Алексей Владимирович Малиновский,professional,3,"S&T International; Computer Mechanics; ООО ""Интернет Фабрика""; ООО ""СтэпЛоджик""",,2006,,2006,0,missing_dates_excluded,0
T,Илья Николаевич Писемский,professional,0,"АКБ ""Союз""",2007,2008,2007,2008,2,,0
T,Илья Николаевич Писемский,professional,1,Тинькофф Банк,2008,,2008,2017,10,end_from_next_start,0
T,Илья Николаевич Писемский,professional,2,Тинькофф Страхование; Тинькофф Капитал,2017,,2017,2024,8,end_at_collection_year,0
T,Илья Николаевич Писемский,professional,3,"МКПАО ""Т-Технологии""",2024,,2024,2024,1,end_at_collection_year,1
T,Татьяна Борисовна Кузнецова,professional,0,Тинькофф / ТКС Банк,2010,,2010,2024,15,end_at_collection_year,0
T,Татьяна Борисовна Кузнецова,professional,1,BSGV / Societe Generale; RBS,,2010,,2010,0,missing_dates_excluded,0
T,Татьяна Борисовна Кузнецова,professional,2,"МКПАО ""Т-Технологии""",2024,,2024,2024,1,end_at_collection_year,1
T,Валерия Александровна Павлюкова,professional,0,Сбербанк,2011,2017,2011,2017,7,,0
T,Валерия Александровна Павлюкова,professional,1,Тинькофф Банк,2017,,2017,2024,8,end_at_collection_year,0
T,Валерия Александровна Павлюкова,professional,2,"МКПАО ""Т-Технологии""",2024,,2024,2024,1,end_at_collection_year,1
T,Александр Ильич Исаев,professional,0,"TCS Group / МКПАО ""Т-Технологии""",2023,,2023,2024,2,end_at_collection_year,1
T,Александр Ильич Исаев,professional,1,Ozon,,,,,0,missing_dates_excluded,0
T,Александр Ильич Исаев,professional,2,Baring Vostok,,,,,0,missing_dates_excluded,0
T,Артём Игоревич Лебедев,professional,0,T-Bank Group / Т-Банк,,,,,0,missing_dates_excluded,0
T,Артём Игоревич Лебедев,professional,1,"МКПАО ""Т-Технологии""",2024,,2024,2024,1,end_at_collection_year,1
T,Александр Борисович Лебединский,professional,0,Т-Банк,,,,,0,missing_dates_excluded,0
T,Александр Борисович Лебединский,professional,1,GeekBrains; ВКонтакте,,,,,0,missing_dates_excluded,0
T,Александр Борисович Лебединский,professional,2,"МКПАО ""Т-Технологии""",2024,,2024,2024,1,end_at_collection_year,1
UGLD,Струков Константин Иванович,professional,0,ПАО «Южуралзолото Группа Компаний» / ООО «УК ЮГК»,2008,2025,2008,2024,17,end_capped_at_collection_year,0
UGLD,Струков Константин Иванович,professional,1,"ПО «Карагандауголь», «Севказгеология», «Каззолото»",1980,1997,1980,1997,18,,0
UGLD,Струков Константин Иванович,professional,2,Законодательное Собрание Челябинской области,2016,,2016,2024,9,end_at_collection_year,0
UGLD,Струков Константин Иванович,research,0,Магнитогорский государственный технический университет им. Г.И. Носова / горнотехническая область,2003,2018,2003,2018,16,,
UGLD,Клёцкин Артём,professional,0,ПАО «Южуралзолото Группа Компаний»,,,,,0,missing_dates_excluded,1
UGLD,Яковлев Дмитрий,professional,0,ПАО «Южуралзолото Группа Компаний»,,,,,0,missing_dates_excluded,1
UGLD,Курбанов Руслан Магамедович,professional,0,ООО «Соврудник»,2018,,2018,2024,7,end_at_collection_year,0
UGLD,Курбанов Руслан Магамедович,professional,1,ООО «Соврудник»,2007,2018,2007,2018,12,,0
UGLD,Курбанов Руслан Магамедович,professional,2,карьер «Северо-Западный»,2006,2007,2006,2007,2,,0
UGLD,Курбанов Руслан Магамедович,professional,3,карьер «Эльдорадо»,2002,2006,2002,2006,5,,0
UGLD,Курбанов Руслан Магамедович,professional,4,ОАО «МКК — Саянмрамор»,2001,2002,2001,2002,2,,0
UPRO,Никонов Василий Владиславович,professional,0,ПАО «Юнипро»,2023,,2023,2024,2,end_at_collection_year,1
UPRO,Артемьев Игорь Юрьевич,professional,0,ПАО «Юнипро»,2024,,2024,2024,1,end_at_collection_year,1
UPRO,Артемьев Игорь Юрьевич,professional,1,Федеральная антимонопольная служба,2004,2020,2004,2020,17,,0
UPRO,Маликова Дина Ринатовна,professional,0,ПАО «Юнипро»,2024,,2024,2024,1,end_at_collection_year,1
UPRO,Маликова Дина Ринатовна,professional,1,Банк «Аверс» (г. Казань),1995,,1995,1999,5,end_from_next_start,0
UPRO,Маликова Дина Ринатовна,professional,2,ПАО «Ак Барс Банк»,1999,2003,1999,2003,5,,0
UPRO,Маликова Дина Ринатовна,professional,3,АО «Всероссийский банк развития регионов» (ВБРР),2003,,2003,2020,18,end_from_next_start,0
UPRO,Маликова Дина Ринатовна,professional,4,ПАО НК «Роснефть»,2020,,2020,2024,5,end_at_collection_year,0
UPRO,Кирпичников Михаил Петрович,professional,0,ПАО «Юнипро»,2024,,2024,2024,1,end_at_collection_year,1
UPRO,Кирпичников Михаил Петрович,professional,1,Институт биоорганической химии РАН / МГУ,,,,,0,missing_dates_excluded,0
UPRO,Кирпичников Михаил Петрович,research,0,ИБХ РАН / МГУ,,,,,0,missing_dates_excluded,
UPRO,Королев Виталий Геннадьевич,professional,0,ПАО «Юнипро»,2024,,2024,2024,1,end_at_collection_year,1
UPRO,Королев Виталий Геннадьевич,professional,1,Федеральная антимонопольная служба,2015,2025,2015,2024,10,end_capped_at_collection_year,0
UPRO,Некипелов Александр Дмитриевич,professional,0,ПАО «Юнипро»,2024,,2024,2024,1,end_at_collection_year,1
UPRO,Некипелов Александр Дмитриевич,professional,1,Московская школа экономики МГУ,,,,,0,missing_dates_excluded,0
UPRO,Некипелов Александр Дмитриевич,research,0,МГУ / Московская школа экономики,,,,,0,missing_dates_excluded,
UPRO,Павлов Алексей Юрьевич,professional,0,ПАО «Юнипро»,2024,,2024,2024,1,end_at_collection_year,1
UPRO,Павлов Алексей Юрьевич,professional,1,Федеральное агентство по управлению государственным имуществом,,,,,0,missing_dates_excluded,0
UPRO,Тарасенко Оксана Валерьевна,professional,0,ПАО «Юнипро»,2024,,2024,2024,1,end_at_collection_year,1
UPRO,Тарасенко Оксана Валерьевна,professional,1,Министерство экономического развития Российской Федерации,2018,,2018,2024,7,end_at_collection_year,0
UPRO,Тарасенко Оксана Валерьевна,research,0,МГУ им. М.В. Ломоносова,2009,2011,2009,2011,3,,
UPRO,Шишкин Андрей Николаевич,professional,0,ПАО «Юнипро»,2024,,2024,2024,1,end_at_collection_year,1
UPRO,Шишкин Андрей Николаевич,professional,1,ПАО АНК «Башнефть» / ПАО НК «Роснефть»,2015,2024,2015,2024,10,,0
UPRO,Алексеенков Денис Александрович,professional,0,ООО «Юнипро Инжиниринг»,2024,,2024,2024,1,end_at_collection_year,0
UPRO,Попов Игорь Викторович,professional,0,ПАО «Юнипро»,,,,,0,missing_dates_excluded,1
UPRO,Семенова Вероника Николаевна,professional,0,ПАО «Юнипро»,,,,,0,missing_dates_excluded,1
UPRO,Деркач Николай Николаевич,professional,0,"ПАО «Юнипро», филиал «Сургутская ГРЭС-2»",2020,,2020,2024,5,end_at_collection_year,0
UPRO,Деркач Николай Николаевич,professional,1,ООО «УралТЭП»,2019,2020,2019,2020,2,,0
UPRO,Иноземцев Евгений Александрович,professional,0,"ПАО «Юнипро», филиал «Смоленская ГРЭС»",2020,,2020,2024,5,end_at_collection_year,0
UPRO,Иноземцев Евгений Александрович,professional,1,"ПАО «Юнипро», филиал «Яйвинская ГРЭС»",,2020,,2020,0,missing_dates_excluded,0
UPRO,Иноземцев Евгений Александрович,professional,2,Усть-Каменогорская ТЭЦ и Усть-Каменогорские тепловые сети,,,,,0,missing_dates_excluded,0
UPRO,Поварницын Андрей Васильевич,professional,0,"ПАО «Юнипро», филиал «Яйвинская ГРЭС»",2020,,2020,2024,5,end_at_collection_year,0
VKCO,Багудина Елена Геннадьевна,professional,0,МКПАО «ВК»,,,,,0,missing_dates_excluded,1
VKCO,Багудина Елена Геннадьевна,professional,1,ООО «Компания ВК»,2011,,2011,2024,14,end_at_collection_year,0
VKCO,Куприянов Сергей,professional,0,VK,2022,,2022,2024,3,end_at_collection_year,1
VKCO,Куприянов Сергей,professional,1,ПАО «Газпром»,2003,,2003,2022,20,end_from_next_start,0
VKCO,Зыбина Мария,professional,0,VK,2022,,2022,2024,3,end_at_collection_year,1
VKCO,Зыбина Мария,professional,1,Газпромбанк,,,,,0,missing_dates_excluded,0
VKCO,Антонова Ульяна,professional,0,VK,,,,,0,missing_dates_excluded,1
VKCO,Антонова Ульяна,professional,1,АО «МФ Технологии»,,,,,0,missing_dates_excluded,0
VKCO,Устинов Антон,professional,0,VK,,,,,0,missing_dates_excluded,1
VKCO,Устинов Антон,professional,1,АО «СОГАЗ»,2016,,2016,2024,9,end_at_collection_year,0
VKCO,Чудаков Дмитрий,professional,0,VK,,,,,0,missing_dates_excluded,1
VKCO,Чудаков Дмитрий,professional,1,АО «Газпром-Медиа Холдинг»,,,,,0,missing_dates_excluded,0
VKCO,Гордин Михаил,professional,0,VK,2022,,2022,2023,2,end_from_next_start,1
VKCO,Гордин Михаил,professional,1,МГТУ им. Н.Э. Баумана,2023,,2023,2024,2,end_at_collection_year,0
VKCO,Гордин Михаил,research,0,ЦИАМ им. П.И. Баранова,2016,,2016,2024,9,end_at_collection_year,
VKCO,Анисимов Никита,professional,0,VK,2022,,2022,2024,3,end_at_collection_year,1
VKCO,Анисимов Никита,professional,1,НИУ ВШЭ,2021,,2021,2022,2,end_from_next_start,0
VKCO,Анисимов Никита,research,0,МГУ им. М.В. Ломоносова,,2002,,2002,0,missing_dates_excluded,
VKCO,Яковлева Наталья,professional,0,VK,2022,,2022,2024,3,end_at_collection_year,1
VKCO,Яковлева Наталья,professional,1,PriceWaterhouseCoopers Russia,1993,2016,1993,2016,24,,0
VKCO,Яковлева Наталья,professional,2,АО «Медиаскоп»,2016,,2016,2022,7,end_from_next_start,0
VKCO,Айвазов Александр,professional,0,VK,2022,,2022,2024,3,end_at_collection_year,1
VKCO,Айвазов Александр,professional,1,ПАО «Ростелеком»,,,,,0,missing_dates_excluded,0
VKCO,Мальгинов Антон,professional,0,VK,2022,,2022,2024,3,end_at_collection_year,1
VKCO,Кириенко Владимир Сергеевич,professional,0,VK,2021,,2021,2024,4,end_at_collection_year,1
VKCO,Кириенко Владимир Сергеевич,professional,1,ПАО «Ростелеком»,,2021,,2021,0,missing_dates_excluded,0
VKCO,Азаренко Елена,professional,0,VK Company Limited,2022,,2022,2024,3,end_at_collection_year,1
VKCO,Азаренко Елена,professional,1,VK Company Limited,2011,2022,2011,2022,12,,1
VKCO,Борыславская Светлана,professional,0,VK Company Limited,2022,,2022,2024,3,end_at_collection_year,1
VKCO,Борыславская Светлана,professional,1,VK Company Limited,2009,2022,2009,2022,14,,1
VKCO,Китова Екатерина,professional,0,МКПАО «ВК»,,,,,0,missing_dates_excluded,1
VKCO,Ковальчук Степан,professional,0,VK,2023,,2023,2024,2,end_at_collection_year,1
VKCO,Хуснояров Фарит,professional,0,VK,2022,,2022,2024,3,end_at_collection_year,1
VKCO,Хуснояров Фарит,professional,1,РТ Лабс,,2022,,2022,0,missing_dates_excluded,0
VKCO,Хайбуллов Рустам,professional,0,VK,2022,,2022,2024,3,end_at_collection_year,1
VKCO,Хайбуллов Рустам,professional,1,VK,,2022,,2022,0,missing_dates_excluded,1
VKCO,Сиренко Ирина,professional,0,VK,2022,,2022,2024,3,end_at_collection_year,1
VKCO,Сиренко Ирина,professional,1,ПАО «Ростелеком»,,2022,,2022,0,missing_dates_excluded,0
VKCO,Тадевосян Максим,professional,0,VK,,,,,0,missing_dates_excluded,1
VKCO,Тадевосян Максим,professional,1,Rambler&Co,,,,,0,missing_dates_excluded,0
VKCO,Тадевосян Максим,professional,2,НЛМК,,,,,0,missing_dates_excluded,0
VKCO,Тадевосян Максим,professional,3,RAMT,,,,,0,missing_dates_excluded,0
VKCO,Мыздриков Иван,professional,0,VK,2022,,2022,2024,3,end_at_collection_year,1
VKCO,Меркутов Алексей,professional,0,VK,2022,,2022,2024,3,end_at_collection_year,1
VKCO,Меркутов Алексей,professional,1,Группа МТС,,2022,,2022,0,missing_dates_excluded,0
VKCO,Гогичаты Мераб,professional,0,VK,2023,,2023,2024,2,end_at_collection_year,1
VKCO,Гогичаты Мераб,professional,1,Ак Барс Банк,,2023,,2023,0,missing_dates_excluded,0
VKCO,Фролов Антон,professional,0,VK,2023,,2023,2024,2,end_at_collection_year,1
VKCO,Карпов Антон,professional,0,VK,2023,,2023,2024,2,end_at_collection_year,1
VKCO,Карпов Антон,professional,1,Яндекс,,2023,,2023,0,missing_dates_excluded,0
VKCO,Попов Петр,professional,0,VK,2023,,2023,2024,2,end_at_collection_year,1
VKCO,Попов Петр,professional,1,Яндекс,,2023,,2023,0,missing_dates_excluded,0
VKCO,Дуксин Николай,professional,0,VK,2024,,2024,2024,1,end_at_collection_year,1
VKCO,Дуксин Николай,professional,1,VK,2022,2024,2022,2024,3,,1
VKCO,Кучай Анастасия,professional,0,VK,2024,,2024,2024,1,end_at_collection_year,1
VKCO,Кучай Анастасия,professional,1,Ozon Tech,,2024,,2024,0,missing_dates_excluded,0
VSEH,Фахрутдинов Валентин Кириллович,professional,0,ПАО «ВИ.ру»,2024,,2024,2024,1,end_at_collection_year,1
VSEH,Фахрутдинов Валентин Кириллович,professional,1,ООО «ВсеИнструменты.ру»,2021,,2021,2023,3,end_from_next_start,1
VSEH,Фахрутдинов Валентин Кириллович,professional,2,ООО «ВИ Холдинг»,2023,2024,2023,2024,2,,0
VSEH,Фахрутдинов Валентин Кириллович,professional,3,ООО «ВсеИнструменты.ру»,2018,2021,2018,2021,4,,1
VSEH,Шмелева Мария Николаевна,professional,0,ПАО «ВИ.ру»,2024,,2024,2024,1,end_at_collection_year,1
VSEH,Шмелева Мария Николаевна,professional,1,ООО «ВсеИнструменты.ру»,2021,,2021,2024,4,end_at_collection_year,1
VSEH,Шмелева Мария Николаевна,professional,2,Klever Group,2018,2021,2018,2021,4,,0
VSEH,Безумов Олег Игоревич,professional,0,ПАО «ВИ.ру»,2024,,2024,2024,1,end_at_collection_year,1
VSEH,Безумов Олег Игоревич,professional,1,ООО «ВсеИнструменты.ру»,2021,,2021,2024,4,end_at_collection_year,1
VSEH,Безумов Олег Игоревич,professional,2,Goldman Sachs International,2014,2021,2014,2021,8,,0
VSEH,Кузин Вадим Сергеевич,professional,0,ПАО «ВИ.ру»,2024,,2024,2024,1,end_at_collection_year,1
VSEH,Кузин Вадим Сергеевич,professional,1,ООО «Ви.Тех»,2022,,2022,2024,3,end_at_collection_year,0
VSEH,Кузин Вадим Сергеевич,professional,2,ООО «ВИ Холдинг»,2024,,2024,2024,1,end_at_collection_year,0
VSEH,Кузин Вадим Сергеевич,professional,3,ООО «ВсеИнструменты.ру»,2018,2022,2018,2022,5,,1
VSEH,Луннов Андрей Геннадьевич,professional,0,ПАО «ВИ.ру»,2024,,2024,2024,1,end_at_collection_year,1
VSEH,Луннов Андрей Геннадьевич,professional,1,ООО «ВсеИнструменты.ру»,2021,,2021,2024,4,end_at_collection_year,1
VSEH,Луннов Андрей Геннадьевич,professional,2,ООО «ВсеИнструменты.ру»,2018,2020,2018,2020,3,,1
VSEH,Иванов Павел Андреевич,professional,0,ПАО «ВИ.ру»,2024,,2024,2024,1,end_at_collection_year,1
VSEH,Иванов Павел Андреевич,professional,1,ООО «Вирент»,2020,,2020,2024,5,end_at_collection_year,0
VSEH,Иванов Павел Андреевич,professional,2,ООО «ВсеИнструменты.ру»,2018,2021,2018,2021,4,,1
VSEH,Школлер Роман Александрович,professional,0,ПАО «ВИ.ру»,2024,,2024,2024,1,end_at_collection_year,1
VSEH,Школлер Роман Александрович,professional,1,ООО «Русагро-Инвест»,2021,2021,2021,2021,1,,0
VSEH,Школлер Роман Александрович,professional,2,McKinsey & Company,2022,2024,2022,2024,3,,0
VSEH,Школлер Роман Александрович,professional,3,ООО «Экстраверт»,2023,2024,2023,2024,2,,0
VSEH,Школлер Роман Александрович,professional,4,ООО «Новые Мебельные Решения»,2023,2024,2023,2024,2,,0
VSEH,Ершов Роман Владимирович,professional,0,ПАО «ВИ.ру»,2024,,2024,2024,1,end_at_collection_year,1
VSEH,Ершов Роман Владимирович,professional,1,ООО «Аскона-Век»,2016,,2016,2017,2,end_from_next_start,0
VSEH,Ершов Роман Владимирович,professional,2,ООО «Торговый дом «Аскона»,2016,,2016,2017,2,end_from_next_start,0
VSEH,Ершов Роман Владимирович,professional,3,ООО «Шведские матрасы»,2016,,2016,2017,2,end_from_next_start,0
VSEH,Ершов Роман Владимирович,professional,4,ООО «Байсон»,2017,,2017,2018,2,end_from_next_start,0
VSEH,Ершов Роман Владимирович,professional,5,ООО «Аскона Лайф Групп»,2018,,2018,2019,2,end_from_next_start,0
VSEH,Ершов Роман Владимирович,professional,6,Dealrose Limited,2018,2024,2018,2024,7,,0
VSEH,Ершов Роман Владимирович,professional,7,HEILCROFT LIMITED,2019,,2019,2020,2,end_from_next_start,0
VSEH,Ершов Роман Владимирович,professional,8,КПК «ФинМаркет»,2020,,2020,2024,5,end_at_collection_year,0
VSEH,Ершов Роман Владимирович,professional,9,ООО «Доброград ФудТех»,2024,2025,2024,2024,1,end_capped_at_collection_year,0
VSEH,Ершов Роман Владимирович,professional,10,ООО «Первый КМЦ»,2024,,2024,2024,1,end_at_collection_year,0
VSEH,Гребенюк Михаил Сергеевич,professional,0,ПАО «ВИ.ру»,2024,,2024,2024,1,end_at_collection_year,1
VSEH,Гребенюк Михаил Сергеевич,professional,1,АНО «Центр дополнительного образования «Резалтинг»,2021,,2021,2022,2,end_from_next_start,0
VSEH,Гребенюк Михаил Сергеевич,professional,2,ООО «Резалтинг»,2022,,2022,2023,2,end_from_next_start,0
VSEH,Гребенюк Михаил Сергеевич,professional,3,ООО «СПБ»,2023,,2023,2024,2,end_at_collection_year,0
VSEH,Гребенюк Михаил Сергеевич,professional,4,ООО «Стройинвест»,2024,,2024,2024,1,end_at_collection_year,0
VSEH,Гребенюк Михаил Сергеевич,professional,5,АНО «Поколение»,2024,,2024,2024,1,end_at_collection_year,0
VSEH,Грунин Дмитрий,professional,0,ПАО «ВИ.ру» / ВсеИнструменты.ру,2024,,2024,2024,1,end_at_collection_year,1
VSEH,Грунин Дмитрий,professional,1,Авито Услуги,,2024,,2024,0,missing_dates_excluded,0
VSEH,Агранович Мария,professional,0,ООО «ВсеИнструменты.ру»,,,,,0,missing_dates_excluded,1
VSEH,Куприянов Иван,professional,0,ООО «ВсеИнструменты.ру»,,,,,0,missing_dates_excluded,1
VSEH,Гришков Сергей,professional,0,ВсеИнструменты.ру,,,,,0,missing_dates_excluded,1
VSEH,Денисенко Сергей,professional,0,ВсеИнструменты.ру,,,,,0,missing_dates_excluded,1
VSEH,Алеева Гульнара Ринатовна,professional,0,ПАО «ВИ.ру»,2024,,2024,2024,1,end_at_collection_year,1
VSEH,Алеева Гульнара Ринатовна,professional,1,ООО «ВсеИнструменты.ру»,2022,2024,2022,2024,3,,1
VSEH,Алеева Гульнара Ринатовна,professional,2,Eversheds Sutherland (Birch Legal),2017,2022,2017,2022,6,,0
VSMO,Трифонов Дмитрий Валериевич,professional,0,ПАО «Корпорация ВСМПО-АВИСМА»,2023,,2023,2024,2,end_at_collection_year,1
VSMO,Трифонов Дмитрий Валериевич,professional,1,ПАО «Корпорация ВСМПО-АВИСМА»,2024,,2024,2024,1,end_at_collection_year,1
VSMO,Трифонов Дмитрий Валериевич,professional,2,Филиал «Ависма» ПАО «Корпорация ВСМПО-АВИСМА»,2012,2023,2012,2023,12,,0
VSMO,Чемезов Сергей Викторович,professional,0,ПАО «Корпорация ВСМПО-АВИСМА»,2024,,2024,2024,1,end_at_collection_year,1
VSMO,Чемезов Сергей Викторович,professional,1,ГК «Ростех»,2007,,2007,2024,18,end_at_collection_year,0
VSMO,Чемезов Сергей Викторович,research,0,МГИМО,,,,,0,missing_dates_excluded,
VSMO,Шелков Михаил Евгеньевич,professional,0,ПАО «Корпорация ВСМПО-АВИСМА»,2007,,2007,2010,4,end_from_next_start,1
VSMO,Шелков Михаил Евгеньевич,professional,1,ООО «ПРОМИНВЕСТ»,2001,2010,2001,2010,10,,0
VSMO,Шелков Михаил Евгеньевич,professional,2,ООО «ПРОМИНВЕСТ»,2010,,2010,2024,15,end_at_collection_year,0
VSMO,Белясова Анна Владимировна,professional,0,ПАО «Корпорация ВСМПО-АВИСМА»,2024,,2024,2024,1,end_at_collection_year,1
VSMO,Белясова Анна Владимировна,professional,1,ООО «Промышленные инвестиции»,2023,,2023,2024,2,end_at_collection_year,0
VSMO,Вишневский Илья Игоревич,professional,0,ПАО «Корпорация ВСМПО-АВИСМА»,2024,,2024,2024,1,end_at_collection_year,1
VSMO,Вишневский Илья Игоревич,professional,1,Alcoa Russia,2011,2014,2011,2014,4,,0
VSMO,Вишневский Илья Игоревич,professional,2,Арконик Россия,2016,,2016,2024,9,end_at_collection_year,0
VSMO,Вищаненко Антон Владимирович,professional,0,ПАО «Корпорация ВСМПО-АВИСМА»,2021,,2021,2024,4,end_at_collection_year,1
VSMO,Вищаненко Антон Владимирович,professional,1,ПАО «Уралкалий»,2014,2021,2014,2021,8,,0
VSMO,Вищаненко Антон Владимирович,professional,2,НМТП,2012,2013,2012,2013,2,,0
VSMO,Вищаненко Антон Владимирович,professional,3,ОАО «ОХК «Уралхим»,2007,2010,2007,2010,4,,0
VSMO,Вищаненко Антон Владимирович,professional,4,ОАО «Мечел»,2006,2007,2006,2007,2,,0
VSMO,Вищаненко Антон Владимирович,professional,5,«Вимм-Билль-Данн»,2000,2006,2000,2006,7,,0
VSMO,Вищаненко Антон Владимирович,research,0,Санкт-Петербургский университет экономики и финансов,,2006,,2006,0,missing_dates_excluded,
VSMO,Леликов Дмитрий Юрьевич,professional,0,ПАО «Корпорация ВСМПО-АВИСМА»,2024,,2024,2024,1,end_at_collection_year,1
VSMO,Леликов Дмитрий Юрьевич,professional,1,ГК «Ростех»,2016,,2016,2024,9,end_at_collection_year,0
VSMO,Леликов Дмитрий Юрьевич,professional,2,ОПК «Оборонпром»,2004,2016,2004,2016,13,,0
VSMO,Мельников Николай Константинович,professional,0,ПАО «Корпорация ВСМПО-АВИСМА»,2013,,2013,2023,11,end_from_next_start,1
VSMO,Мельников Николай Константинович,professional,1,ПАО «Корпорация ВСМПО-АВИСМА»,2023,2023,2023,2023,1,,1
VSMO,Мельников Николай Константинович,research,0,ПАО «Корпорация ВСМПО-АВИСМА»,,2012,,2012,0,missing_dates_excluded,
VSMO,Бабин Владимир Семенович,professional,0,Филиал «Ависма» ПАО «Корпорация ВСМПО-АВИСМА»,2023,2026,2023,2024,2,end_capped_at_collection_year,0
VSMO,Бабин Владимир Семенович,professional,1,Филиал «Ависма» ПАО «Корпорация ВСМПО-АВИСМА»,,2023,,2023,0,missing_dates_excluded,0
VSMO,Варфоломеев Владислав Игоревич,professional,0,ООО «АВИТРАНС»,2022,,2022,2024,3,end_at_collection_year,0
VSMO,Ледер Олег Оттович,professional,0,ПАО «Корпорация ВСМПО-АВИСМА»,,2022,,2022,0,missing_dates_excluded,1
VSMO,Ледер Михаил Оттович,professional,0,ПАО «Корпорация ВСМПО-АВИСМА»,,,,,0,missing_dates_excluded,1
VSMO,Ледер Михаил Оттович,professional,1,Уральский федеральный университет,,,,,0,missing_dates_excluded,0
VSMO,Ледер Михаил Оттович,research,0,ПАО «Корпорация ВСМПО-АВИСМА»; Уральский федеральный университет,2020,2022,2020,2022,3,,
VSMO,Сбытов Максим Александрович,professional,0,ПАО «Корпорация ВСМПО-АВИСМА»,2023,,2023,2024,2,end_at_collection_year,1
VSMO,Мельников Александр Константинович,professional,0,ПАО «Корпорация ВСМПО-АВИСМА»,2024,,2024,2024,1,end_at_collection_year,1
VSMO,Мельников Александр Константинович,professional,1,ОАО «Корпорация ВСМПО-АВИСМА»,,2012,,2012,0,missing_dates_excluded,1
VSMO,Болотникова Юлия Владимировна,professional,0,ПАО «Корпорация ВСМПО-АВИСМА»,2022,,2022,2024,3,end_at_collection_year,1
VSMO,Болотникова Юлия Владимировна,professional,1,ООО «Промышленные Инвестиции»,2022,,2022,2024,3,end_at_collection_year,0
VSMO,Болотникова Юлия Владимировна,professional,2,ПАО «Корпорация ВСМПО-АВИСМА»,2022,2023,2022,2023,2,,1
VSMO,Болотникова Юлия Владимировна,professional,3,ПАО «Уралкалий»,2021,2021,2021,2021,1,,0
VSMO,Болотникова Юлия Владимировна,professional,4,ООО УК «УРАЛХИМ»,2007,2021,2007,2021,15,,0
VSMO,Болотникова Юлия Владимировна,professional,5,ЗАО «Новая Аграрная Система»,2003,2005,2003,2005,3,,0
VSMO,Болотникова Юлия Владимировна,professional,6,ООО «ЛегалИнвестГруп»,2005,2007,2005,2007,3,,0
VTBR,Костин Андрей Леонидович,professional,0,Банк ВТБ (ПАО),2024,,2024,2024,1,end_at_collection_year,1
VTBR,Григоренко Дмитрий Юрьевич,professional,0,Банк ВТБ (ПАО),2024,,2024,2024,1,end_at_collection_year,1
VTBR,Сидоренко Валерий Валерьевич,professional,0,Банк ВТБ (ПАО),2024,,2024,2024,1,end_at_collection_year,1
VTBR,Решетников Максим Геннадьевич,professional,0,Банк ВТБ (ПАО),2024,,2024,2024,1,end_at_collection_year,1
VTBR,Моисеев Алексей Владимирович,professional,0,Банк ВТБ (ПАО),2024,,2024,2024,1,end_at_collection_year,1
VTBR,Шадаев Максут Игоревич,professional,0,Банк ВТБ (ПАО),2024,,2024,2024,1,end_at_collection_year,1
VTBR,Репин Игорь Николаевич,professional,0,Банк ВТБ (ПАО),2024,,2024,2024,1,end_at_collection_year,1
VTBR,Гаврилов Сергей Анатольевич,professional,0,Банк ВТБ (ПАО),2024,,2024,2024,1,end_at_collection_year,1
VTBR,Каганов Вениамин Шаевич,professional,0,Банк ВТБ (ПАО),2024,,2024,2024,1,end_at_collection_year,1
VTBR,Прокофьев Станислав Евгеньевич,professional,0,Банк ВТБ (ПАО),2024,,2024,2024,1,end_at_collection_year,1
VTBR,Прокофьев Станислав Евгеньевич,professional,1,Финансовый университет при Правительстве Российской Федерации,,,,,0,missing_dates_excluded,0
VTBR,Прокофьев Станислав Евгеньевич,research,0,Финансовый университет при Правительстве Российской Федерации,,,,,0,missing_dates_excluded,
VTBR,Осеевский Михаил Эдуардович,professional,0,Банк ВТБ (ПАО),2024,,2024,2024,1,end_at_collection_year,1
VTBR,Пьянов Дмитрий Васильевич,professional,0,Банк ВТБ (ПАО),2024,,2024,2024,1,end_at_collection_year,1
VTBR,Бортников Денис Александрович,professional,0,Банк ВТБ (ПАО),2024,,2024,2024,1,end_at_collection_year,1
VTBR,Дергунова Ольга Константиновна,professional,0,Банк ВТБ (ПАО),,,,,0,missing_dates_excluded,1
VTBR,Кулик Вадим Валерьевич,professional,0,Банк ВТБ (ПАО),2024,,2024,2024,1,end_at_collection_year,1
VTBR,Лукьяненко Валерий Васильевич,professional,0,Банк ВТБ (ПАО),2024,,2024,2024,1,end_at_collection_year,1
VTBR,Сергейчук Виталий Юрьевич,professional,0,Банк ВТБ (ПАО),2024,,2024,2024,1,end_at_collection_year,1
VTBR,Андресов Юрий Николаевич,professional,0,Банк «Открытие»,2024,,2024,2024,1,end_at_collection_year,0
VTBR,Еременко Руслан Юрьевич,professional,0,Банк ВТБ (ПАО),2024,,2024,2024,1,end_at_collection_year,1
WUSH,Чуйко Дмитрий Владимирович,professional,0,ПАО «ВУШ Холдинг»,2024,,2024,2024,1,end_at_collection_year,1
WUSH,Чуйко Дмитрий Владимирович,professional,1,ПАО «ВУШ Холдинг» / Whoosh,,,,,0,missing_dates_excluded,0
WUSH,Чуйко Дмитрий Владимирович,professional,2,АО «Авиакомпания «Сибирь»»,2018,2019,2018,2019,2,,0
WUSH,Чуйко Дмитрий Владимирович,professional,3,ООО «ВУШ»,2019,2021,2019,2021,3,,0
WUSH,Баяндин Егор Александрович,professional,0,ПАО «ВУШ Холдинг»,2024,,2024,2024,1,end_at_collection_year,1
WUSH,Баяндин Егор Александрович,professional,1,ООО «С7 Трэвел Ритэйл»,2012,2020,2012,2020,9,,0
WUSH,Баяндин Егор Александрович,professional,2,ООО «ВУШ»,2021,,2021,2024,4,end_at_collection_year,0
WUSH,Журавлев Олег Александрович,professional,0,ПАО «ВУШ Холдинг»,2024,,2024,2024,1,end_at_collection_year,1
WUSH,Журавлев Олег Александрович,professional,1,ООО «ВУШ»,,,,,0,missing_dates_excluded,0
WUSH,Журавлев Олег Александрович,professional,2,АО «Эр-Телеком Холдинг»,2019,2020,2019,2020,2,,0
WUSH,Лаврентьев Сергей Владимирович,professional,0,ПАО «ВУШ Холдинг»,2024,,2024,2024,1,end_at_collection_year,1
WUSH,Лаврентьев Сергей Владимирович,professional,1,ООО «ВУШ»,2021,,2021,2024,4,end_at_collection_year,0
WUSH,Лаврентьев Сергей Владимирович,professional,2,ООО «Сити Сайтсиинг Москоу»,2008,2019,2008,2019,12,,0
WUSH,Еремин Антон Валентинович,professional,0,ПАО «ВУШ Холдинг»,2024,,2024,2024,1,end_at_collection_year,1
WUSH,Зальцман Евгений Ефимович,professional,0,ПАО «ВУШ Холдинг»,2024,,2024,2024,1,end_at_collection_year,1
WUSH,Зальцман Евгений Ефимович,professional,1,ООО «УК Глобал Портс» (Global Ports),2012,2017,2012,2017,6,,0
WUSH,Зальцман Евгений Ефимович,professional,2,ПАО «ТрансКонтейнер»,2019,2020,2019,2020,2,,0
WUSH,Зальцман Евгений Ефимович,professional,3,Ultimate Capital,2020,,2020,2024,5,end_at_collection_year,0
WUSH,Соловьева Юлия,professional,0,ПАО «ВУШ Холдинг»,2024,,2024,2024,1,end_at_collection_year,1
WUSH,Ефремов Николай Сергеевич,professional,0,ПАО «ВУШ Холдинг»,2024,,2024,2024,1,end_at_collection_year,1
WUSH,Розанов Всеволод Валерьевич,professional,0,ПАО «ВУШ Холдинг»,2024,,2024,2024,1,end_at_collection_year,1
WUSH,Синявский Александр,professional,0,Whoosh,2024,,2024,2024,1,end_at_collection_year,0
WUSH,Камойлик Юлия,professional,0,Whoosh,2024,,2024,2024,1,end_at_collection_year,0
WUSH,Камойлик Юлия,professional,1,Whoosh,,,,,0,missing_dates_excluded,0
WUSH,Литвина Анастасия Леонидовна,professional,0,ПАО «ВУШ Холдинг»,2024,,2024,2024,1,end_at_collection_year,1
YDEX,Артём Савиновский,professional,0,МКПАО «ЯНДЕКС»,2024,,2024,2024,1,end_at_collection_year,1
YDEX,Артём Савиновский,professional,1,Яндекс,2004,,2004,2024,21,end_at_collection_year,1
YDEX,Светлана Ячевская,professional,0,МКПАО «ЯНДЕКС»,2024,,2024,2024,1,end_at_collection_year,1
YDEX,Светлана Ячевская,professional,1,Европейский университет,,,,,0,missing_dates_excluded,0
YDEX,Андрей Бетин,professional,0,МКПАО «ЯНДЕКС»,2024,,2024,2024,1,end_at_collection_year,1
YDEX,Андрей Бетин,professional,1,АНО «Россия — страна возможностей»,2024,,2024,2024,1,end_at_collection_year,0
YDEX,Александр Ивлев,professional,0,МКПАО «ЯНДЕКС»,2024,,2024,2024,1,end_at_collection_year,1
YDEX,Александр Ивлев,professional,1,EY СНГ,,,,,0,missing_dates_excluded,0
YDEX,Алексей Яковицкий,professional,0,МКПАО «ЯНДЕКС»,2024,,2024,2024,1,end_at_collection_year,1
YDEX,Алексей Яковицкий,professional,1,Yandex N.V.,2019,2024,2019,2024,6,,1
YDEX,Евгений Якушкин,professional,0,МКПАО «ЯНДЕКС»,2024,,2024,2024,1,end_at_collection_year,1
YDEX,Евгений Якушкин,professional,1,AliExpress Россия; Microsoft; McKinsey & Company; «Яков и партнеры»,,,,,0,missing_dates_excluded,0
YDEX,Павел Деньгин,professional,0,МКПАО «ЯНДЕКС»,2024,,2024,2024,1,end_at_collection_year,1
YDEX,Павел Деньгин,professional,1,Эндаумент-фонд НИУ ВШЭ,,,,,0,missing_dates_excluded,0
YDEX,Антон Сычёв,professional,0,МКПАО «ЯНДЕКС»,2024,,2024,2024,1,end_at_collection_year,1
YDEX,Антон Сычёв,professional,1,Goldman Sachs,,2022,,2022,0,missing_dates_excluded,0
YDEX,Александр Чачава,professional,0,МКПАО «ЯНДЕКС»,2024,,2024,2024,1,end_at_collection_year,1
YDEX,Александр Чачава,professional,1,LETA Capital; PRO32,,,,,0,missing_dates_excluded,0
YDEX,Алексей Кудрин,professional,0,Яндекс,2022,,2022,2024,3,end_at_collection_year,1
YDEX,Алексей Кудрин,professional,1,Счетная палата РФ,2018,2022,2018,2022,5,,0
YDEX,Алексей Кудрин,professional,2,Министерство финансов РФ,2000,2011,2000,2011,12,,0
YDEX,Алексей Кудрин,research,0,Институт социально-экономических проблем АН СССР,1988,1990,1988,1990,3,,
YDEX,Андрей Себрант,professional,0,Яндекс,,,,,0,missing_dates_excluded,1
YDEX,Андрей Себрант,research,0,Университет ИТМО,,,,,0,missing_dates_excluded,
YDEX,Александр Крайнов,professional,0,Яндекс,,,,,0,missing_dates_excluded,1
YDEX,Александр Крайнов,professional,1,Яндекс,,,,,0,missing_dates_excluded,1
YDEX,Александр Крайнов,professional,2,SPIRIT DSP / SeeStorm,,,,,0,missing_dates_excluded,0
YDEX,Константин Сидорков,professional,0,Яндекс,2024,,2024,2024,1,end_at_collection_year,1
YDEX,Константин Сидорков,professional,1,VK,,2024,,2024,0,missing_dates_excluded,0
YDEX,Даниил Шулейко,professional,0,Яндекс,2021,,2021,2024,4,end_at_collection_year,1
YDEX,Дмитрий Масюк,professional,0,Яндекс,2023,,2023,2024,2,end_at_collection_year,1
YDEX,Дмитрий Масюк,professional,1,Netcracker; Deloitte; A.T. Kearney; McKinsey,,,,,0,missing_dates_excluded,0
YDEX,Дмитрий Масюк,professional,2,Яндекс Такси / Яндекс Еда / фудтех-бизнес Яндекса,2018,2023,2018,2023,6,,0
YDEX,Роман Маресов,professional,0,Яндекс,2023,,2023,2024,2,end_at_collection_year,1
YDEX,Александр Аникин,professional,0,Яндекс Такси,,,,,0,missing_dates_excluded,0
YDEX,Александр Аникин,professional,1,Яндекс,2016,,2016,2024,9,end_at_collection_year,1
YDEX,Александр Аникин,professional,2,Uber; Wikimart,,,,,0,missing_dates_excluded,0
YDEX,Александр Балахнин,professional,0,Яндекс,2023,,2023,2024,2,end_at_collection_year,1
YDEX,Александр Балахнин,professional,1,Яндекс Маркет / бизнес-группа электронной коммерции и логистических сервисов,,2023,,2023,0,missing_dates_excluded,0
YDEX,Елена Бубнова,professional,0,Яндекс,,,,,0,missing_dates_excluded,1
YDEX,Елена Бубнова,professional,1,Яндекс,2007,,2007,2024,18,end_at_collection_year,1
YDEX,Игорь Богачёв,professional,0,Яндекс,2024,,2024,2024,1,end_at_collection_year,1
YDEX,Игорь Богачёв,professional,1,SAP; Xerox,,,,,0,missing_dates_excluded,0
YDEX,Иван Задохин,professional,0,Яндекс Маркет,2024,,2024,2024,1,end_at_collection_year,0
YDEX,Вадим Петров,professional,0,Яндекс Лавка,2023,,2023,2024,2,end_at_collection_year,0
YDEX,Евгений Анищенков,professional,0,Яндекс Еда и Деливери,2024,,2024,2024,1,end_at_collection_year,0
YDEX,Александр Дунаевский,professional,0,Кинопоиск,2024,,2024,2024,1,end_at_collection_year,0
YDEX,Александр Дунаевский,professional,1,Яндекс Плюс; Яндекс Go; Яндекс Такси; Delivery Club,,,,,0,missing_dates_excluded,0
YDEX,Александра Сагалович,professional,0,Яндекс Музыка,2021,,2021,2024,4,end_at_collection_year,0
YDEX,Виталий Григораш,professional,0,Яндекс Книги,,,,,0,missing_dates_excluded,0
YDEX,Виталий Григораш,professional,1,Читай-город — Буквоед,,,,,0,missing_dates_excluded,0
YDEX,Андрей Гевак,professional,0,Яндекс Плюс,,,,,0,missing_dates_excluded,0
YDEX,Ольга Филипук,professional,0,Яндекс Плюс и Фантех,,2025,,2024,0,missing_dates_excluded,0
YDEX,Дмитрий Субботин,professional,0,Яндекс Афиша,,,,,0,missing_dates_excluded,0
YDEX,Тембот Керефов,professional,0,Яндекс Доставка,,,,,0,missing_dates_excluded,0
YDEX,Кирилл Лунёв,professional,0,Яндекс Драйв,2022,,2022,2024,3,end_at_collection_year,0
YDEX,Павел Алёшин,professional,0,Авто.ру,,,,,0,missing_dates_excluded,0
YDEX,Павел Алёшин,professional,1,Яндекс Вертикали,,,,,0,missing_dates_excluded,0
YDEX,Александр Ганьшин,professional,0,Яндекс Погода,,,,,0,missing_dates_excluded,0
YDEX,Александр Ганьшин,professional,1,Яндекс Пробки,,,,,0,missing_dates_excluded,0
YDEX,Павел Епишин,professional,0,Яндекс Игры,,,,,0,missing_dates_excluded,0
ZAYM,Макаров Роман Сергеевич,professional,0,ООО МФК «Займер»,2018,2023,2018,2023,6,,1
ZAYM,Макаров Роман Сергеевич,professional,1,ПАО МФК «Займер»,2023,,2023,2024,2,end_at_collection_year,1
ZAYM,Макаров Роман Сергеевич,professional,2,ПАО МФК «Займер»,2024,,2024,2024,1,end_at_collection_year,1
ZAYM,Повалий Михаил Сергеевич,professional,0,ПАО МФК «Займер»,2024,,2024,2024,1,end_at_collection_year,1
ZAYM,Повалий Михаил Сергеевич,professional,1,АО «ЮниКредит Банк»,2019,2021,2019,2021,3,,0
ZAYM,Повалий Михаил Сергеевич,professional,2,СПАО «Ингосстрах»,2022,,2022,2024,3,end_at_collection_year,0
ZAYM,Мехтиев Эльман Октай оглу,professional,0,ПАО МФК «Займер»,2024,,2024,2024,1,end_from_next_start;end_capped_at_collection_year,1
ZAYM,Мехтиев Эльман Октай оглу,professional,1,Некоммерческая организация «Национальная Ассоциация Профессиональных Коллекторских Агентств»,2018,2023,2018,2023,6,,0
ZAYM,Мехтиев Эльман Октай оглу,professional,2,ООО «Кредчек»,2023,2025,2023,2024,2,end_capped_at_collection_year,0
ZAYM,Мехтиев Эльман Октай оглу,professional,3,Ассоциация развития финансовой грамотности,2025,,2025,2024,0,after_collection_year_excluded,0
ZAYM,Грязнова Оксана Николаевна,professional,0,ООО МФК «Займер»,2019,2023,2019,2023,5,,1
ZAYM,Грязнова Оксана Николаевна,professional,1,ПАО МФК «Займер»,2023,,2023,2024,2,end_at_collection_year,1
ZAYM,Грязнова Оксана Николаевна,professional,2,ПАО МФК «Займер»,2024,,2024,2024,1,end_at_collection_year,1
ZAYM,Заводсков Андрей Дмитриевич,professional,0,ООО МФК «Займер»,2022,2022,2022,2022,1,,1
ZAYM,Заводсков Андрей Дмитриевич,professional,1,ООО «РобоФинанс»,2022,2022,2022,2022,1,,0
ZAYM,Заводсков Андрей Дмитриевич,professional,2,ООО МФК «Займер»,2022,2023,2022,2023,2,,1
ZAYM,Заводсков Андрей Дмитриевич,professional,3,ПАО МФК «Займер»,2023,,2023,2024,2,end_at_collection_year,1
ZAYM,Заводсков Андрей Дмитриевич,professional,4,ПАО МФК «Займер»,2024,,2024,2024,1,end_at_collection_year,1
ZAYM,Ляшенко Павел Андреевич,professional,0,ООО «РобоФинанс»,2017,2024,2017,2024,8,,0
ZAYM,Ляшенко Павел Андреевич,professional,1,ООО «ФинТехРобот»,2024,,2024,2024,1,end_at_collection_year,0
ZAYM,Ляшенко Павел Андреевич,professional,2,ПАО МФК «Займер»,2024,,2024,2024,1,end_at_collection_year,1
ZAYM,Борейко Александр Сергеевич,professional,0,ПАО МФК «Займер»,2024,,2024,2024,1,end_at_collection_year,1
ZAYM,Борейко Александр Сергеевич,professional,1,ПАО МФК «Займер»,2024,,2024,2024,1,end_at_collection_year,1
ZAYM,Матвеева Татьяна Васильевна,professional,0,ООО МФК «Займер»,2019,2023,2019,2023,5,,1
ZAYM,Матвеева Татьяна Васильевна,professional,1,ПАО МФК «Займер»,2023,,2023,2024,2,end_at_collection_year,1
ZAYM,Матвеева Татьяна Васильевна,professional,2,ПАО МФК «Займер»,2024,,2024,2024,1,end_at_collection_year,1
ZAYM,Родионов Станислав Николаевич,professional,0,ООО МФК «Займер»,2020,2022,2020,2022,3,,1
ZAYM,Родионов Станислав Николаевич,professional,1,ООО «Робофинанс»,2022,,2022,2023,2,end_from_next_start,0
ZAYM,Родионов Станислав Николаевич,professional,2,ООО МФК «Займер»,2022,2023,2022,2023,2,,1
ZAYM,Родионов Станислав Николаевич,professional,3,ПАО МФК «Займер»,2023,,2023,2024,2,end_at_collection_year,1
ZAYM,Родионов Станислав Николаевич,professional,4,ПАО МФК «Займер»,2024,,2024,2024,1,end_at_collection_year,1
ZAYM,Сныткин Алексей Викторович,professional,0,ПАО МФК «Займер»,2024,2025,2024,2024,1,end_capped_at_collection_year,1
ZAYM,Сныткин Алексей Викторович,professional,1,ООО «Ай Ди Эф Лаб»,2019,2023,2019,2023,5,,0
ZAYM,Сныткин Алексей Викторович,professional,2,ООО «РобоФинанс»,2023,,2023,2024,2,end_at_collection_year,0
ZAYM,Сныткин Алексей Викторович,professional,3,ООО МФК «Полет Финанс»,2023,,2023,2024,2,end_at_collection_year,0
ZAYM,Сныткин Алексей Викторович,professional,4,ООО МФК «Займер»,2023,2023,2023,2023,1,,1
ZAYM,Сныткин Алексей Викторович,professional,5,ПАО МФК «Займер»,2023,2025,2023,2024,2,end_capped_at_collection_year,1
ZAYM,Сныткин Алексей Викторович,professional,6,ПАО МФК «Займер»,2025,,2025,2024,0,after_collection_year_excluded,1
